date,total_payout,premium,loss_ratio
2018-03-26,127399982524.66,147397002465.974,0.864332248235982
2018-03-27,85512198826.36,146435970719.096,0.583956239757483
2018-03-28,155027385871.61,146388339802.045,1.05901457780891
2018-03-29,162403205383.67,146775135696.62,1.10647627483276
2018-03-30,126379581233.4,147241437707.805,0.858315316671898
2018-03-31,218895652396.28,147483250061.657,1.48420686623578
2018-04-01,247062907957.68,148666171575.301,1.66186365963248
2018-04-02,140339298019.91,150074267384.062,0.935132321257722
2018-04-03,108904159231.17,150695797836.584,0.722675487934087
2018-04-04,142653638847.11,150933475945.502,0.945142473884444
2018-04-05,108906783983.45,151333767578.849,0.719646287314605
2018-04-06,132238751814.19,151033254533.33,0.8755604997243
2018-04-07,190883687695.29,151369676477.794,1.26104311072696
2018-04-08,135685954852.17,152173497441.532,0.891652995649282
2018-04-09,179679318815.41,151883456990.67,1.18300782965749
2018-04-10,76789065768.6301,152508877382.263,0.503505547261741
2018-04-11,95740992725.12,151361920339.15,0.632530246118688
2018-04-12,161879331277.38,150017934540.912,1.0790665247643
2018-04-13,101664464398.08,150715543870.494,0.674545317538301
2018-04-14,143294158566.15,150207899555.614,0.953972187814902
2018-04-15,229713390328.59,149975768448.9,1.53167003379521
2018-04-16,175318008812.67,151129294063.873,1.16005311808426
2018-04-17,132711444566.62,151485826469.736,0.8760650924206
2018-04-18,214429685697.78,151781067683.075,1.41275647200952
2018-04-19,147040755443.72,152534719100.307,0.963982208844045
2018-04-20,362646583100.56,152692664856.901,2.37500985027946
2018-04-21,152067257071.94,155741293752.582,0.976409360728193
2018-04-22,183868710923.78,156286846667.976,1.17648231341183
2018-04-23,381295306791.08,156894948689.446,2.43025865380668
2018-04-24,405845457522.55,160192666797.255,2.533483371222
2018-04-25,223497943713.04,163688715935.031,1.36538393887669
2018-04-26,91887719191.59,164806209248.679,0.557550104516628
2018-04-27,137393748993.96,164423433637.169,0.83560929214716
2018-04-28,135587110251.49,164482348416.513,0.824326206166195
2018-04-29,126255188436.24,163981279262.373,0.769936598885959
2018-04-30,135852361226.34,163557667124.144,0.830608332920433
2018-05-01,160751731136.76,163839573475.585,0.981153256973751
2018-05-02,218851561059.77,161375651691.033,1.35616221385602
2018-05-03,432504420578.28,162535822375.551,2.66097906453474
2018-05-04,154695775295.39,166477936363.005,0.92922689141266
2018-05-05,135273636092.59,167084046988.162,0.809614314059403
2018-05-06,189947726113.04,165882912744.707,1.14507108037926
2018-05-07,152343081054.77,166154154956.53,0.916877950446842
2018-05-08,140227147393.99,166589618723.921,0.841752015930718
2018-05-09,132321557497.97,166944842274.572,0.792606442314297
2018-05-10,105403115842.91,167077056982.158,0.630865289027479
2018-05-11,116853597723.13,167167175386.891,0.699022385541209
2018-05-12,212259234109.47,166632992379.115,1.27381277308246
2018-05-13,150969837122.63,167018103792.338,0.90391301119272
2018-05-14,248500002467.37,167075476135.879,1.48735175391791
2018-05-15,270883222883.65,168524506774.777,1.60738178718226
2018-05-16,196758567084.05,169727434536.684,1.15926201100697
2018-05-17,263738392744.47,170115607049.243,1.5503480093283
2018-05-18,148857209859.95,171816148027.978,0.866374968642126
2018-05-19,173770746355.27,171434472902.332,1.01362779266845
2018-05-20,381371769065.23,170238110727.627,2.2402255724948
2018-05-21,223624193802.11,172997103871.025,1.29264703742572
2018-05-22,199598109024.63,173800766006.078,1.14843054844563
2018-05-23,307140416612.04,173720925661.899,1.76801047681387
2018-05-24,384217181429.8,175844876965.42,2.18497796501264
2018-05-25,130579804321.25,178639499209.46,0.730968262333414
2018-05-26,228911532102.14,178401769452.372,1.28312366410274
2018-05-27,243718351309.96,178214713637.296,1.36755459936927
2018-05-28,159221697174.5,178589322700.439,0.891552164300293
2018-05-29,250616787393.26,178313826699.508,1.40548151555065
2018-05-30,134567050521,179547836366.606,0.749477427543248
2018-05-31,130877466101.57,179537194705.636,0.728971321603599
2018-06-01,407913226200.04,179818909773.108,2.26846679648284
2018-06-02,149458318293.35,183053105466.598,0.816475185779471
2018-06-03,130082855608.52,181712061262.951,0.715873534780281
2018-06-04,184233794348.42,181409066647.982,1.0155710392685
2018-06-05,108331525772.09,182088797774.608,0.594937893467693
2018-06-06,182205437340.7,181968299103.83,1.00130318433506
2018-06-07,249211067656.64,182855673103.406,1.36288398072129
2018-06-08,114904534105.53,184340779146.257,0.623326724763185
2018-06-09,200887093127.77,184241811738.937,1.09034475525251
2018-06-10,154914138200.67,183741737146.77,0.843108052673557
2018-06-11,180997550322.82,183510920965.559,0.986303972376604
2018-06-12,132134076874.54,184375214877.451,0.716658564777081
2018-06-13,141132482419.14,184417478956.362,0.765287993404008
2018-06-14,121482040000.68,184416540605.632,0.658737223904795
2018-06-15,96326738071.8499,184555177687.249,0.521940046759823
2018-06-16,174393923632.59,184085086029.891,0.9473549834682
2018-06-17,212923324309.1,183174385782.26,1.1624077427627
2018-06-18,118934695264.2,183305217140.679,0.648834207336949
2018-06-19,129009355905.6,183204439911.388,0.704182474878878
2018-06-20,180885608672.27,183722263209.951,0.984560093653762
2018-06-21,89500461307.2999,184030099195.673,0.486335994483909
2018-06-22,110823082067.82,183162209385.24,0.605054298262634
2018-06-23,273291546508.36,182977012966.602,1.49358404139127
2018-06-24,128363031583.43,183624583134.603,0.699051452655093
2018-06-25,119142448878.86,182211489368.243,0.653869024900386
2018-06-26,192482817107.54,181959145926.087,1.0578353515999
2018-06-27,115681750295.03,182954129948.425,0.632299201595727
2018-06-28,106458018937.58,182633036037.091,0.582906692280796
2018-06-29,152077377409.84,182603884072.259,0.832826630071356
2018-06-30,216561179424.34,182840058186.493,1.18442961335886
2018-07-01,101065158023.57,183145742611.839,0.551829142093511
2018-07-02,128960304611.11,182733590268.641,0.705728511225124
2018-07-03,157136337385.52,182129792480.495,0.86277118776352
2018-07-04,155430720405.65,183086307618.791,0.848947812794807
2018-07-05,100207446952.56,183796899614.988,0.545207493502184
2018-07-06,146353094192.98,183062710515.883,0.799469721498973
2018-07-07,120079408111.64,183594718013.441,0.65404609354202
2018-07-08,125231445017.78,183318351936.602,0.683136432849286
2018-07-09,87518817448.34,182074519254.33,0.480675812336429
2018-07-10,117705296641.95,181029290785.707,0.650200285992851
2018-07-11,205003780027.41,180850646167.556,1.13355293094986
2018-07-12,122738841018.1,180738433004.814,0.679096520742939
2018-07-13,167730469696.07,180449124499.747,0.929516672142708
2018-07-14,315521009199.03,178128694578.265,1.77130927695874
2018-07-15,312597887978.97,180074572579.778,1.73593574873255
2018-07-16,97540861421.72,181607062782.816,0.537098392138907
2018-07-17,79016449432.82,178229033671.276,0.443342186203833
2018-07-18,79608058036.2801,174338212146.398,0.456630001284115
2018-07-19,426799586114.16,172625237316.913,2.47240549961199
2018-07-20,147975813344.08,176612283351.705,0.837856861005535
2018-07-21,138869439356.86,176738260308.255,0.785735013542928
2018-07-22,154979862640.6,176777335654.747,0.876695318812146
2018-07-23,212757696845.59,177119296061.942,1.20121128288126
2018-07-24,178175442696.2,178034835771.695,1.00078977197859
2018-07-25,197625339123.32,178242260909.307,1.10874569316575
2018-07-26,118830322579.02,177989567791.016,0.667625210026596
2018-07-27,331582601200.37,174255352338.644,1.9028546139345
2018-07-28,442198484218.29,176361147885.132,2.50734637147125
2018-07-29,107285889690.33,180015015124.723,0.59598300517319
2018-07-30,80195696375.99,179030945643.501,0.447943209414094
2018-07-31,128651314187.68,178172048206.849,0.722062273417447
2018-08-01,626806939367.23,178034240668.678,3.52071004438814
2018-08-02,309472307334.19,183920971405.217,1.68263741198037
2018-08-03,118982460045.66,186350366542.018,0.638487931381836
2018-08-04,156722641589.54,186375710141.096,0.840896281338878
2018-08-05,153310444945.83,185714560230.144,0.825516560230076
2018-08-06,105860292429.47,185742424608.992,0.569930604988696
2018-08-07,240486300108.88,184044332822.826,1.3066759319364
2018-08-08,503571413437.96,183682464694.555,2.74153231924096
2018-08-09,159621412187.62,187334998579.721,0.852064021126798
2018-08-10,190446163358.96,186095510715.949,1.02337860073181
2018-08-11,163078424051.22,186590617305.223,0.873990484657963
2018-08-12,186883020135.33,186463327753.984,1.00225080387871
2018-08-13,141948846976.38,184147985504.819,0.770841161184822
2018-08-14,110677900258.02,183175659947.369,0.604217286782646
2018-08-15,155959189975.43,182117086033.481,0.856367699331395
2018-08-16,102283804456.1,180317309525.902,0.567243404002803
2018-08-17,153067900948.7,176960959800.025,0.864981186368307
2018-08-18,140482149851.02,177228675236.066,0.792660384466
2018-08-19,141949917652.37,176175944494.981,0.805728148977873
2018-08-20,188999959513.39,174964415522.867,1.08021942032372
2018-08-21,86383861480.44,175318918645.949,0.492724128962313
2018-08-22,143032768320.07,173363764766.035,0.82504419832542
2018-08-23,193591735629.52,173464547120.786,1.11603055980494
2018-08-24,122944592557.88,174211145567.547,0.705721738740365
2018-08-25,169513382613.72,170818661833.712,0.992358684900235
2018-08-26,180059215909.28,171057412599.43,1.05262445615806
2018-08-27,133441166805.56,171652369269.677,0.777391930989982
2018-08-28,121112443999.85,171047695132.262,0.708062414440604
2018-08-29,161134228922.8,171199848920.688,0.941205438781951
2018-08-30,185358115773.93,170949001201.427,1.08428896613163
2018-08-31,105227411602.02,170188847012.348,0.618297928737865
2018-09-01,118629548206.11,170073643173.02,0.697518710088577
2018-09-02,155210866421.22,169094386685.857,0.917894848334437
2018-09-03,339380596376.04,169097919164.674,2.00700634314453
2018-09-04,156149042148.78,170983431617.688,0.913240778193778
2018-09-05,173040835887.88,171269324061.429,1.01034342744189
2018-09-06,86080540116.2901,171649185412.247,0.501491107630669
2018-09-07,106497896976.16,171227738985.052,0.621966380023607
2018-09-08,168402058749.33,171348824210.104,0.982802534687018
2018-09-09,115634911833.63,171277492485.303,0.675131975344352
2018-09-10,119246775441.81,170119297098.69,0.700959723414754
2018-09-11,130050308054.85,170123012338.9,0.764448655516271
2018-09-12,510620379213.62,170135404626.391,3.00125879345876
2018-09-13,103868072125.45,174060818561.407,0.596734365516076
2018-09-14,57458086575.68,174231861547.337,0.329779444846654
2018-09-15,132652714816.03,173596563981.955,0.764143666056774
2018-09-16,202677437638.81,171922292176.094,1.17888980581538
2018-09-17,120145338913.72,172806987486.277,0.695257412107027
2018-09-18,298107085921.25,172818926653.358,1.72496781280904
2018-09-19,369308349774.62,174076358424.95,2.12153076452275
2018-09-20,221967804503.34,177095722704.469,1.25337755826973
2018-09-21,121380067807.14,178470839199.3,0.680111486849648
2018-09-22,171012873494.32,178105395037.363,0.960177952264978
2018-09-23,147175628029.39,177563153300.1,0.828863563718356
2018-09-24,141125980145.76,178112087466.836,0.792343642438287
2018-09-25,98688782003.96,178256916937.487,0.553632272449597
2018-09-26,117153834969.11,177561112706.754,0.659794440253323
2018-09-27,141779428300.17,177105435499.176,0.800536854786873
2018-09-28,97046715454.7,177600340039.029,0.546433162421724
2018-09-29,139695988321.5,177013359339.764,0.789183307082288
2018-09-30,334495004519.21,177246890056.548,1.88716994928653
2018-10-01,224854793046.94,179738122907.755,1.25101335993333
2018-10-02,183604668316.17,181373074998.215,1.01230388423407
2018-10-03,85755325637.83,182157591327.67,0.470775469815975
2018-10-04,73716291578.35,180737966870.651,0.407862790838555
2018-10-05,125991850409.39,180154365091.606,0.699354968975216
2018-10-06,252916759932.33,179657476766.765,1.40777196966131
2018-10-07,197551889669.28,178912188085.018,1.10418352032788
2018-10-08,99790614618.79,177542592867.046,0.562065772541235
2018-10-09,89346256282.89,177569375643.201,0.50316252990841
2018-10-10,279321503436.56,177692349534.274,1.57193882667798
2018-10-11,105468519858.33,180069890550.944,0.585708801930392
2018-10-12,90725472554.89,176244520714.565,0.514770457470412
2018-10-13,180926433532.07,175562969038.503,1.03055008993605
2018-10-14,96878944392.03,176063647540.589,0.550249558868738
2018-10-15,76357650314.93,175371969942.392,0.435403960735647
2018-10-16,110154025458.18,173748159864.646,0.633986717004617
2018-10-17,153917573507.05,172938381088.003,0.890013960687689
2018-10-18,118136776900.22,172418050544.952,0.685176386850634
2018-10-19,130263934817.32,172409794048.775,0.755548346519502
2018-10-20,204566676593.4,170013143258.501,1.20324036526024
2018-10-21,119926689974.83,167184193167.729,0.717332707731004
2018-10-22,165891719130.78,167334678885.401,0.99137680387453
2018-10-23,180883149869.95,168354869632.482,1.07441590650046
2018-10-24,137065998864.58,168976677200.128,0.811153356402229
2018-10-25,156228069572.65,163146427908.43,0.957594178282207
2018-10-26,129538149309.08,161322091744.602,0.802978364018234
2018-10-27,396352897008.01,161447754712.024,2.45499169508421
2018-10-28,182596842910.28,164300495847.958,1.11135904957495
2018-10-29,119566703117.67,164649143442.773,0.726190860259337
2018-10-30,149240462123.54,164812314998.585,0.905517661861747
2018-10-31,181723580130.49,163726055022.569,1.10992462443098
2018-11-01,171166453937.39,159894533197.48,1.07049597328002
2018-11-02,132163978331.27,160031974170.691,0.82585982592643
2018-11-03,216401766669.84,159338138634.647,1.35812912416428
2018-11-04,148503325203.8,159972940332.488,0.928302779802323
2018-11-05,175361662783.01,159516039202.351,1.09933561327058
2018-11-06,93708584835.9899,159913810819.096,0.585994320040302
2018-11-07,123640202290.34,159711795159.31,0.774145717709895
2018-11-08,335924766740.93,159327045305.916,2.10839764269736
2018-11-09,152597619746.57,162108485333.117,0.941330242109148
2018-11-10,115883107039.76,162102886747.377,0.714873802465674
2018-11-11,175899797264.61,161810040999.624,1.08707590813242
2018-11-12,219220927977.22,162214206233.103,1.35142866378915
2018-11-13,97832215486.54,162573979667.196,0.60177044128963
2018-11-14,159186522137.44,162710269595.84,0.978343423146229
2018-11-15,176374168273.83,162902576188.904,1.08269723168346
2018-11-16,86914270783.7601,162697605148.956,0.53420743780578
2018-11-17,180365596657.11,162268672746.883,1.1115244464867
2018-11-18,85571478455.66,162397865771.209,0.526924895529205
2018-11-19,476710271504.24,161273011753.904,2.9559209338242
2018-11-20,156044145839.99,165359548714.602,0.943665769851065
2018-11-21,114476930150.83,165775402307.937,0.690554379944635
2018-11-22,124341597903.74,165219958274.938,0.752582189234225
2018-11-23,117292736086.25,164493571157.435,0.713053618210952
2018-11-24,140679911699.74,164637205972.724,0.854484324296945
2018-11-25,195905832054.8,164899710300.029,1.18803017724141
2018-11-26,99720123883.9699,165384174176.619,0.602960497160239
2018-11-27,91955600584.93,162531073313.618,0.565772431758285
2018-11-28,235414817526.76,161766865675.954,1.45527216926077
2018-11-29,115036611033.73,162509413076.416,0.707876601459613
2018-11-30,117681493860.27,162854128206.386,0.722619040465045
2018-12-01,143155708216.67,162987266264.53,0.87832449428489
2018-12-02,150155144316.29,162686714472.475,0.922971152273747
2018-12-03,154548660371.24,163097669621.078,0.94758349846629
2018-12-04,120746306418.92,163517930155.952,0.73842853993908
2018-12-05,95465232174.11,163407168231.715,0.584216917820511
2018-12-06,92138332840.94,158464845052.673,0.581443365626702
2018-12-07,98065296642.8901,158325205299.286,0.619391564707053
2018-12-08,228371810063.52,158808624466.753,1.43803153531709
2018-12-09,136783206278.45,159948137505.413,0.855172235274204
2018-12-10,120648386017.44,159163682370.171,0.758014543398444
2018-12-11,221336866932.22,159169671026.168,1.39057186903297
2018-12-12,306003768187.98,158255739847.727,1.93360296746529
2018-12-13,141589123786.48,157502113876.457,0.898966498300721
2018-12-14,74676627972.86,156545224820.304,0.47702910170898
2018-12-15,422015126915.44,155989231488.944,2.70541192419011
2018-12-16,212974240728.33,158977353553.481,1.33965144071092
2018-12-17,156384429166.84,159760670371.325,0.978866881337955
2018-12-18,88456378858.53,159942318573.957,0.55305174795017
2018-12-19,84569934140.54,159820504250.797,0.529155720894418
2018-12-20,222276389526.85,159432600669.505,1.39417150942433
2018-12-21,102861252081.56,160390897826.965,0.641316019020792
2018-12-22,316380102153.93,160460118501.095,1.97170552477046
2018-12-23,130603873694.78,162563500808.623,0.803402196957682
2018-12-24,109032307851.81,160136225441.666,0.680872223327932
2018-12-25,138846007842.7,158757386332.2,0.874579829326269
2018-12-26,112926105567.91,158224545136.087,0.713707885655689
2018-12-27,292169011139.25,158548006801.922,1.84277946492424
2018-12-28,90093131799.8001,161148634415.742,0.55906854021097
2018-12-29,152077676560.36,160721268718.009,0.946219985527776
2018-12-30,170665693929.72,159520803439.771,1.06986480916363
2018-12-31,118798979063.18,159200729680.967,0.74622132261108
2019-01-01,109730289727.45,159427019733.876,0.688279125524755
2019-01-02,125036251590.71,159669686798.692,0.783093235150844
2019-01-03,159182676446.78,157832957610.051,1.00855156525713
2019-01-04,173736818582.34,158472411855.152,1.096322170834
2019-01-05,132296995355.78,159460642165.002,0.829652969908934
2019-01-06,117791603492.42,158881720281.951,0.741379205130629
2019-01-07,104846325882.41,159130680509.337,0.658869336490132
2019-01-08,109197496558.33,159469831408.95,0.684753320383843
2019-01-09,114345649790.36,159458444160.142,0.717087454305801
2019-01-10,142757710504.11,158987349830.181,0.897918675017813
2019-01-11,78699563532.94,159280456182.609,0.494094287642635
2019-01-12,175009776804.3,158666594619.699,1.10300329583409
2019-01-13,185325250694.07,158314726765.067,1.17061283230514
2019-01-14,192860757163.93,159093281059.344,1.21224954240519
2019-01-15,110636609440.97,159414341035.929,0.694019174950104
2019-01-16,147019884730.25,158578072697.489,0.927113580265994
2019-01-17,106742439815.15,158696571338.747,0.672619697544077
2019-01-18,99049358881.8899,158107456698.777,0.626468611601267
2019-01-19,104890785912.07,157744494907.977,0.664941023604406
2019-01-20,178810705134.38,154274707871.12,1.15904095753503
2019-01-21,117468271483.02,154229634802.36,0.761645267678627
2019-01-22,100986115852.33,154204653473.376,0.65488371185741
2019-01-23,354086310826.35,153630196970.147,2.30479630834005
2019-01-24,253073975672.51,155682134240.336,1.62558136106886
2019-01-25,92610248573.36,156657223784.801,0.591164877915734
2019-01-26,177778075626.58,156186346049.588,1.13824338761428
2019-01-27,197421281078.7,155726540203.835,1.26774331992665
2019-01-28,102385057187.51,156308896821.393,0.65501746394193
2019-01-29,227442079677.29,155440127707.161,1.46321341234212
2019-01-30,132236115784.83,157032193121.939,0.842095580249242
2019-01-31,122515812068.1,157134525425.445,0.779687415839303
2019-02-01,74559156347.55,154593942631.72,0.4822902830363
2019-02-02,111281412272.29,153664913305.542,0.724182312529746
2019-02-03,149495636142.3,153610131224.976,0.973214689357629
2019-02-04,103914805009.51,153295795973.52,0.67787119894312
2019-02-05,95654761876.88,151923104033.429,0.629626168353119
2019-02-06,140205463938.92,151897181966.647,0.923028736436373
2019-02-07,88057893651.2,151671216988.093,0.580584077848554
2019-02-08,98709484555.45,150619832766.395,0.655355159692311
2019-02-09,116538872343.01,150760251977.963,0.773007943499888
2019-02-10,111433101972.15,150000410021.843,0.742885315819626
2019-02-11,102141475214.13,150308286492.277,0.67954653464417
2019-02-12,145236086965.58,145849134155.49,0.995796703261492
2019-02-13,127433453966.14,145720466787.937,0.874506215736942
2019-02-14,148538747244.03,145874711119.072,1.01826249460596
2019-02-15,160021908430.03,146162772420.742,1.09481987635944
2019-02-16,146969102148.13,146671453043.883,1.00202935948387
2019-02-17,146311662558.99,146746324358.744,0.997038005540147
2019-02-18,145180425382.47,146155917579.032,0.993325674302344
2019-02-19,94433391988.75,146697111644.491,0.643730411118129
2019-02-20,147212528338.5,146726609161.203,1.00331173179885
2019-02-21,106945863839.67,145676581908.962,0.734132160696249
2019-02-22,102152237848.51,145580263489.985,0.701690156341404
2019-02-23,109852026112.73,145395391394.607,0.755539945654735
2019-02-24,218657726210.36,144998918988.607,1.50799556117753
2019-02-25,157658655975.29,145814425915.918,1.08122810884434
2019-02-26,140778105728.1,145851449673.109,0.965215676934447
2019-02-27,148399961883.56,146089923474.408,1.01581244177704
2019-02-28,169565371934.23,146720098828.092,1.15570650025873
2019-03-01,159830821644.66,147641849293.489,1.08255770575551
2019-03-02,127630785985.24,148377153162.557,0.86017815590121
2019-03-03,254568998545.84,147177855256.864,1.72966916865007
2019-03-04,97349919468.34,148580067069.571,0.655201746697
2019-03-05,117068927637.02,148302704372.557,0.78939172506879
2019-03-06,125578118418.93,147061419380.948,0.853916132100101
2019-03-07,194698775409.24,144913494978.935,1.34355171985564
2019-03-08,95723765881.92,145545752736.349,0.657688486831492
2019-03-09,124931581223.1,145796313901.933,0.856891219534758
2019-03-10,132782508382.57,142259605024.644,0.933381674717628
2019-03-11,89353580956.32,141304941544.337,0.632345762149328
2019-03-12,103086260478.44,140506955256.116,0.733673719500462
2019-03-13,99955418089.33,140681120513.496,0.710510534210173
2019-03-14,105992377176.79,140864281036.696,0.752443248187085
2019-03-15,101129705961.34,139479947556.338,0.725048350914328
2019-03-16,243086237347.29,139459333912.05,1.74306179821992
2019-03-17,95895541249.9,138586787902.447,0.691952982685493
2019-03-18,216495081503.44,138173593468.58,1.56683398085518
2019-03-19,95267313276.82,139452912202.528,0.683150403761115
2019-03-20,66415017304.03,138934118219.6,0.478032452756161
2019-03-21,92096322856.81,138380414787.887,0.665530039044739
2019-03-22,76029951089.28,135998597070.239,0.559049524974237
2019-03-23,119779825562.11,135831178252.257,0.881828657479967
2019-03-24,199789428535.5,135446680026.087,1.47504116377766
2019-03-25,117788229635.34,135793391152.347,0.867407674525141
2019-03-26,171460609989.83,135781358421.063,1.26276988228476
2019-03-27,95950381944.54,136516243186.091,0.702849563577177
2019-03-28,145535644920.65,136169982833.161,1.06877919709342
2019-03-29,124990347362.95,136007518172.135,0.918995869072166
2019-03-30,197329107620.38,135427203038.571,1.45708619238174
2019-03-31,95092811338.98,136201394851.245,0.698177955099781
2019-04-01,85586148778.18,135931171135.133,0.629628569102055
2019-04-02,116083006335.21,135701883312.463,0.855426641853752
2019-04-03,198588500874.65,135783853666.95,1.46253398700664
2019-04-04,130679554887.22,136786744751.287,0.955352473113013
2019-04-05,217968477747.79,136642957184.419,1.59516803675151
2019-04-06,150088906805.52,138300920448.881,1.08523433046128
2019-04-07,122369509997.04,138004243425.086,0.886708313889395
2019-04-08,140607881349.43,137254770321.55,1.02442983234772
2019-04-09,94658047396.95,136632712276.14,0.692791980925056
2019-04-10,104929069658.52,136442491299.425,0.769035134577333
2019-04-11,102688012942.93,135941410167.619,0.755384344007566
2019-04-12,73346087774.2001,135893143181.045,0.539733543998494
2019-04-13,139030398769.2,135587151858.334,1.02539508252569
2019-04-14,200025853687.95,135993575820.919,1.47084781380667
2019-04-15,70591974415.65,136246137113.223,0.518120923729284
2019-04-16,79448447530.54,135688085957.659,0.585522649021163
2019-04-17,128265356815.12,135431685144.305,0.947085290111033
2019-04-18,103967391368.29,132743340453.695,0.783221147011568
2019-04-19,114623294166.34,130968262069.121,0.875199016581937
2019-04-20,195347928023.06,131230322135.704,1.48858834485716
2019-04-21,93247011893.35,131439487045.186,0.709429213317714
2019-04-22,115254490326.63,130199317173.932,0.885215781682349
2019-04-23,79141677079.32,130352524711.302,0.607135744049444
2019-04-24,351386272365.89,128587043727.993,2.73267245422638
2019-04-25,95228479308.39,131195974163.482,0.725849096480102
2019-04-26,55288525926.29,130871124963.961,0.422465428806508
2019-04-27,118812027953.25,130641712697.042,0.909449405556825
2019-04-28,118133537375.66,130731362883.72,0.903635782338894
2019-04-29,205918278121.14,130358004565.069,1.5796366230687
2019-04-30,117186718956.61,131572331625.922,0.890663846330457
2019-05-01,57827790010.98,131828664448.3,0.438658695762322
2019-05-02,83858392449.86,130847977853.92,0.640884130005285
2019-05-03,137970348997.28,130797983791.999,1.05483544162796
2019-05-04,162100951239.25,131265375035.354,1.23491020534235
2019-05-05,116802188489.76,131807780736.5,0.886155489737455
2019-05-06,88825058031.8599,131871698433.138,0.673571805681235
2019-05-07,107907124367.29,131713169657.158,0.819258428357361
2019-05-08,72233466828.38,131268777245.274,0.550271499013148
2019-05-09,109358535854.61,130611634541.253,0.837280202783693
2019-05-10,172191072191.5,130145203453.284,1.32306890782424
2019-05-11,255222703502.86,130290074450.444,1.95888063292138
2019-05-12,83117939953.85,131578807799.905,0.631697013703372
2019-05-13,90606249369.26,130826501578.415,0.692568006299182
2019-05-14,83221032954.72,130176809006.83,0.63929231012533
2019-05-15,115927181126.51,130043328542.139,0.891450429838431
2019-05-16,134713901415.93,129670883932.472,1.03889090079839
2019-05-17,101559082645.73,130001455808.38,0.781214964203373
2019-05-18,108308696140.93,129994394436.918,0.833179742942595
2019-05-19,255908922108.63,129976021461.064,1.96889333303137
2019-05-20,91724898713.5801,130419488078.9,0.703306691850293
2019-05-21,127960376105.57,129634562397.213,0.987085340046019
2019-05-22,89954360340.04,129481970377.897,0.694724988177931
2019-05-23,95334001857.6701,128786189407.141,0.740250195277413
2019-05-24,106639296534.69,127902482620.516,0.833754703973081
2019-05-25,161233306432.23,127269250178.73,1.26686773282472
2019-05-26,181868276647.35,127669280184.051,1.42452652968015
2019-05-27,114592588285.1,126803795399.546,0.903699987244315
2019-05-28,130367755814.63,127009065266.412,1.02644449466007
2019-05-29,109047728548.7,127167384649.479,0.857513338418312
2019-05-30,131742847554.69,126970594293.881,1.03758549991318
2019-05-31,235738728006.96,126221118962.279,1.86766469783405
2019-06-01,120829169617.37,127887963749.482,0.944804859463248
2019-06-02,177904274250.74,127839125516.08,1.39162618277112
2019-06-03,120347224740.84,128376289395.463,0.937456794456104
2019-06-04,116559805573.43,128745261345.279,0.905352199805095
2019-06-05,185716586840.13,128905660691.648,1.44071707823893
2019-06-06,107472993962.56,129926626986.3,0.827182206260863
2019-06-07,128314888330.58,129944253376.607,0.987461045766259
2019-06-08,123015462107.36,130267886500.05,0.94432684380208
2019-06-09,200519295967.66,128838472509.099,1.55636194734845
2019-06-10,104999388831.66,130083993398.596,0.807166093909241
2019-06-11,322338261824.71,128756663723.932,2.50346857787367
2019-06-12,216565560112.39,131459889301.883,1.64738888236146
2019-06-13,100188338485.39,133247395763.887,0.751897160248614
2019-06-14,191304494735.41,133343729283.275,1.43467184969008
2019-06-15,130329925517.91,134716045279.062,0.967441741983544
2019-06-16,183420295729.44,134841641707.108,1.36026448067023
2019-06-17,120103119413.69,134646771078.464,0.891986628804499
2019-06-18,368463183921.87,134674329290.111,2.73595707410682
2019-06-19,94961682861.3399,137019598027.397,0.69305182782942
2019-06-20,137364848748.16,137007827800.216,1.00260584343009
2019-06-21,117689225129.07,136910556417.21,0.859606652758266
2019-06-22,167889966884.58,136823638295.378,1.22705381157994
2019-06-23,174327872432.42,136473172334.238,1.27737832608941
2019-06-24,110055912340.17,137416446871.065,0.800893305321985
2019-06-25,363742919058.77,137707753580.136,2.64141204545246
2019-06-26,161287591024.39,140656085874.464,1.14668050103669
2019-06-27,128965512957.82,140212027423.866,0.919789231546825
2019-06-28,166707888429.71,140191622162.801,1.18914301623613
2019-06-29,178421983766.88,139581377051.872,1.2782649629583
2019-06-30,114865505504.17,139918675587.126,0.820944773970822
2019-07-01,116731086811.48,139829342200.306,0.834811098834049
2019-07-02,104869099498.77,139545094646.283,0.751506885746079
2019-07-03,145206703098.38,139666654790.352,1.03966622037553
2019-07-04,141732847733.41,140146150426.541,1.01132173307679
2019-07-05,194557879588.2,140610969888.333,1.3836607466879
2019-07-06,167598035588.24,142053967409.928,1.17981946329312
2019-07-07,164523957917.03,142394058324.44,1.15541308291226
2019-07-08,133358345761.59,141971416708.12,0.939332358961823
2019-07-09,112326499128.48,142718635414.619,0.78704857849961
2019-07-10,86375072875.03,143110040790.785,0.603557041824223
2019-07-11,70815178220.02,142611346934.355,0.496560615563196
2019-07-12,75404139293.1101,142216677730.209,0.530206024332496
2019-07-13,212979409382.72,141749783029.338,1.50250254237525
2019-07-14,168542229635.48,141959681616.952,1.18725420989781
2019-07-15,210627427919.06,142856053256.74,1.47440324100598
2019-07-16,155620620106.52,143991445370.935,1.08076295578273
2019-07-17,128231925948.37,144901908978.402,0.884956774223612
2019-07-18,109821818544.04,142245309616.289,0.772059330745512
2019-07-19,80044216421.5101,142419039845.285,0.562033113749856
2019-07-20,153620938421.19,142713750446.418,1.07642702921515
2019-07-21,135542167637.21,143128142237.703,0.946998720993007
2019-07-22,197426173617.43,143335387836.055,1.37737216606442
2019-07-23,408837778035.899,143234291353.868,2.85432890526085
2019-07-24,120209175773.47,146706327771.478,0.819386440922422
2019-07-25,86718403243.72,147448963316.27,0.588124875844083
2019-07-26,184156246997.17,147483011063.816,1.24866074857589
2019-07-27,124944451137.1,148032843182.862,0.844031962439298
2019-07-28,258044995480.38,147590503895.932,1.74838481249668
2019-07-29,142153743625.66,149271965883.915,0.952313736768288
2019-07-30,177234326902.99,149906831188.604,1.18229653377173
2019-07-31,258598560751.91,150732155028.314,1.71561642373742
2019-08-01,81981980266.2,152950787098.832,0.536002343114623
2019-08-02,112463004492.99,152624875722.78,0.736858942294977
2019-08-03,132591057751.08,151913827297.798,0.872804405692188
2019-08-04,335157110388.08,150453926753.134,2.22763950148014
2019-08-05,117335184419.28,153454393067.827,0.764625776255345
2019-08-06,151605280894.26,153772594675.565,0.985905721459159
2019-08-07,160724874829.52,154586692865.322,1.03970705272507
2019-08-08,157311502648.72,155119998742.738,1.01412779734234
2019-08-09,222231111452.66,155389017805.034,1.43015970235099
2019-08-10,154338105884.76,156825589576.545,0.984138534415836
2019-08-11,114329372138.65,157373558740.162,0.726483998035645
2019-08-12,64159786486.59,155688087907.186,0.412104659701642
2019-08-13,108398323810.15,155359931809.245,0.697723811717709
2019-08-14,107632622213.27,155127050234.3,0.693835292108659
2019-08-15,131231621257.53,155337505732.791,0.8448160709061
2019-08-16,70418418367.54,155764858344.694,0.452081548533304
2019-08-17,128931644305.51,155333657414.133,0.830030313145641
2019-08-18,203622319968.04,154949113817.386,1.31412381104688
2019-08-19,158758279164.75,155208090523.585,1.02287373441158
2019-08-20,237761837174.26,155733872557.866,1.52671883944782
2019-08-21,153322970354.96,157012373526.433,0.976502468636002
2019-08-22,185534577102.5,157539459738.412,1.17770225574324
2019-08-23,114445804328.02,158179837471.124,0.72351701808337
2019-08-24,204635788424.9,156735874093.994,1.30560913133505
2019-08-25,129175382084.58,157733571936.941,0.818946661121844
2019-08-26,106091045813.33,157153466077.82,0.675079261444958
2019-08-27,121104517484.9,156983749662.016,0.77144620220651
2019-08-28,211335054261.98,157037853375.248,1.34575867995971
2019-08-29,365883718621.19,157342835130.27,2.32539167301937
2019-08-30,109465683786.99,160419153280.968,0.682372905903979
2019-08-31,112483391394.46,160194757988.783,0.702166492878229
2019-09-01,109938034981.74,160069376194.581,0.686814914853536
2019-09-02,321934513804.91,158991027849.511,2.02485962987565
2019-09-03,121209189007.03,161573588861.097,0.750179468447855
2019-09-04,87764603698.26,159179195137.077,0.551357252577396
2019-09-05,94774795209.81,157645850417.861,0.601188010712599
2019-09-06,178917629242.01,157581403474.104,1.13539811994003
2019-09-07,182816562221.27,157433940789.659,1.16122712360687
2019-09-08,250186237563.02,158058781702.794,1.58286831562107
2019-09-09,151296372484.39,158853614343.67,0.952426377640167
2019-09-10,151962121092.73,159224962594.512,0.954386288535185
2019-09-11,183144021847.8,156647568989.403,1.16914691386107
2019-09-12,276889274527.96,157697358739.242,1.75582696337867
2019-09-13,179125453929.28,159358363808.049,1.1240417487283
2019-09-14,550926519381.2,160089747484.242,3.4413604121365
2019-09-15,168141717473.72,164649706442.535,1.0212087291659
2019-09-16,203826715444.92,164576061740.646,1.23849552170065
2019-09-17,335510525773.22,165692380825.226,2.02490014388241
2019-09-18,139724781484.1,165356280905.16,0.844992284050213
2019-09-19,190815402899.4,165099580791.585,1.1557594633767
2019-09-20,175620736388.94,165835889005.176,1.05900319552337
2019-09-21,510900896104,165941994338.024,3.07879206913288
2019-09-22,201540234788.22,169900076627.751,1.18622803937748
2019-09-23,319070565725.64,170931918643.038,1.86665292391625
2019-09-24,160113146527.96,173340721963.444,0.923690317626151
2019-09-25,161826273822.98,173998389189.982,0.930044666369228
2019-09-26,177973700512.86,174196241222.418,1.02168507921832
2019-09-27,306185045574.24,174627679945.983,1.75335917919171
2019-09-28,262638131759.62,175956574779.15,1.49263039525103
2019-09-29,198653474570.7,177088004495.476,1.12177826576489
2019-09-30,134267660143.4,177494308265.162,0.756461778722587
2019-10-01,259415380155.2,177505133436.374,1.46145283312714
2019-10-02,238668142082.6,179256191543.835,1.33143597455174
2019-10-03,146060420664.2,181069204272.497,0.80665523025323
2019-10-04,236375310760,181964980968.261,1.29901539022626
2019-10-05,209144116726.02,183881304438.105,1.13738651879326
2019-10-06,161395066049.94,183835646192.192,0.877931290220008
2019-10-07,367266962702.1,183750560911.412,1.99872566853913
2019-10-08,195300381328.3,185615317277.876,1.05217815098699
2019-10-09,244869905768.72,186087695387.659,1.31588445575945
2019-10-10,119084250161.8,187476242766.473,0.635196483589313
2019-10-11,203483233627.4,187586509809.542,1.08474342762706
2019-10-12,341659113361.559,189056021919.136,1.80718450485379
2019-10-13,186324467572.46,191294571620.807,0.974018582930839
2019-10-14,316527130812.16,191899122810.512,1.64944542828739
2019-10-15,183156050170.08,193316991348.545,0.947438964844302
2019-10-16,152765423118.22,190630304112.047,0.8013700855685
2019-10-17,171467554284.96,191017878485.198,0.897651861934205
2019-10-18,175610714095.04,192026796949.975,0.914511499875657
2019-10-19,222523802875.4,191925064415.426,1.15943065358958
2019-10-20,295768315909.02,193086723364.691,1.53179002033397
2019-10-21,185618141760.5,193535810512.651,0.959089386449057
2019-10-22,168452514823.42,194053243823.78,0.8680736869124
2019-10-23,182987495191.98,193948698441.881,0.94348400717324
2019-10-24,199461832395.86,193048566709.025,1.03322099612634
2019-10-25,187000399953.62,194447136377.235,0.961703028584757
2019-10-26,286488317505.48,195334486323.195,1.46665508430224
2019-10-27,267978742315.24,197166596558.366,1.35914879595699
2019-10-28,62633357189.42,196366854081.308,0.318960944210502
2019-10-29,85038371694.5901,195715641852.382,0.434499618373529
2019-10-30,146286204234.36,194923178647.624,0.750481319098598
2019-10-31,159318830773.85,194751289711.967,0.818063033161316
2019-11-01,85374770630.97,194775186475.361,0.438324676648531
2019-11-02,141459196097.9,193145944322.722,0.732395373839897
2019-11-03,115951554047.46,192992623968.117,0.600808215689196
2019-11-04,84748556790.33,193011935657.507,0.439084539003397
2019-11-05,121428987418.84,193257040065.885,0.628328920785718
2019-11-06,75376896521.2299,193412167013.608,0.38972158621193
2019-11-07,68543006277.91,193028170279.179,0.355093280834479
2019-11-08,86928091388.22,192281877243.707,0.452086762592001
2019-11-09,127537784964.28,192478420970.144,0.662608225490707
2019-11-10,88256957373.98,192461827406.557,0.458568634431313
2019-11-11,83527033948.92,191088430232.819,0.437111937374503
2019-11-12,81502645642.0901,190192820170.725,0.428526405828199
2019-11-13,199272430439.08,188332591700.104,1.05808786806479
2019-11-14,294848384849.27,188879609082.058,1.56103872875538
2019-11-15,130233784472.97,190180963936.186,0.684788749502126
2019-11-16,159840610187.72,190368916080.769,0.839636078612241
2019-11-17,102059004749.83,189835640149.374,0.53761772378213
2019-11-18,142786555297.23,189512826133.484,0.753440061078808
2019-11-19,72291642947.31,189949677436.864,0.380583130873378
2019-11-20,77974890257.58,189368571787.607,0.411762572434857
2019-11-21,72742835801.14,187780950787.555,0.387381337116763
2019-11-22,103532908654.67,184291178373.03,0.56178982395514
2019-11-23,93512129456.4901,184220550097.645,0.50760965270663
2019-11-24,118694798531.15,183994701741.241,0.64509900235103
2019-11-25,238514155902.15,184098948926.353,1.29557586989573
2019-11-26,97332715907.6699,183105849427.511,0.531565300682558
2019-11-27,57194668495.53,182821605700.137,0.312844142662986
2019-11-28,90164918369.98,182457677900.105,0.494168945958772
2019-11-29,65925171475.56,182402798413.916,0.361426316091707
2019-11-30,75904079673.6,181057650107.173,0.419226028995021
2019-12-01,182583926152.81,179784882457.796,1.01556884904197
2019-12-02,101729686092.11,178980093036.246,0.568385480007033
2019-12-03,89251106226,178390013436.338,0.500314476728548
2019-12-04,76413754141.96,177643453735.543,0.430152378458689
2019-12-05,175503625892.3,176372855310.474,0.995071637204921
2019-12-06,220979646438.31,175165883302.906,1.26154501248499
2019-12-07,256167152558.9,175664147499.443,1.45827794803554
2019-12-08,120461706766.62,172155107418.225,0.699727754657761
2019-12-09,93471379128.49,171587488243.14,0.544744725186726
2019-12-10,83324457916.5,170273734239.373,0.489355908524102
2019-12-11,79053880092.0701,167271519145.841,0.472608131352861
2019-12-12,95232227427.73,166549246510.221,0.571796206966841
2019-12-13,73360260177.5,165411351564.13,0.44350196938605
2019-12-14,134162815264.71,164193964942.565,0.817099552420456
2019-12-15,142720191115.39,159708987789.717,0.893626545948089
2019-12-16,92716639385.91,159008749174.564,0.583091432812438
2019-12-17,151386217059.14,156314059575.281,0.968474732666206
2019-12-18,92078905748.61,156210167557.795,0.589455265224923
2019-12-19,95080363782.89,155379841747.386,0.61192213039752
2019-12-20,142418356271.86,154393016310.125,0.922440403559372
2019-12-21,93629960026.5299,152443412866.049,0.614194856086056
2019-12-22,111343158947.75,150431410821.607,0.740158975706138
2019-12-23,64358057501.06,149392002302.286,0.430799885597858
2019-12-24,79841257276.4701,148559745127.973,0.537435340964627
2019-12-25,88843634006.96,146421957950.845,0.60676441737506
2019-12-26,208435935563.04,144638332854.706,1.44108364255291
2019-12-27,81653515525.93,145380898508.264,0.561652296579309
2019-12-28,168005445543.56,143538972374.525,1.17045177880469
2019-12-29,108147307254.42,143049226289.02,0.756014625594108
2019-12-30,106658341974.91,142415324398.597,0.748924614856692
2019-12-31,144716445163.31,139312840818.511,1.03878755406214
2020-01-01,99199030690.56,138710651102.261,0.715150782598719
2020-01-02,108349249652.38,136976474017.997,0.791006268989986
2020-01-03,165872628796.22,136848676392.885,1.21208792929797
2020-01-04,152516996388,136400931097.276,1.1181521648062
2020-01-05,103186062967.25,134149239228.543,0.769188581021002
2020-01-06,92837961883.99,133159496316.576,0.697193699676326
2020-01-07,51494579633.24,130496530019.813,0.394604972449627
2020-01-08,63897286590.29,128929131561.041,0.495600069717667
2020-01-09,86509778552.6201,127871177554.756,0.676538530472011
2020-01-10,126308950531.78,126859775462.704,0.995658001687966
2020-01-11,165025206581.9,126272849705.999,1.30689381736556
2020-01-12,140683189294.84,125588342607.266,1.12019305593336
2020-01-13,110808414599.38,123742091099.955,0.895478762435594
2020-01-14,74552857916.7899,122851499109.941,0.606853465012027
2020-01-15,74083661539.16,121733646051.529,0.608571778978844
2020-01-16,132038524131.64,120437171841.377,1.09632700696047
2020-01-17,122535601327.72,119634513409.66,1.02424959015068
2020-01-18,157293061092.04,118867075330.78,1.32326853886435
2020-01-19,148341923096.41,117329036563.953,1.26432405345417
2020-01-20,361860622615.87,115904788716.11,3.12205066437927
2020-01-21,79129460035.3899,119467018066.425,0.662354023027453
2020-01-22,96263876068.15,119396673880.006,0.806252577562551
2020-01-23,115743054263.7,118801169973.265,0.974258538781618
2020-01-24,201197070957.8,118282410729.097,1.70098892741207
2020-01-25,134001113608.9,119661247637.75,1.11983717581285
2020-01-26,193735080805.03,119572460941.452,1.62023160918208
2020-01-27,109896855782.57,120498455307.613,0.912018793120798
2020-01-28,68084010126.97,120797839819.426,0.563619434161613
2020-01-29,75594393932.87,120162780565.951,0.629099905784721
2020-01-30,107390530813.87,120165369820.852,0.893689512826973
2020-01-31,128019482367.59,120627840351.042,1.06127641840422
2020-02-01,114624055179.82,121117023576.987,0.94639095145003
2020-02-02,109620182175.04,120963288698.6,0.906226867295057
2020-02-03,112208824941.54,121217612803.375,0.925680867214836
2020-02-04,122101299298.23,121559062696.144,1.00446068429667
2020-02-05,224788979371.1,122042380001.574,1.84189278649106
2020-02-06,95562006657.87,122346148441.241,0.781078994928601
2020-02-07,139409534665.73,119973691558.01,1.1620008758197
2020-02-08,129810351380.54,120082926679.353,1.08100589292899
2020-02-09,116460651445.15,119725423598.315,0.972731170581462
2020-02-10,123648531261.86,119896871773.259,1.03129072037589
2020-02-11,103149374641.85,119669038153.79,0.861955408292742
2020-02-12,120569727604.08,120036392102.535,1.00444311506039
2020-02-13,128606870394.62,120543473499.517,1.06689202377378
2020-02-14,123440672794.09,121208521530.392,1.01841579482626
2020-02-15,196221712104.79,121445518722.528,1.61571801223154
2020-02-16,357378679814.94,122668251849.293,2.91337550203296
2020-02-17,233788708008.88,125509726626.481,1.86271386523404
2020-02-18,107035280233.31,125453471294.418,0.853187075087911
2020-02-19,82124703950.54,125568978012.581,0.654020644671584
2020-02-20,117001590781.62,125865764148.95,0.929574388816009
2020-02-21,104931715316.71,126185248344.327,0.831568798203565
2020-02-22,164844771096.81,126649611961.483,1.30158133565338
2020-02-23,351142147929.52,127708429716.521,2.74956123655237
2020-02-24,68535959724.22,129715075213.863,0.528357707161051
2020-02-25,134240544544.45,129319911804.722,1.03805007806655
2020-02-26,93019105641.5401,129855500356.132,0.716327805802858
2020-02-27,126221069341.37,130053183112.079,0.97053425622496
2020-02-28,166708210977.97,129466486010.282,1.28765533162559
2020-02-29,474333944526.17,128820397492.897,3.68213383716909
2020-03-01,429107323412.77,131417621206.793,3.26521907391357
2020-03-02,109469143266.46,135091973785.914,0.810330474850713
2020-03-03,95628527926.5401,135282423358.985,0.70688065420576
2020-03-04,69942699852.9,135428900382.914,0.516453280320099
2020-03-05,106668094242.22,135320433951.496,0.788263022275366
2020-03-06,107809341422.56,135456575223.097,0.795895963300403
2020-03-07,366622926733.02,135866683333.157,2.69840197566337
2020-03-08,299845578466.64,138634065612.542,2.16285641730119
2020-03-09,98075271731.18,140504605938.152,0.69802175577327
2020-03-10,68443866261.07,140568399180.357,0.486907915720464
2020-03-11,97984804298.14,139580990242.285,0.701992471382082
2020-03-12,128247926500.45,139651298558.351,0.918343959736715
2020-03-13,144727888391.5,140046150495.465,1.03342996490423
2020-03-14,139467814931.16,140073644925.46,0.995674918043129
2020-03-15,125458088568.52,140619333674.325,0.892182357079585
2020-03-16,109472987626.39,140787368550.763,0.777576772357373
2020-03-17,141949579801.81,141324451052.255,1.00442335876701
2020-03-18,112062356303.97,142063835844.223,0.788816912045437
2020-03-19,116603755787.47,142340249204.902,0.819190330484925
2020-03-20,108642872633.64,141247008969.478,0.769169368089886
2020-03-21,122732232076.4,141568310839.808,0.866947068509406
2020-03-22,291917267212.16,141029344012.818,2.06990445325781
2020-03-23,121812949160.91,143217081631.363,0.850547628630315
2020-03-24,101215206211.06,143397493621.672,0.705836647871249
2020-03-25,105059704254.99,142879621729.384,0.735302228430972
2020-03-26,160289869312.2,142949391652.77,1.12130501192724
2020-03-27,101857821852.32,143567732363.006,0.709475730902933
2020-03-28,158559485438.12,142805651327.959,1.11031660136462
2020-03-29,164625873755.95,142877585721.413,1.15221623409107
2020-03-30,194063264071.33,143609012040.326,1.35133068123076
2020-03-31,125221468768.81,144814075161.604,0.864705096027926
2020-04-01,143278047380.52,145691776222.742,0.983432634944807
2020-04-02,103522394976.71,146636785279.768,0.705978344923477
2020-04-03,94080066769.9201,146839316427.674,0.640700794982653
2020-04-04,127859266905.97,146455639240.033,0.873023856025206
2020-04-05,149672691354.05,146013187577.224,1.02506283053981
2020-04-06,116062546856.98,146120205458.881,0.794294988105806
2020-04-07,124511572894.84,146182754652.424,0.85175281578794
2020-04-08,128595032974.34,146777501259.306,0.876122238565409
2020-04-09,115764711763.14,147426446157.344,0.785237077746471
2020-04-10,107186968788.27,147232710295.814,0.728010566218025
2020-04-11,164051317866,147049988479.868,1.11561598584184
2020-04-12,141322413914.52,147130443917.653,0.96052462122398
2020-04-13,136601952504.64,147046878332.155,0.928968734692067
2020-04-14,177744122786.63,144365227497.497,1.23121146184397
2020-04-15,128876827197.36,145539211577.869,0.885512748077558
2020-04-16,118983430118.17,145927460996.074,0.815360106357029
2020-04-17,157391458863.67,145966036899.103,1.07827452335686
2020-04-18,183717140461.94,145444541517.03,1.26314221589697
2020-04-19,185359027856.42,146036398979.567,1.26926594432362
2020-04-20,101821824889.58,145936684063.512,0.697712336983531
2020-04-21,175030106988.31,145840552743.357,1.20014703520988
2020-04-22,99350740170.83,147113720563.135,0.675332931493585
2020-04-23,184424090362.38,147396534208.825,1.25121049387156
2020-04-24,132337743789.28,148313600393.926,0.892283266253306
2020-04-25,216950820576.03,148365008267.994,1.46227754851837
2020-04-26,281908679328.64,149583184046.52,1.88462814938454
2020-04-27,131815666280.13,151634237584.063,0.869300155296748
2020-04-28,120257611406.92,151867652361.903,0.791857973285476
2020-04-29,89701982498.9401,151845703696.531,0.590744290521468
2020-04-30,100915248682.86,150237525162.338,0.67170467946551
2020-05-01,125990685178.95,150301254234.064,0.838254383311695
2020-05-02,160080775182.64,150141506025.888,1.06619934367141
2020-05-03,119924624828.92,150501868214.009,0.796831469615986
2020-05-04,175532356008.27,150543105992.387,1.16599398458769
2020-05-05,135030827936.94,151160770572.701,0.893292799615601
2020-05-06,116829130508.27,151540311683.357,0.770944240581899
2020-05-07,79750176276.3001,151495780765.55,0.526418464417296
2020-05-08,174859025062.11,150914153454.618,1.15866551320313
2020-05-09,150119815675.1,151526276695.903,0.99071803880177
2020-05-10,109473359392.75,150977444595.55,0.72509744542316
2020-05-11,121539834749.57,148026190781,0.821069799258594
2020-05-12,178198669311.46,146689894670.77,1.21479853613235
2020-05-13,89598077795.66,147537077874.082,0.607291936960614
2020-05-14,85315962824.6901,147626046610.333,0.577919444323306
2020-05-15,136045945318.84,147248836753.703,0.923918642198841
2020-05-16,177750800475.36,147619244253.728,1.20411672186752
2020-05-17,119011582191.32,147772887460.616,0.805368185168872
2020-05-18,87377381034.2501,145009428344.685,0.602563447299134
2020-05-19,97035830308.3901,145233730979.328,0.668135629747071
2020-05-20,150468063655.62,144790817714.613,1.03920998603791
2020-05-21,119309289551.81,145474733881.447,0.820137534322899
2020-05-22,110266372549.49,145392450788.714,0.758405075031922
2020-05-23,128361363345.57,144720524140.756,0.886960326516816
2020-05-24,465330254090.59,140601802936.225,3.30956107512829
2020-05-25,79044654978.58,141033028301.438,0.560469103801938
2020-05-26,106971575200.37,140670832012.296,0.760438917365752
2020-05-27,100138752066.74,140805868289.365,0.711183086921833
2020-05-28,151154616879.92,141165345101.435,1.07076291827366
2020-05-29,187033005613.31,141694946561.408,1.3199694848133
2020-05-30,182531837997.45,142638085420.821,1.27968513780125
2020-05-31,127683780149.67,140446524840.636,0.909127372817179
2020-06-01,83682626934.82,138396979622.577,0.604656453941635
2020-06-02,245568282628.94,138225638613.096,1.77657549708491
2020-06-03,124347090628.49,140334262617.476,0.886077913612845
2020-06-04,108758683936.04,140648099359.504,0.773268067121527
2020-06-05,89025597768.94,140416084567.07,0.634012820136831
2020-06-06,101203408385.48,139752962059.659,0.724159308639751
2020-06-07,194141469724.4,139297433410.305,1.39371892913884
2020-06-08,90332928563.78,140115092709.78,0.644705197825377
2020-06-09,123928583777.39,139887234863.797,0.885917745804719
2020-06-10,133155395940.5,139672699196.839,0.953338746270274
2020-06-11,77072315714.01,139923806811.56,0.550816315466644
2020-06-12,89961492206.9099,139453194429.733,0.645101695768175
2020-06-13,100996773119.48,139230797043.701,0.725391043245841
2020-06-14,97489250537.6102,138972041579.928,0.701502614693479
2020-06-15,91559730855.68,136657422333.802,0.66999456957438
2020-06-16,141090906417.5,136297264973.026,1.03517048889736
2020-06-17,80691252099.54,136771975689.769,0.589969192830604
2020-06-18,77742427776.13,136481875068.871,0.569617231129775
2020-06-19,126710138232.36,135499167431.537,0.935135917321283
2020-06-20,108018941608.91,135795028340.823,0.795455790456485
2020-06-21,114357152994.43,135193355199.999,0.845878503608815
2020-06-22,254483012792.47,134594918048.076,1.89073269988969
2020-06-23,105787072574.57,135314200770.947,0.781788400418085
2020-06-24,244515344293.42,135082838911.491,1.81011404752628
2020-06-25,70795529110.7599,136288044827.121,0.519455167183319
2020-06-26,86965652992.9899,135898439281.098,0.639931212257019
2020-06-27,81577568577.72,135813743878.992,0.600657681967773
2020-06-28,199211294802.72,135262771279.846,1.47277253687617
2020-06-29,107166875114.73,135852516558.997,0.78884718391058
2020-06-30,195225823165.58,135746615704.922,1.43816346471539
2020-07-01,104454758402.99,136588452017.669,0.764740773176619
2020-07-02,86574420097.47,136301067796.582,0.635170519916068
2020-07-03,74859999136.23,135953564324.371,0.55062917627979
2020-07-04,160971698876.17,135568719447.561,1.18738083189194
2020-07-05,113543455036.38,135532057316.73,0.837760875798086
2020-07-06,118684782445.88,135201355425.324,0.877837223395543
2020-07-07,108334244143.37,134988055781.767,0.802546888433687
2020-07-08,157282304045.77,134161747702.68,1.17233344629892
2020-07-09,79100989322.08,134499908141.352,0.588111846433004
2020-07-10,76757309258.2,134025117179.494,0.57270839133386
2020-07-11,228818720078.47,133065186827.048,1.71959868343234
2020-07-12,302477701512.15,133602110393.911,2.26401888877599
2020-07-13,181281792716.37,134996380318.384,1.34286409968048
2020-07-14,119624468238.21,135942332316.322,0.879964807134967
2020-07-15,127992815220.29,135282741378.821,0.946113406010028
2020-07-16,193863227545.89,135623718462.743,1.42941979281556
2020-07-17,61221737628.07,135736089143.499,0.451035078543826
2020-07-18,212867870522.53,134889470022.532,1.57809108811067
2020-07-19,119047849909.94,134840863474.276,0.882876650613044
2020-07-20,165887634372.3,132902044076.435,1.24819475520553
2020-07-21,98015327068.6701,133307662744.199,0.735256511523645
2020-07-22,84549877829.4,133042873644.934,0.635508505739643
2020-07-23,67072485801.55,132981539065.535,0.504374413718404
2020-07-24,87448445673.65,132578649031.233,0.659596747384631
2020-07-25,84200071822.5101,132119812846.646,0.637300871143698
2020-07-26,186618791176.88,131216471139.978,1.42222077423345
2020-07-27,70058458820.98,132010449310.787,0.53070388887204
2020-07-28,118367864185.21,130754807677.605,0.905265865841531
2020-07-29,74399021732.47,130556439061.513,0.569860990903835
2020-07-30,141463901537.03,130051318718.944,1.08775445670605
2020-07-31,131409940892.22,130786005924.429,1.00477065541822
2020-08-01,263943573011.22,130268754922.406,2.02614643218503
2020-08-02,189718422021.14,131623799652.598,1.44136867741148
2020-08-03,92149744239.38,132579098017.222,0.695054843618032
2020-08-04,169446143586.92,132229215987.339,1.28145767424912
2020-08-05,126607240988.56,132125019252.523,0.958238202762968
2020-08-06,136894427322.26,132565604528.629,1.03265419268462
2020-08-07,98695838949.18,133179633867.886,0.741073061118988
2020-08-08,255135082591.73,132734989744.437,1.92213886544126
2020-08-09,243643061431.34,133656231198.204,1.82290836160144
2020-08-10,305160804618.34,135139939284.394,2.25810967678583
2020-08-11,114703385557.68,137732599088.967,0.832797655140368
2020-08-12,106969719978.18,137942927127.649,0.775463608070264
2020-08-13,76137718299.54,137425089702.917,0.554030697481318
2020-08-14,127660393433.51,136911142426.105,0.932432460728406
2020-08-15,126712290884.52,137118214103.295,0.924109839915678
2020-08-16,114701955141.09,137098582288.283,0.836638521176693
2020-08-17,114402239867.66,132924435872.217,0.860656200020566
2020-08-18,120763473369.41,133345359501.849,0.905644364532499
2020-08-19,89997080066.7,133509548765.766,0.674087216222967
2020-08-20,267483951513.39,133388814575.29,2.00529521433307
2020-08-21,125668543092.35,134773687606.641,0.932441230361927
2020-08-22,120392677018.52,134043158290.915,0.898163535935426
2020-08-23,197024654937.6,133303406374.499,1.47801665610918
2020-08-24,99566102437.5701,134128892979.117,0.742316589857128
2020-08-25,123714215297.66,134317981973.198,0.921054749931743
2020-08-26,88740015778.49,132867338314.492,0.667884349187803
2020-08-27,83328701811.83,132443444566.278,0.629164411154608
2020-08-28,70437128009.68,132140706683.847,0.533046400139243
2020-08-29,104201502604.79,131919415377.189,0.789887540866167
2020-08-30,165763791774.48,131955106975.038,1.25621353788026
2020-08-31,336850652244.14,131617277475.634,2.55931940475293
2020-09-01,139800090742.47,134552012281.352,1.03900408750591
2020-09-02,170438535064.08,134740958792.841,1.26493485419027
2020-09-03,85849626288.44,135184805687.17,0.635053812830889
2020-09-04,337072625303.68,135289297479.723,2.49149512624383
2020-09-05,130159972637.56,138231096683.255,0.941611372264594
2020-09-06,125307204624.11,138578277629.899,0.904234103405208
2020-09-07,94666543166.49,138909443749.977,0.681498252464969
2020-09-08,83668347383.83,138946429610.82,0.602162629282234
2020-09-09,64545780870.4,138262827717.562,0.466833941818778
2020-09-10,93156572648.4701,138070619726.739,0.674702357625686
2020-09-11,146348668137.73,138254121451.409,1.05854832102901
2020-09-12,110448246726.79,138487913474.092,0.797529863481207
2020-09-13,119827539581.06,138516833773.115,0.865075646887316
2020-09-14,172398291835.28,138581957422.955,1.24401686223205
2020-09-15,167832121067.5,137604758363.941,1.21966800467475
2020-09-16,101153240034.14,138343389893.619,0.731175086225103
2020-09-17,110705027928.04,136636698176.247,0.810214454869528
2020-09-18,110776304398.56,137111811257.405,0.807926781673067
2020-09-19,84859414056.9299,137395271393.185,0.61762980047608
2020-09-20,247278378979.94,137434340982.224,1.79924738760834
2020-09-21,225496437313.28,138006568174.81,1.63395438561771
2020-09-22,96562602238.9,139415253439.078,0.692625805691313
2020-09-23,199066389000.51,138240691285.189,1.43999850658905
2020-09-24,291216965963.79,139367020220.874,2.08956871935885
2020-09-25,102482601528.6,141803241004.997,0.722709867576221
2020-09-26,100100757789.46,142132081509.668,0.704279827089223
2020-09-27,177040497873.51,141407427449.112,1.25198867603487
2020-09-28,305233886716,142163344625.744,2.14706461443737
2020-09-29,113726807725.48,144384167295.626,0.787668134641277
2020-09-30,99445084430.04,144448364481.128,0.688447285556027
2020-10-01,120631902590.95,143759826152.369,0.839121093977214
2020-10-02,114492925190.76,144254241786.522,0.793688447374704
2020-10-03,150933733254.04,144703475309.529,1.04305534425614
2020-10-04,119533787151.93,143776273085.429,0.831387436791506
2020-10-05,106318987737.33,141598369343.045,0.75084895561018
2020-10-06,154965446194.05,140705954998.056,1.101342485442
2020-10-07,418667038985.91,141126680926.102,2.96660444530071
2020-10-08,245049555735.98,144587088351.883,1.69482322750424
2020-10-09,120774540068.43,145196449401.765,0.83180091914122
2020-10-10,200075884892.4,145905411335.579,1.3712711753523
2020-10-11,136511549235.2,145753125792.363,0.936594316540911
2020-10-12,165062522387.44,145961026974.807,1.13086709382998
2020-10-13,198170055290.37,145951204213.082,1.35778294094135
2020-10-14,147998177152.3,147143522406.198,1.00580830696538
2020-10-15,441541682397.28,147898859302.899,2.98542993825933
2020-10-16,139781857653.65,152356825929.039,0.917463702733966
2020-10-17,276627629761.68,152979842738.324,1.80826195667398
2020-10-18,106755454040.63,155270646999.505,0.687544336960033
2020-10-19,106505905914.77,154319892985.978,0.690163165966214
2020-10-20,68791305785.31,154753791165.666,0.4445209727474
2020-10-21,126925638262.19,154163594041.858,0.823317846545065
2020-10-22,285363125626.46,154788910905.307,1.84356310770242
2020-10-23,101390298167.64,156501996906.372,0.647853063678782
2020-10-24,160318812436.38,156144620207.269,1.0267328597269
2020-10-25,145007989179.9,154910992105.188,0.936072948790079
2020-10-26,103622623001.86,154378725047.554,0.671223466639853
2020-10-27,190236716909.57,154515306937.584,1.23118363274142
2020-10-28,121341518582.4,154762813762.853,0.784048284159103
2020-10-29,155048060840.64,154700126591.351,1.0022490883295
2020-10-30,133863323287.7,154916241276.094,0.86410128586277
2020-10-31,89203971770.84,155334901803.934,0.574268697729212
2020-11-01,240306132020.9,153359531437.018,1.56694618045041
2020-11-02,196514137824.45,153319806086.894,1.28172701779361
2020-11-03,103329713236.8,152026393386.967,0.679682724392373
2020-11-04,188059652910.25,151890992526.004,1.23812248364928
2020-11-05,415415655699.72,152856348870.433,2.71768663041822
2020-11-06,191160199828.75,156895371934.721,1.21839285296628
2020-11-07,160683581674.35,157651322010.855,1.0192339628036
2020-11-08,205406874417.54,158055742139.305,1.29958501752186
2020-11-09,172009933790.83,159135562606.882,1.08090191138326
2020-11-10,131997744790.58,159821368486.92,0.825907987400215
2020-11-11,257695212386.28,159955109813.362,1.61104707868953
2020-11-12,283257071018.09,161951516150.5,1.74902389153839
2020-11-13,152345600512.58,162139291382.699,0.939597053949109
2020-11-14,312160988510.14,162456875399.606,1.92150063050453
2020-11-15,169656987125.31,164739831488.792,1.02984800695788
2020-11-16,138159364927.78,164414025919.598,0.840313739384635
2020-11-17,292272483785.37,164873469520.672,1.77270779001059
2020-11-18,266817901429.61,166880115574.098,1.59885975936503
2020-11-19,224840048089.36,169000090403.277,1.33041377405677
2020-11-20,154623658988.79,170684749287.534,0.905902018980691
2020-11-21,119820681910.82,171686969894.428,0.697902013091028
2020-11-22,390919089569.47,171872912505.214,2.27446596366726
2020-11-23,132199332968.38,174553332717.059,0.757357828181187
2020-11-24,208347418850.93,172117007487.586,1.21049872927844
2020-11-25,110822491629,172933047107.925,0.640840449424554
2020-11-26,165280287401.93,172223332305.126,0.959685805574269
2020-11-27,307736003986.74,173168935413.62,1.77708549891874
2020-11-28,147520528858.94,172819689921.752,0.853609498580477
2020-11-29,144622519049.99,173026363210.101,0.835840945662012
2020-11-30,91420843380.27,173256307429.457,0.527662425320318
2020-12-01,96952757245.87,173217668146.288,0.559716328498258
2020-12-02,152267965785.64,173375815882.741,0.87825378072697
2020-12-03,114297668322.04,174420127607.922,0.655300909875315
2020-12-04,143899546884.4,174671807318.322,0.82382812139888
2020-12-05,206042830862.93,174642651112.925,1.17979674237596
2020-12-06,163429746084.97,175780681876.45,0.929736671517969
2020-12-07,140680025845.34,176299755763.402,0.797959278140667
2020-12-08,103965305903.05,175922157358.76,0.590973345620317
2020-12-09,131177216476.41,175161838130.611,0.748891527266323
2020-12-10,103044826355.88,175519266421.591,0.587085557367645
2020-12-11,374511330795.65,175428073545.732,2.13484263508155
2020-12-12,106375862595.24,178567776240.935,0.595717014763687
2020-12-13,113307780242.58,178823924437.82,0.633627634550538
2020-12-14,104577632853.99,177229036357.613,0.590070538119798
2020-12-15,117044411604.33,175789526780.717,0.665821302029747
2020-12-16,217064931893.69,176033357844.591,1.23308976520986
2020-12-17,208010738485.37,176247626212.367,1.18021866708565
2020-12-18,103305561296.55,175257075885.243,0.5894515857619
2020-12-19,102550704066.76,175266873025.338,0.585111734445874
2020-12-20,259587697935.16,175296039052.448,1.48085318606367
2020-12-21,134525722818.61,176278743815.087,0.76314205506096
2020-12-22,96327728198.54,174246503768.69,0.552824453375628
2020-12-23,392566918911.33,174039371869.559,2.25562132691191
2020-12-24,353062709026.62,177528917518.146,1.98876168436352
2020-12-25,95272990497.48,180295950928.095,0.528425569221334
2020-12-26,92665658641.59,180067142181.746,0.514617256201358
2020-12-27,87511765819.2201,179373474626.836,0.487874620265217
2020-12-28,116328017633.87,178992260087.161,0.649905295219044
2020-12-29,92019691975.27,179111415204.977,0.51375671321653
2020-12-30,211574911134.97,178362060988.086,1.18621028464737
2020-12-31,877855667981.191,175896678513.671,4.99074613232657
2021-01-01,172596861579.73,183430084611.828,0.940940860082887
2021-01-02,436509541487.73,184047017010.772,2.37172842340706
2021-01-03,507540401236.27,186861703398.811,2.7161285164625
2021-01-04,204075509629.3,191278713541.681,1.0669013077863
2021-01-05,104959490014.92,191743153865.989,0.54739628455406
2021-01-06,127129416760.41,190633504279.377,0.666878664592451
2021-01-07,114713572907.83,190385066655.664,0.602534510310646
2021-01-08,197105174739.61,186494255828.408,1.05689675997831
2021-01-09,149638149683.52,187176676269.908,0.799448695561527
2021-01-10,262813284490.32,185664896745.168,1.41552490049339
2021-01-11,110510135519.97,187522728060.045,0.589315954728349
2021-01-12,100769968248.24,187570397460.107,0.537238122927537
2021-01-13,115291901325.21,187951095822.761,0.613414360903386
2021-01-14,181388624284.81,187812598954.464,0.96579582676873
2021-01-15,188319059453.07,186574807271.825,1.00934880869904
2021-01-16,151837539123.54,187609673477.604,0.809326812999681
2021-01-17,95633518248.7101,187508705938.165,0.510021749498112
2021-01-18,82565693095.5499,186920914617.556,0.441714578940945
2021-01-19,86011695885.9199,186670236880.576,0.460768129527509
2021-01-20,109349378187.65,185429462820.771,0.58970875784364
2021-01-21,82624886396.1499,185286699244.643,0.445929938484448
2021-01-22,140887867977.71,184424518596.494,0.763932415548072
2021-01-23,151970411913.12,184508144128.518,0.823651512137405
2021-01-24,233242530023.44,185255363654.021,1.25903253445897
2021-01-25,113397001158.37,185171273154.051,0.612389812020305
2021-01-26,374952224263.55,184181783431.836,2.03577257900924
2021-01-27,346256041230.68,187415384753.583,1.84753264352307
2021-01-28,463868632292.75,189298675090.731,2.450458948381
2021-01-29,90710432049.1,189875496240.648,0.477736379075126
2021-01-30,181746961788.74,188679665671.843,0.963256751285746
2021-01-31,210176215841.05,188930420197.014,1.11245301641674
2021-02-01,209519596774.42,188987198071.104,1.10864438921197
2021-02-02,140684395341.9,189433741678.051,0.742657533423997
2021-02-03,102651526718.12,189537154184.614,0.541590524347192
2021-02-04,173471348673.77,187691396021.898,0.924237084653208
2021-02-05,137419835066.7,186384423136.847,0.737292488041256
2021-02-06,156188376507.69,186206735452.967,0.838790155080833
2021-02-07,151122009143.76,184349918643.414,0.819756310476455
2021-02-08,198252943106.74,184129264143.634,1.07670523764266
2021-02-09,119607218552.19,184844663883.86,0.647068820051743
2021-02-10,217396196170.85,182789125012.036,1.18932784516877
2021-02-11,140720320952.29,182200771378.003,0.772336581717013
2021-02-12,226790751079.81,181199346054.943,1.25160910355076
2021-02-13,154287333626.09,182058478103.645,0.847460306343188
2021-02-14,155868377898.77,182468795385.97,0.854219361557504
2021-02-15,103850638998.64,179670572627.986,0.578005833006758
2021-02-16,117765936825.05,179333088175.965,0.656688277790074
2021-02-17,201906342102.24,178254737199.466,1.13268429930312
2021-02-18,123570200996.25,179339068752.719,0.689031128887115
2021-02-19,181681631936.95,178842520105.033,1.01587492633323
2021-02-20,99394087267.03,177341872818.726,0.560465984074885
2021-02-21,427575667808.35,176768938990.25,2.41883936313004
2021-02-22,205647494364.85,180137428856.421,1.14161446441406
2021-02-23,182783511700.85,181497269939.571,1.00708683806488
2021-02-24,236421276413.83,182519064635.464,1.29532373446041
2021-02-25,154547769202.65,183520889761.99,0.84212630727262
2021-02-26,177174395053.55,184000057629.616,0.962904019357397
2021-02-27,149223422749.5,184396186774.487,0.809254385135401
2021-02-28,261659237138.29,183719765249.327,1.42423019528242
2021-03-01,101748885505.76,184889163952.343,0.550323682203393
2021-03-02,155541511240.5,184425697995.919,0.843383069337451
2021-03-03,290084872430.06,185039700440.413,1.56768991594577
2021-03-04,226342277242.57,186931458249.385,1.21083031910342
2021-03-05,150822974373.25,188399285045.655,0.800549611091683
2021-03-06,236374711452.07,185736328421.579,1.27263585675902
2021-03-07,208800543219.05,187283933765.112,1.11488764156846
2021-03-08,395242736956.17,188420752371.975,2.09766032658596
2021-03-09,181022191041.4,191881051230.334,0.943408376599421
2021-03-10,355461644769.26,192642691461.728,1.84518624647579
2021-03-11,127393293366.31,194290271376.913,0.655685395174385
2021-03-12,323737561638.31,193330539887.401,1.67452882419332
2021-03-13,329421635333.1,195954730367.66,1.68111091125498
2021-03-14,195967620835.53,198655574787.497,0.986469275001004
2021-03-15,225908139102.58,197898192917.263,1.14153714984667
2021-03-16,263216009663.33,198986078825.406,1.32278605225585
2021-03-17,162065081766.15,200972844080.939,0.806402887451204
2021-03-18,389584285878.87,198228774591.116,1.96532661155002
2021-03-19,294709510283.63,198663555267.928,1.48346036537084
2021-03-20,152100205452.25,201037799551.097,0.756575160451812
2021-03-21,153219888296.82,201745353679.795,0.75947170778469
2021-03-22,347084270308.82,202527593233.1,1.71376287432272
2021-03-23,242833164036.63,205274691479.23,1.18296689322366
2021-03-24,148402269458.8,207070089956.151,0.716676510307335
2021-03-25,117142093577.67,206318034698.101,0.567774376821107
2021-03-26,326435815705.72,197261920717.107,1.65483441770731
2021-03-27,424144352781.25,199093336837.655,2.13037944673712
2021-03-28,423426531657.83,198946132210.196,2.12834764342369
2021-03-29,187691252074.76,197944776619.977,0.948200075191163
2021-03-30,415103917668.53,197749725934.804,2.09913776469853
2021-03-31,159400019574.65,201441921502.109,0.79129517027061
2021-04-01,168311531070.34,201826095345.135,0.833943354958716
2021-04-02,363318465231.91,202464166275.641,1.79448280609457
2021-04-03,390587689461.53,204442895924.359,1.91049773432109
2021-04-04,386126518123.43,207311342826.478,1.8625440984511
2021-04-05,118870340172.47,208779357512.587,0.569358683677833
2021-04-06,525195386611.33,208878883758.45,2.51435366352624
2021-04-07,155981680926.87,213931567310.392,0.729119516525382
2021-04-08,300415932389.15,214415969448.507,1.40108935524645
2021-04-09,375355047222.17,215832961211.653,1.739099742296
2021-04-10,419099321464.46,218059580113.667,1.92194867680658
2021-04-11,422329663176.4,221241267998.678,1.90890997415059
2021-04-12,140137404161.64,225130507819.245,0.622471852078594
2021-04-13,172498232362.69,225815885331.937,0.763888829650434
2021-04-14,102279250504.65,226845486956.66,0.450876285337741
2021-04-15,114108549754.98,226761318769.958,0.5032099406281
2021-04-16,400685561803.02,227136124286.134,1.76407677582038
2021-04-17,389719631999.08,230228953974.531,1.69274813298328
2021-04-18,149204167184.24,233059301832.697,0.64019829292781
2021-04-19,107590287049.01,232058845132.23,0.46363363994035
2021-04-20,197870538099.25,231989717583.31,0.852928052848691
2021-04-21,145122003865.13,229881602271.83,0.631290205179301
2021-04-22,141890100056.3,227487149446.049,0.623727979368569
2021-04-23,315833375988.42,223654071681.33,1.41215124595822
2021-04-24,264386646885.71,226334106728.226,1.16812552340234
2021-04-25,116417843961.62,227317912503.19,0.512136692967327
2021-04-26,177648540937.07,226201741409.388,0.785354435514959
2021-04-27,440537721642.35,225822324077.991,1.95081563986652
2021-04-28,330404270284.51,229392006533.948,1.44034779274496
2021-04-29,309858001369.28,232103348719.263,1.33500013282473
2021-04-30,290351595366.75,233726999346.59,1.24226809987062
2021-05-01,323226664150.61,235547615540.638,1.37223492332422
2021-05-02,286312652970.8,237536166584.006,1.20534340975627
2021-05-03,255719383706.17,239145579010.519,1.06930424875185
2021-05-04,283096825552.07,239829703303.369,1.18040768784161
2021-05-05,392680031313.78,241776008148.606,1.62414804645307
2021-05-06,235540284283.59,243862720471.736,0.965872454092013
2021-05-07,188632122038.62,244991529559.013,0.769953648512499
2021-05-08,176541487412.64,244537260165.666,0.721941054271399
2021-05-09,176199551772.44,244802190567.887,0.719762970109443
2021-05-10,222317808589.91,245044228352.097,0.907255845546658
2021-05-11,158911496300.57,246454551799.612,0.644790267171767
2021-05-12,135792051419.4,246944379888.606,0.549889215865751
2021-05-13,165833220678.51,246157304999.525,0.673687992638813
2021-05-14,127259119532.22,246660436186.218,0.515928381137478
2021-05-15,173225732679.52,246012549133.781,0.704133725248789
2021-05-16,494475404837.85,246891497293.454,2.00280451234057
2021-05-17,240960067529.16,247687922734.281,0.972837370789618
2021-05-18,199792034856.54,248108310510.047,0.805261357210563
2021-05-19,167342729274.46,248310792928.567,0.673924509284623
2021-05-20,231860716871.27,247488429272.146,0.936854775607748
2021-05-21,140672178180.31,248408821506.296,0.566293005728642
2021-05-22,583809093254.25,247974271305.424,2.35431317201124
2021-05-23,249598418750.44,253147910240.004,0.985978586644467
2021-05-24,265854248139.94,253004329068.72,1.05078932490412
2021-05-25,222575996947.12,254957964338.175,0.872990955685135
2021-05-26,188234110871.43,255755993929.92,0.735991004468923
2021-05-27,140491117941.34,254543484863.746,0.551933662794563
2021-05-28,162607794326.16,253521447253.017,0.641396600122259
2021-05-29,136907606563.3,253661742728.647,0.539725088578911
2021-05-30,211452493251.05,252477610527.59,0.837509879823354
2021-05-31,425804864826.39,252509181361.305,1.6862945835507
2021-06-01,230356561896.86,252873016216.903,0.910957465304526
2021-06-02,177132200775.61,253460330155.658,0.69885571705374
2021-06-03,366350643663.55,251337360584.305,1.45760519968804
2021-06-04,392061297241.69,254182090944.987,1.5424426472538
2021-06-05,1024372144625.17,254995468749.789,4.01721704957167
2021-06-06,572782878597.33,263268689098.504,2.17565894584228
2021-06-07,228195108587.2,267754585024.24,0.852254718874531
2021-06-08,662684391986.4,267781810851.437,2.47471771842655
2021-06-09,432075050256.8,272537386831.474,1.58537900168529
2021-06-10,886459318786.341,275751791218.267,3.21470012894559
2021-06-11,843550433298.45,281666970181.452,2.99485038219082
2021-06-12,567796206631.93,288200790693.533,1.97014104390752
2021-06-13,428180545519.6,293149552612.338,1.46062152134964
2021-06-14,331604228420.29,296422893769.753,1.11868629377144
2021-06-15,316437514648.47,296238607556.794,1.06818458693911
2021-06-16,480580592361.37,297114849825.982,1.61749098923478
2021-06-17,204056003648.48,301069353670.061,0.677770756674567
2021-06-18,542613515721.96,302104043075.665,1.79611471001087
2021-06-19,387137353955.14,304677587123.478,1.27064598879813
2021-06-20,197987760775.63,304237027613.643,0.65076812749781
2021-06-21,176246201354.03,301553232722.188,0.584461323007604
2021-06-22,354388466493.42,301416982118.37,1.17574153918855
2021-06-23,373685601658.28,300694179128.19,1.2427430512347
2021-06-24,350910433351.07,303245197962.519,1.15718380936882
2021-06-25,192506586610.38,305418994418.242,0.630303255948648
2021-06-26,168692888428.52,303385519672.748,0.556034739596285
2021-06-27,562748290202.85,300743914898.545,1.87118761951573
2021-06-28,341022284270.46,302846555042.348,1.12605634303079
2021-06-29,770004191679.381,305491221043.515,2.52054441711666
2021-06-30,409824312083.87,308405611580.039,1.32884842783579
2021-07-01,292720766584.99,311427547665.241,0.939932156867639
2021-07-02,278596527202.03,311335938548.525,0.894842171131514
2021-07-03,311096927224.73,310184051405.428,1.00294301339855
2021-07-04,302261582331.77,308898308616.86,0.978514850680772
2021-07-05,163044053102.29,307468926702.043,0.530278148270541
2021-07-06,317160597145.84,307741624903.717,1.03060675410767
2021-07-07,95655462267.54,309463795913.041,0.309100655814418
2021-07-08,282072724891.56,309384941291.17,0.911720925117988
2021-07-09,467764210807.93,311384514804.701,1.50220768396691
2021-07-10,150658037598.76,312183070149.997,0.482595156509839
2021-07-11,350449431092.89,309337098788.089,1.1329046288527
2021-07-12,162715940656.01,311732875739.382,0.521972346580619
2021-07-13,166604106155.37,312389133520.418,0.533322347925014
2021-07-14,210068323265.47,312016914092.515,0.673259409274151
2021-07-15,373960400636.71,312790084561.566,1.1955634756162
2021-07-16,281464122837.18,315552826235.143,0.891971484443113
2021-07-17,209530332149.52,315143668459.533,0.664872415726244
2021-07-18,358504055901.62,314490617093.626,1.13995151656589
2021-07-19,332684460920.77,317372595807.197,1.04824570651612
2021-07-20,156787047174.23,319218261521.289,0.491159391781143
2021-07-21,211315983797.41,315840277301.43,0.669059644966482
2021-07-22,298225404391.15,314422559605.155,0.948486027102046
2021-07-23,180580342958.52,314284076307.797,0.574576813053892
2021-07-24,490357120747.58,312977275683.889,1.56674991715005
2021-07-25,199661914197.11,314966923976.71,0.633913909677303
2021-07-26,326561751131.12,313935367562.738,1.04021969128999
2021-07-27,148283025201.85,314778729079.701,0.471070664893323
2021-07-28,154423274557.54,313173802885.056,0.493091290315295
2021-07-29,705504498853.451,310337412923.672,2.27334658817617
2021-07-30,313338588754.62,315932225001.885,0.991790529607262
2021-07-31,189806764272.31,317416825796.123,0.597973229038032
2021-08-01,373795891634.03,317574745758.738,1.17703279818731
2021-08-02,232236354530.37,319927083138.043,0.725904016166597
2021-08-03,214180798834.66,320045161065.905,0.669220550378998
2021-08-04,262676748402.89,320703128953.216,0.819065124996674
2021-08-05,700422582223.44,322213661060.162,2.17378301068576
2021-08-06,357728519094.93,328577820126.173,1.08871779281256
2021-08-07,508043813644.41,331321503454.301,1.53338617731609
2021-08-08,533676147678.02,335307432989.597,1.59160249720613
2021-08-09,336651842329.34,335774108499.599,1.00261406048746
2021-08-10,392541237852.23,336913296294.839,1.16511055565082
2021-08-11,1615601129637.75,339207929663.836,4.76286368434504
2021-08-12,602542853762.78,356449101096.732,1.69040362820066
2021-08-13,745040298001.56,360861983678.774,2.06461287610936
2021-08-14,439348628829.47,368056842248.074,1.19369776186186
2021-08-15,506460163782.51,366337074814.446,1.38249770116508
2021-08-16,461182329497.65,369394952731.494,1.24848032190866
2021-08-17,203763944874.78,371720287033.372,0.548164714121419
2021-08-18,552216739448.15,371496334032.511,1.48646618784621
2021-08-19,334404679261.27,375829460563.186,0.889777716627536
2021-08-20,336841722998.21,378137955340.804,0.890790565296797
2021-08-21,772331683330.41,380212168777.376,2.03131763460898
2021-08-22,331632469320.44,387776741119.842,0.855214957871724
2021-08-23,174171035421.46,389207455120.668,0.447501796612454
2021-08-24,625550381615.56,386211814294.419,1.61970804222651
2021-08-25,214276605970.19,390916502624.403,0.548139064305682
2021-08-26,414557043739.27,391358697924.339,1.05927642834558
2021-08-27,160683265979.62,391932583639.526,0.40997679878386
2021-08-28,477078591483.4,389178083267.358,1.22586191770634
2021-08-29,239174552648.46,382662683825.194,0.625027113325004
2021-08-30,338506856503.42,378691156135.327,0.893886353085186
2021-08-31,176509519583.59,380004391229.567,0.464493368122574
2021-09-01,827238083321.17,374216595129.534,2.21058631308113
2021-09-02,284715530681.47,378920916951.729,0.751385098959158
2021-09-03,162473998766.48,371757300426.671,0.437043196139004
2021-09-04,275256929937.24,363649247634.624,0.756929738553465
2021-09-05,175198113923.71,360166637197.782,0.48643626540984
2021-09-06,172209577353.29,357154941583.545,0.482170501658891
2021-09-07,196804955660.42,355257386213.7,0.55397850487487
2021-09-08,213897263593.31,353833189082.89,0.604514415811915
2021-09-09,638002846964.63,350658387549.937,1.81944271010421
2021-09-10,474533034791.671,355824421398.939,1.33361569991746
2021-09-11,1696703780936.98,355013939483.102,4.77925960712239
2021-09-12,622326239559.91,370604015994.79,1.67922152135733
2021-09-13,136863794741.94,375655664551.746,0.364333105172935
2021-09-14,139482753044.87,375186826377.793,0.371768791541786
2021-09-15,158939656751.24,372628425027.215,0.426536587324577
2021-09-16,289045353566.81,370071925683.083,0.781051826704461
2021-09-17,767991214286.82,369335436638.033,2.07938675280566
2021-09-18,225403574376.13,376186444110.371,0.599180480597004
2021-09-19,197019509449.37,376861571324.033,0.522790128898467
2021-09-20,943964961178.81,372507657267.444,2.53408203230863
2021-09-21,485055063011.43,379685546278.258,1.27751785066886
2021-09-22,243070607460.17,376293294746.497,0.645960507013348
2021-09-23,149215026863.63,374308131596.214,0.39864222619827
2021-09-24,145598284926.67,372599729932.865,0.390763259417563
2021-09-25,225040342201.3,371016417524.825,0.606550900638359
2021-09-26,464139995716.58,369991934369.784,1.25445976682481
2021-09-27,172737798386.62,371919058338.651,0.464449977794184
2021-09-28,255211178748.36,372034460068.226,0.685988009555775
2021-09-29,457848151396.79,371296966992.066,1.23310501323479
2021-09-30,314582708896.37,375608784719.795,0.837527559774859
2021-10-01,145664029074.22,375995808338.9,0.387408651489347
2021-10-02,163797218871.61,372161282365.879,0.44012428651989
2021-10-03,179426432747.03,372317701190.556,0.481917545615694
2021-10-04,280812056276.62,370281713115.01,0.75837408743272
2021-10-05,282663872046.76,371687619253.351,0.760487725188635
2021-10-06,150393697546.43,373069283133.01,0.403125382726324
2021-10-07,335660535237.75,372358870922.069,0.901443637979019
2021-10-08,208407203364.73,371902920143.51,0.560380658706067
2021-10-09,323176943676.92,371033194911.695,0.871018949541253
2021-10-10,312303549199.49,372386130763.212,0.838655157643542
2021-10-11,309432518254.25,371836124731.044,0.832174438344495
2021-10-12,334438586895.9,371559315889.776,0.900094742867683
2021-10-13,147577341263.16,373674215172.177,0.394935843232215
2021-10-14,273516439610.69,372915421808.674,0.733454353494179
2021-10-15,466164572019.28,372621267466.049,1.25104123870695
2021-10-16,187679463287.5,376021079716.772,0.499119526567139
2021-10-17,363403477959.62,372417774270.819,0.975795203843725
2021-10-18,155269083479.11,374367078601.325,0.414750901866723
2021-10-19,182778882797.7,372327880176.896,0.49090839695072
2021-10-20,137810883624.79,372738545148.276,0.369725335408949
2021-10-21,309779102416.65,372540778589.552,0.831530721521227
2021-10-22,677930766258.1,367829761965.305,1.84305577296392
2021-10-23,184237470894.87,372170145030.822,0.495035599590106
2021-10-24,192651822522.79,372103843919.186,0.517736716970412
2021-10-25,308808399201.21,369947366905.957,0.834736037679952
2021-10-26,312853101400.47,370858938866.324,0.84359056399403
2021-10-27,270760054372.42,372033609134.965,0.727783855340324
2021-10-28,684717539564.04,372129838967.935,1.83999633424462
2021-10-29,160128224591.39,371942874174.371,0.430518328780564
2021-10-30,180155653695.35,369590489715.996,0.487446670594222
2021-10-31,215020427512.81,365687059240.412,0.587990255819937
2021-11-01,446267532273.72,361893538762.254,1.23314589644248
2021-11-02,480941282048.5,363198487452.068,1.3241830532457
2021-11-03,193771086462.37,364250868930.595,0.53197151466313
2021-11-04,335723307061.55,347324320797.555,0.966598901829374
2021-11-05,316372339212.46,344147897622.541,0.919291796922309
2021-11-06,514720965330.69,339044707636.956,1.5181507150433
2021-11-07,186430244757.72,339941997357.209,0.548417807176148
2021-11-08,524622791122.84,336132117368.818,1.56076365218978
2021-11-09,156903451214.11,336887360959.594,0.465744546685231
2021-11-10,304497732749.18,336329497939.825,0.905355416680283
2021-11-11,168046995069.55,333380462145.789,0.504069716587237
2021-11-12,464954463093.95,331400013524.459,1.40300073662982
2021-11-13,450033587923.84,332925165192.266,1.35175599496645
2021-11-14,330457269194.92,329088283104.092,1.00415993568022
2021-11-15,143453791636.83,329074292626.407,0.435931322656342
2021-11-16,670968544542.98,328708611152.781,2.04122594230158
2021-11-17,142445746288.48,329249303568.583,0.432637957755948
2021-11-18,143282410482.47,328394174286.658,0.436312278662402
2021-11-19,155204271493.74,325164714366.935,0.477309697627888
2021-11-20,436545169306.12,325099488242.103,1.34280484926824
2021-11-21,180301431624.7,324616947501.897,0.555428276349146
2021-11-22,161595899037.31,323916077013.519,0.498881996000976
2021-11-23,308334322628.88,321809994186.541,0.958125378946902
2021-11-24,136488893028.65,323379337079.938,0.422070544955415
2021-11-25,265691781740.15,315156132433.598,0.843048109800402
2021-11-26,129459231448.96,314929659231.916,0.411073481502819
2021-11-27,178525156194.73,314536626287.66,0.567581455621832
2021-11-28,667687683247.86,313385057552.63,2.13056642988069
2021-11-29,283536553068.64,319248028616.012,0.888138775038997
2021-11-30,127731915988.24,320573349755.481,0.398448330423188
2021-12-01,125603726253.05,319751051664.145,0.392817242036719
2021-12-02,148523993708.63,318699938124.38,0.466030820660734
2021-12-03,479421870667.49,312872808918.952,1.53232194361665
2021-12-04,286677739717.46,312931009346.045,0.916105247340466
2021-12-05,190901322406.5,296144985045.813,0.644621155333656
2021-12-06,139209555767.08,291008974127.32,0.478368600777838
2021-12-07,179719071089.24,291036899853.809,0.617513006699545
2021-12-08,296339388134.77,291515903640.052,1.01654621389258
2021-12-09,155209510648.48,293151614727.951,0.529451324334395
2021-12-10,172879767018.94,291558330883.685,0.592950873655224
2021-12-11,304143760225.42,284473670797.163,1.06914555351691
2021-12-12,149908973095.66,285411053962.035,0.525238847671263
2021-12-13,126171373162.41,284850214243.539,0.442939365509963
2021-12-14,130103090409.66,275114576290.963,0.472905115256643
2021-12-15,293313631960.64,270888957569.513,1.08278179587801
2021-12-16,314500384457.39,271487088813.566,1.15843587933333
2021-12-17,728699765308.77,273454771642.063,2.66479082055513
2021-12-18,783495637008.86,280396455932.326,2.79424229669278
2021-12-19,361581222385.99,287044733251.464,1.2596685481396
2021-12-20,300538266872.76,285823795473.719,1.05148091807631
2021-12-21,198373563462.06,287345229622.363,0.690366649631761
2021-12-22,145686918149.62,286668591345.146,0.508206767494157
2021-12-23,165493871682.41,282952386187.441,0.584882403404717
2021-12-24,278842904812.5,281177519077.751,0.991697009515879
2021-12-25,147182096018.4,282762981884.159,0.52051401862319
2021-12-26,187990430299.87,282565182802.573,0.665299342386489
2021-12-27,181118741570.07,282667135154.393,0.640749203019809
2021-12-28,350694092274.75,281480309979.315,1.24589209206328
2021-12-29,232431980692.93,282290193553.458,0.823379578890381
2021-12-30,557273030832.25,283266839781.392,1.96730768508703
2021-12-31,304843463073.62,285905083776.565,1.06624009285493
2022-01-01,333083504574.73,287053134487.385,1.16035487704931
2022-01-02,225199504375.9,287171069736.168,0.784199831072109
2022-01-03,186570659905.94,286134116821.602,0.65203919748676
2022-01-04,429120859316.21,284671475650.789,1.50742485995548
2022-01-05,616113509460.5,285798645560.554,2.15576077434545
2022-01-06,165706398856.93,291376457086.713,0.568702085658267
2022-01-07,277473401776.11,290093004220.597,0.956498080750371
2022-01-08,354583311876.11,287846680765.321,1.2318478397366
2022-01-09,240235911718.36,289833631343.757,0.828875208872599
2022-01-10,503472193915.09,288367350793.266,1.74594035188136
2022-01-11,264431547705.19,292512625917.503,0.904000457675174
2022-01-12,183796794797.37,293484681452.116,0.626256859090472
2022-01-13,194597848695.51,294032132775.6,0.661825110264476
2022-01-14,301182631267,292660927374.157,1.02911801028344
2022-01-15,516448749597.39,288175830529.025,1.79213068857755
2022-01-16,657874584247.62,292130726704.055,2.25198695005501
2022-01-17,203861500246.99,297669092915.065,0.684859480205284
2022-01-18,143009263908.2,296419725070.372,0.48245528827155
2022-01-19,157342824988.16,294397774624.035,0.534456570499205
2022-01-20,256934999954.64,293047569512.318,0.87676891633063
2022-01-21,457083979286.71,287954920231.254,1.58734561270782
2022-01-22,661777731194.14,291490107787.15,2.27032655144983
2022-01-23,338604714592.67,297223703947.85,1.13922513613544
2022-01-24,155676325249.38,298694945460.706,0.521188348230217
2022-01-25,180067188474.9,295235526329.464,0.609910300137649
2022-01-26,236323327712.09,291653691882.159,0.810287454916138
2022-01-27,164349388352.87,292160266182.751,0.562531621771138
2022-01-28,822889218705.9,290120100483.838,2.83637437507279
2022-01-29,138559527674.18,296150063334.95,0.467869316365693
2022-01-30,275400769656.49,291671950981.897,0.94421410330808
2022-01-31,150458523368.84,292731123897.358,0.513981982392812
2022-02-01,212721079380.97,288276787376.477,0.737905681955465
2022-02-02,315391040351.75,288941282949.892,1.09154025043367
2022-02-03,269445414063.36,289070965183.256,0.932108189740002
2022-02-04,398408311910.71,290278089218.897,1.37250563066189
2022-02-05,165646186428.57,289485873133.382,0.572208186311903
2022-02-06,313519118823.74,286100308829.867,1.09583635231299
2022-02-07,283549541738.7,285898664182.591,0.991783373837695
2022-02-08,297991171132.5,287566470731.423,1.03625144605545
2022-02-09,415110099920.52,283126263905.107,1.46616599320382
2022-02-10,166060966832.03,286372268115.013,0.579877960687648
2022-02-11,342980863274.23,286643441404.888,1.19654181373633
2022-02-12,167372118360.94,288878877021.323,0.579385104534956
2022-02-13,213126085791.18,285674435938.642,0.746045354359099
2022-02-14,374677642907.12,286065205631.1,1.3097630733543
2022-02-15,272603601364.14,288601893058.122,0.944566227461439
2022-02-16,432441688829.92,288176527328.78,1.50061385234388
2022-02-17,251599039262.82,291699774897.842,0.862527368596475
2022-02-18,386880215271.96,291532004154.065,1.3270591556305
2022-02-19,354487368593.2,294596539675.767,1.20329780174387
2022-02-20,424765656551.78,296691327918.606,1.43167533588413
2022-02-21,191993457689.92,293799399029.367,0.653484855054891
2022-02-22,175747235124.62,292709600274.858,0.600415001624788
2022-02-23,150000813660.22,293281211216.958,0.511457290556725
2022-02-24,245083719928.07,293571652733.71,0.834834418261691
2022-02-25,257759740751.84,294721173283.942,0.874588472486529
2022-02-26,147952586872.68,292082338403.993,0.506544105614629
2022-02-27,185818632311.99,290430848489.175,0.639803358626059
2022-02-28,124552174248.8,290370340273.764,0.428942481285696
2022-03-01,138975384533.53,290195847636.641,0.478902043793346
2022-03-02,176147135899.31,289710803749.073,0.608010242006287
2022-03-03,347704179802.71,288279943603.413,1.20613378598772
2022-03-04,160270880835.35,290571546807.63,0.551571145200447
2022-03-05,607822639032.661,290421441019.73,2.09289864032927
2022-03-06,454631738707.6,294036665767.435,1.5461736294724
2022-03-07,212489104333.25,297664317739.006,0.71385480781597
2022-03-08,272582824828.61,298691909776.754,0.912588576745656
2022-03-09,169095628932.74,300388097091.266,0.562923866059062
2022-03-10,139237045002.6,298909311340.933,0.465817021149225
2022-03-11,213052043443.45,296822843014.091,0.717775091970722
2022-03-12,347830176395.11,290684179658.551,1.19659135493264
2022-03-13,271841811124.17,285497686079.816,0.95216817641097
2022-03-14,180020995870.48,284429359755.271,0.632919878684022
2022-03-15,267367865023.7,282994630338.577,0.944780700269185
2022-03-16,119853828093.49,283815991071.453,0.422294133748495
2022-03-17,264963273461.76,283508454285.071,0.934586850786948
2022-03-18,180422453442.57,284692613830.063,0.63374476427501
2022-03-19,287905579303.51,283520941789.945,1.0154649511457
2022-03-20,300076871719.59,285196221352.863,1.05217688472918
2022-03-21,138635576551.85,286530583750.717,0.48384216001341
2022-03-22,160986163368.03,286024831786.214,0.562839814860401
2022-03-23,648739054740.57,283766404061.134,2.28617287126353
2022-03-24,83241528858.02,288722440656.939,0.288309868358753
2022-03-25,334140355039.22,283079208490.58,1.18037759403421
2022-03-26,489897211504.12,283427981013.98,1.72847158474433
2022-03-27,187092965642.09,285294810858.377,0.655788183034863
2022-03-28,159574671061.08,284841161587.736,0.560223354558706
2022-03-29,272246736881.55,284519780768.155,0.956864004838365
2022-03-30,199842907192.51,282652231691.552,0.707027522820309
2022-03-31,155975209714.93,277696629283.599,0.561674839616578
2022-04-01,256939430793.8,277580781793.814,0.925638400228492
2022-04-02,171120111586.85,277336329758.31,0.617012966660286
2022-04-03,184658881089.75,275152244040.581,0.671115301035
2022-04-04,255026866435.2,274490612723.573,0.929091395529892
2022-04-05,140462308908.14,271532930253.575,0.517293827960267
2022-04-06,237470549825.86,270057105982.181,0.879334572449757
2022-04-07,266906392460.46,270696079256.33,0.986000215421364
2022-04-08,165060723551.52,271556895253.532,0.607831089677968
2022-04-09,242304814085.41,269936396352.157,0.897636692790775
2022-04-10,367194879345.96,266672778072.252,1.37694924094004
2022-04-11,155966839228.41,263212305394.852,0.592551472828902
2022-04-12,130011320857.43,262642130858.916,0.495013196977404
2022-04-13,219162006096.31,262487393441.645,0.834942978490252
2022-04-14,127468826365.75,263223336073.885,0.484261115549308
2022-04-15,231623336545.32,261682072102.589,0.885132614107838
2022-04-16,122731462231.65,258998016831.858,0.473870277977177
2022-04-17,176583910426.05,252580799344.209,0.699118503403764
2022-04-18,235726813531.96,250651980246.988,0.94045462277888
2022-04-19,306218876825.55,251604962250.352,1.21706215206064
2022-04-20,145321434260.96,253106768064.05,0.574150724504474
2022-04-21,436346794762.94,252023412189.632,1.73137404565658
2022-04-22,268975492566,255261476551.656,1.05372536506334
2022-04-23,146551316536.69,248667265526.181,0.589347038608345
2022-04-24,269648436585.51,248762405869.783,1.08395975526407
2022-04-25,257020350167.92,248693925714.176,1.03348061047263
2022-04-26,229380069335.97,249962518890.355,0.917657856682851
2022-04-27,332222890709.32,250160840199.343,1.32803715579379
2022-04-28,408107081823.1,250361219370.267,1.63007307141901
2022-04-29,121263637469.39,252011953510.264,0.481182085930107
2022-04-30,224032973952.15,248712612147.867,0.900770459597584
2022-05-01,188610685704.75,249407692951.719,0.75623443476245
2022-05-02,153183236971.99,247920687795.541,0.617871942571891
2022-05-03,118188160479.37,246368707976.889,0.479720665217178
2022-05-04,120698910379.48,244228195945.305,0.49420547006174
2022-05-05,1213933016671.58,240723300831.721,5.04285631044993
2022-05-06,131174974348.78,253197968091.715,0.518072776560612
2022-05-07,232279746568.82,250676469414.031,0.926611688411702
2022-05-08,279106915594.93,251449179273.649,1.10999334498197
2022-05-09,127500098904.95,252234665342.741,0.505482062632828
2022-05-10,115577408872.91,249292075533.192,0.463622474263213
2022-05-11,103578322435.43,247422716098.772,0.418628992796608
2022-05-12,174692308352.78,243507676022.647,0.717399595799735
2022-05-13,100885984903.89,242592119702.29,0.415866702627017
2022-05-14,175479126919.48,239187426483.622,0.733646954186764
2022-05-15,185472512288.32,237056375987.507,0.782398328311974
2022-05-16,104973313476.39,234207648079.608,0.448206172330927
2022-05-17,168036447396.42,233171693981.828,0.720655430026234
2022-05-18,110453888666.62,233079898889.826,0.473888521458602
2022-05-19,153324402881.24,232609102163.711,0.659150486610492
2022-05-20,194491074756.72,231516729341.725,0.840073524318173
2022-05-21,296643998184.08,230763530937.022,1.28548907610986
2022-05-22,217315540602.37,232533666785.967,0.934555170466546
2022-05-23,234758059092.13,232908629979.9,1.00794057786691
2022-05-24,487515445276.62,234220604799.463,2.08143705244901
2022-05-25,123786503518,238369891236.881,0.519304274863249
2022-05-26,106540840167.97,237746550375.199,0.448127806690919
2022-05-27,361395275097.22,234875558236.69,1.53866701929467
2022-05-28,244253982055.79,237269896263.617,1.02943519553957
2022-05-29,193012121880.11,232941697966.273,0.828585536918578
2022-05-30,343104866870.55,229827178718.327,1.49288203764209
2022-05-31,86637097584.59,231382128272.343,0.374432970391801
2022-06-01,286185979398.08,229168488662.295,1.24880161783415
2022-06-02,135241256972,230562421405.93,0.586571116608345
2022-06-03,114887602323.29,230514852500.803,0.498395661177145
2022-06-04,157657594414.87,229346228201.754,0.687421788668702
2022-06-05,138964185663.56,227082268892.465,0.611955245741209
2022-06-06,99391123679.68,225500392398.887,0.440758096348975
2022-06-07,132271416096.51,224540512968.044,0.589075950473734
2022-06-08,173392862039.55,222932221909.387,0.777782864022355
2022-06-09,163429482305.26,223569591361.126,0.731000496580401
2022-06-10,180333189445.57,222360855752.12,0.810993413546669
2022-06-11,101001908134.95,222359793085.489,0.454227388564436
2022-06-12,218814040579.55,220134749381.101,0.994000452880501
2022-06-13,159368503930.15,219167334724.672,0.727154455431763
2022-06-14,93821208812.89,219414155288.699,0.427598705696278
2022-06-15,89272454587.68,218614572496.376,0.408355461249774
2022-06-16,166927004564.1,211954255827.89,0.787561466563085
2022-06-17,90172927218.3,212950511491.057,0.423445459637165
2022-06-18,106337714509.9,210046137350.332,0.50625884318235
2022-06-19,400632015483.66,205479952862.305,1.94973772332977
2022-06-20,89658685193.89,208022084408.038,0.431005609087269
2022-06-21,82879248272.67,207189751242.953,0.400016158016836
2022-06-22,329664154695.99,204935376378.561,1.6086249261671
2022-06-23,163829896248.47,206480867420.27,0.793438628456611
2022-06-24,189069200173.86,206574375593.288,0.915259695840046
2022-06-25,133057450917.02,205766396657.336,0.646643247286879
2022-06-26,176311503586.31,205313269744.6,0.85874382988315
2022-06-27,110518774151.05,205213896202.892,0.538554046270733
2022-06-28,254927296914.42,203493561770.938,1.25275362373075
2022-06-29,78314435153.1901,204856240199.585,0.382289722182204
2022-06-30,132567979653.39,202961524548.719,0.653168032454191
2022-07-01,90707059237.02,201362257729.588,0.450467035182094
2022-07-02,92765545802.96,200477095059.177,0.462723912552591
2022-07-03,103019244003.15,198696865674.862,0.518474429142359
2022-07-04,108358909237.87,195551917635.067,0.554118366868108
2022-07-05,162815096073.89,194985156563.751,0.835012771962759
2022-07-06,100302411842.87,195375677697.28,0.513382284965281
2022-07-07,114320952156.77,193960682527.596,0.589402711245382
2022-07-08,100000888040.39,193804160215.585,0.515989377777808
2022-07-09,119823556774.88,192237226304.812,0.623310890809918
2022-07-10,179519501527.66,192202608382.707,0.934011785990995
2022-07-11,140374129693.62,192237555895.822,0.730211789467883
2022-07-12,74343291393.71,191102404897.746,0.389023316757783
2022-07-13,59549214247.04,188341981261.653,0.316175999891982
2022-07-14,210558454003.62,187320883404.344,1.12405221551895
2022-07-15,287221097034.38,184632926966.733,1.55563312434586
2022-07-16,126091699096.02,184850136543.738,0.682129326240369
2022-07-17,337153924343.15,184606569669.444,1.82633762680742
2022-07-18,82379562826.4901,185410206428.464,0.444309751946015
2022-07-19,65445545447.35,183331149436.304,0.356979954844435
2022-07-20,171063954336.83,181379547961.439,0.943127029808221
2022-07-21,86517153683.34,179460989195.1,0.482094487896104
2022-07-22,178320428371.62,175632537669.627,1.01530405890422
2022-07-23,121489985787.02,176311785180.368,0.68906332984341
2022-07-24,82088077446.53,175091035321.259,0.468830841601421
2022-07-25,111811019829.04,173822909032.47,0.643246741476139
2022-07-26,108467519122.17,173330382637.912,0.625784801668381
2022-07-27,157669333811.16,173214660716.993,0.910253977108604
2022-07-28,91898885468.05,173654784805.465,0.529204453369937
2022-07-29,145621107592.88,160297235624.47,0.908444284928454
2022-07-30,188705916180.71,160469213401.186,1.17596336506573
2022-07-31,288017231773.27,159950477325.137,1.80066503451445
2022-08-01,293707981853.39,160056552517.736,1.8350262906034
2022-08-02,147712751423.92,162035217790.932,0.911608929452042
2022-08-03,111379515325.43,162417781392.73,0.685759369265806
2022-08-04,110133681162.99,162510652736.658,0.677701303319832
2022-08-05,103281537815.04,161742097651.066,0.638556933012298
2022-08-06,123256400518.04,161770616138.103,0.761920820112451
2022-08-07,88673219905.9101,161148917014.276,0.550256381171053
2022-08-08,91541967530.2799,159996544485.914,0.572149653759172
2022-08-09,158606765342.72,159836647510.365,0.992305380606999
2022-08-10,98816958988.41,159724389390.679,0.618671696698168
2022-08-11,86360446353.7,159585854513.557,0.541153516500196
2022-08-12,169601638347.52,158788664554.896,1.0680966353797
2022-08-13,149335871470.88,158492361740.501,0.942227561195583
2022-08-14,233171356055.78,156738693565.343,1.48764386605387
2022-08-15,136935306436.73,156927453273.122,0.872602617200464
2022-08-16,111410056051.85,155762896693.891,0.715254135718826
2022-08-17,129731688850.81,151285451584.073,0.857529177408809
2022-08-18,337849306714.62,151356227599.939,2.23214671818866
2022-08-19,150323740024.81,154109899820.733,0.975432079312705
2022-08-20,71061545956.98,151597143450.823,0.468752539390901
2022-08-21,117690665624.61,149535328735.361,0.787042544527334
2022-08-22,70060584967.0601,148638644732.319,0.471348383815197
2022-08-23,83112391293.38,145388117566.802,0.571658761969954
2022-08-24,188600641088.65,145346156777.621,1.29759634014409
2022-08-25,84170291798.96,144184426559.651,0.583768259910771
2022-08-26,71703023949.4,143576438879.02,0.49940661928395
2022-08-27,138221611184.17,143062336755.521,0.966163522271949
2022-08-28,148015978810.3,142830956002.775,1.0363018140649
2022-08-29,69940385270.04,142938715444.998,0.489303300734872
2022-08-30,165612958506.59,142588111416.312,1.16147802829826
2022-08-31,78817483181.62,142985034540.241,0.551228899129565
2022-09-01,89856947951.05,141859137172.885,0.633423759243232
2022-09-02,162803332080.95,140983273668.668,1.15477054720379
2022-09-03,142033997833.12,140774584890.518,1.00894630904848
2022-09-04,267104997719.55,141263062148.829,1.89083397780333
2022-09-05,946156767726.89,141837954495.734,6.67068818843794
2022-09-06,118585383952.88,151204481445.695,0.784271622236737
2022-09-07,95297980197.36,151499293054.505,0.629032507518532
2022-09-08,124612658703.92,151571025502.239,0.822140368127807
2022-09-09,145287775275.02,151067283289.618,0.961742159594427
2022-09-10,141885737224.56,151723412433.15,0.935160466991707
2022-09-11,250507133317.28,152146603179.753,1.64648521939934
2022-09-12,97327256995.05,150359402201.582,0.647297445786373
2022-09-13,145328126063.58,150450694723.024,0.965951844430662
2022-09-14,315604956135.34,151194133744.345,2.08741535348851
2022-09-15,97549380730.53,151026762332.908,0.645907912105682
2022-09-16,200910022505.19,150237708576.743,1.33728092905892
2022-09-17,121712937356.44,150378670747.354,0.80937633476576
2022-09-18,109291349850.62,150243617014.49,0.727427574111717
2022-09-19,78048074078.6,149445758041.446,0.52225018027581
2022-09-20,99709140471.74,149059202088.202,0.668923079386535
2022-09-21,117569376431.31,147211366892.456,0.798643331103632
2022-09-22,162800414874.38,147678687621.957,1.10239613783089
2022-09-23,372139393233.61,148038597565.064,2.51379977488676
2022-09-24,168130076365.45,151388982493.595,1.11058330399019
2022-09-25,162096474332.12,152286179286.006,1.06442012723748
2022-09-26,221765119688.88,152989479647.065,1.4495448981229
2022-09-27,154659108468.87,154339553581.006,1.00207046658131
2022-09-28,90968755610.93,154242458490.47,0.589777655914054
2022-09-29,125481228184.08,154131343535.328,0.814118824282611
2022-09-30,74055223251.41,154264203964.224,0.480054486707651
2022-10-01,107503462311.16,153955327002.451,0.698276989853354
2022-10-02,119536049816.62,153808659211.216,0.777173732803098
2022-10-03,86788798753.03,153094570500.37,0.566896647408016
2022-10-04,161828492472.6,152456649893.934,1.06147217969951
2022-10-05,154981479091.47,153498140382.969,1.00966356142687
2022-10-06,154575270856.06,154634238773.974,0.999618661957523
2022-10-07,83831233728.0601,153967772307.932,0.544472602749618
2022-10-08,347718705257.2,151546464411.428,2.29446926794143
2022-10-09,337562629285.97,154184881151.442,2.18933676742542
2022-10-10,181463230410.24,154189746686.475,1.17688260283105
2022-10-11,124185101108.95,155369314157.71,0.799289755394643
2022-10-12,75422229005.09,156068594582.253,0.483263331786716
2022-10-13,136688309346.82,154930002614.018,0.882258484738786
2022-10-14,178848867664.99,155527278276.679,1.14995176181777
2022-10-15,121862004212.82,155533569220.647,0.783509340288723
2022-10-16,177506286711.74,155537998011.431,1.14124065489576
2022-10-17,119759758782.2,156673929074.112,0.764388558389633
2022-10-18,168100391900.54,156768556918.792,1.07228385082104
2022-10-19,79125152557.6,157478472070.916,0.502450598593364
2022-10-20,172776063067.46,156543422294.088,1.10369417338326
2022-10-21,93507489709.1,157506245836.938,0.593674804527472
2022-10-22,126837509319.34,156885845624.036,0.808470061877321
2022-10-23,199677802945.89,156149316970.924,1.27876193645516
2022-10-24,297601111651.58,155097657103.932,1.91879824111177
2022-10-25,248407140280.92,155144003887.243,1.60113916140426
2022-10-26,243658126193.06,156342746611.731,1.5584869235934
2022-10-27,239829820763.62,157917491979.203,1.51870332892068
2022-10-28,217608727922.27,159461493641.115,1.36464749547637
2022-10-29,132251081564.8,160822531618.582,0.822341746730212
2022-10-30,255778539364,160929611154.853,1.58938145396921
2022-10-31,117503368154.99,162918960196.021,0.721238142040755
2022-11-01,179360155081.94,163228024489.172,1.09883186813817
2022-11-02,261560841450.87,163475088652.735,1.60000427959086
2022-11-03,88097349025.72,165412515824.907,0.532591796856371
2022-11-04,249716599469.09,165433193237.669,1.50947095067152
2022-11-05,263986404631.67,166386942774.83,1.58658125589169
2022-11-06,177372843437.06,167751830074.364,1.05735265814049
2022-11-07,93741221358.65,167087562066.998,0.561030517167173
2022-11-08,123474891842.79,166573346768.449,0.741264399366546
2022-11-09,110869107017.22,166716975765.961,0.66501390459997
2022-11-10,168781420378.08,166492421220.323,1.01374836849017
2022-11-11,111558154480.03,164479708287.745,0.678248737436155
2022-11-12,223446867193.85,164018213221.735,1.36232960233369
2022-11-13,325958410660.85,165832324188.841,1.96559031693764
2022-11-14,415899322983.35,168311702105.939,2.47100657755557
2022-11-15,173204800301.56,172428829939.466,1.00450023561817
2022-11-16,181580890920.3,173501358618.135,1.04656754486832
2022-11-17,152289060498.36,173417790163.75,0.878162847967102
2022-11-18,132991845946.2,174228727886.362,0.763317551356639
2022-11-19,287172525529.03,174958356719.657,1.64137644473409
2022-11-20,101340686725.39,176731581890.429,0.573415830047962
2022-11-21,118108693016.75,176175923651.323,0.670402008225049
2022-11-22,195025199739.44,176749355886.403,1.1033997762616
2022-11-23,188439702406.08,177099501615.366,1.06403293452143
2022-11-24,135333159303.43,178404528034.705,0.758574688626199
2022-11-25,246076720847.88,178945911503.185,1.37514581238979
2022-11-26,179983188059.23,179937261369.458,1.00025523723893
2022-11-27,180801838038.61,180389037443.579,1.00228839069647
2022-11-28,154383264559.04,179361618875.948,0.860737461707546
2022-11-29,154883757040.66,169935743838.236,0.91142542200007
2022-11-30,118178660464.88,170367867327.376,0.693667546109442
2022-12-01,573449849621.93,170640256378.18,3.36057775458932
2022-12-02,120184114151.79,175983556270.061,0.682928091118682
2022-12-03,283987545457.31,175684703161.451,1.61646142405654
2022-12-04,217119579020.01,177376391354.698,1.22406131594953
2022-12-05,377156693749.69,176978920470.207,2.13108257609234
2022-12-06,185651716085.94,180310223288.714,1.02962390429007
2022-12-07,145016696367.56,180790266027.076,0.802126682781924
2022-12-08,107100211720.81,178759453410.793,0.599130337877525
2022-12-09,127183028699.64,178873153779.725,0.711023571800277
2022-12-10,218128539225.19,177995451472.516,1.22547254674579
2022-12-11,372845484515.3,179143256256.668,2.08126999757728
2022-12-12,117209584449.08,182280805478.866,0.64301660364711
2022-12-13,166747530013.71,182747013935.657,0.912450093835291
2022-12-14,181764635732.71,183545090001.633,0.990299635534203
2022-12-15,169993999947.81,184309319279.031,0.922329921312614
2022-12-16,151408165549.31,184394957196.572,0.821107951384503
2022-12-17,428403993010.95,181767204486.044,2.35688277333793
2022-12-18,227829037785.59,184865703493.729,1.23240294700373
2022-12-19,92425453607.78,185648234011.032,0.497852587179944
2022-12-20,178516106641.62,184108476081.495,0.969624595461863
2022-12-21,129183836394.87,184392487964.504,0.700591644599633
2022-12-22,112800805255.25,184847429402.408,0.61023734882288
2022-12-23,118356423475.83,184696471986.589,0.640815832607913
2022-12-24,120027215721.16,185223867227.356,0.648011606267949
2022-12-25,95347068326.56,185372959529.856,0.514352624937208
2022-12-26,108873377275.55,185084995464.498,0.588234486552064
2022-12-27,204879829283.65,185347907113.575,1.10537978267057
2022-12-28,245873166950.32,185860423027.993,1.32289146309157
2022-12-29,104265319732.36,186942466931.074,0.557740150988821
2022-12-30,123745060563.8,186343538941.506,0.664069499091373
2022-12-31,208799992983.92,186818703546.694,1.11766107472067
