date,region_id,type_id,average,highest,lowest,volume,order_count,http_last_modified
2018-01-01,10000002,34,4.9,4.93,4.86,9693051459,2118,
2018-01-01,10000002,35,4.79,4.87,4.68,2402304894,1635,
2018-01-01,10000002,36,70.78,70.81,68.84,908104620,1476,
2018-01-01,10000002,37,40.27,42.41,40,377751333,1302,
2018-01-01,10000002,38,314.76,314.77,304,83443323,1258,
2018-01-01,10000002,39,809.99,815.36,809,32324679,1226,
2018-01-01,10000002,40,985,1029,951.12,23045104,1140,
2018-01-01,10000002,11399,9998.02,10100,9806.07,2139046,486,
2018-01-02,10000002,34,4.9,4.93,4.87,21965386686,2167,
2018-01-02,10000002,35,4.78,4.8,4.43,4945144973,1631,
2018-01-02,10000002,36,69.68,70.68,66.64,777600414,1423,
2018-01-02,10000002,37,40.46,40.49,39.02,205097341,1268,
2018-01-02,10000002,38,300,314.58,294.83,93814769,1202,
2018-01-02,10000002,39,799.56,805.34,772.08,60952292,1276,
2018-01-02,10000002,40,952.3,990.99,930.88,22698089,1109,
2018-01-02,10000002,11399,9005.01,9500,9000.36,2968302,494,
2018-01-03,10000002,34,4.87,4.9,4.6,12801806396,2144,
2018-01-03,10000002,35,4.75,4.81,4.54,1959651473,1631,
2018-01-03,10000002,36,70.22,70.3,67.05,1006134537,1528,
2018-01-03,10000002,37,40.11,40.11,39.99,333720707,1264,
2018-01-03,10000002,38,311.82,312.99,300,94528926,1281,
2018-01-03,10000002,39,807.68,807.77,801.35,39827010,1275,
2018-01-03,10000002,40,996.57,1004.96,935.11,17056866,1112,
2018-01-03,10000002,11399,9501.05,9745.4,9101.3,2614160,446,
2018-01-04,10000002,34,4.87,4.9,4.81,20439917384,2065,
2018-01-04,10000002,35,4.57,4.69,4.5,3318672239,1606,
2018-01-04,10000002,36,70.1,70.11,67.5,839783830,1383,
2018-01-04,10000002,37,40.04,40.14,40,402990359,1284,
2018-01-04,10000002,38,309.77,310,290.92,60332609,1146,
2018-01-04,10000002,39,807.33,807.43,771.22,44072914,1246,
2018-01-04,10000002,40,940.01,990,936.26,22585345,1089,
2018-01-04,10000002,11399,9741.84,9742.48,9500.98,1871305,505,
2018-01-05,10000002,34,4.92,4.93,2.44,19819430294,2147,
2018-01-05,10000002,35,4.58,4.59,4.57,3341931427,1717,
2018-01-05,10000002,36,70.18,70.47,69.87,907713842,1507,
2018-01-05,10000002,37,42.3,42.4,40.38,211188746,1303,
2018-01-05,10000002,38,308.98,309.16,308.75,69045616,1274,
2018-01-05,10000002,39,806.71,807.13,780.02,49133761,1333,
2018-01-05,10000002,40,938.04,989.72,936.37,28340794,1213,
2018-01-05,10000002,11399,9598.76,9598.82,9028,2040674,492,
2018-01-06,10000002,34,4.82,4.84,4.72,12634166946,2429,
2018-01-06,10000002,35,4.52,4.56,4.32,3927188612,1918,
2018-01-06,10000002,36,70.8,70.82,69.87,1146850090,1648,
2018-01-06,10000002,37,40,41.91,39.55,277793975,1473,
2018-01-06,10000002,38,307.7,308.69,288,77411381,1397,
2018-01-06,10000002,39,799.99,801.08,771.27,47303563,1407,
2018-01-06,10000002,40,987.58,987.87,952.02,16023309,1241,
2018-01-06,10000002,11399,9002.87,9597.45,9000,2238282,588,
2018-01-07,10000002,34,4.86,4.94,4.81,15037356053,2555,
2018-01-07,10000002,35,4.8,4.85,4.67,3172368424,2031,
2018-01-07,10000002,36,70.67,71.48,69.89,1471530017,1772,
2018-01-07,10000002,37,41.78,41.87,41.11,247263553,1584,
2018-01-07,10000002,38,307.62,307.68,307.27,63406856,1445,
2018-01-07,10000002,39,799.99,800.83,772.45,51683888,1429,
2018-01-07,10000002,40,986.94,987.13,948.26,20735914,1302,
2018-01-07,10000002,11399,9519.9,9549.84,9500.03,2373817,667,
2018-01-08,10000002,34,4.95,4.96,4.81,14535386393,2191,
2018-01-08,10000002,35,4.69,4.72,4.49,4398965634,1746,
2018-01-08,10000002,36,69.9,72.87,68.58,1311775225,1590,
2018-01-08,10000002,37,40.98,41.67,39.07,408654044,1372,
2018-01-08,10000002,38,307.99,309.13,307.25,114136723,1309,
2018-01-08,10000002,39,799.96,799.99,798.15,51817611,1351,
2018-01-08,10000002,40,984,984.73,938.09,24932706,1197,
2018-01-08,10000002,11399,9549.72,9549.78,9493.86,2386733,524,
2018-01-09,10000002,34,4.86,4.89,4.71,14674447471,2069,
2018-01-09,10000002,35,4.58,4.69,4.51,3422750162,1616,
2018-01-09,10000002,36,72.47,72.65,70.04,1027197722,1485,
2018-01-09,10000002,37,40.97,41.31,40.2,490177028,1303,
2018-01-09,10000002,38,315.48,327.49,309.99,71780791,1223,
2018-01-09,10000002,39,797.95,798,770,61023066,1266,
2018-01-09,10000002,40,981.56,982.92,940.15,20381097,1095,
2018-01-09,10000002,11399,9399.87,9491.98,8734.24,1202108,479,
2018-01-10,10000002,34,4.85,4.96,4.71,22194874602,2020,
2018-01-10,10000002,35,4.61,4.79,4.54,3035635726,1539,
2018-01-10,10000002,36,71.94,72.55,67.16,882438151,1383,
2018-01-10,10000002,37,41.09,41.12,39.1,216963031,1168,
2018-01-10,10000002,38,329.24,329.28,311.06,64077890,1131,
2018-01-10,10000002,39,780.96,780.98,765.51,46614610,1148,
2018-01-10,10000002,40,944,980.14,943,30225325,1085,
2018-01-10,10000002,11399,9399.78,9399.99,9399.77,1976327,517,
2018-01-11,10000002,34,4.92,5.08,2.45,20921145503,2074,
2018-01-11,10000002,35,4.87,4.87,4.72,2976855873,1609,
2018-01-11,10000002,36,72.9,74.65,68.23,1381519484,1465,
2018-01-11,10000002,37,39,39,39,429790762,1234,
2018-01-11,10000002,38,320.02,345.64,320.01,97019075,1230,
2018-01-11,10000002,39,799,800.7,780.94,31430574,1212,
2018-01-11,10000002,40,979.85,979.85,970.01,21717666,1112,
2018-01-11,10000002,11399,9741,9741,9741,3915785,485,
2018-01-12,10000002,34,5.02,5.1,4.88,29462322959,2007,
2018-01-12,10000002,35,4.67,4.73,4.6,2683614146,1558,
2018-01-12,10000002,36,70.95,74.96,70.48,920306480,1435,
2018-01-12,10000002,37,40.94,40.98,39.11,239434652,1164,
2018-01-12,10000002,38,337.98,339.91,326,76826924,1134,
2018-01-12,10000002,39,800.32,800.65,799.45,31936756,1137,
2018-01-12,10000002,40,979.93,979.93,979.93,29380261,1073,
2018-01-12,10000002,11399,9200,9739.64,9059.01,2484268,543,
2018-01-13,10000002,34,4.99,5.01,4.92,15580988193,2492,
2018-01-13,10000002,35,4.54,4.54,4.53,4675563236,1931,
2018-01-13,10000002,36,74.21,74.31,74,947559277,1662,
2018-01-13,10000002,37,39.98,40.77,39,316476057,1425,
2018-01-13,10000002,38,328.9,329,318.11,67385892,1342,
2018-01-13,10000002,39,798.73,798.79,780,39300682,1370,
2018-01-13,10000002,40,971.96,972.76,937.01,25524688,1223,
2018-01-13,10000002,11399,9489.99,9584.98,9061.02,3343660,621,
2018-01-14,10000002,34,5.07,5.17,2.47,16593590564,2502,
2018-01-14,10000002,35,4.8,4.88,4.55,3588756897,1978,
2018-01-14,10000002,36,74.19,74.25,71.32,1221812068,1775,
2018-01-14,10000002,37,39.75,39.83,38,318038333,1452,
2018-01-14,10000002,38,327.09,327.18,324.97,65921473,1424,
2018-01-14,10000002,39,797.74,798.51,767.32,45068010,1448,
2018-01-14,10000002,40,970.54,970.61,934.1,25673867,1302,
2018-01-14,10000002,11399,9439.74,9439.79,9004.03,1702290,588,
2018-01-15,10000002,34,5.18,5.25,5.02,15140654225,2247,
2018-01-15,10000002,35,4.78,4.81,4.68,2861471307,1755,
2018-01-15,10000002,36,72.99,75.45,71.74,920753560,1588,
2018-01-15,10000002,37,39.54,39.59,38.15,401196156,1378,
2018-01-15,10000002,38,326.95,327.03,315.01,103168060,1316,
2018-01-15,10000002,39,788.96,790,768.02,59467967,1337,
2018-01-15,10000002,40,969,969.6,930.19,29509093,1208,
2018-01-15,10000002,11399,9250,9489.98,9007.03,4292584,636,
2018-01-16,10000002,34,5.21,5.25,5.1,26574088033,2123,
2018-01-16,10000002,35,4.79,4.89,4.65,3723366488,1623,
2018-01-16,10000002,36,71.53,74.93,70.22,1377586897,1400,
2018-01-16,10000002,37,39.11,39.59,35.17,400242417,1237,
2018-01-16,10000002,38,324.92,328.98,300,82896331,1102,
2018-01-16,10000002,39,761.21,799.5,750,49194575,1241,
2018-01-16,10000002,40,960.05,968.88,930,26814733,1104,
2018-01-16,10000002,11399,9489.8,9489.93,9489.74,3177491,518,
2018-01-17,10000002,34,5.22,5.27,2.53,16689262649,2087,
2018-01-17,10000002,35,4.86,4.87,4.85,2744392207,1611,
2018-01-17,10000002,36,74.73,75.25,73.47,1457415663,1445,
2018-01-17,10000002,37,38.97,39.5,38.91,268166001,1314,
2018-01-17,10000002,38,329.05,329.06,328.93,71312455,1176,
2018-01-17,10000002,39,805.39,806.18,788.95,34220875,1234,
2018-01-17,10000002,40,968.08,968.62,964.11,26732694,1154,
2018-01-17,10000002,11399,9739.66,9741,9216.43,1796004,529,
2018-01-18,10000002,34,5.28,5.29,5.14,16815873408,2124,
2018-01-18,10000002,35,4.79,4.84,4.74,2927416062,1603,
2018-01-18,10000002,36,75.31,75.48,71.26,943440200,1481,
2018-01-18,10000002,37,39.57,39.68,37.41,280608949,1262,
2018-01-18,10000002,38,329.04,329.05,320,87053070,1186,
2018-01-18,10000002,39,795,799.95,777.01,41354179,1255,
2018-01-18,10000002,40,964.17,968.09,963.74,30414086,1169,
2018-01-18,10000002,11399,9602.05,9900,9500,3584947,496,
2018-01-19,10000002,34,5.37,5.46,2.58,21670882776,2012,
2018-01-19,10000002,35,4.79,4.81,4.58,2673674561,1562,
2018-01-19,10000002,36,75.79,76.88,71.9,950297217,1482,
2018-01-19,10000002,37,38.6,39.41,37.48,283279887,1175,
2018-01-19,10000002,38,324.93,339.86,316.05,95119895,1158,
2018-01-19,10000002,39,790,799.6,777.03,48433063,1257,
2018-01-19,10000002,40,950,969.34,925.37,18277545,1088,
2018-01-19,10000002,11399,9620.02,9999.54,9602.06,3141957,560,
2018-01-20,10000002,34,5.49,5.88,5.27,15080198913,2324,
2018-01-20,10000002,35,4.89,4.98,4.82,4430204451,1741,
2018-01-20,10000002,36,81.71,86.65,77.46,1400407125,1687,
2018-01-20,10000002,37,39.82,39.95,38.96,566415179,1351,
2018-01-20,10000002,38,350.01,350.01,349.65,107832327,1309,
2018-01-20,10000002,39,799.56,799.58,760.5,49092639,1313,
2018-01-20,10000002,40,969.67,978.19,968.55,50968365,1187,
2018-01-20,10000002,11399,9999.42,9999.61,9602.99,3301848,604,
2018-01-21,10000002,34,5.71,5.73,5.65,18488674900,2608,
2018-01-21,10000002,35,5.25,5.35,4.94,4255760995,2065,
2018-01-21,10000002,36,83.32,86.63,78.89,1492828708,1970,
2018-01-21,10000002,37,42.49,43.92,41.48,326621212,1522,
2018-01-21,10000002,38,400,418.8,387.97,194021564,1530,
2018-01-21,10000002,39,799.56,799.6,788.99,42641092,1435,
2018-01-21,10000002,40,1049.94,1049.94,1049.93,25265756,1277,
2018-01-21,10000002,11399,9711.17,10146.64,9703.58,3223917,593,
2018-01-22,10000002,34,5.66,5.68,5.58,8658488309,2363,
2018-01-22,10000002,35,5.23,5.25,4.96,2826819374,1765,
2018-01-22,10000002,36,80.31,84.75,80.25,1531884166,1611,
2018-01-22,10000002,37,43.97,43.98,43.76,310943813,1329,
2018-01-22,10000002,38,400.04,463.37,389,89375032,1306,
2018-01-22,10000002,39,806.29,806.32,800.83,54995862,1295,
2018-01-22,10000002,40,1109.99,1119,984.08,14474421,1086,
2018-01-22,10000002,11399,10130.46,10146.25,10128.95,2043209,555,
2018-01-23,10000002,34,5.45,5.51,5.37,14033230428,1988,
2018-01-23,10000002,35,5.17,5.21,4.97,2055398455,1536,
2018-01-23,10000002,36,81.92,84.54,80.31,810102043,1463,
2018-01-23,10000002,37,43.84,43.87,42.52,210371816,1165,
2018-01-23,10000002,38,373.1,409.69,371.72,77353738,1207,
2018-01-23,10000002,39,806.2,806.23,800.55,50974763,1131,
2018-01-23,10000002,40,1114.75,1115.62,1017.19,13924690,1023,
2018-01-23,10000002,11399,10128.92,10128.93,10097.52,1802132,464,
2018-01-24,10000002,34,5.45,5.49,5.3,13800217420,1991,
2018-01-24,10000002,35,4.98,5.11,4.96,2739032735,1517,
2018-01-24,10000002,36,81.87,84.19,80.26,788695043,1335,
2018-01-24,10000002,37,43.57,43.75,43.25,309052547,1146,
2018-01-24,10000002,38,389.86,394.88,378.87,69548988,1061,
2018-01-24,10000002,39,806.41,826.98,805.99,28055718,1086,
2018-01-24,10000002,40,1108.41,1109.73,1038,15055820,949,
2018-01-24,10000002,11399,10146.75,10500,10097.46,1565940,454,
2018-01-25,10000002,34,5.39,5.47,5.35,13332700821,2055,
2018-01-25,10000002,35,5.15,5.18,4.94,2631226365,1589,
2018-01-25,10000002,36,83.22,83.37,82,776402383,1425,
2018-01-25,10000002,37,43.58,43.61,43.55,196914174,1212,
2018-01-25,10000002,38,388.74,389.22,370.74,72345818,1098,
2018-01-25,10000002,39,825.85,878.81,825.74,36260976,1188,
2018-01-25,10000002,40,1052.11,1105.91,1050.61,22650199,1090,
2018-01-25,10000002,11399,10492,10501,10330,4253110,475,
2018-01-26,10000002,34,5.35,5.48,5.27,19329074838,2182,
2018-01-26,10000002,35,5.1,5.15,5,2278867075,1585,
2018-01-26,10000002,36,83,83.12,79.85,873657598,1455,
2018-01-26,10000002,37,43.39,43.43,42.8,254352406,1210,
2018-01-26,10000002,38,387.91,388.32,369.21,62178732,1098,
2018-01-26,10000002,39,877.07,877.25,870,33200374,1189,
2018-01-26,10000002,40,1080,1096.75,1061,21752877,1125,
2018-01-26,10000002,11399,12400,12479.7,11571,2513718,474,
2018-01-27,10000002,34,5.29,5.55,5.15,16159626454,2445,
2018-01-27,10000002,35,5.06,5.08,4.99,3306297779,1810,
2018-01-27,10000002,36,82.46,82.75,78.16,841968109,1657,
2018-01-27,10000002,37,43.21,43.28,41.48,240063831,1381,
2018-01-27,10000002,38,387.79,387.86,384,68442363,1264,
2018-01-27,10000002,39,877,877.03,841.09,45748645,1334,
2018-01-27,10000002,40,1096.2,1096.34,1068.01,27338076,1247,
2018-01-27,10000002,11399,12198.69,12199.95,11500,2614841,539,
2018-01-28,10000002,34,5.36,5.5,5.34,15157368276,2709,
2018-01-28,10000002,35,5.06,5.11,4.97,3372929179,2096,
2018-01-28,10000002,36,82.34,82.36,79,1051968936,1849,
2018-01-28,10000002,37,42.78,42.97,40.16,329344151,1607,
2018-01-28,10000002,38,387.74,387.76,375.03,88855243,1464,
2018-01-28,10000002,39,874.65,877.99,870,36539545,1466,
2018-01-28,10000002,40,1078.99,1095,1067.2,26765386,1363,
2018-01-28,10000002,11399,11489.64,11499.74,10810.09,3601815,616,
2018-01-29,10000002,34,5.52,5.56,5.3,9953094172,2176,
2018-01-29,10000002,35,5.26,5.34,4.99,2343387500,1695,
2018-01-29,10000002,36,81.99,82.14,76.96,741812367,1582,
2018-01-29,10000002,37,42.85,42.87,40.67,238971576,1304,
2018-01-29,10000002,38,387.59,387.61,375.24,45108451,1165,
2018-01-29,10000002,39,810.93,870.96,810.02,43608164,1231,
2018-01-29,10000002,40,1091.96,1094.52,1031,15600824,1090,
2018-01-29,10000002,11399,11499.9,11499.96,11449.93,1919316,462,
2018-01-30,10000002,34,5.35,5.56,5.34,14702090469,1964,
2018-01-30,10000002,35,5,5.18,4.96,2919876857,1567,
2018-01-30,10000002,36,80.99,81.91,77.4,725120042,1405,
2018-01-30,10000002,37,42,42.85,41.04,213406623,1229,
2018-01-30,10000002,38,386.74,386.96,375.3,55225023,1123,
2018-01-30,10000002,39,866.98,867.82,810.09,28772510,1221,
2018-01-30,10000002,40,1089.88,1089.93,1025.25,17139624,1053,
2018-01-30,10000002,11399,11449.93,11499.52,10978.1,2035753,438,
2018-01-31,10000002,34,5.36,5.52,5.3,12316483395,2056,
2018-01-31,10000002,35,5.07,5.13,4.83,3338662247,1551,
2018-01-31,10000002,36,81.68,81.88,77.47,981908701,1430,
2018-01-31,10000002,37,42.68,42.82,42.56,339730324,1253,
2018-01-31,10000002,38,385.95,386,372.4,58589686,1145,
2018-01-31,10000002,39,866,866.8,812.44,38359811,1252,
2018-01-31,10000002,40,1086.61,1086.99,1015.15,22072913,1091,
2018-01-31,10000002,11399,11100,11474.89,10967.1,2796423,480,
2018-02-01,10000002,34,5.39,5.45,5.32,12093877953,2557,
2018-02-01,10000002,35,4.96,5.06,4.86,3311494937,1557,
2018-02-01,10000002,36,81.37,81.86,77.55,785970400,1374,
2018-02-01,10000002,37,42.68,42.89,40.74,260985030,1206,
2018-02-01,10000002,38,383.99,386.69,360.36,68930958,1141,
2018-02-01,10000002,39,864.71,864.78,820.16,42502765,1169,
2018-02-01,10000002,40,1084.65,1084.96,1031,29444807,1082,
2018-02-01,10000002,11399,11000,11455.82,10968.31,1354543,448,
2018-02-02,10000002,34,5.53,5.66,5.28,13842627969,2090,
2018-02-02,10000002,35,4.94,4.96,4.77,3797640694,1637,
2018-02-02,10000002,36,82.03,82.09,77.77,722809724,1425,
2018-02-02,10000002,37,42.99,44.33,41.04,198948218,1231,
2018-02-02,10000002,38,386.99,387.59,375.1,52538867,1097,
2018-02-02,10000002,39,864.71,867.79,833.12,53086282,1161,
2018-02-02,10000002,40,1094.7,1149.99,1081,21185766,1077,
2018-02-02,10000002,11399,11000,11447.94,10150.38,1599685,459,
2018-02-03,10000002,34,5.54,5.56,5.21,13166917514,2455,
2018-02-03,10000002,35,4.93,4.96,4.87,3103167430,1877,
2018-02-03,10000002,36,80.98,82.99,78.97,999716659,1689,
2018-02-03,10000002,37,42.49,43.99,42.02,368983293,1387,
2018-02-03,10000002,38,384.95,387.42,372,76328058,1324,
2018-02-03,10000002,39,851.01,889,850.99,44000472,1328,
2018-02-03,10000002,40,1154.35,1265.53,1106.48,23331787,1219,
2018-02-03,10000002,11399,10601.01,11298.69,10152.87,2936889,530,
2018-02-04,10000002,34,5.48,5.58,4.91,21619320161,2698,
2018-02-04,10000002,35,4.96,5.03,4.65,5348035872,1982,
2018-02-04,10000002,36,78.6,84.07,77.25,1193180345,1781,
2018-02-04,10000002,37,44.13,44.32,42.5,340564725,1509,
2018-02-04,10000002,38,384.98,386.94,375,93342614,1395,
2018-02-04,10000002,39,919.43,919.91,880.16,30973215,1393,
2018-02-04,10000002,40,1197.28,1249.94,1050.11,27116159,1340,
2018-02-04,10000002,11399,10900,10999.81,10167.1,2718280,574,
2018-02-05,10000002,34,5.43,5.54,5.29,14246373318,2027,
2018-02-05,10000002,35,4.97,4.99,4.85,3317660167,1525,
2018-02-05,10000002,36,83.2,83.68,80.01,892189028,1387,
2018-02-05,10000002,37,44.05,44.06,43.96,236240072,1153,
2018-02-05,10000002,38,362.07,385.85,349.14,65442174,1071,
2018-02-05,10000002,39,918.66,918.83,870.02,42693137,1061,
2018-02-05,10000002,40,1195.97,1196.91,1052.3,14486284,1051,
2018-02-05,10000002,11399,10496.98,10497.77,10089.98,2149419,477,
2018-02-06,10000002,34,5.46,5.75,5.31,9594702616,1999,
2018-02-06,10000002,35,4.79,4.86,4.72,2860020857,1536,
2018-02-06,10000002,36,81,82.79,78.19,819573225,1353,
2018-02-06,10000002,37,42.9,43.71,42.1,358495020,1208,
2018-02-06,10000002,38,368.97,369.94,349.82,56518582,1071,
2018-02-06,10000002,39,916.66,918.05,870.05,30553546,1097,
2018-02-06,10000002,40,1186.97,1191.95,1100,18183866,1084,
2018-02-06,10000002,11399,10377.12,10399.96,9830.77,1174616,442,
2018-02-07,10000002,34,5.72,5.75,5.48,11859843453,1899,
2018-02-07,10000002,35,4.9,4.92,4.75,3475388046,1521,
2018-02-07,10000002,36,81,81.59,79.28,917562431,1392,
2018-02-07,10000002,37,43.67,43.69,40.49,292539149,1207,
2018-02-07,10000002,38,364.86,368.72,350.08,86661358,1149,
2018-02-07,10000002,39,914.96,916.45,865.02,42999354,1187,
2018-02-07,10000002,40,1174.88,1183.5,1086.08,23200009,1131,
2018-02-07,10000002,11399,10099.78,10100,9840.07,1992925,511,
2018-02-08,10000002,34,5.69,5.99,5.15,10528737872,1909,
2018-02-08,10000002,35,4.55,4.84,4.5,6205017951,1494,
2018-02-08,10000002,36,79.95,81.29,77.13,947370449,1295,
2018-02-08,10000002,37,40.8,43.5,39.74,618033328,1145,
2018-02-08,10000002,38,345.89,355,345.89,93790923,1043,
2018-02-08,10000002,39,871.05,914.32,852.05,52845621,1117,
2018-02-08,10000002,40,1086.43,1086.56,1086.41,43524388,1063,
2018-02-08,10000002,11399,10077.72,10099.78,9800,2232941,489,
2018-02-09,10000002,34,5.62,5.63,5.6,7892939170,1877,
2018-02-09,10000002,35,4.79,4.81,4.78,2850389648,1470,
2018-02-09,10000002,36,81.38,81.45,79.47,646943799,1301,
2018-02-09,10000002,37,39.11,42.19,38,487776241,1177,
2018-02-09,10000002,38,359.23,359.37,358,46203127,1039,
2018-02-09,10000002,39,906.91,907.25,815.11,25797407,1058,
2018-02-09,10000002,40,1085.67,1085.79,1052.44,17359737,1002,
2018-02-09,10000002,11399,10098.95,10098.98,10098.94,1319434,435,
2018-02-10,10000002,34,5.5,5.6,5.1,18975230222,2360,
2018-02-10,10000002,35,4.71,4.73,4.5,5246121112,1793,
2018-02-10,10000002,36,77.47,80.77,76.26,1175883176,1623,
2018-02-10,10000002,37,39.08,40.88,37.43,342190825,1367,
2018-02-10,10000002,38,331.8,349.88,320.01,112491184,1302,
2018-02-10,10000002,39,822,894.99,817.33,62142464,1425,
2018-02-10,10000002,40,999.96,1074.93,934.03,34934379,1242,
2018-02-10,10000002,11399,9842.18,10096.95,9842.01,2735406,562,
2018-02-11,10000002,34,5.7,5.96,5.16,13622003202,2519,
2018-02-11,10000002,35,4.74,4.75,4.53,3970103229,1853,
2018-02-11,10000002,36,79.29,79.45,75.08,1157599450,1685,
2018-02-11,10000002,37,40.37,40.4,38,456372709,1463,
2018-02-11,10000002,38,340,349,322.62,111775592,1380,
2018-02-11,10000002,39,894.97,895.87,830.28,47550998,1430,
2018-02-11,10000002,40,1063.62,1065.38,967.15,28208679,1318,
2018-02-11,10000002,11399,10098.73,10099,9999.01,4067982,596,
2018-02-12,10000002,34,5.79,5.83,5.75,8922379009,2011,
2018-02-12,10000002,35,4.55,4.58,4.51,4654135130,1577,
2018-02-12,10000002,36,77.97,78.94,75.34,795073855,1442,
2018-02-12,10000002,37,39.95,40.13,39.85,758601314,1271,
2018-02-12,10000002,38,335.97,337.82,330.31,108447823,1191,
2018-02-12,10000002,39,878.86,885.57,833.63,36085212,1184,
2018-02-12,10000002,40,976.44,1028.96,968.14,23699737,1083,
2018-02-12,10000002,11399,10043.92,10084.86,9402.02,1804998,486,
2018-02-13,10000002,34,5.07,5.69,5.02,23534781741,2141,
2018-02-13,10000002,35,4.44,4.52,4.13,7286851127,1699,
2018-02-13,10000002,36,76.11,77.85,72.9,1273954590,1574,
2018-02-13,10000002,37,42.78,43.44,39.65,737497561,1330,
2018-02-13,10000002,38,320,333.68,317,138189230,1284,
2018-02-13,10000002,39,838,876.74,835.11,45799254,1319,
2018-02-13,10000002,40,974.04,1018.95,969,28190435,1204,
2018-02-13,10000002,11399,10042.25,10042.47,9999,2872166,547,
2018-02-14,10000002,34,5.34,5.36,5.33,8140876341,1920,
2018-02-14,10000002,35,4.3,4.3,4.3,2995867344,1443,
2018-02-14,10000002,36,74.98,77.62,71.05,1104071646,1432,
2018-02-14,10000002,37,41.18,43.45,40.81,186040678,1184,
2018-02-14,10000002,38,330,342.72,318.54,71499512,1159,
2018-02-14,10000002,39,858.84,859.49,811.94,41975478,1155,
2018-02-14,10000002,40,1005.9,1007.07,941.2,19689720,1082,
2018-02-14,10000002,11399,10000,10042.09,9554.08,3065495,447,
2018-02-15,10000002,34,5.34,5.59,5.03,14428295055,2068,
2018-02-15,10000002,35,4.43,4.44,4.31,2860838520,1582,
2018-02-15,10000002,36,77.44,77.59,72.46,978851221,1484,
2018-02-15,10000002,37,41.25,43,40.66,310051240,1315,
2018-02-15,10000002,38,340.45,340.59,321.15,58061464,1172,
2018-02-15,10000002,39,847,849.58,796.26,39603711,1237,
2018-02-15,10000002,40,941.22,1002.99,937.12,27227707,1179,
2018-02-15,10000002,11399,10041.84,10100.99,10002.01,2255615,455,
2018-02-16,10000002,34,5.43,5.45,5.28,15678989940,2039,
2018-02-16,10000002,35,4.44,4.45,4.4,4070524843,1592,
2018-02-16,10000002,36,77.68,81.36,75.23,1084029175,1523,
2018-02-16,10000002,37,39.17,39.27,37.04,395680867,1334,
2018-02-16,10000002,38,339.77,339.79,319,60533966,1226,
2018-02-16,10000002,39,843,843.2,794.21,36733109,1300,
2018-02-16,10000002,40,937.33,992.7,937.18,25036404,1141,
2018-02-16,10000002,11399,9609.03,10041.56,9608,4092189,499,
2018-02-17,10000002,34,5.6,5.71,5.43,12573422460,2228,
2018-02-17,10000002,35,4.48,4.9,4.44,4573101965,1725,
2018-02-17,10000002,36,79.94,81.37,76.99,1282088590,1660,
2018-02-17,10000002,37,38.86,38.96,37.29,532129113,1361,
2018-02-17,10000002,38,340,340.56,339.77,105066953,1243,
2018-02-17,10000002,39,825.96,827.94,794.28,52197166,1290,
2018-02-17,10000002,40,971.95,973.8,937.2,30832458,1200,
2018-02-17,10000002,11399,10000,10035.61,9421.24,2500361,491,
2018-02-18,10000002,34,5.38,5.5,5.13,16743387708,2407,
2018-02-18,10000002,35,4.9,4.94,4.65,4396554796,1810,
2018-02-18,10000002,36,76.94,80.43,74.03,1296155561,1768,
2018-02-18,10000002,37,38,38.92,37.22,485177688,1509,
2018-02-18,10000002,38,335.4,359.98,335.2,110590590,1333,
2018-02-18,10000002,39,800.1,825.9,775.38,52642598,1359,
2018-02-18,10000002,40,969.9,970.93,907.6,24279359,1204,
2018-02-18,10000002,11399,10031.49,10031.59,9980.23,1248504,506,
2018-02-19,10000002,34,5.11,5.2,5.06,19568752630,2025,
2018-02-19,10000002,35,4.56,4.68,4.46,3245509595,1548,
2018-02-19,10000002,36,77.98,78.97,74.19,681639048,1432,
2018-02-19,10000002,37,38.54,39.65,37.27,243673287,1203,
2018-02-19,10000002,38,323.89,334.89,323.82,74722463,1131,
2018-02-19,10000002,39,822.99,823.57,778,49089524,1215,
2018-02-19,10000002,40,960,969.57,897.38,23876462,1087,
2018-02-19,10000002,11399,9980.18,10003.65,9520.9,2955238,529,
2018-02-20,10000002,34,5.13,5.32,4.9,16387074025,2000,
2018-02-20,10000002,35,4.51,4.6,4.39,3958231722,1627,
2018-02-20,10000002,36,76.42,76.99,75.1,736886816,1477,
2018-02-20,10000002,37,37.96,38.89,37.69,474922244,1274,
2018-02-20,10000002,38,327.95,330.79,319.02,89168299,1203,
2018-02-20,10000002,39,781,800.88,779.98,61563792,1261,
2018-02-20,10000002,40,920,942.91,899.23,32562108,1140,
2018-02-20,10000002,11399,9989.43,9999.91,9536.33,2089156,481,
2018-02-21,10000002,34,5.17,5.2,5.03,16050160536,1811,
2018-02-21,10000002,35,4.24,4.43,4.22,5231090753,1425,
2018-02-21,10000002,36,74.67,75.85,74.16,735970787,1285,
2018-02-21,10000002,37,36.95,37.79,36.8,365878901,1096,
2018-02-21,10000002,38,313.5,323.25,313.5,77377440,995,
2018-02-21,10000002,39,798.9,798.94,780.08,43606698,1096,
2018-02-21,10000002,40,918,919.13,899.26,27814714,1026,
2018-02-21,10000002,11399,9999.68,9999.69,9999.66,1823972,481,
2018-02-22,10000002,34,5.25,5.3,2.66,21574508074,1909,
2018-02-22,10000002,35,4.39,4.44,4.24,3427319382,1480,
2018-02-22,10000002,36,74,74.31,72.94,1229354212,1318,
2018-02-22,10000002,37,37.64,37.66,37.38,407205256,1143,
2018-02-22,10000002,38,305.4,318.93,305.01,106455465,1061,
2018-02-22,10000002,39,787.98,792.21,760.68,42201122,1170,
2018-02-22,10000002,40,884.26,915.96,880,27150101,1055,
2018-02-22,10000002,11399,10000,10000,10000,1070697,408,
2018-02-23,10000002,34,5.14,5.21,5.02,16503306427,1973,
2018-02-23,10000002,35,4.27,4.4,4.2,5414563557,1525,
2018-02-23,10000002,36,72.4,72.48,68.05,855698024,1424,
2018-02-23,10000002,37,35.75,37.13,35.33,477778989,1201,
2018-02-23,10000002,38,316.81,317.22,300,92393164,1145,
2018-02-23,10000002,39,779.84,787.76,760.71,48443421,1262,
2018-02-23,10000002,40,907.99,910.85,881,24478786,1122,
2018-02-23,10000002,11399,10041.9,10100.99,9997.9,2890933,500,
2018-02-24,10000002,34,5.14,5.27,4.83,18054540522,2299,
2018-02-24,10000002,35,4.71,4.9,4.46,3355342944,1762,
2018-02-24,10000002,36,71.52,72.12,67.29,1400292458,1616,
2018-02-24,10000002,37,35.57,36.98,35.5,476753779,1396,
2018-02-24,10000002,38,315.94,317.12,315,157557109,1319,
2018-02-24,10000002,39,787.77,791.91,725.22,47763793,1351,
2018-02-24,10000002,40,906.9,906.95,882.26,26493542,1209,
2018-02-24,10000002,11399,10031.61,10100.99,9552.32,2942370,473,
2018-02-25,10000002,34,5.02,5.04,4.96,19545468621,2555,
2018-02-25,10000002,35,4.65,4.66,4.64,4302327446,2013,
2018-02-25,10000002,36,71.97,72,71,1197449400,1856,
2018-02-25,10000002,37,36.79,36.85,35.37,373111511,1618,
2018-02-25,10000002,38,320.65,320.97,318.8,110109612,1465,
2018-02-25,10000002,39,790.98,813.36,787.98,47915219,1522,
2018-02-25,10000002,40,905.99,906.88,904.99,29713815,1358,
2018-02-25,10000002,11399,9750,10099.99,9700,2737290,558,
2018-02-26,10000002,34,4.94,4.97,4.86,18628134427,2102,
2018-02-26,10000002,35,4.59,4.61,4.53,3501744083,1613,
2018-02-26,10000002,36,71.78,71.87,69.65,1108272256,1456,
2018-02-26,10000002,37,35.9,36.72,35.33,379375516,1317,
2018-02-26,10000002,38,320,320.76,302.06,127314328,1300,
2018-02-26,10000002,39,806.99,812.59,762.07,30218413,1274,
2018-02-26,10000002,40,903.74,903.9,899.98,21016962,1164,
2018-02-26,10000002,11399,10000,10100.92,9802,1630559,489,
2018-02-27,10000002,34,4.96,5.02,4.88,17735040076,2262,
2018-02-27,10000002,35,4.78,4.86,4.55,3331317948,1706,
2018-02-27,10000002,36,71.65,71.66,71.55,917468138,1544,
2018-02-27,10000002,37,36.48,36.98,36.44,408172694,1363,
2018-02-27,10000002,38,322.98,323.01,303.18,71637849,1283,
2018-02-27,10000002,39,796.94,798,775,83284799,1436,
2018-02-27,10000002,40,897.94,903.72,890,45654063,1308,
2018-02-27,10000002,11399,9995.99,10100.84,9341.06,3376591,539,
2018-02-28,10000002,34,5.01,5.19,4.51,20566320568,2091,
2018-02-28,10000002,35,4.52,4.8,4.43,4967779928,1619,
2018-02-28,10000002,36,71.55,71.94,69.21,1262705609,1567,
2018-02-28,10000002,37,35.1,36.4,30,762423689,1340,
2018-02-28,10000002,38,314,323.01,310.75,156340073,1278,
2018-02-28,10000002,39,769,790,731.13,82207203,1308,
2018-02-28,10000002,40,900,966.66,892.4,32535506,1152,
2018-02-28,10000002,11399,9996,10100.74,9344,1859249,487,
2018-03-01,10000002,34,4.9,4.94,4.4,21801436565,2055,
2018-03-01,10000002,35,4.47,4.49,4.21,4022357538,1591,
2018-03-01,10000002,36,74,78.73,72.31,1335611387,1524,
2018-03-01,10000002,37,34.4,34.55,22.43,313125072,1139,
2018-03-01,10000002,38,316.85,316.86,303.94,87294428,1129,
2018-03-01,10000002,39,762.07,769.91,735.02,47424583,1196,
2018-03-01,10000002,40,915.76,979.01,915.44,26600147,1102,
2018-03-01,10000002,11399,9899.84,9899.93,9350.38,1380954,470,
2018-03-02,10000002,34,4.99,5.02,4.78,10580580014,1773,
2018-03-02,10000002,35,4.39,4.44,4.32,2434080132,1341,
2018-03-02,10000002,36,75.68,76,72.72,714800260,1208,
2018-03-02,10000002,37,33,33.6,33,357362718,1059,
2018-03-02,10000002,38,313.89,315.87,312.17,31518039,975,
2018-03-02,10000002,39,767.67,768.46,762.02,22107460,1016,
2018-03-02,10000002,40,964.32,964.98,917.28,12265694,899,
2018-03-02,10000002,11399,9749,9849.98,9352.02,1370605,384,
2018-03-03,10000002,34,4.96,4.97,4.57,14414159872,1817,
2018-03-03,10000002,35,4.26,4.27,4.24,1992128146,1349,
2018-03-03,10000002,36,75.52,75.54,75.49,359970691,1203,
2018-03-03,10000002,37,33.39,33.43,33.38,456829545,1054,
2018-03-03,10000002,38,310.98,311,308.62,68987091,979,
2018-03-03,10000002,39,759.96,764.25,737.4,21592749,984,
2018-03-03,10000002,40,954.96,962.16,953.95,8242860,915,
2018-03-03,10000002,11399,9800,9847.95,9800,1829996,297,
2018-03-04,10000002,34,4.83,4.89,4.8,12237327495,2062,
2018-03-04,10000002,35,4.25,4.34,4.23,4459867392,1522,
2018-03-04,10000002,36,75.43,75.46,75.11,479550824,1346,
2018-03-04,10000002,37,34.06,34.74,34.03,177088600,1100,
2018-03-04,10000002,38,313.88,324.95,307.04,55493996,998,
2018-03-04,10000002,39,759.79,759.8,759.75,38606312,1093,
2018-03-04,10000002,40,948.48,948.5,934.04,20360035,988,
2018-03-04,10000002,11399,9998.44,9998.64,9500.03,922783,337,
2018-03-05,10000002,34,4.99,5.03,4.85,14966823550,1870,
2018-03-05,10000002,35,4.57,4.72,4.46,2637829848,1411,
2018-03-05,10000002,36,74.91,75.1,73,609318855,1303,
2018-03-05,10000002,37,35.42,35.44,33.33,218795383,1101,
2018-03-05,10000002,38,313.11,324.98,299,84594812,1055,
2018-03-05,10000002,39,760,764.17,759.81,36043546,1076,
2018-03-05,10000002,40,952.68,952.7,952.58,20714829,978,
2018-03-05,10000002,11399,9800,9996.94,9554.11,1543378,447,
2018-03-06,10000002,34,4.91,4.93,4.9,14280066079,2049,
2018-03-06,10000002,35,4.56,4.56,4.54,4747186722,1610,
2018-03-06,10000002,36,73.91,75.12,71.37,1501698497,1566,
2018-03-06,10000002,37,34.93,35.22,33.46,448898072,1293,
2018-03-06,10000002,38,300.7,318.59,292.21,126349677,1282,
2018-03-06,10000002,39,767,767.63,740.27,43185752,1347,
2018-03-06,10000002,40,918.05,949.98,913,32417555,1206,
2018-03-06,10000002,11399,9210.13,9395.99,8922.01,4225342,546,
2018-03-07,10000002,34,5,5.05,4.84,9758855848,1900,
2018-03-07,10000002,35,4.55,4.6,4.4,2927304948,1506,
2018-03-07,10000002,36,77.66,78.57,74.6,824417773,1464,
2018-03-07,10000002,37,35.81,37.85,35.61,316541864,1223,
2018-03-07,10000002,38,320,324.9,304.01,64724584,1209,
2018-03-07,10000002,39,730.51,779.68,728.14,41746558,1173,
2018-03-07,10000002,40,949.95,951.42,909.15,17346898,1051,
2018-03-07,10000002,11399,9351.12,9597.64,8953.04,2353195,406,
2018-03-08,10000002,34,4.92,4.95,4.71,13872147062,1992,
2018-03-08,10000002,35,4.39,4.4,4.29,3731674536,1554,
2018-03-08,10000002,36,76.83,78.14,74.62,1235699109,1519,
2018-03-08,10000002,37,37.5,37.72,35.9,423226354,1257,
2018-03-08,10000002,38,323.14,324.7,310,63424858,1245,
2018-03-08,10000002,39,775.85,775.93,731.22,34336150,1229,
2018-03-08,10000002,40,939.97,949.98,909.27,25131294,1144,
2018-03-08,10000002,11399,9499.99,9595.84,9015.24,2666196,407,
2018-03-09,10000002,34,4.82,4.88,4.67,16286275094,2154,
2018-03-09,10000002,35,4.27,4.42,4.14,4473956816,1599,
2018-03-09,10000002,36,74.17,77.36,73.68,1259840672,1490,
2018-03-09,10000002,37,35.95,36.97,35.9,298329511,1270,
2018-03-09,10000002,38,323.93,354.99,316.43,73964021,1249,
2018-03-09,10000002,39,814.56,814.92,767.14,35735047,1194,
2018-03-09,10000002,40,945.02,948.87,909.35,17447701,1125,
2018-03-09,10000002,11399,9593.96,9594.09,9549.66,1455009,486,
2018-03-10,10000002,34,4.85,5.05,4.81,16791096280,2376,
2018-03-10,10000002,35,4.58,4.66,4.54,4471626657,1807,
2018-03-10,10000002,36,77.58,78.27,75.98,1134208679,1711,
2018-03-10,10000002,37,36.64,36.66,35.86,406541346,1445,
2018-03-10,10000002,38,351.99,352.92,333.38,77894400,1368,
2018-03-10,10000002,39,790.41,811.25,770.14,35077303,1331,
2018-03-10,10000002,40,935.99,943.98,910.25,21926582,1261,
2018-03-10,10000002,11399,9450,9450,9450,1695285,561,
2018-03-11,10000002,34,5.08,5.23,5.05,15897675083,2478,
2018-03-11,10000002,35,4.55,4.83,4.42,5589397025,1981,
2018-03-11,10000002,36,76.51,79.33,75.97,1705103357,1821,
2018-03-11,10000002,37,35.7,36.64,35.51,625657579,1553,
2018-03-11,10000002,38,333.71,349.88,331.43,150316737,1421,
2018-03-11,10000002,39,770.02,797.36,769.59,65429323,1492,
2018-03-11,10000002,40,912.42,939.23,910,42798780,1333,
2018-03-11,10000002,11399,9449.42,9449.77,9175.49,2481807,600,
2018-03-12,10000002,34,5.11,5.14,4.9,12132614433,1971,
2018-03-12,10000002,35,4.8,4.87,4.68,3323937711,1594,
2018-03-12,10000002,36,78.18,78.9,75.1,954237138,1519,
2018-03-12,10000002,37,35.33,37.26,34.75,271700283,1253,
2018-03-12,10000002,38,331.34,336.95,321,89704151,1202,
2018-03-12,10000002,39,755.58,796.19,750.13,46886141,1247,
2018-03-12,10000002,40,892,892.03,877.11,39251955,1164,
2018-03-12,10000002,11399,9175.35,9448.99,9151,2935494,510,
2018-03-13,10000002,34,5.32,5.49,5.12,11139648481,1859,
2018-03-13,10000002,35,4.71,4.82,4.63,2535154581,1454,
2018-03-13,10000002,36,79.25,79.45,73.73,836710191,1380,
2018-03-13,10000002,37,35.25,36.83,35.24,385092028,1110,
2018-03-13,10000002,38,336.29,336.43,320.32,52056044,1053,
2018-03-13,10000002,39,795.62,795.9,761.06,36432687,1114,
2018-03-13,10000002,40,910.03,935.76,877.27,24082657,996,
2018-03-13,10000002,11399,9445.74,9445.79,9445.71,1562347,445,
2018-03-14,10000002,34,5.3,5.48,5.22,12565436491,1897,
2018-03-14,10000002,35,4.52,4.62,4.42,3516808590,1466,
2018-03-14,10000002,36,77.5,81.32,75.95,1131197672,1453,
2018-03-14,10000002,37,35.3,36.81,35.25,371497503,1163,
2018-03-14,10000002,38,320.51,335.31,320.48,75109163,1065,
2018-03-14,10000002,39,760.12,794.18,755.61,45540317,1124,
2018-03-14,10000002,40,924.97,929.36,885,18829447,1007,
2018-03-14,10000002,11399,9445.52,9445.53,9301.03,3122040,505,
2018-03-15,10000002,34,5.3,5.42,5.17,17893698436,1834,
2018-03-15,10000002,35,4.5,4.5,4.5,5512959960,1439,
2018-03-15,10000002,36,77.96,79.8,76.03,899820203,1325,
2018-03-15,10000002,37,35.5,35.99,34.84,383871855,1103,
2018-03-15,10000002,38,320.55,334.83,318.01,100566368,1045,
2018-03-15,10000002,39,755.07,791.08,750,59830839,1120,
2018-03-15,10000002,40,896.06,923.99,890,35626058,1072,
2018-03-15,10000002,11399,9600,9750,9350,2883233,508,
2018-03-16,10000002,34,5.17,5.24,4.85,18772529811,1768,
2018-03-16,10000002,35,4.38,4.4,4.21,4527906554,1387,
2018-03-16,10000002,36,76.27,76.94,70,938863876,1287,
2018-03-16,10000002,37,34.84,36.43,34.45,301671975,1124,
2018-03-16,10000002,38,305.8,323,305.28,90801216,1051,
2018-03-16,10000002,39,749.28,750.4,728.19,52880458,1100,
2018-03-16,10000002,40,890,919.98,885.5,20888708,952,
2018-03-16,10000002,11399,9993,9994.69,9353.24,1770629,474,
2018-03-17,10000002,34,5.23,5.3,5.15,18082714039,2477,
2018-03-17,10000002,35,4.37,4.39,4.35,4899921643,1900,
2018-03-17,10000002,36,76.06,76.06,76.02,1163717759,1742,
2018-03-17,10000002,37,36.05,36.06,35.96,404617521,1504,
2018-03-17,10000002,38,319.65,319.83,318,84343182,1427,
2018-03-17,10000002,39,747.99,748.88,705.48,70371567,1478,
2018-03-17,10000002,40,918.6,918.94,885.61,25792624,1358,
2018-03-17,10000002,11399,9799,9879.91,9401.22,1973639,608,
2018-03-18,10000002,34,5.49,5.55,5.4,9643633987,2452,
2018-03-18,10000002,35,4.35,4.4,4.3,4525152592,1968,
2018-03-18,10000002,36,75.64,76.06,73.03,820889229,1794,
2018-03-18,10000002,37,35.43,35.79,34.47,379186583,1563,
2018-03-18,10000002,38,319.61,319.72,318.98,86729421,1421,
2018-03-18,10000002,39,742.7,742.86,741.91,46975620,1471,
2018-03-18,10000002,40,912.07,918.44,881.61,23097686,1312,
2018-03-18,10000002,11399,9786.98,9799.95,9403,2481759,529,
2018-03-19,10000002,34,5.51,5.53,5.29,6971582137,1849,
2018-03-19,10000002,35,4.35,4.4,4.23,2255553057,1412,
2018-03-19,10000002,36,75.31,75.43,72.49,662133303,1325,
2018-03-19,10000002,37,34.42,34.7,33.82,344648888,1201,
2018-03-19,10000002,38,307.01,319.41,306.73,47035398,1081,
2018-03-19,10000002,39,708.1,715,705.83,44501440,1165,
2018-03-19,10000002,40,867.63,868.21,867.36,32402802,1026,
2018-03-19,10000002,11399,9404,9700,9350,3956160,543,
2018-03-20,10000002,34,5.39,5.5,5.28,8548471530,1397,
2018-03-20,10000002,35,4.39,4.42,4.33,1577119751,1087,
2018-03-20,10000002,36,74.99,75.33,73.44,712012582,999,
2018-03-20,10000002,37,32.98,33.99,32.49,290302171,858,
2018-03-20,10000002,38,313.99,318.9,307.51,45304744,788,
2018-03-20,10000002,39,725.67,733.78,719,32989257,853,
2018-03-20,10000002,40,893.98,894.98,866.19,17740757,749,
2018-03-20,10000002,11399,9748.07,9748.3,9680.99,732478,350,
2018-03-21,10000002,34,5.51,5.53,5.24,8417591028,1643,
2018-03-21,10000002,35,4.63,4.7,4.5,2709660356,1337,
2018-03-21,10000002,36,75.66,75.69,74.5,651476452,1239,
2018-03-21,10000002,37,33.99,34.22,32.98,257134053,1039,
2018-03-21,10000002,38,318,318.92,307.41,59865641,928,
2018-03-21,10000002,39,727.84,727.94,705.48,37862275,983,
2018-03-21,10000002,40,880.5,882.44,830,19509802,881,
2018-03-21,10000002,11399,9303.04,9732.5,9302.2,1527794,456,
2018-03-22,10000002,34,5.46,5.47,5.45,8803125067,1852,
2018-03-22,10000002,35,4.49,4.57,4.35,2572770498,1423,
2018-03-22,10000002,36,78.31,78.39,74.78,603523099,1301,
2018-03-22,10000002,37,33.91,33.93,32.63,229456178,1142,
2018-03-22,10000002,38,319.3,329,309.41,44652257,1027,
2018-03-22,10000002,39,728.92,728.93,728.88,28200944,1054,
2018-03-22,10000002,40,874.97,879.85,841,21887407,961,
2018-03-22,10000002,11399,9732.12,9732.2,9699.99,1306754,454,
2018-03-23,10000002,34,5.48,5.5,5.35,12257868671,1728,
2018-03-23,10000002,35,4.46,4.48,4.41,2747949620,1285,
2018-03-23,10000002,36,78.33,80.86,75.99,799495772,1230,
2018-03-23,10000002,37,33.81,33.83,32.7,225390531,1013,
2018-03-23,10000002,38,329.78,329.85,319.46,72972353,937,
2018-03-23,10000002,39,727.98,728.91,715.37,45191535,1015,
2018-03-23,10000002,40,860.74,878.5,841.2,16612664,911,
2018-03-23,10000002,11399,9306.64,9639.88,9306,1883984,452,
2018-03-24,10000002,34,5.51,5.58,5.38,13980088309,2206,
2018-03-24,10000002,35,4.48,4.58,4.43,3492346591,1664,
2018-03-24,10000002,36,79.99,82.5,77.34,1068773113,1587,
2018-03-24,10000002,37,33.84,33.93,32.85,283173550,1327,
2018-03-24,10000002,38,318,329.8,316.22,107702784,1236,
2018-03-24,10000002,39,698.99,730.99,690.25,54595808,1282,
2018-03-24,10000002,40,825.35,868,825.19,38883467,1145,
2018-03-24,10000002,11399,9310.11,9589.9,9310.07,3198662,508,
2018-03-25,10000002,34,5.49,5.52,5.35,13771679218,2393,
2018-03-25,10000002,35,4.33,4.54,4.29,5146320318,1867,
2018-03-25,10000002,36,80.54,81.42,77.08,1181935557,1746,
2018-03-25,10000002,37,33.89,34.06,32.79,332565612,1374,
2018-03-25,10000002,38,316.27,329.8,310,117217021,1383,
2018-03-25,10000002,39,691.71,725.35,691.38,80934270,1394,
2018-03-25,10000002,40,830.04,858.46,827,47889920,1223,
2018-03-25,10000002,11399,9060.02,9399.95,9015.67,2019379,569,
2018-03-26,10000002,34,5.45,5.5,5.36,18153499372,1953,
2018-03-26,10000002,35,4.45,4.48,4.35,2950842716,1539,
2018-03-26,10000002,36,79.96,80.68,78.48,963444008,1395,
2018-03-26,10000002,37,33.44,33.78,32.88,210461442,1149,
2018-03-26,10000002,38,312.1,327.7,299.3,75029816,1090,
2018-03-26,10000002,39,714.96,722.3,689.02,35169451,1146,
2018-03-26,10000002,40,824.96,825.09,821.45,24815326,994,
2018-03-26,10000002,11399,9345,9356.98,9299.99,1347179,428,
2018-03-27,10000002,34,5.2,5.33,5.1,17581501580,1868,
2018-03-27,10000002,35,4.3,4.31,4.28,4676746273,1531,
2018-03-27,10000002,36,78.79,79.39,76.93,1098367445,1378,
2018-03-27,10000002,37,32.83,32.84,32.83,653752688,1132,
2018-03-27,10000002,38,315.73,319.8,300.52,93090469,1087,
2018-03-27,10000002,39,705.38,707.94,672,38589861,1093,
2018-03-27,10000002,40,820.38,823.98,800.1,24666314,954,
2018-03-27,10000002,11399,8925.99,9021.74,8873.96,3494418,519,
2018-03-28,10000002,34,5.05,5.09,4.83,28231354649,2007,
2018-03-28,10000002,35,4.19,4.21,4.12,4182881479,1574,
2018-03-28,10000002,36,77.09,78.45,74.28,1068400434,1413,
2018-03-28,10000002,37,32.78,32.79,32.78,488358746,1211,
2018-03-28,10000002,38,314.28,314.4,300.24,67518728,1144,
2018-03-28,10000002,39,699.97,703.51,678.19,34719502,1157,
2018-03-28,10000002,40,813.76,815.56,785.12,18324189,1044,
2018-03-28,10000002,11399,8863,8865.99,8331.03,5264583,494,
2018-03-29,10000002,34,4.98,4.99,4.93,17922343172,1927,
2018-03-29,10000002,35,4.18,4.29,4.08,6677445254,1523,
2018-03-29,10000002,36,77.75,78,75.16,1150159384,1394,
2018-03-29,10000002,37,32.49,32.6,30.76,631039998,1200,
2018-03-29,10000002,38,311.65,312.9,294.32,85666676,1105,
2018-03-29,10000002,39,699.75,699.86,698,37811314,1138,
2018-03-29,10000002,40,812.07,812.81,789.11,21450708,1044,
2018-03-29,10000002,11399,9284.99,9295.97,9199.9,1707047,428,
2018-03-30,10000002,34,5.08,5.16,4.64,25400671376,2172,
2018-03-30,10000002,35,4.41,4.41,4.41,4369962124,1664,
2018-03-30,10000002,36,77.2,77.49,71.16,1392778769,1531,
2018-03-30,10000002,37,32.08,32.27,30.6,486257743,1313,
2018-03-30,10000002,38,309.72,310.26,301,129030053,1242,
2018-03-30,10000002,39,697.84,697.94,679.55,45916872,1308,
2018-03-30,10000002,40,808.29,808.51,793.55,20161924,1106,
2018-03-30,10000002,11399,9295.82,9295.87,9289.78,1510522,446,
2018-03-31,10000002,34,4.98,5,4.96,17521491479,2228,
2018-03-31,10000002,35,4.43,4.44,4.39,3835379625,1744,
2018-03-31,10000002,36,76.72,76.75,75.95,1238255072,1600,
2018-03-31,10000002,37,31.88,31.9,31.2,365638007,1377,
2018-03-31,10000002,38,307.93,308.78,292.22,80194518,1249,
2018-03-31,10000002,39,694.99,697.6,680.03,49713391,1312,
2018-03-31,10000002,40,807.45,807.83,794.15,24166940,1141,
2018-03-31,10000002,11399,9295.79,9295.83,9295.64,3129845,571,
2018-04-01,10000002,34,5.09,5.09,5.02,15539734416,2559,
2018-04-01,10000002,35,4.44,4.44,4.44,3652167488,1999,
2018-04-01,10000002,36,76.91,77.64,76.7,1077937412,1851,
2018-04-01,10000002,37,32.23,32.58,32.02,381309179,1540,
2018-04-01,10000002,38,306.79,306.81,304.8,111381165,1473,
2018-04-01,10000002,39,690.93,690.95,678.12,56446583,1475,
2018-04-01,10000002,40,806.89,806.91,796.21,31564066,1374,
2018-04-01,10000002,11399,9720,9732,9500,1418985,518,
2018-04-02,10000002,34,5.15,5.24,4.48,17673972488,2207,
2018-04-02,10000002,35,4.33,4.35,4.29,5382691151,1749,
2018-04-02,10000002,36,76.48,77.86,71.18,1211149748,1552,
2018-04-02,10000002,37,32.24,32.26,32.13,513799479,1311,
2018-04-02,10000002,38,306.4,306.63,295.03,104933744,1228,
2018-04-02,10000002,39,664.93,688.76,663.03,66098998,1271,
2018-04-02,10000002,40,798.98,806.47,770.02,28504687,1128,
2018-04-02,10000002,11399,9550,9731.95,9400,2748902,488,
2018-04-03,10000002,34,5.09,5.12,5.01,25988329888,2087,
2018-04-03,10000002,35,4.56,4.59,4.5,3546259143,1600,
2018-04-03,10000002,36,76.24,76.31,76.18,936570304,1405,
2018-04-03,10000002,37,33,33.96,32.94,277954831,1214,
2018-04-03,10000002,38,305.41,305.43,295.39,107329276,1172,
2018-04-03,10000002,39,658,659.2,620.08,77848564,1251,
2018-04-03,10000002,40,767.23,794.19,765.5,47257387,1059,
2018-04-03,10000002,11399,9300,9730.9,9129.01,3487626,508,
2018-04-04,10000002,34,5.07,5.09,4.93,19230561020,1978,
2018-04-04,10000002,35,4.52,4.52,4.51,2739309048,1525,
2018-04-04,10000002,36,76.2,76.23,76.18,941503920,1454,
2018-04-04,10000002,37,33.7,33.72,31.68,278391748,1217,
2018-04-04,10000002,38,305.38,305.39,305.37,100803327,1196,
2018-04-04,10000002,39,656.83,657.65,626,43966025,1221,
2018-04-04,10000002,40,803.6,804.49,768.01,19069595,1051,
2018-04-04,10000002,11399,9730.68,9730.78,9124.94,2106621,470,
2018-04-05,10000002,34,5.18,5.19,5.17,11591912601,1945,
2018-04-05,10000002,35,4.55,4.55,4.55,2677253308,1500,
2018-04-05,10000002,36,78.26,78.3,78.22,798819891,1391,
2018-04-05,10000002,37,33.3,33.36,31.92,289165668,1146,
2018-04-05,10000002,38,305.26,305.38,304.99,56185821,1110,
2018-04-05,10000002,39,656.64,656.71,655,38200859,1134,
2018-04-05,10000002,40,801.09,801.52,795.63,18846864,1004,
2018-04-05,10000002,11399,9699.94,9699.94,9699.94,2378396,428,
2018-04-06,10000002,34,5.19,5.34,4.83,21551271263,1995,
2018-04-06,10000002,35,4.33,4.49,4.14,4134003914,1517,
2018-04-06,10000002,36,78.31,81.05,75.54,863808677,1352,
2018-04-06,10000002,37,32.2,32.28,31.95,429643694,1169,
2018-04-06,10000002,38,305.36,305.37,305.32,60844283,1062,
2018-04-06,10000002,39,656.42,656.44,632,48708140,1153,
2018-04-06,10000002,40,767.14,796.99,765.1,27914868,1040,
2018-04-06,10000002,11399,9699.53,9699.58,9334.04,1011218,452,
2018-04-07,10000002,34,5.19,5.22,5.18,13559463172,2415,
2018-04-07,10000002,35,4.44,4.44,4.43,2922129369,1901,
2018-04-07,10000002,36,78.47,80.49,74.11,1229329126,1694,
2018-04-07,10000002,37,31.94,32.11,30.36,444447510,1471,
2018-04-07,10000002,38,305.28,305.29,305.23,78880291,1407,
2018-04-07,10000002,39,656.23,656.35,630.79,55907921,1399,
2018-04-07,10000002,40,796.55,796.75,782.05,23389627,1274,
2018-04-07,10000002,11399,9699.39,9699.5,9636.03,1525032,499,
2018-04-08,10000002,34,5.25,5.26,5.16,15836836697,2315,
2018-04-08,10000002,35,4.41,4.42,4.37,3332915977,1847,
2018-04-08,10000002,36,78.44,78.44,78.43,1072686528,1707,
2018-04-08,10000002,37,30.11,31.85,30.09,546786560,1421,
2018-04-08,10000002,38,305.17,305.24,288.97,131119219,1330,
2018-04-08,10000002,39,600.99,606.87,600,91384265,1427,
2018-04-08,10000002,40,750.02,795.18,660.96,35695571,1282,
2018-04-08,10000002,11399,9698.91,9699.52,9339,2397918,471,
2018-04-09,10000002,34,5.35,5.41,4.88,18277052251,1976,
2018-04-09,10000002,35,4.52,4.57,4.43,2641895919,1492,
2018-04-09,10000002,36,78.45,80.8,77,1191099337,1442,
2018-04-09,10000002,37,31.69,31.76,30.59,253675784,1164,
2018-04-09,10000002,38,303.99,305.94,298.91,58615310,1050,
2018-04-09,10000002,39,652.06,652.6,611.88,47471108,1116,
2018-04-09,10000002,40,733.96,749.99,700.47,21463444,1027,
2018-04-09,10000002,11399,9697.9,9699.56,9339.85,4143090,454,
2018-04-10,10000002,34,5.34,5.36,5.24,17583415263,1973,
2018-04-10,10000002,35,4.52,4.52,4.49,3423726015,1513,
2018-04-10,10000002,36,79.99,79.99,79.36,868349398,1423,
2018-04-10,10000002,37,31.65,31.67,30.65,329877060,1157,
2018-04-10,10000002,38,304.99,305.43,304.88,78373538,1105,
2018-04-10,10000002,39,651.99,652.03,651.95,32582703,1118,
2018-04-10,10000002,40,731.99,732.96,725,26435966,1064,
2018-04-10,10000002,11399,9600.14,9699.5,9600.05,1208187,438,
2018-04-11,10000002,34,5.28,5.3,5.22,12500280898,1946,
2018-04-11,10000002,35,4.18,4.19,4.15,4828642176,1539,
2018-04-11,10000002,36,85.96,87.84,80.5,946704556,1539,
2018-04-11,10000002,37,31.51,31.57,30.65,243766037,1153,
2018-04-11,10000002,38,305.93,305.94,305.54,60764357,1139,
2018-04-11,10000002,39,651.81,651.89,648,35660869,1155,
2018-04-11,10000002,40,731.61,731.83,707,30581589,1070,
2018-04-11,10000002,11399,9699.4,9699.46,9699.38,1127946,432,
2018-04-12,10000002,34,5.14,5.16,5.1,12014269518,1812,
2018-04-12,10000002,35,4.34,4.36,4.13,4774113203,1488,
2018-04-12,10000002,36,81.2,84.71,77.77,1189884048,1410,
2018-04-12,10000002,37,31.3,31.3,31.29,354789248,1144,
2018-04-12,10000002,38,305.64,305.69,300.13,65766191,1118,
2018-04-12,10000002,39,651.03,651.11,625.14,33628816,1100,
2018-04-12,10000002,40,729.78,731.31,705.12,18397038,1010,
2018-04-12,10000002,11399,9698.46,9698.84,9335.4,2666856,397,
2018-04-13,10000002,34,5.23,5.25,5.11,19433362947,2147,
2018-04-13,10000002,35,4.49,4.49,4.47,2799176157,1730,
2018-04-13,10000002,36,79.98,81.76,77,1025350953,1564,
2018-04-13,10000002,37,31.19,31.52,31.07,378810652,1316,
2018-04-13,10000002,38,299,305.38,290.49,77296881,1267,
2018-04-13,10000002,39,639.46,650.33,630.13,42747188,1218,
2018-04-13,10000002,40,705.06,727.39,704,28185740,1086,
2018-04-13,10000002,11399,9697.23,9697.27,9697.23,809033,408,
2018-04-14,10000002,34,5.29,5.4,5.18,13149576281,2373,
2018-04-14,10000002,35,4.45,4.48,4.42,3342730890,1786,
2018-04-14,10000002,36,80,80.95,75.34,1168413095,1713,
2018-04-14,10000002,37,31.68,31.68,31.68,694629941,1421,
2018-04-14,10000002,38,305.34,305.35,305.29,84676664,1327,
2018-04-14,10000002,39,639.3,639.38,630.57,44813005,1301,
2018-04-14,10000002,40,705.34,727.18,687.69,27948221,1151,
2018-04-14,10000002,11399,9697.12,9697.13,9407.19,3467696,450,
2018-04-15,10000002,34,5.19,5.34,5.16,9808549315,2442,
2018-04-15,10000002,35,4.4,4.42,4.4,3329928911,1901,
2018-04-15,10000002,36,80.93,80.95,80.16,878091104,1764,
2018-04-15,10000002,37,31.93,32.09,31.04,323089509,1504,
2018-04-15,10000002,38,305.95,305.95,305.95,92536544,1380,
2018-04-15,10000002,39,639.12,639.28,639.11,43501378,1399,
2018-04-15,10000002,40,725.53,725.74,724.43,36968292,1259,
2018-04-15,10000002,11399,9697.06,9697.1,9696.96,1327781,530,
2018-04-16,10000002,34,5.37,5.39,5.32,12872772622,2148,
2018-04-16,10000002,35,4.48,4.49,4.48,7477730323,1727,
2018-04-16,10000002,36,80.15,81.33,79.29,1035552125,1598,
2018-04-16,10000002,37,32.25,33.7,32.09,271245761,1358,
2018-04-16,10000002,38,317.99,334,310.43,59003277,1286,
2018-04-16,10000002,39,673.54,698.1,654.98,67052274,1284,
2018-04-16,10000002,40,706,722.99,700.05,29707652,1165,
2018-04-16,10000002,11399,9155.07,9399.95,9124.81,2520123,538,
2018-04-17,10000002,34,5.2,5.39,5.03,18249435896,2074,
2018-04-17,10000002,35,4.42,4.45,4.28,2992225833,1565,
2018-04-17,10000002,36,80.11,82.97,79.33,1109705134,1463,
2018-04-17,10000002,37,34.07,34.17,32.41,219374365,1223,
2018-04-17,10000002,38,339.22,339.23,339.18,70211754,1136,
2018-04-17,10000002,39,694.62,694.8,670.37,23287676,1105,
2018-04-17,10000002,40,720.8,720.97,700.33,24762435,1015,
2018-04-17,10000002,11399,9399.79,9399.8,9397.99,2184332,391,
2018-04-18,10000002,34,5.16,5.24,5.14,16601713920,1952,
2018-04-18,10000002,35,4.34,4.35,4.11,2956298061,1531,
2018-04-18,10000002,36,80.11,81.83,77.36,778127588,1433,
2018-04-18,10000002,37,32.43,33.68,31.52,269575641,1220,
2018-04-18,10000002,38,325.03,333.82,323.7,69278709,1156,
2018-04-18,10000002,39,689.23,689.85,670.44,33070535,1142,
2018-04-18,10000002,40,718.81,719.09,701.28,22309786,1007,
2018-04-18,10000002,11399,9154.42,9598.39,9154.2,1269120,384,
2018-04-19,10000002,34,5.3,5.39,5.22,9230175183,1864,
2018-04-19,10000002,35,4.18,4.23,4.09,4122707499,1539,
2018-04-19,10000002,36,81,81.71,76.74,1119762386,1416,
2018-04-19,10000002,37,33.33,33.49,31.41,213417000,1183,
2018-04-19,10000002,38,333.17,333.8,323.64,78604833,1140,
2018-04-19,10000002,39,686.42,688.79,671.2,38477714,1140,
2018-04-19,10000002,40,682.31,718.26,682.11,17843527,1038,
2018-04-19,10000002,11399,9436.13,9437.41,9154.18,846636,398,
2018-04-20,10000002,34,5.07,5.23,4.9,18564507001,1926,
2018-04-20,10000002,35,4.16,4.17,4.15,8037861409,1495,
2018-04-20,10000002,36,79.87,80.99,76,784130446,1311,
2018-04-20,10000002,37,33.07,33.27,31.32,212015387,1083,
2018-04-20,10000002,38,321,322.22,311.01,73995865,1035,
2018-04-20,10000002,39,679.13,679.8,643.25,49550450,1084,
2018-04-20,10000002,40,710.37,710.55,690.02,24460594,986,
2018-04-20,10000002,11399,8963.01,9399.29,8499.94,2928723,443,
2018-04-21,10000002,34,5.13,5.16,5.05,15277820186,2182,
2018-04-21,10000002,35,4.36,4.38,4.1,5316882306,1733,
2018-04-21,10000002,36,80.21,80.35,72.39,1527459068,1657,
2018-04-21,10000002,37,31.37,32.74,31.32,465683569,1317,
2018-04-21,10000002,38,320.95,320.98,320.92,159501113,1335,
2018-04-21,10000002,39,645.72,676.62,640.04,65795762,1291,
2018-04-21,10000002,40,680.75,708.87,680.56,60154302,1170,
2018-04-21,10000002,11399,9109.23,9304.7,8700,3146545,404,
2018-04-22,10000002,34,4.89,5.07,4.82,35190369810,2575,
2018-04-22,10000002,35,4.27,4.45,4.02,4885856456,2029,
2018-04-22,10000002,36,75,77.39,71.46,1868053489,1959,
2018-04-22,10000002,37,31.32,32.3,29.73,573953725,1582,
2018-04-22,10000002,38,342.29,344.22,305.55,104146650,1607,
2018-04-22,10000002,39,670.98,671.14,640.04,51268807,1512,
2018-04-22,10000002,40,684.83,700.66,665.06,32972167,1314,
2018-04-22,10000002,11399,8400.5,9229.58,8350.03,3889362,550,
2018-04-23,10000002,34,5.02,5.03,4.99,22722271475,2218,
2018-04-23,10000002,35,4.22,4.22,4.21,3759961256,1741,
2018-04-23,10000002,36,76.95,77.04,76.31,1045537193,1576,
2018-04-23,10000002,37,29.74,30.99,29.51,466550962,1332,
2018-04-23,10000002,38,329.58,335.64,329,62132295,1282,
2018-04-23,10000002,39,669.84,670.67,640.03,48435710,1279,
2018-04-23,10000002,40,688.82,688.93,665.03,37982045,1176,
2018-04-23,10000002,11399,9229.4,9229.4,9228.94,1858992,425,
2018-04-24,10000002,34,5.04,5.05,5.02,19608301705,1961,
2018-04-24,10000002,35,4.17,4.17,4.05,6884658557,1542,
2018-04-24,10000002,36,76.57,76.81,76.49,924980800,1403,
2018-04-24,10000002,37,30.83,30.9,30.8,970360267,1236,
2018-04-24,10000002,38,317.97,318.02,308.11,73997867,1118,
2018-04-24,10000002,39,668.99,669.34,668.06,45882964,1117,
2018-04-24,10000002,40,683.82,684.95,650.36,32435057,1036,
2018-04-24,10000002,11399,9228.81,9229.39,9100,1436943,433,
2018-04-25,10000002,34,5.03,5.04,4.98,15490835594,1861,
2018-04-25,10000002,35,4.18,4.41,4.07,3709173777,1419,
2018-04-25,10000002,36,76.12,76.18,73.19,1083100775,1312,
2018-04-25,10000002,37,30.84,32.07,30.77,457823769,1098,
2018-04-25,10000002,38,306.45,312.98,290.43,100908500,1028,
2018-04-25,10000002,39,666.65,667.38,632,39957868,1010,
2018-04-25,10000002,40,635.19,681.12,630.26,32915770,968,
2018-04-25,10000002,11399,9304.26,9304.63,9102.01,1607182,390,
2018-04-26,10000002,34,5.2,5.3,5.16,12363602857,1807,
2018-04-26,10000002,35,4.4,4.44,4.22,3729989526,1371,
2018-04-26,10000002,36,76.05,76.06,73.56,726478823,1289,
2018-04-26,10000002,37,32.08,32.1,30.19,237803310,1095,
2018-04-26,10000002,38,304.97,313,282.21,70734008,1041,
2018-04-26,10000002,39,659.99,666.94,630.95,29555266,1066,
2018-04-26,10000002,40,670.29,673.9,636.37,26601237,961,
2018-04-26,10000002,11399,9304.21,9304.24,8994.61,1940426,403,
2018-04-27,10000002,34,5.18,5.18,5.18,10104166704,1822,
2018-04-27,10000002,35,4.38,4.39,4.35,1972120067,1410,
2018-04-27,10000002,36,76.02,76.03,76,776123809,1289,
2018-04-27,10000002,37,31.95,31.96,31.95,227169563,1127,
2018-04-27,10000002,38,317.74,317.75,317.74,64302504,1061,
2018-04-27,10000002,39,666.53,666.85,661.95,25745304,1057,
2018-04-27,10000002,40,669.97,670.12,660.08,18106901,1003,
2018-04-27,10000002,11399,9304.42,9304.44,9011.15,1498962,445,
2018-04-28,10000002,34,4.91,5.17,4.84,20884719459,1986,
2018-04-28,10000002,35,4.28,4.3,4.13,3809635258,1536,
2018-04-28,10000002,36,75.93,76,71.08,1293837857,1424,
2018-04-28,10000002,37,32.05,32.09,30.13,327302837,1224,
2018-04-28,10000002,38,315,318.06,304.05,70861760,1099,
2018-04-28,10000002,39,666.86,666.87,642.39,41138991,1176,
2018-04-28,10000002,40,669.95,670.13,650.03,27625285,1024,
2018-04-28,10000002,11399,8299.99,8299.99,8299.99,3148951,467,
2018-04-29,10000002,34,5.18,5.29,5.03,14606046075,2523,
2018-04-29,10000002,35,4.32,4.33,4.27,3946442164,1975,
2018-04-29,10000002,36,76.03,77.4,75.92,975019535,1797,
2018-04-29,10000002,37,32.1,32.12,31.08,281761017,1558,
2018-04-29,10000002,38,320,345.32,315.23,91255332,1492,
2018-04-29,10000002,39,675.95,693.95,632.79,53438791,1480,
2018-04-29,10000002,40,669.98,670.29,645.77,38487610,1316,
2018-04-29,10000002,11399,9299.94,9303.27,8821,1697463,439,
2018-04-30,10000002,34,5.26,5.28,5.09,14522022776,2330,
2018-04-30,10000002,35,4.01,4.1,3.81,8087015882,1864,
2018-04-30,10000002,36,77.14,77.21,73.12,1133156123,1732,
2018-04-30,10000002,37,32.24,32.63,32.1,320739918,1510,
2018-04-30,10000002,38,327.07,344.86,320.55,76569464,1407,
2018-04-30,10000002,39,668,692.89,635.43,44999499,1447,
2018-04-30,10000002,40,683.21,699.99,660.02,41847662,1361,
2018-04-30,10000002,11399,9016.27,9295.89,8850,2185970,468,
2018-05-01,10000002,34,5.09,5.25,5.07,9263590155,2108,
2018-05-01,10000002,35,4.04,4.07,4.03,2894149469,1715,
2018-05-01,10000002,36,75.43,75.9,72.83,690769320,1523,
2018-05-01,10000002,37,33.19,36.72,32.59,604655867,1340,
2018-05-01,10000002,38,316.14,316.39,316.03,72566387,1164,
2018-05-01,10000002,39,676.7,676.97,640.05,65887178,1204,
2018-05-01,10000002,40,697.43,699.89,663.03,32057899,1057,
2018-05-01,10000002,11399,9188.86,9188.9,8901,1765066,581,
2018-05-02,10000002,34,5.12,5.12,5.11,10186453673,1903,
2018-05-02,10000002,35,4.14,4.16,4.05,2963029549,1490,
2018-05-02,10000002,36,75.87,75.95,72.21,817271976,1421,
2018-05-02,10000002,37,33.53,35.18,33.37,266339680,1210,
2018-05-02,10000002,38,324.08,324.29,308.06,50950911,1135,
2018-05-02,10000002,39,675,676.5,637.04,32819536,1119,
2018-05-02,10000002,40,695.62,695.75,694.99,14585944,947,
2018-05-02,10000002,11399,9099.97,9188.78,9000,2541634,364,
2018-05-03,10000002,34,5.05,5.07,4.87,22249682881,1956,
2018-05-03,10000002,35,4.15,4.16,4.08,3376074420,1434,
2018-05-03,10000002,36,75,75.87,71.34,823187773,1382,
2018-05-03,10000002,37,33.5,34.33,33.43,299284728,1193,
2018-05-03,10000002,38,323.9,323.9,323.78,99350888,1186,
2018-05-03,10000002,39,673,673.34,641.27,44200181,1101,
2018-05-03,10000002,40,656.86,692.8,656.59,18857941,994,
2018-05-03,10000002,11399,9099.87,9099.92,9099.85,986765,411,
2018-05-04,10000002,34,5.07,5.07,5.06,8611137104,1959,
2018-05-04,10000002,35,4.14,4.15,4.11,3141269932,1462,
2018-05-04,10000002,36,75.85,75.87,75.83,701981844,1337,
2018-05-04,10000002,37,34.16,34.23,32.79,455291965,1115,
2018-05-04,10000002,38,324,328.82,310.5,67778578,1093,
2018-05-04,10000002,39,673.41,673.45,673.39,41162333,1090,
2018-05-04,10000002,40,656.3,679.85,650,26556485,939,
2018-05-04,10000002,11399,9099.74,9099.79,9098.01,1163590,438,
2018-05-05,10000002,34,5.23,5.25,5.09,12699321460,2325,
2018-05-05,10000002,35,4.13,4.14,4.12,2629862216,1691,
2018-05-05,10000002,36,74.9,75.75,69.73,1230957249,1580,
2018-05-05,10000002,37,32.19,33.73,32.11,469970092,1335,
2018-05-05,10000002,38,327.4,327.47,327.31,52070903,1262,
2018-05-05,10000002,39,688.76,689.52,650.08,60906536,1296,
2018-05-05,10000002,40,679.61,679.7,660.12,30956493,1167,
2018-05-05,10000002,11399,9097,9097,9050,2116131,468,
2018-05-06,10000002,34,5.24,5.29,5.2,16227116290,2486,
2018-05-06,10000002,35,4.11,4.11,4.1,3345835630,1907,
2018-05-06,10000002,36,75.22,75.28,72.53,752306182,1698,
2018-05-06,10000002,37,32.11,33.25,32.1,500623461,1391,
2018-05-06,10000002,38,326.84,327.07,305.5,60151099,1309,
2018-05-06,10000002,39,687.99,689.86,651.22,34925581,1355,
2018-05-06,10000002,40,679.39,679.55,665.04,29079203,1267,
2018-05-06,10000002,11399,9009.89,9099.69,8902.6,2294613,562,
2018-05-07,10000002,34,5.58,5.6,5.5,8951293557,2192,
2018-05-07,10000002,35,4.17,4.17,4.16,2916638308,1680,
2018-05-07,10000002,36,75.15,75.17,75.06,784105686,1514,
2018-05-07,10000002,37,32.45,32.72,30.74,259698326,1250,
2018-05-07,10000002,38,326.41,326.44,311.93,63942206,1197,
2018-05-07,10000002,39,687.69,687.98,653.31,37441456,1239,
2018-05-07,10000002,40,678,679.37,657,18472511,1089,
2018-05-07,10000002,11399,9099.85,9200,8902.66,2584160,427,
2018-05-08,10000002,34,5.37,5.38,5.37,18679981694,2100,
2018-05-08,10000002,35,4,4,4,4793444540,1581,
2018-05-08,10000002,36,72.85,75.05,71.55,1245248831,1513,
2018-05-08,10000002,37,30.88,31.74,30.2,579287713,1253,
2018-05-08,10000002,38,310.51,312.05,310.51,104670279,1205,
2018-05-08,10000002,39,663.03,687.61,653.49,38017092,1224,
2018-05-08,10000002,40,662.1,662.1,662.1,34673779,1100,
2018-05-08,10000002,11399,9397.93,9700,9295.89,1198453,485,
2018-05-09,10000002,34,5.13,5.44,4.89,15441323220,2205,
2018-05-09,10000002,35,3.95,4.14,3.92,6843071797,1629,
2018-05-09,10000002,36,74.86,74.98,68.59,1007604741,1517,
2018-05-09,10000002,37,30.1,31,30.06,422159457,1258,
2018-05-09,10000002,38,324.72,324.75,307.14,95427167,1176,
2018-05-09,10000002,39,684.98,687.21,653.56,55192197,1226,
2018-05-09,10000002,40,662.17,677.76,662.11,37666129,1071,
2018-05-09,10000002,11399,9728.93,9728.99,9599,2238853,451,
2018-05-10,10000002,34,5.15,5.27,4.97,14752117086,2071,
2018-05-10,10000002,35,4.08,4.16,3.92,5333672112,1529,
2018-05-10,10000002,36,74.32,74.67,70.6,716537637,1350,
2018-05-10,10000002,37,30.1,31.24,30.02,453141985,1183,
2018-05-10,10000002,38,308.06,324.43,307,85431350,1111,
2018-05-10,10000002,39,660.3,685.89,653.23,40124302,1136,
2018-05-10,10000002,40,667,677.76,666.66,34359995,960,
2018-05-10,10000002,11399,9595.99,9649.96,9000.5,1505101,432,
2018-05-11,10000002,34,5.13,5.18,4.87,13104640428,1961,
2018-05-11,10000002,35,4.13,4.16,3.91,3563706534,1493,
2018-05-11,10000002,36,73.85,73.92,70.01,952671234,1356,
2018-05-11,10000002,37,31.09,31.13,30.1,529962748,1138,
2018-05-11,10000002,38,323.94,324.07,301.04,73968162,1056,
2018-05-11,10000002,39,660.15,687.07,651,46748545,1079,
2018-05-11,10000002,40,677.71,677.73,666.78,26207314,949,
2018-05-11,10000002,11399,9726.93,9727.1,9550,984072,397,
2018-05-12,10000002,34,5.18,5.26,5.01,15545444368,2224,
2018-05-12,10000002,35,4.35,4.39,4.14,2848636920,1703,
2018-05-12,10000002,36,70.3,73.29,70.19,1814723932,1583,
2018-05-12,10000002,37,31.06,31.11,29.81,325568929,1321,
2018-05-12,10000002,38,304.17,322.43,303.25,93128380,1214,
2018-05-12,10000002,39,686.86,686.88,665.08,37409968,1273,
2018-05-12,10000002,40,677.69,677.73,670.07,26747020,1125,
2018-05-12,10000002,11399,9725.99,9726,9126.99,2379183,505,
2018-05-13,10000002,34,5.12,5.15,4.99,15162223805,2427,
2018-05-13,10000002,35,4.38,4.38,4.38,4851937355,1879,
2018-05-13,10000002,36,73.15,73.21,72.9,1129620065,1717,
2018-05-13,10000002,37,31.03,31.05,31.01,376874272,1444,
2018-05-13,10000002,38,318.43,320.84,305.19,72030668,1359,
2018-05-13,10000002,39,684.93,685.96,655,42539813,1385,
2018-05-13,10000002,40,670,677.69,655.05,22213766,1297,
2018-05-13,10000002,11399,9610.59,9614.3,9120.08,2332119,441,
2018-05-14,10000002,34,5.19,5.33,5.18,17161971720,2020,
2018-05-14,10000002,35,4.38,4.39,4.26,3619476968,1532,
2018-05-14,10000002,36,73.02,73.06,70.17,1221282715,1431,
2018-05-14,10000002,37,29.06,30.89,29.04,350451606,1178,
2018-05-14,10000002,38,318.54,318.54,308,81624178,1143,
2018-05-14,10000002,39,684.33,684.54,648.2,41659652,1150,
2018-05-14,10000002,40,675,677.76,650,23093433,1027,
2018-05-14,10000002,11399,9610.52,9610.65,9356.96,1661970,430,
2018-05-15,10000002,34,5.32,5.34,4.94,13214210896,1956,
2018-05-15,10000002,35,4.39,4.4,4.18,2744681169,1501,
2018-05-15,10000002,36,73.14,73.45,73.11,824894917,1358,
2018-05-15,10000002,37,30.87,30.87,30.87,556749156,1135,
2018-05-15,10000002,38,318.13,318.19,305.2,61371591,1072,
2018-05-15,10000002,39,683.8,684.08,662,36342319,1137,
2018-05-15,10000002,40,677.66,677.72,652.13,17966142,979,
2018-05-15,10000002,11399,9610.26,9610.26,9610.26,3709156,385,
2018-05-16,10000002,34,5.13,5.28,4.92,16572713725,1874,
2018-05-16,10000002,35,4.15,4.38,4.04,5114135600,1510,
2018-05-16,10000002,36,73.45,73.45,73.45,1000962456,1434,
2018-05-16,10000002,37,30.86,31.01,30,342967753,1214,
2018-05-16,10000002,38,307.09,318.07,304.14,82107959,1106,
2018-05-16,10000002,39,680,683.93,648.56,56357319,1137,
2018-05-16,10000002,40,652.21,677.63,652.15,31345782,1053,
2018-05-16,10000002,11399,9610.03,9610.05,9305.1,2942124,497,
2018-05-17,10000002,34,5.21,5.22,5.2,10633871583,1885,
2018-05-17,10000002,35,4.28,4.3,4.27,3260120702,1472,
2018-05-17,10000002,36,72.69,72.69,72.68,680774374,1344,
2018-05-17,10000002,37,30.99,31.03,29.98,211014275,1153,
2018-05-17,10000002,38,317,317.99,301.22,95428653,1084,
2018-05-17,10000002,39,645.06,682,645.03,50490124,1081,
2018-05-17,10000002,40,675.5,675.54,647.54,10509245,984,
2018-05-17,10000002,11399,9126.91,9599.98,9010.1,1969267,432,
2018-05-18,10000002,34,4.92,5.3,4.91,20578822464,1827,
2018-05-18,10000002,35,4.12,4.28,3.95,3680662687,1391,
2018-05-18,10000002,36,72.6,72.65,71.74,1059097038,1261,
2018-05-18,10000002,37,30.93,30.94,30.15,174815175,1038,
2018-05-18,10000002,38,314.91,314.99,303.1,40623305,994,
2018-05-18,10000002,39,676.31,681.19,665.72,32428018,1019,
2018-05-18,10000002,40,674.18,674.25,647.54,15989794,950,
2018-05-18,10000002,11399,9490,9599.99,9030.33,1130835,437,
2018-05-19,10000002,34,5.26,5.32,5.04,16419328029,2169,
2018-05-19,10000002,35,4.02,4.33,3.96,4606403147,1627,
2018-05-19,10000002,36,72.65,73,72.64,1263894298,1503,
2018-05-19,10000002,37,29.97,30.9,29.16,682305462,1309,
2018-05-19,10000002,38,304.42,317.35,301.04,112387685,1232,
2018-05-19,10000002,39,680.9,680.99,641.23,48660768,1243,
2018-05-19,10000002,40,647.79,673.99,647.47,33985923,1158,
2018-05-19,10000002,11399,9028.29,9498.99,9028.1,2811862,482,
2018-05-20,10000002,34,5.25,5.32,5.01,16031029505,2544,
2018-05-20,10000002,35,4.3,4.3,4.3,3352514651,1876,
2018-05-20,10000002,36,73.82,73.84,70,1283280645,1750,
2018-05-20,10000002,37,30.88,30.92,29.2,378604682,1471,
2018-05-20,10000002,38,317.27,317.36,316.99,79810981,1344,
2018-05-20,10000002,39,680.48,680.49,680.47,39048771,1365,
2018-05-20,10000002,40,669.97,673.77,645.86,32214258,1312,
2018-05-20,10000002,11399,9547.24,9547.3,9547,2135803,550,
2018-05-21,10000002,34,5.27,5.32,5.19,16761108519,1926,
2018-05-21,10000002,35,4.16,4.26,3.99,4415266726,1472,
2018-05-21,10000002,36,73.38,73.5,69.4,921390173,1445,
2018-05-21,10000002,37,29.2,29.22,29.2,582778849,1154,
2018-05-21,10000002,38,317.24,317.29,288,82881119,1109,
2018-05-21,10000002,39,650.03,680,640.7,48304164,1097,
2018-05-21,10000002,40,631.02,669.79,631,30466782,1062,
2018-05-21,10000002,11399,9546.8,9546.88,9545.26,1154896,448,
2018-05-22,10000002,34,5.19,5.23,4.97,13496134054,1861,
2018-05-22,10000002,35,4.29,4.33,4.23,5592480226,1478,
2018-05-22,10000002,36,72.99,73.01,69.17,1133419726,1363,
2018-05-22,10000002,37,30.82,30.91,30.75,239237926,1129,
2018-05-22,10000002,38,317.41,317.48,316.89,73675305,1080,
2018-05-22,10000002,39,677.62,677.85,674.94,28958763,1088,
2018-05-22,10000002,40,666.83,666.88,666.67,24266282,1025,
2018-05-22,10000002,11399,9545.26,9545.26,9544.99,2087219,515,
2018-05-23,10000002,34,5.14,5.16,4.95,16788547431,1753,
2018-05-23,10000002,35,4.26,4.27,4.19,2446823610,1328,
2018-05-23,10000002,36,69.17,72.88,68.87,1143369012,1276,
2018-05-23,10000002,37,28.86,30.17,28.78,344600451,1038,
2018-05-23,10000002,38,290.5,316.39,289.37,107638163,1023,
2018-05-23,10000002,39,641.52,674.74,641.08,38106432,1009,
2018-05-23,10000002,40,630.27,664.67,630.2,18214558,914,
2018-05-23,10000002,11399,8910,9154.6,8889.18,2317658,433,
2018-05-24,10000002,34,5.17,5.18,4.95,17739977186,1647,
2018-05-24,10000002,35,4.13,4.2,3.99,4622964990,1248,
2018-05-24,10000002,36,71.99,72.4,67.55,866735133,1191,
2018-05-24,10000002,37,28.81,29.83,28.01,774975647,1042,
2018-05-24,10000002,38,314.78,314.87,292.15,74909236,960,
2018-05-24,10000002,39,647.01,659.95,636.01,49195261,971,
2018-05-24,10000002,40,632.07,663.18,630.27,23283487,888,
2018-05-24,10000002,11399,9443.97,9449.96,9442.98,955326,467,
2018-05-25,10000002,34,5.15,5.22,4.98,13079637367,1886,
2018-05-25,10000002,35,4.2,4.2,4.2,2865056486,1459,
2018-05-25,10000002,36,72.62,73.5,72.37,1643425130,1469,
2018-05-25,10000002,37,28.89,28.89,28.88,232217230,1220,
2018-05-25,10000002,38,314.6,314.77,313.82,67685814,1153,
2018-05-25,10000002,39,659.85,659.87,616.54,49585574,1179,
2018-05-25,10000002,40,630.2,657.73,630.17,33206435,1087,
2018-05-25,10000002,11399,9400,9442.79,9399.99,1436575,414,
2018-05-26,10000002,34,5.18,5.27,5.03,19712803265,2089,
2018-05-26,10000002,35,4.12,4.25,4.11,4849042938,1644,
2018-05-26,10000002,36,70.55,73.53,68.76,1350956968,1561,
2018-05-26,10000002,37,28.6,28.77,26.96,283413560,1280,
2018-05-26,10000002,38,314.79,314.85,298.49,69711226,1198,
2018-05-26,10000002,39,665.95,673.8,626.21,38124580,1198,
2018-05-26,10000002,40,620.12,627,617.02,36197357,1096,
2018-05-26,10000002,11399,9442.27,9442.29,9170.07,2761418,482,
2018-05-27,10000002,34,5.15,5.19,5.08,15975370574,2196,
2018-05-27,10000002,35,4.22,4.24,4.16,3434754209,1682,
2018-05-27,10000002,36,72.77,72.78,72.77,1331777000,1545,
2018-05-27,10000002,37,28.63,29.45,28.63,391159569,1358,
2018-05-27,10000002,38,313.94,313.99,312.98,80915997,1321,
2018-05-27,10000002,39,664.09,664.13,663.99,87392437,1289,
2018-05-27,10000002,40,654.64,654.97,644.95,68857941,1248,
2018-05-27,10000002,11399,9439.93,9440.8,9201.3,1822779,468,
2018-05-28,10000002,34,5.1,5.15,4.94,16497449557,2056,
2018-05-28,10000002,35,4.15,4.22,4,3344201820,1547,
2018-05-28,10000002,36,73.08,74.49,68,1101292147,1436,
2018-05-28,10000002,37,27.62,29.17,27.57,363214642,1185,
2018-05-28,10000002,38,312.96,313.95,300.09,114338288,1158,
2018-05-28,10000002,39,673.67,673.89,627.24,43903972,1240,
2018-05-28,10000002,40,637.43,662.3,617.01,30377675,1091,
2018-05-28,10000002,11399,9151,9419,8710.04,2570993,488,
2018-05-29,10000002,34,4.91,4.94,4.91,15027548552,1878,
2018-05-29,10000002,35,4.21,4.21,4.21,2669398364,1458,
2018-05-29,10000002,36,72.8,72.86,68.62,627678786,1306,
2018-05-29,10000002,37,27.17,28.9,27.15,307124895,1054,
2018-05-29,10000002,38,313.73,313.9,295.01,71497142,1054,
2018-05-29,10000002,39,670.65,672.89,630.71,34547898,1087,
2018-05-29,10000002,40,629.01,659.54,613.38,17355655,973,
2018-05-29,10000002,11399,9200,9407.77,8710.45,3368033,460,
2018-05-30,10000002,34,5.14,5.17,5.09,14914258468,2061,
2018-05-30,10000002,35,4.1,4.11,4.08,2762627540,1654,
2018-05-30,10000002,36,72.44,72.49,72.3,858612757,1437,
2018-05-30,10000002,37,28.4,28.97,27.05,332475435,1299,
2018-05-30,10000002,38,313.47,313.68,295.04,59670247,1157,
2018-05-30,10000002,39,664.97,670.54,630.15,25577415,1209,
2018-05-30,10000002,40,645.94,656.95,614.01,19084256,1117,
2018-05-30,10000002,11399,9396,9401.87,8503.05,2058308,520,
2018-05-31,10000002,34,4.91,5.08,4.89,20771482060,2572,
2018-05-31,10000002,35,4.08,4.09,4.06,3367767123,2007,
2018-05-31,10000002,36,68.1,72.18,68.1,1318246506,1745,
2018-05-31,10000002,37,28.77,28.83,27.46,235202866,1496,
2018-05-31,10000002,38,313.2,313.24,295.01,171491267,1430,
2018-05-31,10000002,39,667.19,667.86,631.05,33967791,1465,
2018-05-31,10000002,40,646.68,656.64,614.6,23393168,1346,
2018-05-31,10000002,11399,9299,9299.99,9297.98,917120,529,
2018-06-01,10000002,34,4.94,5.1,4.82,18372303881,2389,
2018-06-01,10000002,35,4.03,4.09,3.98,6175961738,1852,
2018-06-01,10000002,36,70,71.97,67.91,1123285214,1568,
2018-06-01,10000002,37,27.5,27.68,27.17,556485059,1390,
2018-06-01,10000002,38,296.48,311.88,295.52,78673139,1256,
2018-06-01,10000002,39,631.73,666.67,631.45,58431455,1303,
2018-06-01,10000002,40,614.17,620.15,613.53,30133156,1237,
2018-06-01,10000002,11399,9279.9,9289.68,8605.14,3335977,540,
2018-06-02,10000002,34,5.04,5.09,4.79,15019971983,2553,
2018-06-02,10000002,35,3.97,3.98,3.97,5931516909,2013,
2018-06-02,10000002,36,71.99,72.78,67.54,1236443188,1789,
2018-06-02,10000002,37,27.19,28.65,27.13,358252493,1543,
2018-06-02,10000002,38,284.14,310.33,283.3,84705248,1441,
2018-06-02,10000002,39,659.41,659.74,631.55,33823008,1449,
2018-06-02,10000002,40,616.6,623.69,576.91,20789440,1399,
2018-06-02,10000002,11399,8669.05,9230,8666.1,4698483,624,
2018-06-03,10000002,34,4.7,5,4.42,21908302617,2892,
2018-06-03,10000002,35,3.77,4.13,3.71,5748432153,2338,
2018-06-03,10000002,36,71.99,73.41,68.06,1747714349,2109,
2018-06-03,10000002,37,27,28.47,26.94,625881772,1805,
2018-06-03,10000002,38,295.3,306.55,264,101888357,1630,
2018-06-03,10000002,39,650,658.39,617.01,52963438,1678,
2018-06-03,10000002,40,613.27,614.99,595.03,31773883,1540,
2018-06-03,10000002,11399,9256,9300,9125,7580114,714,
2018-06-04,10000002,34,4.88,4.96,4.18,28160119654,2502,
2018-06-04,10000002,35,3.99,4.1,3.71,5960474179,1892,
2018-06-04,10000002,36,68,71.75,65.47,1478990081,1744,
2018-06-04,10000002,37,28.42,28.46,26.95,496472497,1467,
2018-06-04,10000002,38,303.95,305.84,285.59,83845139,1382,
2018-06-04,10000002,39,655.63,656,617.35,56716565,1461,
2018-06-04,10000002,40,609,616.92,580.06,32816085,1253,
2018-06-04,10000002,11399,9457,9489,9127.44,1312111,593,
2018-06-05,10000002,34,4.57,4.59,4.56,12435293680,2072,
2018-06-05,10000002,35,3.94,4,3.55,2774146134,1617,
2018-06-05,10000002,36,66.12,71.01,64.31,814026241,1407,
2018-06-05,10000002,37,28.24,28.28,26.95,261489921,1145,
2018-06-05,10000002,38,298.9,299.99,262.77,67565123,1036,
2018-06-05,10000002,39,617,650,585.03,41747952,1120,
2018-06-05,10000002,40,580.14,609.99,580.08,19197574,951,
2018-06-05,10000002,11399,9210.3,9210.3,9210.3,1506770,477,
2018-06-06,10000002,34,4.58,4.9,4.52,17797989962,2275,
2018-06-06,10000002,35,3.68,3.77,3.68,5035571417,1813,
2018-06-06,10000002,36,65.28,69.5,61.07,1023104717,1593,
2018-06-06,10000002,37,27,28.25,26.96,409441606,1313,
2018-06-06,10000002,38,297.27,297.53,289.03,52860782,1279,
2018-06-06,10000002,39,647.89,649.72,600.24,31765761,1283,
2018-06-06,10000002,40,577.31,617.01,577.22,29757813,1136,
2018-06-06,10000002,11399,9431.85,9452.99,9380.1,1366720,501,
2018-06-07,10000002,34,4.9,4.92,4.88,17927952928,2329,
2018-06-07,10000002,35,4.11,4.12,4.1,2174002029,1765,
2018-06-07,10000002,36,68.75,68.75,68.75,747914463,1514,
2018-06-07,10000002,37,28.25,28.27,28.04,245639231,1325,
2018-06-07,10000002,38,296.95,296.97,296.94,83381714,1276,
2018-06-07,10000002,39,645.46,645.53,603.24,41692434,1263,
2018-06-07,10000002,40,581.49,648.68,577.38,34733215,1146,
2018-06-07,10000002,11399,8800.04,9379.81,8681.2,2137859,505,
2018-06-08,10000002,34,5.04,5.08,4.88,12248308853,2070,
2018-06-08,10000002,35,4.11,4.12,4.05,2200878195,1545,
2018-06-08,10000002,36,68.76,68.76,68.76,801381350,1442,
2018-06-08,10000002,37,28.19,28.22,28.05,320445164,1224,
2018-06-08,10000002,38,294,296.83,289.46,51050389,1113,
2018-06-08,10000002,39,644.9,645.44,612.2,26841135,1207,
2018-06-08,10000002,40,625,629.99,599.69,24286751,1103,
2018-06-08,10000002,11399,9230.8,9230.94,8751.2,1364546,473,
2018-06-09,10000002,34,5.01,5.02,5.01,13178073068,2494,
2018-06-09,10000002,35,4.11,4.12,4.1,3899665628,1956,
2018-06-09,10000002,36,71.61,71.62,69.83,1190664943,1785,
2018-06-09,10000002,37,28.27,28.27,28.27,350034294,1503,
2018-06-09,10000002,38,295.89,296.67,265.81,108201396,1376,
2018-06-09,10000002,39,644.5,644.55,644.38,36344596,1434,
2018-06-09,10000002,40,620,628.82,589,24201164,1301,
2018-06-09,10000002,11399,8871,9200,8755.55,2537485,637,
2018-06-10,10000002,34,5.02,5.04,4.7,15366976016,2555,
2018-06-10,10000002,35,3.97,3.97,3.97,2422519946,1983,
2018-06-10,10000002,36,71.64,72.86,69.26,911319345,1797,
2018-06-10,10000002,37,28.61,28.69,27.11,257530349,1473,
2018-06-10,10000002,38,270.34,295.52,270.1,84294306,1426,
2018-06-10,10000002,39,639,640.93,633,41429517,1467,
2018-06-10,10000002,40,590,595.08,588.97,34228330,1324,
2018-06-10,10000002,11399,9188.19,9188.4,8871.03,1876057,573,
2018-06-11,10000002,34,4.99,5.01,4.74,15929120633,2148,
2018-06-11,10000002,35,3.94,3.94,3.92,4539222758,1716,
2018-06-11,10000002,36,72.87,72.91,72.86,1193781659,1489,
2018-06-11,10000002,37,27.19,28.05,27.13,283582914,1273,
2018-06-11,10000002,38,279.12,279.14,279.11,93945585,1190,
2018-06-11,10000002,39,640.6,640.69,635,32382633,1170,
2018-06-11,10000002,40,606,609.94,589.16,17969965,1082,
2018-06-11,10000002,11399,8755,9186.98,8750.06,1721162,498,
2018-06-12,10000002,34,4.98,4.99,4.74,19196590341,2009,
2018-06-12,10000002,35,3.9,3.92,3.83,4511534007,1565,
2018-06-12,10000002,36,72.78,72.84,70.42,968641975,1440,
2018-06-12,10000002,37,27.13,27.94,27.04,386883301,1219,
2018-06-12,10000002,38,268.65,294.1,268.43,103190026,1119,
2018-06-12,10000002,39,637.72,639.82,618.36,36614283,1198,
2018-06-12,10000002,40,588.87,588.87,588.87,33228504,1032,
2018-06-12,10000002,11399,9184.9,9184.95,9184.88,2644608,508,
2018-06-13,10000002,34,5,5,5,13056836559,1888,
2018-06-13,10000002,35,3.93,3.94,3.87,2903154986,1468,
2018-06-13,10000002,36,72.86,74.54,68.66,638120993,1303,
2018-06-13,10000002,37,27.66,27.9,27.04,258738928,1103,
2018-06-13,10000002,38,293.89,294.23,283.79,66653648,1056,
2018-06-13,10000002,39,638.66,639,603.63,33543127,1089,
2018-06-13,10000002,40,598.99,625.15,598.91,69156963,1036,
2018-06-13,10000002,11399,9182.42,9182.81,8717.98,1134807,531,
2018-06-14,10000002,34,5,5,4.94,8258475640,1593,
2018-06-14,10000002,35,3.95,4.12,3.85,2401750754,1183,
2018-06-14,10000002,36,71.87,74.65,68.73,842629016,1111,
2018-06-14,10000002,37,27.66,27.84,27.04,253739992,879,
2018-06-14,10000002,38,273.42,293.49,270.04,68783746,823,
2018-06-14,10000002,39,636.78,636.79,603.81,22673174,837,
2018-06-14,10000002,40,628.8,629,600,16898653,760,
2018-06-14,10000002,11399,9172,9182.32,8722.16,1598962,400,
2018-06-15,10000002,34,5.09,5.11,4.73,19090977497,1840,
2018-06-15,10000002,35,4.11,4.11,4.1,2540659221,1358,
2018-06-15,10000002,36,74,74.85,70.02,800728426,1221,
2018-06-15,10000002,37,27.85,27.86,27.7,206650036,976,
2018-06-15,10000002,38,292.48,292.98,292.44,51462238,924,
2018-06-15,10000002,39,635.89,635.91,635.85,23381594,1018,
2018-06-15,10000002,40,627.91,628.57,627,9160878,880,
2018-06-15,10000002,11399,9181.9,9181.91,9181.85,739999,417,
2018-06-16,10000002,34,4.99,5.02,4.74,15814583052,2112,
2018-06-16,10000002,35,3.91,4.06,3.74,4328657936,1611,
2018-06-16,10000002,36,70.64,74.72,67.32,1010632197,1465,
2018-06-16,10000002,37,27.03,27.7,26.68,320030982,1210,
2018-06-16,10000002,38,278.37,291.82,270,107549187,1113,
2018-06-16,10000002,39,603.55,629,581.42,79299967,1176,
2018-06-16,10000002,40,626.9,627.78,601.29,15920544,1070,
2018-06-16,10000002,11399,9179.18,9179.42,8510.14,2972654,503,
2018-06-17,10000002,34,4.96,4.98,4.81,33002740682,2207,
2018-06-17,10000002,35,3.81,4.01,3.78,4001649977,1778,
2018-06-17,10000002,36,68.94,74.47,66.6,1188297833,1599,
2018-06-17,10000002,37,27.63,27.66,27.46,355679248,1308,
2018-06-17,10000002,38,290.08,291.7,267.99,103668473,1260,
2018-06-17,10000002,39,620,629.96,552.33,45802006,1251,
2018-06-17,10000002,40,605.01,626.67,601.3,22649915,1137,
2018-06-17,10000002,11399,8568.61,9069.95,8568.48,2619020,515,
2018-06-18,10000002,34,4.81,5.07,4.7,22047516058,1877,
2018-06-18,10000002,35,3.98,4,3.85,2187782228,1412,
2018-06-18,10000002,36,70.77,74.04,68.38,646927675,1321,
2018-06-18,10000002,37,26.7,26.76,26.7,338058975,1084,
2018-06-18,10000002,38,277.91,284.76,269.35,57891982,1012,
2018-06-18,10000002,39,621.79,625,553.25,28803198,1039,
2018-06-18,10000002,40,601.29,601.29,601.29,34822642,921,
2018-06-18,10000002,11399,8615.01,8897.89,8568.61,2070996,442,
2018-06-19,10000002,34,4.97,4.98,4.96,8184520503,1811,
2018-06-19,10000002,35,3.97,3.98,3.84,3982981282,1393,
2018-06-19,10000002,36,69.22,71.61,69.12,1386676156,1301,
2018-06-19,10000002,37,27.04,27.68,26.72,316848800,1071,
2018-06-19,10000002,38,277.99,278.51,277.99,67396794,942,
2018-06-19,10000002,39,617.89,619.74,585.3,27478891,1061,
2018-06-19,10000002,40,601.3,619,601.29,21776941,970,
2018-06-19,10000002,11399,8897.08,8897.1,8897.05,2169137,465,
2018-06-20,10000002,34,4.92,4.98,4.74,17477705317,1734,
2018-06-20,10000002,35,3.94,3.98,3.86,3434699388,1377,
2018-06-20,10000002,36,71.25,71.36,69.98,653786586,1181,
2018-06-20,10000002,37,26.78,27,26.77,317348730,1034,
2018-06-20,10000002,38,282.76,282.92,278.02,83322582,971,
2018-06-20,10000002,39,613.8,614.93,590.02,32538654,975,
2018-06-20,10000002,40,610,616.57,601.33,22335294,899,
2018-06-20,10000002,11399,8616.2,8896.9,8615,3221539,493,
2018-06-21,10000002,34,5.02,5.02,5.02,9546629191,1747,
2018-06-21,10000002,35,3.98,3.99,3.83,3279294392,1400,
2018-06-21,10000002,36,71.12,71.2,64.51,1082080971,1247,
2018-06-21,10000002,37,27.54,27.54,27.54,578791383,1033,
2018-06-21,10000002,38,281.91,281.99,267,77337392,972,
2018-06-21,10000002,39,610.48,612.55,581.06,28066271,1010,
2018-06-21,10000002,40,617,617,617,62901267,908,
2018-06-21,10000002,11399,8800,8896.73,8500,1715259,421,
2018-06-22,10000002,34,5.02,5.04,4.84,13262771147,1795,
2018-06-22,10000002,35,3.95,3.96,3.83,2372701142,1393,
2018-06-22,10000002,36,70.62,70.9,70.54,618971770,1241,
2018-06-22,10000002,37,27.68,27.7,27.6,342792582,1093,
2018-06-22,10000002,38,277.56,279.65,273,73248126,996,
2018-06-22,10000002,39,570.28,600,550,47485480,1016,
2018-06-22,10000002,40,610.1,616.9,610,19465373,901,
2018-06-22,10000002,11399,8887.97,8889.86,8201.05,1283745,468,
2018-06-23,10000002,34,4.8,5,4.71,18677491761,1942,
2018-06-23,10000002,35,3.91,3.94,3.79,3054714547,1393,
2018-06-23,10000002,36,66.08,70.06,64.32,984967618,1215,
2018-06-23,10000002,37,26.94,26.99,26.78,308660844,1050,
2018-06-23,10000002,38,276.8,277.2,265.01,67647275,999,
2018-06-23,10000002,39,595.59,596.99,590,36721486,1042,
2018-06-23,10000002,40,613.78,613.79,613.58,29068049,941,
2018-06-23,10000002,11399,8700,8887.79,8699.99,2005085,490,
2018-06-24,10000002,34,4.96,4.99,4.69,23454837701,2267,
2018-06-24,10000002,35,3.8,3.9,3.79,6144134375,1769,
2018-06-24,10000002,36,67.96,68,67.64,1106718133,1620,
2018-06-24,10000002,37,26.86,26.86,26.85,384379886,1360,
2018-06-24,10000002,38,276.5,276.54,268.57,73250298,1272,
2018-06-24,10000002,39,592.78,592.92,555.03,49222441,1294,
2018-06-24,10000002,40,601.31,610.92,601.29,35943893,1181,
2018-06-24,10000002,11399,8886.28,8886.42,8515.05,1529223,527,
2018-06-25,10000002,34,4.99,4.99,4.98,16906982163,1778,
2018-06-25,10000002,35,3.79,3.87,3.78,5064641792,1395,
2018-06-25,10000002,36,67.97,67.99,65.76,996788403,1240,
2018-06-25,10000002,37,26.9,27,26.77,418686437,1098,
2018-06-25,10000002,38,268.77,268.77,268.6,138841112,997,
2018-06-25,10000002,39,561,589.83,550,59373379,1062,
2018-06-25,10000002,40,607.89,609,601.29,20271547,929,
2018-06-25,10000002,11399,8357.09,8799,8355.01,2891137,449,
2018-06-26,10000002,34,4.99,4.99,4.98,16145940511,1818,
2018-06-26,10000002,35,3.91,4.09,3.88,4953582085,1455,
2018-06-26,10000002,36,67.87,67.93,64.25,913312319,1270,
2018-06-26,10000002,37,27.99,28.69,26.72,641828994,1123,
2018-06-26,10000002,38,263.95,275.83,255.68,121818624,1017,
2018-06-26,10000002,39,569.88,578.92,549.06,39346646,1100,
2018-06-26,10000002,40,606.8,606.96,601.29,33353619,952,
2018-06-26,10000002,11399,8798.64,8798.89,8354.19,3167115,457,
2018-06-27,10000002,34,5,5.01,4.95,11787518214,1599,
2018-06-27,10000002,35,4.12,4.13,3.91,2324253692,1286,
2018-06-27,10000002,36,67.91,67.94,67.82,817065398,1143,
2018-06-27,10000002,37,27.8,28.7,26.71,242734618,942,
2018-06-27,10000002,38,275.02,275.03,275,48100499,864,
2018-06-27,10000002,39,565.7,565.74,532.04,41481008,976,
2018-06-27,10000002,40,606.9,606.94,601.29,19638688,830,
2018-06-27,10000002,11399,8798.39,8798.44,8363.08,1159516,387,
2018-06-28,10000002,34,4.8,4.99,4.72,21599438256,1785,
2018-06-28,10000002,35,3.92,4.12,3.8,6206654150,1442,
2018-06-28,10000002,36,67.9,67.92,64.98,919379036,1245,
2018-06-28,10000002,37,27.78,28.04,26.7,361570895,1137,
2018-06-28,10000002,38,274.93,275,256.21,103620840,1050,
2018-06-28,10000002,39,563,564.89,532,46693411,1035,
2018-06-28,10000002,40,606.95,606.98,606.94,21727434,943,
2018-06-28,10000002,11399,8796.76,8796.95,8630,1645969,416,
2018-06-29,10000002,34,4.74,4.96,4.73,22564336638,1774,
2018-06-29,10000002,35,3.82,4.09,3.8,3535173874,1389,
2018-06-29,10000002,36,65.08,66.94,64.99,1452504212,1220,
2018-06-29,10000002,37,27.78,27.98,26.71,178952726,1032,
2018-06-29,10000002,38,273.89,273.89,273.88,61330123,937,
2018-06-29,10000002,39,517.59,561.7,517.17,38843835,1026,
2018-06-29,10000002,40,601.3,608.88,601.29,32565543,913,
2018-06-29,10000002,11399,8630,8632.94,8544.44,1612064,404,
2018-06-30,10000002,34,4.92,4.93,4.74,19867099887,2012,
2018-06-30,10000002,35,4.04,4.05,3.81,4293551803,1532,
2018-06-30,10000002,36,67.8,67.82,66,1027101094,1377,
2018-06-30,10000002,37,26.76,27.2,26.7,404198552,1160,
2018-06-30,10000002,38,271.99,273.87,260,81004766,1059,
2018-06-30,10000002,39,560.98,561.57,558.94,30156977,1093,
2018-06-30,10000002,40,601.29,601.29,601.29,51277069,1005,
2018-06-30,10000002,11399,8463.02,8544.43,8462.19,4742374,441,
2018-07-01,10000002,34,4.86,4.89,4.69,15778351018,2034,
2018-07-01,10000002,35,4.05,4.06,4.03,2566749043,1585,
2018-07-01,10000002,36,67.39,67.4,65.02,900861999,1417,
2018-07-01,10000002,37,26.7,26.7,26.7,665613427,1155,
2018-07-01,10000002,38,270.72,270.77,268.98,71444744,1054,
2018-07-01,10000002,39,560.8,560.9,530.13,49702409,1184,
2018-07-01,10000002,40,607.99,609.63,601.29,22711778,1022,
2018-07-01,10000002,11399,8630.39,8630.75,8500.13,2931754,476,
2018-07-02,10000002,34,4.74,4.89,4.7,16360631754,1878,
2018-07-02,10000002,35,4,4,4,2104609859,1483,
2018-07-02,10000002,36,66.95,67.41,64.22,984623001,1317,
2018-07-02,10000002,37,26.7,26.71,26.69,312353197,1129,
2018-07-02,10000002,38,270.65,270.69,258.54,69627534,990,
2018-07-02,10000002,39,530.14,558.81,519.37,53818073,1084,
2018-07-02,10000002,40,601.29,601.29,601.29,42028951,961,
2018-07-02,10000002,11399,8500.13,8627.92,8499.99,2019501,447,
2018-07-03,10000002,34,4.96,4.97,4.89,10397525559,1651,
2018-07-03,10000002,35,3.82,3.99,3.8,4420793924,1274,
2018-07-03,10000002,36,63.19,67.26,63.1,1339360046,1153,
2018-07-03,10000002,37,26.69,26.7,26.68,649638928,1004,
2018-07-03,10000002,38,255.62,255.62,255.62,93257435,908,
2018-07-03,10000002,39,519.04,555.91,517.19,35013114,942,
2018-07-03,10000002,40,601.29,601.29,601.29,28993777,856,
2018-07-03,10000002,11399,8616.69,8616.99,8616.6,2348228,406,
2018-07-04,10000002,34,4.91,4.99,4.8,18868719754,1841,
2018-07-04,10000002,35,3.96,3.97,3.78,4178754063,1386,
2018-07-04,10000002,36,67.18,67.22,62.56,1052817340,1320,
2018-07-04,10000002,37,28.37,28.55,26.71,250046994,1044,
2018-07-04,10000002,38,267.88,269.92,239.88,72739788,1031,
2018-07-04,10000002,39,519.09,555.27,505.5,45484238,1072,
2018-07-04,10000002,40,604.95,608.57,601.29,27705707,902,
2018-07-04,10000002,11399,8616.89,8616.97,8616.87,1058910,428,
2018-07-05,10000002,34,4.71,5.06,4.7,28206760026,1704,
2018-07-05,10000002,35,4.04,4.12,3.78,8033837077,1346,
2018-07-05,10000002,36,66.18,67.14,59.99,602655024,1166,
2018-07-05,10000002,37,26.7,26.7,26.7,249792783,973,
2018-07-05,10000002,38,226.76,226.76,226.76,126386688,947,
2018-07-05,10000002,39,505.23,542.81,505.22,59786114,975,
2018-07-05,10000002,40,601.29,601.32,601.29,16892994,827,
2018-07-05,10000002,11399,8615.73,8615.96,8368.52,1869349,434,
2018-07-06,10000002,34,4.9,5.01,4.45,17289014658,1777,
2018-07-06,10000002,35,3.86,4.09,3.78,4123629351,1479,
2018-07-06,10000002,36,67,67.11,63.29,1103955891,1358,
2018-07-06,10000002,37,28.47,28.49,27,227466364,1145,
2018-07-06,10000002,38,258.35,258.86,257.98,65670504,1045,
2018-07-06,10000002,39,545.13,552.18,542.5,37109214,1073,
2018-07-06,10000002,40,607.99,627,601.3,16357889,999,
2018-07-06,10000002,11399,8615.83,8615.84,8615.82,1783897,416,
2018-07-07,10000002,34,4.86,4.87,4.83,10768211677,2038,
2018-07-07,10000002,35,4.04,4.05,3.98,2424105356,1613,
2018-07-07,10000002,36,64.82,66.04,61.54,1123981344,1512,
2018-07-07,10000002,37,28.37,28.46,27.5,358806502,1276,
2018-07-07,10000002,38,257.14,257.15,255.95,85686604,1210,
2018-07-07,10000002,39,537.97,538.91,534.68,40786440,1230,
2018-07-07,10000002,40,617.98,619.97,600.09,22525374,1126,
2018-07-07,10000002,11399,8630.07,8630.99,8614.04,1441036,418,
2018-07-08,10000002,34,4.84,4.87,4.76,17007396272,2180,
2018-07-08,10000002,35,4.06,4.14,3.92,6986217886,1732,
2018-07-08,10000002,36,66.04,66.04,66.02,879692819,1578,
2018-07-08,10000002,37,28.47,28.48,27.88,284124764,1311,
2018-07-08,10000002,38,257.18,257.18,257.17,73637073,1220,
2018-07-08,10000002,39,537.91,537.95,535,30326256,1153,
2018-07-08,10000002,40,619.98,619.98,619.98,16694842,1006,
2018-07-08,10000002,11399,8630.9,8630.98,8614.03,1461168,397,
2018-07-09,10000002,34,4.84,4.94,4.3,15028730003,1860,
2018-07-09,10000002,35,4.12,4.12,4.11,2501096303,1388,
2018-07-09,10000002,36,66.03,66.03,66.03,1259151562,1297,
2018-07-09,10000002,37,26.71,27.87,26.7,431656721,1119,
2018-07-09,10000002,38,257.16,257.18,255.12,117850624,967,
2018-07-09,10000002,39,520.02,537.4,512.01,40788306,1042,
2018-07-09,10000002,40,600.03,629.87,589.05,28202344,950,
2018-07-09,10000002,11399,8510,8798.41,8500.01,3348838,449,
2018-07-10,10000002,34,4.84,4.89,4.68,17540186013,1876,
2018-07-10,10000002,35,3.99,3.99,3.99,3143835883,1421,
2018-07-10,10000002,36,66.01,67.22,66,853767417,1327,
2018-07-10,10000002,37,27.86,28.19,26.72,294107480,1143,
2018-07-10,10000002,38,257.1,257.16,245.05,134006180,1012,
2018-07-10,10000002,39,535.76,537.09,509.13,40070484,1074,
2018-07-10,10000002,40,579.31,619.39,579.26,22788089,955,
2018-07-10,10000002,11399,8798.93,8886.09,8510,1676148,339,
2018-07-11,10000002,34,4.96,5,4.92,12870400592,1918,
2018-07-11,10000002,35,3.95,3.97,3.94,2319957855,1364,
2018-07-11,10000002,36,64.32,69.81,63.81,1361689912,1273,
2018-07-11,10000002,37,27.8,27.91,27.69,216344037,1090,
2018-07-11,10000002,38,257.14,257.15,257.14,65910647,1017,
2018-07-11,10000002,39,536.92,536.97,536.9,27094253,1039,
2018-07-11,10000002,40,598.96,616.99,579.91,21090771,969,
2018-07-11,10000002,11399,8886.4,8886.4,8886.4,2253951,372,
2018-07-12,10000002,34,4.96,5.05,4.92,17088208445,1910,
2018-07-12,10000002,35,3.96,3.96,3.96,3090580215,1378,
2018-07-12,10000002,36,69.73,69.8,66.01,946212332,1301,
2018-07-12,10000002,37,26.7,26.7,26.7,731177022,1097,
2018-07-12,10000002,38,257.14,257.16,250.14,96179666,947,
2018-07-12,10000002,39,535.85,535.86,509.97,37223142,1001,
2018-07-12,10000002,40,597.95,597.96,595.3,33344867,930,
2018-07-12,10000002,11399,8886.4,8886.42,8615.99,1330588,361,
2018-07-13,10000002,34,5.07,5.09,4.97,11367406749,1965,
2018-07-13,10000002,35,4,4.12,3.96,2314084431,1384,
2018-07-13,10000002,36,71.49,73.74,66.12,1032004808,1329,
2018-07-13,10000002,37,27.7,27.8,26.73,503724018,1050,
2018-07-13,10000002,38,270.71,271.97,270.16,103566925,1009,
2018-07-13,10000002,39,536.79,536.82,536.77,40775002,1006,
2018-07-13,10000002,40,593.26,593.28,593.14,41166708,876,
2018-07-13,10000002,11399,8885.96,8885.98,8885.95,2799038,368,
2018-07-14,10000002,34,5.07,5.07,5.06,13674779744,2107,
2018-07-14,10000002,35,4.05,4.08,4,3818551171,1531,
2018-07-14,10000002,36,71.99,73.2,69.08,1062437858,1394,
2018-07-14,10000002,37,27.62,27.66,26.74,270582754,1155,
2018-07-14,10000002,38,269.99,271.92,253.31,93366774,1061,
2018-07-14,10000002,39,534,534,534,35517356,1120,
2018-07-14,10000002,40,616.63,616.77,592.21,32549014,1103,
2018-07-14,10000002,11399,8885.9,8885.96,8850,1164375,424,
2018-07-15,10000002,34,5.06,5.06,5.05,10112474224,2295,
2018-07-15,10000002,35,4.03,4.14,3.98,5091234262,1626,
2018-07-15,10000002,36,69.95,70.05,67.67,1356694938,1521,
2018-07-15,10000002,37,27.1,27.26,26.69,379330298,1255,
2018-07-15,10000002,38,271.93,271.97,271.89,81331046,1199,
2018-07-15,10000002,39,532,533.97,530.99,34546438,1209,
2018-07-15,10000002,40,624.43,627.71,619.2,24356104,1126,
2018-07-15,10000002,11399,8798.93,8849.65,8798.93,5039589,481,
2018-07-16,10000002,34,5.1,5.11,5,16065441043,1934,
2018-07-16,10000002,35,4.14,4.14,4.12,2105915049,1437,
2018-07-16,10000002,36,69.72,69.76,69,717994861,1330,
2018-07-16,10000002,37,26.72,27.19,26.69,322522800,1112,
2018-07-16,10000002,38,260.62,274.97,260.21,69924120,1061,
2018-07-16,10000002,39,529.99,531.98,520.24,31796602,1075,
2018-07-16,10000002,40,598.35,623.87,598.34,22304285,956,
2018-07-16,10000002,11399,8847.72,9182.5,8847.62,1343852,431,
2018-07-17,10000002,34,5.16,5.16,5.16,8185333956,1811,
2018-07-17,10000002,35,4.14,4.15,4.13,2600885722,1373,
2018-07-17,10000002,36,69.58,69.7,69.53,849077592,1204,
2018-07-17,10000002,37,27.15,27.18,26.69,257747773,1046,
2018-07-17,10000002,38,276.42,276.44,276.26,53541660,929,
2018-07-17,10000002,39,530.78,531.98,524.95,32905613,955,
2018-07-17,10000002,40,622.79,622.85,597.05,18294681,920,
2018-07-17,10000002,11399,9595.94,9607,9229.87,1758452,339,
2018-07-18,10000002,34,5.14,5.16,5.12,14891235056,1780,
2018-07-18,10000002,35,4.13,4.13,4.13,1772190841,1346,
2018-07-18,10000002,36,69.37,69.49,67.08,707750477,1192,
2018-07-18,10000002,37,27.12,27.14,27.09,267267269,1007,
2018-07-18,10000002,38,276.38,276.41,263.96,65093540,921,
2018-07-18,10000002,39,526.97,529.95,513.76,34750867,961,
2018-07-18,10000002,40,600.02,622.67,591,27460149,893,
2018-07-18,10000002,11399,9751.99,9989.96,9609,1281395,421,
2018-07-19,10000002,34,5.13,5.14,5.07,16249662382,1937,
2018-07-19,10000002,35,4.23,4.4,4.12,2512548596,1472,
2018-07-19,10000002,36,69.53,69.54,69.52,780102426,1313,
2018-07-19,10000002,37,27.1,27.1,27.08,190344331,1089,
2018-07-19,10000002,38,289,289.98,276.41,52986495,1003,
2018-07-19,10000002,39,529.98,530,529.79,32397478,1043,
2018-07-19,10000002,40,591.01,622.6,585.29,21889443,975,
2018-07-19,10000002,11399,10900.15,10976.97,10000,1840332,402,
2018-07-20,10000002,34,5.18,5.19,5.17,15993378764,1938,
2018-07-20,10000002,35,4.59,4.6,4.28,4649367286,1385,
2018-07-20,10000002,36,69.54,69.54,69.53,932356371,1273,
2018-07-20,10000002,37,27.07,27.12,26.7,354774057,1055,
2018-07-20,10000002,38,301.53,305.64,273.23,62765035,1003,
2018-07-20,10000002,39,530.76,530.78,530.73,23868262,1007,
2018-07-20,10000002,40,622.27,622.32,603.02,16825941,921,
2018-07-20,10000002,11399,10299.91,10300,10115.74,1779680,395,
2018-07-21,10000002,34,5.18,5.22,5.17,11002030649,2193,
2018-07-21,10000002,35,4.56,4.57,4.55,2436244585,1602,
2018-07-21,10000002,36,70.45,70.48,70.39,777766481,1556,
2018-07-21,10000002,37,27.16,27.16,27.15,681197708,1315,
2018-07-21,10000002,38,305.3,305.62,300,63223205,1204,
2018-07-21,10000002,39,530.38,530.61,529.94,34927059,1241,
2018-07-21,10000002,40,622.07,622.14,586.88,18862528,1127,
2018-07-21,10000002,11399,10777.05,10790,10022.19,1524806,402,
2018-07-22,10000002,34,5.59,5.74,5.2,10888350565,2389,
2018-07-22,10000002,35,4.45,4.46,4.43,2457185959,1716,
2018-07-22,10000002,36,70.45,70.47,67.04,874591072,1592,
2018-07-22,10000002,37,27,27,27,429759975,1299,
2018-07-22,10000002,38,304.99,308.72,287.7,77204890,1226,
2018-07-22,10000002,39,527.93,527.95,527.9,40816970,1239,
2018-07-22,10000002,40,612,621.87,587.2,19345523,1121,
2018-07-22,10000002,11399,10450,10599.89,10021.44,3247646,486,
2018-07-23,10000002,34,5.68,5.69,5.56,8428808642,1884,
2018-07-23,10000002,35,4.35,4.42,4.29,2527188131,1340,
2018-07-23,10000002,36,71.89,71.92,70.4,605197606,1180,
2018-07-23,10000002,37,27.3,27.38,27.27,180258540,1018,
2018-07-23,10000002,38,308.98,309.9,308.91,68946929,925,
2018-07-23,10000002,39,529.78,529.95,518.53,29400987,936,
2018-07-23,10000002,40,589.05,618.6,588.51,29156401,834,
2018-07-23,10000002,11399,10200.32,10499.93,10100.16,1405894,357,
2018-07-24,10000002,34,5.69,5.71,5.58,18382807654,1772,
2018-07-24,10000002,35,4.37,4.39,4.27,1933578977,1295,
2018-07-24,10000002,36,71.66,71.84,68.2,567444199,1169,
2018-07-24,10000002,37,26.96,27.29,26.84,219996478,981,
2018-07-24,10000002,38,308.95,309.66,290.88,53804482,921,
2018-07-24,10000002,39,529.74,529.78,527.99,33222620,964,
2018-07-24,10000002,40,615,617.95,590.15,20070083,897,
2018-07-24,10000002,11399,10489.79,10489.92,10489.66,994509,319,
2018-07-25,10000002,34,5.7,5.71,5.67,7176543013,1722,
2018-07-25,10000002,35,4.4,4.57,4.38,4057349123,1310,
2018-07-25,10000002,36,70.39,70.74,68.5,540942971,1119,
2018-07-25,10000002,37,26.97,26.99,26.96,480863856,1005,
2018-07-25,10000002,38,308.99,309.48,308.96,132085820,928,
2018-07-25,10000002,39,528.99,529.85,528.97,67864037,939,
2018-07-25,10000002,40,591.01,592.08,591.01,24702082,849,
2018-07-25,10000002,11399,10023.4,10034.07,9993.08,3639821,365,
2018-07-26,10000002,34,5.85,5.88,2.74,14766724369,1953,
2018-07-26,10000002,35,4.41,4.59,4.34,2224510264,1408,
2018-07-26,10000002,36,68.37,70.19,68.2,584664702,1212,
2018-07-26,10000002,37,28.32,28.35,27.99,196145130,994,
2018-07-26,10000002,38,308.99,313.15,292.52,75529796,999,
2018-07-26,10000002,39,532.56,536.72,521.01,30418107,938,
2018-07-26,10000002,40,607,608.75,590.15,21069540,852,
2018-07-26,10000002,11399,10299.96,10395.79,10299.92,2135107,400,
2018-07-27,10000002,34,6.64,6.68,6.18,13848894748,1827,
2018-07-27,10000002,35,4.41,4.45,4.36,2049344101,1236,
2018-07-27,10000002,36,69.72,69.75,67.92,651427657,1142,
2018-07-27,10000002,37,27.29,27.4,27.14,179472938,919,
2018-07-27,10000002,38,308,312.42,292.81,63747145,892,
2018-07-27,10000002,39,532,532.6,519.39,31894995,902,
2018-07-27,10000002,40,591.08,608.44,590.15,15225425,783,
2018-07-27,10000002,11399,10394.53,10394.97,9402,3467894,436,
2018-07-28,10000002,34,6.34,6.55,5.56,15905043639,1971,
2018-07-28,10000002,35,4.42,4.46,4.16,2893362202,1438,
2018-07-28,10000002,36,69.42,69.73,64.99,975435120,1309,
2018-07-28,10000002,37,27.56,27.99,26.69,254638853,1087,
2018-07-28,10000002,38,301,311.32,291,71134927,1025,
2018-07-28,10000002,39,535.84,535.96,511.06,32773065,1013,
2018-07-28,10000002,40,607.99,608.6,607,36577045,919,
2018-07-28,10000002,11399,10388.95,10390,10388.87,1375155,425,
2018-07-29,10000002,34,5.75,6.24,3.02,14651353305,2319,
2018-07-29,10000002,35,4.31,4.32,4.29,1917779771,1750,
2018-07-29,10000002,36,69.29,69.39,68.9,745046801,1609,
2018-07-29,10000002,37,28.08,28.16,26.69,340450116,1319,
2018-07-29,10000002,38,310.8,310.81,310.49,48669576,1234,
2018-07-29,10000002,39,535.82,535.86,535.81,38452687,1279,
2018-07-29,10000002,40,603.4,606.88,586.55,19618562,1114,
2018-07-29,10000002,11399,10337.98,10337.98,10337.97,1427533,489,
2018-07-30,10000002,34,6.25,6.26,6.22,9425330654,1930,
2018-07-30,10000002,35,4.27,4.31,4.13,2010361412,1488,
2018-07-30,10000002,36,69.41,69.42,65.22,710930875,1362,
2018-07-30,10000002,37,28.15,28.16,28.14,211312519,1147,
2018-07-30,10000002,38,310.32,310.56,291.23,63283339,1108,
2018-07-30,10000002,39,530.64,533.95,511.09,34475030,1079,
2018-07-30,10000002,40,580.01,601.79,579.94,23405236,982,
2018-07-30,10000002,11399,9997.99,10335.92,9601.7,2085632,478,
2018-07-31,10000002,34,6.27,6.28,6.24,22967307975,1776,
2018-07-31,10000002,35,4.31,4.33,4.25,2355261890,1320,
2018-07-31,10000002,36,69.4,69.42,68.8,822401277,1214,
2018-07-31,10000002,37,28.11,28.11,27.55,205837374,1036,
2018-07-31,10000002,38,309,309.92,307.93,66789468,996,
2018-07-31,10000002,39,530.63,533,511.06,42136374,990,
2018-07-31,10000002,40,579.86,590.95,578.44,21501159,905,
2018-07-31,10000002,11399,10327.91,10327.99,10327.88,2004405,451,
2018-08-01,10000002,34,7.1,7.1,7,5982367994,1866,
2018-08-01,10000002,35,4.27,4.28,4.09,3646852561,1317,
2018-08-01,10000002,36,69.07,69.09,69,649824815,1231,
2018-08-01,10000002,37,28.01,28.05,26.86,218542401,1054,
2018-08-01,10000002,38,307.89,307.89,307.7,61862995,1005,
2018-08-01,10000002,39,533.89,533.96,531.12,31920699,972,
2018-08-01,10000002,40,590.9,590.91,580,34336747,889,
2018-08-01,10000002,11399,10327.84,10327.87,10327.84,1506435,398,
2018-08-02,10000002,34,6.73,6.76,6.51,6889353737,1857,
2018-08-02,10000002,35,4.19,4.19,4.19,2017685265,1380,
2018-08-02,10000002,36,69.07,69.07,69.06,554544094,1228,
2018-08-02,10000002,37,27.84,27.87,26.8,150129595,1051,
2018-08-02,10000002,38,306.85,306.86,306,63140485,984,
2018-08-02,10000002,39,533.95,533.97,533.9,29700510,977,
2018-08-02,10000002,40,600.91,600.94,589.86,15347015,907,
2018-08-02,10000002,11399,10335.9,10335.91,10102.36,1575540,424,
2018-08-03,10000002,34,6.7,6.72,6.5,7182377912,1910,
2018-08-03,10000002,35,4.09,4.11,4.08,2644700023,1424,
2018-08-03,10000002,36,69.02,69.03,67.79,767979430,1299,
2018-08-03,10000002,37,26.8,27.7,26.78,330938036,1060,
2018-08-03,10000002,38,294.58,306.68,294.42,65561329,1027,
2018-08-03,10000002,39,532.88,533.78,511.21,26241308,1002,
2018-08-03,10000002,40,589.84,599.38,578.46,20585905,890,
2018-08-03,10000002,11399,10334.98,10335.43,9821.58,1300534,409,
2018-08-04,10000002,34,6.68,6.69,6.37,8167884029,2072,
2018-08-04,10000002,35,4.09,4.09,4.07,3073570720,1541,
2018-08-04,10000002,36,69.03,69.09,68.94,955739864,1377,
2018-08-04,10000002,37,26.82,27.7,26.81,273842931,1112,
2018-08-04,10000002,38,310.33,311.95,295.45,68979050,1102,
2018-08-04,10000002,39,531.98,532.8,529,19927794,1030,
2018-08-04,10000002,40,599.29,599.32,580.61,15277944,1022,
2018-08-04,10000002,11399,10299.89,10333.57,9850.4,2439146,454,
2018-08-05,10000002,34,6.5,6.65,6.37,12202951393,2119,
2018-08-05,10000002,35,4.13,4.14,4.13,2285398281,1661,
2018-08-05,10000002,36,69.99,70,68.93,847857371,1466,
2018-08-05,10000002,37,27.74,27.75,26.86,273715910,1268,
2018-08-05,10000002,38,313.98,325.25,310.22,70751599,1192,
2018-08-05,10000002,39,532.74,532.92,515,52259010,1199,
2018-08-05,10000002,40,599.35,599.37,599.3,19801865,1040,
2018-08-05,10000002,11399,10334,10335.99,10299.99,2650573,450,
2018-08-06,10000002,34,6.61,6.61,6.59,17721237293,1990,
2018-08-06,10000002,35,4.26,4.32,4.08,2503762737,1527,
2018-08-06,10000002,36,70.05,70.06,69.5,716555650,1348,
2018-08-06,10000002,37,26.78,26.79,26.78,417509408,1085,
2018-08-06,10000002,38,359.6,359.92,329.99,56640368,1049,
2018-08-06,10000002,39,532.83,535.85,516.38,28292796,1023,
2018-08-06,10000002,40,581.21,600.89,579.15,26519143,965,
2018-08-06,10000002,11399,10335.99,10335.99,10335.48,2102269,445,
2018-08-07,10000002,34,6.62,7,3.36,19858707632,1906,
2018-08-07,10000002,35,4.43,4.5,4.4,3282886385,1406,
2018-08-07,10000002,36,70.55,71.81,70.06,1068616403,1305,
2018-08-07,10000002,37,28.01,28.01,28.01,1585884430,1030,
2018-08-07,10000002,38,355.99,359.61,329.02,90147800,1059,
2018-08-07,10000002,39,547.82,547.84,530.01,36212364,1003,
2018-08-07,10000002,40,585.03,601.97,580.35,33676344,928,
2018-08-07,10000002,11399,10877,10999.98,10483,1855886,365,
2018-08-08,10000002,34,7.2,7.44,6.91,9815058678,1861,
2018-08-08,10000002,35,4.35,4.39,4.29,2160620280,1358,
2018-08-08,10000002,36,72.99,74.41,71,745035170,1199,
2018-08-08,10000002,37,27.78,27.78,27.77,138465747,1010,
2018-08-08,10000002,38,351.21,353.25,333.5,77687797,1024,
2018-08-08,10000002,39,547.83,547.83,547,20144197,935,
2018-08-08,10000002,40,601.97,601.97,601.97,25896065,873,
2018-08-08,10000002,11399,11298.88,12149.97,10013.03,1938739,407,
2018-08-09,10000002,34,7.43,7.45,7.11,5431179774,1918,
2018-08-09,10000002,35,4.3,4.3,4.3,2061007580,1415,
2018-08-09,10000002,36,74.16,74.25,71.14,543416748,1301,
2018-08-09,10000002,37,27.76,27.78,26.9,295276664,1017,
2018-08-09,10000002,38,354.51,354.66,335.3,41286865,973,
2018-08-09,10000002,39,547.83,547.84,547.81,30397314,953,
2018-08-09,10000002,40,601.97,601.97,580,33902622,880,
2018-08-09,10000002,11399,11699.97,11999.79,11001.14,1196699,420,
2018-08-10,10000002,34,7.32,7.36,7.06,8087235653,1861,
2018-08-10,10000002,35,4.26,4.27,4.13,1961880287,1346,
2018-08-10,10000002,36,73.91,73.92,71,627403649,1206,
2018-08-10,10000002,37,26.78,26.78,26.78,342202211,1023,
2018-08-10,10000002,38,335.52,335.54,335.22,105815924,950,
2018-08-10,10000002,39,522.5,532.5,522.5,36978336,963,
2018-08-10,10000002,40,579.36,579.36,579.36,25207285,860,
2018-08-10,10000002,11399,11650,11650,11640,3184637,403,
2018-08-11,10000002,34,6.97,6.99,6.72,12411368793,2029,
2018-08-11,10000002,35,4.21,4.22,4.2,2781367279,1505,
2018-08-11,10000002,36,73.88,73.89,72,743366338,1363,
2018-08-11,10000002,37,26.8,27.44,26.78,230941177,1128,
2018-08-11,10000002,38,339.43,349.29,335.22,54865633,1070,
2018-08-11,10000002,39,542.55,547.71,511.12,32231565,1077,
2018-08-11,10000002,40,579.47,606.74,579.37,25104291,991,
2018-08-11,10000002,11399,11251,11999.41,11250,1737091,416,
2018-08-12,10000002,34,6.94,7.31,6.91,10974323620,2302,
2018-08-12,10000002,35,4.12,4.2,4.07,2690336032,1700,
2018-08-12,10000002,36,73.52,73.52,72.86,1009148429,1536,
2018-08-12,10000002,37,26.87,27.26,26.77,311012479,1236,
2018-08-12,10000002,38,343.5,343.68,318.07,82732374,1140,
2018-08-12,10000002,39,546.1,546.14,520.01,43855539,1124,
2018-08-12,10000002,40,602.78,605.27,579.52,18701662,1037,
2018-08-12,10000002,11399,11034.54,11593,11000.01,4189722,412,
2018-08-13,10000002,34,7.18,7.26,6.64,10033716770,1947,
2018-08-13,10000002,35,4.21,4.21,4.2,1955588268,1414,
2018-08-13,10000002,36,73.49,73.51,70.32,453241168,1315,
2018-08-13,10000002,37,27.26,27.26,27.26,256067745,1024,
2018-08-13,10000002,38,339.67,339.67,339.6,81788982,989,
2018-08-13,10000002,39,546.17,546.23,546.1,29529814,987,
2018-08-13,10000002,40,602.78,605.15,592,23829734,911,
2018-08-13,10000002,11399,11489.91,11489.91,11489.9,1092183,419,
2018-08-14,10000002,34,7.26,7.27,7,5051018467,1817,
2018-08-14,10000002,35,4.33,4.39,4.06,1278675349,1347,
2018-08-14,10000002,36,73.4,73.53,70.41,437061687,1191,
2018-08-14,10000002,37,26.78,27.18,26.77,219349302,966,
2018-08-14,10000002,38,319.6,338.63,319.34,31521411,904,
2018-08-14,10000002,39,547.74,547.75,530.02,17811106,880,
2018-08-14,10000002,40,590,603.73,583.06,13466226,800,
2018-08-14,10000002,11399,11288,11289.91,11000.04,2129306,377,
2018-08-15,10000002,34,7.48,7.97,7.25,10057413028,2021,
2018-08-15,10000002,35,4.39,4.41,4.35,2165582522,1455,
2018-08-15,10000002,36,73.47,73.89,70.64,736546936,1294,
2018-08-15,10000002,37,26.82,27.18,26.77,316151296,1077,
2018-08-15,10000002,38,338.47,338.62,330,49772440,985,
2018-08-15,10000002,39,547.7,547.84,523.2,27815072,1043,
2018-08-15,10000002,40,603.39,603.4,583.57,18878665,983,
2018-08-15,10000002,11399,11000,11176.95,11000,1557650,367,
2018-08-16,10000002,34,7.58,8.04,7.24,10841554229,2044,
2018-08-16,10000002,35,4.42,4.49,4.34,6413821360,1457,
2018-08-16,10000002,36,74.8,74.94,70.84,691343607,1318,
2018-08-16,10000002,37,26.77,26.77,26.77,323663242,1089,
2018-08-16,10000002,38,320.34,338.79,320.26,44440260,1001,
2018-08-16,10000002,39,540.4,540.49,540.36,17864453,960,
2018-08-16,10000002,40,584,598.92,583.2,17055350,959,
2018-08-16,10000002,11399,11176.86,11178.8,10519.24,1964003,366,
2018-08-17,10000002,34,7.6,7.6,7.6,11486399781,1845,
2018-08-17,10000002,35,4.2,4.24,4.2,2036868230,1305,
2018-08-17,10000002,36,73.86,74.01,70.89,476283429,1166,
2018-08-17,10000002,37,26.77,26.77,26.77,381882927,978,
2018-08-17,10000002,38,333.77,333.99,320.32,30001277,864,
2018-08-17,10000002,39,540.42,541.7,522.35,24011369,926,
2018-08-17,10000002,40,583.21,583.23,583.21,14953596,832,
2018-08-17,10000002,11399,10501.11,11178.52,10501.07,1930458,378,
2018-08-18,10000002,34,7.6,7.66,7.36,6924625510,2036,
2018-08-18,10000002,35,4.28,4.33,4.23,1639129472,1405,
2018-08-18,10000002,36,74.26,74.92,70.59,615526711,1297,
2018-08-18,10000002,37,26.7,26.7,26.7,558005112,1045,
2018-08-18,10000002,38,320.05,333.45,319.84,88455574,998,
2018-08-18,10000002,39,541.54,541.56,522.12,31366688,964,
2018-08-18,10000002,40,583.09,584,583,27380916,924,
2018-08-18,10000002,11399,11175.13,11175.32,11174.35,755514,372,
2018-08-19,10000002,34,7.65,7.84,7.37,7112729719,2394,
2018-08-19,10000002,35,4.23,4.26,4.15,2572730177,1780,
2018-08-19,10000002,36,73.8,74.98,70.92,759056362,1593,
2018-08-19,10000002,37,26.79,26.89,26.77,480753674,1323,
2018-08-19,10000002,38,333.27,333.41,320.09,62274900,1186,
2018-08-19,10000002,39,541.44,541.55,522.04,51856959,1170,
2018-08-19,10000002,40,580.77,580.95,578.44,31902704,1112,
2018-08-19,10000002,11399,11173.65,11173.97,11148.95,1037537,409,
2018-08-20,10000002,34,7.53,7.77,7.32,5356549249,1832,
2018-08-20,10000002,35,4.26,4.48,4.17,2326466493,1292,
2018-08-20,10000002,36,73.34,73.93,70.99,610719475,1196,
2018-08-20,10000002,37,27.34,27.41,26.8,133572152,1052,
2018-08-20,10000002,38,330.97,332.94,321.03,40064946,930,
2018-08-20,10000002,39,541.35,541.38,522,15471447,939,
2018-08-20,10000002,40,578.45,578.45,578.45,31441961,868,
2018-08-20,10000002,11399,11148.94,11148.99,11146.97,1631431,366,
2018-08-21,10000002,34,7.31,7.41,7.2,8367220803,1984,
2018-08-21,10000002,35,4.01,4.45,4,5719709843,1493,
2018-08-21,10000002,36,72.17,72.68,71.06,705305481,1317,
2018-08-21,10000002,37,26.79,26.79,26.79,379256369,1110,
2018-08-21,10000002,38,320.2,329.64,320.18,59842665,1023,
2018-08-21,10000002,39,540.91,540.96,540.9,19310642,1028,
2018-08-21,10000002,40,580.48,580.53,578.45,20134927,943,
2018-08-21,10000002,11399,11147,11148.97,10900.17,1958798,362,
2018-08-22,10000002,34,7.02,7.12,6.95,7575907033,1782,
2018-08-22,10000002,35,4.28,4.35,4.08,1666783515,1282,
2018-08-22,10000002,36,70.11,71.35,65.76,769261145,1211,
2018-08-22,10000002,37,26.77,26.77,26.77,622493121,1038,
2018-08-22,10000002,38,328.6,328.73,320.04,37880234,924,
2018-08-22,10000002,39,540.99,541.2,515.25,16221623,911,
2018-08-22,10000002,40,578.46,580.79,578.45,11988346,845,
2018-08-22,10000002,11399,11148.92,11148.98,11148.9,2237164,380,
2018-08-23,10000002,34,6.64,6.84,6.53,7481719446,1994,
2018-08-23,10000002,35,4.13,4.15,4.1,2708359872,1449,
2018-08-23,10000002,36,69.09,69.54,65.23,793986014,1288,
2018-08-23,10000002,37,26.94,27.41,26.77,255136979,1056,
2018-08-23,10000002,38,323.28,328.11,318.6,44929855,990,
2018-08-23,10000002,39,540.73,540.83,540.7,23208930,967,
2018-08-23,10000002,40,578.46,583.96,578.44,17397084,930,
2018-08-23,10000002,11399,11148.85,11148.89,11099.03,663148,344,
2018-08-24,10000002,34,6.59,6.62,6.51,8506074070,1881,
2018-08-24,10000002,35,4.06,4.07,4,2876272321,1366,
2018-08-24,10000002,36,68.8,68.81,68.78,725415482,1215,
2018-08-24,10000002,37,27,27.29,26.78,257534803,995,
2018-08-24,10000002,38,315,315.92,301.18,54408824,954,
2018-08-24,10000002,39,520.12,535,506.33,28352438,933,
2018-08-24,10000002,40,578.44,578.45,578.44,21247554,862,
2018-08-24,10000002,11399,11111.1,11148.99,11099.04,2029990,421,
2018-08-25,10000002,34,6.61,6.72,6.48,8548043358,2240,
2018-08-25,10000002,35,4.37,4.49,4,31901169637,1902,
2018-08-25,10000002,36,68.76,69.6,65.04,703331423,1492,
2018-08-25,10000002,37,26.78,26.9,26.78,302700889,1255,
2018-08-25,10000002,38,313,314.64,301.2,64356961,1187,
2018-08-25,10000002,39,511.22,540.34,509.35,33132999,1156,
2018-08-25,10000002,40,578.45,579.62,578.44,17656304,1080,
2018-08-25,10000002,11399,10955,12065.67,10927.34,2630006,435,
2018-08-26,10000002,34,6.75,6.78,6.42,8375305551,2341,
2018-08-26,10000002,35,3.78,3.86,3.77,15145868923,1738,
2018-08-26,10000002,36,68.89,68.99,67.97,1245817168,1540,
2018-08-26,10000002,37,26.77,26.77,26.77,424583705,1268,
2018-08-26,10000002,38,310.96,311.69,296.06,85572226,1125,
2018-08-26,10000002,39,509.35,534.94,508.11,47889645,1233,
2018-08-26,10000002,40,578.6,583.97,578.44,30799657,1142,
2018-08-26,10000002,11399,11201,11799.71,10929.54,2498901,433,
2018-08-27,10000002,34,6.39,6.51,6.35,9115568926,1930,
2018-08-27,10000002,35,3.77,3.77,3.77,8940686163,1393,
2018-08-27,10000002,36,69.97,71.32,68.48,563329671,1277,
2018-08-27,10000002,37,26.79,26.79,26.79,385313637,1019,
2018-08-27,10000002,38,310.8,310.95,310.63,54586481,899,
2018-08-27,10000002,39,523.81,532.99,480.43,41757153,1028,
2018-08-27,10000002,40,578.44,578.44,578.44,37664831,908,
2018-08-27,10000002,11399,11775.71,11779.99,11005.61,1389273,377,
2018-08-28,10000002,34,6.39,6.44,6.35,6994890968,1957,
2018-08-28,10000002,35,3.97,3.97,3.97,3247384630,1421,
2018-08-28,10000002,36,68.94,69.15,66.13,587941273,1295,
2018-08-28,10000002,37,26.8,26.81,26.8,262536590,1109,
2018-08-28,10000002,38,299.05,308.47,296.06,59029333,994,
2018-08-28,10000002,39,517.49,517.86,508.1,24059101,1064,
2018-08-28,10000002,40,578.44,578.44,578.44,20873258,938,
2018-08-28,10000002,11399,11402,11721.98,10926,1128163,454,
2018-08-29,10000002,34,6.54,6.56,6.49,5991397237,1880,
2018-08-29,10000002,35,3.97,3.97,3.97,2098015056,1400,
2018-08-29,10000002,36,68.65,68.75,66.19,696645853,1255,
2018-08-29,10000002,37,26.78,26.78,26.78,441237890,1107,
2018-08-29,10000002,38,306.65,306.81,306.58,47859629,967,
2018-08-29,10000002,39,510.08,510.15,482.09,40135933,1070,
2018-08-29,10000002,40,578.47,595.6,578.44,20297836,916,
2018-08-29,10000002,11399,11392.94,11397.8,10606.32,1432542,390,
2018-08-30,10000002,34,6.28,6.54,6.12,6888915559,1802,
2018-08-30,10000002,35,3.8,3.84,3.79,4425035426,1342,
2018-08-30,10000002,36,70.06,71.17,67.41,805903139,1193,
2018-08-30,10000002,37,26.78,26.78,26.78,374242745,1009,
2018-08-30,10000002,38,303.99,304.76,296.23,55706216,908,
2018-08-30,10000002,39,493.97,498.75,492.95,46072576,963,
2018-08-30,10000002,40,579.01,611.6,578.44,20240513,876,
2018-08-30,10000002,11399,11388.98,11390.97,10706.53,2281864,376,
2018-08-31,10000002,34,6.44,6.56,6.09,8016886911,1965,
2018-08-31,10000002,35,3.96,3.97,3.81,1818004254,1380,
2018-08-31,10000002,36,67.56,72.07,67.36,705280177,1267,
2018-08-31,10000002,37,26.8,26.85,26.79,280564004,1096,
2018-08-31,10000002,38,303.95,304.63,296.03,69206779,1024,
2018-08-31,10000002,39,492.62,492.74,490,24855257,1033,
2018-08-31,10000002,40,579.01,590.02,579.01,18672691,890,
2018-08-31,10000002,11399,10606.6,10700,10601.02,2831137,335,
2018-09-01,10000002,34,6.39,6.42,6.38,6614978329,2110,
2018-09-01,10000002,35,3.89,3.9,3.81,4788765299,1537,
2018-09-01,10000002,36,69.2,71.96,68.03,581452484,1365,
2018-09-01,10000002,37,27.08,27.18,26.79,178553895,1159,
2018-09-01,10000002,38,304.47,304.49,296.2,61709728,1087,
2018-09-01,10000002,39,492.34,492.41,465.1,24084935,1074,
2018-09-01,10000002,40,610.57,611.1,580.03,14358047,953,
2018-09-01,10000002,11399,11000,11098.66,10802,1116913,418,
2018-09-02,10000002,34,6.65,6.75,6.52,9921777944,2067,
2018-09-02,10000002,35,3.97,3.97,3.97,2743790712,1505,
2018-09-02,10000002,36,71.93,71.96,70,999149812,1393,
2018-09-02,10000002,37,26.97,26.99,26.79,267166889,1157,
2018-09-02,10000002,38,304.46,304.48,303.7,73737156,1058,
2018-09-02,10000002,39,490.94,490.95,465.02,43791241,1109,
2018-09-02,10000002,40,605.5,610.46,581.08,22574778,981,
2018-09-02,10000002,11399,11000,11094.83,10050.25,2033805,433,
2018-09-03,10000002,34,6.72,6.75,6.6,7980000847,1836,
2018-09-03,10000002,35,3.86,3.96,3.78,2674734116,1294,
2018-09-03,10000002,36,72.1,72.19,68.44,578494522,1214,
2018-09-03,10000002,37,26.79,26.79,26.79,275959673,1001,
2018-09-03,10000002,38,292.36,305.11,291.25,84692885,919,
2018-09-03,10000002,39,490.85,490.91,466.74,36271376,938,
2018-09-03,10000002,40,584,599.98,580.01,25235639,862,
2018-09-03,10000002,11399,10500.49,10888.67,10050.52,1762657,348,
2018-09-04,10000002,34,6.37,6.42,6.2,7563495695,1869,
2018-09-04,10000002,35,3.83,3.93,3.78,2673871871,1286,
2018-09-04,10000002,36,70,71.64,69.52,736437057,1191,
2018-09-04,10000002,37,26.79,26.79,26.79,705126714,976,
2018-09-04,10000002,38,294,304.98,291.19,37037492,898,
2018-09-04,10000002,39,485,485.08,484.99,35427819,952,
2018-09-04,10000002,40,583.73,588,580.01,14128640,817,
2018-09-04,10000002,11399,10569.7,10569.77,10509.09,926348,364,
2018-09-05,10000002,34,6.19,6.4,6.14,11174086151,1748,
2018-09-05,10000002,35,3.78,3.96,3.77,2844598849,1249,
2018-09-05,10000002,36,70.75,71.17,67.69,708998881,1142,
2018-09-05,10000002,37,26.78,26.78,26.78,533432776,939,
2018-09-05,10000002,38,304.88,304.94,291.27,72646818,871,
2018-09-05,10000002,39,484.81,484.97,466.76,30062768,905,
2018-09-05,10000002,40,580,580,580,45242690,807,
2018-09-05,10000002,11399,9997.61,10000.44,9500,3296540,405,
2018-09-06,10000002,34,6.24,6.32,6.15,5530981827,1656,
2018-09-06,10000002,35,3.92,3.95,3.77,2550926664,1201,
2018-09-06,10000002,36,68.99,70.44,65.82,597663476,1068,
2018-09-06,10000002,37,26.81,27.72,26.78,541180918,926,
2018-09-06,10000002,38,303.94,304.89,287.05,61360466,906,
2018-09-06,10000002,39,466.73,481.67,466.68,40237364,916,
2018-09-06,10000002,40,578.44,578.44,578.44,37974668,792,
2018-09-06,10000002,11399,9000.9,9899.97,9000,2617089,430,
2018-09-07,10000002,34,5.86,5.88,5.79,12095459428,1775,
2018-09-07,10000002,35,3.89,3.92,3.78,2972738954,1273,
2018-09-07,10000002,36,68.88,68.96,68.85,1239437710,1192,
2018-09-07,10000002,37,26.78,26.78,26.78,372448799,885,
2018-09-07,10000002,38,303.24,303.54,303.06,72441668,892,
2018-09-07,10000002,39,466.74,481.64,466.69,39819822,883,
2018-09-07,10000002,40,578.44,578.45,578.44,19941100,753,
2018-09-07,10000002,11399,9700,9796.43,9304.01,1365998,398,
2018-09-08,10000002,34,5.72,5.79,5.58,13948634244,1960,
2018-09-08,10000002,35,3.96,3.96,3.95,2139863658,1425,
2018-09-08,10000002,36,70.52,71.68,66.69,941562161,1340,
2018-09-08,10000002,37,27.99,28.01,26.79,452572292,1074,
2018-09-08,10000002,38,306.78,306.84,306.7,74919123,993,
2018-09-08,10000002,39,482.78,482.88,466.87,30338773,980,
2018-09-08,10000002,40,581.03,581.11,578.46,19642208,873,
2018-09-08,10000002,11399,9400,9500,9399.98,2263715,430,
2018-09-09,10000002,34,5.9,5.92,5.79,7122855571,2066,
2018-09-09,10000002,35,3.91,3.96,3.83,2808508942,1515,
2018-09-09,10000002,36,69.42,70.4,65.84,718947673,1406,
2018-09-09,10000002,37,26.83,28,26.78,246173852,1184,
2018-09-09,10000002,38,299.66,299.73,285.4,52399321,1096,
2018-09-09,10000002,39,460.74,463.4,460.74,80144834,1102,
2018-09-09,10000002,40,578.44,578.44,578.44,85046360,1001,
2018-09-09,10000002,11399,9102.13,9300,9102.05,3308186,452,
2018-09-10,10000002,34,5.83,5.92,5.82,9580567008,1616,
2018-09-10,10000002,35,3.9,3.92,3.89,2457475891,1238,
2018-09-10,10000002,36,67.96,69.09,66.97,705539714,1135,
2018-09-10,10000002,37,26.78,26.78,26.78,295576954,902,
2018-09-10,10000002,38,306.51,306.69,302.97,49724320,895,
2018-09-10,10000002,39,482.29,482.77,450.24,26394360,891,
2018-09-10,10000002,40,586.66,588,530.33,17624345,848,
2018-09-10,10000002,11399,9165.95,9199.72,8653.51,1485802,336,
2018-09-11,10000002,34,5.92,5.95,5.79,8463289640,1759,
2018-09-11,10000002,35,3.9,3.93,3.84,1882232872,1362,
2018-09-11,10000002,36,67.94,67.96,67.33,705616277,1240,
2018-09-11,10000002,37,26.77,26.77,26.77,772763530,1003,
2018-09-11,10000002,38,292.22,305,289,67313226,941,
2018-09-11,10000002,39,452.11,479.29,452.04,40620329,989,
2018-09-11,10000002,40,512.4,544.26,512.4,18874714,904,
2018-09-11,10000002,11399,8660.01,9142.91,8657.09,1419685,370,
2018-09-12,10000002,34,5.65,5.75,5.64,8683121157,1644,
2018-09-12,10000002,35,3.78,3.94,3.77,3388697735,1201,
2018-09-12,10000002,36,67.15,67.17,64.59,568550920,1118,
2018-09-12,10000002,37,26.77,26.77,26.77,451063249,911,
2018-09-12,10000002,38,297.35,297.81,296.95,46889328,831,
2018-09-12,10000002,39,477.64,477.91,453.2,20603704,864,
2018-09-12,10000002,40,515.2,543.74,514.06,13827425,762,
2018-09-12,10000002,11399,8661.06,9129.94,8659.5,2569458,393,
2018-09-13,10000002,34,5.58,5.58,5.58,14215139566,1720,
2018-09-13,10000002,35,3.94,3.94,3.94,3301158763,1339,
2018-09-13,10000002,36,67,67.02,67,918560773,1251,
2018-09-13,10000002,37,26.5,26.71,25.07,434938786,995,
2018-09-13,10000002,38,296.82,296.86,296.75,62809757,934,
2018-09-13,10000002,39,453.21,471.94,450.1,43383441,958,
2018-09-13,10000002,40,541.41,541.65,515.97,19539659,856,
2018-09-13,10000002,11399,8880.41,8880.5,8880.37,1919746,347,
2018-09-14,10000002,34,5.55,5.55,5.55,14053819310,1734,
2018-09-14,10000002,35,3.93,3.93,3.93,1958149514,1278,
2018-09-14,10000002,36,69.23,69.25,67.15,575537621,1159,
2018-09-14,10000002,37,25.12,26.82,25.06,245100522,954,
2018-09-14,10000002,38,296.72,296.73,287.76,53667031,886,
2018-09-14,10000002,39,459.36,461.18,450,19719401,866,
2018-09-14,10000002,40,541.4,541.46,517.76,12574751,798,
2018-09-14,10000002,11399,9022.97,9022.97,8996.99,2732567,407,
2018-09-15,10000002,34,5.74,5.8,5.62,12512975747,2025,
2018-09-15,10000002,35,3.87,3.9,3.77,3498064719,1466,
2018-09-15,10000002,36,67.12,69.04,65.83,881669762,1372,
2018-09-15,10000002,37,26.62,26.7,25.4,242921597,1099,
2018-09-15,10000002,38,296.69,296.7,296.61,51053921,991,
2018-09-15,10000002,39,457.79,458.98,451.49,33625433,1100,
2018-09-15,10000002,40,539.83,539.88,520.05,14470210,945,
2018-09-15,10000002,11399,8959.98,8974,8902.02,2491428,388,
2018-09-16,10000002,34,5.54,5.64,5.53,10201713329,2141,
2018-09-16,10000002,35,3.78,3.86,3.73,2961719930,1612,
2018-09-16,10000002,36,68.15,68.3,66.51,729612365,1436,
2018-09-16,10000002,37,25.04,26.17,25.03,503102444,1204,
2018-09-16,10000002,38,296.7,296.74,296.68,66353405,1116,
2018-09-16,10000002,39,457.77,457.78,446.15,31279697,1181,
2018-09-16,10000002,40,517.02,537.94,513.56,23212404,1016,
2018-09-16,10000002,11399,8959.93,8959.96,8958.93,1428280,424,
2018-09-17,10000002,34,5.52,5.57,5.36,16713525088,1845,
2018-09-17,10000002,35,3.84,3.84,3.84,2996156509,1375,
2018-09-17,10000002,36,68.02,68.03,67,970183789,1269,
2018-09-17,10000002,37,26.05,26.06,26.03,220251572,1047,
2018-09-17,10000002,38,304.93,304.94,296.83,59462407,1035,
2018-09-17,10000002,39,457.7,457.71,446.3,37543117,1042,
2018-09-17,10000002,40,535,536.39,511,24770275,898,
2018-09-17,10000002,11399,8957,8957,8957,1909286,343,
2018-09-18,10000002,34,5.35,5.42,5.26,10209906425,1598,
2018-09-18,10000002,35,3.81,3.81,3.8,1916269923,1125,
2018-09-18,10000002,36,67.67,67.88,64.48,524410114,1076,
2018-09-18,10000002,37,25.03,25.2,25.03,253123985,850,
2018-09-18,10000002,38,310.69,333.27,306.73,78462953,863,
2018-09-18,10000002,39,456.96,456.96,456.96,26953297,779,
2018-09-18,10000002,40,536.4,536.45,536.2,7280109,710,
2018-09-18,10000002,11399,8956.99,8957,8956.94,1497864,312,
2018-09-19,10000002,34,5.21,5.22,5.17,10225160685,1633,
2018-09-19,10000002,35,3.76,3.76,3.71,2599004137,1195,
2018-09-19,10000002,36,66.85,66.95,64.71,544728253,1032,
2018-09-19,10000002,37,24.73,24.98,24.5,232515064,917,
2018-09-19,10000002,38,309.12,339.39,300,82034927,945,
2018-09-19,10000002,39,456.97,457.71,456.95,31076557,837,
2018-09-19,10000002,40,536.49,542,536.39,13223190,737,
2018-09-19,10000002,11399,8900,8956.93,8802.01,1215145,317,
2018-09-20,10000002,34,5.19,5.35,5.14,13392736392,1686,
2018-09-20,10000002,35,3.83,3.83,3.83,2111245139,1238,
2018-09-20,10000002,36,66.51,66.74,65,692352343,1039,
2018-09-20,10000002,37,24.15,24.41,24.11,330376971,990,
2018-09-20,10000002,38,336.92,341.58,334.51,46057366,938,
2018-09-20,10000002,39,456.71,456.75,435.1,35302147,930,
2018-09-20,10000002,40,538.9,540,515.19,18895729,769,
2018-09-20,10000002,11399,8959.96,9049.93,8957,1383494,367,
2018-09-21,10000002,34,5.65,5.66,5.64,8454589048,1724,
2018-09-21,10000002,35,3.83,3.92,3.82,2489515655,1275,
2018-09-21,10000002,36,66.73,66.74,66.68,668046484,1057,
2018-09-21,10000002,37,24.16,24.2,23.11,288247383,941,
2018-09-21,10000002,38,331.12,331.67,316.65,67150343,908,
2018-09-21,10000002,39,428.03,428.03,428.03,60809134,898,
2018-09-21,10000002,40,511.77,512.03,511.77,43068841,807,
2018-09-21,10000002,11399,9398.97,9599.5,9015.12,2410750,365,
2018-09-22,10000002,34,5.47,5.55,5.34,13629941101,2145,
2018-09-22,10000002,35,3.77,3.9,3.72,2730545476,1551,
2018-09-22,10000002,36,66.41,66.62,64.85,900582898,1264,
2018-09-22,10000002,37,23.12,23.83,22.91,400398025,1143,
2018-09-22,10000002,38,313.76,313.79,313.76,126800518,1109,
2018-09-22,10000002,39,454.78,455.92,450.01,23821569,1110,
2018-09-22,10000002,40,533,533.7,500.21,13045414,886,
2018-09-22,10000002,11399,9499.93,9599.42,9498,1307969,396,
2018-09-23,10000002,34,5.52,5.53,5.44,10895873411,2239,
2018-09-23,10000002,35,3.71,3.91,3.65,2570027122,1680,
2018-09-23,10000002,36,66.41,66.55,64.24,962941213,1396,
2018-09-23,10000002,37,22.21,22.9,22.02,351045959,1271,
2018-09-23,10000002,38,309.03,315.83,290.93,70963384,1193,
2018-09-23,10000002,39,453,453.89,452.96,23748744,1165,
2018-09-23,10000002,40,526.86,526.99,515.25,18700651,988,
2018-09-23,10000002,11399,9167.85,9397.98,9160.72,2414773,467,
2018-09-24,10000002,34,5.83,5.84,5.67,17349758389,1727,
2018-09-24,10000002,35,3.85,3.88,3.84,3156066940,1238,
2018-09-24,10000002,36,66.93,67.78,66.91,687849094,1064,
2018-09-24,10000002,37,22.62,22.69,21.07,435779074,1009,
2018-09-24,10000002,38,290.72,290.92,288.72,110997766,950,
2018-09-24,10000002,39,445,456.52,435.04,36923430,966,
2018-09-24,10000002,40,520,524.98,501.46,23316035,770,
2018-09-24,10000002,11399,9378.19,9378.19,9378.19,4095405,386,
2018-09-25,10000002,34,5.74,5.75,5.7,8203329051,1715,
2018-09-25,10000002,35,3.76,3.79,3.75,1817091719,1219,
2018-09-25,10000002,36,68.37,68.98,64.9,599096167,1046,
2018-09-25,10000002,37,21.13,21.86,21.06,538260220,987,
2018-09-25,10000002,38,290.75,290.75,290.75,55205160,892,
2018-09-25,10000002,39,424.18,424.22,424.15,27462013,901,
2018-09-25,10000002,40,502.12,502.15,502.01,27026821,781,
2018-09-25,10000002,11399,9055.81,9174.86,8901.07,2344662,446,
2018-09-26,10000002,34,5.21,5.63,5.11,13742894839,1586,
2018-09-26,10000002,35,3.7,3.71,3.64,2966173216,1175,
2018-09-26,10000002,36,68.63,68.68,65.17,552179337,1003,
2018-09-26,10000002,37,21.58,21.75,21.46,830973879,901,
2018-09-26,10000002,38,289.95,289.95,289.94,60999176,794,
2018-09-26,10000002,39,439.48,440.02,434.3,53819621,836,
2018-09-26,10000002,40,502.15,502.15,502.15,43284213,734,
2018-09-26,10000002,11399,8899.95,8900,8667.27,1087514,326,
2018-09-27,10000002,34,5.05,5.29,4.87,13002112482,1626,
2018-09-27,10000002,35,3.54,3.72,2.58,3796601895,1233,
2018-09-27,10000002,36,65.36,68,65.1,764087744,1044,
2018-09-27,10000002,37,20,21.05,19.12,515274936,938,
2018-09-27,10000002,38,281,283.81,268.51,85886039,903,
2018-09-27,10000002,39,426,453.24,420,28217756,890,
2018-09-27,10000002,40,482.38,507,466.29,16904317,749,
2018-09-27,10000002,11399,9055.8,9149.78,8670.31,988215,344,
2018-09-28,10000002,34,5.25,5.36,4.82,11695925153,1731,
2018-09-28,10000002,35,3.92,3.92,3.91,2207020476,1265,
2018-09-28,10000002,36,65.02,67.97,62.64,796591087,1058,
2018-09-28,10000002,37,18.66,18.66,18.66,504192250,968,
2018-09-28,10000002,38,265.24,265.24,265.24,76077849,912,
2018-09-28,10000002,39,425.06,447.77,405.17,29994908,875,
2018-09-28,10000002,40,499,499.79,467.18,19740787,782,
2018-09-28,10000002,11399,8999.8,8999.91,8669.01,1362799,398,
2018-09-29,10000002,34,5.32,5.34,5.29,7737183435,2081,
2018-09-29,10000002,35,3.87,3.91,3.76,2190361982,1528,
2018-09-29,10000002,36,67.53,67.8,62.08,860666691,1331,
2018-09-29,10000002,37,19.98,20,19.92,555373505,1181,
2018-09-29,10000002,38,290.72,290.74,289.87,54522247,1055,
2018-09-29,10000002,39,446.72,446.74,446.69,37759211,1107,
2018-09-29,10000002,40,480.18,480.2,480.17,21751364,957,
2018-09-29,10000002,11399,8989.95,8989.97,8910.02,1485886,380,
2018-09-30,10000002,34,5.22,5.24,5,10537566767,2064,
2018-09-30,10000002,35,3.57,3.57,3.57,3169826245,1554,
2018-09-30,10000002,36,63.97,63.99,62.46,808593965,1357,
2018-09-30,10000002,37,19.85,20,19.83,372936194,1261,
2018-09-30,10000002,38,306.95,307.38,275.61,73520123,1176,
2018-09-30,10000002,39,446.69,446.69,446.67,36845002,1189,
2018-09-30,10000002,40,480.17,497,471.05,16867915,969,
2018-09-30,10000002,11399,8669.73,9149.7,8514,4073599,520,
2018-10-01,10000002,34,5.24,5.25,5.22,9620672472,1803,
2018-10-01,10000002,35,3.81,3.88,3.6,2510541676,1368,
2018-10-01,10000002,36,63.99,63.99,63.97,966209347,1192,
2018-10-01,10000002,37,21.32,21.32,21.32,371697019,1024,
2018-10-01,10000002,38,296.19,305.84,285.59,48423973,960,
2018-10-01,10000002,39,449.93,456.27,425.09,32474329,982,
2018-10-01,10000002,40,471.22,494.53,465,21327501,812,
2018-10-01,10000002,11399,8758.19,9150,8758.18,1836813,485,
2018-10-02,10000002,34,5.23,5.23,5.23,9930444298,1768,
2018-10-02,10000002,35,3.78,3.79,3.71,2110206578,1325,
2018-10-02,10000002,36,64.86,64.87,64.82,587144206,1144,
2018-10-02,10000002,37,21.11,21.12,20.29,309497851,1011,
2018-10-02,10000002,38,303.97,305.76,290.01,57376042,919,
2018-10-02,10000002,39,439.91,448.92,439.83,26068649,943,
2018-10-02,10000002,40,491,493.93,486.97,13209349,781,
2018-10-02,10000002,11399,9167,9167.77,9166.98,833900,414,
2018-10-03,10000002,34,5.32,5.35,5.29,8517894659,1743,
2018-10-03,10000002,35,3.72,3.74,3.7,2294850958,1335,
2018-10-03,10000002,36,64.81,64.82,64.61,766307271,1172,
2018-10-03,10000002,37,20.18,20.89,19.22,418626562,1042,
2018-10-03,10000002,38,301.97,302.99,286.62,59627414,1001,
2018-10-03,10000002,39,439.73,439.82,420.54,40434413,970,
2018-10-03,10000002,40,486.84,486.9,467.51,33897155,912,
2018-10-03,10000002,11399,9119.74,9129.95,9012.13,1342884,409,
2018-10-04,10000002,34,5.12,5.28,4.95,20474492301,1675,
2018-10-04,10000002,35,3.38,3.66,2.52,5679229453,1250,
2018-10-04,10000002,36,60.56,63.95,56.01,1300735113,1094,
2018-10-04,10000002,37,19.99,20.04,19.98,436510448,943,
2018-10-04,10000002,38,286.26,298.89,278.55,74394593,892,
2018-10-04,10000002,39,417.56,429.96,407.31,49824020,897,
2018-10-04,10000002,40,456.09,483.5,456,27293327,821,
2018-10-04,10000002,11399,8520,8520,8520,2616434,403,
2018-10-05,10000002,34,5.05,5.08,5.04,10063712451,1735,
2018-10-05,10000002,35,3.34,3.39,3.02,6564974774,1314,
2018-10-05,10000002,36,58.78,59.84,54,1330034024,1188,
2018-10-05,10000002,37,19.91,19.92,19.58,594299454,956,
2018-10-05,10000002,38,279.23,292.83,274.91,76466622,939,
2018-10-05,10000002,39,422.98,422.98,422.93,67927563,921,
2018-10-05,10000002,40,485,485,485,33601831,858,
2018-10-05,10000002,11399,8977.36,8978.96,8923.99,1823144,395,
2018-10-06,10000002,34,5.01,5.02,5,14221071712,1996,
2018-10-06,10000002,35,3.36,3.39,3.26,3727727396,1516,
2018-10-06,10000002,36,59.67,59.73,57.49,1041893118,1391,
2018-10-06,10000002,37,18.9,19.7,18.88,499231796,1129,
2018-10-06,10000002,38,288.16,288.19,271,67368845,1056,
2018-10-06,10000002,39,423.94,434.88,421.91,28252649,1090,
2018-10-06,10000002,40,493.95,493.96,485,18510234,963,
2018-10-06,10000002,11399,8603.12,8970,8601.8,4069441,538,
2018-10-07,10000002,34,4.94,5.01,4.88,14521440691,2229,
2018-10-07,10000002,35,3.22,3.25,3.21,5377658657,1790,
2018-10-07,10000002,36,59.62,59.64,58.37,898586547,1548,
2018-10-07,10000002,37,19.63,19.63,19.63,849233696,1372,
2018-10-07,10000002,38,282.06,282.08,281.91,86667488,1225,
2018-10-07,10000002,39,453.15,455.33,411.38,47073468,1263,
2018-10-07,10000002,40,485.14,494.54,485,29970318,1116,
2018-10-07,10000002,11399,8201.73,8807.86,8000.71,3284159,492,
2018-10-08,10000002,34,4.91,4.91,4.91,12436894351,1864,
2018-10-08,10000002,35,3.66,3.67,3.42,6579876785,1447,
2018-10-08,10000002,36,59.57,59.58,59.56,1075758756,1322,
2018-10-08,10000002,37,19,19.61,18.77,791670465,1148,
2018-10-08,10000002,38,282.01,282.04,281.93,112176695,1058,
2018-10-08,10000002,39,452.81,453.17,449.99,40982837,1099,
2018-10-08,10000002,40,499.73,499.75,486,19352935,938,
2018-10-08,10000002,11399,8799.91,8800,8794.42,1077666,392,
2018-10-09,10000002,34,4.93,4.93,4.92,11719584652,1878,
2018-10-09,10000002,35,3.78,3.8,3.74,4804928043,1427,
2018-10-09,10000002,36,60,63.02,59.18,1019167368,1373,
2018-10-09,10000002,37,19.13,19.29,18.75,471095673,1150,
2018-10-09,10000002,38,280.47,281.63,270.75,82509111,1085,
2018-10-09,10000002,39,456.31,456.37,427.1,42046395,1115,
2018-10-09,10000002,40,495.81,499.92,485,22648702,990,
2018-10-09,10000002,11399,8724.88,8724.95,8333.99,2754214,494,
2018-10-10,10000002,34,4.99,5.21,4.92,13650351792,1833,
2018-10-10,10000002,35,3.7,3.77,3.69,3564064692,1379,
2018-10-10,10000002,36,63.09,63.1,63.04,881318307,1328,
2018-10-10,10000002,37,19.28,19.29,19.26,266729064,1105,
2018-10-10,10000002,38,281.63,281.66,281.58,90168575,1071,
2018-10-10,10000002,39,456.3,456.34,430.8,38285850,1035,
2018-10-10,10000002,40,499.67,499.73,485.01,18754892,912,
2018-10-10,10000002,11399,8722.99,8724.76,8722.98,1619257,463,
2018-10-11,10000002,34,4.96,5.04,4.89,12293670703,1727,
2018-10-11,10000002,35,3.73,3.78,3.67,2765155426,1290,
2018-10-11,10000002,36,61.87,63.11,60.64,915872099,1221,
2018-10-11,10000002,37,19.31,19.32,19.25,476363973,1074,
2018-10-11,10000002,38,281.53,281.59,281.51,54158386,968,
2018-10-11,10000002,39,455.52,455.8,440.2,27967458,949,
2018-10-11,10000002,40,499.29,499.55,485.04,17548039,862,
2018-10-11,10000002,11399,8441.15,8441.16,8328.1,1817127,334,
2018-10-12,10000002,34,4.9,4.94,4.72,12118760470,1740,
2018-10-12,10000002,35,3.71,3.81,3.55,3131917191,1318,
2018-10-12,10000002,36,63.11,63.14,61.07,796973267,1206,
2018-10-12,10000002,37,19.22,19.31,18.88,435042198,1006,
2018-10-12,10000002,38,281.66,284.94,274,99646149,951,
2018-10-12,10000002,39,432.01,454.55,407.04,46218494,973,
2018-10-12,10000002,40,499.37,499.68,458.23,13807739,869,
2018-10-12,10000002,11399,8484.27,8501.08,8350.04,2459747,362,
2018-10-13,10000002,34,4.75,4.85,4.62,22121435324,2197,
2018-10-13,10000002,35,3.72,3.76,3.54,3775849717,1705,
2018-10-13,10000002,36,62.59,63.14,59.18,1295763089,1555,
2018-10-13,10000002,37,19.23,20,18.98,1178580816,1378,
2018-10-13,10000002,38,283.98,307.69,276,116134846,1298,
2018-10-13,10000002,39,452.85,453.57,411.94,37016560,1234,
2018-10-13,10000002,40,489.98,499.37,458.5,19718087,1101,
2018-10-13,10000002,11399,8717.05,8717.12,8716.94,1335789,427,
2018-10-14,10000002,34,4.83,4.84,4.8,16943754442,2121,
2018-10-14,10000002,35,3.69,3.69,3.68,2823582187,1584,
2018-10-14,10000002,36,61.97,62,61.97,1235245910,1462,
2018-10-14,10000002,37,19.77,20.54,17.66,1447134492,1290,
2018-10-14,10000002,38,298.88,298.92,298.45,63132573,1193,
2018-10-14,10000002,39,446.94,447.39,420.02,47532725,1191,
2018-10-14,10000002,40,488.66,488.74,461.5,24779140,1037,
2018-10-14,10000002,11399,8665.17,8716.82,8400,2335146,487,
2018-10-15,10000002,34,4.85,4.86,4.81,10806146202,1790,
2018-10-15,10000002,35,3.63,3.66,3.59,2266665415,1357,
2018-10-15,10000002,36,64.65,64.93,61.06,845024188,1224,
2018-10-15,10000002,37,17.21,17.34,16.99,294395710,1053,
2018-10-15,10000002,38,305.93,305.94,300.97,54356946,974,
2018-10-15,10000002,39,443.58,443.94,417.65,30186266,1032,
2018-10-15,10000002,40,484.69,484.98,461.82,13255645,907,
2018-10-15,10000002,11399,8548.93,8550.53,8206.49,1167887,360,
2018-10-16,10000002,34,4.73,4.76,4.72,11916515054,1566,
2018-10-16,10000002,35,3.53,3.53,3.53,3723414906,1244,
2018-10-16,10000002,36,62.95,62.95,62.95,847789180,1059,
2018-10-16,10000002,37,16.63,17.1,16.48,1898117689,973,
2018-10-16,10000002,38,287.01,299.91,286,118305134,915,
2018-10-16,10000002,39,437.87,437.89,419.49,56200426,871,
2018-10-16,10000002,40,462.08,483.75,462.05,27686668,787,
2018-10-16,10000002,11399,8213.22,8539.71,8213.22,2568434,408,
2018-10-17,10000002,34,4.56,4.76,4.55,15757008056,1656,
2018-10-17,10000002,35,3.75,3.79,3.65,2009923675,1230,
2018-10-17,10000002,36,61.9,62,60.37,919855838,1104,
2018-10-17,10000002,37,17.07,17.82,16.45,857940785,938,
2018-10-17,10000002,38,294.88,294.94,290.01,63520971,886,
2018-10-17,10000002,39,419.8,429.98,417.64,54926085,877,
2018-10-17,10000002,40,475.98,476,462.1,16773042,796,
2018-10-17,10000002,11399,8423,8428.81,8215.99,1171320,302,
2018-10-18,10000002,34,4.75,4.77,4.75,13006858916,1753,
2018-10-18,10000002,35,3.73,3.73,3.73,3243756438,1347,
2018-10-18,10000002,36,61.8,61.81,61.78,943202253,1188,
2018-10-18,10000002,37,16.83,16.88,16.82,624142829,1001,
2018-10-18,10000002,38,292,294.68,281.01,72348141,984,
2018-10-18,10000002,39,429.69,429.76,403.55,59726368,978,
2018-10-18,10000002,40,460.14,462.06,457.15,43321268,894,
2018-10-18,10000002,11399,8218.1,8336.29,8216.02,2580029,357,
2018-10-19,10000002,34,4.77,4.79,4.76,9067953310,1807,
2018-10-19,10000002,35,3.87,3.9,3.73,2165172242,1369,
2018-10-19,10000002,36,61.7,61.75,60.99,623277444,1237,
2018-10-19,10000002,37,16.31,16.71,15.68,673582314,1089,
2018-10-19,10000002,38,293.93,294.65,280.63,45763494,974,
2018-10-19,10000002,39,429.53,429.54,429.52,22780782,1024,
2018-10-19,10000002,40,461.13,461.22,414.04,13967406,900,
2018-10-19,10000002,11399,8333.8,8333.8,8333.8,3736348,301,
2018-10-20,10000002,34,4.79,4.79,4.79,8644722521,1977,
2018-10-20,10000002,35,3.87,3.88,3.87,2067187708,1456,
2018-10-20,10000002,36,61.72,61.74,58.31,713887290,1334,
2018-10-20,10000002,37,16.32,16.55,16.05,680972298,1163,
2018-10-20,10000002,38,292.92,292.96,291.97,79868967,1091,
2018-10-20,10000002,39,428.93,429.37,428.81,26039865,1094,
2018-10-20,10000002,40,457.83,457.92,457.4,15604910,970,
2018-10-20,10000002,11399,8324.9,8324.92,8324.89,2760776,418,
2018-10-21,10000002,34,4.87,4.92,4.8,11550201920,2230,
2018-10-21,10000002,35,3.87,3.89,3.72,3185284461,1686,
2018-10-21,10000002,36,61.74,63.45,61.65,810976541,1541,
2018-10-21,10000002,37,16.56,16.64,16.03,285491496,1329,
2018-10-21,10000002,38,294,294.68,292.96,63028957,1237,
2018-10-21,10000002,39,428.78,428.86,428.73,35059012,1244,
2018-10-21,10000002,40,456.78,456.95,451.02,26122120,1119,
2018-10-21,10000002,11399,8206.53,8215.89,8199.99,5279399,448,
2018-10-22,10000002,34,5.02,5.04,4.93,10814904023,1863,
2018-10-22,10000002,35,3.9,3.91,3.89,2086870151,1399,
2018-10-22,10000002,36,63.2,63.42,61.07,709875725,1255,
2018-10-22,10000002,37,15.92,16.4,15.8,314655404,1062,
2018-10-22,10000002,38,294.66,294.66,294.63,83485493,1016,
2018-10-22,10000002,39,428.75,428.76,425,30490257,1011,
2018-10-22,10000002,40,456.84,456.84,456.84,18429595,933,
2018-10-22,10000002,11399,8199.99,8321.79,7554.12,2938491,413,
2018-10-23,10000002,34,5.1,5.16,5.01,10609647171,1860,
2018-10-23,10000002,35,3.86,3.89,3.73,2711253429,1459,
2018-10-23,10000002,36,63.28,63.33,60.39,855273197,1298,
2018-10-23,10000002,37,15.95,15.97,15.82,385809833,1103,
2018-10-23,10000002,38,292.79,292.91,277.77,49385473,1015,
2018-10-23,10000002,39,427.99,428.69,413.41,33266853,1123,
2018-10-23,10000002,40,455.59,455.7,441.46,17830718,949,
2018-10-23,10000002,11399,8307.72,8307.98,8304.61,1287289,334,
2018-10-24,10000002,34,4.8,4.81,4.78,14607665569,1770,
2018-10-24,10000002,35,3.71,3.77,3.65,2364678370,1265,
2018-10-24,10000002,36,62.69,63.21,59.94,760150770,1184,
2018-10-24,10000002,37,16.23,16.23,15.99,365025563,958,
2018-10-24,10000002,38,291.99,292.65,290.7,36356903,945,
2018-10-24,10000002,39,428.48,428.51,428,27754577,991,
2018-10-24,10000002,40,454.75,454.9,436.43,13038526,817,
2018-10-24,10000002,11399,8299.87,8299.88,7608.62,2137893,298,
2018-10-25,10000002,34,4.75,4.76,4.74,11438136751,1885,
2018-10-25,10000002,35,3.7,3.7,3.69,3346845374,1429,
2018-10-25,10000002,36,62.68,62.7,62.63,910982892,1293,
2018-10-25,10000002,37,16.16,16.19,16.02,248453652,1069,
2018-10-25,10000002,38,279.02,291.93,278.74,87301891,1058,
2018-10-25,10000002,39,427,428.41,406.96,54699035,1046,
2018-10-25,10000002,40,436.32,436.33,436.32,32442044,875,
2018-10-25,10000002,11399,8199,8225,7653,2855023,457,
2018-10-26,10000002,34,4.77,4.96,4.73,12714455815,1971,
2018-10-26,10000002,35,3.67,3.68,3.67,4583956228,1406,
2018-10-26,10000002,36,62.59,62.59,62.54,856286423,1251,
2018-10-26,10000002,37,16.15,16.15,16.15,171412529,976,
2018-10-26,10000002,38,292.57,292.58,282.01,45851757,960,
2018-10-26,10000002,39,407.01,425.62,405.03,38287603,948,
2018-10-26,10000002,40,453.88,453.95,439.04,11014232,837,
2018-10-26,10000002,11399,8221.89,8221.96,8219.99,1179070,392,
2018-10-27,10000002,34,4.85,4.91,4.64,12603791785,2203,
2018-10-27,10000002,35,3.67,3.68,3.59,4926633571,1613,
2018-10-27,10000002,36,61.56,62,58.36,999104636,1436,
2018-10-27,10000002,37,16.12,16.16,15.97,352850972,1173,
2018-10-27,10000002,38,293,293.8,281.05,75691403,1134,
2018-10-27,10000002,39,423.9,423.92,421.84,33723923,1102,
2018-10-27,10000002,40,448.95,451.42,440.28,17226005,977,
2018-10-27,10000002,11399,8220.87,8220.88,8220.86,2787831,390,
2018-10-28,10000002,34,4.77,4.8,4.66,15173486985,2278,
2018-10-28,10000002,35,3.68,3.87,3.6,2988779623,1726,
2018-10-28,10000002,36,61.27,61.36,58.64,976797139,1548,
2018-10-28,10000002,37,16.42,16.43,16.16,633207786,1325,
2018-10-28,10000002,38,291.5,291.92,278.91,74411911,1281,
2018-10-28,10000002,39,421.88,423.72,402.27,44075482,1324,
2018-10-28,10000002,40,441.03,443.96,439.05,26167127,1147,
2018-10-28,10000002,11399,8225.65,8225.86,8225.6,2519023,443,
2018-10-29,10000002,34,4.7,4.71,4.68,14002427810,1850,
2018-10-29,10000002,35,3.88,3.89,3.87,2324489311,1424,
2018-10-29,10000002,36,60.94,60.99,58.39,822629617,1307,
2018-10-29,10000002,37,16.82,16.93,16.18,327050299,1061,
2018-10-29,10000002,38,289.97,291.27,285,68370934,1071,
2018-10-29,10000002,39,423.5,423.56,423.48,30221597,1040,
2018-10-29,10000002,40,442.95,442.99,435.01,18518610,907,
2018-10-29,10000002,11399,8225,8299.98,7922,1930714,426,
2018-10-30,10000002,34,4.72,4.76,4.59,17297782110,1888,
2018-10-30,10000002,35,3.78,3.79,3.75,2233291994,1372,
2018-10-30,10000002,36,57.85,57.88,57.85,1678674171,1236,
2018-10-30,10000002,37,16.14,16.73,15.9,488330200,1048,
2018-10-30,10000002,38,286.04,286.04,286.04,93305044,1055,
2018-10-30,10000002,39,422.65,423.48,410.96,38115742,1013,
2018-10-30,10000002,40,426.02,441.95,425.05,16243666,866,
2018-10-30,10000002,11399,8324.9,8324.9,8324.88,1532141,398,
2018-10-31,10000002,34,4.68,4.73,4.49,16753659829,1828,
2018-10-31,10000002,35,3.72,3.76,3.64,3016206905,1394,
2018-10-31,10000002,36,59.86,60.04,56.02,838064733,1178,
2018-10-31,10000002,37,15.91,16.64,15.87,512848457,1024,
2018-10-31,10000002,38,300.96,300.97,300.85,55447346,981,
2018-10-31,10000002,39,408.14,422.96,408.09,37442654,1024,
2018-10-31,10000002,40,441.87,441.89,425.28,21502804,914,
2018-10-31,10000002,11399,8538.9,8716.71,8065.62,1277308,402,
2018-11-01,10000002,34,4.64,4.66,4.45,16538376914,1959,
2018-11-01,10000002,35,3.63,3.69,3.62,6457292040,1315,
2018-11-01,10000002,36,59.35,59.39,56.05,932613422,1196,
2018-11-01,10000002,37,15.88,15.91,15.87,740716060,965,
2018-11-01,10000002,38,300.97,303.2,287.24,85915761,956,
2018-11-01,10000002,39,422.82,422.89,401.2,37033012,963,
2018-11-01,10000002,40,441.97,455.8,439.97,20431032,854,
2018-11-01,10000002,11399,8166.11,8370.04,8166.02,4063356,436,
2018-11-02,10000002,34,4.57,4.62,4.45,20348533470,1996,
2018-11-02,10000002,35,3.76,3.79,3.7,3453442403,1449,
2018-11-02,10000002,36,57.8,59.43,55.57,1318253169,1312,
2018-11-02,10000002,37,16.35,16.5,16.35,472192159,1078,
2018-11-02,10000002,38,303.21,303.21,303.2,97090782,1085,
2018-11-02,10000002,39,422.82,422.87,422.39,42787537,1085,
2018-11-02,10000002,40,455.82,455.83,444,28577010,940,
2018-11-02,10000002,11399,8524.88,8524.96,8523.95,1425546,369,
2018-11-03,10000002,34,4.54,4.57,4.46,13223947481,1892,
2018-11-03,10000002,35,3.74,3.78,3.6,3165722900,1359,
2018-11-03,10000002,36,60.96,61.1,59,723792729,1278,
2018-11-03,10000002,37,16.03,16.04,15.88,504051965,1002,
2018-11-03,10000002,38,307.25,309.16,307.18,88399768,1031,
2018-11-03,10000002,39,403.67,424.91,376.51,57304163,1097,
2018-11-03,10000002,40,455.79,455.83,433,34374834,925,
2018-11-03,10000002,11399,8524.77,8524.85,8523.7,3537823,440,
2018-11-04,10000002,34,4.55,4.69,4.51,25879148784,2311,
2018-11-04,10000002,35,3.75,3.76,3.73,2737562449,1746,
2018-11-04,10000002,36,58.79,61.16,58.4,1546541878,1536,
2018-11-04,10000002,37,16.43,16.45,16.04,322849817,1237,
2018-11-04,10000002,38,327.51,327.72,308.23,133221037,1240,
2018-11-04,10000002,39,424.83,424.87,410,38658361,1268,
2018-11-04,10000002,40,455.6,455.82,426.24,21952981,1086,
2018-11-04,10000002,11399,8600,8908.94,8500,3616803,407,
2018-11-05,10000002,34,4.68,4.76,4.64,10259290572,1973,
2018-11-05,10000002,35,3.62,3.63,3.61,4082772840,1527,
2018-11-05,10000002,36,60.8,60.8,60.79,870538053,1364,
2018-11-05,10000002,37,16.03,16.29,15.87,313830705,1115,
2018-11-05,10000002,38,308.22,324.08,308.12,112482067,1130,
2018-11-05,10000002,39,379,403.05,379,81919076,1204,
2018-11-05,10000002,40,427.22,427.24,427.21,34399989,932,
2018-11-05,10000002,11399,8300,8882.1,8200.02,3542036,492,
2018-11-06,10000002,34,4.6,4.62,4.59,9091474578,1820,
2018-11-06,10000002,35,3.55,3.6,3.53,2634428831,1386,
2018-11-06,10000002,36,59.94,60.66,57.34,1080964142,1253,
2018-11-06,10000002,37,15.9,16.2,15.88,398152886,1029,
2018-11-06,10000002,38,323.34,323.44,318,64863478,998,
2018-11-06,10000002,39,415,422.26,378.2,24085937,1017,
2018-11-06,10000002,40,427.9,452.97,427.02,14265679,860,
2018-11-06,10000002,11399,8898.32,8898.55,8898,1401505,375,
2018-11-07,10000002,34,4.54,4.55,4.51,16300084943,1870,
2018-11-07,10000002,35,3.51,3.52,3.5,3054149933,1455,
2018-11-07,10000002,36,57.04,60.21,55.01,1033949676,1314,
2018-11-07,10000002,37,16.14,16.15,15.81,250362475,1093,
2018-11-07,10000002,38,315.76,315.98,310.94,44074223,1071,
2018-11-07,10000002,39,410.98,412.98,408.98,30853936,1102,
2018-11-07,10000002,40,425.06,425.06,425.06,45407882,969,
2018-11-07,10000002,11399,8845,8846.97,8428.77,1351948,388,
2018-11-08,10000002,34,4.46,4.54,4.19,18927144819,1802,
2018-11-08,10000002,35,3.48,3.5,3.32,3241969784,1313,
2018-11-08,10000002,36,58.92,59.06,56.77,1078174627,1228,
2018-11-08,10000002,37,15.96,16.04,15.8,345586722,1022,
2018-11-08,10000002,38,310.69,310.89,297.58,91273143,1025,
2018-11-08,10000002,39,410.45,410.63,378.63,37763331,1020,
2018-11-08,10000002,40,425.73,425.8,425.47,21704787,908,
2018-11-08,10000002,11399,8516.6,8769,8516.6,1289962,365,
2018-11-09,10000002,34,4.46,4.46,4.45,21469873308,1666,
2018-11-09,10000002,35,3.31,3.49,3.04,4579135597,1245,
2018-11-09,10000002,36,59,59.04,54.23,1173464724,1148,
2018-11-09,10000002,37,15.93,15.96,15,287460455,917,
2018-11-09,10000002,38,310.39,310.47,291,89932679,904,
2018-11-09,10000002,39,410.19,410.34,381.14,36376021,906,
2018-11-09,10000002,40,425.73,425.73,425.72,35071346,801,
2018-11-09,10000002,11399,8421.24,8699,8400.02,1538030,351,
2018-11-10,10000002,34,4.61,4.62,4.59,9333694602,2095,
2018-11-10,10000002,35,3.29,3.29,3.28,3247255153,1641,
2018-11-10,10000002,36,58.56,58.76,58.39,831384107,1444,
2018-11-10,10000002,37,15.02,15.44,13.45,661104293,1175,
2018-11-10,10000002,38,306.73,306.85,306.49,81909056,1119,
2018-11-10,10000002,39,381.64,407.9,381.44,59626523,1116,
2018-11-10,10000002,40,358.75,419.95,325.22,26281255,946,
2018-11-10,10000002,11399,8307.92,8587.98,8100.13,2775248,431,
2018-11-11,10000002,34,4.66,4.67,4.62,12440432925,2250,
2018-11-11,10000002,35,3.25,3.25,3.25,3212420850,1722,
2018-11-11,10000002,36,58.47,58.49,58.4,742924108,1527,
2018-11-11,10000002,37,15.37,15.38,15.23,706086694,1287,
2018-11-11,10000002,38,301.76,301.91,285.23,68512132,1204,
2018-11-11,10000002,39,405.17,406.84,386.1,43629602,1267,
2018-11-11,10000002,40,415.01,417.28,330.08,19817066,1117,
2018-11-11,10000002,11399,8544.13,8547.72,8101,3407633,440,
2018-11-12,10000002,34,4.55,4.58,4.54,12957903988,2058,
2018-11-12,10000002,35,3.26,3.27,3.25,4960130458,1571,
2018-11-12,10000002,36,58.37,58.4,58.36,870248904,1411,
2018-11-12,10000002,37,14.48,15.17,14.45,265663543,1187,
2018-11-12,10000002,38,301.68,301.7,301.68,101900025,1117,
2018-11-12,10000002,39,403.47,403.78,375.19,34995268,1207,
2018-11-12,10000002,40,359.08,398.53,356.32,27122276,1023,
2018-11-12,10000002,11399,8544.1,8544.49,8064.1,2597002,463,
2018-11-13,10000002,34,4.55,4.56,4.52,14479948521,1994,
2018-11-13,10000002,35,3.47,3.48,3.46,2384383944,1618,
2018-11-13,10000002,36,58.09,58.1,58.01,569056929,1455,
2018-11-13,10000002,37,14.15,14.15,14.15,515297008,1245,
2018-11-13,10000002,38,296.91,296.93,287.96,43327846,1202,
2018-11-13,10000002,39,403.13,403.15,403.13,24251721,1215,
2018-11-13,10000002,40,389.91,393.05,368.75,13569480,1089,
2018-11-13,10000002,11399,8539.88,8539.9,8082.38,1075272,402,
2018-11-14,10000002,34,4.53,4.59,4.52,15978254867,2365,
2018-11-14,10000002,35,3.43,3.44,3.42,2283612074,1958,
2018-11-14,10000002,36,58.06,58.07,57.99,754433995,1695,
2018-11-14,10000002,37,14.39,14.4,13.92,378238326,1456,
2018-11-14,10000002,38,296.82,296.92,285.16,77549660,1398,
2018-11-14,10000002,39,402.83,402.98,375.7,35810728,1435,
2018-11-14,10000002,40,386.32,386.91,363.34,26948074,1317,
2018-11-14,10000002,11399,8436,8448.98,8090.08,2182578,455,
2018-11-15,10000002,34,4.7,4.72,4.68,12018674610,2055,
2018-11-15,10000002,35,3.45,3.47,3.43,1964074806,1608,
2018-11-15,10000002,36,57.95,57.98,57.93,743554038,1504,
2018-11-15,10000002,37,14.4,14.42,14.36,226500501,1328,
2018-11-15,10000002,38,299.95,300.84,285.19,52169782,1218,
2018-11-15,10000002,39,399.89,399.99,398.92,29250336,1264,
2018-11-15,10000002,40,383.96,386.41,364.44,128734150,1206,
2018-11-15,10000002,11399,8434.51,8434.53,8434.4,1636456,418,
2018-11-16,10000002,34,4.66,4.66,4.66,7585664126,2112,
2018-11-16,10000002,35,3.39,3.39,3.38,4038156520,1602,
2018-11-16,10000002,36,57.83,57.88,56.29,825637569,1472,
2018-11-16,10000002,37,14.38,14.39,14.32,561033677,1272,
2018-11-16,10000002,38,295.92,296.96,281.2,51566718,1192,
2018-11-16,10000002,39,398.75,398.9,398.53,53276693,1226,
2018-11-16,10000002,40,390.44,390.44,390.44,71412099,1066,
2018-11-16,10000002,11399,8200,8434,8064,3538739,502,
2018-11-17,10000002,34,4.64,4.64,4.64,10474461838,2717,
2018-11-17,10000002,35,3.48,3.49,3.46,2657995084,2067,
2018-11-17,10000002,36,57.98,58.33,56.98,773432542,1865,
2018-11-17,10000002,37,15.33,15.33,15.33,333006577,1586,
2018-11-17,10000002,38,296.04,297.67,292,71997140,1528,
2018-11-17,10000002,39,397.99,398.64,397.96,26476144,1545,
2018-11-17,10000002,40,389.56,389.8,389.54,19692142,1333,
2018-11-17,10000002,11399,8065.12,8299.98,8002.02,2569035,504,
2018-11-18,10000002,34,4.53,4.59,4.4,22795220154,2739,
2018-11-18,10000002,35,3.49,3.49,3.48,2795928477,2068,
2018-11-18,10000002,36,58.19,58.2,58.17,837911592,1863,
2018-11-18,10000002,37,15.77,15.99,15.4,320118006,1632,
2018-11-18,10000002,38,301.62,301.65,301.49,67292245,1466,
2018-11-18,10000002,39,396.94,396.95,396.93,33731791,1561,
2018-11-18,10000002,40,368.06,385.3,367,32324243,1342,
2018-11-18,10000002,11399,8250,8289.96,7999.04,1754456,573,
2018-11-19,10000002,34,4.45,4.58,4.32,12096501895,2485,
2018-11-19,10000002,35,3.48,3.49,3.46,2426175805,1970,
2018-11-19,10000002,36,58.09,58.14,56.05,917167275,1812,
2018-11-19,10000002,37,15.39,15.41,14.74,223433571,1595,
2018-11-19,10000002,38,301.45,301.57,292.98,45224946,1464,
2018-11-19,10000002,39,396.82,396.93,396.76,36300477,1495,
2018-11-19,10000002,40,383.98,384.55,369.01,15019104,1292,
2018-11-19,10000002,11399,8000.02,8285.63,7913.09,2284145,492,
2018-11-20,10000002,34,4.45,4.46,4.45,15721807614,2339,
2018-11-20,10000002,35,3.47,3.52,3.43,2405522137,1837,
2018-11-20,10000002,36,57.96,58.03,55.98,803126977,1669,
2018-11-20,10000002,37,15.37,15.39,14.86,477340250,1428,
2018-11-20,10000002,38,301.28,301.36,298,72652811,1322,
2018-11-20,10000002,39,396.44,396.67,380.21,33891472,1335,
2018-11-20,10000002,40,365.06,383.72,363.85,41410603,1134,
2018-11-20,10000002,11399,8283.75,8283.99,8282.98,1870473,490,
2018-11-21,10000002,34,4.45,4.74,4.43,18022035747,2281,
2018-11-21,10000002,35,3.49,3.5,3.49,3330470372,1780,
2018-11-21,10000002,36,58,58.01,57.97,970782928,1600,
2018-11-21,10000002,37,14.85,14.85,14.85,469856492,1361,
2018-11-21,10000002,38,301.24,301.24,301.24,96941780,1280,
2018-11-21,10000002,39,396.38,396.41,395.82,30632305,1339,
2018-11-21,10000002,40,380,383,379.9,83960575,1210,
2018-11-21,10000002,11399,8000,8262.77,7999.95,2703537,417,
2018-11-22,10000002,34,4.91,4.92,4.9,11927635077,2276,
2018-11-22,10000002,35,3.56,3.58,3.52,1938053784,1763,
2018-11-22,10000002,36,58.05,58.06,58.02,604147253,1590,
2018-11-22,10000002,37,15.17,15.19,14.9,218880666,1327,
2018-11-22,10000002,38,301.18,301.23,292.61,48500913,1244,
2018-11-22,10000002,39,396.41,396.42,396.37,28554124,1286,
2018-11-22,10000002,40,383.67,383.67,383.67,19520682,1153,
2018-11-22,10000002,11399,8256.93,8262,8247,2031116,397,
2018-11-23,10000002,34,4.86,4.88,4.85,6399559735,2086,
2018-11-23,10000002,35,3.37,3.44,3.36,3874346405,1613,
2018-11-23,10000002,36,57.82,57.93,57.81,681039913,1443,
2018-11-23,10000002,37,15.05,15.1,14.86,241966265,1198,
2018-11-23,10000002,38,301.17,301.18,301.17,57667678,1149,
2018-11-23,10000002,39,396.38,396.4,396.35,24885338,1208,
2018-11-23,10000002,40,383.65,383.66,383.64,14586168,993,
2018-11-23,10000002,11399,7860.13,8131.93,7858.03,1743653,412,
2018-11-24,10000002,34,4.8,4.82,4.79,12044335885,2650,
2018-11-24,10000002,35,3.44,3.53,3.44,2803474635,2090,
2018-11-24,10000002,36,57.69,57.76,56.16,840928468,1865,
2018-11-24,10000002,37,15.03,15.04,14.86,352316048,1579,
2018-11-24,10000002,38,301.15,301.17,292.65,107824186,1492,
2018-11-24,10000002,39,385.45,396.38,380.82,49686593,1534,
2018-11-24,10000002,40,383.63,383.66,364.86,26860734,1358,
2018-11-24,10000002,11399,8100.98,8100.99,8099.93,1326983,519,
2018-11-25,10000002,34,4.78,4.79,4.74,22964826058,2706,
2018-11-25,10000002,35,3.5,3.51,3.49,4157901444,2051,
2018-11-25,10000002,36,57.62,57.63,56.51,1038642304,1829,
2018-11-25,10000002,37,15.04,15.04,15.01,408014472,1519,
2018-11-25,10000002,38,300.97,301.26,300.94,113859249,1446,
2018-11-25,10000002,39,403.02,403.03,381.07,38254936,1502,
2018-11-25,10000002,40,364.93,383.62,358.31,64954370,1346,
2018-11-25,10000002,11399,8100.9,8100.94,7901,2910221,569,
2018-11-26,10000002,34,4.79,4.79,4.79,10467175746,2125,
2018-11-26,10000002,35,3.51,3.52,3.5,2598338035,1565,
2018-11-26,10000002,36,57.63,57.64,57.1,840449196,1459,
2018-11-26,10000002,37,14.18,14.18,14.18,614254773,1288,
2018-11-26,10000002,38,301.64,301.65,299.99,42168067,1105,
2018-11-26,10000002,39,403.04,403.47,403.04,30586733,1208,
2018-11-26,10000002,40,379.97,379.97,379.96,15070314,1029,
2018-11-26,10000002,11399,8088.95,8088.97,8088.93,1812945,449,
2018-11-27,10000002,34,4.75,4.75,4.74,12979023621,1970,
2018-11-27,10000002,35,3.48,3.49,3.36,2952474570,1532,
2018-11-27,10000002,36,57.47,57.56,55.89,985128208,1425,
2018-11-27,10000002,37,14.99,15,14.24,250343655,1197,
2018-11-27,10000002,38,301.61,301.62,293.4,76104357,1110,
2018-11-27,10000002,39,403.46,403.46,403.46,40019211,1174,
2018-11-27,10000002,40,378.92,378.94,377,18952304,1004,
2018-11-27,10000002,11399,7872.63,8086.99,7800,2419254,506,
2018-11-28,10000002,34,4.53,4.56,4.44,14309050304,1948,
2018-11-28,10000002,35,3.43,3.44,3.42,2310663973,1498,
2018-11-28,10000002,36,57.26,57.33,54.33,926110754,1363,
2018-11-28,10000002,37,15.1,15.7,14.96,1312084333,1197,
2018-11-28,10000002,38,301.55,301.55,301.55,46342729,1087,
2018-11-28,10000002,39,403.47,403.47,403.46,52659569,1170,
2018-11-28,10000002,40,378.94,392.76,378.9,86656192,1020,
2018-11-28,10000002,11399,8079.94,8088.88,7611.14,1317088,453,
2018-11-29,10000002,34,4.53,4.55,4.52,15640668417,1924,
2018-11-29,10000002,35,3.4,3.41,3.39,2938200463,1533,
2018-11-29,10000002,36,57.22,57.23,56.96,1001885065,1360,
2018-11-29,10000002,37,15.17,16.12,15.14,253619406,1139,
2018-11-29,10000002,38,301.47,301.54,289.11,75061876,1049,
2018-11-29,10000002,39,429.34,446.82,402.75,27458339,1123,
2018-11-29,10000002,40,378.25,403,378.23,18282179,975,
2018-11-29,10000002,11399,8079.86,8079.94,7900,2499215,437,
2018-11-30,10000002,34,4.5,4.5,4.5,15002207118,2129,
2018-11-30,10000002,35,3.41,3.42,3.4,2776872254,1702,
2018-11-30,10000002,36,57.21,57.22,54.68,779478871,1534,
2018-11-30,10000002,37,16.09,16.09,16,673124299,1319,
2018-11-30,10000002,38,307.88,307.88,307.88,45693127,1189,
2018-11-30,10000002,39,454.9,454.9,454.9,64914276,1297,
2018-11-30,10000002,40,424.86,424.86,424.86,24364713,1081,
2018-11-30,10000002,11399,8076,8079.77,7999,1452689,489,
2018-12-01,10000002,34,4.7,4.71,4.66,21911308549,2376,
2018-12-01,10000002,35,3.41,3.42,3.38,3442500033,1756,
2018-12-01,10000002,36,57.22,57.22,57.22,1103247775,1573,
2018-12-01,10000002,37,16.1,16.19,15.15,519110726,1357,
2018-12-01,10000002,38,309.58,321.99,307.88,75115135,1297,
2018-12-01,10000002,39,449.99,455.23,449.97,50685873,1305,
2018-12-01,10000002,40,445.9,447.89,425.52,29056409,1113,
2018-12-01,10000002,11399,8069.97,8074.98,7655.43,2561972,508,
2018-12-02,10000002,34,4.68,4.7,4.65,10899603612,2503,
2018-12-02,10000002,35,3.37,3.37,3.37,5521372624,1896,
2018-12-02,10000002,36,57.22,57.23,57.19,871225091,1724,
2018-12-02,10000002,37,16.06,16.06,16.02,488186586,1436,
2018-12-02,10000002,38,322.42,322.83,295.49,54847864,1296,
2018-12-02,10000002,39,457.66,457.7,457.6,27971092,1371,
2018-12-02,10000002,40,442.21,443.51,424.94,22601584,1263,
2018-12-02,10000002,11399,8067.99,8069.97,8065,2932359,445,
2018-12-03,10000002,34,4.64,4.66,4.6,16121468867,1987,
2018-12-03,10000002,35,3.31,3.32,3.26,3232275524,1631,
2018-12-03,10000002,36,59.83,59.89,57.18,787337174,1423,
2018-12-03,10000002,37,15.23,15.64,15.22,247259894,1221,
2018-12-03,10000002,38,305,314.57,301.06,56734559,1159,
2018-12-03,10000002,39,433.14,454.71,432.17,51776739,1242,
2018-12-03,10000002,40,407.33,422.69,401.73,20260457,1063,
2018-12-03,10000002,11399,8066.87,8066.96,8066,1721682,404,
2018-12-04,10000002,34,4.6,4.64,4.45,13946117024,1913,
2018-12-04,10000002,35,3.22,3.26,3.19,5558310702,1510,
2018-12-04,10000002,36,59.06,59.41,57.01,876104166,1435,
2018-12-04,10000002,37,15.55,15.63,15.2,556851935,1194,
2018-12-04,10000002,38,314.71,322.7,306.41,86324838,1137,
2018-12-04,10000002,39,453.63,453.9,429.7,27925902,1154,
2018-12-04,10000002,40,423.77,423.86,422.7,21325635,1001,
2018-12-04,10000002,11399,7782.33,8066.79,7710.11,2414870,432,
2018-12-05,10000002,34,4.51,4.56,2.31,20308384451,1901,
2018-12-05,10000002,35,3.23,3.24,3.19,2905704323,1467,
2018-12-05,10000002,36,58.8,59.07,56.91,743979001,1312,
2018-12-05,10000002,37,15.44,15.47,15.02,220598134,1059,
2018-12-05,10000002,38,309.96,317.79,306.42,50995730,998,
2018-12-05,10000002,39,449.82,449.91,428.58,26541217,1071,
2018-12-05,10000002,40,423.93,441.99,404.61,15075210,976,
2018-12-05,10000002,11399,8079.55,8079.59,8000,1235716,440,
2018-12-06,10000002,34,4.53,4.55,4.52,21839977306,1709,
2018-12-06,10000002,35,3.16,3.16,3.16,3148835177,1323,
2018-12-06,10000002,36,57.83,57.92,56.58,907151511,1249,
2018-12-06,10000002,37,15.49,15.5,15,254014505,1024,
2018-12-06,10000002,38,306.9,309.69,305,73048178,955,
2018-12-06,10000002,39,447.94,447.97,447.9,22806825,970,
2018-12-06,10000002,40,441.55,441.77,420,32206077,899,
2018-12-06,10000002,11399,8046.5,8079.33,7656.66,1690246,373,
2018-12-07,10000002,34,4.46,4.51,4.4,16710485025,1781,
2018-12-07,10000002,35,3.13,3.22,3.01,4987151306,1418,
2018-12-07,10000002,36,57.74,57.78,56.53,786270275,1261,
2018-12-07,10000002,37,15.51,15.58,15.5,216496636,1033,
2018-12-07,10000002,38,309.49,309.69,305,49640151,955,
2018-12-07,10000002,39,447.73,447.92,447.71,22894691,1018,
2018-12-07,10000002,40,442.92,443.88,442.77,11177099,866,
2018-12-07,10000002,11399,7997.69,7997.9,7652.14,2273462,464,
2018-12-08,10000002,34,4.41,4.42,4.4,10557011880,2224,
2018-12-08,10000002,35,3.13,3.15,3.05,3523176266,1764,
2018-12-08,10000002,36,57.69,57.71,57.25,834578187,1549,
2018-12-08,10000002,37,15.58,15.99,15.51,286949583,1369,
2018-12-08,10000002,38,309.46,309.49,309.45,59180968,1186,
2018-12-08,10000002,39,447.6,453.11,446,68844113,1307,
2018-12-08,10000002,40,443.86,453.85,442.97,36213469,1178,
2018-12-08,10000002,11399,7990,7997.61,7671.07,1914210,495,
2018-12-09,10000002,34,4.39,4.39,4.39,10979813128,2370,
2018-12-09,10000002,35,3.23,3.24,3.21,2563961170,1841,
2018-12-09,10000002,36,57.78,58.83,57.7,769375830,1629,
2018-12-09,10000002,37,16.66,16.7,16.66,814614777,1396,
2018-12-09,10000002,38,318.72,318.73,314.89,57018971,1281,
2018-12-09,10000002,39,461.07,465,461.06,46530665,1381,
2018-12-09,10000002,40,526.78,526.78,526.78,63964032,1271,
2018-12-09,10000002,11399,7971.01,7971.01,7971.01,2815960,432,
2018-12-10,10000002,34,4.55,4.57,4.47,17630488034,2068,
2018-12-10,10000002,35,3.23,3.23,3.23,4377797250,1671,
2018-12-10,10000002,36,58.45,58.46,58.41,1126829052,1464,
2018-12-10,10000002,37,16.69,16.7,16.69,233731698,1242,
2018-12-10,10000002,38,317.98,318.06,303.22,57037099,1176,
2018-12-10,10000002,39,474.96,476.91,443.2,50438751,1210,
2018-12-10,10000002,40,454.57,474.05,454.54,18556362,1032,
2018-12-10,10000002,11399,7700.07,7750.06,7671.26,2952554,509,
2018-12-11,10000002,34,4.46,4.49,4.44,17499393109,2138,
2018-12-11,10000002,35,3.34,3.37,3.33,1832609102,1600,
2018-12-11,10000002,36,58.18,58.26,57.32,550982492,1480,
2018-12-11,10000002,37,16.72,16.72,16.72,1978556165,1291,
2018-12-11,10000002,38,316.94,317.8,303.24,57213823,1117,
2018-12-11,10000002,39,479.82,479.9,474.96,21361480,1237,
2018-12-11,10000002,40,483.82,483.82,483.82,74485976,1114,
2018-12-11,10000002,11399,7612,8043,7609,1981934,435,
2018-12-12,10000002,34,4.44,4.44,4.42,10153301295,2080,
2018-12-12,10000002,35,3.24,3.26,3.16,2690843114,1569,
2018-12-12,10000002,36,57.92,57.97,56.39,640990945,1397,
2018-12-12,10000002,37,15.48,15.5,15.28,247313145,1228,
2018-12-12,10000002,38,316.23,316.4,303.3,40240937,1171,
2018-12-12,10000002,39,469.93,474.87,452.15,21386033,1168,
2018-12-12,10000002,40,454.66,483.27,454.62,37209286,1012,
2018-12-12,10000002,11399,7940.62,8040.91,7929,1793644,454,
2018-12-13,10000002,34,4.44,4.5,2.24,18261613867,1937,
2018-12-13,10000002,35,3.2,3.2,3.19,2387200752,1449,
2018-12-13,10000002,36,57.55,57.58,57.29,945385307,1342,
2018-12-13,10000002,37,15.95,16.16,15.39,418151169,1117,
2018-12-13,10000002,38,315,315.84,303.29,55902754,1022,
2018-12-13,10000002,39,452.13,454.11,441.67,51007714,1090,
2018-12-13,10000002,40,480.91,480.91,454.62,52845810,1003,
2018-12-13,10000002,11399,7601.55,7900,7601.52,2945453,457,
2018-12-14,10000002,34,4.36,4.37,4.35,21118940747,2034,
2018-12-14,10000002,35,3.01,3.01,3.01,6265548618,1559,
2018-12-14,10000002,36,57.27,57.38,57.25,629883737,1393,
2018-12-14,10000002,37,15.89,16.23,15.82,869666818,1251,
2018-12-14,10000002,38,310.9,315.47,297.99,42217883,1072,
2018-12-14,10000002,39,468.89,468.99,441.75,31753526,1209,
2018-12-14,10000002,40,477.99,479.97,477.99,21860351,1032,
2018-12-14,10000002,11399,7841,7841,7841,947439,423,
2018-12-15,10000002,34,4.57,4.63,4.46,14099858387,2444,
2018-12-15,10000002,35,3.1,3.12,3.09,2747561209,1892,
2018-12-15,10000002,36,57.24,57.25,57.19,812649727,1647,
2018-12-15,10000002,37,16.69,16.69,16.65,446159277,1418,
2018-12-15,10000002,38,310.9,310.9,310.9,87608924,1325,
2018-12-15,10000002,39,468.9,468.99,467,33910169,1342,
2018-12-15,10000002,40,479.96,483.85,438.09,18352995,1219,
2018-12-15,10000002,11399,7842.83,7842.91,7610.07,2493006,520,
2018-12-16,10000002,34,4.62,4.62,4.61,12558088617,2606,
2018-12-16,10000002,35,3.33,3.35,3.2,2513260340,1926,
2018-12-16,10000002,36,57.17,57.18,57,1030247964,1724,
2018-12-16,10000002,37,15.35,16.61,15.18,631694723,1490,
2018-12-16,10000002,38,311.96,312.69,311.91,74617282,1338,
2018-12-16,10000002,39,466.76,466.92,460,40339739,1405,
2018-12-16,10000002,40,499.7,499.72,498.89,21574831,1260,
2018-12-16,10000002,11399,7840.99,7842.49,7840,2453397,526,
2018-12-17,10000002,34,4.48,4.49,4.48,7193199455,1898,
2018-12-17,10000002,35,3.12,3.29,3.09,2679227140,1475,
2018-12-17,10000002,36,56.92,57,56.91,569007159,1264,
2018-12-17,10000002,37,15.25,16.15,15.21,162674952,1097,
2018-12-17,10000002,38,311.89,311.91,311.88,125658077,1023,
2018-12-17,10000002,39,465.95,466.52,445.26,23227763,1031,
2018-12-17,10000002,40,499.98,499.98,499.69,29343458,969,
2018-12-17,10000002,11399,7838,7839,7601.56,1262557,371,
2018-12-18,10000002,34,4.62,4.69,4.47,17733204962,2096,
2018-12-18,10000002,35,3.12,3.13,3.1,3614206501,1560,
2018-12-18,10000002,36,58.23,58.25,56.29,933973748,1495,
2018-12-18,10000002,37,16.13,16.13,16.13,974888537,1232,
2018-12-18,10000002,38,315.72,315.72,315.72,107565061,1124,
2018-12-18,10000002,39,466.44,466.47,465.97,57897925,1211,
2018-12-18,10000002,40,574.56,574.61,548,32176969,1114,
2018-12-18,10000002,11399,7839.54,7839.56,7839.53,826283,407,
2018-12-19,10000002,34,4.93,4.96,4.74,9717757550,2056,
2018-12-19,10000002,35,3.34,3.35,3.32,2265857055,1503,
2018-12-19,10000002,36,58.12,58.17,58.1,710617573,1385,
2018-12-19,10000002,37,16.26,16.29,15.38,669203632,1141,
2018-12-19,10000002,38,314.48,314.48,314.48,64089850,995,
2018-12-19,10000002,39,466.76,466.76,466.76,81432718,1093,
2018-12-19,10000002,40,514.17,568.99,512.44,16199470,962,
2018-12-19,10000002,11399,7839.43,7839.49,7839.17,1586860,369,
2018-12-20,10000002,34,4.83,4.87,4.64,10177332970,2004,
2018-12-20,10000002,35,3.29,3.31,3.27,1820059225,1502,
2018-12-20,10000002,36,58.05,58.07,58.03,828294441,1413,
2018-12-20,10000002,37,16,16.23,15.44,224295437,1172,
2018-12-20,10000002,38,314.39,314.43,313,60310653,1062,
2018-12-20,10000002,39,479.87,479.87,479.87,109621210,1158,
2018-12-20,10000002,40,573.68,600.85,562.98,62367630,1143,
2018-12-20,10000002,11399,7838.91,7838.91,7838.87,2025162,394,
2018-12-21,10000002,34,4.82,4.82,4.81,19375642164,2004,
2018-12-21,10000002,35,3.26,3.27,3.25,2803756356,1466,
2018-12-21,10000002,36,58.01,58.02,57.98,804536339,1425,
2018-12-21,10000002,37,15.63,16.14,15.48,266879710,1147,
2018-12-21,10000002,38,313.74,313.96,309.97,54361843,1056,
2018-12-21,10000002,39,468.67,491.73,450.02,29146791,1137,
2018-12-21,10000002,40,583.72,609.71,534.49,34485297,1050,
2018-12-21,10000002,11399,7803,7838.78,7801.92,1417956,390,
2018-12-22,10000002,34,4.76,4.77,4.72,9610120031,2232,
2018-12-22,10000002,35,3.37,3.39,3.36,16766218072,1667,
2018-12-22,10000002,36,58.03,58.1,57.98,815988327,1468,
2018-12-22,10000002,37,16.2,16.23,16.14,310758622,1224,
2018-12-22,10000002,38,312.96,313.69,305.08,59044823,1125,
2018-12-22,10000002,39,472.64,491.46,470.3,33302532,1180,
2018-12-22,10000002,40,580.29,581.99,535.25,49190365,1106,
2018-12-22,10000002,11399,7837.98,7837.98,7837.95,1804257,406,
2018-12-23,10000002,34,4.63,4.65,4.62,19037287390,2492,
2018-12-23,10000002,35,3.47,3.49,3.21,5461374568,1781,
2018-12-23,10000002,36,57.95,58,55.65,972326049,1638,
2018-12-23,10000002,37,15.8,16.57,15.36,426190134,1398,
2018-12-23,10000002,38,312.24,312.38,300.98,80460498,1247,
2018-12-23,10000002,39,470.61,490.93,470.24,47271694,1346,
2018-12-23,10000002,40,550.12,593.88,549.47,39506929,1229,
2018-12-23,10000002,11399,7838.78,8079.36,7808.03,1987011,429,
2018-12-24,10000002,34,4.63,4.65,4.62,14899229278,2085,
2018-12-24,10000002,35,3.51,3.53,3.49,8179165088,1613,
2018-12-24,10000002,36,58.12,59.79,58.1,918726557,1515,
2018-12-24,10000002,37,16.99,17,16,466318643,1230,
2018-12-24,10000002,38,312.23,312.26,300.83,75991909,1076,
2018-12-24,10000002,39,490.83,490.88,461.14,34924520,1203,
2018-12-24,10000002,40,585.27,670.3,555,23850466,1042,
2018-12-24,10000002,11399,8041.92,8079.36,7900,1369182,469,
2018-12-25,10000002,34,4.69,4.76,4.5,18767373227,2012,
2018-12-25,10000002,35,3.55,3.67,3.51,2459349087,1488,
2018-12-25,10000002,36,56.56,59.9,56.32,1067505283,1439,
2018-12-25,10000002,37,16.49,17.51,16.43,280397656,1160,
2018-12-25,10000002,38,306.01,312.26,306,64702975,1013,
2018-12-25,10000002,39,490,490.82,461.03,26817474,1099,
2018-12-25,10000002,40,600.19,655.93,597.05,20586940,1023,
2018-12-25,10000002,11399,8041.92,8079.35,7814.13,1564496,435,
2018-12-26,10000002,34,4.76,4.8,4.47,15437792798,2248,
2018-12-26,10000002,35,3.24,3.24,3.24,3976779285,1701,
2018-12-26,10000002,36,59.03,59.55,56.46,686878494,1479,
2018-12-26,10000002,37,17.09,17.09,16.35,619830632,1246,
2018-12-26,10000002,38,310.85,312,302,41690077,1151,
2018-12-26,10000002,39,479.99,479.99,479,64916694,1254,
2018-12-26,10000002,40,600.07,600.18,598.05,26481649,1117,
2018-12-26,10000002,11399,7825.92,8037.32,7815,1475487,443,
2018-12-27,10000002,34,4.57,4.59,4.36,9639198120,2096,
2018-12-27,10000002,35,3.59,3.6,3.58,5268222697,1579,
2018-12-27,10000002,36,56.79,58.26,56.05,1028416839,1462,
2018-12-27,10000002,37,16.96,17.06,16.43,272922956,1231,
2018-12-27,10000002,38,310.99,310.99,310.96,59767293,1103,
2018-12-27,10000002,39,479.23,479.26,460.46,29518496,1182,
2018-12-27,10000002,40,585.49,609.95,585.29,24918308,1114,
2018-12-27,10000002,11399,7800.55,7800.55,7800.55,1617717,418,
2018-12-28,10000002,34,4.56,4.56,4.56,8867704542,2054,
2018-12-28,10000002,35,3.54,3.7,3.51,3153013819,1594,
2018-12-28,10000002,36,57.91,58.04,56.07,722023273,1389,
2018-12-28,10000002,37,16.24,16.39,16.24,843645004,1180,
2018-12-28,10000002,38,308,309.9,296.34,98749108,1089,
2018-12-28,10000002,39,460.7,479.21,460.28,57591025,1236,
2018-12-28,10000002,40,585.29,586.95,560.5,35443253,1104,
2018-12-28,10000002,11399,7999.87,8035.55,7800,2160812,480,
2018-12-29,10000002,34,4.51,4.52,4.5,11392183423,2054,
2018-12-29,10000002,35,3.7,3.71,3.69,2106444520,1593,
2018-12-29,10000002,36,57.64,57.65,56.07,735877364,1460,
2018-12-29,10000002,37,16.59,16.79,16.24,360167538,1223,
2018-12-29,10000002,38,306.91,306.98,293.43,50587676,1163,
2018-12-29,10000002,39,490.29,490.44,460.63,25080915,1243,
2018-12-29,10000002,40,537.07,560.95,535.09,23200804,1092,
2018-12-29,10000002,11399,7998.99,7999.37,7500.1,3254543,449,
2018-12-30,10000002,34,4.47,4.51,4.45,13215723601,2273,
2018-12-30,10000002,35,3.69,3.72,3.67,4436193320,1717,
2018-12-30,10000002,36,57.5,57.52,55.7,1187681633,1548,
2018-12-30,10000002,37,17.2,17.2,17.2,1055690078,1349,
2018-12-30,10000002,38,304.98,306.82,293.76,117404016,1232,
2018-12-30,10000002,39,490.17,490.25,489.94,27788232,1307,
2018-12-30,10000002,40,551.17,579,550.05,56323575,1230,
2018-12-30,10000002,11399,7800.92,7999.13,7613.16,2134984,419,
2018-12-31,10000002,34,4.46,4.47,4.33,12243738564,1818,
2018-12-31,10000002,35,3.79,3.81,3.78,1989362721,1361,
2018-12-31,10000002,36,55.38,57.48,52.79,963186109,1289,
2018-12-31,10000002,37,16.14,17.22,16.1,308798548,1072,
2018-12-31,10000002,38,301.88,301.9,293.38,64100438,992,
2018-12-31,10000002,39,490,490.04,479.15,22449851,1048,
2018-12-31,10000002,40,590.97,591.67,540.57,14960987,965,
2018-12-31,10000002,11399,7999.12,7999.12,7999.12,2167570,355,
2019-01-01,10000002,34,4.48,4.63,4.45,10966216366,2011,
2019-01-01,10000002,35,3.77,3.77,3.76,2337796246,1492,
2019-01-01,10000002,36,57.44,57.45,57.35,818278957,1386,
2019-01-01,10000002,37,17.22,17.22,17.22,650048772,1152,
2019-01-01,10000002,38,300.95,300.98,299.99,79309746,1051,
2019-01-01,10000002,39,490.47,490.83,489.98,75111346,1140,
2019-01-01,10000002,40,588.9,591.97,588.72,75228523,1009,
2019-01-01,10000002,11399,7998.95,7999.09,7850.92,1562397,444,
2019-01-02,10000002,34,4.69,4.76,4.59,9474099411,2292,
2019-01-02,10000002,35,3.76,3.79,3.56,3966805539,1726,
2019-01-02,10000002,36,57.4,57.41,57.34,919126576,1537,
2019-01-02,10000002,37,17.08,17.11,16.43,298517322,1296,
2019-01-02,10000002,38,300.5,300.54,300.5,71413315,1223,
2019-01-02,10000002,39,519.96,667.67,509.96,56612052,1441,
2019-01-02,10000002,40,542.63,589.11,542.57,31281347,1163,
2019-01-02,10000002,11399,7998.47,7998.48,7625.12,1211790,435,
2019-01-03,10000002,34,4.68,4.69,4.66,10528943541,2106,
2019-01-03,10000002,35,3.6,3.73,3.54,2665379959,1557,
2019-01-03,10000002,36,55.98,57.34,55.57,652359012,1459,
2019-01-03,10000002,37,16.62,16.92,16.44,167517295,1151,
2019-01-03,10000002,38,294,299.99,288.31,42365949,1143,
2019-01-03,10000002,39,513.78,518.55,493.01,32670949,1236,
2019-01-03,10000002,40,599.14,600.22,589.28,54257481,1093,
2019-01-03,10000002,11399,7998.07,7998.22,7997.95,1523217,448,
2019-01-04,10000002,34,4.68,4.69,4.66,9589450437,2213,
2019-01-04,10000002,35,3.65,3.67,3.58,3131355408,1710,
2019-01-04,10000002,36,57.31,57.31,57.31,961798613,1550,
2019-01-04,10000002,37,16.43,16.43,16.41,212305615,1282,
2019-01-04,10000002,38,293.98,294.98,288.35,67153712,1247,
2019-01-04,10000002,39,507.91,508.98,492.01,36229604,1297,
2019-01-04,10000002,40,550.31,597.24,547.4,21205138,1099,
2019-01-04,10000002,11399,7700.27,7998.04,7700.22,1792225,433,
2019-01-05,10000002,34,4.64,4.64,4.64,15642673329,2351,
2019-01-05,10000002,35,3.66,3.66,3.66,3047801258,1716,
2019-01-05,10000002,36,57.28,57.28,57.28,1112675950,1634,
2019-01-05,10000002,37,16.38,16.4,16.21,247160548,1369,
2019-01-05,10000002,38,294.45,294.68,285.52,98564484,1332,
2019-01-05,10000002,39,508.95,508.97,508.8,36543312,1361,
2019-01-05,10000002,40,595.77,595.99,554.51,28469870,1231,
2019-01-05,10000002,11399,7702.17,7993.16,7702.03,2896284,491,
2019-01-06,10000002,34,4.66,4.67,4.64,15221133037,2388,
2019-01-06,10000002,35,3.67,3.67,3.67,5090862711,1780,
2019-01-06,10000002,36,55.4,58.16,54.6,1226652841,1619,
2019-01-06,10000002,37,17.07,17.07,17.07,460193855,1355,
2019-01-06,10000002,38,293.93,293.93,293.92,74873606,1266,
2019-01-06,10000002,39,508.85,508.88,474,34488648,1352,
2019-01-06,10000002,40,555.09,594.64,554.14,30368542,1200,
2019-01-06,10000002,11399,7992.99,7993.04,7711.4,6696626,517,
2019-01-07,10000002,34,4.62,4.71,4.54,10434980928,2002,
2019-01-07,10000002,35,3.61,3.69,3.53,2222812644,1511,
2019-01-07,10000002,36,57.64,58.05,55.05,765354487,1419,
2019-01-07,10000002,37,16.58,16.84,16.31,213118560,1128,
2019-01-07,10000002,38,298.98,299.83,285.53,77086172,1089,
2019-01-07,10000002,39,508.6,508.7,475.2,24937306,1201,
2019-01-07,10000002,40,565.17,583.5,559.3,17826487,1047,
2019-01-07,10000002,11399,7888.96,7888.98,7625.01,1795822,443,
2019-01-08,10000002,34,4.57,4.58,4.55,20403554663,1942,
2019-01-08,10000002,35,3.57,3.58,3.54,4872835243,1468,
2019-01-08,10000002,36,56.89,56.89,56.89,956662244,1415,
2019-01-08,10000002,37,16.54,16.55,16.53,484914606,1129,
2019-01-08,10000002,38,299.7,299.73,299.58,71571498,1107,
2019-01-08,10000002,39,513.95,513.95,513.95,70328812,1168,
2019-01-08,10000002,40,566,566.81,555.12,53487598,1034,
2019-01-08,10000002,11399,7888.99,7992.99,7879,1702390,417,
2019-01-09,10000002,34,4.68,4.71,4.59,14691995238,1855,
2019-01-09,10000002,35,3.56,3.58,3.55,2921701962,1442,
2019-01-09,10000002,36,59.67,59.69,57.53,777502792,1350,
2019-01-09,10000002,37,17.01,17.04,16.51,310340443,1095,
2019-01-09,10000002,38,290.99,299.98,285.45,85074274,1037,
2019-01-09,10000002,39,513.86,513.9,513.84,26112910,1098,
2019-01-09,10000002,40,565.93,565.93,565.93,83121005,968,
2019-01-09,10000002,11399,7694.12,7999.84,7694.1,3849376,392,
2019-01-10,10000002,34,4.64,4.65,4.64,8189865948,1724,
2019-01-10,10000002,35,3.79,3.84,3.55,1905401525,1322,
2019-01-10,10000002,36,59.14,59.25,57.18,585493109,1198,
2019-01-10,10000002,37,17.12,17.44,16.99,256637529,986,
2019-01-10,10000002,38,300.56,300.6,300.53,34837748,891,
2019-01-10,10000002,39,599.98,599.99,599.97,42414162,1011,
2019-01-10,10000002,40,554.02,570.88,554.02,17898220,879,
2019-01-10,10000002,11399,7999.96,7999.97,7999.88,2413859,437,
2019-01-11,10000002,34,4.65,4.69,4.62,21922127750,1988,
2019-01-11,10000002,35,3.81,3.85,3.78,2281537559,1541,
2019-01-11,10000002,36,59.67,59.81,59.26,668389878,1425,
2019-01-11,10000002,37,17.4,17.49,16.56,238748035,1151,
2019-01-11,10000002,38,300.45,300.45,300.44,56213187,1097,
2019-01-11,10000002,39,633.44,633.88,578.14,34054528,1118,
2019-01-11,10000002,40,572.96,574.78,547.53,21530634,971,
2019-01-11,10000002,11399,7997.86,7997.87,7997.8,1014939,441,
2019-01-12,10000002,34,4.66,4.78,4.54,18998738715,2385,
2019-01-12,10000002,35,3.75,3.77,3.59,3869758997,1757,
2019-01-12,10000002,36,55.56,59.25,55.56,1796171567,1681,
2019-01-12,10000002,37,17.39,17.46,16.99,408189530,1348,
2019-01-12,10000002,38,297.99,300.1,288.73,102137749,1258,
2019-01-12,10000002,39,593.3,602.81,591.21,43239555,1305,
2019-01-12,10000002,40,547.55,570.47,547.52,23831458,1144,
2019-01-12,10000002,11399,7897.96,7899,7800,1811677,499,
2019-01-13,10000002,34,4.75,4.77,4.67,12395055094,2396,
2019-01-13,10000002,35,3.7,3.82,3.64,3260649181,1764,
2019-01-13,10000002,36,59.83,59.87,59.66,870398827,1622,
2019-01-13,10000002,37,17.35,17.39,16.79,327704378,1368,
2019-01-13,10000002,38,300.5,300.5,300.5,137247955,1292,
2019-01-13,10000002,39,579,585.08,553.6,55469904,1307,
2019-01-13,10000002,40,570.22,570.4,547.52,37151018,1195,
2019-01-13,10000002,11399,7897.96,7897.96,7848.62,2767776,456,
2019-01-14,10000002,34,4.7,4.72,4.64,26414180194,2034,
2019-01-14,10000002,35,3.71,3.73,3.64,2724489207,1566,
2019-01-14,10000002,36,59.6,59.72,59,606063957,1387,
2019-01-14,10000002,37,16.99,17.28,16.78,168493123,1133,
2019-01-14,10000002,38,299.65,299.65,299.65,42546848,1002,
2019-01-14,10000002,39,583.49,583.77,583.4,23298495,1114,
2019-01-14,10000002,40,581,581.32,574.04,58534296,993,
2019-01-14,10000002,11399,7997.79,7997.79,7997.79,2689516,473,
2019-01-15,10000002,34,4.52,4.69,4.37,21183515000,1775,
2019-01-15,10000002,35,3.73,3.73,3.73,6264794495,1340,
2019-01-15,10000002,36,59.29,59.46,56.78,933527230,1231,
2019-01-15,10000002,37,16.79,17.27,16.78,216710368,1036,
2019-01-15,10000002,38,299.65,301.9,287.53,60037596,963,
2019-01-15,10000002,39,566.3,583.27,533.79,41162876,1012,
2019-01-15,10000002,40,570.37,598.65,544.68,35310805,929,
2019-01-15,10000002,11399,7996.99,7997.78,7900,1855408,393,
2019-01-16,10000002,34,4.65,4.68,4.63,9922065796,1892,
2019-01-16,10000002,35,3.71,3.71,3.7,2204410834,1442,
2019-01-16,10000002,36,58.93,58.93,58.93,743222762,1296,
2019-01-16,10000002,37,17.21,17.22,17.21,174417152,1034,
2019-01-16,10000002,38,302.96,303.87,300.99,42138110,995,
2019-01-16,10000002,39,542.67,550,542.57,32255542,1059,
2019-01-16,10000002,40,584,590,544.92,15745858,895,
2019-01-16,10000002,11399,7997.93,7999.97,7778.13,3655492,369,
2019-01-17,10000002,34,4.62,4.67,4.61,9681458520,1882,
2019-01-17,10000002,35,3.68,3.69,3.59,3126538988,1446,
2019-01-17,10000002,36,55.04,58.46,55.04,1064736849,1332,
2019-01-17,10000002,37,16.72,16.84,16.6,459291518,1106,
2019-01-17,10000002,38,290.57,302.92,287.4,78296761,1095,
2019-01-17,10000002,39,520.67,542.44,505.04,46962588,1127,
2019-01-17,10000002,40,584.07,584.16,550.21,16152167,982,
2019-01-17,10000002,11399,8008.88,8009.91,7800.74,1339244,358,
2019-01-18,10000002,34,4.68,4.73,4.49,15872997850,1839,
2019-01-18,10000002,35,3.67,3.68,3.49,2888957384,1369,
2019-01-18,10000002,36,58.93,58.93,58.93,679141925,1278,
2019-01-18,10000002,37,16.88,16.88,16.88,396940340,1077,
2019-01-18,10000002,38,302.68,302.69,302.55,74599287,987,
2019-01-18,10000002,39,542.35,542.37,539.98,31459896,1058,
2019-01-18,10000002,40,583,584.02,550.2,17511366,902,
2019-01-18,10000002,11399,8007.9,8007.98,7645.15,2161326,408,
2019-01-19,10000002,34,4.7,4.79,4.69,15462454415,2284,
2019-01-19,10000002,35,3.65,3.67,3.65,4330489226,1695,
2019-01-19,10000002,36,58.92,58.94,58.92,1857685454,1504,
2019-01-19,10000002,37,17.3,17.56,17.25,508930025,1282,
2019-01-19,10000002,38,302.93,302.93,302.92,92862455,1182,
2019-01-19,10000002,39,542.4,542.44,521.4,29422232,1246,
2019-01-19,10000002,40,545.44,569.97,545.31,33236596,1084,
2019-01-19,10000002,11399,7998,7998.92,7997.98,1217864,516,
2019-01-20,10000002,34,4.74,4.76,4.65,9561012181,2432,
2019-01-20,10000002,35,3.71,3.73,3.7,2508831590,1835,
2019-01-20,10000002,36,62.6,62.87,59.19,801424400,1678,
2019-01-20,10000002,37,17.71,17.72,16.98,169839676,1362,
2019-01-20,10000002,38,304.87,304.88,304.85,58274389,1341,
2019-01-20,10000002,39,541.4,541.41,540.49,30154178,1368,
2019-01-20,10000002,40,569.76,569.84,545.45,17365279,1169,
2019-01-20,10000002,11399,7996.95,7998.91,7802.01,2647606,431,
2019-01-21,10000002,34,4.72,4.74,4.67,7167201601,2043,
2019-01-21,10000002,35,3.66,3.77,3.51,2807622370,1563,
2019-01-21,10000002,36,61.71,62.27,59.36,730876861,1341,
2019-01-21,10000002,37,17.53,17.63,17,221775130,1133,
2019-01-21,10000002,38,304.8,304.86,294.47,49421221,1079,
2019-01-21,10000002,39,539.94,539.96,506.67,36466297,1204,
2019-01-21,10000002,40,545.47,563.97,545.45,23167475,995,
2019-01-21,10000002,11399,8005,8007.96,7800.47,2775758,472,
2019-01-22,10000002,34,4.53,4.66,4.45,17377769460,1938,
2019-01-22,10000002,35,3.66,3.67,3.6,3505674870,1502,
2019-01-22,10000002,36,61.48,61.52,59.52,931335619,1343,
2019-01-22,10000002,37,17.46,17.48,17,267134590,1079,
2019-01-22,10000002,38,304.65,304.74,290.46,60210438,1056,
2019-01-22,10000002,39,534.9,539.9,507.19,34348415,1088,
2019-01-22,10000002,40,545.31,549.99,544.82,35058354,955,
2019-01-22,10000002,11399,7642.31,8002.96,7642.25,3119168,377,
2019-01-23,10000002,34,4.56,4.65,4.37,15086960295,2091,
2019-01-23,10000002,35,3.58,3.64,3.52,4262234173,1632,
2019-01-23,10000002,36,61.41,61.48,61.3,789162394,1501,
2019-01-23,10000002,37,17.47,17.51,16.98,228650473,1196,
2019-01-23,10000002,38,304.58,304.6,301.95,67543066,1209,
2019-01-23,10000002,39,539.85,539.88,535,30070441,1219,
2019-01-23,10000002,40,556.96,557.4,544.01,21566859,1111,
2019-01-23,10000002,11399,8001,8002.74,7711.44,1394734,432,
2019-01-24,10000002,34,4.62,4.63,4.6,15800914921,2049,
2019-01-24,10000002,35,3.57,3.57,3.57,4444995721,1680,
2019-01-24,10000002,36,61.3,61.31,60.31,688037525,1513,
2019-01-24,10000002,37,17.45,17.46,16.76,121615621,1223,
2019-01-24,10000002,38,301.87,304.33,290.36,43704853,1162,
2019-01-24,10000002,39,538.82,539.8,506.51,26936091,1204,
2019-01-24,10000002,40,553.9,553.99,501.22,26243564,1077,
2019-01-24,10000002,11399,7998.99,8000,7998.89,1235082,459,
2019-01-25,10000002,34,4.33,4.53,4.31,14955511973,1985,
2019-01-25,10000002,35,3.75,3.76,3.7,1828312787,1541,
2019-01-25,10000002,36,56.48,56.93,55.84,1271107388,1402,
2019-01-25,10000002,37,17.27,17.4,17.11,118984505,1105,
2019-01-25,10000002,38,290.38,304.05,289.5,61749589,1123,
2019-01-25,10000002,39,539.05,539.4,500.13,19317156,1078,
2019-01-25,10000002,40,553.66,553.68,553.61,28963332,985,
2019-01-25,10000002,11399,7993.85,7994.99,7710.28,1152499,369,
2019-01-26,10000002,34,4.51,4.51,4.5,15856253398,2414,
2019-01-26,10000002,35,3.7,3.71,3.58,3733005123,1840,
2019-01-26,10000002,36,60.83,60.85,60.26,799699729,1562,
2019-01-26,10000002,37,16.98,17.05,16.84,876615260,1408,
2019-01-26,10000002,38,303.82,303.85,303.49,58617275,1293,
2019-01-26,10000002,39,537.95,538.17,513.85,33480319,1348,
2019-01-26,10000002,40,568.52,568.52,568.52,45122931,1226,
2019-01-26,10000002,11399,7989.97,7992.46,7989.71,1855973,430,
2019-01-27,10000002,34,4.54,4.64,4.36,29285932575,2491,
2019-01-27,10000002,35,3.7,3.73,3.5,5004733377,1895,
2019-01-27,10000002,36,60,60.53,57.1,1405214567,1678,
2019-01-27,10000002,37,17.36,17.63,17,247411724,1344,
2019-01-27,10000002,38,288.3,300.95,285.09,124107523,1267,
2019-01-27,10000002,39,536.75,538,508,70075158,1356,
2019-01-27,10000002,40,550.4,567.71,531.59,20784143,1184,
2019-01-27,10000002,11399,7777.38,7974.26,7777.01,2204092,482,
2019-01-28,10000002,34,4.39,4.39,4.38,20582333924,2031,
2019-01-28,10000002,35,3.45,3.45,3.45,4431398078,1584,
2019-01-28,10000002,36,59.49,59.82,56.66,787554231,1369,
2019-01-28,10000002,37,16.53,16.53,16.53,477993153,1144,
2019-01-28,10000002,38,296.69,300.72,283.71,76222791,1128,
2019-01-28,10000002,39,498.46,536.59,497.42,41896610,1113,
2019-01-28,10000002,40,531.01,566.92,530.7,24222751,985,
2019-01-28,10000002,11399,7863.86,7863.99,7590.04,2775286,409,
2019-01-29,10000002,34,4.43,4.44,4.42,6725718595,1967,
2019-01-29,10000002,35,3.68,3.68,3.68,4130346292,1629,
2019-01-29,10000002,36,56.6,58.83,56.6,920570794,1394,
2019-01-29,10000002,37,17.22,17.22,17.2,232094648,1199,
2019-01-29,10000002,38,294.53,296.65,267.04,65331365,1146,
2019-01-29,10000002,39,533.95,534.98,533.71,33538212,1166,
2019-01-29,10000002,40,564.15,566,538.05,14244247,1036,
2019-01-29,10000002,11399,7842.3,7863.83,7478.55,3016847,410,
2019-01-30,10000002,34,4.5,4.6,4.49,8823678721,1868,
2019-01-30,10000002,35,3.78,3.86,3.7,2577348241,1474,
2019-01-30,10000002,36,58.79,58.8,58.7,704480311,1326,
2019-01-30,10000002,37,16.55,16.57,16.54,368092857,1099,
2019-01-30,10000002,38,289.38,289.43,284.99,47166802,1028,
2019-01-30,10000002,39,531.96,533.5,510.1,21720680,1059,
2019-01-30,10000002,40,538.15,549.79,533.69,15733971,968,
2019-01-30,10000002,11399,7471.54,7839.76,7463.8,2088558,320,
2019-01-31,10000002,34,4.55,4.58,4.5,10949992475,2004,
2019-01-31,10000002,35,3.72,3.84,3.69,2946585436,1603,
2019-01-31,10000002,36,58.78,58.79,58.77,855629395,1406,
2019-01-31,10000002,37,16.56,17.16,16.5,233538175,1145,
2019-01-31,10000002,38,289.3,289.81,278.26,54103747,1155,
2019-01-31,10000002,39,531.76,531.93,517.48,43288673,1153,
2019-01-31,10000002,40,522.05,533.56,520.1,26234183,1022,
2019-01-31,10000002,11399,7838.59,7838.9,7836.99,1602725,385,
2019-02-01,10000002,34,4.52,4.53,4.51,12213047965,2001,
2019-02-01,10000002,35,3.77,3.78,3.74,2757139520,1544,
2019-02-01,10000002,36,58.66,58.76,58.6,765019289,1345,
2019-02-01,10000002,37,17.01,17.14,16.56,383314057,1127,
2019-02-01,10000002,38,289.29,289.34,289.27,60005884,1020,
2019-02-01,10000002,39,530.88,531.71,505.46,42776042,1135,
2019-02-01,10000002,40,520.03,521.92,519.01,36947506,961,
2019-02-01,10000002,11399,7620.02,7829.97,7464,2983892,393,
2019-02-02,10000002,34,4.5,4.52,4.47,12852234968,2359,
2019-02-02,10000002,35,3.78,3.8,3.73,3699827237,1864,
2019-02-02,10000002,36,58.27,58.52,58.1,675794611,1601,
2019-02-02,10000002,37,17.21,17.25,16.56,268643144,1374,
2019-02-02,10000002,38,289.29,289.3,289.24,64896937,1336,
2019-02-02,10000002,39,530.84,530.86,506.04,39410584,1328,
2019-02-02,10000002,40,510.15,547.39,503.45,21772669,1226,
2019-02-02,10000002,11399,7605.02,7827.87,7463.69,3561347,477,
2019-02-03,10000002,34,4.5,4.5,4.5,11966550109,2533,
2019-02-03,10000002,35,3.77,3.77,3.77,3750389639,1971,
2019-02-03,10000002,36,57.91,57.92,57.82,1138623892,1738,
2019-02-03,10000002,37,17.22,17.24,17.21,297427201,1480,
2019-02-03,10000002,38,289.15,289.16,289.1,71004368,1396,
2019-02-03,10000002,39,530.61,530.68,506.09,44213435,1472,
2019-02-03,10000002,40,544.71,544.78,512.35,23085690,1204,
2019-02-03,10000002,11399,7786.84,7786.86,7607.21,3094204,465,
2019-02-04,10000002,34,4.46,4.47,4.46,8272664467,2104,
2019-02-04,10000002,35,3.86,3.86,3.8,2449854993,1645,
2019-02-04,10000002,36,56.94,56.94,56.94,1104886582,1418,
2019-02-04,10000002,37,17.18,17.26,16.85,266202322,1142,
2019-02-04,10000002,38,289.09,289.09,289.09,72153933,1075,
2019-02-04,10000002,39,529.18,530.61,502.37,51197867,1219,
2019-02-04,10000002,40,512.3,539.9,512.25,30722034,1039,
2019-02-04,10000002,11399,7785.79,7785.83,7250,2082488,439,
2019-02-05,10000002,34,4.47,4.48,4.47,13827323330,1843,
2019-02-05,10000002,35,3.9,3.94,3.87,2640959729,1447,
2019-02-05,10000002,36,57.84,57.84,57.84,765237424,1306,
2019-02-05,10000002,37,17.2,17.32,17.18,215886841,1097,
2019-02-05,10000002,38,289.33,299.99,285,58516658,1044,
2019-02-05,10000002,39,520.38,529.81,502.33,39050338,1074,
2019-02-05,10000002,40,520.09,538.55,504.53,27972582,987,
2019-02-05,10000002,11399,7785.74,7785.77,7785.72,2428016,415,
2019-02-06,10000002,34,4.56,4.56,4.55,9771790951,2004,
2019-02-06,10000002,35,3.89,3.9,3.89,2254592152,1510,
2019-02-06,10000002,36,57.72,57.72,57.71,807339633,1354,
2019-02-06,10000002,37,16.88,17.61,16.86,220056052,1145,
2019-02-06,10000002,38,299.99,300.54,288,70147247,1109,
2019-02-06,10000002,39,529.29,529.32,503.79,35511231,1134,
2019-02-06,10000002,40,507.12,537.87,504.73,24847744,1078,
2019-02-06,10000002,11399,7420.24,7780.98,7211.11,3483622,421,
2019-02-07,10000002,34,4.55,4.56,4.53,7653642487,1825,
2019-02-07,10000002,35,3.89,3.9,3.85,2234636045,1442,
2019-02-07,10000002,36,57.7,57.71,56.02,677553095,1236,
2019-02-07,10000002,37,17.16,17.55,16.85,276374804,1047,
2019-02-07,10000002,38,298.95,299.83,286.34,55278943,988,
2019-02-07,10000002,39,528.97,529.18,502.76,32901026,1040,
2019-02-07,10000002,40,531.84,535.9,504.78,15781821,859,
2019-02-07,10000002,11399,7775.85,7777,7775.8,2300720,409,
2019-02-08,10000002,34,4.53,4.53,4.52,9942179299,1887,
2019-02-08,10000002,35,3.86,3.87,3.84,3454472306,1516,
2019-02-08,10000002,36,57.64,57.64,57.63,791348295,1276,
2019-02-08,10000002,37,16.88,17.49,16.88,182851271,1053,
2019-02-08,10000002,38,298.79,298.87,298.79,66279518,1021,
2019-02-08,10000002,39,519.9,519.98,518.78,29932853,1046,
2019-02-08,10000002,40,529.87,530.74,504.1,17089416,947,
2019-02-08,10000002,11399,7774.97,7774.99,7774.9,1963660,399,
2019-02-09,10000002,34,4.52,4.52,4.52,10678776786,2194,
2019-02-09,10000002,35,3.87,3.87,3.87,2540744716,1669,
2019-02-09,10000002,36,57.64,57.68,57.47,1131557575,1489,
2019-02-09,10000002,37,17.41,17.45,16.94,226730576,1199,
2019-02-09,10000002,38,302.95,302.95,302.94,86890204,1194,
2019-02-09,10000002,39,527.95,528.87,502.77,31842928,1201,
2019-02-09,10000002,40,529.52,529.6,480.54,16578490,1042,
2019-02-09,10000002,11399,7774,7779.93,7662,6262256,499,
2019-02-10,10000002,34,4.49,4.5,4.47,12416890287,2318,
2019-02-10,10000002,35,3.92,3.94,3.9,2853464962,1822,
2019-02-10,10000002,36,57.67,58.38,56.9,737073528,1588,
2019-02-10,10000002,37,16.96,17.32,16.88,514811780,1393,
2019-02-10,10000002,38,304.27,304.29,286.3,72364252,1287,
2019-02-10,10000002,39,490.47,527.08,490,52881232,1362,
2019-02-10,10000002,40,490.68,527,490.51,23893887,1189,
2019-02-10,10000002,11399,7779,7780,7608.28,2053778,454,
2019-02-11,10000002,34,4.42,4.46,4.36,20046242803,1963,
2019-02-11,10000002,35,3.92,3.94,3.8,1950308342,1502,
2019-02-11,10000002,36,60.81,60.99,58.8,778729621,1333,
2019-02-11,10000002,37,17.32,17.57,17.23,301111196,1098,
2019-02-11,10000002,38,304.46,304.48,304.43,89469172,1027,
2019-02-11,10000002,39,487.68,526.45,487.61,36022892,1105,
2019-02-11,10000002,40,500.17,518.83,480.72,18602104,955,
2019-02-11,10000002,11399,7779.89,7779.92,7779.89,1264116,333,
2019-02-12,10000002,34,4.55,4.58,4.35,8256032214,1838,
2019-02-12,10000002,35,3.76,3.86,3.74,3160876762,1444,
2019-02-12,10000002,36,60.92,60.96,57.77,763128505,1324,
2019-02-12,10000002,37,17.01,17.44,16.54,370506619,1049,
2019-02-12,10000002,38,308.82,311.87,300.96,64481024,1019,
2019-02-12,10000002,39,525.28,525.79,487.66,33042690,1023,
2019-02-12,10000002,40,481.09,516.52,480.98,35052486,946,
2019-02-12,10000002,11399,7779,7779,7779,1811960,497,
2019-02-13,10000002,34,4.5,4.53,4.49,10695305619,1791,
2019-02-13,10000002,35,3.92,3.95,3.88,2116666391,1400,
2019-02-13,10000002,36,60,60.91,60,652815284,1186,
2019-02-13,10000002,37,16.97,16.97,16.97,1523710553,1052,
2019-02-13,10000002,38,308.34,308.57,306,52353445,974,
2019-02-13,10000002,39,521.49,521.96,510,25038701,1023,
2019-02-13,10000002,40,516.56,516.56,516.56,67851710,927,
2019-02-13,10000002,11399,7777.73,7778,7612,2538236,426,
2019-02-14,10000002,34,4.45,4.46,4.44,12243783782,1759,
2019-02-14,10000002,35,3.81,3.81,3.8,2338890718,1340,
2019-02-14,10000002,36,59.04,60.63,56.91,1245300518,1228,
2019-02-14,10000002,37,17.11,17.11,17.11,427364112,1023,
2019-02-14,10000002,38,308.11,308.45,307.98,60595160,958,
2019-02-14,10000002,39,519.02,519.49,499.07,20573900,959,
2019-02-14,10000002,40,509,509.96,509,20832631,898,
2019-02-14,10000002,11399,7778,7778,7778,1342851,397,
2019-02-15,10000002,34,4.41,4.54,4.26,16282382025,2042,
2019-02-15,10000002,35,3.77,3.77,3.77,2224974050,1539,
2019-02-15,10000002,36,56.93,59.9,55,1281578724,1467,
2019-02-15,10000002,37,16.58,16.76,16.57,420401504,1189,
2019-02-15,10000002,38,307.81,307.84,304.97,49497934,1137,
2019-02-15,10000002,39,507.48,518,492.22,46581379,1209,
2019-02-15,10000002,40,516,516.07,508.96,13425305,1023,
2019-02-15,10000002,11399,7777.99,7778,7701.01,1787275,420,
2019-02-16,10000002,34,4.49,4.5,4.36,10024162362,2039,
2019-02-16,10000002,35,3.71,3.71,3.7,2301907543,1560,
2019-02-16,10000002,36,56.1,59.34,55,1054628149,1392,
2019-02-16,10000002,37,16.68,16.7,16.56,509023986,1165,
2019-02-16,10000002,38,304.86,307.06,292.88,67393193,1033,
2019-02-16,10000002,39,517.31,517.36,517.19,27608945,1136,
2019-02-16,10000002,40,499.98,508.9,485.94,25296739,1016,
2019-02-16,10000002,11399,7777.8,7777.98,7500,2878314,478,
2019-02-17,10000002,34,4.49,4.49,4.48,10710477857,2307,
2019-02-17,10000002,35,3.69,3.7,3.54,5634735975,1756,
2019-02-17,10000002,36,55,58.86,53.04,1463096223,1597,
2019-02-17,10000002,37,16.53,16.72,16.06,532729926,1330,
2019-02-17,10000002,38,306.77,306.87,293.32,83514213,1200,
2019-02-17,10000002,39,516.67,516.75,500.99,45516278,1250,
2019-02-17,10000002,40,507.62,507.68,484.69,24893929,1132,
2019-02-17,10000002,11399,7778,7778,7778,2540625,453,
2019-02-18,10000002,34,4.48,4.49,4.48,7560122366,1916,
2019-02-18,10000002,35,3.58,3.79,3.58,4722242870,1498,
2019-02-18,10000002,36,58.38,58.61,54.55,728538817,1321,
2019-02-18,10000002,37,16.06,16.07,16.06,431062601,1116,
2019-02-18,10000002,38,295.05,306.63,293.44,52727741,1008,
2019-02-18,10000002,39,494.42,516.46,494.28,48052900,1094,
2019-02-18,10000002,40,484.43,506.87,482,32279905,1007,
2019-02-18,10000002,11399,7777.98,7777.99,7600.01,1958094,394,
2019-02-19,10000002,34,4.5,4.5,4.5,11606457726,1780,
2019-02-19,10000002,35,3.9,3.93,3.54,3359751453,1351,
2019-02-19,10000002,36,55.26,58.37,54.81,1236431088,1243,
2019-02-19,10000002,37,16,16.26,15.3,380117381,1032,
2019-02-19,10000002,38,292.71,304.77,286.37,80029320,928,
2019-02-19,10000002,39,488.31,512.91,488.01,40100448,1029,
2019-02-19,10000002,40,504.99,506.99,480.85,25835200,906,
2019-02-19,10000002,11399,7776.97,7777.84,7210.08,1258174,372,
2019-02-20,10000002,34,4.51,4.51,4.51,9131904350,1928,
2019-02-20,10000002,35,3.94,3.95,3.92,2802303794,1509,
2019-02-20,10000002,36,58.1,58.35,58.07,898030630,1426,
2019-02-20,10000002,37,16.84,17.13,15.68,190283284,1139,
2019-02-20,10000002,38,304.66,304.77,299.99,48814860,1064,
2019-02-20,10000002,39,507,507.97,506.97,31655898,1137,
2019-02-20,10000002,40,504.98,507,500,13517068,986,
2019-02-20,10000002,11399,7762.98,7765.55,7240.62,1992723,469,
2019-02-21,10000002,34,4.56,4.56,4.55,7924064905,1770,
2019-02-21,10000002,35,3.85,3.88,3.72,2599261070,1375,
2019-02-21,10000002,36,58.02,58.16,55.32,736741355,1241,
2019-02-21,10000002,37,15.83,16.81,15.72,280994183,1066,
2019-02-21,10000002,38,301.7,301.97,289.02,45928302,963,
2019-02-21,10000002,39,506.47,506.91,487.32,26973919,1051,
2019-02-21,10000002,40,508.87,514.59,481.03,13258660,939,
2019-02-21,10000002,11399,7762,7762.98,7761.99,1650996,371,
2019-02-22,10000002,34,4.55,4.57,4.39,9203572918,1794,
2019-02-22,10000002,35,3.9,3.95,3.87,1695570226,1352,
2019-02-22,10000002,36,57.67,57.95,55.39,312638503,1131,
2019-02-22,10000002,37,15.96,16.19,15.89,198774967,985,
2019-02-22,10000002,38,301.37,301.44,294,27250197,906,
2019-02-22,10000002,39,506.75,506.82,481.2,27964574,987,
2019-02-22,10000002,40,507.62,514.66,481.1,21249656,849,
2019-02-22,10000002,11399,7776.92,7776.92,7776.92,1297127,349,
2019-02-23,10000002,34,4.51,4.54,4.39,4378575573,1726,
2019-02-23,10000002,35,3.93,3.95,3.86,1783362135,1229,
2019-02-23,10000002,36,57.56,57.57,57.38,309495645,1059,
2019-02-23,10000002,37,16.5,17.04,16.49,107369188,928,
2019-02-23,10000002,38,301.23,301.25,294,28176595,855,
2019-02-23,10000002,39,506.63,506.7,506.6,16461681,900,
2019-02-23,10000002,40,514.54,514.56,514,8714935,775,
2019-02-23,10000002,11399,7777.99,7778,7368.47,1028376,305,
2019-02-24,10000002,34,4.49,4.5,4.41,7772036233,1697,
2019-02-24,10000002,35,3.93,3.95,3.92,1768307727,1213,
2019-02-24,10000002,36,57.3,57.3,57.3,452617919,1053,
2019-02-24,10000002,37,16.69,16.75,15.94,119253621,949,
2019-02-24,10000002,38,301.05,301.06,301,34716348,788,
2019-02-24,10000002,39,506.3,506.42,481.58,15663470,889,
2019-02-24,10000002,40,513.77,513.9,513.75,8725096,787,
2019-02-24,10000002,11399,7778,7778,7778,468928,300,
2019-02-25,10000002,34,4.51,4.66,4.5,19607244392,1915,
2019-02-25,10000002,35,3.95,3.95,3.95,2196657730,1461,
2019-02-25,10000002,36,57.3,57.31,55.55,794692557,1349,
2019-02-25,10000002,37,16.18,16.84,16.16,259834404,1106,
2019-02-25,10000002,38,300,301,289.37,39078446,1050,
2019-02-25,10000002,39,506.23,506.26,506.2,20194561,1141,
2019-02-25,10000002,40,481.8,513.97,481.72,15177482,1037,
2019-02-25,10000002,11399,7780,7780,7780,1744899,384,
2019-02-26,10000002,34,4.51,4.51,4.5,12176709444,1862,
2019-02-26,10000002,35,3.9,3.9,3.9,2411217938,1387,
2019-02-26,10000002,36,57.25,57.26,57.24,737106885,1286,
2019-02-26,10000002,37,17,17.01,16.95,200262928,1088,
2019-02-26,10000002,38,300.98,300.99,300.78,53017194,983,
2019-02-26,10000002,39,505.95,505.99,505.93,30154172,1138,
2019-02-26,10000002,40,511.94,512.73,482.05,13163389,993,
2019-02-26,10000002,11399,7680.04,7827.93,7368.99,3058434,457,
2019-02-27,10000002,34,4.55,4.68,4.5,12510633703,1926,
2019-02-27,10000002,35,3.92,3.94,3.76,2233922586,1470,
2019-02-27,10000002,36,57.26,59,55.45,748976471,1364,
2019-02-27,10000002,37,17.06,17.06,16.97,483815216,1130,
2019-02-27,10000002,38,300.99,300.99,300.99,90138547,1011,
2019-02-27,10000002,39,504,504.99,486.17,27989850,1139,
2019-02-27,10000002,40,511.9,511.92,507,37441826,983,
2019-02-27,10000002,11399,7779,7827.8,7699.95,1690680,378,
2019-02-28,10000002,34,4.7,4.72,4.57,10186610247,1839,
2019-02-28,10000002,35,3.9,3.92,3.88,4292121921,1430,
2019-02-28,10000002,36,59.11,59.13,58.92,588723100,1267,
2019-02-28,10000002,37,17.22,17.23,17.2,193207502,1108,
2019-02-28,10000002,38,301.98,302,290.66,43992914,1000,
2019-02-28,10000002,39,506.2,506.21,506.19,33066829,1038,
2019-02-28,10000002,40,507,507,507,32688635,963,
2019-02-28,10000002,11399,7674.99,7694.51,7301.19,3606856,413,
2019-03-01,10000002,34,4.68,4.69,4.63,8037953185,1859,
2019-03-01,10000002,35,3.92,3.95,3.89,2459904210,1494,
2019-03-01,10000002,36,58.97,59.09,58.92,639245390,1303,
2019-03-01,10000002,37,16.64,16.7,16.59,353468896,1090,
2019-03-01,10000002,38,290.69,290.84,290.69,118150489,1050,
2019-03-01,10000002,39,506.21,506.22,504.98,37893026,1065,
2019-03-01,10000002,40,507,507,507,43872507,1018,
2019-03-01,10000002,11399,7254.15,7693.83,7253.44,2019652,405,
2019-03-02,10000002,34,4.68,4.71,4.37,24025290363,2174,
2019-03-02,10000002,35,3.95,3.96,3.93,3719606927,1595,
2019-03-02,10000002,36,59.06,61.32,55.52,1613701398,1431,
2019-03-02,10000002,37,17.12,17.12,17.12,2206626223,1227,
2019-03-02,10000002,38,306.92,312.85,288.52,106088439,1152,
2019-03-02,10000002,39,506.19,506.22,490.8,38079702,1216,
2019-03-02,10000002,40,510,510.93,488.45,24520524,1058,
2019-03-02,10000002,11399,7666.93,7669.28,7255.75,2928002,478,
2019-03-03,10000002,34,4.76,4.84,4.53,11413654749,2241,
2019-03-03,10000002,35,3.92,3.92,3.91,3068106394,1736,
2019-03-03,10000002,36,60.98,61.2,59.2,793510457,1504,
2019-03-03,10000002,37,17.25,19.4,17.18,370561391,1256,
2019-03-03,10000002,38,314,314.5,310,67267796,1180,
2019-03-03,10000002,39,506,515.99,505.98,29780849,1199,
2019-03-03,10000002,40,508.71,510.9,508.69,20573872,1117,
2019-03-03,10000002,11399,7594.59,7600,7594.42,2696577,438,
2019-03-04,10000002,34,4.65,4.66,4.47,10546413188,1815,
2019-03-04,10000002,35,3.83,3.87,3.82,2610582615,1421,
2019-03-04,10000002,36,59.1,59.19,58.02,937582145,1287,
2019-03-04,10000002,37,17.53,17.54,17.53,199956558,1031,
2019-03-04,10000002,38,313.85,313.98,295.01,59352120,999,
2019-03-04,10000002,39,491.3,515.9,490.76,33949605,1072,
2019-03-04,10000002,40,506,508.58,489.24,18527255,937,
2019-03-04,10000002,11399,7420.89,7578.96,7257.3,2397606,398,
2019-03-05,10000002,34,4.63,4.73,4.41,13912196420,1720,
2019-03-05,10000002,35,3.84,3.84,3.84,3015376528,1310,
2019-03-05,10000002,36,59.16,61.3,57.61,1090506827,1177,
2019-03-05,10000002,37,17.83,18.64,17.55,314618474,930,
2019-03-05,10000002,38,313.89,313.91,310,64997480,910,
2019-03-05,10000002,39,515,515.81,491.42,24995488,926,
2019-03-05,10000002,40,508.55,508.55,508.53,16846799,840,
2019-03-05,10000002,11399,7420.75,7420.75,7420.72,1971625,405,
2019-03-06,10000002,34,4.65,4.67,4.57,7690307477,1709,
2019-03-06,10000002,35,3.83,3.85,3.81,2254505774,1349,
2019-03-06,10000002,36,61,61.1,57.44,588670771,1164,
2019-03-06,10000002,37,18.43,18.61,17.88,160056619,969,
2019-03-06,10000002,38,313.65,313.79,301,45716705,921,
2019-03-06,10000002,39,513.63,513.64,513.63,23215779,958,
2019-03-06,10000002,40,500,507,489.27,16935940,858,
2019-03-06,10000002,11399,7257.94,7420.6,7257.35,2832130,368,
2019-03-07,10000002,34,4.5,4.55,4.45,8603051332,1739,
2019-03-07,10000002,35,3.9,3.92,3.84,3233588565,1335,
2019-03-07,10000002,36,59,60.49,56.75,727110673,1232,
2019-03-07,10000002,37,18.29,18.37,17.85,242961672,972,
2019-03-07,10000002,38,313.3,313.37,299,55064040,933,
2019-03-07,10000002,39,513.43,513.55,496,20099321,1010,
2019-03-07,10000002,40,510.93,510.93,510.93,60171965,873,
2019-03-07,10000002,11399,7420.61,7500,7420.58,1270970,356,
2019-03-08,10000002,34,4.48,4.49,4.41,11304440788,1939,
2019-03-08,10000002,35,3.82,3.9,3.74,2545598495,1481,
2019-03-08,10000002,36,60.26,60.28,60.23,861802071,1323,
2019-03-08,10000002,37,18.18,18.2,17.93,289457901,1091,
2019-03-08,10000002,38,307.07,312.87,291,66792104,1012,
2019-03-08,10000002,39,512.75,513.27,483.22,40704308,1067,
2019-03-08,10000002,40,508.01,510.9,477.02,29442204,981,
2019-03-08,10000002,11399,7659.14,7659.15,7647.99,1196054,315,
2019-03-09,10000002,34,4.51,4.53,4.5,10534952029,2229,
2019-03-09,10000002,35,3.77,3.77,3.77,3057130344,1728,
2019-03-09,10000002,36,58.99,60,56.17,973800902,1483,
2019-03-09,10000002,37,18,18,18,414128743,1238,
2019-03-09,10000002,38,301.44,301.49,301.19,74834171,1177,
2019-03-09,10000002,39,511.82,511.84,500,29468354,1193,
2019-03-09,10000002,40,503.73,503.73,484.05,15249503,1087,
2019-03-09,10000002,11399,7645.93,7645.96,7599,1207345,456,
2019-03-10,10000002,34,4.59,4.65,4.54,10702929006,2346,
2019-03-10,10000002,35,3.7,3.72,3.59,2500751010,1835,
2019-03-10,10000002,36,57.93,58.65,56.44,885940130,1613,
2019-03-10,10000002,37,18.02,18.02,18.02,579416564,1396,
2019-03-10,10000002,38,301,301.15,300.98,49732807,1281,
2019-03-10,10000002,39,511.71,511.75,495.02,21704161,1387,
2019-03-10,10000002,40,502.94,502.96,502.86,16679670,1254,
2019-03-10,10000002,11399,7645.9,7645.92,7340.4,2355529,490,
2019-03-11,10000002,34,4.51,4.52,4.5,13874811438,2046,
2019-03-11,10000002,35,3.61,3.61,3.6,3022094862,1571,
2019-03-11,10000002,36,57.9,57.92,57.03,759640580,1313,
2019-03-11,10000002,37,18.06,18.69,18.05,433155126,1085,
2019-03-11,10000002,38,300.69,300.77,295,61456588,1042,
2019-03-11,10000002,39,510.8,510.98,508.81,27411535,1116,
2019-03-11,10000002,40,501.89,501.96,484.48,18089977,950,
2019-03-11,10000002,11399,7585.01,8034.97,7575.27,2578807,444,
2019-03-12,10000002,34,4.59,4.63,4.52,11250052347,1991,
2019-03-12,10000002,35,3.62,3.62,3.62,2888283800,1440,
2019-03-12,10000002,36,57.92,57.92,57.92,855415010,1279,
2019-03-12,10000002,37,18.6,18.74,18.5,716543562,1113,
2019-03-12,10000002,38,300.77,300.79,287.18,130638590,1000,
2019-03-12,10000002,39,510.78,510.79,499,36434678,1103,
2019-03-12,10000002,40,487.09,501.9,443.02,39155683,992,
2019-03-12,10000002,11399,8014.99,8034.85,7600,6601486,371,
2019-03-13,10000002,34,4.61,4.62,4.6,11554442328,1874,
2019-03-13,10000002,35,3.84,3.95,3.62,2717331900,1428,
2019-03-13,10000002,36,57.9,57.91,57.48,868033198,1277,
2019-03-13,10000002,37,19.44,19.5,19.39,468903381,1077,
2019-03-13,10000002,38,301.34,312.13,299.98,73846297,1001,
2019-03-13,10000002,39,510.71,510.74,510.71,37497629,1034,
2019-03-13,10000002,40,497.75,497.79,497.68,16982768,915,
2019-03-13,10000002,11399,7605.95,7880,7600.03,3301895,380,
2019-03-14,10000002,34,4.57,4.61,4.52,9022306041,1791,
2019-03-14,10000002,35,3.88,3.94,3.86,2493007301,1393,
2019-03-14,10000002,36,57.87,57.87,57.86,629504270,1214,
2019-03-14,10000002,37,19.39,19.64,18.8,185907435,1019,
2019-03-14,10000002,38,311.98,312.07,311.65,50883688,967,
2019-03-14,10000002,39,510.69,510.69,510.67,43587569,1027,
2019-03-14,10000002,40,497.98,497.98,497.98,22759391,922,
2019-03-14,10000002,11399,8014.96,8050,7879.99,2937673,402,
2019-03-15,10000002,34,4.46,4.52,4.42,28433444086,1790,
2019-03-15,10000002,35,3.81,3.86,3.79,3453382965,1355,
2019-03-15,10000002,36,58.69,58.95,56.46,607255872,1199,
2019-03-15,10000002,37,18.81,19.25,18.8,468797814,1039,
2019-03-15,10000002,38,309.87,311.53,304.38,42297156,944,
2019-03-15,10000002,39,510.68,510.69,497.06,24613356,996,
2019-03-15,10000002,40,511,526.98,505,53116607,888,
2019-03-15,10000002,11399,8013.98,8013.98,8013.98,1621949,417,
2019-03-16,10000002,34,4.66,4.68,4.5,7340215956,2095,
2019-03-16,10000002,35,3.8,3.8,3.79,2134321326,1588,
2019-03-16,10000002,36,58.74,58.89,57.39,798366581,1431,
2019-03-16,10000002,37,18.8,18.8,18.8,827517304,1222,
2019-03-16,10000002,38,299.99,308.97,292,44187097,1140,
2019-03-16,10000002,39,483.17,509.89,483,34131430,1246,
2019-03-16,10000002,40,483.02,532.73,482.79,30719226,1096,
2019-03-16,10000002,11399,7678,8198.8,7500,3929200,484,
2019-03-17,10000002,34,4.5,4.53,4.38,18613678913,2442,
2019-03-17,10000002,35,3.72,3.74,3.63,3235463255,1829,
2019-03-17,10000002,36,57.9,58.58,56.59,889469043,1612,
2019-03-17,10000002,37,18.52,19.09,18.51,384176726,1399,
2019-03-17,10000002,38,307.13,307.96,304.35,45793278,1237,
2019-03-17,10000002,39,509.55,509.58,496.43,40989664,1306,
2019-03-17,10000002,40,508.79,518.92,500,25331987,1143,
2019-03-17,10000002,11399,7600.27,8198.88,7586.4,3099923,440,
2019-03-18,10000002,34,4.49,4.5,4.47,12930050360,2056,
2019-03-18,10000002,35,3.63,3.66,3.61,2042174288,1633,
2019-03-18,10000002,36,57.47,57.48,57.24,895506145,1420,
2019-03-18,10000002,37,17.81,17.85,17.8,345107458,1235,
2019-03-18,10000002,38,304.65,304.86,292.81,82744541,1142,
2019-03-18,10000002,39,508.96,508.99,498.01,42318388,1162,
2019-03-18,10000002,40,506,514.72,505,20481305,1040,
2019-03-18,10000002,11399,8196.89,8196.99,8196.87,2548387,391,
2019-03-19,10000002,34,4.52,4.68,4.49,13860356467,2086,
2019-03-19,10000002,35,3.6,3.64,3.54,3688258270,1563,
2019-03-19,10000002,36,57.47,58.23,57.05,1140123226,1347,
2019-03-19,10000002,37,18.8,19.25,18.69,738768394,1177,
2019-03-19,10000002,38,304.36,304.82,292.24,43020425,1000,
2019-03-19,10000002,39,508.97,509.82,500.01,27685343,1120,
2019-03-19,10000002,40,512.99,513.8,505.2,17143375,964,
2019-03-19,10000002,11399,7608.42,8166.54,7605.32,2654256,424,
2019-03-20,10000002,34,4.63,4.65,4.52,11602598128,1838,
2019-03-20,10000002,35,3.54,3.55,3.53,4380531153,1384,
2019-03-20,10000002,36,58.15,58.23,58,571310647,1188,
2019-03-20,10000002,37,19.05,19.42,19,546638545,1018,
2019-03-20,10000002,38,303.96,303.97,292.25,75302509,921,
2019-03-20,10000002,39,507.98,509.44,496.52,47652755,1003,
2019-03-20,10000002,40,506,512.68,505,26741739,924,
2019-03-20,10000002,11399,8098.4,8106.93,7997.85,932064,350,
2019-03-21,10000002,34,4.63,4.64,4.58,9877425868,1722,
2019-03-21,10000002,35,3.61,3.68,3.61,3292616572,1339,
2019-03-21,10000002,36,58.26,58.9,58.1,831275597,1188,
2019-03-21,10000002,37,19.46,19.48,19.46,254848565,987,
2019-03-21,10000002,38,302.98,302.98,302.7,59198262,899,
2019-03-21,10000002,39,507.35,507.96,484.9,18027959,929,
2019-03-21,10000002,40,512.9,512.93,505.1,14206989,832,
2019-03-21,10000002,11399,7997.55,7997.75,7996.29,1957866,307,
2019-03-22,10000002,34,4.54,4.55,4.51,10148324291,1906,
2019-03-22,10000002,35,3.77,3.77,3.76,2376955661,1492,
2019-03-22,10000002,36,58.4,58.42,57.21,667629610,1286,
2019-03-22,10000002,37,19.05,19.05,19.05,537545223,1102,
2019-03-22,10000002,38,302.44,302.48,300,50185755,987,
2019-03-22,10000002,39,508.94,508.95,485.08,21714680,1079,
2019-03-22,10000002,40,512.86,512.88,512.65,18699871,1005,
2019-03-22,10000002,11399,7993.72,7993.72,7993.65,1152491,360,
2019-03-23,10000002,34,4.48,4.48,4.48,18322438258,2161,
2019-03-23,10000002,35,3.9,3.92,3.79,3553174897,1675,
2019-03-23,10000002,36,58.24,58.31,57.91,610261326,1504,
2019-03-23,10000002,37,19.04,19.49,19,346101156,1296,
2019-03-23,10000002,38,302.01,302.07,295,59960552,1181,
2019-03-23,10000002,39,485.32,507,485.24,57157229,1275,
2019-03-23,10000002,40,495,512.4,494.11,39088237,1124,
2019-03-23,10000002,11399,7993.71,7993.71,7993,2648804,429,
2019-03-24,10000002,34,4.65,4.68,4.57,17169748243,2483,
2019-03-24,10000002,35,3.96,3.97,3.96,11621791849,1830,
2019-03-24,10000002,36,58.37,60.14,58.24,1187706600,1569,
2019-03-24,10000002,37,19.5,19.75,19.25,1110982349,1373,
2019-03-24,10000002,38,300.95,301.98,291.22,74586529,1168,
2019-03-24,10000002,39,510.29,510.54,506,23584885,1235,
2019-03-24,10000002,40,510.98,510.99,510.95,19294470,1118,
2019-03-24,10000002,11399,7625.01,7993,7622.49,2909433,453,
2019-03-25,10000002,34,4.61,4.7,4.56,7942380174,1934,
2019-03-25,10000002,35,4.03,4.52,3.99,2675881272,1483,
2019-03-25,10000002,36,60.57,60.97,60.44,710790126,1307,
2019-03-25,10000002,37,19.02,19.04,19,529810931,1104,
2019-03-25,10000002,38,300.8,300.99,299.87,56367247,961,
2019-03-25,10000002,39,509.99,510.31,508.97,38136393,1061,
2019-03-25,10000002,40,495,512.43,492.05,33079434,952,
2019-03-25,10000002,11399,7992.99,7992.99,7992.98,1212443,353,
2019-03-26,10000002,34,4.54,4.54,4.53,9528553673,1919,
2019-03-26,10000002,35,3.87,3.89,3.83,2957095160,1405,
2019-03-26,10000002,36,60.45,60.49,59.24,826559963,1247,
2019-03-26,10000002,37,18.07,19,17.98,516223169,1119,
2019-03-26,10000002,38,294.98,294.99,292.07,63459821,995,
2019-03-26,10000002,39,508.57,508.78,490.21,26067544,1058,
2019-03-26,10000002,40,512.12,512.22,492.12,17505114,943,
2019-03-26,10000002,11399,7992.93,7999,7659.01,2272605,416,
2019-03-27,10000002,34,4.54,4.55,4.51,10784073107,1931,
2019-03-27,10000002,35,3.85,3.86,3.84,2936911326,1474,
2019-03-27,10000002,36,60.43,60.47,60.3,971784313,1279,
2019-03-27,10000002,37,18.05,18.07,18.01,391751944,1082,
2019-03-27,10000002,38,294.81,294.98,294.68,81244735,1018,
2019-03-27,10000002,39,507.99,508.52,490.24,30830379,1063,
2019-03-27,10000002,40,512.28,514.73,492.56,17802729,965,
2019-03-27,10000002,11399,7995.89,7999,7994.99,2607622,349,
2019-03-28,10000002,34,4.47,4.5,4.47,8330730177,1838,
2019-03-28,10000002,35,3.77,3.83,3.66,4049435958,1429,
2019-03-28,10000002,36,60.65,61.04,60.65,854936802,1307,
2019-03-28,10000002,37,18.2,18.34,15.98,353057999,1053,
2019-03-28,10000002,38,293.12,294.81,293.12,60545920,947,
2019-03-28,10000002,39,508.37,508.46,508.28,22077208,1004,
2019-03-28,10000002,40,518.92,518.92,518.92,10186325,893,
2019-03-28,10000002,11399,8000,8000,8000,1409736,338,
2019-03-29,10000002,34,4.7,4.71,4.68,8299424696,1976,
2019-03-29,10000002,35,3.8,3.82,3.79,2222077956,1538,
2019-03-29,10000002,36,63.4,63.7,60,881410585,1368,
2019-03-29,10000002,37,17.99,18.05,17.13,207329835,1138,
2019-03-29,10000002,38,299.44,302.4,293.03,51291361,1012,
2019-03-29,10000002,39,508.3,509,508.27,21012524,1086,
2019-03-29,10000002,40,518.86,518.9,494.02,25368645,975,
2019-03-29,10000002,11399,8156,8166.65,8000,1188191,401,
2019-03-30,10000002,34,4.63,4.67,4.52,13572613178,2287,
2019-03-30,10000002,35,4,4.08,3.75,2919942233,1689,
2019-03-30,10000002,36,61.99,63.23,58.95,643156210,1460,
2019-03-30,10000002,37,17.5,17.64,16.55,343641969,1288,
2019-03-30,10000002,38,299.49,302.25,290,46522033,1134,
2019-03-30,10000002,39,510.65,510.66,510.64,32216456,1265,
2019-03-30,10000002,40,515.63,515.71,515.48,20492072,1120,
2019-03-30,10000002,11399,7821.06,8166.62,7700.17,2283214,449,
2019-03-31,10000002,34,4.57,4.59,4.56,11759296623,2534,
2019-03-31,10000002,35,3.93,3.95,3.86,2359684556,1940,
2019-03-31,10000002,36,62.11,62.14,60.49,875242645,1742,
2019-03-31,10000002,37,16.35,17.13,16.35,445982072,1572,
2019-03-31,10000002,38,301.48,301.69,301.48,91284721,1338,
2019-03-31,10000002,39,510.69,525.45,509,34207631,1468,
2019-03-31,10000002,40,516,519,514,33113092,1306,
2019-03-31,10000002,11399,7706.04,8165.97,7701.01,3385807,386,
2019-04-01,10000002,34,4.55,4.57,4.41,12048813942,1959,
2019-04-01,10000002,35,3.79,3.8,3.75,2584211793,1507,
2019-04-01,10000002,36,60.49,61.26,59.3,1217497354,1359,
2019-04-01,10000002,37,16,16.01,16,549838442,1151,
2019-04-01,10000002,38,293.13,301.97,291.01,66097252,1008,
2019-04-01,10000002,39,516,543.89,510.11,30535798,1150,
2019-04-01,10000002,40,495.01,495.01,495.01,20031965,983,
2019-04-01,10000002,11399,8164.76,8164.76,8164.74,1990634,378,
2019-04-02,10000002,34,4.55,4.56,4.52,12914379349,1956,
2019-04-02,10000002,35,3.68,3.75,3.62,4740346586,1465,
2019-04-02,10000002,36,61.15,61.27,58.02,745031317,1303,
2019-04-02,10000002,37,16.38,16.62,16.01,295326114,1110,
2019-04-02,10000002,38,302.4,303.88,289.44,63933168,993,
2019-04-02,10000002,39,501.16,540,500.16,34218258,1124,
2019-04-02,10000002,40,504.89,506.91,495.01,14528843,946,
2019-04-02,10000002,11399,8164.73,8164.75,7724.72,770955,360,
2019-04-03,10000002,34,4.43,4.44,4.42,12756198791,1872,
2019-04-03,10000002,35,3.69,3.69,3.68,4089646911,1488,
2019-04-03,10000002,36,59.83,59.91,57.93,852016306,1269,
2019-04-03,10000002,37,16.21,16.24,16,358566812,1038,
2019-04-03,10000002,38,293.13,325,290.55,91822294,976,
2019-04-03,10000002,39,502.38,521.78,502.2,39038746,1071,
2019-04-03,10000002,40,504.86,504.88,495.01,30146072,960,
2019-04-03,10000002,11399,8163.78,8163.78,8163.75,1152161,357,
2019-04-04,10000002,34,4.67,4.68,4.62,8784558447,1763,
2019-04-04,10000002,35,3.95,3.98,3.89,2146488042,1344,
2019-04-04,10000002,36,59.69,59.7,58.31,899434147,1214,
2019-04-04,10000002,37,16.17,16.18,15.99,317203761,1096,
2019-04-04,10000002,38,317.67,320.64,300.01,39183862,889,
2019-04-04,10000002,39,520.99,521.22,519.19,17424091,992,
2019-04-04,10000002,40,495,504.84,493.28,28433809,928,
2019-04-04,10000002,11399,7725.72,8158.98,7725.21,2546056,349,
2019-04-05,10000002,34,4.55,4.6,4.51,14231157379,1969,
2019-04-05,10000002,35,3.97,3.98,3.91,2686204307,1531,
2019-04-05,10000002,36,59.42,59.58,58.01,762158520,1363,
2019-04-05,10000002,37,15.97,15.99,15.95,399907570,1174,
2019-04-05,10000002,38,304,317.06,295.17,94301184,1062,
2019-04-05,10000002,39,515,519.15,494,27598333,1173,
2019-04-05,10000002,40,515,515.99,493.08,18036511,1010,
2019-04-05,10000002,11399,7725.43,7912.99,7708.39,981837,349,
2019-04-06,10000002,34,4.56,4.64,4.52,11419925186,2107,
2019-04-06,10000002,35,3.86,3.87,3.83,2903405159,1619,
2019-04-06,10000002,36,59.4,59.43,58.15,907957636,1449,
2019-04-06,10000002,37,16.03,16.43,15.99,285973474,1239,
2019-04-06,10000002,38,308.9,312.1,296.96,60164279,1151,
2019-04-06,10000002,39,518.95,519.04,496.37,26402627,1194,
2019-04-06,10000002,40,515.76,515.96,495.28,9884769,1061,
2019-04-06,10000002,11399,7912.6,7912.76,7708.4,1981582,462,
2019-04-07,10000002,34,4.64,4.65,4.54,16044950018,2414,
2019-04-07,10000002,35,3.79,3.8,3.78,2905690107,1795,
2019-04-07,10000002,36,59.64,62.07,59.36,779987190,1557,
2019-04-07,10000002,37,16.36,16.38,16.14,241211006,1383,
2019-04-07,10000002,38,309.89,311.88,308.17,80947187,1158,
2019-04-07,10000002,39,517.94,518.71,498,35608011,1319,
2019-04-07,10000002,40,497.5,513.72,497.29,33756045,1185,
2019-04-07,10000002,11399,7700.15,7912.64,7609.12,4793247,454,
2019-04-08,10000002,34,4.61,4.67,4.6,14161222567,1880,
2019-04-08,10000002,35,3.81,3.81,3.8,2546615250,1488,
2019-04-08,10000002,36,62,62.01,61.99,696550388,1315,
2019-04-08,10000002,37,16.15,16.15,16.15,702628828,1089,
2019-04-08,10000002,38,304.11,305.91,298.59,61297242,1034,
2019-04-08,10000002,39,517.87,517.89,499.16,30884757,1132,
2019-04-08,10000002,40,513.36,513.42,509.91,14696868,967,
2019-04-08,10000002,11399,7715.98,7715.98,7715.98,2826704,399,
2019-04-09,10000002,34,4.8,4.83,4.69,7185184119,1743,
2019-04-09,10000002,35,3.76,3.79,3.74,1903767669,1271,
2019-04-09,10000002,36,61.95,61.98,61.79,575437397,1181,
2019-04-09,10000002,37,16.13,16.13,16.13,336729225,1003,
2019-04-09,10000002,38,305.85,305.87,298,98079911,975,
2019-04-09,10000002,39,499.06,509,498.03,60372436,1040,
2019-04-09,10000002,40,497.65,499.99,492.12,28403738,882,
2019-04-09,10000002,11399,7908.87,7908.87,7908.85,1407948,499,
2019-04-10,10000002,34,4.75,4.76,4.74,20694082753,1706,
2019-04-10,10000002,35,3.83,3.87,3.83,10156024206,1300,
2019-04-10,10000002,36,61.7,61.78,59.7,768417467,1151,
2019-04-10,10000002,37,16.14,16.36,16.13,353110859,970,
2019-04-10,10000002,38,328.95,336.8,300.03,68855253,906,
2019-04-10,10000002,39,500,517.06,496.78,34088301,959,
2019-04-10,10000002,40,492.21,499.94,492.12,23474323,842,
2019-04-10,10000002,11399,7899.94,7908.72,7585.32,690913,337,
2019-04-11,10000002,34,4.75,4.76,4.71,12366002515,1735,
2019-04-11,10000002,35,3.97,3.98,3.93,1793603758,1346,
2019-04-11,10000002,36,59.83,59.97,59.8,774610759,1209,
2019-04-11,10000002,37,16.89,16.89,16.35,361891709,1001,
2019-04-11,10000002,38,300.43,325.69,299.86,63987787,867,
2019-04-11,10000002,39,513.81,513.82,496.76,24910692,971,
2019-04-11,10000002,40,499.61,499.62,492.17,17435017,846,
2019-04-11,10000002,11399,7899.88,7899.92,7585.13,2499308,372,
2019-04-12,10000002,34,4.67,4.69,4.66,7641020511,1861,
2019-04-12,10000002,35,3.95,3.98,3.81,2132011385,1435,
2019-04-12,10000002,36,61.32,61.33,61.27,695991099,1305,
2019-04-12,10000002,37,17.28,17.56,16.33,275283641,1162,
2019-04-12,10000002,38,318.71,319.02,316,135506425,1060,
2019-04-12,10000002,39,510.34,511.39,486.87,26659208,1069,
2019-04-12,10000002,40,499.39,499.6,492.11,12314868,986,
2019-04-12,10000002,11399,7899.5,7899.62,7500,1391022,362,
2019-04-13,10000002,34,4.57,4.61,4.54,12903414185,2252,
2019-04-13,10000002,35,3.94,3.98,3.69,7898045259,1764,
2019-04-13,10000002,36,61.16,61.31,60.19,830834120,1534,
2019-04-13,10000002,37,16.27,17.49,16.18,273426525,1274,
2019-04-13,10000002,38,317.88,318.47,300.03,67243996,1152,
2019-04-13,10000002,39,485,487.01,472.07,85197308,1237,
2019-04-13,10000002,40,492.1,492.1,492.1,45642528,1071,
2019-04-13,10000002,11399,7558.14,7899.64,7240.26,2185443,444,
2019-04-14,10000002,34,4.54,4.55,4.53,13013285674,2505,
2019-04-14,10000002,35,3.9,4.1,3.63,3932495624,1921,
2019-04-14,10000002,36,61.19,61.19,61.16,852366370,1600,
2019-04-14,10000002,37,17.28,17.29,17.22,260034679,1308,
2019-04-14,10000002,38,318.39,318.43,316.27,123812877,1287,
2019-04-14,10000002,39,509.35,509.48,490.38,42555507,1402,
2019-04-14,10000002,40,499.52,499.55,470.6,27863240,1153,
2019-04-14,10000002,11399,7893.87,7893.91,7800,2365981,451,
2019-04-15,10000002,34,4.74,4.81,4.71,12284139028,1920,
2019-04-15,10000002,35,3.97,3.98,3.88,2913830878,1432,
2019-04-15,10000002,36,60.97,61.19,58.96,874278576,1261,
2019-04-15,10000002,37,16.33,16.36,16.32,274389510,1095,
2019-04-15,10000002,38,317.3,317.67,295.15,49703521,960,
2019-04-15,10000002,39,506.74,508.06,476.36,27354125,1055,
2019-04-15,10000002,40,472.29,497.06,472,15500303,864,
2019-04-15,10000002,11399,7889.97,7889.98,7889,2426438,331,
2019-04-16,10000002,34,4.78,4.78,4.77,6066075576,2035,
2019-04-16,10000002,35,3.89,3.91,3.84,1647414721,1479,
2019-04-16,10000002,36,60.16,60.29,58.76,490398891,1316,
2019-04-16,10000002,37,16.79,16.98,16.16,212797466,1245,
2019-04-16,10000002,38,314.97,314.97,314.76,61161752,1026,
2019-04-16,10000002,39,482.38,497.61,479.34,30262376,1112,
2019-04-16,10000002,40,489.36,494.3,473.8,14618803,1001,
2019-04-16,10000002,11399,7898.93,7898.99,7889.96,1467402,301,
2019-04-17,10000002,34,4.68,4.74,4.67,9674021070,1879,
2019-04-17,10000002,35,3.69,3.72,3.68,2891212831,1496,
2019-04-17,10000002,36,60.26,60.29,60.12,1019359778,1312,
2019-04-17,10000002,37,16.45,16.7,16.03,279749434,1129,
2019-04-17,10000002,38,298.67,300,296.64,72894238,1081,
2019-04-17,10000002,39,484.43,489.73,479.99,26180252,1131,
2019-04-17,10000002,40,488.94,489.33,485.99,14470594,983,
2019-04-17,10000002,11399,7898.93,7899.98,7704.44,703668,364,
2019-04-18,10000002,34,4.61,4.61,4.59,7110505997,1836,
2019-04-18,10000002,35,3.88,3.9,3.69,1888582023,1411,
2019-04-18,10000002,36,63.6,63.69,62.18,543761464,1311,
2019-04-18,10000002,37,16.6,16.67,16.11,315216195,1107,
2019-04-18,10000002,38,316.69,316.72,309.41,60809927,1027,
2019-04-18,10000002,39,484.53,484.54,484.52,42823618,1176,
2019-04-18,10000002,40,485.78,485.79,484.96,27199429,998,
2019-04-18,10000002,11399,7911,7911,7910.99,2276952,403,
2019-04-19,10000002,34,4.63,4.67,4.59,11662084045,2054,
2019-04-19,10000002,35,3.89,3.91,3.88,2691145779,1604,
2019-04-19,10000002,36,63.24,63.41,60.29,902550630,1473,
2019-04-19,10000002,37,16.63,16.63,16.38,619814268,1257,
2019-04-19,10000002,38,314.99,316.54,296.97,52839535,1145,
2019-04-19,10000002,39,476.65,491.73,476.56,31836957,1275,
2019-04-19,10000002,40,487.46,489.98,485.7,41025778,1091,
2019-04-19,10000002,11399,7709.08,8000,7703.44,2855573,345,
2019-04-20,10000002,34,4.73,4.74,4.68,9589665209,2206,
2019-04-20,10000002,35,3.94,3.97,3.9,3479818772,1716,
2019-04-20,10000002,36,63.4,63.41,62.98,779902455,1577,
2019-04-20,10000002,37,16.54,16.9,16.02,458013821,1259,
2019-04-20,10000002,38,311.82,312.17,297.05,61995834,1202,
2019-04-20,10000002,39,491.66,491.67,476.43,42202992,1264,
2019-04-20,10000002,40,497.17,497.17,497.17,22446535,1067,
2019-04-20,10000002,11399,8156.9,8156.94,8156.85,1100392,350,
2019-04-21,10000002,34,4.55,4.63,4.53,6235179959,2256,
2019-04-21,10000002,35,3.89,3.97,3.8,3438216618,1713,
2019-04-21,10000002,36,62.99,63.6,60.52,643629147,1514,
2019-04-21,10000002,37,16.47,16.48,16.05,189650215,1256,
2019-04-21,10000002,38,309.9,309.95,309,35112178,1134,
2019-04-21,10000002,39,489.98,490.1,475.4,21257760,1172,
2019-04-21,10000002,40,467.46,478.96,467.46,12970611,1050,
2019-04-21,10000002,11399,8156.63,8156.65,8156.55,564598,343,
2019-04-22,10000002,34,4.59,4.79,4.56,13249483357,2059,
2019-04-22,10000002,35,3.93,3.94,3.9,2275017462,1524,
2019-04-22,10000002,36,63.58,63.64,60.6,915813965,1483,
2019-04-22,10000002,37,16.02,16.02,16.02,394995202,1210,
2019-04-22,10000002,38,308.15,308.58,286.69,61672921,1125,
2019-04-22,10000002,39,489.99,495.93,473.08,31150359,1249,
2019-04-22,10000002,40,467.43,478.91,467.22,22296527,1039,
2019-04-22,10000002,11399,7729.41,8156,7720.61,2419995,402,
2019-04-23,10000002,34,4.76,4.77,4.65,6683618232,1940,
2019-04-23,10000002,35,3.93,3.94,3.92,3062511234,1504,
2019-04-23,10000002,36,64.09,64.11,60.36,648018129,1336,
2019-04-23,10000002,37,16.03,16.3,16.02,253321904,1124,
2019-04-23,10000002,38,287.51,304.11,287.43,66294864,973,
2019-04-23,10000002,39,495.8,495.81,495.76,21776772,1130,
2019-04-23,10000002,40,478.57,478.75,443.54,10176849,1000,
2019-04-23,10000002,11399,7616.36,8100,7456.93,1885375,364,
2019-04-24,10000002,34,4.6,4.65,4.57,9797599304,1838,
2019-04-24,10000002,35,3.88,3.9,3.84,2381939440,1368,
2019-04-24,10000002,36,62.88,63.8,60.67,517080977,1230,
2019-04-24,10000002,37,16.02,16.02,16.02,328133372,1009,
2019-04-24,10000002,38,287.92,300.27,287.77,39394947,885,
2019-04-24,10000002,39,494.97,495.33,474,17268112,964,
2019-04-24,10000002,40,475.4,476.77,443.88,8138675,870,
2019-04-24,10000002,11399,8144.4,8144.8,8139.95,746797,352,
2019-04-25,10000002,34,4.58,4.58,4.56,7617003772,1758,
2019-04-25,10000002,35,3.89,3.94,3.87,1638682731,1329,
2019-04-25,10000002,36,62.63,62.89,60.71,549338694,1183,
2019-04-25,10000002,37,16.02,16.02,16.02,440943385,1089,
2019-04-25,10000002,38,298.47,298.71,298.42,96285115,941,
2019-04-25,10000002,39,494.89,494.92,490.09,23641749,951,
2019-04-25,10000002,40,476.55,478.7,447,20484734,842,
2019-04-25,10000002,11399,8143.83,8144.35,7509.02,1168259,299,
2019-04-26,10000002,34,4.63,4.64,4.61,9382900211,1811,
2019-04-26,10000002,35,3.84,3.86,3.83,2013544016,1381,
2019-04-26,10000002,36,62.86,62.87,62.83,874205598,1279,
2019-04-26,10000002,37,16.16,16.19,16.13,297911771,1099,
2019-04-26,10000002,38,297.4,297.74,296.26,52514078,961,
2019-04-26,10000002,39,488.46,488.47,488.46,32556202,1028,
2019-04-26,10000002,40,477.23,477.32,476.36,9874435,884,
2019-04-26,10000002,11399,8143.74,8143.76,8143.73,872482,312,
2019-04-27,10000002,34,4.54,4.59,4.52,9018721162,2152,
2019-04-27,10000002,35,3.85,3.94,3.79,2669162802,1636,
2019-04-27,10000002,36,60,60.8,58,1426878740,1504,
2019-04-27,10000002,37,15.78,16.08,15.69,225222101,1221,
2019-04-27,10000002,38,286.37,293.73,281.87,63202984,1144,
2019-04-27,10000002,39,478.98,487.62,475.5,29366351,1186,
2019-04-27,10000002,40,474.63,474.8,448.92,24318483,1012,
2019-04-27,10000002,11399,7516.62,7858.14,7512.18,2672984,422,
2019-04-28,10000002,34,4.75,4.78,4.69,7332793704,2134,
2019-04-28,10000002,35,3.97,4.12,3.78,3170418789,1614,
2019-04-28,10000002,36,60.36,60.4,59.95,785459264,1441,
2019-04-28,10000002,37,15.71,15.8,15.69,402897346,1183,
2019-04-28,10000002,38,285.95,286,281.86,49557124,1075,
2019-04-28,10000002,39,485,487.06,475.58,49181750,1197,
2019-04-28,10000002,40,468.59,468.98,450.07,20207518,1024,
2019-04-28,10000002,11399,7999.5,7999.86,7998.8,1363898,381,
2019-04-29,10000002,34,4.65,4.71,4.62,9107546463,1742,
2019-04-29,10000002,35,3.75,3.77,3.74,2828876891,1387,
2019-04-29,10000002,36,60.16,60.27,60.04,751124246,1222,
2019-04-29,10000002,37,15.7,15.72,15.65,506307785,1090,
2019-04-29,10000002,38,284.61,284.72,278,39119154,958,
2019-04-29,10000002,39,487.27,494.81,487.04,31324428,1046,
2019-04-29,10000002,40,468.7,471.85,452.3,14040244,877,
2019-04-29,10000002,11399,7996.6,7997.48,7996.34,1482452,347,
2019-04-30,10000002,34,4.57,4.58,4.56,8099999969,1847,
2019-04-30,10000002,35,3.71,3.71,3.71,2273001932,1374,
2019-04-30,10000002,36,60.01,60.05,59.97,879707293,1293,
2019-04-30,10000002,37,15.71,15.76,15.31,318151393,1135,
2019-04-30,10000002,38,284.15,284.29,275,123849992,1012,
2019-04-30,10000002,39,494.76,494.79,490,27255407,1075,
2019-04-30,10000002,40,471.75,471.82,452.35,12871882,897,
2019-04-30,10000002,11399,7995.56,7996.07,7995.48,1502535,399,
2019-05-01,10000002,34,4.58,4.59,4.56,10363202061,1924,
2019-05-01,10000002,35,3.71,3.71,3.69,4606971298,1452,
2019-05-01,10000002,36,59.82,59.88,58.7,790946677,1315,
2019-05-01,10000002,37,16.84,16.85,16.83,365873624,1122,
2019-05-01,10000002,38,283.92,284.03,274.03,62535289,1029,
2019-05-01,10000002,39,494.75,494.83,474.32,43326124,1131,
2019-05-01,10000002,40,472.12,474.6,459.7,30349315,997,
2019-05-01,10000002,11399,7621.23,7832.9,7431.06,2763825,402,
2019-05-02,10000002,34,4.58,4.61,4.52,8643268972,1886,
2019-05-02,10000002,35,3.97,4.02,3.83,1897997209,1449,
2019-05-02,10000002,36,59.55,59.74,59.47,670942737,1298,
2019-05-02,10000002,37,16.75,16.8,15.68,257312278,1136,
2019-05-02,10000002,38,283.92,283.93,283,81672731,1030,
2019-05-02,10000002,39,490,494,472.31,26846051,1087,
2019-05-02,10000002,40,460.18,478.96,460.12,25280924,950,
2019-05-02,10000002,11399,7831.4,7831.46,7800,3595621,373,
2019-05-03,10000002,34,4.6,4.61,4.54,8924489218,2134,
2019-05-03,10000002,35,3.81,3.96,3.75,2594996283,1657,
2019-05-03,10000002,36,59.3,59.5,57.51,628070083,1478,
2019-05-03,10000002,37,15.75,16,15.74,196516529,1255,
2019-05-03,10000002,38,280.92,283.92,269.3,57750591,1158,
2019-05-03,10000002,39,491.96,494.66,490,20785906,1224,
2019-05-03,10000002,40,475,497,460.49,14966849,1029,
2019-05-03,10000002,11399,7144.98,7144.98,7144.98,1612032,392,
2019-05-04,10000002,34,4.54,4.55,4.52,12580370352,2262,
2019-05-04,10000002,35,3.77,3.77,3.77,4105648990,1691,
2019-05-04,10000002,36,59.44,59.46,58.87,828636451,1566,
2019-05-04,10000002,37,15.93,15.95,15.77,292863193,1327,
2019-05-04,10000002,38,284.97,286,284.29,77933263,1216,
2019-05-04,10000002,39,479.97,480.64,479.87,35695419,1278,
2019-05-04,10000002,40,469.84,469.89,460.75,22546459,1079,
2019-05-04,10000002,11399,7797.48,7797.95,7797.47,2296653,431,
2019-05-05,10000002,34,4.53,4.55,4.5,12663717410,2288,
2019-05-05,10000002,35,3.99,4.02,3.98,2811806795,1757,
2019-05-05,10000002,36,59.44,59.99,59.4,867233810,1597,
2019-05-05,10000002,37,16.34,16.36,15.35,490328189,1369,
2019-05-05,10000002,38,299.95,299.99,299.69,112945752,1274,
2019-05-05,10000002,39,494.81,504.97,477.06,44979403,1352,
2019-05-05,10000002,40,478.99,497.21,466.99,28462988,1174,
2019-05-05,10000002,11399,7797.53,7797.53,7797.53,2859884,428,
2019-05-06,10000002,34,4.53,4.57,4.5,14268359961,1853,
2019-05-06,10000002,35,3.9,3.96,3.88,2446723011,1451,
2019-05-06,10000002,36,61.5,62,58.91,559367882,1288,
2019-05-06,10000002,37,15.42,15.56,15.01,315973231,1109,
2019-05-06,10000002,38,299.62,299.95,283.51,43250907,1023,
2019-05-06,10000002,39,508.9,509.97,477.51,32995850,1082,
2019-05-06,10000002,40,448.71,457.02,443.23,29608528,1007,
2019-05-06,10000002,11399,7699.96,7700,7699.93,1255619,395,
2019-05-07,10000002,34,4.55,4.57,4.53,9809295252,1901,
2019-05-07,10000002,35,3.8,3.86,3.74,2288315856,1457,
2019-05-07,10000002,36,60.81,61.45,59.1,732033361,1362,
2019-05-07,10000002,37,15.46,15.99,15.43,297902786,1106,
2019-05-07,10000002,38,286.44,299.12,286.03,50416893,995,
2019-05-07,10000002,39,508.91,508.97,491.45,31919820,1128,
2019-05-07,10000002,40,443.99,481,443.62,8645550,925,
2019-05-07,10000002,11399,7699.86,7699.9,7699.85,1096460,389,
2019-05-08,10000002,34,4.55,4.58,4.52,11174081414,2005,
2019-05-08,10000002,35,3.62,3.62,3.62,4005097401,1536,
2019-05-08,10000002,36,60.63,60.65,60.6,890558028,1395,
2019-05-08,10000002,37,15.64,15.64,15.63,243068445,1173,
2019-05-08,10000002,38,297.77,297.9,297.7,51507051,1101,
2019-05-08,10000002,39,511.18,511.29,483.01,19988551,1185,
2019-05-08,10000002,40,477.64,478.93,445,13289146,1014,
2019-05-08,10000002,11399,7699.82,7699.82,7699.77,1424780,366,
2019-05-09,10000002,34,4.47,4.49,4.45,11142343128,1981,
2019-05-09,10000002,35,3.63,3.65,3.62,3761415797,1523,
2019-05-09,10000002,36,60.35,60.37,60,661278306,1345,
2019-05-09,10000002,37,15.43,15.47,15.39,253489119,1150,
2019-05-09,10000002,38,297.78,297.88,297.78,66270367,1084,
2019-05-09,10000002,39,511.01,511.05,508.9,20191089,1140,
2019-05-09,10000002,40,458.73,458.9,450,14241515,983,
2019-05-09,10000002,11399,7669.7,7699.69,7668,1715736,478,
2019-05-10,10000002,34,4.51,4.56,4.48,9607993538,2005,
2019-05-10,10000002,35,3.91,3.95,3.76,2384047710,1574,
2019-05-10,10000002,36,59.78,60.2,58.53,628290440,1420,
2019-05-10,10000002,37,15.42,15.46,15.37,850338034,1254,
2019-05-10,10000002,38,296.11,297.88,288.02,82764154,1124,
2019-05-10,10000002,39,509.17,510.97,487.3,43479199,1245,
2019-05-10,10000002,40,457,457.98,445.14,37867990,1072,
2019-05-10,10000002,11399,7000,7000,7000,3450438,413,
2019-05-11,10000002,34,4.59,4.62,4.58,8349742141,2209,
2019-05-11,10000002,35,3.76,3.8,3.69,2749049067,1731,
2019-05-11,10000002,36,59.97,60.2,58.44,1137433118,1521,
2019-05-11,10000002,37,15.76,16.57,15.44,188736217,1351,
2019-05-11,10000002,38,298.48,298.63,287.24,82793293,1245,
2019-05-11,10000002,39,508.69,508.71,483.07,31700787,1337,
2019-05-11,10000002,40,442.05,457.81,441.48,24962338,1165,
2019-05-11,10000002,11399,7698.82,7698.86,7650.03,1417919,456,
2019-05-12,10000002,34,4.47,4.48,4.45,12527143670,2182,
2019-05-12,10000002,35,3.6,3.6,3.6,6017040314,1640,
2019-05-12,10000002,36,57.1,57.49,57.09,779571493,1477,
2019-05-12,10000002,37,15.8,16.1,15.35,423715129,1263,
2019-05-12,10000002,38,294.28,296.83,269.8,128862466,1159,
2019-05-12,10000002,39,507.99,508.6,483.16,28154031,1245,
2019-05-12,10000002,40,439.62,451.83,402.19,19104038,1049,
2019-05-12,10000002,11399,7473.03,7698.65,7309.2,4579109,476,
2019-05-13,10000002,34,4.37,4.39,4.36,15614854108,1822,
2019-05-13,10000002,35,3.57,3.61,3.56,2501655776,1402,
2019-05-13,10000002,36,55,56.44,54.96,937676844,1274,
2019-05-13,10000002,37,15,15,15,856742834,1094,
2019-05-13,10000002,38,286.4,287,286.4,58793724,967,
2019-05-13,10000002,39,503.97,506.97,484.01,38229052,1112,
2019-05-13,10000002,40,447.78,447.83,408,19101803,942,
2019-05-13,10000002,11399,7269.09,7269.09,7269.09,2080495,418,
2019-05-14,10000002,34,4.49,4.5,4.48,8067688015,1832,
2019-05-14,10000002,35,3.57,3.58,3.5,3080838511,1353,
2019-05-14,10000002,36,54,54,54,1517005019,1233,
2019-05-14,10000002,37,14.64,14.69,14.56,245295621,1025,
2019-05-14,10000002,38,285.79,285.93,269.44,60183845,939,
2019-05-14,10000002,39,505.31,505.4,483.03,21163346,992,
2019-05-14,10000002,40,447.42,447.5,408.69,14421392,849,
2019-05-14,10000002,11399,7649.92,7649.93,7273.19,2598671,374,
2019-05-15,10000002,34,4.49,4.54,4.48,12346150111,1904,
2019-05-15,10000002,35,3.94,3.97,3.72,2387958816,1377,
2019-05-15,10000002,36,57.49,57.55,54.36,656489297,1245,
2019-05-15,10000002,37,14.39,14.4,14.3,436466658,1124,
2019-05-15,10000002,38,284.49,284.99,269.71,58658612,967,
2019-05-15,10000002,39,504.32,504.85,479.36,34631749,1109,
2019-05-15,10000002,40,409.67,443.7,409.63,41528160,933,
2019-05-15,10000002,11399,7698.11,7698.12,7650,1957358,379,
2019-05-16,10000002,34,4.47,4.52,4.44,6492789478,1816,
2019-05-16,10000002,35,3.86,3.87,3.85,1582651296,1400,
2019-05-16,10000002,36,57.07,57.13,57,546672392,1260,
2019-05-16,10000002,37,14.29,14.68,14.23,453497794,1120,
2019-05-16,10000002,38,294.4,295.34,284.97,95219469,1038,
2019-05-16,10000002,39,502.97,503.48,479.44,20161396,1060,
2019-05-16,10000002,40,439.99,441.99,411.15,17976310,949,
2019-05-16,10000002,11399,7750,7798,7600.03,1968761,440,
2019-05-17,10000002,34,4.48,4.49,4.44,8108106677,1912,
2019-05-17,10000002,35,3.84,3.84,3.81,2411241079,1471,
2019-05-17,10000002,36,56.94,56.98,55.72,865792093,1316,
2019-05-17,10000002,37,15.54,15.89,14.87,185594135,1095,
2019-05-17,10000002,38,297.98,298.66,291,83367442,1040,
2019-05-17,10000002,39,476,476,476,43359678,1100,
2019-05-17,10000002,40,437.73,437.9,411.41,20866990,960,
2019-05-17,10000002,11399,7711,7711,7711,4704667,400,
2019-05-18,10000002,34,4.58,4.59,4.48,10245321902,2228,
2019-05-18,10000002,35,3.93,3.94,3.74,1936385045,1629,
2019-05-18,10000002,36,57.01,59,56.99,881332604,1521,
2019-05-18,10000002,37,15.86,15.96,15.75,204884603,1261,
2019-05-18,10000002,38,295.88,299.58,289.1,67057835,1155,
2019-05-18,10000002,39,500.82,501.43,500.24,22969974,1273,
2019-05-18,10000002,40,437.69,439.63,412.18,19064284,1121,
2019-05-18,10000002,11399,8000,8038.95,7994.85,2145650,451,
2019-05-19,10000002,34,4.57,4.59,4.52,9973718060,2351,
2019-05-19,10000002,35,3.95,3.96,3.89,2610761057,1721,
2019-05-19,10000002,36,59.23,59.31,58.69,760226013,1577,
2019-05-19,10000002,37,15.6,15.75,14.71,326667318,1333,
2019-05-19,10000002,38,299.92,308.97,295.88,101334685,1244,
2019-05-19,10000002,39,499.84,500.77,478.32,60464748,1395,
2019-05-19,10000002,40,438.98,439.84,412.18,32675034,1116,
2019-05-19,10000002,11399,8157.5,8199,8144,4707627,471,
2019-05-20,10000002,34,4.6,4.61,4.6,5513510124,1884,
2019-05-20,10000002,35,3.89,3.89,3.88,1972439907,1505,
2019-05-20,10000002,36,59.1,59.14,55.93,579430657,1349,
2019-05-20,10000002,37,15.49,15.5,15.44,119507367,1120,
2019-05-20,10000002,38,308.46,308.89,291.5,54142780,1061,
2019-05-20,10000002,39,496.99,498.89,472.94,32811030,1075,
2019-05-20,10000002,40,440.95,441.79,412.23,17131247,959,
2019-05-20,10000002,11399,8991.99,8993,8104,1364595,410,
2019-05-21,10000002,34,4.5,4.59,4.48,10681658187,1707,
2019-05-21,10000002,35,3.97,3.99,3.95,1693608160,1317,
2019-05-21,10000002,36,58.79,58.96,56.7,782084300,1164,
2019-05-21,10000002,37,15.36,15.37,15,267752953,1035,
2019-05-21,10000002,38,308.54,319.99,305,47230862,969,
2019-05-21,10000002,39,496.87,496.9,472.67,30793841,1034,
2019-05-21,10000002,40,441,441.88,412.58,28525097,909,
2019-05-21,10000002,11399,8991.72,8991.97,8114.01,1269261,392,
2019-05-22,10000002,34,4.56,4.59,4.41,7996635219,1755,
2019-05-22,10000002,35,3.97,3.99,3.84,2044952188,1366,
2019-05-22,10000002,36,58.62,58.73,55.84,695731243,1270,
2019-05-22,10000002,37,14.88,15.24,14.74,230347806,1037,
2019-05-22,10000002,38,317.98,319.58,294.12,62051487,1003,
2019-05-22,10000002,39,495,497.92,472.54,24162711,1062,
2019-05-22,10000002,40,445.73,445.95,412.4,8732329,879,
2019-05-22,10000002,11399,8799,8991.99,8500,2981010,402,
2019-05-23,10000002,34,4.6,4.61,4.59,9055291968,1841,
2019-05-23,10000002,35,4,4.01,3.99,2492770950,1427,
2019-05-23,10000002,36,58.94,59.25,58.86,874180061,1294,
2019-05-23,10000002,37,15.23,15.35,14.79,245449831,1101,
2019-05-23,10000002,38,313.79,319.1,297.06,44993545,956,
2019-05-23,10000002,39,492.14,492.19,476,24996210,1097,
2019-05-23,10000002,40,415.36,445.66,415.32,22396772,958,
2019-05-23,10000002,11399,8603,8992.18,8512,3397870,421,
2019-05-24,10000002,34,4.62,4.62,4.61,7371918483,1862,
2019-05-24,10000002,35,4.02,4.03,4,1993297734,1364,
2019-05-24,10000002,36,60.99,61.5,58.32,754403743,1256,
2019-05-24,10000002,37,15.25,15.3,14.7,171324282,1022,
2019-05-24,10000002,38,312.32,313.77,298.05,52030979,911,
2019-05-24,10000002,39,492.18,497.97,492.16,28976636,969,
2019-05-24,10000002,40,445.58,445.63,416.3,20164287,876,
2019-05-24,10000002,11399,8979.99,8990,8411.07,1797006,431,
2019-05-25,10000002,34,4.67,4.68,4.6,7497627005,2016,
2019-05-25,10000002,35,3.97,3.97,3.97,2040363767,1493,
2019-05-25,10000002,36,62.33,62.33,62.32,584295143,1375,
2019-05-25,10000002,37,14.83,15.12,14.8,242694099,1161,
2019-05-25,10000002,38,318.68,318.7,303.02,62715744,1089,
2019-05-25,10000002,39,501.21,501.61,495,32987574,1096,
2019-05-25,10000002,40,440,444.83,436.97,21581796,940,
2019-05-25,10000002,11399,8989.98,8989.98,8989.98,605688,420,
2019-05-26,10000002,34,4.69,4.8,4.59,6869876507,2229,
2019-05-26,10000002,35,3.99,4.03,3.94,1566293822,1740,
2019-05-26,10000002,36,59.95,62.47,58.77,540482772,1601,
2019-05-26,10000002,37,14.8,14.81,14.17,317319184,1310,
2019-05-26,10000002,38,309.97,317.97,304.01,76684221,1267,
2019-05-26,10000002,39,504.92,508.82,495,34103427,1273,
2019-05-26,10000002,40,435.99,436.82,434.97,22614157,1113,
2019-05-26,10000002,11399,8512.52,8987.98,8511.81,1760895,473,
2019-05-27,10000002,34,4.8,4.8,4.8,6930252396,2040,
2019-05-27,10000002,35,4.19,4.25,4,1969507149,1564,
2019-05-27,10000002,36,60.2,64.88,59.51,1115816956,1555,
2019-05-27,10000002,37,14.8,14.84,14.21,401840706,1165,
2019-05-27,10000002,38,317.58,317.78,310,68364614,1150,
2019-05-27,10000002,39,510.93,510.98,498.92,28268033,1092,
2019-05-27,10000002,40,432,444.73,424.07,22347844,967,
2019-05-27,10000002,11399,8983,8983,8983,6864549,486,
2019-05-28,10000002,34,4.79,4.79,4.79,7141682167,1936,
2019-05-28,10000002,35,4.46,4.6,4.45,2226592208,1563,
2019-05-28,10000002,36,63.63,63.66,59.39,573025390,1273,
2019-05-28,10000002,37,15.28,15.46,14.28,245408403,1053,
2019-05-28,10000002,38,317.1,317.17,317.09,51014250,941,
2019-05-28,10000002,39,509,510.8,481.78,33325782,988,
2019-05-28,10000002,40,428,438.99,424.14,19238573,874,
2019-05-28,10000002,11399,9599.07,9599.9,9598.95,1162096,358,
2019-05-29,10000002,34,4.8,4.82,4.8,10205848570,2179,
2019-05-29,10000002,35,4.65,4.68,4.55,1863800063,1730,
2019-05-29,10000002,36,62.98,63.52,59.89,616558925,1319,
2019-05-29,10000002,37,15.24,15.85,14.32,249660611,1105,
2019-05-29,10000002,38,316.95,317.08,302.95,40327351,1082,
2019-05-29,10000002,39,509.66,509.89,500,18435723,1144,
2019-05-29,10000002,40,438.99,438.99,438.97,19825140,994,
2019-05-29,10000002,11399,9589.89,9590,9580,1549155,425,
2019-05-30,10000002,34,4.98,5.16,4.84,10163487701,2248,
2019-05-30,10000002,35,4.67,4.76,4.58,3311278136,1902,
2019-05-30,10000002,36,63,63.57,61.64,726293619,1425,
2019-05-30,10000002,37,15.64,15.91,14.85,184848460,1197,
2019-05-30,10000002,38,317.1,317.16,307.5,60322262,1129,
2019-05-30,10000002,39,509.95,510.33,500,23237362,1182,
2019-05-30,10000002,40,444.31,444.45,424.39,12140202,1044,
2019-05-30,10000002,11399,8900,8910,8500,3880475,562,
2019-05-31,10000002,34,5.15,5.17,5.11,8834814412,2101,
2019-05-31,10000002,35,4.75,4.75,4.75,3005825075,1659,
2019-05-31,10000002,36,63.53,63.53,63.52,741437320,1354,
2019-05-31,10000002,37,15.74,15.89,15.2,211142432,1095,
2019-05-31,10000002,38,317.17,317.17,317.17,53701710,1058,
2019-05-31,10000002,39,489.18,511.49,489.1,44264299,1119,
2019-05-31,10000002,40,423.3,439.89,418.38,36657475,965,
2019-05-31,10000002,11399,8512,8512,8500,3148045,435,
2019-06-01,10000002,34,5.09,5.16,4.9,11468042084,2221,
2019-06-01,10000002,35,4.69,4.71,4.66,1891165736,1697,
2019-06-01,10000002,36,64,64.94,61.94,559901508,1451,
2019-06-01,10000002,37,15.91,15.94,15.34,201988889,1255,
2019-06-01,10000002,38,320.81,338.2,319.18,59594930,1157,
2019-06-01,10000002,39,582.38,582.51,517.15,30615436,1217,
2019-06-01,10000002,40,441.9,441.95,420.67,16236171,1027,
2019-06-01,10000002,11399,9129.99,9139.62,8511.68,1493101,439,
2019-06-02,10000002,34,5.27,5.4,5.17,8722290248,2305,
2019-06-02,10000002,35,4.56,4.66,4.3,2401614400,1875,
2019-06-02,10000002,36,62.15,64.65,61.98,942805713,1696,
2019-06-02,10000002,37,16.14,16.72,15.69,237030556,1335,
2019-06-02,10000002,38,335.96,337.31,309.61,50054401,1241,
2019-06-02,10000002,39,564.7,579.77,540.01,25301280,1275,
2019-06-02,10000002,40,435.02,442.48,421.39,40579510,1154,
2019-06-02,10000002,11399,9129.71,9129.76,9128.96,1216622,552,
2019-06-03,10000002,34,5.34,5.39,5.18,8204396203,1957,
2019-06-03,10000002,35,4.55,4.62,4.38,2317003376,1478,
2019-06-03,10000002,36,64.4,64.79,62.08,701026311,1375,
2019-06-03,10000002,37,16.52,16.69,15.35,165784136,1125,
2019-06-03,10000002,38,329.79,329.97,310.45,44813353,1056,
2019-06-03,10000002,39,530.35,558.99,530.34,35256673,1134,
2019-06-03,10000002,40,430,444.43,421.41,12678999,957,
2019-06-03,10000002,11399,8520.42,9127.22,8520.41,878405,412,
2019-06-04,10000002,34,5.26,5.3,5.24,6405856959,1795,
2019-06-04,10000002,35,4.53,4.56,4.46,1685930271,1404,
2019-06-04,10000002,36,64.33,64.68,62.39,774596436,1322,
2019-06-04,10000002,37,16.18,16.47,15.45,111980468,1015,
2019-06-04,10000002,38,323.94,328.92,314.62,45309434,977,
2019-06-04,10000002,39,502.02,502.03,499.12,46965392,1001,
2019-06-04,10000002,40,422.19,442.99,421.46,11480805,872,
2019-06-04,10000002,11399,9094.4,9097,8513.18,1153370,408,
2019-06-05,10000002,34,5.27,5.29,5.25,10194702039,1835,
2019-06-05,10000002,35,4.55,4.56,4.52,2256671013,1414,
2019-06-05,10000002,36,63.51,64.48,62.46,755725817,1283,
2019-06-05,10000002,37,15.78,16.26,15.48,246840383,1101,
2019-06-05,10000002,38,323.5,324,314.73,58811398,1038,
2019-06-05,10000002,39,542.99,544.24,505.63,26528768,1078,
2019-06-05,10000002,40,422.28,441.25,422.27,17494681,904,
2019-06-05,10000002,11399,9025.87,9026.99,8515.08,1442224,469,
2019-06-06,10000002,34,5.29,5.3,5.28,11738799129,1725,
2019-06-06,10000002,35,4.54,4.55,4.52,2454307668,1377,
2019-06-06,10000002,36,64.72,65.9,62.68,646571102,1260,
2019-06-06,10000002,37,16.37,16.39,15.59,218182655,1111,
2019-06-06,10000002,38,318.99,321,314.73,60320944,1021,
2019-06-06,10000002,39,521,522.99,520,26977487,1106,
2019-06-06,10000002,40,438.96,438.99,422.61,12408541,912,
2019-06-06,10000002,11399,8899.2,8899.21,8889.22,1025890,351,
2019-06-07,10000002,34,5.39,5.4,5.3,5945867652,1828,
2019-06-07,10000002,35,4.54,4.55,4.46,2361966517,1405,
2019-06-07,10000002,36,66.46,66.83,62.74,599909012,1285,
2019-06-07,10000002,37,16.27,16.29,15.65,199371021,1120,
2019-06-07,10000002,38,316,323.22,310.11,40160842,966,
2019-06-07,10000002,39,515,515.96,505.34,29050513,1115,
2019-06-07,10000002,40,422.72,422.72,422.72,16074814,926,
2019-06-07,10000002,11399,8899,8899.17,8629.26,1463152,367,
2019-06-08,10000002,34,5.42,5.43,5.22,9882656483,2062,
2019-06-08,10000002,35,4.53,4.55,4.49,2491017902,1558,
2019-06-08,10000002,36,66.78,66.78,66.68,961080166,1481,
2019-06-08,10000002,37,16.45,16.45,16.45,1959161631,1196,
2019-06-08,10000002,38,320,322.68,309.36,82148464,1134,
2019-06-08,10000002,39,520.98,524.97,502.37,27018048,1139,
2019-06-08,10000002,40,440.05,443.45,440.05,48516343,926,
2019-06-08,10000002,11399,8898.98,8899.17,8629,1728251,472,
2019-06-09,10000002,34,5.35,5.38,5.15,9196591106,2067,
2019-06-09,10000002,35,4.46,4.5,4.4,1781174660,1603,
2019-06-09,10000002,36,63.99,67,63.41,695392301,1451,
2019-06-09,10000002,37,16.23,16.29,15.59,163437614,1214,
2019-06-09,10000002,38,321.73,321.87,309.45,72175053,1089,
2019-06-09,10000002,39,524.94,526.99,524.92,36491460,1149,
2019-06-09,10000002,40,422.83,427.02,422.82,25989855,982,
2019-06-09,10000002,11399,8515.17,8899.17,7798.38,2222150,425,
2019-06-10,10000002,34,5.28,5.33,5.17,9066747497,1851,
2019-06-10,10000002,35,4.49,4.51,4.39,1995470247,1438,
2019-06-10,10000002,36,64.98,66.13,62.88,587999441,1293,
2019-06-10,10000002,37,15.99,16.12,15.74,206222176,1172,
2019-06-10,10000002,38,319.99,322.12,309.39,46861087,1018,
2019-06-10,10000002,39,500.42,525,491.01,54436915,1073,
2019-06-10,10000002,40,441.48,449.86,423,50493058,952,
2019-06-10,10000002,11399,9023.8,9023.86,8998.99,1222518,421,
2019-06-11,10000002,34,5.33,5.34,5.32,9659680337,1759,
2019-06-11,10000002,35,4.5,4.52,4.42,2554954772,1407,
2019-06-11,10000002,36,65.63,65.77,63.04,809121048,1297,
2019-06-11,10000002,37,15.67,16.08,15.45,317382961,1145,
2019-06-11,10000002,38,321.97,322,309.36,53929293,997,
2019-06-11,10000002,39,503.08,523.98,502.09,37141299,1115,
2019-06-11,10000002,40,421.43,449.53,421.4,22069137,933,
2019-06-11,10000002,11399,8999,9020.97,8108.04,1325760,410,
2019-06-12,10000002,34,5.31,5.34,5.3,9273999150,1919,
2019-06-12,10000002,35,4.38,4.39,4.37,2549205276,1477,
2019-06-12,10000002,36,64.2,65.27,62.39,836963116,1366,
2019-06-12,10000002,37,16.19,16.27,15.59,264448760,1184,
2019-06-12,10000002,38,320.92,321.96,310,63762245,1043,
2019-06-12,10000002,39,502.09,520.75,490.7,34890062,1095,
2019-06-12,10000002,40,421.46,448.84,421.43,18145572,971,
2019-06-12,10000002,11399,8799.99,8997.9,8501.4,1346217,446,
2019-06-13,10000002,34,5.4,5.48,5.35,6672651249,1669,
2019-06-13,10000002,35,4.47,4.5,4.41,1548226780,1319,
2019-06-13,10000002,36,65.04,65.13,62.1,636122890,1221,
2019-06-13,10000002,37,16.26,16.29,15.68,170249324,1013,
2019-06-13,10000002,38,323.1,323.17,306.53,55487779,956,
2019-06-13,10000002,39,519.9,519.9,519.65,23066582,934,
2019-06-13,10000002,40,421.39,421.39,421.39,31870032,836,
2019-06-13,10000002,11399,8997.98,8998,8997.97,1636067,339,
2019-06-14,10000002,34,5.47,5.49,5.29,9671667107,1854,
2019-06-14,10000002,35,4.53,4.55,4.41,1824029865,1510,
2019-06-14,10000002,36,64.95,65,62.39,525585777,1314,
2019-06-14,10000002,37,15.71,16.28,15.68,252681989,1171,
2019-06-14,10000002,38,323.16,323.17,323.14,73440125,1069,
2019-06-14,10000002,39,519.91,519.92,519.9,15579040,1046,
2019-06-14,10000002,40,447.01,448.64,420.02,7792845,852,
2019-06-14,10000002,11399,8999,9024.15,8755.2,1716733,388,
2019-06-15,10000002,34,5.5,5.5,5.49,6591241728,2064,
2019-06-15,10000002,35,4.48,4.52,4.41,1919565619,1630,
2019-06-15,10000002,36,64.25,64.41,62.44,583609354,1505,
2019-06-15,10000002,37,15.68,15.97,15.67,214526308,1231,
2019-06-15,10000002,38,337.95,338.05,320,66204391,1127,
2019-06-15,10000002,39,518.95,519.9,509.03,27273252,1138,
2019-06-15,10000002,40,447.89,447.89,447.89,25967684,1021,
2019-06-15,10000002,11399,9024,9024.2,8801.08,1788775,406,
2019-06-16,10000002,34,5.96,6.3,5.75,7200336601,2103,
2019-06-16,10000002,35,4.49,4.54,4.38,2276162879,1661,
2019-06-16,10000002,36,64.35,64.88,64.22,1168928917,1432,
2019-06-16,10000002,37,15.67,15.67,15.67,673167942,1211,
2019-06-16,10000002,38,338.37,349.98,311.11,45885270,1099,
2019-06-16,10000002,39,523.87,544.99,520.19,43122471,1222,
2019-06-16,10000002,40,449.41,449.41,449.39,20854178,981,
2019-06-16,10000002,11399,9024.19,9024.2,9000,1258646,456,
2019-06-17,10000002,34,6.02,6.12,6.01,6463161565,1827,
2019-06-17,10000002,35,4.5,4.53,4.39,1862868071,1489,
2019-06-17,10000002,36,64.77,64.84,63.01,533327738,1354,
2019-06-17,10000002,37,17.3,17.3,17.3,1451051399,1186,
2019-06-17,10000002,38,320.07,320.12,313.03,74253275,1050,
2019-06-17,10000002,39,518,550.74,505.17,19384226,1081,
2019-06-17,10000002,40,449.46,449.48,430.22,9662034,928,
2019-06-17,10000002,11399,9024.17,9024.19,8812,1067598,400,
2019-06-18,10000002,34,6.15,6.16,6.13,8549249406,1676,
2019-06-18,10000002,35,4.49,4.51,4.48,1757728405,1285,
2019-06-18,10000002,36,64.5,64.61,61.51,543584485,1123,
2019-06-18,10000002,37,15.7,16.57,15.63,168291675,977,
2019-06-18,10000002,38,328.89,330,326.92,57125416,878,
2019-06-18,10000002,39,550.66,550.72,550.62,28190755,963,
2019-06-18,10000002,40,449.49,456.54,430.24,16916594,830,
2019-06-18,10000002,11399,9024,9024.15,8642,1610302,433,
2019-06-19,10000002,34,6.08,6.14,5.98,5246154963,1728,
2019-06-19,10000002,35,4.49,4.54,4.46,1538042466,1373,
2019-06-19,10000002,36,64.37,64.46,61.54,534851713,1261,
2019-06-19,10000002,37,15.7,15.76,15.69,237322792,1082,
2019-06-19,10000002,38,329,331.99,315.32,50453491,1015,
2019-06-19,10000002,39,540.47,540.52,539,17247986,1160,
2019-06-19,10000002,40,466.77,467.09,417.76,16655185,1001,
2019-06-19,10000002,11399,9024.11,9024.18,8800,1613673,437,
2019-06-20,10000002,34,6.15,6.15,6.14,9638820894,1680,
2019-06-20,10000002,35,4.49,4.52,4.44,2318870570,1326,
2019-06-20,10000002,36,64.26,64.29,61.54,650784967,1190,
2019-06-20,10000002,37,15.65,16.12,15.62,307940623,1012,
2019-06-20,10000002,38,314.1,315.01,310.35,64173244,902,
2019-06-20,10000002,39,512.64,537.98,512.06,44540480,988,
2019-06-20,10000002,40,423.3,450.7,423.27,15309362,892,
2019-06-20,10000002,11399,9024.18,9024.18,9024.18,1994507,387,
2019-06-21,10000002,34,6.69,6.72,6.2,6296982097,1660,
2019-06-21,10000002,35,4.49,4.49,4.49,1698017197,1223,
2019-06-21,10000002,36,63.99,64.33,63.67,642066530,1155,
2019-06-21,10000002,37,16.06,16.07,15.97,105122841,937,
2019-06-21,10000002,38,315.44,322.58,310.89,41693464,875,
2019-06-21,10000002,39,537.46,537.78,512.01,11554323,948,
2019-06-21,10000002,40,423.44,448.61,423.41,12971622,811,
2019-06-21,10000002,11399,8802.03,8802.04,8802.03,1456520,431,
2019-06-22,10000002,34,6.63,6.65,6.31,6401898144,1948,
2019-06-22,10000002,35,4.48,4.49,4.4,1751338370,1415,
2019-06-22,10000002,36,64,64.48,63.5,600327688,1355,
2019-06-22,10000002,37,16.07,16.07,16.07,542382126,1119,
2019-06-22,10000002,38,319.45,319.48,310.12,58811172,1039,
2019-06-22,10000002,39,537.78,537.78,537.78,53383215,1073,
2019-06-22,10000002,40,448.6,448.6,448.6,96008226,985,
2019-06-22,10000002,11399,9024.04,9024.09,9023.83,1199677,362,
2019-06-23,10000002,34,6.66,6.73,6.35,6566558319,2062,
2019-06-23,10000002,35,4.48,4.49,4.44,2118522506,1577,
2019-06-23,10000002,36,63.99,64.5,61.35,577251706,1411,
2019-06-23,10000002,37,15.99,16.1,15.41,139849240,1202,
2019-06-23,10000002,38,305.14,319.14,303.05,46304357,1097,
2019-06-23,10000002,39,529.84,529.97,511.87,25798566,1193,
2019-06-23,10000002,40,427.33,448.83,427.27,25749568,1076,
2019-06-23,10000002,11399,9022.98,9022.98,9022.98,1887708,422,
2019-06-24,10000002,34,6.56,6.96,6.53,6871158215,1665,
2019-06-24,10000002,35,4.45,4.48,4.23,2221645178,1272,
2019-06-24,10000002,36,63.37,64.05,61.4,466471270,1091,
2019-06-24,10000002,37,15.28,15.28,15.28,1815721883,917,
2019-06-24,10000002,38,310,318.43,310,60388775,828,
2019-06-24,10000002,39,506.05,529.43,505.42,30130368,894,
2019-06-24,10000002,40,427.76,427.77,427.76,35545998,773,
2019-06-24,10000002,11399,8764.61,9023.93,8753,1438261,352,
2019-06-25,10000002,34,6.6,6.67,6.4,5745443790,1718,
2019-06-25,10000002,35,4.45,4.48,4.39,1365885923,1285,
2019-06-25,10000002,36,63.99,64.02,63,409956880,1150,
2019-06-25,10000002,37,15.05,15.05,15.05,1352545625,946,
2019-06-25,10000002,38,302.13,316.67,302.03,48737407,892,
2019-06-25,10000002,39,529.11,529.21,500,17543521,912,
2019-06-25,10000002,40,460,460,460,41502597,775,
2019-06-25,10000002,11399,9040,9079.99,9029,1302172,382,
2019-06-26,10000002,34,6.4,6.42,6.21,9032609227,1601,
2019-06-26,10000002,35,4.42,4.44,4.3,2182339734,1260,
2019-06-26,10000002,36,64.03,68.23,61.66,742912578,1215,
2019-06-26,10000002,37,15,15,15,1048137289,975,
2019-06-26,10000002,38,311.92,313.9,294.31,53172435,900,
2019-06-26,10000002,39,528.73,528.88,495.12,29767350,958,
2019-06-26,10000002,40,427.88,452.8,427.85,18281949,853,
2019-06-26,10000002,11399,9000.92,9019.95,8752.03,646415,331,
2019-06-27,10000002,34,6.28,6.35,6.08,6674750858,1445,
2019-06-27,10000002,35,4.31,4.4,4.11,2227594919,1090,
2019-06-27,10000002,36,64.46,65.67,62.51,472619787,1075,
2019-06-27,10000002,37,15,15.29,14.5,139509734,874,
2019-06-27,10000002,38,294.28,310.69,294,51378198,799,
2019-06-27,10000002,39,498.02,523.75,495.42,30802127,873,
2019-06-27,10000002,40,447.95,448.98,423.38,12312628,742,
2019-06-27,10000002,11399,8990,8990,8990,913758,343,
2019-06-28,10000002,34,6.27,6.28,6.03,7997710957,1638,
2019-06-28,10000002,35,4.2,4.4,4.11,2308536909,1223,
2019-06-28,10000002,36,60.7,62.44,59.98,835276986,1106,
2019-06-28,10000002,37,14.5,14.78,14.29,365096870,913,
2019-06-28,10000002,38,309.94,310.41,303,35297986,866,
2019-06-28,10000002,39,495.04,514.99,494.79,32824996,899,
2019-06-28,10000002,40,423.37,444.4,420.85,20012447,813,
2019-06-28,10000002,11399,8975,8984.93,8753.31,1187540,372,
2019-06-29,10000002,34,6.44,6.44,6.43,8467364964,1866,
2019-06-29,10000002,35,4.39,4.4,4.3,2392681244,1417,
2019-06-29,10000002,36,62.49,62.92,61,689755592,1311,
2019-06-29,10000002,37,14.48,14.5,14.13,360595519,1061,
2019-06-29,10000002,38,308.98,309.46,295.56,47942938,998,
2019-06-29,10000002,39,514.91,514.98,514,25389916,1089,
2019-06-29,10000002,40,425.03,441.2,417.91,17755979,942,
2019-06-29,10000002,11399,8799.99,8984.82,8755,1872525,363,
2019-06-30,10000002,34,6.78,6.97,6.63,7081158754,2071,
2019-06-30,10000002,35,4.3,4.36,4.3,2871078252,1575,
2019-06-30,10000002,36,68.67,68.73,61.49,1539405607,1513,
2019-06-30,10000002,37,14.53,14.53,14.5,1702274622,1328,
2019-06-30,10000002,38,295.68,310.49,290.01,161454902,1159,
2019-06-30,10000002,39,518,522.97,503.12,66110259,1193,
2019-06-30,10000002,40,439.9,441.17,425.17,41067322,1028,
2019-06-30,10000002,11399,8983.81,9007.92,8335.28,3049821,523,
2019-07-01,10000002,34,7,7.28,6.78,6097752969,1711,
2019-07-01,10000002,35,4.37,4.38,4.21,1923861014,1286,
2019-07-01,10000002,36,64.06,67.91,63.87,599857586,1269,
2019-07-01,10000002,37,14.5,14.5,14.5,474470249,991,
2019-07-01,10000002,38,311.81,311.84,300,61018675,956,
2019-07-01,10000002,39,535.7,535.86,506.12,12870389,927,
2019-07-01,10000002,40,443.38,443.38,441.14,10416320,842,
2019-07-01,10000002,11399,9019.69,9019.69,9019.69,5695329,395,
2019-07-02,10000002,34,6.97,7.05,6.67,7014705567,1626,
2019-07-02,10000002,35,4.39,4.4,4.32,2305527399,1206,
2019-07-02,10000002,36,62.31,62.37,61.85,647356341,1058,
2019-07-02,10000002,37,14,14,14,363334795,878,
2019-07-02,10000002,38,309.57,309.59,304.99,47514790,804,
2019-07-02,10000002,39,529.99,530,518,17049912,858,
2019-07-02,10000002,40,443.08,443.08,435,26529902,731,
2019-07-02,10000002,11399,9529.95,9529.95,9529.9,1326406,349,
2019-07-03,10000002,34,6.97,7,6.79,6775258050,1679,
2019-07-03,10000002,35,4.38,4.39,4.34,2017153856,1259,
2019-07-03,10000002,36,62.16,62.25,59.21,543446420,1160,
2019-07-03,10000002,37,14.45,14.93,14.27,235734610,1005,
2019-07-03,10000002,38,309.7,318.12,292.9,72090482,951,
2019-07-03,10000002,39,518,518,515,26633282,977,
2019-07-03,10000002,40,429,438.95,420,20124674,866,
2019-07-03,10000002,11399,9152.01,9527.81,9068,1256611,392,
2019-07-04,10000002,34,6.97,7,6.61,7506823232,1659,
2019-07-04,10000002,35,4.08,4.38,4.07,2964361086,1263,
2019-07-04,10000002,36,61.75,61.8,60.96,504077266,1131,
2019-07-04,10000002,37,14.95,14.95,14.95,409890768,978,
2019-07-04,10000002,38,304.99,316.36,293.41,34672255,886,
2019-07-04,10000002,39,510,527.65,491.17,31845538,959,
2019-07-04,10000002,40,442.85,442.85,442.85,19501245,821,
2019-07-04,10000002,11399,9192.81,9527.64,9184.01,674721,338,
2019-07-05,10000002,34,7.07,7.14,6.95,6651755927,1569,
2019-07-05,10000002,35,4.3,4.35,4.17,1373227071,1176,
2019-07-05,10000002,36,62.01,62.06,58.96,483756318,1091,
2019-07-05,10000002,37,15.25,15.42,14.5,189824378,916,
2019-07-05,10000002,38,314.93,314.99,300,61647239,860,
2019-07-05,10000002,39,527.54,527.74,508.2,39313905,885,
2019-07-05,10000002,40,434.2,434.22,418.22,14800803,738,
2019-07-05,10000002,11399,9525.04,9526.82,9250,1762872,376,
2019-07-06,10000002,34,7.08,7.15,6.86,8409029488,1927,
2019-07-06,10000002,35,4.36,4.38,4.29,1887797132,1472,
2019-07-06,10000002,36,61.97,62.01,60.97,587761624,1408,
2019-07-06,10000002,37,15.4,15.4,15.4,194310826,1160,
2019-07-06,10000002,38,309.97,311.99,295.11,41762898,1075,
2019-07-06,10000002,39,534.86,534.95,531,24750926,1134,
2019-07-06,10000002,40,442.13,442.13,442.13,28371620,1001,
2019-07-06,10000002,11399,9530,9850,9527.65,3430624,470,
2019-07-07,10000002,34,7.07,7.12,6.78,6797228086,2147,
2019-07-07,10000002,35,4.32,4.4,4.1,2436102955,1708,
2019-07-07,10000002,36,61.83,62.05,59.93,541364212,1523,
2019-07-07,10000002,37,14.87,15.58,14.82,283085111,1347,
2019-07-07,10000002,38,310.89,311.07,298.13,34949337,1203,
2019-07-07,10000002,39,533.7,534.28,520,16247456,1268,
2019-07-07,10000002,40,439.64,441.81,424.07,12780207,1092,
2019-07-07,10000002,11399,9925.7,9926.88,9900,1037984,426,
2019-07-08,10000002,34,6.99,7.1,6.71,9185790074,1772,
2019-07-08,10000002,35,4.17,4.39,4.05,3449217835,1342,
2019-07-08,10000002,36,61.79,61.84,59.09,629259493,1264,
2019-07-08,10000002,37,15.56,15.56,15.56,167628532,1066,
2019-07-08,10000002,38,310.83,310.84,300,60734561,980,
2019-07-08,10000002,39,525.03,532.87,505.23,24132964,1005,
2019-07-08,10000002,40,438.09,438.21,421.51,15924799,903,
2019-07-08,10000002,11399,9922.54,9949,9922.41,6503614,399,
2019-07-09,10000002,34,7.11,7.19,6.6,5899016827,1760,
2019-07-09,10000002,35,4.38,4.4,4.2,1261461303,1386,
2019-07-09,10000002,36,57.97,62.05,57.64,453836789,1275,
2019-07-09,10000002,37,14.84,15.54,14.81,130936101,1033,
2019-07-09,10000002,38,316.9,316.99,295.47,29348075,912,
2019-07-09,10000002,39,531.69,531.69,529.99,18320930,936,
2019-07-09,10000002,40,421.52,436.8,418.23,18095449,883,
2019-07-09,10000002,11399,10500,10997.97,9950.09,2303015,390,
2019-07-10,10000002,34,7,7.02,6.71,5725787579,1745,
2019-07-10,10000002,35,4.38,4.4,4.31,1984884617,1343,
2019-07-10,10000002,36,58.01,61.06,57.63,557784293,1270,
2019-07-10,10000002,37,15.5,15.54,14.94,124872523,1062,
2019-07-10,10000002,38,296.09,313.97,296.05,37028720,968,
2019-07-10,10000002,39,531.36,531.47,494.58,12194196,1011,
2019-07-10,10000002,40,436.58,436.64,418.21,13812388,904,
2019-07-10,10000002,11399,10951.13,11609.91,10950,1744141,397,
2019-07-11,10000002,34,6.93,6.98,6.72,8644825166,1710,
2019-07-11,10000002,35,4.31,4.33,4.19,2346343003,1363,
2019-07-11,10000002,36,61,62.04,58.01,521538191,1258,
2019-07-11,10000002,37,15.5,15.51,15.49,186909708,1072,
2019-07-11,10000002,38,309.59,309.65,296.1,42726424,979,
2019-07-11,10000002,39,529.89,529.9,529.01,28058217,1049,
2019-07-11,10000002,40,435.12,435.12,435.12,24637922,884,
2019-07-11,10000002,11399,10063.07,10998.24,10063.03,2366807,365,
2019-07-12,10000002,34,6.81,6.88,6.77,8011294945,1795,
2019-07-12,10000002,35,4.32,4.33,4.29,2441651196,1457,
2019-07-12,10000002,36,60.39,61.34,58.12,708922329,1343,
2019-07-12,10000002,37,14.81,15.3,14.78,242838673,1091,
2019-07-12,10000002,38,296.12,316.75,296.1,61293806,1027,
2019-07-12,10000002,39,497.38,497.91,496.72,46780672,1085,
2019-07-12,10000002,40,417.02,417.9,417.01,27798191,972,
2019-07-12,10000002,11399,10108,10108,10108,2555556,426,
2019-07-13,10000002,34,6.71,6.75,6.62,6638592337,1950,
2019-07-13,10000002,35,4.41,4.41,4.41,1443578984,1603,
2019-07-13,10000002,36,61.26,61.34,58.11,438148209,1390,
2019-07-13,10000002,37,15.24,15.31,15.2,105647384,1176,
2019-07-13,10000002,38,316.9,318.29,313.97,62670127,1128,
2019-07-13,10000002,39,497.25,527.72,496.72,34793909,1132,
2019-07-13,10000002,40,434.57,434.76,433.93,10188825,1006,
2019-07-13,10000002,11399,10889.76,10899.86,10849.99,1196341,425,
2019-07-14,10000002,34,6.6,6.62,6.54,7786957238,2219,
2019-07-14,10000002,35,4.38,4.39,4.34,1718730586,1731,
2019-07-14,10000002,36,60,61.4,59.58,610205302,1575,
2019-07-14,10000002,37,15.47,15.54,15.39,204549994,1309,
2019-07-14,10000002,38,318.14,318.22,306.16,43055205,1231,
2019-07-14,10000002,39,515.07,525.92,495.33,30952642,1308,
2019-07-14,10000002,40,441.96,441.96,434.77,27047359,1195,
2019-07-14,10000002,11399,10164.99,10549.02,10164.98,2078460,512,
2019-07-15,10000002,34,6.55,6.79,6.45,7708289699,1792,
2019-07-15,10000002,35,4.37,4.38,4.32,1447917126,1344,
2019-07-15,10000002,36,61.97,61.98,59.64,407002595,1209,
2019-07-15,10000002,37,14.93,15.64,14.76,223231673,1059,
2019-07-15,10000002,38,325,326.94,318.22,79543097,978,
2019-07-15,10000002,39,514.9,515.03,492.46,32014006,995,
2019-07-15,10000002,40,435.95,453.2,417.94,8828559,879,
2019-07-15,10000002,11399,10538.68,10538.68,10538.68,1256722,445,
2019-07-16,10000002,34,6.64,6.68,6.55,6716095747,1624,
2019-07-16,10000002,35,4.41,4.42,4.37,2133478840,1311,
2019-07-16,10000002,36,61.08,61.12,58.36,352723859,1172,
2019-07-16,10000002,37,15.47,15.72,14.9,148291144,990,
2019-07-16,10000002,38,313.16,313.16,313.16,37042959,900,
2019-07-16,10000002,39,513.94,514.71,498.06,17803729,921,
2019-07-16,10000002,40,418.12,451.56,417.96,11718858,827,
2019-07-16,10000002,11399,10518.19,10528.43,10159.14,1914212,464,
2019-07-17,10000002,34,6.43,6.62,6.42,7324903209,1609,
2019-07-17,10000002,35,4.4,4.42,4.33,1853686486,1261,
2019-07-17,10000002,36,58.99,61.61,58.49,618926738,1147,
2019-07-17,10000002,37,14.91,14.91,14.64,146468563,948,
2019-07-17,10000002,38,306,319.97,302.05,37335842,878,
2019-07-17,10000002,39,513.92,513.94,513.91,17220384,883,
2019-07-17,10000002,40,440.21,445.49,435.95,13347668,779,
2019-07-17,10000002,11399,10518.21,10518.21,10518.21,1168417,350,
2019-07-18,10000002,34,6.55,6.59,6.54,6773144141,1778,
2019-07-18,10000002,35,4.4,4.42,4.19,1541121821,1390,
2019-07-18,10000002,36,61,61.45,58.46,517812320,1244,
2019-07-18,10000002,37,14.94,14.98,14.64,139944641,1080,
2019-07-18,10000002,38,315.14,315.34,302,45225409,1003,
2019-07-18,10000002,39,513.98,513.99,513.98,23508047,991,
2019-07-18,10000002,40,445.36,445.41,416.78,16698253,890,
2019-07-18,10000002,11399,10515.43,10515.43,10515,549591,396,
2019-07-19,10000002,34,6.55,6.56,6.42,8629093775,1959,
2019-07-19,10000002,35,4.4,4.41,4.39,2315693143,1494,
2019-07-19,10000002,36,58.01,61.07,57.8,730750806,1370,
2019-07-19,10000002,37,14.94,14.96,14.65,122630253,1161,
2019-07-19,10000002,38,314.69,314.8,300,26554423,1053,
2019-07-19,10000002,39,515.08,524.81,499.04,30160039,1076,
2019-07-19,10000002,40,417.26,444.15,416.94,13954961,972,
2019-07-19,10000002,11399,10202,10514.4,10201,1341139,464,
2019-07-20,10000002,34,6.55,6.64,6.53,8484369023,2139,
2019-07-20,10000002,35,4.42,4.44,4.41,1708029618,1683,
2019-07-20,10000002,36,60.8,60.84,57.85,506648415,1473,
2019-07-20,10000002,37,15.3,15.35,15.14,127906232,1253,
2019-07-20,10000002,38,315.01,315.14,294.56,63573450,1115,
2019-07-20,10000002,39,525.91,525.93,510,19326913,1168,
2019-07-20,10000002,40,444.12,444.14,422.01,8728333,1004,
2019-07-20,10000002,11399,10514.4,10515.39,9900.08,1478987,499,
2019-07-21,10000002,34,6.5,6.56,6.45,9590147962,2450,
2019-07-21,10000002,35,4.38,4.42,4.29,2329638231,1896,
2019-07-21,10000002,36,55,55.35,55,1131765445,1765,
2019-07-21,10000002,37,14.72,15.42,14,344043316,1445,
2019-07-21,10000002,38,315.45,315.45,315.45,60331955,1323,
2019-07-21,10000002,39,525.99,528.21,499.01,21278928,1373,
2019-07-21,10000002,40,421.19,442.63,420.04,14325925,1196,
2019-07-21,10000002,11399,10515.35,10515.4,9911.17,1571307,679,
2019-07-22,10000002,34,6.49,6.5,6.49,8667434525,2088,
2019-07-22,10000002,35,4.43,4.44,4.42,2591810230,1569,
2019-07-22,10000002,36,59.74,60,56.43,807750954,1551,
2019-07-22,10000002,37,14.86,15.37,14.76,198370196,1254,
2019-07-22,10000002,38,314,318.12,310.17,65044241,1172,
2019-07-22,10000002,39,507.01,519.94,499.34,20505479,1196,
2019-07-22,10000002,40,421.25,421.41,421.23,24538695,1064,
2019-07-22,10000002,11399,10528.48,10528.48,10528.41,581553,518,
2019-07-23,10000002,34,6.49,6.53,6.46,7740598531,1934,
2019-07-23,10000002,35,4.48,4.54,4.47,2732927373,1450,
2019-07-23,10000002,36,59.37,59.68,56.95,556026523,1383,
2019-07-23,10000002,37,14.89,15.36,14.88,252303578,1169,
2019-07-23,10000002,38,310.29,315.55,310,53531916,1056,
2019-07-23,10000002,39,514.02,519.64,507.02,23278394,1157,
2019-07-23,10000002,40,417.23,421.02,417.01,23868085,1012,
2019-07-23,10000002,11399,9991.49,10544.98,9991.29,1230069,487,
2019-07-24,10000002,34,6.52,6.56,6.42,9091975855,1794,
2019-07-24,10000002,35,4.51,4.53,4.35,1852333342,1362,
2019-07-24,10000002,36,59.96,60,59.83,814385818,1326,
2019-07-24,10000002,37,14.99,14.99,14.99,282508415,1111,
2019-07-24,10000002,38,310.02,336.93,310,82243695,1019,
2019-07-24,10000002,39,500.03,519.92,499.26,34566827,1050,
2019-07-24,10000002,40,418.09,437.47,418.01,22812694,895,
2019-07-24,10000002,11399,10050,10544.52,9999.06,1245708,440,
2019-07-25,10000002,34,6.4,6.5,6.39,9647243028,1910,
2019-07-25,10000002,35,4.44,4.46,4.25,2153751136,1471,
2019-07-25,10000002,36,59.8,59.84,57.98,533567640,1363,
2019-07-25,10000002,37,15.15,15.16,15.04,144403648,1164,
2019-07-25,10000002,38,305.07,329.89,300.59,54386892,1063,
2019-07-25,10000002,39,523.9,523.94,499.25,20780404,1096,
2019-07-25,10000002,40,418.08,433.63,418.07,16175073,965,
2019-07-25,10000002,11399,10531.26,10531.77,9912.87,945769,446,
2019-07-26,10000002,34,6.48,6.55,6.38,8080318055,2007,
2019-07-26,10000002,35,4.49,4.5,4.46,1202915181,1536,
2019-07-26,10000002,36,59.84,59.85,59.82,531503664,1426,
2019-07-26,10000002,37,15.15,15.15,15.15,106333141,1230,
2019-07-26,10000002,38,322.64,323.73,318.02,33539423,1077,
2019-07-26,10000002,39,523.89,523.96,520,12724434,1137,
2019-07-26,10000002,40,429.9,429.96,418.09,10844344,1004,
2019-07-26,10000002,11399,10509,10509,10509,1606248,491,
2019-07-27,10000002,34,6.5,6.55,6.37,10757162439,2203,
2019-07-27,10000002,35,4.5,4.51,4.34,2437531195,1682,
2019-07-27,10000002,36,59.63,59.7,58.99,596804487,1491,
2019-07-27,10000002,37,15,15.15,14.8,247397809,1286,
2019-07-27,10000002,38,311.99,315.22,306.35,53266934,1132,
2019-07-27,10000002,39,523.95,528.97,507.53,21923937,1224,
2019-07-27,10000002,40,429.86,429.87,420.03,12085465,1039,
2019-07-27,10000002,11399,10509,10531.02,10508.99,1658417,635,
2019-07-28,10000002,34,6.49,6.57,6.47,10098265195,2491,
2019-07-28,10000002,35,4.44,4.5,4.2,3473057344,1978,
2019-07-28,10000002,36,59.02,59.57,56.12,839418414,1691,
2019-07-28,10000002,37,15.02,15.64,15,388842191,1484,
2019-07-28,10000002,38,311.69,311.9,302.52,42962946,1331,
2019-07-28,10000002,39,510,523.92,505,39091215,1437,
2019-07-28,10000002,40,418.11,418.13,418.11,25442464,1268,
2019-07-28,10000002,11399,10496,10497,9868.24,2959362,572,
2019-07-29,10000002,34,6.49,6.57,6.4,9447595811,2090,
2019-07-29,10000002,35,4.45,4.5,4.3,2854542136,1603,
2019-07-29,10000002,36,57.96,58.29,56.07,859370670,1441,
2019-07-29,10000002,37,15.72,15.78,15.07,722159544,1267,
2019-07-29,10000002,38,296.21,310.89,296.14,54320768,1086,
2019-07-29,10000002,39,499.3,523.77,499.29,27784075,1228,
2019-07-29,10000002,40,432.39,432.99,432.32,37218671,1059,
2019-07-29,10000002,11399,12399,12995,11609.98,2331360,478,
2019-07-30,10000002,34,6.6,6.64,6.59,7007796518,2018,
2019-07-30,10000002,35,4.54,4.54,4.54,2037401285,1628,
2019-07-30,10000002,36,57.79,57.85,57.78,659320061,1452,
2019-07-30,10000002,37,15.8,17.4,15.56,448271878,1272,
2019-07-30,10000002,38,310,310.7,295.08,57072257,1148,
2019-07-30,10000002,39,522.94,523.74,492.84,31705593,1249,
2019-07-30,10000002,40,418.41,442.32,418.26,26175899,1078,
2019-07-30,10000002,11399,13809.82,13820.19,13809.51,313613,500,
2019-07-31,10000002,34,6.6,6.66,6.4,8054248235,2094,
2019-07-31,10000002,35,4.53,4.54,4.28,2927723922,1667,
2019-07-31,10000002,36,57.71,57.8,54.49,922781627,1524,
2019-07-31,10000002,37,15.46,15.81,15.45,542835138,1221,
2019-07-31,10000002,38,307.84,309.85,298.5,36187691,1140,
2019-07-31,10000002,39,522.42,522.83,515,24905894,1169,
2019-07-31,10000002,40,440.05,442.2,412.87,8066031,998,
2019-07-31,10000002,11399,11962.35,11962.35,11962.35,1750035,447,
2019-08-01,10000002,34,6.55,6.64,6.5,5699893205,1884,
2019-08-01,10000002,35,4.51,4.54,4.4,1684610947,1485,
2019-08-01,10000002,36,57.85,58.74,57,405846200,1378,
2019-08-01,10000002,37,15.75,15.93,15.34,138424868,1119,
2019-08-01,10000002,38,305.74,305.85,298.25,31975057,1002,
2019-08-01,10000002,39,495.1,522.36,493.65,26458691,1063,
2019-08-01,10000002,40,415.1,434.99,412.8,19244554,1002,
2019-08-01,10000002,11399,13300,13471.02,12402.42,1360264,488,
2019-08-02,10000002,34,6.55,6.55,6.55,7064240356,2010,
2019-08-02,10000002,35,4.5,4.54,4.4,1544113496,1536,
2019-08-02,10000002,36,55,56.04,55,963631956,1462,
2019-08-02,10000002,37,15.33,15.85,14.82,219472506,1190,
2019-08-02,10000002,38,302,302.77,289.3,32800644,1021,
2019-08-02,10000002,39,499.33,520.88,492.49,20936003,1131,
2019-08-02,10000002,40,419.01,435.39,412.8,11674017,1034,
2019-08-02,10000002,11399,12479.85,12479.86,12000.08,1466672,423,
2019-08-03,10000002,34,6.69,6.99,6.4,6676748812,2277,
2019-08-03,10000002,35,4.52,4.54,4.48,2044206342,1675,
2019-08-03,10000002,36,57.91,57.92,56.94,609701204,1524,
2019-08-03,10000002,37,15.7,15.82,15.09,143665998,1328,
2019-08-03,10000002,38,302.71,302.76,300,43318351,1200,
2019-08-03,10000002,39,520.46,520.85,492.42,27977504,1245,
2019-08-03,10000002,40,434.35,434.39,412.18,12152058,1099,
2019-08-03,10000002,11399,11972,12000.1,11965.02,1687861,435,
2019-08-04,10000002,34,6.59,7.27,6.48,7839008053,2434,
2019-08-04,10000002,35,4.52,4.54,4.17,2416692841,1901,
2019-08-04,10000002,36,55.15,57.56,53.59,945437764,1689,
2019-08-04,10000002,37,14.8,14.83,14.77,276332298,1386,
2019-08-04,10000002,38,279.12,298.86,275.26,51779526,1284,
2019-08-04,10000002,39,490,520.88,489.39,25301600,1295,
2019-08-04,10000002,40,429.87,433,408.63,19640117,1169,
2019-08-04,10000002,11399,12399.83,12399.94,10956.26,1862941,438,
2019-08-05,10000002,34,6.54,7.08,6.5,7937083013,1992,
2019-08-05,10000002,35,4.67,4.68,4.53,1871874892,1505,
2019-08-05,10000002,36,57.54,57.59,57.34,591734504,1339,
2019-08-05,10000002,37,15.79,15.83,15.75,139732132,1147,
2019-08-05,10000002,38,297.7,297.74,297.36,35220047,1052,
2019-08-05,10000002,39,520.9,520.92,520.77,14295054,1076,
2019-08-05,10000002,40,430,430.01,424.01,8978750,932,
2019-08-05,10000002,11399,11600,12399.94,10956.06,1078352,345,
2019-08-06,10000002,34,6.82,7.42,6.67,7920412673,2098,
2019-08-06,10000002,35,4.65,4.68,4.26,2251640484,1566,
2019-08-06,10000002,36,57.56,57.75,53.66,416757785,1379,
2019-08-06,10000002,37,17.27,17.59,15.87,116635144,1136,
2019-08-06,10000002,38,297.64,297.76,280,30966529,1051,
2019-08-06,10000002,39,520,520.91,490.21,16188419,1086,
2019-08-06,10000002,40,432.94,432.96,401.45,9378945,944,
2019-08-06,10000002,11399,12600,12749.99,12600,837501,395,
2019-08-07,10000002,34,6.9,7.09,6.59,5177086840,1950,
2019-08-07,10000002,35,4.37,4.48,4.28,1361017241,1537,
2019-08-07,10000002,36,55.86,56.87,52.69,521758041,1300,
2019-08-07,10000002,37,15.93,16.98,15.91,161430100,1100,
2019-08-07,10000002,38,295,297.67,279.1,44888621,1048,
2019-08-07,10000002,39,491.06,512.46,490.3,25483768,1055,
2019-08-07,10000002,40,401.42,401.42,401.42,25975868,916,
2019-08-07,10000002,11399,10104.53,11600.01,9971.89,3496235,410,
2019-08-08,10000002,34,7.01,7.06,6.57,6631694303,1955,
2019-08-08,10000002,35,4.48,4.6,4.38,2270632280,1532,
2019-08-08,10000002,36,55.25,55.6,52.67,665688633,1345,
2019-08-08,10000002,37,17.01,17.01,16.36,630562873,1144,
2019-08-08,10000002,38,294.85,294.88,279.12,43060421,1009,
2019-08-08,10000002,39,520.65,520.7,519.84,21619303,1030,
2019-08-08,10000002,40,431.71,432.99,401.64,42482779,924,
2019-08-08,10000002,11399,10980.32,11996.93,10980.3,2157232,413,
2019-08-09,10000002,34,6.91,7.03,6.61,8369197094,1910,
2019-08-09,10000002,35,4.4,4.55,4.4,2605585547,1507,
2019-08-09,10000002,36,55.57,55.6,52.59,507467729,1405,
2019-08-09,10000002,37,16.2,17.65,16,165424396,1113,
2019-08-09,10000002,38,294.51,294.53,291,40817777,1076,
2019-08-09,10000002,39,505.2,520,491.25,24853335,1043,
2019-08-09,10000002,40,434.79,435,405.11,10156053,909,
2019-08-09,10000002,11399,11899.98,11979.99,11200,1226810,398,
2019-08-10,10000002,34,6.96,7,6.87,7428726719,2260,
2019-08-10,10000002,35,4.66,4.67,4.64,2208609062,1749,
2019-08-10,10000002,36,55.2,55.26,52.96,530750204,1616,
2019-08-10,10000002,37,17.11,17.23,16.99,144677649,1317,
2019-08-10,10000002,38,292.95,293.99,285.7,41184085,1167,
2019-08-10,10000002,39,491.12,518.69,480.03,33174151,1264,
2019-08-10,10000002,40,401.65,410,401.65,35385425,1082,
2019-08-10,10000002,11399,11579.87,11679.96,11502.15,917064,441,
2019-08-11,10000002,34,6.91,6.93,6.75,9747658699,2354,
2019-08-11,10000002,35,4.75,5.81,4.64,5000831455,1901,
2019-08-11,10000002,36,54.96,54.98,54,749300122,1653,
2019-08-11,10000002,37,16.97,17.1,15.99,548923614,1382,
2019-08-11,10000002,38,291.96,291.98,286.15,52790262,1174,
2019-08-11,10000002,39,518.35,518.37,488,25770434,1203,
2019-08-11,10000002,40,434.24,434.48,428,19650843,1047,
2019-08-11,10000002,11399,11678.94,11678.95,11580,1826479,517,
2019-08-12,10000002,34,6.84,6.97,6.52,8514800602,2033,
2019-08-12,10000002,35,5.19,6.12,4.67,2359998399,1606,
2019-08-12,10000002,36,55.53,55.84,52.46,668895993,1405,
2019-08-12,10000002,37,16,17.23,15.66,172636536,1179,
2019-08-12,10000002,38,286,295.93,281.11,55705037,1099,
2019-08-12,10000002,39,517.78,518.16,488.04,28919360,1134,
2019-08-12,10000002,40,412,433.64,388.53,20185902,983,
2019-08-12,10000002,11399,11679.96,11719.96,11510,1042846,405,
2019-08-13,10000002,34,6.87,6.98,6.64,6746550346,1924,
2019-08-13,10000002,35,5.05,5.45,4.82,1849496074,1486,
2019-08-13,10000002,36,55.76,55.94,54.91,415993488,1329,
2019-08-13,10000002,37,16.44,16.45,15.92,208013097,1108,
2019-08-13,10000002,38,295.47,295.93,280.1,31399892,980,
2019-08-13,10000002,39,516.69,516.95,510,17406315,1081,
2019-08-13,10000002,40,425,429.96,388.61,9520153,907,
2019-08-13,10000002,11399,12299.98,12299.98,12221.05,939661,363,
2019-08-14,10000002,34,6.95,6.99,6.6,6236491579,1907,
2019-08-14,10000002,35,4.77,5.08,4.6,3002989209,1457,
2019-08-14,10000002,36,55,55.7,54,422210692,1263,
2019-08-14,10000002,37,15.64,15.75,15.63,146910896,1063,
2019-08-14,10000002,38,292.64,295.36,282.03,35042085,995,
2019-08-14,10000002,39,500,516.19,490.56,21608860,1047,
2019-08-14,10000002,40,459.75,465,433.01,116604219,1002,
2019-08-14,10000002,11399,11300.02,12220.94,11254.18,1228687,459,
2019-08-15,10000002,34,6.93,7.1,6.62,6258358454,1891,
2019-08-15,10000002,35,4.9,4.92,4.88,1413281602,1435,
2019-08-15,10000002,36,55.46,55.56,52.5,393104487,1312,
2019-08-15,10000002,37,15.87,16.1,15,138700396,1094,
2019-08-15,10000002,38,289.91,290,287.98,35612605,998,
2019-08-15,10000002,39,516.29,516.9,516.09,20507745,1057,
2019-08-15,10000002,40,529.23,529.83,441.17,8124072,894,
2019-08-15,10000002,11399,12220.56,12220.7,11031.88,716168,406,
2019-08-16,10000002,34,7.15,7.21,6.76,6194664879,1942,
2019-08-16,10000002,35,4.87,4.88,4.63,1693940281,1511,
2019-08-16,10000002,36,53.8,55.33,51.7,585481609,1394,
2019-08-16,10000002,37,16.06,16.07,15.07,416216833,1199,
2019-08-16,10000002,38,288.57,288.6,282.83,42940425,1083,
2019-08-16,10000002,39,516.72,516.78,516.67,22545181,1146,
2019-08-16,10000002,40,460.69,496.26,460.42,21969577,997,
2019-08-16,10000002,11399,12220.44,12220.44,12220.44,645217,504,
2019-08-17,10000002,34,6.95,7.15,6.93,11467427558,2194,
2019-08-17,10000002,35,4.88,4.89,4.86,3316923942,1714,
2019-08-17,10000002,36,55.27,55.3,54.96,650207850,1500,
2019-08-17,10000002,37,16.26,17.58,15.2,600132708,1312,
2019-08-17,10000002,38,283.02,295.93,282.7,66737003,1199,
2019-08-17,10000002,39,515,518.13,493.29,22118781,1244,
2019-08-17,10000002,40,492.91,493.2,492.84,11551714,1053,
2019-08-17,10000002,11399,11905.16,11999.99,11600.13,1619361,481,
2019-08-18,10000002,34,6.99,7.06,6.8,8729835208,2285,
2019-08-18,10000002,35,4.88,4.89,4.76,2026880945,1804,
2019-08-18,10000002,36,55.26,58.78,55.09,974315715,1633,
2019-08-18,10000002,37,17.79,17.79,17.79,587351436,1372,
2019-08-18,10000002,38,286.85,295.66,283,71093316,1198,
2019-08-18,10000002,39,509.93,518.01,496.59,33157871,1236,
2019-08-18,10000002,40,481.08,488.89,446.73,14484609,1070,
2019-08-18,10000002,11399,12179.83,12220.36,11890,1783651,521,
2019-08-19,10000002,34,7,7,7,7275107016,1883,
2019-08-19,10000002,35,4.91,4.92,4.89,2070636997,1549,
2019-08-19,10000002,36,58.53,58.6,54.88,958948142,1441,
2019-08-19,10000002,37,16.5,16.52,16.44,222623954,1206,
2019-08-19,10000002,38,294.35,294.9,282.8,43018748,1087,
2019-08-19,10000002,39,516.81,517.9,514,25451801,1149,
2019-08-19,10000002,40,472.44,478.99,450.22,20980225,1031,
2019-08-19,10000002,11399,12179.84,12179.93,12178.96,794664,491,
2019-08-20,10000002,34,6.94,7,6.73,8350654722,1889,
2019-08-20,10000002,35,4.82,4.9,4.43,1526481826,1483,
2019-08-20,10000002,36,57.49,58.35,53.94,598913652,1319,
2019-08-20,10000002,37,15.69,16.96,15.57,199486100,1055,
2019-08-20,10000002,38,292.82,293.96,282.83,49189889,986,
2019-08-20,10000002,39,514.87,515.79,490,25991630,1009,
2019-08-20,10000002,40,450.13,477.18,446.53,23650111,882,
2019-08-20,10000002,11399,12220.48,12221.05,12179.93,565129,457,
2019-08-21,10000002,34,7.13,7.19,6.91,6985697522,1915,
2019-08-21,10000002,35,5.49,5.56,5.41,1907322249,1581,
2019-08-21,10000002,36,57.56,58.02,54.11,776801144,1449,
2019-08-21,10000002,37,17,17.5,16.97,475097695,1257,
2019-08-21,10000002,38,282.88,290.91,282.74,44005044,1056,
2019-08-21,10000002,39,510.96,511,510.95,16853513,1083,
2019-08-21,10000002,40,470.74,472.63,432.51,12281932,1006,
2019-08-21,10000002,11399,12300,12700,12299.99,1514156,432,
2019-08-22,10000002,34,6.99,7.36,6.86,8178874936,1923,
2019-08-22,10000002,35,6.18,6.33,5.5,2135122750,1536,
2019-08-22,10000002,36,56.26,57.19,52.82,635600177,1356,
2019-08-22,10000002,37,16.63,18.3,16.63,172541887,1103,
2019-08-22,10000002,38,287,290.6,282.88,57159218,1056,
2019-08-22,10000002,39,510.65,510.85,495,20912437,1120,
2019-08-22,10000002,40,452.41,464.15,432.49,10527936,976,
2019-08-22,10000002,11399,11911.41,12856.77,11905.41,602734,417,
2019-08-23,10000002,34,7.05,7.35,6.8,5912712917,1931,
2019-08-23,10000002,35,4.95,5.7,4.9,2809593283,1553,
2019-08-23,10000002,36,56.4,56.71,52.91,438090418,1363,
2019-08-23,10000002,37,16.9,16.9,16.9,318109941,1191,
2019-08-23,10000002,38,290,290.72,282.88,52519091,1057,
2019-08-23,10000002,39,509.94,509.95,489.22,22664052,1146,
2019-08-23,10000002,40,409.99,439.42,409.89,11575087,999,
2019-08-23,10000002,11399,13000,13300,13000,605380,406,
2019-08-24,10000002,34,7.06,7.12,7,8615498193,2104,
2019-08-24,10000002,35,5.41,5.42,5.01,2166354604,1679,
2019-08-24,10000002,36,55.86,55.86,55.84,584202948,1498,
2019-08-24,10000002,37,18.05,18.12,17.06,313685812,1292,
2019-08-24,10000002,38,290.71,291.93,279.13,60158601,1189,
2019-08-24,10000002,39,510,515.64,489.53,30483600,1262,
2019-08-24,10000002,40,409.95,409.98,396.63,16432904,1062,
2019-08-24,10000002,11399,13000.01,13456.9,13000,844450,493,
2019-08-25,10000002,34,6.9,6.96,6.59,5834961060,2227,
2019-08-25,10000002,35,5.18,5.22,4.8,1640098448,1698,
2019-08-25,10000002,36,54.47,55.6,52.04,422178183,1531,
2019-08-25,10000002,37,17.88,17.92,16.76,208751930,1354,
2019-08-25,10000002,38,285,295.74,269.23,36888849,1205,
2019-08-25,10000002,39,516.95,519.74,485,16129489,1281,
2019-08-25,10000002,40,419,419.85,404,13639587,1088,
2019-08-25,10000002,11399,13456.86,13457.95,12960.15,1381418,456,
2019-08-26,10000002,34,6.92,7.14,6.55,6048440968,1890,
2019-08-26,10000002,35,5.13,5.15,5.09,1862533617,1533,
2019-08-26,10000002,36,52.63,55.34,51.91,721690769,1377,
2019-08-26,10000002,37,16.77,16.8,16.77,208060719,1202,
2019-08-26,10000002,38,292.44,295.65,269.5,25944156,1058,
2019-08-26,10000002,39,509.98,519.73,477.91,21630653,1087,
2019-08-26,10000002,40,398.02,404,396.45,20300094,979,
2019-08-26,10000002,11399,12789,13000,12789,2116576,455,
2019-08-27,10000002,34,6.9,7,6.51,5247923802,1693,
2019-08-27,10000002,35,5.08,5.09,5.02,1841370972,1323,
2019-08-27,10000002,36,52.73,53.81,52.03,408407307,1160,
2019-08-27,10000002,37,16.79,17,16.75,119599850,990,
2019-08-27,10000002,38,282,292,270.31,44459946,922,
2019-08-27,10000002,39,519.74,519.76,478.52,22876789,922,
2019-08-27,10000002,40,398,398.02,398,29429831,801,
2019-08-27,10000002,11399,12518.06,13749.98,12518.05,1167725,382,
2019-08-28,10000002,34,6.9,7.01,6.57,4538454247,1611,
2019-08-28,10000002,35,4.6,4.64,4.55,1426568632,1211,
2019-08-28,10000002,36,53.56,53.7,48.79,504263162,1102,
2019-08-28,10000002,37,16,16.02,15.99,198677293,914,
2019-08-28,10000002,38,271.1,290.65,271.04,27200375,823,
2019-08-28,10000002,39,478.62,499,478.52,17057461,901,
2019-08-28,10000002,40,405,408.99,396.73,12605633,779,
2019-08-28,10000002,11399,13720.97,13722,12531.03,610509,366,
2019-08-29,10000002,34,6.97,7.05,6.68,5130608994,1588,
2019-08-29,10000002,35,4.87,4.97,4.59,1566356940,1312,
2019-08-29,10000002,36,53.38,53.51,52.94,467659633,1144,
2019-08-29,10000002,37,16.35,16.38,16.02,186508706,1009,
2019-08-29,10000002,38,282,290.08,271.03,35079258,929,
2019-08-29,10000002,39,494.95,494.99,478.41,24330292,992,
2019-08-29,10000002,40,396.44,396.46,396.43,19582519,879,
2019-08-29,10000002,11399,12547,13700,12540.03,878921,381,
2019-08-30,10000002,34,6.83,6.95,6.52,7617846581,1565,
2019-08-30,10000002,35,4.78,4.88,4.45,2175804102,1270,
2019-08-30,10000002,36,52.77,52.89,49.33,633070149,1205,
2019-08-30,10000002,37,16.15,16.15,16.02,412319967,1046,
2019-08-30,10000002,38,271.23,287.97,271.15,43685640,866,
2019-08-30,10000002,39,479.65,479.83,472.84,28996633,981,
2019-08-30,10000002,40,396.44,396.44,396.44,27439384,829,
2019-08-30,10000002,11399,12602.22,13000,12532,1597809,408,
2019-08-31,10000002,34,6.67,6.89,6.57,8416727090,1827,
2019-08-31,10000002,35,4.72,4.73,4.7,1517746495,1487,
2019-08-31,10000002,36,52.72,52.79,52.46,527990265,1349,
2019-08-31,10000002,37,16.17,16.17,16.17,325786358,1161,
2019-08-31,10000002,38,280,286.82,270.35,51585123,1057,
2019-08-31,10000002,39,474.98,476.83,450.04,26623541,1106,
2019-08-31,10000002,40,408.23,408.23,408.23,35425892,938,
2019-08-31,10000002,11399,13299.86,13299.87,13299.84,485568,409,
2019-09-01,10000002,34,6.69,6.92,6.55,7307555148,1935,
2019-09-01,10000002,35,4.62,4.65,4.4,2606636170,1560,
2019-09-01,10000002,36,52.16,52.36,48.9,606944689,1404,
2019-09-01,10000002,37,16.57,16.64,16.25,218726974,1168,
2019-09-01,10000002,38,282.93,286.5,270.42,51743818,1106,
2019-09-01,10000002,39,470.06,473.97,456.51,24306927,1135,
2019-09-01,10000002,40,388.08,407.12,384.2,27714509,977,
2019-09-01,10000002,11399,13297.91,13297.91,13297.91,1357803,386,
2019-09-02,10000002,34,6.85,7.02,6.77,5287573758,1638,
2019-09-02,10000002,35,4.51,4.57,4.45,1363824251,1341,
2019-09-02,10000002,36,51.52,51.95,47.77,487918479,1195,
2019-09-02,10000002,37,16.64,16.66,16.07,181925216,972,
2019-09-02,10000002,38,282.93,285.51,271,34090316,888,
2019-09-02,10000002,39,470,470,469.99,30278513,1005,
2019-09-02,10000002,40,398.99,419,372.48,11274075,820,
2019-09-02,10000002,11399,12788.89,12788.9,12788.84,868165,387,
2019-09-03,10000002,34,6.8,6.82,6.76,6696694375,1494,
2019-09-03,10000002,35,4.59,4.67,4.44,1941893659,1207,
2019-09-03,10000002,36,51.81,51.86,51.44,566237251,1101,
2019-09-03,10000002,37,17,17.5,16.05,260823928,905,
2019-09-03,10000002,38,283.93,284.12,280,39611974,794,
2019-09-03,10000002,39,460,470,459.98,27972508,859,
2019-09-03,10000002,40,387.75,400,372.21,16905156,785,
2019-09-03,10000002,11399,12005.08,12499,12001.04,647062,328,
2019-09-04,10000002,34,6.77,6.81,6.54,7744329074,1527,
2019-09-04,10000002,35,4.54,4.66,4.5,1896891678,1300,
2019-09-04,10000002,36,51.05,51.27,50.37,454181648,1142,
2019-09-04,10000002,37,16.23,17.22,15.99,126940545,1000,
2019-09-04,10000002,38,274.61,282.25,255.47,37877593,928,
2019-09-04,10000002,39,454.88,458.5,430.38,18809634,948,
2019-09-04,10000002,40,387.6,387.73,386.54,18488019,840,
2019-09-04,10000002,11399,12482,12482,12400,1093494,375,
2019-09-05,10000002,34,6.7,6.78,6.48,6164164103,1588,
2019-09-05,10000002,35,4.46,4.52,4.34,1810152465,1262,
2019-09-05,10000002,36,49,49.85,48,485469742,1146,
2019-09-05,10000002,37,15.99,16,15.99,176767875,964,
2019-09-05,10000002,38,255.89,274.18,255.62,43892312,897,
2019-09-05,10000002,39,452.95,454.66,431.52,20295903,949,
2019-09-05,10000002,40,352.49,385.6,352.39,22603473,836,
2019-09-05,10000002,11399,12482.8,12482.81,12482.79,576250,329,
2019-09-06,10000002,34,6.94,7,6.6,6133970758,1603,
2019-09-06,10000002,35,4.72,4.73,4.31,1921871766,1275,
2019-09-06,10000002,36,49.47,49.49,49,928706630,1133,
2019-09-06,10000002,37,16.23,17.13,15.66,172845355,962,
2019-09-06,10000002,38,271.7,271.76,255.71,32546321,930,
2019-09-06,10000002,39,453,453,453,22729559,963,
2019-09-06,10000002,40,383.65,383.71,352.47,10974402,821,
2019-09-06,10000002,11399,12499,12499.01,12492.79,790677,350,
2019-09-07,10000002,34,6.9,6.95,6.58,5983142057,1791,
2019-09-07,10000002,35,4.66,4.72,4.48,1606408017,1471,
2019-09-07,10000002,36,49.46,51.13,47,450503882,1336,
2019-09-07,10000002,37,15.77,15.77,15.77,202199434,1086,
2019-09-07,10000002,38,271.64,271.65,271.41,31641657,999,
2019-09-07,10000002,39,469.83,469.91,432.16,15044470,1039,
2019-09-07,10000002,40,381.04,381.14,352.42,15777772,944,
2019-09-07,10000002,11399,12009.02,12497.99,12008.4,1981403,376,
2019-09-08,10000002,34,6.85,6.95,6.5,6591388249,1871,
2019-09-08,10000002,35,4.72,4.75,4.38,1705280070,1504,
2019-09-08,10000002,36,49.98,50.99,46.91,589750746,1305,
2019-09-08,10000002,37,15.77,15.77,15.77,269207294,1109,
2019-09-08,10000002,38,268.99,271.6,255.82,43330654,1048,
2019-09-08,10000002,39,435.41,469.85,435.39,29562913,1113,
2019-09-08,10000002,40,355.73,383.14,353.11,16771827,971,
2019-09-08,10000002,11399,12398.99,12399,12000,772643,413,
2019-09-09,10000002,34,7.01,7.11,6.64,6751865457,1668,
2019-09-09,10000002,35,4.7,4.76,4.34,1653314828,1339,
2019-09-09,10000002,36,48.98,50.53,46.93,472391859,1219,
2019-09-09,10000002,37,16.94,16.97,15.73,224522364,1072,
2019-09-09,10000002,38,270,271.47,255.3,27282121,959,
2019-09-09,10000002,39,504.74,519.35,439.27,27607014,1045,
2019-09-09,10000002,40,353.21,353.21,353.21,33498730,921,
2019-09-09,10000002,11399,12398.99,12399,12000,699064,351,
2019-09-10,10000002,34,6.98,7.09,6.65,7747486267,1761,
2019-09-10,10000002,35,4.67,4.76,4.58,1912247874,1494,
2019-09-10,10000002,36,47.44,48.69,46.9,578162043,1384,
2019-09-10,10000002,37,15.84,16.57,15.76,135383140,1241,
2019-09-10,10000002,38,260,269.95,252.11,38964506,1208,
2019-09-10,10000002,39,452,518.63,447.01,24897553,1215,
2019-09-10,10000002,40,381.73,381.75,354.53,21930147,1161,
2019-09-10,10000002,11399,12398.99,12399,12398.95,488626,446,
2019-09-11,10000002,34,6.98,7.05,6.64,4677525154,1560,
2019-09-11,10000002,35,4.76,4.81,4.58,1636606908,1286,
2019-09-11,10000002,36,48.74,48.85,47.49,442780933,1117,
2019-09-11,10000002,37,15.79,16.98,15.71,163489355,988,
2019-09-11,10000002,38,269.33,269.37,252.11,35260305,938,
2019-09-11,10000002,39,499.91,507.95,469.8,18147626,941,
2019-09-11,10000002,40,380.67,380.68,380.45,14147153,818,
2019-09-11,10000002,11399,12397.97,12399,12397.9,1206254,395,
2019-09-12,10000002,34,6.93,6.95,6.55,7135441621,1562,
2019-09-12,10000002,35,4.55,4.82,4.41,1652214368,1272,
2019-09-12,10000002,36,47.49,48.88,46.36,591237678,1141,
2019-09-12,10000002,37,15.7,16.75,15.19,260027156,962,
2019-09-12,10000002,38,268.99,269.19,252.22,48611714,930,
2019-09-12,10000002,39,450.59,499.18,448.55,24594187,905,
2019-09-12,10000002,40,365.03,380.39,356.46,14111117,821,
2019-09-12,10000002,11399,12499.01,12499.01,12499.01,697312,373,
2019-09-13,10000002,34,6.72,6.98,6.47,8235983716,1609,
2019-09-13,10000002,35,4.81,4.83,4.45,1562535694,1314,
2019-09-13,10000002,36,47.68,48.85,44.28,501773510,1212,
2019-09-13,10000002,37,15.22,16.43,15.19,176606074,1034,
2019-09-13,10000002,38,269.01,269.09,259.96,24568201,969,
2019-09-13,10000002,39,470,489.65,451.02,24377474,1023,
2019-09-13,10000002,40,374.98,380.12,356.49,18501088,912,
2019-09-13,10000002,11399,12499,12499.01,12015.01,755201,482,
2019-09-14,10000002,34,6.79,6.92,6.31,16243265664,1830,
2019-09-14,10000002,35,4.73,4.8,4.4,1867291948,1480,
2019-09-14,10000002,36,47.5,48.35,44.44,731143557,1287,
2019-09-14,10000002,37,15.4,16.17,15.19,176153178,1125,
2019-09-14,10000002,38,257.99,265.57,233.7,76087033,1095,
2019-09-14,10000002,39,451.36,486.62,451.15,39935804,1110,
2019-09-14,10000002,40,380.08,380.33,375,60794001,1004,
2019-09-14,10000002,11399,12027,12998,12000,1489480,427,
2019-09-15,10000002,34,6.88,6.97,6.52,6508316770,1936,
2019-09-15,10000002,35,4.69,4.7,4.51,1926161048,1525,
2019-09-15,10000002,36,47.83,47.95,44.47,596060816,1368,
2019-09-15,10000002,37,15.22,16,15.2,200467756,1247,
2019-09-15,10000002,38,250,257.68,233.75,54456368,1094,
2019-09-15,10000002,39,483.36,484.66,447.02,20222657,1139,
2019-09-15,10000002,40,390,391.02,381.14,24743121,973,
2019-09-15,10000002,11399,12995.36,12995.93,12714.42,802709,495,
2019-09-16,10000002,34,6.75,6.85,6.65,4881848520,1567,
2019-09-16,10000002,35,4.75,4.82,4.52,1618042998,1202,
2019-09-16,10000002,36,46.72,47.02,43.36,605129523,1054,
2019-09-16,10000002,37,15.17,15.2,15.16,294796978,971,
2019-09-16,10000002,38,257.8,257.8,257.8,90374641,816,
2019-09-16,10000002,39,467.93,480.7,450.22,14882582,846,
2019-09-16,10000002,40,390.13,409.88,390.11,15736431,701,
2019-09-16,10000002,11399,12994.94,12994.95,12250,882696,409,
2019-09-17,10000002,34,6.74,6.84,6.53,4665132588,1460,
2019-09-17,10000002,35,4.6,4.71,4.33,1302047796,1176,
2019-09-17,10000002,36,45.96,46.12,43.14,490222272,1060,
2019-09-17,10000002,37,15.3,15.73,14.59,117463016,893,
2019-09-17,10000002,38,254.69,257.06,233.63,27052202,811,
2019-09-17,10000002,39,471.99,472.47,420.66,14798589,876,
2019-09-17,10000002,40,391.05,409.87,391.01,14268899,761,
2019-09-17,10000002,11399,13297.7,13297.78,13297,421877,378,
2019-09-18,10000002,34,6.89,7.05,6.55,5013880113,1460,
2019-09-18,10000002,35,4.82,4.84,4.5,1738424468,1174,
2019-09-18,10000002,36,46,46.18,43.15,449126676,1065,
2019-09-18,10000002,37,14.95,15.95,14.49,144773142,924,
2019-09-18,10000002,38,256.91,256.92,234.93,34095467,816,
2019-09-18,10000002,39,467.89,467.98,451.64,15885262,867,
2019-09-18,10000002,40,391.53,415.16,391.48,11476199,759,
2019-09-18,10000002,11399,13299.9,13698.77,13297,425432,371,
2019-09-19,10000002,34,6.96,6.98,6.76,4915257770,1506,
2019-09-19,10000002,35,4.83,4.9,4.6,1139752255,1207,
2019-09-19,10000002,36,46.08,46.12,45.92,482537016,1067,
2019-09-19,10000002,37,15.6,15.64,15,94023367,938,
2019-09-19,10000002,38,244.94,254.92,233.7,40528833,879,
2019-09-19,10000002,39,464.89,464.95,464,19943686,879,
2019-09-19,10000002,40,413.9,413.9,413.9,10374710,754,
2019-09-19,10000002,11399,13650,13694.03,13312.38,508915,375,
2019-09-20,10000002,34,6.86,6.94,6.49,5956619403,1460,
2019-09-20,10000002,35,4.93,5.01,4.37,1326120329,1141,
2019-09-20,10000002,36,41.95,42,40.47,555005122,1029,
2019-09-20,10000002,37,15.18,15.29,14.46,95861735,914,
2019-09-20,10000002,38,238.99,252.67,235,35189446,846,
2019-09-20,10000002,39,464.5,464.53,454.64,18305953,923,
2019-09-20,10000002,40,391.71,410,391.66,11459901,794,
2019-09-20,10000002,11399,12096.86,12096.86,12096.86,1446338,354,
2019-09-21,10000002,34,6.6,6.78,6.29,7822440149,1812,
2019-09-21,10000002,35,4.74,4.83,4.56,1526248433,1356,
2019-09-21,10000002,36,40.98,41.59,39.99,671116814,1260,
2019-09-21,10000002,37,15.5,15.93,14.99,190069604,1099,
2019-09-21,10000002,38,238.99,249.56,230.02,46418187,993,
2019-09-21,10000002,39,464.53,464.68,431.11,16018775,998,
2019-09-21,10000002,40,413.63,417.59,407.99,40195398,881,
2019-09-21,10000002,11399,13691.71,13691.82,12386.03,879408,442,
2019-09-22,10000002,34,6.74,6.76,6.72,6656930112,1995,
2019-09-22,10000002,35,4.8,4.88,4.51,2424144574,1592,
2019-09-22,10000002,36,44.42,44.66,41.74,591052771,1426,
2019-09-22,10000002,37,15.58,16.25,14.45,182616907,1219,
2019-09-22,10000002,38,247.99,248.48,229.1,47525809,1099,
2019-09-22,10000002,39,460.99,464.78,431.11,36465909,1152,
2019-09-22,10000002,40,394.13,394.15,394.09,34869722,1006,
2019-09-22,10000002,11399,12402,13690.94,12401.09,1317781,490,
2019-09-23,10000002,34,6.64,6.7,6.5,5490549635,1573,
2019-09-23,10000002,35,4.6,4.76,4.58,1255049606,1231,
2019-09-23,10000002,36,42.86,43.4,40.94,447862723,1158,
2019-09-23,10000002,37,15.75,15.77,15.75,111888776,957,
2019-09-23,10000002,38,233.06,241.71,230.02,39877322,894,
2019-09-23,10000002,39,460.97,461.62,421.33,13912620,896,
2019-09-23,10000002,40,393.15,400.99,393.07,14841719,791,
2019-09-23,10000002,11399,13489.88,13689,12800.01,368914,413,
2019-09-24,10000002,34,6.7,6.72,6.52,4547133159,1496,
2019-09-24,10000002,35,4.97,5.01,4.81,1121431411,1206,
2019-09-24,10000002,36,43.11,43.18,41.75,551838855,1095,
2019-09-24,10000002,37,15.62,15.69,14.93,122826269,921,
2019-09-24,10000002,38,235.3,241.04,229.31,41423107,901,
2019-09-24,10000002,39,460.86,460.99,422.24,19772734,896,
2019-09-24,10000002,40,393.06,393.07,393.02,19524136,757,
2019-09-24,10000002,11399,13466.79,13488.61,13466.69,450795,412,
2019-09-25,10000002,34,6.66,6.69,6.5,5051513062,1550,
2019-09-25,10000002,35,4.98,4.98,4.83,1252998852,1216,
2019-09-25,10000002,36,42.94,42.97,41.95,545952875,1081,
2019-09-25,10000002,37,14.75,16.09,13,171284003,935,
2019-09-25,10000002,38,237.96,238.72,236.99,68349780,877,
2019-09-25,10000002,39,464.76,482.95,460.49,25015288,936,
2019-09-25,10000002,40,415.7,415.71,415.65,15132880,776,
2019-09-25,10000002,11399,13299.79,13466.16,13100.07,833880,344,
2019-09-26,10000002,34,6.52,6.7,6.44,5913583417,1460,
2019-09-26,10000002,35,5.01,5.02,4.75,1073848850,1127,
2019-09-26,10000002,36,42.57,42.61,39.11,400002817,1091,
2019-09-26,10000002,37,15.29,16.23,14.44,98657403,906,
2019-09-26,10000002,38,229.7,237,229,41280852,830,
2019-09-26,10000002,39,460.99,479.92,454.99,12546520,871,
2019-09-26,10000002,40,390.01,390.01,390,16322175,746,
2019-09-26,10000002,11399,12616.1,13288.97,12616,986792,345,
2019-09-27,10000002,34,6.79,6.87,6.49,5253865676,1565,
2019-09-27,10000002,35,4.99,5.05,4.65,1090620718,1215,
2019-09-27,10000002,36,41.82,42.22,39.94,439638728,1127,
2019-09-27,10000002,37,14.42,14.42,14.42,204337152,933,
2019-09-27,10000002,38,237.8,237.87,229.51,45549500,916,
2019-09-27,10000002,39,478.99,479.72,469.97,12499708,883,
2019-09-27,10000002,40,409.86,412.69,393.05,6093110,731,
2019-09-27,10000002,11399,13173.97,13188.94,13173.9,369866,358,
2019-09-28,10000002,34,6.73,6.75,6.68,6059132161,1767,
2019-09-28,10000002,35,4.94,4.98,4.88,1809014946,1446,
2019-09-28,10000002,36,41.69,42.58,41.53,552922311,1321,
2019-09-28,10000002,37,14.56,15.41,14.42,230897990,1094,
2019-09-28,10000002,38,236.97,248.08,222.17,45976942,1032,
2019-09-28,10000002,39,460,470,456.29,22875701,1024,
2019-09-28,10000002,40,409.74,409.86,397.96,16048506,854,
2019-09-28,10000002,11399,13171.87,13171.99,12794.63,811135,422,
2019-09-29,10000002,34,6.74,6.99,6.65,8290797735,2010,
2019-09-29,10000002,35,4.99,5.03,4.73,2666180027,1604,
2019-09-29,10000002,36,43.12,43.43,39.48,984533726,1494,
2019-09-29,10000002,37,14.42,14.43,14.19,389039550,1279,
2019-09-29,10000002,38,229.09,235.01,223.35,50151699,1204,
2019-09-29,10000002,39,457.99,466.82,437.54,26625225,1220,
2019-09-29,10000002,40,409.95,412.86,395.25,56944254,1055,
2019-09-29,10000002,11399,13163.99,13167,12800.04,1804010,438,
2019-09-30,10000002,34,6.65,6.72,6.45,6095280697,1733,
2019-09-30,10000002,35,5,5.08,4.97,1507224818,1297,
2019-09-30,10000002,36,42.41,42.5,40,393918534,1124,
2019-09-30,10000002,37,15.26,15.27,15.24,96841883,978,
2019-09-30,10000002,38,236.98,243.77,223.21,25134548,907,
2019-09-30,10000002,39,465,465.97,437.26,15208419,919,
2019-09-30,10000002,40,419.43,419.45,409.83,8933939,771,
2019-09-30,10000002,11399,13163.62,13163.77,12401.17,836256,426,
2019-10-01,10000002,34,6.66,6.8,6.51,6417846836,1331,
2019-10-01,10000002,35,5.13,5.18,5.09,2039234722,1067,
2019-10-01,10000002,36,41.67,41.93,39.42,457765281,954,
2019-10-01,10000002,37,15.16,15.17,15.02,244635268,826,
2019-10-01,10000002,38,240.05,240.8,236.97,48171168,761,
2019-10-01,10000002,39,457,457.5,432,33415980,789,
2019-10-01,10000002,40,400.11,438.5,397.5,22586449,688,
2019-10-01,10000002,11399,12749,12749,12749,656208,347,
2019-10-02,10000002,34,6.39,6.42,6.3,7099671785,1372,
2019-10-02,10000002,35,5.05,5.08,4.99,1391613945,1127,
2019-10-02,10000002,36,41.35,41.47,39.99,424850736,983,
2019-10-02,10000002,37,15.04,15.07,15.02,86031394,855,
2019-10-02,10000002,38,234.99,238.74,223.36,47070582,841,
2019-10-02,10000002,39,420.38,420.38,420.38,39034447,890,
2019-10-02,10000002,40,397.51,434.13,397.09,13292055,749,
2019-10-02,10000002,11399,11184.37,12045.2,11184.36,884836,349,
2019-10-03,10000002,34,6.28,6.3,6.27,5966309484,1478,
2019-10-03,10000002,35,5.08,5.1,5.07,1397204470,1166,
2019-10-03,10000002,36,40.73,41.17,38.02,525662070,1125,
2019-10-03,10000002,37,14.95,15,14.19,139382815,964,
2019-10-03,10000002,38,236.23,236.35,225.05,59898292,957,
2019-10-03,10000002,39,442.8,442.81,441.67,22057065,952,
2019-10-03,10000002,40,390.02,401.03,390.01,21179317,809,
2019-10-03,10000002,11399,12449.97,12570.99,11377.02,839964,386,
2019-10-04,10000002,34,6.18,6.25,6.1,8584605870,1442,
2019-10-04,10000002,35,5.06,5.07,5.05,1935708590,1101,
2019-10-04,10000002,36,39.65,40.02,36.24,627723475,984,
2019-10-04,10000002,37,14.88,14.9,14.09,203543174,869,
2019-10-04,10000002,38,236.36,236.9,233.89,47052799,825,
2019-10-04,10000002,39,439.26,439.39,439.18,25689240,868,
2019-10-04,10000002,40,409.76,409.79,382,12722352,765,
2019-10-04,10000002,11399,12423.79,12424.97,11958,1427915,403,
2019-10-05,10000002,34,6.14,6.17,5.88,9585299766,1891,
2019-10-05,10000002,35,4.83,5.05,4.83,1972154377,1489,
2019-10-05,10000002,36,39.43,39.44,39.39,913870721,1317,
2019-10-05,10000002,37,14.9,14.97,13.94,228170704,1127,
2019-10-05,10000002,38,233.47,238.63,223.24,71508347,1026,
2019-10-05,10000002,39,439.46,440,421,46688170,1117,
2019-10-05,10000002,40,400,406.77,369.16,20288863,913,
2019-10-05,10000002,11399,12423.34,12423.34,12423.31,890856,383,
2019-10-06,10000002,34,6.2,6.32,5.97,6652072220,1862,
2019-10-06,10000002,35,5.2,5.34,5.05,1914095135,1454,
2019-10-06,10000002,36,39.43,39.43,39.42,850140693,1312,
2019-10-06,10000002,37,14.76,14.83,14.72,153399213,1154,
2019-10-06,10000002,38,237.9,238.46,236.98,42907666,1018,
2019-10-06,10000002,39,440,441.49,420.38,31430993,1060,
2019-10-06,10000002,40,406.65,406.66,372.04,16671202,945,
2019-10-06,10000002,11399,12378.95,12379,12343,923052,469,
2019-10-07,10000002,34,6.3,6.3,6.29,6424065896,1607,
2019-10-07,10000002,35,5.22,5.23,5.1,1635830286,1279,
2019-10-07,10000002,36,39.01,39.16,37.33,421724295,1130,
2019-10-07,10000002,37,14.72,14.73,14.72,131170835,996,
2019-10-07,10000002,38,222.1,236.03,220.02,36847848,933,
2019-10-07,10000002,39,415.06,445.44,410.18,41119344,973,
2019-10-07,10000002,40,399.97,405.93,369.19,12073342,856,
2019-10-07,10000002,11399,11929,12341.96,11001.38,997082,399,
2019-10-08,10000002,34,6.08,6.12,6.07,5162283135,1509,
2019-10-08,10000002,35,5.11,5.13,4.72,1559155436,1241,
2019-10-08,10000002,36,37.82,37.85,37.31,649738277,1141,
2019-10-08,10000002,37,13.95,14.66,13.94,164389821,994,
2019-10-08,10000002,38,229.96,237.4,207.03,47623830,902,
2019-10-08,10000002,39,445.05,445.07,400.28,20436040,944,
2019-10-08,10000002,40,369.13,369.14,369,27714837,870,
2019-10-08,10000002,11399,11700,11700,11700,1078683,458,
2019-10-09,10000002,34,6.21,6.22,6.19,8324857245,1446,
2019-10-09,10000002,35,5.13,5.14,5.12,1572082494,1185,
2019-10-09,10000002,36,38.98,39,37.85,458744186,1121,
2019-10-09,10000002,37,14.95,14.98,14,169354892,1007,
2019-10-09,10000002,38,229.6,229.72,207.48,32958451,901,
2019-10-09,10000002,39,444.97,444.98,444.95,13801068,945,
2019-10-09,10000002,40,389.57,389.62,355.24,6766763,796,
2019-10-09,10000002,11399,11827.99,11829,11010.25,821206,431,
2019-10-10,10000002,34,6.2,6.27,6,6881125855,1516,
2019-10-10,10000002,35,5.1,5.16,4.97,2584861164,1238,
2019-10-10,10000002,36,38.81,38.82,36.52,627236267,1142,
2019-10-10,10000002,37,15.36,15.45,15.25,205123871,969,
2019-10-10,10000002,38,229.06,229.42,210,35019580,906,
2019-10-10,10000002,39,405.12,444.78,405,30596523,969,
2019-10-10,10000002,40,389.2,389.25,354.93,13313289,818,
2019-10-10,10000002,11399,11111.95,12339.92,11021.16,1443674,456,
2019-10-11,10000002,34,6.24,6.25,6.09,10074362309,1654,
2019-10-11,10000002,35,5.17,5.28,5.05,1536039026,1322,
2019-10-11,10000002,36,38.68,38.76,38.15,545943651,1214,
2019-10-11,10000002,37,15.6,15.78,15,167287027,1052,
2019-10-11,10000002,38,228.67,228.86,220,39218497,940,
2019-10-11,10000002,39,444.65,444.71,444.59,18830711,995,
2019-10-11,10000002,40,389.07,389.2,366.05,10690951,853,
2019-10-11,10000002,11399,10609.04,10609.24,10189.41,2603720,390,
2019-10-12,10000002,34,6.57,6.59,6,9847408987,1809,
2019-10-12,10000002,35,5.35,5.57,5.12,1922632330,1437,
2019-10-12,10000002,36,38.91,38.99,37.49,626154350,1330,
2019-10-12,10000002,37,14.01,14.07,14.01,371398015,1183,
2019-10-12,10000002,38,227.98,228.29,211.01,90321051,1082,
2019-10-12,10000002,39,443.95,443.99,443.86,23916728,1095,
2019-10-12,10000002,40,388.75,388.79,370.13,19796949,967,
2019-10-12,10000002,11399,12335.6,12335.95,12322.99,1072148,570,
2019-10-13,10000002,34,6.18,6.31,5.94,9109084843,1799,
2019-10-13,10000002,35,4.94,4.95,4.94,5343903482,1456,
2019-10-13,10000002,36,38.9,38.98,36.7,873894255,1304,
2019-10-13,10000002,37,14.11,15.2,14.02,271955397,1112,
2019-10-13,10000002,38,227.99,228,227.88,52464197,1026,
2019-10-13,10000002,39,443.91,443.95,443.88,26310384,1102,
2019-10-13,10000002,40,380,380.07,370.16,15179719,947,
2019-10-13,10000002,11399,12318.87,12319.78,12318,824971,548,
2019-10-14,10000002,34,5.75,5.98,5.74,14216278598,1479,
2019-10-14,10000002,35,4.7,5.06,4.62,2788385640,1165,
2019-10-14,10000002,36,38,39.86,36.65,996030974,1096,
2019-10-14,10000002,37,13.97,14,13.95,637488945,915,
2019-10-14,10000002,38,227.87,228.21,227.84,62698512,835,
2019-10-14,10000002,39,443.92,443.94,435.37,25765574,876,
2019-10-14,10000002,40,380.1,387.7,377.45,14293174,791,
2019-10-14,10000002,11399,12318.79,12318.81,11965.01,1038955,508,
2019-10-15,10000002,34,5.8,5.83,5.7,8848435758,1461,
2019-10-15,10000002,35,4.9,4.94,4.75,1702957844,1181,
2019-10-15,10000002,36,37.55,37.56,37.52,775222764,1113,
2019-10-15,10000002,37,14.42,14.45,14.37,143018371,953,
2019-10-15,10000002,38,229.37,229.39,220.1,33807619,907,
2019-10-15,10000002,39,446.99,447.03,425,20932139,917,
2019-10-15,10000002,40,387.67,387.75,366.01,12071831,828,
2019-10-15,10000002,11399,12316.66,12316.91,11967.35,1146187,434,
2019-10-16,10000002,34,5.54,5.58,5.5,7291074374,1662,
2019-10-16,10000002,35,4.7,4.72,4.65,1862810708,1373,
2019-10-16,10000002,36,38.93,38.97,38.8,638460313,1257,
2019-10-16,10000002,37,14,14.16,11.68,367523633,1089,
2019-10-16,10000002,38,229.3,229.33,216.13,34880615,1009,
2019-10-16,10000002,39,445.47,447,420.14,19623259,1041,
2019-10-16,10000002,40,387.7,387.72,356.27,8624886,849,
2019-10-16,10000002,11399,12314.62,12315.9,12302,1043376,469,
2019-10-17,10000002,34,5.42,5.45,5.35,12606003544,1668,
2019-10-17,10000002,35,4.69,4.7,4.65,2033340321,1360,
2019-10-17,10000002,36,38.58,38.61,38,509139049,1240,
2019-10-17,10000002,37,14.26,14.27,14.24,192217250,1046,
2019-10-17,10000002,38,228.99,229.29,216.13,40836474,987,
2019-10-17,10000002,39,446.99,447.1,440,19391893,1022,
2019-10-17,10000002,40,356.77,387.57,356.66,16075488,925,
2019-10-17,10000002,11399,12250,12313.33,11956.01,1134866,443,
2019-10-18,10000002,34,5.51,5.52,5.32,13667085622,1672,
2019-10-18,10000002,35,4.74,4.74,4.74,2983243693,1348,
2019-10-18,10000002,36,38.55,38.58,36.3,1023988329,1275,
2019-10-18,10000002,37,14.29,14.3,14.27,198178153,1098,
2019-10-18,10000002,38,229.27,229.32,225,52764561,1026,
2019-10-18,10000002,39,465.89,465.93,465,18258327,1084,
2019-10-18,10000002,40,387.58,387.62,387,10616984,951,
2019-10-18,10000002,11399,12302.99,12303.09,11961.1,981233,477,
2019-10-19,10000002,34,5.44,5.74,5.35,18100448544,1858,
2019-10-19,10000002,35,4.74,4.74,4.72,2641207252,1501,
2019-10-19,10000002,36,42.61,42.61,42.53,992922739,1342,
2019-10-19,10000002,37,13.34,14.15,13.28,468758016,1146,
2019-10-19,10000002,38,284.37,284.37,284.37,84633661,1154,
2019-10-19,10000002,39,482.89,509.83,447,23330251,1100,
2019-10-19,10000002,40,387.43,387.47,360.11,13095180,992,
2019-10-19,10000002,11399,12199.85,12199.89,11900.01,686464,451,
2019-10-20,10000002,34,5.47,5.75,5.21,15448584343,1904,
2019-10-20,10000002,35,4.58,4.78,4.33,2123386726,1541,
2019-10-20,10000002,36,41.86,42.92,38.86,795533430,1391,
2019-10-20,10000002,37,13.17,13.17,13.17,294761627,1186,
2019-10-20,10000002,38,263.83,263.83,263.19,106249814,1115,
2019-10-20,10000002,39,462,505.96,449.93,24499048,1171,
2019-10-20,10000002,40,387.45,388.95,370.01,27378324,1009,
2019-10-20,10000002,11399,12188.99,12198.99,11957.28,1017786,543,
2019-10-21,10000002,34,5.45,5.58,5.28,10768285123,1765,
2019-10-21,10000002,35,4.49,4.51,4.41,2719433998,1344,
2019-10-21,10000002,36,41.5,42.9,38.97,708751587,1213,
2019-10-21,10000002,37,14.14,14.25,13.8,159938755,999,
2019-10-21,10000002,38,230,230.46,229.52,90024260,965,
2019-10-21,10000002,39,499.31,499.35,462,21620146,960,
2019-10-21,10000002,40,377.21,388,370.44,10083967,812,
2019-10-21,10000002,11399,12199.95,12300.68,11959.04,1222035,409,
2019-10-22,10000002,34,5.56,5.61,2.75,14159732004,1618,
2019-10-22,10000002,35,4.45,4.48,4.43,2205886216,1271,
2019-10-22,10000002,36,42.52,42.69,41.85,577994287,1139,
2019-10-22,10000002,37,13.19,13.98,13.16,304039785,980,
2019-10-22,10000002,38,244.84,247.48,230,34154767,904,
2019-10-22,10000002,39,437.17,496.71,434.25,28193214,976,
2019-10-22,10000002,40,369.94,370.52,361.05,15309965,897,
2019-10-22,10000002,11399,11021.05,12177.75,10967,1426796,435,
2019-10-23,10000002,34,5.25,5.42,5.07,13504397110,1670,
2019-10-23,10000002,35,4.48,4.84,4.27,2317310366,1374,
2019-10-23,10000002,36,40,42.24,39.14,768783160,1245,
2019-10-23,10000002,37,13.1,13.17,12.73,343869730,1060,
2019-10-23,10000002,38,244,244.84,238.64,69150224,1005,
2019-10-23,10000002,39,494,494.68,440.12,17982468,1031,
2019-10-23,10000002,40,376.9,376.92,374.99,13533607,862,
2019-10-23,10000002,11399,12159.95,12159.97,12159.94,1430336,408,
2019-10-24,10000002,34,5.26,5.32,5.15,10376538414,1557,
2019-10-24,10000002,35,4.5,4.89,4.37,2223136420,1236,
2019-10-24,10000002,36,42.03,42.09,41.86,834371348,1153,
2019-10-24,10000002,37,12.75,13.17,11.63,459010730,1029,
2019-10-24,10000002,38,229.81,244.51,229.68,41988561,897,
2019-10-24,10000002,39,490.91,490.94,490.01,18621532,952,
2019-10-24,10000002,40,374,376.83,354.95,11686517,797,
2019-10-24,10000002,11399,12136.89,12137.94,11502.02,878483,404,
2019-10-25,10000002,34,5.08,5.16,4.88,6916116297,1631,
2019-10-25,10000002,35,4.5,4.73,4.39,1542210060,1343,
2019-10-25,10000002,36,41.72,42.04,40.62,673520678,1178,
2019-10-25,10000002,37,12.87,12.99,10.45,313349919,1043,
2019-10-25,10000002,38,244.42,244.63,243.98,70114314,972,
2019-10-25,10000002,39,490.39,490.42,448.25,19521212,960,
2019-10-25,10000002,40,354.91,377.15,351.53,19201723,836,
2019-10-25,10000002,11399,12111,12136.84,11417.23,655168,355,
2019-10-26,10000002,34,4.9,4.9,4.89,15814135310,2004,
2019-10-26,10000002,35,4.31,4.31,4.31,3707786430,1583,
2019-10-26,10000002,36,41.58,41.6,41.49,1018551362,1474,
2019-10-26,10000002,37,12.98,13,12.82,379252542,1224,
2019-10-26,10000002,38,246.96,247.09,246.93,48352741,1128,
2019-10-26,10000002,39,490.37,490.38,489.55,28101762,1196,
2019-10-26,10000002,40,381,387.99,379.98,20096216,1042,
2019-10-26,10000002,11399,12127.3,12135.9,11418.02,1211174,430,
2019-10-27,10000002,34,4.89,4.9,4.88,8945348830,2067,
2019-10-27,10000002,35,4.31,4.32,4.3,2441794533,1660,
2019-10-27,10000002,36,41.71,42.55,41.36,1008308429,1524,
2019-10-27,10000002,37,11.64,11.64,11.64,547438214,1356,
2019-10-27,10000002,38,243.98,243.98,243.98,80756326,1253,
2019-10-27,10000002,39,490.38,490.5,480.14,21954118,1263,
2019-10-27,10000002,40,378.69,380.16,360.21,13923996,1101,
2019-10-27,10000002,11399,12125.91,12125.96,11008.04,835475,475,
2019-10-28,10000002,34,5.09,5.11,5.04,9364782018,1613,
2019-10-28,10000002,35,4.75,4.85,4.5,1951230595,1298,
2019-10-28,10000002,36,43.64,43.74,42.6,869843068,1241,
2019-10-28,10000002,37,13.26,13.29,13.15,181277818,1038,
2019-10-28,10000002,38,242.97,243.98,222.44,40713607,936,
2019-10-28,10000002,39,499.98,499.98,499.97,19661294,1029,
2019-10-28,10000002,40,375,388.83,360.21,10276980,838,
2019-10-28,10000002,11399,12122.88,12123.26,11005.41,996256,390,
2019-10-29,10000002,34,5.13,5.17,5,4929486640,1408,
2019-10-29,10000002,35,4.82,4.83,4.74,1180657024,1197,
2019-10-29,10000002,36,43.85,43.88,43.39,424210679,1046,
2019-10-29,10000002,37,13.07,13.15,13,193476324,896,
2019-10-29,10000002,38,239.97,241.83,222.15,42092105,805,
2019-10-29,10000002,39,494.81,499.99,493.05,14933752,875,
2019-10-29,10000002,40,360.19,360.19,360.19,9624244,684,
2019-10-29,10000002,11399,12120,12121,11255.11,696441,368,
2019-10-30,10000002,34,5.09,5.12,5,7357858517,1370,
2019-10-30,10000002,35,4.79,4.82,4.75,2201271331,1088,
2019-10-30,10000002,36,43.41,43.47,42.05,608647000,985,
2019-10-30,10000002,37,13,13.06,12.78,206804435,789,
2019-10-30,10000002,38,239.77,239.91,220.38,57216589,749,
2019-10-30,10000002,39,494.81,505.92,472.01,15950299,755,
2019-10-30,10000002,40,360.28,374.95,360.23,10220036,653,
2019-10-30,10000002,11399,12096.95,12096.95,12049.99,536478,335,
2019-10-31,10000002,34,4.9,4.94,4.89,7989889667,1504,
2019-10-31,10000002,35,4.58,4.62,4.57,1566679561,1168,
2019-10-31,10000002,36,43.22,43.24,42.01,855590020,1127,
2019-10-31,10000002,37,13.12,13.95,12.9,172802855,927,
2019-10-31,10000002,38,239.46,239.52,220.55,33701207,860,
2019-10-31,10000002,39,498.98,499.95,453.72,26941289,848,
2019-10-31,10000002,40,374.1,374.18,333.1,11975051,699,
2019-10-31,10000002,11399,11888,11987,11000,1028539,345,
2019-11-01,10000002,34,5.13,5.15,5.01,7649763185,1567,
2019-11-01,10000002,35,4.57,4.58,4.56,1661435539,1280,
2019-11-01,10000002,36,43.06,43.1,41.67,463252765,1126,
2019-11-01,10000002,37,13.26,13.8,13.02,159811675,994,
2019-11-01,10000002,38,239.47,240,239.44,80401976,987,
2019-11-01,10000002,39,498.95,504.78,498.8,22949980,938,
2019-11-01,10000002,40,373.18,373.81,337.06,19427247,756,
2019-11-01,10000002,11399,11986.86,11986.95,11945.64,910915,365,
2019-11-02,10000002,34,5.1,5.11,5.08,5439783639,1833,
2019-11-02,10000002,35,4.77,4.77,4.74,1551209966,1409,
2019-11-02,10000002,36,42.73,42.87,41.56,580484013,1278,
2019-11-02,10000002,37,13.5,13.69,13.35,202758494,1135,
2019-11-02,10000002,38,262.68,263.11,248.91,39568643,1022,
2019-11-02,10000002,39,500,504.54,460.99,19565553,1032,
2019-11-02,10000002,40,372.99,373.66,338.31,12693549,839,
2019-11-02,10000002,11399,11944.85,11944.85,11944.85,807405,386,
2019-11-03,10000002,34,5.09,5.17,5.08,8954460435,1931,
2019-11-03,10000002,35,4.71,4.73,4.66,2250646275,1501,
2019-11-03,10000002,36,41.97,42.52,41.56,904531612,1375,
2019-11-03,10000002,37,13.9,13.95,13.14,179887912,1120,
2019-11-03,10000002,38,246.79,246.9,245.95,46235110,1018,
2019-11-03,10000002,39,500.93,503.86,499.96,16031044,1014,
2019-11-03,10000002,40,372.56,372.57,361,10640985,871,
2019-11-03,10000002,11399,12096,12096.01,11944.98,1388790,461,
2019-11-04,10000002,34,5.39,5.56,5.25,6749806350,1583,
2019-11-04,10000002,35,4.85,4.96,4.73,1437171620,1244,
2019-11-04,10000002,36,42,42.74,41.03,651613957,1146,
2019-11-04,10000002,37,13.53,13.83,13.48,175785996,926,
2019-11-04,10000002,38,226.15,246.53,226.1,49348948,862,
2019-11-04,10000002,39,470.04,499.88,467.28,29913761,937,
2019-11-04,10000002,40,370,372.49,355.13,15468113,776,
2019-11-04,10000002,11399,11826.01,12099.89,11826,1199062,311,
2019-11-05,10000002,34,5.67,5.79,5.51,6682496879,1589,
2019-11-05,10000002,35,4.96,5.03,4.89,1247274045,1244,
2019-11-05,10000002,36,42,42.26,41.69,505244786,1094,
2019-11-05,10000002,37,13.57,13.57,13.57,218423810,933,
2019-11-05,10000002,38,244.73,246.39,226.47,32704680,875,
2019-11-05,10000002,39,499,499.91,475,14696922,886,
2019-11-05,10000002,40,370,372.36,355.15,19968803,771,
2019-11-05,10000002,11399,12003.23,12099.87,11202.2,829067,394,
2019-11-06,10000002,34,5.58,5.61,5.49,13817408115,1677,
2019-11-06,10000002,35,4.87,4.96,4.77,1840296821,1329,
2019-11-06,10000002,36,41.69,41.97,40.81,609951669,1197,
2019-11-06,10000002,37,13.49,13.95,13.46,264168807,994,
2019-11-06,10000002,38,227.65,241.5,227.62,43147264,949,
2019-11-06,10000002,39,497.99,499.86,470.76,19244934,1009,
2019-11-06,10000002,40,345.84,368.97,345.81,8839398,842,
2019-11-06,10000002,11399,12099,12099.93,11501.11,862096,492,
2019-11-07,10000002,34,5.26,5.39,5.01,8373761997,1549,
2019-11-07,10000002,35,4.92,5.04,4.81,2471805506,1245,
2019-11-07,10000002,36,39.99,41.65,38.98,709082014,1162,
2019-11-07,10000002,37,13.5,13.77,12.94,195439164,960,
2019-11-07,10000002,38,238.98,239.75,228.05,51712440,892,
2019-11-07,10000002,39,470.88,497.75,467.42,27994389,908,
2019-11-07,10000002,40,347,365.83,345.84,16558828,788,
2019-11-07,10000002,11399,11346.03,12099.99,11345.31,834699,412,
2019-11-08,10000002,34,5.38,5.4,5.31,7751866980,1744,
2019-11-08,10000002,35,5.05,5.35,5.03,2652550376,1384,
2019-11-08,10000002,36,38.99,39.99,38.01,1111181952,1271,
2019-11-08,10000002,37,13.88,13.9,12.87,242364089,1069,
2019-11-08,10000002,38,235,237,228,48993102,969,
2019-11-08,10000002,39,497.6,497.62,453.06,20470527,1019,
2019-11-08,10000002,40,345.83,356.89,345.81,11890279,894,
2019-11-08,10000002,11399,11360.01,12098.95,11347,1485357,402,
2019-11-09,10000002,34,5.79,6.19,5.75,8142917877,2037,
2019-11-09,10000002,35,5.3,5.33,4.87,1764245248,1509,
2019-11-09,10000002,36,41.05,41.07,40.98,527077662,1414,
2019-11-09,10000002,37,13.81,14.01,12.9,148071001,1163,
2019-11-09,10000002,38,233,234.82,228.13,71670315,1107,
2019-11-09,10000002,39,475,495.88,446.11,30621557,1124,
2019-11-09,10000002,40,345.81,349.98,341.32,38963942,999,
2019-11-09,10000002,11399,12100,12100,12100,2254678,481,
2019-11-10,10000002,34,6.1,6.34,5.91,9055593381,2206,
2019-11-10,10000002,35,5.47,5.57,5.12,1694020768,1596,
2019-11-10,10000002,36,41.19,41.39,38.35,516152352,1435,
2019-11-10,10000002,37,13.44,13.49,13.19,160396872,1164,
2019-11-10,10000002,38,233.87,239.3,228.55,50461496,1104,
2019-11-10,10000002,39,490,496.27,447.11,19403528,1102,
2019-11-10,10000002,40,349.95,350,315.45,39504549,938,
2019-11-10,10000002,11399,12123.8,12126.73,11151.51,1258226,493,
2019-11-11,10000002,34,6.11,6.2,5.75,6393879635,1790,
2019-11-11,10000002,35,5.55,5.62,5.03,1855340897,1436,
2019-11-11,10000002,36,39.7,41.19,38.07,650075961,1283,
2019-11-11,10000002,37,13.5,13.94,12.79,147600537,1077,
2019-11-11,10000002,38,239.64,239.72,227.16,54425381,1022,
2019-11-11,10000002,39,496.24,497.93,475,27714225,1011,
2019-11-11,10000002,40,349.56,349.82,332.51,17748417,902,
2019-11-11,10000002,11399,10960.02,11998.94,10910.44,1439745,490,
2019-11-12,10000002,34,5.86,5.89,5.83,6497665974,1812,
2019-11-12,10000002,35,5.41,5.45,5.39,1700196995,1421,
2019-11-12,10000002,36,39.38,40.79,39.33,470510958,1306,
2019-11-12,10000002,37,13,13.93,12.99,164733967,1101,
2019-11-12,10000002,38,238.26,239.72,226.02,44345503,984,
2019-11-12,10000002,39,475,489.9,448.04,25218335,1022,
2019-11-12,10000002,40,349.24,349.25,332.06,14973085,891,
2019-11-12,10000002,11399,11699,11883,10922.1,883856,334,
2019-11-13,10000002,34,5.63,6.02,5.5,9401423808,1929,
2019-11-13,10000002,35,5.18,5.43,5.11,1951132761,1470,
2019-11-13,10000002,36,38.7,39.92,37.5,741904167,1319,
2019-11-13,10000002,37,12.84,13.44,12.83,189905622,1108,
2019-11-13,10000002,38,238.94,239.09,221.62,47569818,1067,
2019-11-13,10000002,39,471,484.93,450.71,22433929,1029,
2019-11-13,10000002,40,346.24,346.44,316.51,10089364,889,
2019-11-13,10000002,11399,10924.05,11624.03,10922,1105441,435,
2019-11-14,10000002,34,5.86,5.89,5.7,6171037314,2285,
2019-11-14,10000002,35,5.12,5.28,4.86,2126284890,1643,
2019-11-14,10000002,36,39.32,39.42,38.72,546540571,1416,
2019-11-14,10000002,37,13.5,13.75,12.97,252074666,1157,
2019-11-14,10000002,38,237.43,238.61,229.98,35144860,1089,
2019-11-14,10000002,39,483.54,483.59,474.99,38717468,1144,
2019-11-14,10000002,40,345.56,345.58,345.42,17479583,922,
2019-11-14,10000002,11399,10999.78,11623.88,10207.51,1102493,380,
2019-11-15,10000002,34,5.67,5.69,5.63,8834564961,2341,
2019-11-15,10000002,35,5.1,5.14,4.92,1456712249,1722,
2019-11-15,10000002,36,38.93,39.01,38.77,512045103,1479,
2019-11-15,10000002,37,13.39,13.78,12.91,205954859,1169,
2019-11-15,10000002,38,236.87,237.24,224.01,39966212,1118,
2019-11-15,10000002,39,470,483.58,451.05,27652404,1101,
2019-11-15,10000002,40,345.42,345.48,345.37,18088021,934,
2019-11-15,10000002,11399,10999.78,11000,10207,1078731,404,
2019-11-16,10000002,34,5.3,5.37,5.3,10924432198,2732,
2019-11-16,10000002,35,4.93,4.94,4.92,3539846853,2002,
2019-11-16,10000002,36,38.55,38.63,37.81,899228748,1724,
2019-11-16,10000002,37,13.38,13.9,13.26,268988967,1472,
2019-11-16,10000002,38,234.32,235.12,212.32,57722094,1314,
2019-11-16,10000002,39,469.96,473.95,451.08,37183515,1359,
2019-11-16,10000002,40,339,344.78,321.32,18838296,1072,
2019-11-16,10000002,11399,10999.97,11000,10707.07,1228081,478,
2019-11-17,10000002,34,5.25,5.3,5.21,14929537810,2784,
2019-11-17,10000002,35,5,5.62,4.81,4883123856,2133,
2019-11-17,10000002,36,38.37,38.39,37.13,931849886,1803,
2019-11-17,10000002,37,13.25,13.87,12.95,211697625,1462,
2019-11-17,10000002,38,228.99,234.11,212.65,64295357,1363,
2019-11-17,10000002,39,469.84,472.87,447.61,51831254,1398,
2019-11-17,10000002,40,321.51,340.45,318.03,52702325,1164,
2019-11-17,10000002,11399,10708.48,11090,10707.07,1901533,460,
2019-11-18,10000002,34,5.44,5.52,5.31,9621657816,2500,
2019-11-18,10000002,35,5.19,5.35,4.78,2132166688,1944,
2019-11-18,10000002,36,38.08,38.38,37.05,863750393,1658,
2019-11-18,10000002,37,13.5,13.91,13.25,278799676,1325,
2019-11-18,10000002,38,229.37,229.44,224.29,53382625,1216,
2019-11-18,10000002,39,474.75,474.99,470,30031988,1219,
2019-11-18,10000002,40,341.18,341.25,316.92,21837332,977,
2019-11-18,10000002,11399,11109.9,11148.74,10208.26,910417,372,
2019-11-19,10000002,34,5.6,5.79,5.36,7881852793,2099,
2019-11-19,10000002,35,5.13,5.32,4.82,1835727760,1612,
2019-11-19,10000002,36,39.49,39.89,38.5,571909723,1405,
2019-11-19,10000002,37,13.13,13.89,12.84,177877238,1138,
2019-11-19,10000002,38,229.2,229.21,229.17,50292985,1059,
2019-11-19,10000002,39,479.55,479.63,451.16,15568760,1034,
2019-11-19,10000002,40,341.22,341.25,339.92,14081842,868,
2019-11-19,10000002,11399,10999.99,11147.4,10500,478833,395,
2019-11-20,10000002,34,5.25,5.34,5.16,8623504066,2164,
2019-11-20,10000002,35,5.04,5.12,4.84,2210199760,1719,
2019-11-20,10000002,36,37.5,39.55,37.49,635562330,1483,
2019-11-20,10000002,37,13.44,13.5,13.34,193903325,1219,
2019-11-20,10000002,38,225.78,225.78,225.76,31019006,1143,
2019-11-20,10000002,39,474.94,474.95,474.94,17151199,1123,
2019-11-20,10000002,40,337.89,337.98,337,9402327,966,
2019-11-20,10000002,11399,10211.53,11109.89,10209,2023766,458,
2019-11-21,10000002,34,5.13,5.16,5.06,8658068814,2088,
2019-11-21,10000002,35,4.94,5.03,4.78,3063692620,1657,
2019-11-21,10000002,36,39.39,39.42,37.75,696771070,1395,
2019-11-21,10000002,37,13.12,13.24,12.99,252185169,1179,
2019-11-21,10000002,38,225.71,225.74,224,58289839,1132,
2019-11-21,10000002,39,464.94,464.97,442.49,27474675,1144,
2019-11-21,10000002,40,334.84,334.98,320,13408129,956,
2019-11-21,10000002,11399,10000,10599.5,9772.15,1430540,347,
2019-11-22,10000002,34,5.08,5.12,5.03,12010182106,2048,
2019-11-22,10000002,35,4.96,5,4.75,1878665696,1583,
2019-11-22,10000002,36,38.9,39.34,38.89,762694193,1384,
2019-11-22,10000002,37,12.79,12.8,12.79,255347248,1112,
2019-11-22,10000002,38,225.69,225.74,217.15,54758136,1090,
2019-11-22,10000002,39,464.92,464.94,442.53,29058314,1037,
2019-11-22,10000002,40,334.73,334.76,319.58,12867841,937,
2019-11-22,10000002,11399,10599.38,10898.6,10580,1588765,398,
2019-11-23,10000002,34,5.17,5.3,5.11,10318566750,2691,
2019-11-23,10000002,35,4.79,4.82,4.75,2661611486,2082,
2019-11-23,10000002,36,39.91,39.94,38.6,724080878,1827,
2019-11-23,10000002,37,12.09,12.12,11.6,277201105,1546,
2019-11-23,10000002,38,225,225.61,218.04,73534852,1418,
2019-11-23,10000002,39,460.06,464.83,450.03,26369546,1412,
2019-11-23,10000002,40,319.5,328.95,317.78,24427924,1203,
2019-11-23,10000002,11399,11043.99,11044,11043,1052511,487,
2019-11-24,10000002,34,5.39,5.47,5.34,9609657726,2726,
2019-11-24,10000002,35,4.88,4.89,4.82,2772079867,2054,
2019-11-24,10000002,36,40.69,40.83,40.6,669509113,1741,
2019-11-24,10000002,37,11.98,12.04,11.94,278434416,1489,
2019-11-24,10000002,38,225.59,225.95,224.91,63254123,1422,
2019-11-24,10000002,39,464.71,464.77,463.99,30029327,1373,
2019-11-24,10000002,40,328.95,330.75,319.64,28038434,1188,
2019-11-24,10000002,11399,11044.98,11047,11000.1,849944,508,
2019-11-25,10000002,34,5.44,5.8,5.35,8705605194,2174,
2019-11-25,10000002,35,4.97,4.99,4.94,2110307067,1743,
2019-11-25,10000002,36,40.85,40.87,38.75,778677303,1542,
2019-11-25,10000002,37,12.44,12.59,12.18,169131216,1264,
2019-11-25,10000002,38,224.83,224.87,211.63,59961127,1233,
2019-11-25,10000002,39,464.74,464.78,430.79,28565318,1262,
2019-11-25,10000002,40,333.99,334.71,317.12,12590524,1099,
2019-11-25,10000002,11399,11109.89,11132.68,10601.42,785516,373,
2019-11-26,10000002,34,5.61,5.64,5.32,6840835659,1900,
2019-11-26,10000002,35,5.05,5.06,5.03,1602664087,1459,
2019-11-26,10000002,36,40.8,41.22,38.08,546150990,1301,
2019-11-26,10000002,37,11.93,12.57,11.92,359802305,1136,
2019-11-26,10000002,38,225,233.95,224.78,45866633,1028,
2019-11-26,10000002,39,431.76,483.6,431.7,39329695,1105,
2019-11-26,10000002,40,334.63,334.73,316,19451022,950,
2019-11-26,10000002,11399,11132.44,11132.57,10603.65,799799,477,
2019-11-27,10000002,34,5.36,5.43,5.25,9586455936,2174,
2019-11-27,10000002,35,4.97,4.98,4.92,2166649665,1712,
2019-11-27,10000002,36,41.11,41.21,38.14,599005221,1449,
2019-11-27,10000002,37,12.53,12.59,11.94,163400315,1250,
2019-11-27,10000002,38,220,232.97,211.57,52450063,1201,
2019-11-27,10000002,39,481.52,481.97,460,17722539,1233,
2019-11-27,10000002,40,333.96,334.44,315.57,10138302,1046,
2019-11-27,10000002,11399,11499.84,11499.85,11499.83,643195,367,
2019-11-28,10000002,34,5.24,5.32,5.2,9329878966,2157,
2019-11-28,10000002,35,4.86,4.9,4.81,1998389310,1698,
2019-11-28,10000002,36,41.5,41.53,41.21,579627353,1469,
2019-11-28,10000002,37,12.47,12.49,12.42,208126432,1244,
2019-11-28,10000002,38,224.6,226.19,220,37882078,1183,
2019-11-28,10000002,39,479.89,480,475,18366263,1156,
2019-11-28,10000002,40,302.01,330,286.75,22018539,993,
2019-11-28,10000002,11399,11499.74,11499.76,11489.99,982235,439,
2019-11-29,10000002,34,5.22,5.24,5.19,14191550625,2256,
2019-11-29,10000002,35,4.79,5,4.76,3997948562,1804,
2019-11-29,10000002,36,41.15,41.18,40,847873714,1567,
2019-11-29,10000002,37,12.4,12.41,12.04,317885175,1349,
2019-11-29,10000002,38,222.87,224.46,210.87,63778457,1162,
2019-11-29,10000002,39,479.78,479.79,475,32484616,1262,
2019-11-29,10000002,40,333.76,333.77,333.59,28241673,1099,
2019-11-29,10000002,11399,10950.56,11624.02,10701,1711313,445,
2019-11-30,10000002,34,5.1,5.15,5.09,11284372164,2576,
2019-11-30,10000002,35,5.13,5.3,4.87,2641600583,1911,
2019-11-30,10000002,36,41.17,41.33,40.46,723239649,1727,
2019-11-30,10000002,37,12.37,12.44,12.04,179709289,1493,
2019-11-30,10000002,38,216.99,217,210.88,73389016,1311,
2019-11-30,10000002,39,481.35,481.47,442.06,30518969,1420,
2019-11-30,10000002,40,333.51,333.74,317.02,15255642,1241,
2019-11-30,10000002,11399,12300.43,12301.38,12300.36,660537,487,
2019-12-01,10000002,34,5.1,5.13,5.07,13695435029,2758,
2019-12-01,10000002,35,5.11,5.23,4.93,3289944487,2080,
2019-12-01,10000002,36,40.94,41.15,39.85,889968019,1888,
2019-12-01,10000002,37,12.4,12.66,12.26,882158633,1635,
2019-12-01,10000002,38,213.91,213.97,204.1,78275252,1495,
2019-12-01,10000002,39,469.7,475.98,455.1,37667889,1527,
2019-12-01,10000002,40,337.97,341.26,337.97,51683904,1322,
2019-12-01,10000002,11399,12250,12297.92,11978.17,1764028,611,
2019-12-02,10000002,34,5.4,5.43,5.35,6459227443,2160,
2019-12-02,10000002,35,5.25,5.29,5,1923157611,1685,
2019-12-02,10000002,36,41.62,43.59,39.73,846219714,1555,
2019-12-02,10000002,37,13.79,13.87,13.76,170162090,1292,
2019-12-02,10000002,38,219.9,219.97,210,45688671,1226,
2019-12-02,10000002,39,480.36,480.62,460,22047813,1238,
2019-12-02,10000002,40,317.28,334.76,317.18,24880149,1095,
2019-12-02,10000002,11399,12000,12297.35,11355.02,874611,448,
2019-12-03,10000002,34,5.18,5.18,5.17,8538310305,1921,
2019-12-03,10000002,35,5.15,5.18,5.01,2856017294,1556,
2019-12-03,10000002,36,43.26,43.39,40.99,449733270,1410,
2019-12-03,10000002,37,13.48,13.55,12.56,163451583,1183,
2019-12-03,10000002,38,218.7,219.7,210,37545901,1085,
2019-12-03,10000002,39,460.01,480,433.09,23674449,1138,
2019-12-03,10000002,40,317.57,334.69,300,15139734,990,
2019-12-03,10000002,11399,11746.45,11748.86,10713.13,685697,386,
2019-12-04,10000002,34,5.08,5.1,5.07,10493683101,1872,
2019-12-04,10000002,35,5.03,5.07,5,2620311608,1480,
2019-12-04,10000002,36,41.15,41.18,40.98,770451016,1327,
2019-12-04,10000002,37,13.4,13.46,13.2,153765002,1119,
2019-12-04,10000002,38,210,218.48,209,51806662,1047,
2019-12-04,10000002,39,476.89,476.94,473.77,43526731,1081,
2019-12-04,10000002,40,337.98,351.4,334.63,22754838,969,
2019-12-04,10000002,11399,11696.9,11742.19,11694.9,1521511,397,
2019-12-05,10000002,34,5.25,5.47,5.1,10017079097,2090,
2019-12-05,10000002,35,5.22,5.23,5.19,2905863506,1589,
2019-12-05,10000002,36,41.14,41.16,40.13,709485678,1362,
2019-12-05,10000002,37,13.29,13.39,13,185974859,1114,
2019-12-05,10000002,38,210,217.96,209.99,84475158,1078,
2019-12-05,10000002,39,480.31,483.87,476.97,31632265,1173,
2019-12-05,10000002,40,317.18,337.9,316.99,18142044,959,
2019-12-05,10000002,11399,11098.97,11099,10715.24,991794,467,
2019-12-06,10000002,34,5.3,5.33,5.12,7815205132,2054,
2019-12-06,10000002,35,5.06,5.3,5.01,2783328749,1518,
2019-12-06,10000002,36,40.5,42.67,39.46,509162698,1323,
2019-12-06,10000002,37,12.25,13.05,12.08,269828635,1161,
2019-12-06,10000002,38,217.98,218.38,212,49659854,1076,
2019-12-06,10000002,39,480,497.73,449.15,20464852,1060,
2019-12-06,10000002,40,330.04,336.04,317.61,11296540,890,
2019-12-06,10000002,11399,11700,11742.69,11002.09,1324492,438,
2019-12-07,10000002,34,5.15,5.17,5.04,13562983104,2436,
2019-12-07,10000002,35,5,5.11,4.82,4916034497,1920,
2019-12-07,10000002,36,40.97,42.2,39.73,958146450,1614,
2019-12-07,10000002,37,12.12,12.8,12.08,465897881,1409,
2019-12-07,10000002,38,220,222.55,210,73687253,1293,
2019-12-07,10000002,39,490.7,490.82,456.08,28056558,1309,
2019-12-07,10000002,40,333.97,333.99,318.1,18975104,1140,
2019-12-07,10000002,11399,10809.04,11746.76,10807.5,1477350,547,
2019-12-08,10000002,34,5.16,5.28,5.11,12166595653,2611,
2019-12-08,10000002,35,5.03,5.2,4.75,4074962062,1996,
2019-12-08,10000002,36,41.99,42.89,39.02,924741840,1773,
2019-12-08,10000002,37,13.09,13.13,13,348303691,1510,
2019-12-08,10000002,38,224.45,224.67,204.76,79486152,1413,
2019-12-08,10000002,39,490.69,490.71,461.23,47673610,1485,
2019-12-08,10000002,40,334,337.75,331,18887774,1227,
2019-12-08,10000002,11399,11746.53,11746.71,11746.44,1905752,578,
2019-12-09,10000002,34,5.32,5.41,5.13,6858388040,1954,
2019-12-09,10000002,35,5.16,5.2,5.12,1985473411,1473,
2019-12-09,10000002,36,43.56,43.56,43.55,536096815,1303,
2019-12-09,10000002,37,12.89,12.9,12.87,161221798,1082,
2019-12-09,10000002,38,225.7,234.12,215.08,43430373,1044,
2019-12-09,10000002,39,497.63,497.72,497.58,16633133,1030,
2019-12-09,10000002,40,350,352.9,321.94,12656748,883,
2019-12-09,10000002,11399,11746,11746.4,11012.07,1098275,431,
2019-12-10,10000002,34,5.23,5.25,5.08,10138954919,2068,
2019-12-10,10000002,35,5.1,5.11,5.08,2505767956,1606,
2019-12-10,10000002,36,41.54,43.49,39.34,1034725516,1379,
2019-12-10,10000002,37,12.68,12.7,12.65,208676122,1148,
2019-12-10,10000002,38,233.38,233.64,215.04,74330202,1118,
2019-12-10,10000002,39,463.49,494.94,460.23,35848688,1139,
2019-12-10,10000002,40,321.9,350.45,321.83,23745391,980,
2019-12-10,10000002,11399,11738.54,11738.85,11015.48,1750683,444,
2019-12-11,10000002,34,5.2,5.26,4.94,11296832985,2086,
2019-12-11,10000002,35,5.01,5.06,4.9,2391140323,1561,
2019-12-11,10000002,36,42.69,43.1,39.68,832160828,1456,
2019-12-11,10000002,37,13.4,13.4,13.4,624596695,1282,
2019-12-11,10000002,38,226.94,229.74,206.52,67695517,1218,
2019-12-11,10000002,39,494.21,494.39,470,24364068,1186,
2019-12-11,10000002,40,350.62,350.62,350.62,40826594,1084,
2019-12-11,10000002,11399,11738.25,11738.34,11012,1331332,483,
2019-12-12,10000002,34,5.18,5.19,5.16,15107424582,2069,
2019-12-12,10000002,35,4.93,4.94,4.86,4596290061,1651,
2019-12-12,10000002,36,42.71,42.73,42.68,910140405,1457,
2019-12-12,10000002,37,13.6,13.79,12.98,174916883,1212,
2019-12-12,10000002,38,228.91,228.96,211.18,56304210,1177,
2019-12-12,10000002,39,470.14,492.98,459.66,35427789,1199,
2019-12-12,10000002,40,351,351.85,324.91,15323490,1077,
2019-12-12,10000002,11399,11738.04,11738.08,10818.78,1163767,405,
2019-12-13,10000002,34,5.25,5.27,5.17,9021171282,1996,
2019-12-13,10000002,35,5.09,5.1,5.08,2708299264,1588,
2019-12-13,10000002,36,42.95,42.96,42.69,855791529,1403,
2019-12-13,10000002,37,13.72,14.18,13.7,391756493,1221,
2019-12-13,10000002,38,228.59,228.72,228.52,57033889,1144,
2019-12-13,10000002,39,492.38,492.58,492.37,18422312,1146,
2019-12-13,10000002,40,326,326.16,325.98,30016759,1016,
2019-12-13,10000002,11399,11518.9,11734.94,11003.08,1491978,433,
2019-12-14,10000002,34,5.25,5.29,5.15,10457298779,2330,
2019-12-14,10000002,35,5.12,5.14,5,3328448025,1811,
2019-12-14,10000002,36,43.14,43.29,40.82,927600937,1645,
2019-12-14,10000002,37,14.65,14.73,14.59,509461414,1349,
2019-12-14,10000002,38,224.85,227.29,216.25,68989319,1254,
2019-12-14,10000002,39,492.09,492.17,463,40957956,1309,
2019-12-14,10000002,40,350.84,351.35,350.68,42444366,1155,
2019-12-14,10000002,11399,11734.45,11734.86,10820.49,1103160,515,
2019-12-15,10000002,34,5.35,5.4,5.27,9304378761,2571,
2019-12-15,10000002,35,5.14,5.15,4.92,2725921928,2043,
2019-12-15,10000002,36,43.6,46.11,43.3,860212496,1802,
2019-12-15,10000002,37,14.87,14.9,14.32,176601976,1511,
2019-12-15,10000002,38,224.7,224.78,216.19,51785228,1402,
2019-12-15,10000002,39,492.1,492.18,492,43297979,1469,
2019-12-15,10000002,40,351.62,351.68,351.13,22748360,1251,
2019-12-15,10000002,11399,11734.94,11746.58,11734.29,1718928,502,
2019-12-16,10000002,34,5.54,5.57,5.51,8618161690,2118,
2019-12-16,10000002,35,5.1,5.14,5.06,2162686872,1667,
2019-12-16,10000002,36,45.96,46.08,43.32,675734978,1459,
2019-12-16,10000002,37,14.86,15.09,14.14,250908635,1181,
2019-12-16,10000002,38,223.99,228.6,215.25,66645357,1165,
2019-12-16,10000002,39,492.25,492.63,471.15,24641847,1153,
2019-12-16,10000002,40,351.13,352.98,351.13,25815612,1034,
2019-12-16,10000002,11399,11315.43,12249.45,11315.13,1774237,440,
2019-12-17,10000002,34,5.43,5.55,5.16,9820743072,2089,
2019-12-17,10000002,35,4.99,5.14,4.85,2458553362,1603,
2019-12-17,10000002,36,46.15,47.56,44.01,729783944,1481,
2019-12-17,10000002,37,14.9,16.19,13.71,322452949,1154,
2019-12-17,10000002,38,224.77,228.62,224.77,78237412,1116,
2019-12-17,10000002,39,471.16,491.79,471.1,22736344,1140,
2019-12-17,10000002,40,352.98,371.1,343.99,23791530,964,
2019-12-17,10000002,11399,12247.35,12247.39,11420.31,938745,357,
2019-12-18,10000002,34,5.38,5.43,5.33,7014334444,2051,
2019-12-18,10000002,35,4.99,5.09,4.86,2441092676,1633,
2019-12-18,10000002,36,47.56,47.72,46.07,726586528,1457,
2019-12-18,10000002,37,14.65,14.9,13.07,205815630,1229,
2019-12-18,10000002,38,233.88,234.04,216.15,55455623,1157,
2019-12-18,10000002,39,491.7,491.78,491.6,19462138,1109,
2019-12-18,10000002,40,369.9,369.99,350.01,16259834,956,
2019-12-18,10000002,11399,12247.37,12251.89,11471,1487366,403,
2019-12-19,10000002,34,5.46,5.53,5.34,7092514209,2023,
2019-12-19,10000002,35,5.11,5.11,5.11,2673864007,1568,
2019-12-19,10000002,36,46.98,47.55,46.95,494034671,1376,
2019-12-19,10000002,37,14.11,14.6,13.04,174777524,1141,
2019-12-19,10000002,38,233.99,234.22,230,66606778,1122,
2019-12-19,10000002,39,490.59,490.87,455.03,21137498,1103,
2019-12-19,10000002,40,372.29,372.29,372.29,26714313,978,
2019-12-19,10000002,11399,12500,12500,12500,1571396,446,
2019-12-20,10000002,34,5.44,5.46,5.44,10462877432,1989,
2019-12-20,10000002,35,5.11,5.21,5.06,2864955081,1557,
2019-12-20,10000002,36,45.73,47.64,45.63,702972224,1345,
2019-12-20,10000002,37,14.67,16.13,14.53,951112720,1178,
2019-12-20,10000002,38,220.09,234.21,216.23,57894841,1061,
2019-12-20,10000002,39,489.6,490.07,488.62,19350526,1100,
2019-12-20,10000002,40,371,378.59,348,17868140,949,
2019-12-20,10000002,11399,12801.16,13179.22,12752,2208223,432,
2019-12-21,10000002,34,5.59,5.91,5.41,11438180576,2287,
2019-12-21,10000002,35,5.19,5.24,4.87,2893839155,1802,
2019-12-21,10000002,36,47.55,49.95,47.42,686097699,1544,
2019-12-21,10000002,37,17,17,17,1347579903,1347,
2019-12-21,10000002,38,234.15,234.24,216.55,49392593,1239,
2019-12-21,10000002,39,484.89,484.89,484.88,29189865,1243,
2019-12-21,10000002,40,378.44,378.58,371,28128780,1125,
2019-12-21,10000002,11399,11487.07,12869.96,11480.13,2141908,608,
2019-12-22,10000002,34,6.35,6.4,5.99,18520832317,2512,
2019-12-22,10000002,35,5.13,5.24,5.07,2703991168,1841,
2019-12-22,10000002,36,50,51.15,50,946336821,1678,
2019-12-22,10000002,37,17.51,17.61,17.45,351394756,1411,
2019-12-22,10000002,38,234.25,239.44,223.04,73091696,1304,
2019-12-22,10000002,39,491.55,491.6,491.37,47257431,1381,
2019-12-22,10000002,40,388.69,399.8,375,32233782,1187,
2019-12-22,10000002,11399,11479.02,12868.68,10817.55,3959618,600,
2019-12-23,10000002,34,6.38,6.6,6.02,16186270181,2087,
2019-12-23,10000002,35,4.87,5.15,4.78,3384507848,1487,
2019-12-23,10000002,36,52.46,57.36,52.02,921547802,1351,
2019-12-23,10000002,37,16.11,17.5,16.06,234148238,1097,
2019-12-23,10000002,38,226.07,238,225.55,63478073,1015,
2019-12-23,10000002,39,461.09,502.96,460.99,20457945,1035,
2019-12-23,10000002,40,375,399.79,354.03,15982821,883,
2019-12-23,10000002,11399,10502,10502.62,10502,1408750,443,
2019-12-24,10000002,34,6.69,6.76,6.24,5862925587,1809,
2019-12-24,10000002,35,5.07,5.14,5.01,1982354853,1391,
2019-12-24,10000002,36,54.66,54.82,50.31,431234397,1265,
2019-12-24,10000002,37,16.02,16.69,15.91,261829748,1072,
2019-12-24,10000002,38,268.12,268.22,234.59,65511284,969,
2019-12-24,10000002,39,501.66,501.96,480.1,14543880,993,
2019-12-24,10000002,40,375,398.42,375,14536185,867,
2019-12-24,10000002,11399,11589.84,12546.97,11002.03,847286,462,
2019-12-25,10000002,34,6.48,6.59,6.23,6382839804,1870,
2019-12-25,10000002,35,4.99,5.12,4.81,2074253024,1512,
2019-12-25,10000002,36,54.37,54.47,50.13,579739709,1333,
2019-12-25,10000002,37,15.02,16.12,14.46,273405614,1111,
2019-12-25,10000002,38,249.99,256.96,235.63,48131040,1074,
2019-12-25,10000002,39,499.92,499.95,481,18500929,1047,
2019-12-25,10000002,40,375,397.34,369.42,13302754,875,
2019-12-25,10000002,11399,11109.03,12498.4,11109.02,922129,431,
2019-12-26,10000002,34,6.39,6.42,6.31,8789147286,2046,
2019-12-26,10000002,35,5.08,5.11,4.8,2277608298,1554,
2019-12-26,10000002,36,50.73,53.29,50.21,744599078,1426,
2019-12-26,10000002,37,15.02,16.06,14.71,366803919,1200,
2019-12-26,10000002,38,249.49,256.8,236.97,77080705,1151,
2019-12-26,10000002,39,499.88,499.91,481.05,19112540,1174,
2019-12-26,10000002,40,397.08,397.1,375,16263324,980,
2019-12-26,10000002,11399,11401.73,12398.8,11111.13,1651735,472,
2019-12-27,10000002,34,6.47,6.6,6.33,7971476488,2001,
2019-12-27,10000002,35,4.99,4.99,4.98,2790472002,1629,
2019-12-27,10000002,36,50.49,53.39,50.26,676912075,1459,
2019-12-27,10000002,37,15.48,15.63,15.13,209688290,1147,
2019-12-27,10000002,38,256.54,256.57,238,41882977,1097,
2019-12-27,10000002,39,468.68,498.49,461.74,25057458,1143,
2019-12-27,10000002,40,397.02,399.84,370.15,47877302,1000,
2019-12-27,10000002,11399,11900,12225.94,11000.24,2037680,517,
2019-12-28,10000002,34,6.42,6.49,6.07,8152521056,2086,
2019-12-28,10000002,35,4.94,4.98,4.67,3095559335,1578,
2019-12-28,10000002,36,52.5,53.99,50.53,705215695,1367,
2019-12-28,10000002,37,15.35,15.41,14.76,322461960,1129,
2019-12-28,10000002,38,249.99,255.49,240.04,79284978,1056,
2019-12-28,10000002,39,498.54,498.6,464.16,27539324,1070,
2019-12-28,10000002,40,375.12,397.06,369.85,15328660,936,
2019-12-28,10000002,11399,11698.5,11698.59,11045.82,981041,488,
2019-12-29,10000002,34,6.35,6.38,6.3,7298073803,2229,
2019-12-29,10000002,35,4.93,4.95,4.9,1823955670,1751,
2019-12-29,10000002,36,51.39,52.92,50.03,748055350,1520,
2019-12-29,10000002,37,14.76,15.21,14.7,422632481,1269,
2019-12-29,10000002,38,246,255.17,238.23,52195757,1225,
2019-12-29,10000002,39,497.9,497.99,465.02,31909739,1229,
2019-12-29,10000002,40,395.85,404.97,375.23,15489030,1057,
2019-12-29,10000002,11399,11698.02,11698.4,11202.33,1830927,517,
2019-12-30,10000002,34,6.2,6.25,5.54,8895012794,1982,
2019-12-30,10000002,35,4.9,4.95,4.78,2129794525,1559,
2019-12-30,10000002,36,51.98,52.75,48.79,619314762,1367,
2019-12-30,10000002,37,15.22,15.24,14.29,167187661,1124,
2019-12-30,10000002,38,238.09,254.99,238,44251569,1065,
2019-12-30,10000002,39,491,494.97,464.12,26446087,1073,
2019-12-30,10000002,40,384,403.94,375.25,12249111,935,
2019-12-30,10000002,11399,11705.65,11705.65,11705.65,1033875,488,
2019-12-31,10000002,34,6.15,6.15,6.15,4670208597,1887,
2019-12-31,10000002,35,4.98,5.18,4.81,2008338845,1555,
2019-12-31,10000002,36,52.59,52.64,51.89,648998342,1340,
2019-12-31,10000002,37,14.28,14.97,14.25,384511788,1110,
2019-12-31,10000002,38,235.55,252.83,235.5,58677732,1064,
2019-12-31,10000002,39,494.98,494.99,489.99,18433480,1117,
2019-12-31,10000002,40,401.99,402.99,377.13,11813733,940,
2019-12-31,10000002,11399,11621.37,12219.87,11621.33,871407,457,
2020-01-01,10000002,34,6.13,6.15,6.09,7356962856,2060,
2020-01-01,10000002,35,5.18,5.2,5.1,1912034186,1502,
2020-01-01,10000002,36,52.41,52.45,52.39,551715020,1344,
2020-01-01,10000002,37,15.11,15.25,14.93,183529177,1159,
2020-01-01,10000002,38,245,249.09,228.2,48728572,1015,
2020-01-01,10000002,39,495,496.19,472.75,22873214,1124,
2020-01-01,10000002,40,390,400.91,377.21,12258784,934,
2020-01-01,10000002,11399,11665.65,12217.68,11013.08,1352451,505,
2020-01-02,10000002,34,6.13,6.14,6.12,7588996993,2243,
2020-01-02,10000002,35,5.18,5.2,5.14,2610473630,1719,
2020-01-02,10000002,36,52.99,54,51.5,745977611,1558,
2020-01-02,10000002,37,15.76,15.77,15.73,334708591,1292,
2020-01-02,10000002,38,242.78,242.92,230.3,59453461,1167,
2020-01-02,10000002,39,497.48,497.84,464.25,24132167,1248,
2020-01-02,10000002,40,377,377,377,26180372,1074,
2020-01-02,10000002,11399,11999.91,12198.96,11000,1746245,480,
2020-01-03,10000002,34,6.17,6.24,6.12,7975485854,2207,
2020-01-03,10000002,35,5.21,5.21,5.2,1977723187,1637,
2020-01-03,10000002,36,53.98,53.99,50.14,721283442,1494,
2020-01-03,10000002,37,14.53,15.02,14.53,388545291,1249,
2020-01-03,10000002,38,244,252,222.24,48099126,1130,
2020-01-03,10000002,39,497.87,497.87,497.86,22496480,1128,
2020-01-03,10000002,40,384.98,403.32,371.39,15617209,973,
2020-01-03,10000002,11399,11999,11999.91,11998.98,1152627,550,
2020-01-04,10000002,34,6.18,6.26,6.12,7532615874,2276,
2020-01-04,10000002,35,5.1,5.15,4.96,2270176883,1735,
2020-01-04,10000002,36,54,55.1,50.17,689044425,1541,
2020-01-04,10000002,37,14.54,15.58,14.5,345518111,1250,
2020-01-04,10000002,38,225.04,251.86,223.68,74893122,1152,
2020-01-04,10000002,39,498,499.84,465.05,28526218,1222,
2020-01-04,10000002,40,385,403.28,371.68,16361184,1056,
2020-01-04,10000002,11399,12219.87,12349.79,11040.05,1326246,532,
2020-01-05,10000002,34,6.13,6.16,5.82,8474821638,2655,
2020-01-05,10000002,35,5.1,5.2,4.98,2351897511,2043,
2020-01-05,10000002,36,54.3,54.5,51.59,630929219,1796,
2020-01-05,10000002,37,14.58,15.42,14.25,270265839,1408,
2020-01-05,10000002,38,247.94,248.55,228.44,77464100,1378,
2020-01-05,10000002,39,499.96,501.76,465.55,24228548,1408,
2020-01-05,10000002,40,399.98,402.78,372.25,15818344,1163,
2020-01-05,10000002,11399,11991.54,11995.47,11115.08,1153065,572,
2020-01-06,10000002,34,6.35,6.5,6.12,8130549993,2300,
2020-01-06,10000002,35,5.2,5.21,4.95,2129078016,1687,
2020-01-06,10000002,36,54.2,54.48,51.19,944920275,1538,
2020-01-06,10000002,37,15.41,15.47,14.67,332806088,1189,
2020-01-06,10000002,38,247.85,247.93,229.85,44995402,1099,
2020-01-06,10000002,39,502.72,505.96,466.32,23261497,1161,
2020-01-06,10000002,40,374.77,400.01,374.57,18084954,981,
2020-01-06,10000002,11399,11987.19,11988.22,11115.06,1454068,481,
2020-01-07,10000002,34,6.5,6.94,6.35,5104183289,2173,
2020-01-07,10000002,35,5.17,5.17,5.16,1215509537,1633,
2020-01-07,10000002,36,54.67,54.75,53,352761261,1475,
2020-01-07,10000002,37,15,15.69,14.62,130701233,1255,
2020-01-07,10000002,38,245,247.8,245,64274977,1138,
2020-01-07,10000002,39,509.96,509.98,509.91,20988002,1221,
2020-01-07,10000002,40,401.99,402.75,400.99,12533728,986,
2020-01-07,10000002,11399,11978.7,11978.95,11473,1284022,554,
2020-01-08,10000002,34,6.5,6.77,6.09,5800265865,2175,
2020-01-08,10000002,35,5.14,5.15,5.09,1663839570,1553,
2020-01-08,10000002,36,54.38,54.43,53.87,407410184,1432,
2020-01-08,10000002,37,14.58,14.94,14.45,178593894,1195,
2020-01-08,10000002,38,239.97,240,236.87,37136848,1123,
2020-01-08,10000002,39,509.74,549.93,509.65,20497112,1172,
2020-01-08,10000002,40,379.01,402.82,378.11,8126388,964,
2020-01-08,10000002,11399,11472.18,11978.69,11047.99,1479286,458,
2020-01-09,10000002,34,6.5,6.7,6.38,5964429294,1971,
2020-01-09,10000002,35,5.09,5.1,5.09,2655884744,1503,
2020-01-09,10000002,36,53.77,54,53.68,605505826,1353,
2020-01-09,10000002,37,14.3,14.54,14.26,286071322,1132,
2020-01-09,10000002,38,238,240,231.02,46318268,1049,
2020-01-09,10000002,39,549.89,551.73,504.03,21165495,1133,
2020-01-09,10000002,40,402.79,402.82,381.64,9289328,951,
2020-01-09,10000002,11399,11879.2,11879.22,11311,1125076,512,
2020-01-10,10000002,34,6.58,6.59,6.23,6337298951,1955,
2020-01-10,10000002,35,5.2,5.21,5.15,1800930839,1449,
2020-01-10,10000002,36,53.69,54.77,52.23,666080457,1351,
2020-01-10,10000002,37,13.37,14.58,13.27,280040661,1103,
2020-01-10,10000002,38,231.52,248.73,231.44,51730669,1016,
2020-01-10,10000002,39,508.25,519.74,508,31985412,1075,
2020-01-10,10000002,40,395,403.24,381.69,9904874,953,
2020-01-10,10000002,11399,12334.97,12334.98,12334,890444,497,
2020-01-11,10000002,34,6.49,6.5,6.34,7992419042,2423,
2020-01-11,10000002,35,5.18,5.2,4.92,2728731605,1770,
2020-01-11,10000002,36,54.5,56.24,51.31,774665030,1580,
2020-01-11,10000002,37,14,14,14,389787548,1317,
2020-01-11,10000002,38,239.49,248.38,231.51,48868885,1262,
2020-01-11,10000002,39,559.18,559.42,519.76,18790390,1275,
2020-01-11,10000002,40,403.18,403.19,395,8731110,1107,
2020-01-11,10000002,11399,12200,12334.85,11602.18,1317092,569,
2020-01-12,10000002,34,6.48,6.5,6.4,9865277958,2505,
2020-01-12,10000002,35,5.21,5.22,5.17,1684986020,1930,
2020-01-12,10000002,36,56.03,56.06,51.92,625989138,1732,
2020-01-12,10000002,37,13.67,15.01,13.59,186060982,1394,
2020-01-12,10000002,38,247.85,248,233.17,48027360,1285,
2020-01-12,10000002,39,549.67,549.72,516.01,18637884,1361,
2020-01-12,10000002,40,380,380,380,29064642,1133,
2020-01-12,10000002,11399,11603.17,12198.97,11503.06,1762040,613,
2020-01-13,10000002,34,6.75,6.92,6.38,6517411314,1959,
2020-01-13,10000002,35,5.2,5.22,4.84,1903788370,1624,
2020-01-13,10000002,36,55,55.86,51.77,559477339,1453,
2020-01-13,10000002,37,14.11,14.75,13.76,168551771,1185,
2020-01-13,10000002,38,240,247.92,235,60268096,1144,
2020-01-13,10000002,39,511.04,528,510,34282427,1184,
2020-01-13,10000002,40,378.42,395.99,375.08,45215432,1021,
2020-01-13,10000002,11399,11800,12332.67,11603,1596733,482,
2020-01-14,10000002,34,6.88,6.92,6.28,5922991777,1941,
2020-01-14,10000002,35,5.19,5.2,5.1,1572555560,1490,
2020-01-14,10000002,36,55.44,56,55.17,1065306255,1361,
2020-01-14,10000002,37,14.5,15,14.39,169276376,1158,
2020-01-14,10000002,38,239,241.94,232.03,75355435,1057,
2020-01-14,10000002,39,520,524.79,480,21273452,1110,
2020-01-14,10000002,40,370.03,370.03,370.01,19434857,969,
2020-01-14,10000002,11399,12331.36,12331.41,12329.92,873192,485,
2020-01-15,10000002,34,6.45,6.9,6.28,7035921402,1902,
2020-01-15,10000002,35,5.1,5.17,4.89,1611892302,1430,
2020-01-15,10000002,36,55.82,55.91,51.68,596799410,1303,
2020-01-15,10000002,37,14.32,14.45,13.65,200294138,1085,
2020-01-15,10000002,38,238.99,242,231.43,50399250,988,
2020-01-15,10000002,39,519.95,523.98,478.11,18892344,1055,
2020-01-15,10000002,40,356.39,384.99,356.34,14976687,928,
2020-01-15,10000002,11399,11856,11856,11856,1665928,454,
2020-01-16,10000002,34,6.49,6.52,6.31,7532877207,1735,
2020-01-16,10000002,35,4.95,4.99,4.91,1893637043,1340,
2020-01-16,10000002,36,54.17,54.52,50.62,358281953,1184,
2020-01-16,10000002,37,13.89,13.89,13.62,120224690,969,
2020-01-16,10000002,38,238.85,241.92,219.2,75317642,882,
2020-01-16,10000002,39,516,518.85,490.56,11557480,899,
2020-01-16,10000002,40,384.93,384.99,383.99,11972406,805,
2020-01-16,10000002,11399,12119.85,12119.85,12119.85,588073,475,
2020-01-17,10000002,34,6.5,6.55,6.45,9262403443,2049,
2020-01-17,10000002,35,5.11,5.11,5.1,2470239510,1627,
2020-01-17,10000002,36,54.03,54.36,53.97,686253791,1440,
2020-01-17,10000002,37,13.62,13.88,13.61,292140862,1178,
2020-01-17,10000002,38,233.95,241.86,220.06,50595982,1071,
2020-01-17,10000002,39,518.71,518.77,513.97,16107634,1031,
2020-01-17,10000002,40,384.73,384.86,383.9,9233696,913,
2020-01-17,10000002,11399,11912.15,12119,11912,1970185,583,
2020-01-18,10000002,34,6.76,6.83,6.48,7761964871,2381,
2020-01-18,10000002,35,5.23,5.24,5.21,1823985330,1830,
2020-01-18,10000002,36,54.73,55.74,52.26,811734365,1702,
2020-01-18,10000002,37,14.4,14.74,14.36,215659787,1395,
2020-01-18,10000002,38,241.87,242.08,219.49,88526897,1303,
2020-01-18,10000002,39,518.69,518.71,514.98,23483612,1264,
2020-01-18,10000002,40,379.94,384.63,379.92,18046113,1110,
2020-01-18,10000002,11399,12119.87,12318.62,11916.19,1802670,650,
2020-01-19,10000002,34,6.52,6.69,6.44,7732746873,2625,
2020-01-19,10000002,35,5.25,5.26,5.17,3564204139,2113,
2020-01-19,10000002,36,55.64,55.68,52.4,612744975,1795,
2020-01-19,10000002,37,14.95,14.97,13.67,198442611,1487,
2020-01-19,10000002,38,245.46,247.73,243.96,83475393,1437,
2020-01-19,10000002,39,515,517.91,485.04,34876208,1480,
2020-01-19,10000002,40,377.97,379.76,356.54,25104717,1269,
2020-01-19,10000002,11399,11920.04,12318.64,11919.24,2237794,631,
2020-01-20,10000002,34,6.48,6.5,6.18,8562553931,2195,
2020-01-20,10000002,35,5.34,5.35,5.3,3564878273,1729,
2020-01-20,10000002,36,55.7,56.87,55,788616461,1578,
2020-01-20,10000002,37,14.2,14.87,13.7,204281475,1302,
2020-01-20,10000002,38,243.96,247.42,231.14,53177020,1183,
2020-01-20,10000002,39,518.52,518.65,481.7,22940435,1325,
2020-01-20,10000002,40,370,379.95,356.38,18389973,1087,
2020-01-20,10000002,11399,12338.9,12347.97,11300.02,1062714,509,
2020-01-21,10000002,34,6.4,6.45,6.12,7195024291,1932,
2020-01-21,10000002,35,5.25,5.31,4.78,2548289551,1479,
2020-01-21,10000002,36,55.72,57.43,52.01,634879893,1346,
2020-01-21,10000002,37,14.2,14.47,13.53,167752825,1110,
2020-01-21,10000002,38,246.9,246.99,230.05,32912106,983,
2020-01-21,10000002,39,518.27,518.39,481.37,21672830,1121,
2020-01-21,10000002,40,356.66,382.89,356.42,14038767,936,
2020-01-21,10000002,11399,12493.05,12493.06,12337.98,791208,466,
2020-01-22,10000002,34,6.21,6.24,6.21,7837943436,1898,
2020-01-22,10000002,35,5.22,5.24,5.2,2349928914,1460,
2020-01-22,10000002,36,56.72,57.05,55.47,529251447,1283,
2020-01-22,10000002,37,13.74,13.96,13.5,120277455,1085,
2020-01-22,10000002,38,246.69,246.88,231.1,41101126,1037,
2020-01-22,10000002,39,517.88,518.32,482.6,17067737,1051,
2020-01-22,10000002,40,379.94,380.86,356.91,12002241,833,
2020-01-22,10000002,11399,12520.79,12861.72,12101.06,1101026,495,
2020-01-23,10000002,34,6.13,6.17,6.11,10385052716,2174,
2020-01-23,10000002,35,5.15,5.16,5.11,2118317349,1676,
2020-01-23,10000002,36,56.44,56.48,54.45,531649389,1570,
2020-01-23,10000002,37,13.26,13.29,13.08,585568976,1416,
2020-01-23,10000002,38,247,247.49,246.82,47120168,1260,
2020-01-23,10000002,39,515.99,517.66,486.14,18278024,1338,
2020-01-23,10000002,40,377.99,378.94,372.99,17710310,1100,
2020-01-23,10000002,11399,11490.01,13175.99,11264,1201080,494,
2020-01-24,10000002,34,6.14,6.23,6.12,5786609430,1989,
2020-01-24,10000002,35,5.22,5.31,5.12,2405401845,1576,
2020-01-24,10000002,36,54.45,56.1,53.89,558132342,1421,
2020-01-24,10000002,37,13.05,13.19,13.03,481913479,1259,
2020-01-24,10000002,38,248,248.63,233.19,68031959,1079,
2020-01-24,10000002,39,494.98,510,482.98,28288077,1160,
2020-01-24,10000002,40,374.97,375.91,348.14,14885012,994,
2020-01-24,10000002,11399,12863.95,13169.78,11491.05,939070,519,
2020-01-25,10000002,34,6.28,6.59,6.25,10180548866,2754,
2020-01-25,10000002,35,5.31,5.34,5.29,2835223589,2059,
2020-01-25,10000002,36,55.74,56.03,53.59,912324557,1905,
2020-01-25,10000002,37,13.96,13.96,13.94,285616214,1571,
2020-01-25,10000002,38,250,251.9,248.68,64979768,1462,
2020-01-25,10000002,39,502.3,502.49,478.86,31911652,1485,
2020-01-25,10000002,40,373,375.77,348,19785871,1310,
2020-01-25,10000002,11399,13169.61,13169.64,12201.02,1368928,558,
2020-01-26,10000002,34,6.23,6.29,6.19,7442569581,2668,
2020-01-26,10000002,35,5.18,5.2,5.17,2074860188,2024,
2020-01-26,10000002,36,55.6,55.62,55.55,867502218,1872,
2020-01-26,10000002,37,14,14.35,13.22,232218735,1520,
2020-01-26,10000002,38,247.04,255,245,58083670,1408,
2020-01-26,10000002,39,502.31,502.31,502.31,46502105,1431,
2020-01-26,10000002,40,373.99,374.95,365,11553653,1230,
2020-01-26,10000002,11399,13169.61,13169.63,13000,1774688,649,
2020-01-27,10000002,34,6.17,6.18,5.98,7803731463,1909,
2020-01-27,10000002,35,5.11,5.2,4.98,2527982875,1537,
2020-01-27,10000002,36,55.97,56.33,52.54,583723097,1297,
2020-01-27,10000002,37,14.01,14.41,13.57,162030802,1103,
2020-01-27,10000002,38,287.73,325.94,245.82,79218968,1076,
2020-01-27,10000002,39,499.97,501.99,489,39144614,1132,
2020-01-27,10000002,40,374.98,378.98,350,19379700,930,
2020-01-27,10000002,11399,13001.02,13399.91,13000,992737,520,
2020-01-28,10000002,34,6.12,6.14,6.1,5025767839,1716,
2020-01-28,10000002,35,5.2,5.33,5,1588240812,1357,
2020-01-28,10000002,36,55.99,56.3,52.67,415990869,1225,
2020-01-28,10000002,37,13.41,13.41,13.41,160158474,1029,
2020-01-28,10000002,38,248.21,286.73,247.67,50492545,938,
2020-01-28,10000002,39,503.37,503.47,478.88,14285068,1018,
2020-01-28,10000002,40,370.16,379.88,350.05,7110339,857,
2020-01-28,10000002,11399,13399.76,13399.85,13010,1555864,413,
2020-01-29,10000002,34,6.12,6.13,6.1,5363017509,1875,
2020-01-29,10000002,35,5.38,5.4,5.35,1372620685,1407,
2020-01-29,10000002,36,56.34,56.57,52.58,451609881,1264,
2020-01-29,10000002,37,14.13,14.19,13.6,181677807,1099,
2020-01-29,10000002,38,286.02,286.58,260,35917923,1007,
2020-01-29,10000002,39,505,513.75,479.44,21019956,1132,
2020-01-29,10000002,40,378.99,379.79,350.14,10110151,930,
2020-01-29,10000002,11399,13000.03,13399.66,13000,1518915,455,
2020-01-30,10000002,34,6.26,6.49,6.24,5329326730,1799,
2020-01-30,10000002,35,5.33,5.35,5.28,1368692155,1355,
2020-01-30,10000002,36,56.29,56.58,52.38,509070416,1273,
2020-01-30,10000002,37,14.32,14.33,14.07,152209163,1042,
2020-01-30,10000002,38,283.56,283.98,255.18,36760938,984,
2020-01-30,10000002,39,500.81,517.59,480.16,17417065,1006,
2020-01-30,10000002,40,350.34,374.98,350.32,24771423,865,
2020-01-30,10000002,11399,13154.67,13398.96,12601.04,1168815,426,
2020-01-31,10000002,34,6.35,6.38,6.18,6396557053,1515,
2020-01-31,10000002,35,5.29,5.31,5.28,2007280228,1218,
2020-01-31,10000002,36,55.91,56.1,52.85,276702629,1022,
2020-01-31,10000002,37,14.25,14.26,14.22,109245006,853,
2020-01-31,10000002,38,269.99,283.16,260.95,27546167,817,
2020-01-31,10000002,39,517.45,517.48,475,15021158,820,
2020-01-31,10000002,40,374.98,379.05,350.01,7309050,698,
2020-01-31,10000002,11399,13398.75,13398.8,13154.6,484078,340,
2020-02-01,10000002,34,6.29,6.48,6.24,5885496148,2175,
2020-02-01,10000002,35,5.38,5.49,5.2,1460192241,1629,
2020-02-01,10000002,36,55.02,55.06,52.18,571749359,1432,
2020-02-01,10000002,37,14.37,14.39,14.19,411877171,1201,
2020-02-01,10000002,38,260.98,282.72,260.33,50513590,1108,
2020-02-01,10000002,39,517.31,517.41,473.4,22532522,1135,
2020-02-01,10000002,40,350,370,345,24269966,956,
2020-02-01,10000002,11399,11491.37,12000.2,11037.22,3382965,510,
2020-02-02,10000002,34,6.46,6.47,6.24,7427198727,2375,
2020-02-02,10000002,35,5.5,5.52,5.15,2380558573,1869,
2020-02-02,10000002,36,54.25,54.29,53.1,645485962,1575,
2020-02-02,10000002,37,14.4,14.42,14.14,406811671,1341,
2020-02-02,10000002,38,276.88,276.9,276.81,67029835,1285,
2020-02-02,10000002,39,517.35,517.5,517.3,24387110,1326,
2020-02-02,10000002,40,372.66,372.79,341.73,18188340,1137,
2020-02-02,10000002,11399,11208.81,13000,11204.44,2207126,524,
2020-02-03,10000002,34,6.29,6.4,5.89,8216531633,1921,
2020-02-03,10000002,35,5.5,5.53,5.08,2570160375,1516,
2020-02-03,10000002,36,54.13,54.19,53.99,612534324,1310,
2020-02-03,10000002,37,14.49,14.49,14.49,761340579,1173,
2020-02-03,10000002,38,251.52,280.78,245,111171073,1053,
2020-02-03,10000002,39,517.59,517.59,517.58,28009233,1148,
2020-02-03,10000002,40,371.68,371.94,341.94,21292320,959,
2020-02-03,10000002,11399,11230.36,12991.44,11230.27,983584,498,
2020-02-04,10000002,34,6.45,6.45,6.44,8332152060,1952,
2020-02-04,10000002,35,5.53,5.55,5.49,1771443677,1515,
2020-02-04,10000002,36,54.15,54.76,53.54,611680233,1382,
2020-02-04,10000002,37,14,14,14,435902830,1180,
2020-02-04,10000002,38,273.96,278.29,247.5,42235130,1092,
2020-02-04,10000002,39,518.7,523.97,513.99,15866559,1119,
2020-02-04,10000002,40,371.53,371.56,361,9001691,972,
2020-02-04,10000002,11399,12598.7,12699.92,12589.57,814868,407,
2020-02-05,10000002,34,6.25,6.43,6.18,6177499799,1849,
2020-02-05,10000002,35,5.49,5.52,5.45,1486231989,1447,
2020-02-05,10000002,36,54.89,55.03,53.55,459687813,1255,
2020-02-05,10000002,37,13.28,14.68,13.25,202370426,1086,
2020-02-05,10000002,38,266,266.93,245.16,31723974,1000,
2020-02-05,10000002,39,548.64,548.7,481.45,16141674,1055,
2020-02-05,10000002,40,342.49,342.5,340.27,20296722,887,
2020-02-05,10000002,11399,12499.78,12499.9,12200.04,1218497,496,
2020-02-06,10000002,34,6.33,6.42,6.22,5730387094,1899,
2020-02-06,10000002,35,5.49,5.53,5.41,1492408458,1412,
2020-02-06,10000002,36,55.78,55.89,55.7,659515011,1283,
2020-02-06,10000002,37,14.5,14.74,13.42,204647203,1021,
2020-02-06,10000002,38,265.72,265.93,246.02,45155156,978,
2020-02-06,10000002,39,540,547.62,509.31,56310798,1049,
2020-02-06,10000002,40,368.93,369.96,368.43,8304636,848,
2020-02-06,10000002,11399,12499.98,12500,12499.6,1087612,467,
2020-02-07,10000002,34,6.25,6.35,6.02,7029975177,1948,
2020-02-07,10000002,35,5.38,5.44,5.15,1899730329,1464,
2020-02-07,10000002,36,55.94,56,51.9,547460936,1358,
2020-02-07,10000002,37,14.49,14.55,13.43,175319831,1150,
2020-02-07,10000002,38,246.09,262.96,245,64407433,1037,
2020-02-07,10000002,39,530,545.57,485.17,24822173,1175,
2020-02-07,10000002,40,341.5,359.97,340.07,11263447,965,
2020-02-07,10000002,11399,12589,12699.97,12490.99,1794047,448,
2020-02-08,10000002,34,6.2,6.21,6.2,7482295917,2448,
2020-02-08,10000002,35,5.4,5.41,5.39,3196591939,1946,
2020-02-08,10000002,36,56.03,56.04,51.74,953166087,1678,
2020-02-08,10000002,37,14.41,14.42,14.4,211021441,1391,
2020-02-08,10000002,38,260,262.76,259.9,83218285,1328,
2020-02-08,10000002,39,539.91,544.98,505.39,49273383,1407,
2020-02-08,10000002,40,356.99,357.95,340.37,23093419,1200,
2020-02-08,10000002,11399,12898.43,12898.45,12001.09,821559,509,
2020-02-09,10000002,34,6.19,6.21,6.14,7193452809,2625,
2020-02-09,10000002,35,5.4,5.44,5.27,2188907275,2076,
2020-02-09,10000002,36,55.97,56.01,55.41,729820348,1850,
2020-02-09,10000002,37,14.26,14.38,13.79,257585357,1475,
2020-02-09,10000002,38,259.61,259.77,237.14,72241576,1368,
2020-02-09,10000002,39,535.53,535.77,501.91,33373284,1494,
2020-02-09,10000002,40,340.05,349.78,340.04,29647943,1203,
2020-02-09,10000002,11399,12000,12898.29,11852.21,2433776,570,
2020-02-10,10000002,34,6.18,6.29,6.15,8857928607,2246,
2020-02-10,10000002,35,5.41,5.43,5.34,3339509966,1757,
2020-02-10,10000002,36,56,56.77,54.63,687778395,1524,
2020-02-10,10000002,37,14.39,14.52,14.07,348777643,1304,
2020-02-10,10000002,38,257.98,258,256.99,49925376,1149,
2020-02-10,10000002,39,534.92,534.94,534.04,30556704,1250,
2020-02-10,10000002,40,346.88,347,340.06,24293028,1076,
2020-02-10,10000002,11399,12992.38,13000,12024.82,1231507,520,
2020-02-11,10000002,34,6.46,6.5,6.38,23460544301,2212,
2020-02-11,10000002,35,5.58,5.61,5.49,3287579327,1603,
2020-02-11,10000002,36,58,61.18,57.71,1346754654,1548,
2020-02-11,10000002,37,17.36,19.72,16.99,3904769976,1342,
2020-02-11,10000002,38,289.98,473.62,274.97,274904849,1336,
2020-02-11,10000002,39,544.92,544.92,539.54,28416760,1210,
2020-02-11,10000002,40,346.99,358,346.94,63173741,1012,
2020-02-11,10000002,11399,13139.17,13154.72,13139.13,1122641,487,
2020-02-12,10000002,34,7.05,7.49,6.98,10354729044,2086,
2020-02-12,10000002,35,5.65,5.65,5.65,4217606275,1547,
2020-02-12,10000002,36,71.53,75,62.64,864903574,1487,
2020-02-12,10000002,37,22.73,23.37,21.56,467589553,1196,
2020-02-12,10000002,38,500.5,569.86,480,103741104,1153,
2020-02-12,10000002,39,545,545.2,544.93,65144077,1109,
2020-02-12,10000002,40,371.58,372.84,368.52,89180415,1020,
2020-02-12,10000002,11399,13491.46,14500,13349.98,3285965,516,
2020-02-13,10000002,34,7.1,7.12,6.97,7400335254,1936,
2020-02-13,10000002,35,6.39,6.74,6.11,3441025659,1507,
2020-02-13,10000002,36,68.85,69.57,65.57,1236385549,1369,
2020-02-13,10000002,37,17.53,17.53,17.53,970443106,1090,
2020-02-13,10000002,38,439.83,495.94,396.7,63952698,1019,
2020-02-13,10000002,39,541,544.44,524.04,21986391,980,
2020-02-13,10000002,40,379.95,394.97,358.26,14537534,828,
2020-02-13,10000002,11399,14992,14992.99,13034.43,908469,476,
2020-02-14,10000002,34,7.16,7.61,6.98,5853806340,1986,
2020-02-14,10000002,35,7.47,8,7.14,1919157234,1486,
2020-02-14,10000002,36,66.75,68.81,60,497975424,1368,
2020-02-14,10000002,37,19.07,19.53,17.48,875885626,1161,
2020-02-14,10000002,38,428.87,429.71,402.15,61534106,1075,
2020-02-14,10000002,39,548.7,559.26,525.04,19987723,1003,
2020-02-14,10000002,40,403.32,403.33,365,26533143,892,
2020-02-14,10000002,11399,14694.96,14694.96,14189.99,2029915,544,
2020-02-15,10000002,34,7.06,7.41,6.82,6275301375,2433,
2020-02-15,10000002,35,7.21,7.9,7.14,2418453724,1911,
2020-02-15,10000002,36,66.29,66.45,60.36,667649590,1699,
2020-02-15,10000002,37,19.96,21.08,19.08,461664526,1396,
2020-02-15,10000002,38,427.44,427.49,400,74979934,1319,
2020-02-15,10000002,39,580.9,580.93,580.5,33445216,1332,
2020-02-15,10000002,40,411.3,411.39,360.79,16376157,1091,
2020-02-15,10000002,11399,16573,16574.2,14599.99,967037,579,
2020-02-16,10000002,34,7.32,7.44,7.08,7840944922,2534,
2020-02-16,10000002,35,7.41,8.4,6.76,2290902051,2007,
2020-02-16,10000002,36,66.07,66.18,62.14,536429426,1806,
2020-02-16,10000002,37,19.25,19.66,19.04,277295180,1445,
2020-02-16,10000002,38,427.55,498.81,411.38,81429341,1445,
2020-02-16,10000002,39,580.5,580.94,540.22,36647121,1394,
2020-02-16,10000002,40,439.44,449.99,411.42,69790188,1224,
2020-02-16,10000002,11399,18049.98,21000,14567.01,1739458,565,
2020-02-17,10000002,34,7.12,7.27,6.92,6061825755,2201,
2020-02-17,10000002,35,7.6,8,7.52,2333301654,1697,
2020-02-17,10000002,36,65.23,65.55,62.4,495508051,1504,
2020-02-17,10000002,37,18.16,19.13,18.12,790750658,1303,
2020-02-17,10000002,38,497.57,498.74,497.44,119620527,1216,
2020-02-17,10000002,39,581.23,632.97,581.01,37146521,1261,
2020-02-17,10000002,40,523.09,523.78,480,28632545,1105,
2020-02-17,10000002,11399,17499.93,17499.93,17499.93,3048699,568,
2020-02-18,10000002,34,7.2,7.3,6.99,6121192844,1999,
2020-02-18,10000002,35,7.96,8.04,7.84,2131136210,1534,
2020-02-18,10000002,36,63.92,64.99,61.45,611387148,1426,
2020-02-18,10000002,37,19.29,19.38,17.75,160834616,1146,
2020-02-18,10000002,38,420.62,441.89,416.26,74535289,1150,
2020-02-18,10000002,39,564.16,632.7,562.33,28168080,1164,
2020-02-18,10000002,40,450.13,459.2,427.46,21953508,942,
2020-02-18,10000002,11399,15222,18469.99,15042.11,1372965,461,
2020-02-19,10000002,34,7.08,7.31,7.01,8188739728,2082,
2020-02-19,10000002,35,7.78,7.8,7.7,1334611300,1553,
2020-02-19,10000002,36,62.77,62.78,60.91,459971270,1435,
2020-02-19,10000002,37,20,20,20,673573693,1245,
2020-02-19,10000002,38,429.98,432.8,366.6,48862395,1137,
2020-02-19,10000002,39,628.9,628.9,628.89,16639819,1142,
2020-02-19,10000002,40,426.05,458.97,401.23,26371519,977,
2020-02-19,10000002,11399,17490.93,18369.99,16998,505091,495,
2020-02-20,10000002,34,7.24,7.3,7.07,6303449772,2176,
2020-02-20,10000002,35,7.65,7.72,7.36,2440029092,1700,
2020-02-20,10000002,36,65,65.05,64.94,662420989,1563,
2020-02-20,10000002,37,20,20,20,489950961,1285,
2020-02-20,10000002,38,419.99,422.65,375.4,39398933,1233,
2020-02-20,10000002,39,620.99,628.66,569.04,21530285,1178,
2020-02-20,10000002,40,439.46,458.3,396.2,14845161,1010,
2020-02-20,10000002,11399,15517.18,16600,15300.01,1537825,525,
2020-02-21,10000002,34,7.3,7.31,7.05,6089596193,1989,
2020-02-21,10000002,35,7.73,7.9,7.5,1566653727,1545,
2020-02-21,10000002,36,64.97,65.25,59.83,679252607,1403,
2020-02-21,10000002,37,20,20,20,2642173814,1201,
2020-02-21,10000002,38,421.2,421.22,417.41,41767038,1081,
2020-02-21,10000002,39,630.99,632.92,580.83,27491432,1166,
2020-02-21,10000002,40,439.12,439.13,413.44,17608103,938,
2020-02-21,10000002,11399,16254.56,16267.94,15052.33,836689,552,
2020-02-22,10000002,34,7.31,7.32,7.19,7854871448,2522,
2020-02-22,10000002,35,7.87,7.9,7.66,1807789769,1926,
2020-02-22,10000002,36,64.95,64.98,63.97,581360856,1679,
2020-02-22,10000002,37,20.95,22.53,20.3,2048954831,1429,
2020-02-22,10000002,38,417.58,417.67,398.16,47230150,1345,
2020-02-22,10000002,39,631.95,632.77,630.99,27376400,1361,
2020-02-22,10000002,40,469.49,499.93,458.38,42816483,1184,
2020-02-22,10000002,11399,16249.9,16253.34,16000,1390307,541,
2020-02-23,10000002,34,7.68,8.19,7.28,10858350735,2707,
2020-02-23,10000002,35,7.58,7.69,7.28,2670396265,2066,
2020-02-23,10000002,36,64.7,64.88,60.35,756755999,1800,
2020-02-23,10000002,37,20.67,22.86,20.66,208157670,1428,
2020-02-23,10000002,38,411.94,416.83,406.1,53844590,1410,
2020-02-23,10000002,39,600.38,631.9,585.19,25249581,1415,
2020-02-23,10000002,40,437.02,458.2,435,30464326,1212,
2020-02-23,10000002,11399,14977.99,14999.9,13819.12,1228206,624,
2020-02-24,10000002,34,8.14,8.16,7.71,9095207903,2341,
2020-02-24,10000002,35,7.56,7.65,7.05,1781005318,1818,
2020-02-24,10000002,36,64.99,65.36,62.8,526268295,1645,
2020-02-24,10000002,37,20,20,20,3535128021,1361,
2020-02-24,10000002,38,411.86,412.97,378.03,47499716,1289,
2020-02-24,10000002,39,567.2,580.02,567,39881684,1272,
2020-02-24,10000002,40,437.25,458.24,437.23,15679180,1070,
2020-02-24,10000002,11399,13831.42,14498.95,13831.4,1291113,527,
2020-02-25,10000002,34,7.88,8.26,7.55,4770540714,2153,
2020-02-25,10000002,35,7.49,7.55,6.79,1104495360,1667,
2020-02-25,10000002,36,64.25,65.35,60.21,442800037,1504,
2020-02-25,10000002,37,20.01,20.01,20,637898340,1289,
2020-02-25,10000002,38,410.21,417.17,375.28,38659205,1227,
2020-02-25,10000002,39,629.18,629.3,623.98,17999585,1238,
2020-02-25,10000002,40,494.82,496.21,473.88,21911880,1043,
2020-02-25,10000002,11399,14979,15000,14900,820036,545,
2020-02-26,10000002,34,7.9,8.12,7.63,5455382619,2261,
2020-02-26,10000002,35,7,7.08,7,1889721563,1676,
2020-02-26,10000002,36,61.84,64.99,59.17,480555594,1428,
2020-02-26,10000002,37,20.01,20.01,20.01,342772176,1244,
2020-02-26,10000002,38,379.06,398,375.03,57212435,1110,
2020-02-26,10000002,39,604.92,623.79,570.02,17843898,1199,
2020-02-26,10000002,40,474.9,475,437.48,10202060,976,
2020-02-26,10000002,11399,16171.85,16177.24,14103.02,551983,480,
2020-02-27,10000002,34,7.74,8.07,7.42,6025060734,2074,
2020-02-27,10000002,35,7,7.39,6.85,2402787705,1544,
2020-02-27,10000002,36,60.01,65.09,59.19,726568471,1492,
2020-02-27,10000002,37,20,20,20,1763220925,1240,
2020-02-27,10000002,38,350,351.04,350,48805117,1082,
2020-02-27,10000002,39,599.99,623,570,15751419,1187,
2020-02-27,10000002,40,437.73,475,437.65,12591944,1008,
2020-02-27,10000002,11399,14310.15,15007,14112.16,1637692,568,
2020-02-28,10000002,34,7.69,8,7.25,5249084669,2121,
2020-02-28,10000002,35,7.39,7.41,7.25,1396127419,1654,
2020-02-28,10000002,36,65.08,65.11,62.49,404958463,1436,
2020-02-28,10000002,37,20.75,20.92,20.75,255978723,1266,
2020-02-28,10000002,38,350,359.54,348.98,43107257,1162,
2020-02-28,10000002,39,617.44,617.66,582.01,22048343,1195,
2020-02-28,10000002,40,459.29,464,437.66,13645033,999,
2020-02-28,10000002,11399,16123.28,16124.61,15999.97,583777,480,
2020-02-29,10000002,34,7.68,7.94,7.42,8480378507,2627,
2020-02-29,10000002,35,7.5,7.5,7.46,3331668699,2015,
2020-02-29,10000002,36,65.09,65.15,62.49,671223673,1773,
2020-02-29,10000002,37,20,20,20,560031822,1509,
2020-02-29,10000002,38,356.97,366.54,320.15,85432068,1448,
2020-02-29,10000002,39,574,599.94,542.03,26503967,1442,
2020-02-29,10000002,40,437.46,437.58,436,41790910,1193,
2020-02-29,10000002,11399,16119,16123.1,15000.43,1065016,613,
2020-03-01,10000002,34,7.73,8,7.66,9085235901,2775,
2020-03-01,10000002,35,7.61,7.69,7.32,1775497189,2037,
2020-03-01,10000002,36,65,65.12,62.07,483108580,1819,
2020-03-01,10000002,37,20.77,21.24,20.03,161927554,1578,
2020-03-01,10000002,38,365.98,367.94,341.03,35434956,1456,
2020-03-01,10000002,39,571.16,572.1,543.55,21275996,1466,
2020-03-01,10000002,40,436.68,441.23,415,24919484,1294,
2020-03-01,10000002,11399,14470.03,16099.96,14459.2,1214227,637,
2020-03-02,10000002,34,7.97,8.1,7.57,7957717372,2301,
2020-03-02,10000002,35,7.5,7.69,6.92,2343352372,1700,
2020-03-02,10000002,36,65.1,65.39,62,846870232,1560,
2020-03-02,10000002,37,20.75,21.22,20.01,190000008,1288,
2020-03-02,10000002,38,367.9,368.78,342.13,58048513,1234,
2020-03-02,10000002,39,570,574.93,552.05,27642131,1325,
2020-03-02,10000002,40,420.02,441.25,420,20952007,1106,
2020-03-02,10000002,11399,15499.99,15559.92,14900,988603,422,
2020-03-03,10000002,34,7.94,8.19,7.71,5789013369,1979,
2020-03-03,10000002,35,7.58,7.69,7.27,1137237420,1463,
2020-03-03,10000002,36,65.27,65.4,64,410561686,1387,
2020-03-03,10000002,37,20,20,20,1008828578,1123,
2020-03-03,10000002,38,365.26,365.37,350,38939487,1034,
2020-03-03,10000002,39,560,597.83,552.22,27404201,1121,
2020-03-03,10000002,40,430,430.03,426.01,13374027,927,
2020-03-03,10000002,11399,14513.62,15559.95,14335.68,1630310,492,
2020-03-04,10000002,34,7.89,8.38,7.8,6859094368,2070,
2020-03-04,10000002,35,7.48,7.67,7.14,1672758450,1568,
2020-03-04,10000002,36,65.15,65.44,63.08,475964210,1447,
2020-03-04,10000002,37,20.04,20.05,20.01,396234922,1175,
2020-03-04,10000002,38,360,365.29,352.99,37680089,1024,
2020-03-04,10000002,39,572,597.98,554,18062408,1122,
2020-03-04,10000002,40,440,440,440,44099287,947,
2020-03-04,10000002,11399,14517,14517.24,13813,1910883,507,
2020-03-05,10000002,34,7.91,8.17,7.86,6397293974,1921,
2020-03-05,10000002,35,7.59,7.65,7.11,1908494080,1397,
2020-03-05,10000002,36,65,65.44,63.48,581619372,1337,
2020-03-05,10000002,37,20,20,20,372632945,1128,
2020-03-05,10000002,38,365.06,365.29,360,34066416,1000,
2020-03-05,10000002,39,593,593,580.18,43301000,1114,
2020-03-05,10000002,40,444.95,444.95,444.95,26215184,911,
2020-03-05,10000002,11399,15694.45,15694.5,15499.98,1016103,469,
2020-03-06,10000002,34,7.84,8,7.68,7803479085,2058,
2020-03-06,10000002,35,7.6,7.64,7.18,1725990413,1531,
2020-03-06,10000002,36,65,65.48,64.1,789157023,1400,
2020-03-06,10000002,37,20.03,20.75,20,275223418,1160,
2020-03-06,10000002,38,366,366.01,366,72600716,1067,
2020-03-06,10000002,39,594.99,595.41,582,26213817,1110,
2020-03-06,10000002,40,461.98,468,449.92,52588359,989,
2020-03-06,10000002,11399,14520.93,15495.01,14517.23,1268970,448,
2020-03-07,10000002,34,7.9,7.98,7.62,6863874500,2408,
2020-03-07,10000002,35,7.56,7.65,7.48,2108184855,1873,
2020-03-07,10000002,36,66,69.37,65.52,589563954,1703,
2020-03-07,10000002,37,21.79,22,20.33,239934069,1404,
2020-03-07,10000002,38,380.37,405,374.14,49261819,1336,
2020-03-07,10000002,39,585.02,595.98,585,34288118,1355,
2020-03-07,10000002,40,461,461,460.1,36550141,1122,
2020-03-07,10000002,11399,15494.89,15498.98,14520.53,936486,500,
2020-03-08,10000002,34,8.06,8.26,7.9,11902797694,2531,
2020-03-08,10000002,35,7.58,7.83,7.19,2211965596,1765,
2020-03-08,10000002,36,71.92,73.99,66.38,431074071,1629,
2020-03-08,10000002,37,20.89,21.97,20.86,268152802,1421,
2020-03-08,10000002,38,385.09,410.77,382.14,47559238,1261,
2020-03-08,10000002,39,585,608,582.11,33181163,1303,
2020-03-08,10000002,40,461.25,461.25,461.07,21612648,1096,
2020-03-08,10000002,11399,15681.99,15693.9,14750,903595,475,
2020-03-09,10000002,34,7.85,8.37,7.76,5840160102,2244,
2020-03-09,10000002,35,7.6,7.8,7.22,1565596303,1727,
2020-03-09,10000002,36,67.14,73.65,66.8,625030373,1581,
2020-03-09,10000002,37,20.11,22.25,19.71,158145662,1289,
2020-03-09,10000002,38,392.44,401.88,382.44,48891263,1169,
2020-03-09,10000002,39,592.22,607.97,574,28404277,1263,
2020-03-09,10000002,40,461.4,461.41,461.4,16102843,1081,
2020-03-09,10000002,11399,14500.83,15682.03,14500.73,1404805,478,
2020-03-10,10000002,34,7.84,8.4,7.48,4960198551,1900,
2020-03-10,10000002,35,7.49,7.65,7.01,1803252938,1432,
2020-03-10,10000002,36,66.61,72.45,62.2,599120837,1274,
2020-03-10,10000002,37,20.03,22.06,20.01,352724901,1055,
2020-03-10,10000002,38,383,405,382,43558386,954,
2020-03-10,10000002,39,607.96,608,565.6,19583687,1041,
2020-03-10,10000002,40,474.99,478.69,461.4,10412611,968,
2020-03-10,10000002,11399,14501,15650,14153.7,977872,463,
2020-03-11,10000002,34,7.93,8.35,7.59,7846584988,1812,
2020-03-11,10000002,35,7.68,7.81,7.1,1489000297,1319,
2020-03-11,10000002,36,72,73.09,62.13,567313551,1244,
2020-03-11,10000002,37,20,20,20,1288029832,1037,
2020-03-11,10000002,38,374.6,401.8,374.5,36592992,940,
2020-03-11,10000002,39,599.3,599.9,565.7,15776287,999,
2020-03-11,10000002,40,461.5,480,461.4,10882800,879,
2020-03-11,10000002,11399,14180,15050,14180,780095,368,
2020-03-12,10000002,34,7.99,8.33,7.62,5994464496,1822,
2020-03-12,10000002,35,7.21,7.82,7.21,1470124291,1343,
2020-03-12,10000002,36,72.69,72.72,62.5,495890324,1280,
2020-03-12,10000002,37,22.14,22.25,20.35,137571194,1071,
2020-03-12,10000002,38,397.5,398.9,327.6,31855057,1023,
2020-03-12,10000002,39,599,599.9,573.1,15715681,1034,
2020-03-12,10000002,40,465.3,473.3,461.4,8863011,864,
2020-03-12,10000002,11399,15040,15380,14170,706147,392,
2020-03-13,10000002,34,8.28,8.31,7.75,5807113470,1975,
2020-03-13,10000002,35,7.83,7.85,7.5,1528552871,1470,
2020-03-13,10000002,36,73.21,73.29,67.11,436321854,1358,
2020-03-13,10000002,37,22.25,22.26,20.01,135891608,1111,
2020-03-13,10000002,38,389,401.8,360,34053071,1009,
2020-03-13,10000002,39,599.9,600,599,16292110,1080,
2020-03-13,10000002,40,473.2,473.3,461.04,12250377,882,
2020-03-13,10000002,11399,15380,15380,14160,1046098,395,
2020-03-14,10000002,34,8.19,8.2,7.72,6730217469,2320,
2020-03-14,10000002,35,7.68,7.8,7.17,2106210882,1792,
2020-03-14,10000002,36,73.22,73.23,67.63,625199405,1707,
2020-03-14,10000002,37,22.23,22.23,22.21,263338893,1459,
2020-03-14,10000002,38,392,394.5,355.2,45766422,1279,
2020-03-14,10000002,39,600,608.4,566,18442092,1374,
2020-03-14,10000002,40,440.1,479,431.2,9628287,1114,
2020-03-14,10000002,11399,15050,15480,14380,734646,532,
2020-03-15,10000002,34,8.23,8.3,7.74,6289037124,2619,
2020-03-15,10000002,35,7.7,7.75,7.25,1450385743,1930,
2020-03-15,10000002,36,67.93,73,67.57,570077021,1803,
2020-03-15,10000002,37,20.08,22.17,20,217601765,1429,
2020-03-15,10000002,38,396,402.6,388.4,109754183,1462,
2020-03-15,10000002,39,600,607.8,567.2,22411634,1385,
2020-03-15,10000002,40,440,460,431.2,10330014,1135,
2020-03-15,10000002,11399,15500,15695.69,14400,1529957,611,
2020-03-16,10000002,34,8.25,8.27,7.81,5394189876,2078,
2020-03-16,10000002,35,7.6,7.69,7.22,1630735013,1573,
2020-03-16,10000002,36,73.3,74.49,72,569030595,1483,
2020-03-16,10000002,37,20.11,21.48,20.04,198466964,1208,
2020-03-16,10000002,38,390,437.3,380,36293015,1127,
2020-03-16,10000002,39,607.9,608.1,606.7,14577570,1214,
2020-03-16,10000002,40,446,449.6,434.4,5995624,951,
2020-03-16,10000002,11399,15500,16050,14610,577758,459,
2020-03-17,10000002,34,8.11,8.28,7.8,7492874174,2119,
2020-03-17,10000002,35,7.53,7.74,7.21,1975840699,1664,
2020-03-17,10000002,36,72,72.88,68.01,567585775,1474,
2020-03-17,10000002,37,20.02,21.93,20.01,224679507,1265,
2020-03-17,10000002,38,402.7,437.6,384.9,56211919,1196,
2020-03-17,10000002,39,606.7,619.3,570.6,27262147,1216,
2020-03-17,10000002,40,434.1,446,432.4,17964159,1013,
2020-03-17,10000002,11399,15500,15510,15110,1033510,482,
2020-03-18,10000002,34,8.03,8.12,7.91,4900417763,2067,
2020-03-18,10000002,35,7.7,7.81,7.26,1215320084,1598,
2020-03-18,10000002,36,69.59,70.46,64.51,409958360,1412,
2020-03-18,10000002,37,21,21.45,20.04,227377519,1188,
2020-03-18,10000002,38,380,431.8,372,39338842,1160,
2020-03-18,10000002,39,615,616.9,573.5,18056637,1204,
2020-03-18,10000002,40,444.3,444.9,443.2,10091288,957,
2020-03-18,10000002,11399,15960,15990,15700,578571,479,
2020-03-19,10000002,34,8,8.2,7.7,5831351399,2129,
2020-03-19,10000002,35,7.7,7.8,7.23,1419779753,1588,
2020-03-19,10000002,36,69.99,70.9,64.5,628393628,1493,
2020-03-19,10000002,37,20,20,20,416606547,1258,
2020-03-19,10000002,38,371.3,385,370,50108581,1153,
2020-03-19,10000002,39,602.2,618,574,22607200,1174,
2020-03-19,10000002,40,430.8,430.9,430.8,21148307,953,
2020-03-19,10000002,11399,14410,15500,14190,1797428,467,
2020-03-20,10000002,34,8.05,8.2,7.7,7479361852,2279,
2020-03-20,10000002,35,7.49,7.68,7.15,2272052007,1708,
2020-03-20,10000002,36,72.02,72.22,64.97,725320522,1605,
2020-03-20,10000002,37,20.07,21.74,20,268703299,1297,
2020-03-20,10000002,38,370,391,369.1,56511411,1220,
2020-03-20,10000002,39,614.8,617.9,573.1,34988506,1274,
2020-03-20,10000002,40,430.3,439.9,430,36008688,1047,
2020-03-20,10000002,11399,15670,16020,14970,1215970,483,
2020-03-21,10000002,34,7.64,8,7.21,10087406936,2545,
2020-03-21,10000002,35,7.59,7.64,7.12,3012281493,1932,
2020-03-21,10000002,36,64.86,69.9,64.04,736356590,1797,
2020-03-21,10000002,37,20.06,20.99,20.01,239540899,1433,
2020-03-21,10000002,38,372,390,350.6,51703300,1370,
2020-03-21,10000002,39,571.1,613.9,430,36832148,1470,
2020-03-21,10000002,40,430.2,448.7,430,34138194,1212,
2020-03-21,10000002,11399,15000,15800,14210,2036503,692,
2020-03-22,10000002,34,7.86,7.95,7.33,8308639970,2757,
2020-03-22,10000002,35,7.59,7.63,7.09,2568743710,2101,
2020-03-22,10000002,36,66.62,68.95,64.11,671032391,1912,
2020-03-22,10000002,37,20.02,21,20.01,309726224,1579,
2020-03-22,10000002,38,350.1,384.1,348.1,87176621,1431,
2020-03-22,10000002,39,578,617.4,560,33294210,1542,
2020-03-22,10000002,40,431,448,430.2,16384365,1259,
2020-03-22,10000002,11399,15500,15980,14570,978925,560,
2020-03-23,10000002,34,7.92,8.16,7.4,8473042895,2395,
2020-03-23,10000002,35,7.63,7.64,7.49,2122028414,1726,
2020-03-23,10000002,36,68.97,69.29,64.5,537390926,1571,
2020-03-23,10000002,37,20,20.01,20,266386858,1286,
2020-03-23,10000002,38,374.5,378.9,349.8,53563155,1195,
2020-03-23,10000002,39,617.5,619.5,576.2,22482156,1242,
2020-03-23,10000002,40,435.1,469.8,432.6,14716529,1028,
2020-03-23,10000002,11399,15000,15450,14500,1026759,589,
2020-03-24,10000002,34,7.72,8.13,7.57,6278861066,2295,
2020-03-24,10000002,35,7.45,7.63,7.05,1840723135,1598,
2020-03-24,10000002,36,68.49,68.75,65.12,545108570,1502,
2020-03-24,10000002,37,21.08,21.55,20.02,150489789,1171,
2020-03-24,10000002,38,349.9,375.4,325.3,57752034,1111,
2020-03-24,10000002,39,617.5,619.8,570.8,19452722,1195,
2020-03-24,10000002,40,430,430,430,18419498,959,
2020-03-24,10000002,11399,15000,15900,14370,925205,516,
2020-03-25,10000002,34,7.8,8.1,7.66,8435997870,2421,
2020-03-25,10000002,35,7.49,7.63,7.23,1946892046,1804,
2020-03-25,10000002,36,65.5,68.66,62.49,827212767,1666,
2020-03-25,10000002,37,20,20,20,234444916,1309,
2020-03-25,10000002,38,358,359.2,327.4,60123678,1243,
2020-03-25,10000002,39,616.8,617.4,561.5,26211827,1292,
2020-03-25,10000002,40,403.4,465.1,402.5,21183973,1078,
2020-03-25,10000002,11399,15950,15980,15900,646241,571,
2020-03-26,10000002,34,8.13,8.19,7.74,7152351958,2405,
2020-03-26,10000002,35,7.57,7.64,7.14,1843437626,1836,
2020-03-26,10000002,36,68.55,68.76,62.12,549044768,1689,
2020-03-26,10000002,37,20.97,21.31,20,162305253,1365,
2020-03-26,10000002,38,359.7,359.9,358.5,69756565,1272,
2020-03-26,10000002,39,614.9,615.3,590,18077856,1334,
2020-03-26,10000002,40,434.7,440,405,8382884,1150,
2020-03-26,10000002,11399,14460,15930,14330,1409549,527,
2020-03-27,10000002,34,8.29,8.48,8.06,22648949438,2653,
2020-03-27,10000002,35,7.64,7.68,7.61,6055143618,1765,
2020-03-27,10000002,36,68.56,69.07,68.47,1142091090,1715,
2020-03-27,10000002,37,20.17,21,20,179849767,1304,
2020-03-27,10000002,38,361.3,361.5,359.9,62527016,1235,
2020-03-27,10000002,39,614.3,614.7,574.1,36616140,1255,
2020-03-27,10000002,40,430.8,431.4,415,16392108,1019,
2020-03-27,10000002,11399,14530,15920,14310,1167093,473,
2020-03-28,10000002,34,9.15,9.89,8.77,10967321921,2900,
2020-03-28,10000002,35,7.87,7.93,7.35,3038267474,1885,
2020-03-28,10000002,36,69.99,72.18,64.62,645356172,1820,
2020-03-28,10000002,37,20.03,20.9,19.5,214029592,1438,
2020-03-28,10000002,38,351,360.4,349.9,71722340,1410,
2020-03-28,10000002,39,577.1,613.5,560,25938906,1352,
2020-03-28,10000002,40,424,430.2,405.3,26223498,1132,
2020-03-28,10000002,11399,15500,15900,15000,1372138,550,
2020-03-29,10000002,34,9.17,9.35,8.66,6868997755,2821,
2020-03-29,10000002,35,7.76,7.8,7.22,2050336308,2066,
2020-03-29,10000002,36,65.29,68.95,65.11,783031822,1943,
2020-03-29,10000002,37,21,21.18,20.91,448347054,1577,
2020-03-29,10000002,38,340.2,362.4,331.8,73008673,1459,
2020-03-29,10000002,39,600,614,565.2,38259564,1565,
2020-03-29,10000002,40,434,464,429.8,68859843,1359,
2020-03-29,10000002,11399,15900,15940,15040,1409221,548,
2020-03-30,10000002,34,9.23,9.47,8.59,9127072695,2882,
2020-03-30,10000002,35,7.76,7.89,7.23,2533453081,2077,
2020-03-30,10000002,36,68.7,68.89,62.75,586327837,1859,
2020-03-30,10000002,37,21.13,21.16,20,233535135,1461,
2020-03-30,10000002,38,359,370.1,331.2,42819347,1329,
2020-03-30,10000002,39,609.6,619.8,563.4,34520617,1421,
2020-03-30,10000002,40,451,475,405.2,25904043,1168,
2020-03-30,10000002,11399,15910,15990,15600,939141,573,
2020-03-31,10000002,34,10,10.49,9.44,6569414375,2765,
2020-03-31,10000002,35,7.8,7.89,7.27,2453465323,1931,
2020-03-31,10000002,36,68.55,68.92,64.75,511903981,1757,
2020-03-31,10000002,37,20.09,21.16,19.48,336286863,1478,
2020-03-31,10000002,38,369.9,374.9,342.1,41654409,1392,
2020-03-31,10000002,39,619.7,620.6,570,20387376,1465,
2020-03-31,10000002,40,493,494.6,491.9,32197947,1197,
2020-03-31,10000002,11399,15300,15990,14740,1545491,618,
2020-04-01,10000002,34,10,10.2,9.9,9547048303,2709,
2020-04-01,10000002,35,7.9,7.93,7.5,1851095168,1919,
2020-04-01,10000002,36,68,68.86,62,938260158,1670,
2020-04-01,10000002,37,21.16,21.16,21.16,255531534,1404,
2020-04-01,10000002,38,374.9,375.4,360,61872798,1344,
2020-04-01,10000002,39,623.3,623.49,622.7,32969035,1432,
2020-04-01,10000002,40,499.99,500,480.1,25231920,1176,
2020-04-01,10000002,11399,15100,16160,15000,1466429,612,
2020-04-02,10000002,34,10,10.38,9.76,7953800359,2742,
2020-04-02,10000002,35,7.8,7.92,7.49,1780971803,1972,
2020-04-02,10000002,36,68.87,69.1,63.31,425273774,1673,
2020-04-02,10000002,37,21.07,21.1,20.02,127733862,1393,
2020-04-02,10000002,38,344.2,368,343.7,41675921,1268,
2020-04-02,10000002,39,623.49,623.78,623.49,49454829,1360,
2020-04-02,10000002,40,520,524.97,498,19775299,1075,
2020-04-02,10000002,11399,15090,16200,14630,1135358,534,
2020-04-03,10000002,34,10.19,10.32,9.76,5431721967,2822,
2020-04-03,10000002,35,7.84,7.9,7.7,1691278468,2053,
2020-04-03,10000002,36,70.59,70.67,64.08,423182930,1754,
2020-04-03,10000002,37,21.04,21.07,21,121656841,1474,
2020-04-03,10000002,38,359.9,368.9,326.7,29150137,1357,
2020-04-03,10000002,39,625,667.7,612.1,22512724,1435,
2020-04-03,10000002,40,474.9,520,460.7,19039463,1166,
2020-04-03,10000002,11399,16370,17000,15940,1259817,559,
2020-04-04,10000002,34,9.9,9.99,9.37,7873680778,2910,
2020-04-04,10000002,35,7.88,7.91,7.45,2228186955,2112,
2020-04-04,10000002,36,69.75,70.6,64.5,743538146,1895,
2020-04-04,10000002,37,20.01,20.4,20,244012977,1597,
2020-04-04,10000002,38,341.4,357.9,328.1,71387416,1480,
2020-04-04,10000002,39,650,661.9,617.3,27493743,1549,
2020-04-04,10000002,40,475.5,539.9,472.6,14251060,1247,
2020-04-04,10000002,11399,18130,18140,17500,787489,594,
2020-04-05,10000002,34,9.43,9.97,9.32,6859328892,3394,
2020-04-05,10000002,35,7.67,7.84,7.35,2049537571,2453,
2020-04-05,10000002,36,68.99,70.38,64.27,571102162,2228,
2020-04-05,10000002,37,20.08,20.1,19.31,260652543,1805,
2020-04-05,10000002,38,351,361.5,323.5,52819648,1713,
2020-04-05,10000002,39,617.2,659,616.3,29314838,1707,
2020-04-05,10000002,40,480.1,525,474,11612287,1446,
2020-04-05,10000002,11399,16690,18140,16000,2109523,771,
2020-04-06,10000002,34,9.34,9.98,9.3,9398108818,2774,
2020-04-06,10000002,35,7.5,7.87,7.3,2310086311,1999,
2020-04-06,10000002,36,69.68,70.79,64.4,498720534,1764,
2020-04-06,10000002,37,20.11,20.17,19.13,294594567,1534,
2020-04-06,10000002,38,350,360,323.4,31995151,1290,
2020-04-06,10000002,39,655,659.9,576.2,20428804,1398,
2020-04-06,10000002,40,485.1,485.2,480.4,25220135,1225,
2020-04-06,10000002,11399,17390,17500,15190,952418,538,
2020-04-07,10000002,34,9.39,9.62,8.69,7056906702,2754,
2020-04-07,10000002,35,7.83,7.84,7.23,2611083734,1931,
2020-04-07,10000002,36,68.29,70.68,64.42,513955128,1734,
2020-04-07,10000002,37,19.97,19.97,19.96,259295870,1350,
2020-04-07,10000002,38,340,348.3,307.7,75535668,1296,
2020-04-07,10000002,39,639.8,640,582.4,21476824,1292,
2020-04-07,10000002,40,500,517.2,480.4,18500535,1084,
2020-04-07,10000002,11399,17380,17770,15520,1432573,643,
2020-04-08,10000002,34,9.5,9.6,9.11,6517426406,3025,
2020-04-08,10000002,35,7.8,7.85,7.22,1666654070,2169,
2020-04-08,10000002,36,69.99,70.67,64.5,548161787,1868,
2020-04-08,10000002,37,19.01,20.04,19,217080876,1583,
2020-04-08,10000002,38,325,347.5,306.5,43539468,1502,
2020-04-08,10000002,39,649,659.4,581.2,21854932,1515,
2020-04-08,10000002,40,509.9,517,480.1,12684296,1277,
2020-04-08,10000002,11399,20000,23860,16440,812799,804,
2020-04-09,10000002,34,9.39,9.8,9.05,7461971808,2977,
2020-04-09,10000002,35,7.5,7.81,7.5,3002602537,2187,
2020-04-09,10000002,36,69.9,70.69,64.78,555553756,1848,
2020-04-09,10000002,37,20,20.13,18.32,207345946,1568,
2020-04-09,10000002,38,345,346.3,310.1,43203732,1361,
2020-04-09,10000002,39,658.4,658.5,658.1,19926821,1533,
2020-04-09,10000002,40,505.2,507.4,428,13784077,1244,
2020-04-09,10000002,11399,21900,23180,18970,1079638,793,
2020-04-10,10000002,34,9.28,9.54,9.18,7464744505,2985,
2020-04-10,10000002,35,7.78,7.81,7.32,1802411306,2144,
2020-04-10,10000002,36,70.63,70.68,65.17,524155310,1794,
2020-04-10,10000002,37,18.99,18.99,18.99,989042869,1522,
2020-04-10,10000002,38,339.9,340,316,40412084,1380,
2020-04-10,10000002,39,654.8,655.7,631.2,20426841,1485,
2020-04-10,10000002,40,489.9,499.7,444.7,14359257,1210,
2020-04-10,10000002,11399,17500,18730,17040,1544817,765,
2020-04-11,10000002,34,9.11,9.55,9,9992389462,3360,
2020-04-11,10000002,35,7.1,7.78,7,3616765102,2392,
2020-04-11,10000002,36,69.35,70.5,65.1,774023464,2175,
2020-04-11,10000002,37,20.08,20.15,18.97,238419840,1774,
2020-04-11,10000002,38,316,337.8,306.2,54201065,1630,
2020-04-11,10000002,39,648.5,654.3,610.6,26413471,1644,
2020-04-11,10000002,40,429.7,479,429.3,18019744,1410,
2020-04-11,10000002,11399,18200,18510,16830,1035664,837,
2020-04-12,10000002,34,9.44,9.61,8.99,7108686963,3466,
2020-04-12,10000002,35,7.6,7.73,7.14,1787905076,2605,
2020-04-12,10000002,36,70.49,70.74,65.02,457023281,2229,
2020-04-12,10000002,37,20.14,20.15,19.99,164449233,1886,
2020-04-12,10000002,38,333.3,334.3,309.5,27568564,1691,
2020-04-12,10000002,39,650,653.9,648.8,13099492,1747,
2020-04-12,10000002,40,440.1,478.1,435.1,9258190,1473,
2020-04-12,10000002,11399,17320,18400,16580,1469241,879,
2020-04-13,10000002,34,9.2,9.49,8.96,7674024291,3155,
2020-04-13,10000002,35,7.7,7.78,7.28,1937201140,2225,
2020-04-13,10000002,36,70.47,70.97,65.53,680767659,1922,
2020-04-13,10000002,37,19.5,19.9,19.16,170970340,1617,
2020-04-13,10000002,38,309.6,319.9,285.1,48311102,1535,
2020-04-13,10000002,39,654.4,654.6,654.4,24511487,1546,
2020-04-13,10000002,40,476.6,478,467.2,21210259,1301,
2020-04-13,10000002,11399,17300,18330,16000,1817111,818,
2020-04-14,10000002,34,9.28,9.35,8.92,6837959175,3021,
2020-04-14,10000002,35,7.59,7.77,7.29,1511834643,2185,
2020-04-14,10000002,36,70.01,70.8,66.64,649055372,1860,
2020-04-14,10000002,37,19,20,18.01,231976171,1586,
2020-04-14,10000002,38,310,318.7,309.6,55820131,1428,
2020-04-14,10000002,39,658,659,657,21050928,1494,
2020-04-14,10000002,40,480.9,498.4,479,17386830,1258,
2020-04-14,10000002,11399,17640,17980,16790,1005168,755,
2020-04-15,10000002,34,9.09,9.2,8.61,7799809442,3016,
2020-04-15,10000002,35,7.5,7.67,7.05,2028678254,2248,
2020-04-15,10000002,36,69,71.12,66.54,538115054,1994,
2020-04-15,10000002,37,19.21,19.37,19.21,263176119,1669,
2020-04-15,10000002,38,313,313.9,288.1,49937226,1576,
2020-04-15,10000002,39,640,660.7,615,28881115,1682,
2020-04-15,10000002,40,502.8,502.8,502.8,61952418,1369,
2020-04-15,10000002,11399,17110,18000,16810,1324596,764,
2020-04-16,10000002,34,8.99,9.17,8.66,6137177641,2971,
2020-04-16,10000002,35,7.28,7.48,7.25,2846793767,2213,
2020-04-16,10000002,36,69.9,70.99,66.36,627627683,1893,
2020-04-16,10000002,37,19.38,19.49,18.02,199666137,1603,
2020-04-16,10000002,38,313,313,312,63925615,1555,
2020-04-16,10000002,39,661,667.6,631.3,23852834,1543,
2020-04-16,10000002,40,524.97,550,509.9,66610625,1429,
2020-04-16,10000002,11399,17540,18540,17010,1409358,761,
2020-04-17,10000002,34,9.25,9.31,8.71,8443392762,3165,
2020-04-17,10000002,35,7.5,7.63,7.42,2245871425,2446,
2020-04-17,10000002,36,70.8,71.83,64.13,707134391,2098,
2020-04-17,10000002,37,19.46,19.5,19.43,302963643,1739,
2020-04-17,10000002,38,315,327.3,314.7,82041332,1707,
2020-04-17,10000002,39,663.6,667.6,632.2,28503140,1641,
2020-04-17,10000002,40,518,551.9,467.4,17313529,1344,
2020-04-17,10000002,11399,17550,19180,17520,1124355,702,
2020-04-18,10000002,34,9.13,9.29,8.77,8535876339,3467,
2020-04-18,10000002,35,7.87,7.9,7.65,1873079303,2625,
2020-04-18,10000002,36,71.8,71.82,69,495762340,2275,
2020-04-18,10000002,37,20.18,20.18,20.18,346482954,1829,
2020-04-18,10000002,38,337.8,338.1,306.8,40736120,1743,
2020-04-18,10000002,39,667.9,668,662,30108700,1876,
2020-04-18,10000002,40,530,549.5,481.3,9954814,1528,
2020-04-18,10000002,11399,17570,17800,17110,2144274,817,
2020-04-19,10000002,34,9.09,9.2,8.82,9024726443,3451,
2020-04-19,10000002,35,7.56,7.72,7.27,2274336905,2569,
2020-04-19,10000002,36,70.9,72.66,69.97,643264453,2198,
2020-04-19,10000002,37,19.99,20.15,19.27,198465626,1850,
2020-04-19,10000002,38,337.2,338.1,325,40028969,1724,
2020-04-19,10000002,39,672.8,674.7,666.6,23439542,1770,
2020-04-19,10000002,40,505.1,544.9,475.4,15261682,1482,
2020-04-19,10000002,11399,17690,19170,17550,1838612,841,
2020-04-20,10000002,34,9.19,9.3,8.84,7524321522,3348,
2020-04-20,10000002,35,7.66,7.71,7.62,1968205623,2392,
2020-04-20,10000002,36,71,72.8,67.33,533478067,2151,
2020-04-20,10000002,37,20.02,20.04,18.66,180690464,1802,
2020-04-20,10000002,38,337.2,337.8,331.1,36829247,1779,
2020-04-20,10000002,39,672,673,641,20739008,1683,
2020-04-20,10000002,40,532.8,537,510.7,9514718,1420,
2020-04-20,10000002,11399,19100,19180,18300,1550033,764,
2020-04-21,10000002,34,9.21,9.29,8.8,8133717703,3054,
2020-04-21,10000002,35,7.71,7.71,7.71,1773509464,2219,
2020-04-21,10000002,36,70.88,71.74,64.6,778418867,1928,
2020-04-21,10000002,37,19.99,20.03,19.99,164047332,1673,
2020-04-21,10000002,38,337.9,338.3,337.1,50849770,1441,
2020-04-21,10000002,39,673.9,674,673,23581040,1568,
2020-04-21,10000002,40,529.7,529.8,529.7,13669594,1285,
2020-04-21,10000002,11399,18810,19470,18350,1126270,841,
2020-04-22,10000002,34,9.01,9.22,8.75,8160631207,3137,
2020-04-22,10000002,35,7.67,7.71,7.36,2403469166,2424,
2020-04-22,10000002,36,71.49,71.7,70,474213941,1992,
2020-04-22,10000002,37,20.03,20.04,20,291933696,1725,
2020-04-22,10000002,38,339.1,339.5,305.7,39213535,1526,
2020-04-22,10000002,39,678.8,680,651.4,24630525,1657,
2020-04-22,10000002,40,529.6,530,514,16041695,1398,
2020-04-22,10000002,11399,19010,21000,17630,1605648,809,
2020-04-23,10000002,34,9.25,9.29,8.7,7752174194,3003,
2020-04-23,10000002,35,7.67,7.69,7.28,1728636434,2246,
2020-04-23,10000002,36,71.25,71.5,67.31,454900569,1970,
2020-04-23,10000002,37,20.13,20.14,20,292970788,1632,
2020-04-23,10000002,38,330,332.9,304.5,39851273,1491,
2020-04-23,10000002,39,680.7,681.7,660,36680367,1520,
2020-04-23,10000002,40,520,525,513,17116709,1248,
2020-04-23,10000002,11399,20320,21020,17000,1557223,812,
2020-04-24,10000002,34,9.07,9.24,8.61,6727814373,3340,
2020-04-24,10000002,35,7.5,7.63,7.15,2097868915,2506,
2020-04-24,10000002,36,70.8,71.15,66.84,541476323,2204,
2020-04-24,10000002,37,19.89,20.11,18.05,268231400,1837,
2020-04-24,10000002,38,337.9,338.5,319.5,32916293,1683,
2020-04-24,10000002,39,839.63,849.2,677,20503340,1735,
2020-04-24,10000002,40,511,511,511,16479334,1472,
2020-04-24,10000002,11399,20400,20500,19920,746530,763,
2020-04-25,10000002,34,9.01,9.13,8.66,8044357393,3510,
2020-04-25,10000002,35,7.64,7.67,7.28,2564553481,2619,
2020-04-25,10000002,36,71.18,71.9,69,671690906,2323,
2020-04-25,10000002,37,20.13,20.14,19.01,267977790,2044,
2020-04-25,10000002,38,338.7,339.6,327.8,48223582,1849,
2020-04-25,10000002,39,800,829.9,799.7,23361531,1906,
2020-04-25,10000002,40,530.8,534.8,527,19691676,1633,
2020-04-25,10000002,11399,21000,21390,20500,1775730,840,
2020-04-26,10000002,34,8.9,9.11,8.71,9785508513,3683,
2020-04-26,10000002,35,7.63,7.66,7.29,2216539673,2786,
2020-04-26,10000002,36,71.78,71.85,68,516337392,2469,
2020-04-26,10000002,37,18.56,20,17.93,282170520,2067,
2020-04-26,10000002,38,348,360.9,338,71936648,1950,
2020-04-26,10000002,39,814,823,754,23011196,1932,
2020-04-26,10000002,40,525,525,524.9,24379436,1595,
2020-04-26,10000002,11399,20110,21620,20000,1664942,836,
2020-04-27,10000002,34,8.99,9.09,8.44,8818494717,3253,
2020-04-27,10000002,35,7.26,7.63,7.12,2605595127,2487,
2020-04-27,10000002,36,68.41,71.82,68.04,656292612,2256,
2020-04-27,10000002,37,19.5,19.99,17.96,235793538,1877,
2020-04-27,10000002,38,332,359.2,308.6,63214428,1752,
2020-04-27,10000002,39,780.4,809.9,712.1,22007097,1786,
2020-04-27,10000002,40,519.5,524.8,486,13799049,1479,
2020-04-27,10000002,11399,19090,20880,19000,1847379,783,
2020-04-28,10000002,34,9.06,9.1,8.77,6920423205,2972,
2020-04-28,10000002,35,7.64,7.67,7.44,1768211808,2315,
2020-04-28,10000002,36,71.56,71.9,68.09,688741134,2041,
2020-04-28,10000002,37,19.99,20.04,19.88,216848804,1783,
2020-04-28,10000002,38,350,357.6,320.8,28390872,1573,
2020-04-28,10000002,39,806.9,807,742.6,21825856,1739,
2020-04-28,10000002,40,524.5,525,494.1,12266350,1394,
2020-04-28,10000002,11399,17210,19090,17030,1228303,694,
2020-04-29,10000002,34,9.05,9.12,8.66,7504625179,3173,
2020-04-29,10000002,35,7.64,7.67,7.45,1607438691,2409,
2020-04-29,10000002,36,68.01,72.77,67,556774875,2224,
2020-04-29,10000002,37,19.99,20.05,18.56,242705095,1893,
2020-04-29,10000002,38,354.9,355.4,352,42225214,1681,
2020-04-29,10000002,39,809.3,809.9,800.2,22721689,1873,
2020-04-29,10000002,40,525,525.1,494.2,26233913,1547,
2020-04-29,10000002,11399,19000,19050,17240,1313266,695,
2020-04-30,10000002,34,8.96,8.99,8.5,7613293194,3099,
2020-04-30,10000002,35,7.63,7.64,7.27,2258069790,2345,
2020-04-30,10000002,36,70.99,72,67.24,538878381,2099,
2020-04-30,10000002,37,19.76,19.95,17.81,257576117,1779,
2020-04-30,10000002,38,320,350.8,290,57084555,1624,
2020-04-30,10000002,39,816.3,821,744.7,25894688,1698,
2020-04-30,10000002,40,540,540,538.4,26126735,1421,
2020-04-30,10000002,11399,18880,19080,17130,1376904,791,
2020-05-01,10000002,34,8.74,8.88,8.4,9174811493,3400,
2020-05-01,10000002,35,7.54,7.57,7.15,2178387027,2645,
2020-05-01,10000002,36,69.99,70.79,67.41,643965025,2332,
2020-05-01,10000002,37,19.6,19.65,17.92,228932690,1972,
2020-05-01,10000002,38,344.2,348.5,295.6,44555554,1727,
2020-05-01,10000002,39,816.3,818.5,723.4,27590345,1942,
2020-05-01,10000002,40,503.9,549.8,485.1,20165943,1568,
2020-05-01,10000002,11399,17500,18480,17010,2067467,774,
2020-05-02,10000002,34,8.74,8.85,8.5,7234354786,3312,
2020-05-02,10000002,35,7.49,7.64,7.47,1740119069,2566,
2020-05-02,10000002,36,70.87,70.91,70.19,594111968,2347,
2020-05-02,10000002,37,19.59,19.7,19.49,272132470,2018,
2020-05-02,10000002,38,340,341.7,339.4,34813768,1785,
2020-05-02,10000002,39,820.9,822.7,743.2,22412857,2012,
2020-05-02,10000002,40,554.99,554.99,554.99,49509725,1632,
2020-05-02,10000002,11399,17880,18490,16120,1779796,850,
2020-05-03,10000002,34,8.67,8.76,8.26,8304539125,3088,
2020-05-03,10000002,35,7.68,7.72,7.51,2114837444,2293,
2020-05-03,10000002,36,70.93,72.73,65.4,580985312,2038,
2020-05-03,10000002,37,19.66,19.66,19.63,277267799,1694,
2020-05-03,10000002,38,335.7,337,302.1,45009031,1551,
2020-05-03,10000002,39,808.4,810,807,17684736,1698,
2020-05-03,10000002,40,545,550,532.2,10150266,1422,
2020-05-03,10000002,11399,15990,17570,15950,1653140,788,
2020-05-04,10000002,34,8.67,8.75,8.27,6587558729,2807,
2020-05-04,10000002,35,7.83,7.9,7.5,1641091285,2271,
2020-05-04,10000002,36,72.81,72.82,71.49,503771426,2029,
2020-05-04,10000002,37,19.75,19.98,19,222070250,1691,
2020-05-04,10000002,38,335.7,336.1,295.9,46548220,1555,
2020-05-04,10000002,39,806,808.7,758.3,33499233,1701,
2020-05-04,10000002,40,527.1,555.3,516.5,17426641,1394,
2020-05-04,10000002,11399,17460,17500,16610,1574185,758,
2020-05-05,10000002,34,8.55,8.69,8.3,6631835574,3103,
2020-05-05,10000002,35,7.88,7.89,7.69,1814750458,2401,
2020-05-05,10000002,36,72.69,72.8,70.59,458512650,2180,
2020-05-05,10000002,37,19.99,19.99,19.99,168558942,1793,
2020-05-05,10000002,38,329.9,334.6,288.5,54596659,1575,
2020-05-05,10000002,39,807.6,807.8,733,26386142,1688,
2020-05-05,10000002,40,534.6,554.5,500,20255073,1402,
2020-05-05,10000002,11399,17500,17550,15900,2805964,829,
2020-05-06,10000002,34,8.64,8.69,8.44,7839101995,3238,
2020-05-06,10000002,35,7.85,7.88,7.81,2071653202,2404,
2020-05-06,10000002,36,72.81,72.9,71.5,526669280,2112,
2020-05-06,10000002,37,19.96,19.99,19.92,156897480,1748,
2020-05-06,10000002,38,332.8,334.4,300,40170273,1520,
2020-05-06,10000002,39,799,806.6,798.9,28595032,1710,
2020-05-06,10000002,40,550.5,553.5,550,10967806,1377,
2020-05-06,10000002,11399,17560,18290,16560,1114813,718,
2020-05-07,10000002,34,8.5,8.59,8.19,7552979389,3545,
2020-05-07,10000002,35,7.69,7.75,7.17,2167143831,2615,
2020-05-07,10000002,36,72,73,70,537269310,2381,
2020-05-07,10000002,37,19.48,19.51,18.73,133413417,1910,
2020-05-07,10000002,38,320.9,334.4,314,38207342,1782,
2020-05-07,10000002,39,805.6,806.8,772.4,15115100,1907,
2020-05-07,10000002,40,555.54,555.54,555.54,31790187,1574,
2020-05-07,10000002,11399,18210,18300,18200,1061475,826,
2020-05-08,10000002,34,8.56,8.6,8.32,6505751378,3066,
2020-05-08,10000002,35,7.67,7.78,7.65,1531652405,2312,
2020-05-08,10000002,36,74.53,76.99,69.01,439603749,2058,
2020-05-08,10000002,37,19.49,19.49,19.49,157907043,1681,
2020-05-08,10000002,38,324.2,324.6,298.5,27648531,1485,
2020-05-08,10000002,39,808,808,808,23604575,1622,
2020-05-08,10000002,40,697.5,697.9,600,8063350,1367,
2020-05-08,10000002,11399,17990,18210,17970,1441344,703,
2020-05-09,10000002,34,8.58,8.72,8.1,6057655178,3474,
2020-05-09,10000002,35,7.72,7.75,7.3,2104144356,2671,
2020-05-09,10000002,36,76,76.85,70,407847368,2411,
2020-05-09,10000002,37,19.47,19.49,19,187898580,2006,
2020-05-09,10000002,38,324.6,324.9,321,52100405,1810,
2020-05-09,10000002,39,822.3,827.5,818,31493238,1918,
2020-05-09,10000002,40,583.4,657.9,583.1,15442462,1582,
2020-05-09,10000002,11399,17920,18330,17170,2545639,826,
2020-05-10,10000002,34,8.47,8.6,7.91,8700075738,3561,
2020-05-10,10000002,35,7.59,7.73,7.24,2175399874,2713,
2020-05-10,10000002,36,76.99,77.91,71.49,658454801,2459,
2020-05-10,10000002,37,19.48,19.49,19.47,247508603,1961,
2020-05-10,10000002,38,334.3,335.1,333.8,50402027,1786,
2020-05-10,10000002,39,838.9,839.2,808.8,19157193,1910,
2020-05-10,10000002,40,584.9,633,581.2,21205036,1598,
2020-05-10,10000002,11399,18270,18430,18000,2101330,836,
2020-05-11,10000002,34,8.29,8.5,8.17,5969809611,3394,
2020-05-11,10000002,35,7.49,7.6,7.17,1596211619,2519,
2020-05-11,10000002,36,74.99,77.7,71.57,517634943,2264,
2020-05-11,10000002,37,19.11,19.43,18.38,160968624,1785,
2020-05-11,10000002,38,333.6,334,302.4,38407030,1677,
2020-05-11,10000002,39,830,837.5,800,24549812,1741,
2020-05-11,10000002,40,610,621.7,588.4,12253725,1373,
2020-05-11,10000002,11399,18200,18260,17640,1383313,813,
2020-05-12,10000002,34,8.38,8.52,8.14,5861139541,3226,
2020-05-12,10000002,35,7.6,7.64,7.36,1861357512,2461,
2020-05-12,10000002,36,75.5,77.83,72.02,561993816,2185,
2020-05-12,10000002,37,19.13,19.33,19.13,242094491,1792,
2020-05-12,10000002,38,331,332.9,299.5,41048662,1690,
2020-05-12,10000002,39,839.8,841,817.1,21879031,1745,
2020-05-12,10000002,40,612.6,617,593.1,9675044,1424,
2020-05-12,10000002,11399,18900,18980,17500,1171920,790,
2020-05-13,10000002,34,8.15,8.51,8.1,7620119020,3280,
2020-05-13,10000002,35,7.47,7.56,7,1550442508,2341,
2020-05-13,10000002,36,76.66,77.64,74.1,453257063,2113,
2020-05-13,10000002,37,19.41,19.42,19.33,180307745,1762,
2020-05-13,10000002,38,331.6,331.8,330,28338456,1639,
2020-05-13,10000002,39,875,896.8,840.3,19641668,1660,
2020-05-13,10000002,40,617.1,618.2,579.5,13171516,1414,
2020-05-13,10000002,11399,18100,18100,17480,1147671,718,
2020-05-14,10000002,34,8.19,8.29,8.15,7461342186,3002,
2020-05-14,10000002,35,7.47,7.55,7.31,1488286959,2292,
2020-05-14,10000002,36,77.67,78,75,542447184,2061,
2020-05-14,10000002,37,19.28,19.28,18.52,300018476,1634,
2020-05-14,10000002,38,329.8,332.3,302.5,44460188,1535,
2020-05-14,10000002,39,875,891.8,850.3,26370172,1662,
2020-05-14,10000002,40,600,617.3,590.2,16081327,1257,
2020-05-14,10000002,11399,17750,18090,16340,1088849,796,
2020-05-15,10000002,34,8.15,8.45,8.06,4520099344,2856,
2020-05-15,10000002,35,7.51,7.57,7.41,1467053796,2267,
2020-05-15,10000002,36,75.01,84,73.5,486110636,2011,
2020-05-15,10000002,37,19.3,19.47,17.08,204763001,1577,
2020-05-15,10000002,38,333.4,333.7,325,35580138,1415,
2020-05-15,10000002,39,892,898.9,875,22986858,1562,
2020-05-15,10000002,40,456,617.3,442.3,21928243,1254,
2020-05-15,10000002,11399,18290,19990,16270,1987346,771,
2020-05-16,10000002,34,8.11,8.23,8.03,6770861216,3092,
2020-05-16,10000002,35,7.55,7.57,7.44,2453835891,2416,
2020-05-16,10000002,36,79.84,79.95,74,685904432,2179,
2020-05-16,10000002,37,19.94,19.96,19.8,215970766,1734,
2020-05-16,10000002,38,336,336.8,334.3,50659072,1560,
2020-05-16,10000002,39,919.3,920,918.6,29671583,1680,
2020-05-16,10000002,40,616.8,617.5,610,9440000,1379,
2020-05-16,10000002,11399,18290,18850,18000,913311,778,
2020-05-17,10000002,34,8.05,8.15,7.95,8241615188,3347,
2020-05-17,10000002,35,7.48,7.65,7.02,2145350098,2556,
2020-05-17,10000002,36,80,83.75,73.54,630147887,2340,
2020-05-17,10000002,37,19.95,19.96,19.95,180190371,1914,
2020-05-17,10000002,38,337.9,339.5,336.7,33010720,1716,
2020-05-17,10000002,39,919.8,920,915,17399889,1858,
2020-05-17,10000002,40,610,617.7,565.1,8581504,1495,
2020-05-17,10000002,11399,17000,18030,16290,3945455,900,
2020-05-18,10000002,34,8,8.14,7.95,5529690544,2887,
2020-05-18,10000002,35,7.5,7.6,7.45,1524916631,2322,
2020-05-18,10000002,36,83.81,94.21,79,559671265,2163,
2020-05-18,10000002,37,19.99,20.09,19.97,283835617,1703,
2020-05-18,10000002,38,343.9,352.7,340.8,48024129,1526,
2020-05-18,10000002,39,919.9,922.6,919.8,27931394,1711,
2020-05-18,10000002,40,617.7,618.2,614.9,14944354,1365,
2020-05-18,10000002,11399,18610,18740,17000,1667243,794,
2020-05-19,10000002,34,7.99,8.1,7.86,7682215971,2671,
2020-05-19,10000002,35,7.45,7.63,7.18,2073240577,2068,
2020-05-19,10000002,36,87,94.44,83.48,612844878,1981,
2020-05-19,10000002,37,19.94,20.08,19.7,191577471,1534,
2020-05-19,10000002,38,335.4,359.8,330.1,39588880,1363,
2020-05-19,10000002,39,977.1,1099,919.9,25276676,1554,
2020-05-19,10000002,40,600,618.2,570.8,10164049,1229,
2020-05-19,10000002,11399,18780,18970,18680,1374053,777,
2020-05-20,10000002,34,7.99,8.26,7.84,5686151805,2648,
2020-05-20,10000002,35,7.5,7.55,7.01,1507957304,2108,
2020-05-20,10000002,36,93.61,93.97,87.01,398749663,1912,
2020-05-20,10000002,37,19.89,20.1,19.05,98010046,1496,
2020-05-20,10000002,38,323,359.2,322.3,47909354,1420,
2020-05-20,10000002,39,1057,1071,925.1,16461090,1503,
2020-05-20,10000002,40,598,614.9,578.8,9910301,1241,
2020-05-20,10000002,11399,18010,19010,17800,2261968,745,
2020-05-21,10000002,34,8.09,8.32,7.88,5166492920,2814,
2020-05-21,10000002,35,7.58,7.61,7.22,2489882384,2194,
2020-05-21,10000002,36,93.49,94,84,574212683,2069,
2020-05-21,10000002,37,20.18,20.18,20.12,746316366,1579,
2020-05-21,10000002,38,359.4,359.5,350,29404777,1488,
2020-05-21,10000002,39,1032,1047,926,18016299,1597,
2020-05-21,10000002,40,618.2,626.9,614.9,18380219,1325,
2020-05-21,10000002,11399,16220,17960,16000,2220467,818,
2020-05-22,10000002,34,8.14,8.49,8.07,12121020077,2847,
2020-05-22,10000002,35,7.58,7.61,7.33,1439447265,2103,
2020-05-22,10000002,36,98.43,98.48,87.52,673098601,1995,
2020-05-22,10000002,37,20.1,21.38,20.03,284427253,1608,
2020-05-22,10000002,38,349.8,358.6,329.2,45680669,1497,
2020-05-22,10000002,39,990,999.9,989,16198967,1614,
2020-05-22,10000002,40,614,622.2,589.7,6796353,1254,
2020-05-22,10000002,11399,17910,17970,17590,1067881,838,
2020-05-23,10000002,34,8.25,8.69,7.85,9706240985,3111,
2020-05-23,10000002,35,7.73,7.81,7.54,2751579998,2330,
2020-05-23,10000002,36,93.99,94.94,92.5,703975265,2161,
2020-05-23,10000002,37,21.31,21.39,20.99,354107106,1741,
2020-05-23,10000002,38,350,356.8,330.2,49685228,1693,
2020-05-23,10000002,39,1025,1028,1000,23542911,1753,
2020-05-23,10000002,40,618.5,620,610,13201715,1379,
2020-05-23,10000002,11399,18480,19030,17980,1689954,783,
2020-05-24,10000002,34,8,8.63,7.91,6282738943,3077,
2020-05-24,10000002,35,7.8,7.85,7.56,1758010810,2406,
2020-05-24,10000002,36,91.8,93,85.04,576427619,2173,
2020-05-24,10000002,37,21.57,21.63,20.88,272972865,1792,
2020-05-24,10000002,38,356.8,360.8,350.1,55308963,1643,
2020-05-24,10000002,39,1028,1043,1025,21826988,1742,
2020-05-24,10000002,40,618.6,622,618.3,23198269,1463,
2020-05-24,10000002,11399,18490,19010,17650,2169756,955,
2020-05-25,10000002,34,8.39,8.48,8,8489705057,2965,
2020-05-25,10000002,35,7.71,7.74,7.67,2425290652,2304,
2020-05-25,10000002,36,91.5,91.79,89.5,842877449,2058,
2020-05-25,10000002,37,20.57,21.48,20.56,373284372,1635,
2020-05-25,10000002,38,320,320.2,318.7,59883174,1552,
2020-05-25,10000002,39,1000,1000,1000,29905703,1655,
2020-05-25,10000002,40,622.3,622.3,622.3,11221044,1366,
2020-05-25,10000002,11399,18000,18900,17650,1897368,897,
2020-05-26,10000002,34,8,8.3,7.9,7284544261,2619,
2020-05-26,10000002,35,7.7,7.74,7.5,1704557486,1971,
2020-05-26,10000002,36,90,91.7,85.13,438846796,1795,
2020-05-26,10000002,37,20.65,21.56,20.61,250158177,1501,
2020-05-26,10000002,38,349,352.2,330.3,35853377,1295,
2020-05-26,10000002,39,1020,1029,1000,20883375,1480,
2020-05-26,10000002,40,620,621.9,568.3,9662076,1226,
2020-05-26,10000002,11399,18200,18200,18200,1278530,739,
2020-05-27,10000002,34,8.1,8.47,7.86,7072988880,2527,
2020-05-27,10000002,35,7.74,7.76,7.4,1759231208,1921,
2020-05-27,10000002,36,90.88,91.88,85.15,466133550,1742,
2020-05-27,10000002,37,21.56,21.58,21.29,139639173,1410,
2020-05-27,10000002,38,340,341.4,306.1,31418153,1312,
2020-05-27,10000002,39,1031,1031,1030,32813005,1463,
2020-05-27,10000002,40,536.9,593,536.8,13829871,1198,
2020-05-27,10000002,11399,16200,17810,16000,2031909,685,
2020-05-28,10000002,34,8.37,8.44,7.98,5451197808,2553,
2020-05-28,10000002,35,7.78,7.78,7.76,1947905758,2031,
2020-05-28,10000002,36,90.49,90.89,87.48,382529488,1757,
2020-05-28,10000002,37,21.57,21.59,20.91,239393366,1483,
2020-05-28,10000002,38,341.2,341.3,340,27779652,1364,
2020-05-28,10000002,39,1000,1028,940,28774542,1494,
2020-05-28,10000002,40,576,591,511.1,26206883,1249,
2020-05-28,10000002,11399,17650,18440,17000,1383910,735,
2020-05-29,10000002,34,8.3,8.4,8.12,5903724998,2658,
2020-05-29,10000002,35,7.76,7.85,7.51,1749632006,2004,
2020-05-29,10000002,36,89.5,89.79,86.04,501380069,1830,
2020-05-29,10000002,37,21.55,21.59,21.06,183234870,1542,
2020-05-29,10000002,38,318.9,340.3,310,39519790,1414,
2020-05-29,10000002,39,1024,1028,904.1,29833166,1628,
2020-05-29,10000002,40,592,592.7,507.5,11038892,1272,
2020-05-29,10000002,11399,17200,17800,15900,1321235,722,
2020-05-30,10000002,34,8.15,8.51,8,7438012695,2902,
2020-05-30,10000002,35,7.85,7.96,7.4,2099072321,2155,
2020-05-30,10000002,36,89.85,90,84.17,536328200,1879,
2020-05-30,10000002,37,21.59,21.59,21.58,287088115,1614,
2020-05-30,10000002,38,336.1,339,295,49507589,1493,
2020-05-30,10000002,39,1030,1031,1022,16987193,1587,
2020-05-30,10000002,40,530.2,589.2,515.1,16337151,1352,
2020-05-30,10000002,11399,16800,17390,16010,2103410,742,
2020-05-31,10000002,34,8.05,8.48,7.95,6550663703,2787,
2020-05-31,10000002,35,7.8,7.97,7.57,1572912333,2170,
2020-05-31,10000002,36,89.84,90.94,84.22,602604043,2000,
2020-05-31,10000002,37,21.57,21.58,21.1,178099209,1672,
2020-05-31,10000002,38,334,336.4,304,29464469,1550,
2020-05-31,10000002,39,1033,1038,906.9,20086423,1698,
2020-05-31,10000002,40,589.4,589.8,573.5,10071249,1373,
2020-05-31,10000002,11399,16760,17300,16030,2082867,747,
2020-06-01,10000002,34,8.28,8.28,8.28,10385094741,2608,
2020-06-01,10000002,35,7.75,7.89,7.53,1924969583,2107,
2020-06-01,10000002,36,90,91.9,88.79,841652258,1951,
2020-06-01,10000002,37,21.57,21.59,21.54,258988508,1534,
2020-06-01,10000002,38,338.7,340,333.5,67573118,1394,
2020-06-01,10000002,39,1033,1037,868.4,24841137,1604,
2020-06-01,10000002,40,550,589.8,545,17680553,1304,
2020-06-01,10000002,11399,15940,17240,15340,2093275,752,
2020-06-02,10000002,34,8.25,8.34,7.8,5517695326,2496,
2020-06-02,10000002,35,7.79,7.97,7.75,2271022662,1979,
2020-06-02,10000002,36,91.96,93.98,85,557254808,1849,
2020-06-02,10000002,37,21.59,21.6,21.59,938961287,1553,
2020-06-02,10000002,38,340,340.5,339.4,34950417,1372,
2020-06-02,10000002,39,1037,1038,1029,18287192,1459,
2020-06-02,10000002,40,592.1,592.6,580,8747096,1233,
2020-06-02,10000002,11399,14870,16490,14800,2010826,616,
2020-06-03,10000002,34,8.09,8.28,7.82,6485168414,2442,
2020-06-03,10000002,35,7.93,7.96,7.49,1511227529,1899,
2020-06-03,10000002,36,92.97,93.66,87.79,432614441,1748,
2020-06-03,10000002,37,24.84,27.98,24.8,494243750,1430,
2020-06-03,10000002,38,337.7,339.6,321.9,24132294,1217,
2020-06-03,10000002,39,1009,1015,999.9,14667842,1364,
2020-06-03,10000002,40,546.3,565,468.9,16730833,1134,
2020-06-03,10000002,11399,16500,17090,15440,1418038,677,
2020-06-04,10000002,34,7.9,8.25,7.52,8859077320,2505,
2020-06-04,10000002,35,8,8,8,4460214228,2053,
2020-06-04,10000002,36,93,93.42,84.19,479248497,1802,
2020-06-04,10000002,37,39.82,39.82,39.82,636629422,1536,
2020-06-04,10000002,38,315.8,336,279.4,67673445,1463,
2020-06-04,10000002,39,955,1010,860,35593638,1629,
2020-06-04,10000002,40,546.7,573.9,472.3,18263634,1234,
2020-06-04,10000002,11399,14170,16050,14000,1675309,664,
2020-06-05,10000002,34,7.96,8.09,7.88,7591453832,2485,
2020-06-05,10000002,35,7.64,8.18,7.6,2024755794,2041,
2020-06-05,10000002,36,89.24,91.89,84.18,473628369,1821,
2020-06-05,10000002,37,26.01,33,23.35,251212052,1606,
2020-06-05,10000002,38,330,336.1,322.2,41030271,1380,
2020-06-05,10000002,39,950,1012,920,24635259,1543,
2020-06-05,10000002,40,522.3,574.2,510.6,12921246,1291,
2020-06-05,10000002,11399,13790,14990,13730,1589914,697,
2020-06-06,10000002,34,8.02,8.1,7.98,10157997805,2848,
2020-06-06,10000002,35,7.98,8.15,7.68,1705601907,2251,
2020-06-06,10000002,36,87.19,92,81.23,633325948,2073,
2020-06-06,10000002,37,25.92,25.92,25.92,1361380597,1693,
2020-06-06,10000002,38,330.2,331.8,290,38418787,1553,
2020-06-06,10000002,39,1013,1015,973.7,21943221,1663,
2020-06-06,10000002,40,572,574.3,475.5,24118320,1392,
2020-06-06,10000002,11399,15130,16070,14500,2332093,783,
2020-06-07,10000002,34,7.92,8,7.9,8882381077,2870,
2020-06-07,10000002,35,7.97,8,7.54,2111810754,2166,
2020-06-07,10000002,36,84.79,87.07,75.07,548839498,1898,
2020-06-07,10000002,37,26.89,27.95,24.26,298017822,1687,
2020-06-07,10000002,38,327.6,329.9,289.6,43539820,1535,
2020-06-07,10000002,39,1020,1030,998,23859737,1595,
2020-06-07,10000002,40,571,571.9,502.6,14430091,1391,
2020-06-07,10000002,11399,14870,15030,13450,2109048,839,
2020-06-08,10000002,34,7.99,8.21,7.46,6800951885,2797,
2020-06-08,10000002,35,7.69,7.7,7.56,2377059981,2193,
2020-06-08,10000002,36,85.85,87.07,78,440423732,1991,
2020-06-08,10000002,37,26.21,28,24.12,425631468,1713,
2020-06-08,10000002,38,313.1,315,300.1,50957437,1502,
2020-06-08,10000002,39,1001,1032,957.1,31210041,1615,
2020-06-08,10000002,40,515.1,566.8,509,18941558,1383,
2020-06-08,10000002,11399,14730,14850,13140,981826,760,
2020-06-09,10000002,34,7.69,8,7.48,4816524343,2414,
2020-06-09,10000002,35,7.55,7.58,7.1,1753823621,1945,
2020-06-09,10000002,36,84.23,89.56,79.12,429864401,1718,
2020-06-09,10000002,37,29.97,34.85,27.98,585845610,1489,
2020-06-09,10000002,38,323.8,325.7,317,39765301,1329,
2020-06-09,10000002,39,1020,1028,956.7,15006003,1465,
2020-06-09,10000002,40,564.1,565.6,563.9,9050433,1186,
2020-06-09,10000002,11399,13230,13870,12810,1892893,765,
2020-06-10,10000002,34,7.7,8.02,7.54,6017087515,2317,
2020-06-10,10000002,35,7.49,7.55,7.4,1651911151,1803,
2020-06-10,10000002,36,84.5,90.25,81.2,483955422,1649,
2020-06-10,10000002,37,30.89,32,25,174591010,1378,
2020-06-10,10000002,38,325,326.5,319.5,30712844,1217,
2020-06-10,10000002,39,1022,1036,931.7,22436547,1410,
2020-06-10,10000002,40,559.8,561.8,511.3,12077738,1162,
2020-06-10,10000002,11399,13100,14200,11510,1521392,687,
2020-06-11,10000002,34,7.5,7.93,7.29,5574043033,2364,
2020-06-11,10000002,35,7.11,7.31,7.06,1615859403,1946,
2020-06-11,10000002,36,82,89.93,79.5,661010248,1785,
2020-06-11,10000002,37,24.48,28.95,24.26,250413630,1487,
2020-06-11,10000002,38,326.5,328.3,308.2,35826312,1414,
2020-06-11,10000002,39,1009,1030,906,22049568,1493,
2020-06-11,10000002,40,554.2,566.9,519,30937117,1274,
2020-06-11,10000002,11399,12760,13890,11610,1626306,768,
2020-06-12,10000002,34,7.31,7.79,7,5641018176,2308,
2020-06-12,10000002,35,7.01,7.29,6.95,1706538874,1868,
2020-06-12,10000002,36,84,88.59,82.06,452471221,1731,
2020-06-12,10000002,37,25.49,26.86,22.73,193533706,1413,
2020-06-12,10000002,38,321.5,321.8,308.9,48041755,1284,
2020-06-12,10000002,39,990.4,998.9,930.7,18417215,1385,
2020-06-12,10000002,40,567.8,568,506.4,13658822,1181,
2020-06-12,10000002,11399,11580,12200,11310,2018021,704,
2020-06-13,10000002,34,7.01,7.44,6.83,7307860272,2459,
2020-06-13,10000002,35,6.99,7.22,6.63,2390940268,2027,
2020-06-13,10000002,36,84,85,81.22,591469135,1834,
2020-06-13,10000002,37,22.8,22.84,22.77,227778228,1554,
2020-06-13,10000002,38,321.9,322.6,318,45072214,1383,
2020-06-13,10000002,39,998.9,1010,975,23687896,1552,
2020-06-13,10000002,40,565.1,566.9,510,16516893,1332,
2020-06-13,10000002,11399,10940,12000,10900,1945789,807,
2020-06-14,10000002,34,7.21,7.38,7,6661869296,2754,
2020-06-14,10000002,35,7.2,7.49,6.9,1492441867,2173,
2020-06-14,10000002,36,83.93,85.66,83,496932817,1969,
2020-06-14,10000002,37,22.79,25.29,22.78,532694725,1730,
2020-06-14,10000002,38,318,323,302.5,42872334,1513,
2020-06-14,10000002,39,1021,1035,936.2,17998836,1734,
2020-06-14,10000002,40,556,562,549.9,12490468,1395,
2020-06-14,10000002,11399,11410,11900,11000,1984909,807,
2020-06-15,10000002,34,7.11,7.4,6.89,4669417859,2138,
2020-06-15,10000002,35,7.38,7.46,6.54,1494600954,1699,
2020-06-15,10000002,36,84.84,86.4,80.11,482352178,1558,
2020-06-15,10000002,37,25.3,25.43,23,129726710,1293,
2020-06-15,10000002,38,323.9,327.1,307.9,46861682,1172,
2020-06-15,10000002,39,1033,1034,1021,14545687,1319,
2020-06-15,10000002,40,553.8,555.6,512.4,6901228,1066,
2020-06-15,10000002,11399,13550,14490,12180,1849139,652,
2020-06-16,10000002,34,7.25,7.47,6.92,5994896483,2552,
2020-06-16,10000002,35,7,7.39,6.63,1439303382,2083,
2020-06-16,10000002,36,81,84.98,80.04,459250046,1818,
2020-06-16,10000002,37,23.16,25.23,23,157592067,1577,
2020-06-16,10000002,38,328,328.9,308,26940192,1429,
2020-06-16,10000002,39,1023,1033,1000,27627059,1629,
2020-06-16,10000002,40,553.7,559.7,479.9,16486583,1308,
2020-06-16,10000002,11399,12520,12800,11590,1340160,667,
2020-06-17,10000002,34,7.34,7.58,7.04,5852235184,3008,
2020-06-17,10000002,35,7.4,7.56,6.67,1540739483,2527,
2020-06-17,10000002,36,84.93,85,80.87,380338363,2209,
2020-06-17,10000002,37,25.24,25.25,25.23,233249034,1766,
2020-06-17,10000002,38,335,340.6,329,31809650,1623,
2020-06-17,10000002,39,1030,1030,1029,19255599,1714,
2020-06-17,10000002,40,553.1,553.8,517.2,12312372,1425,
2020-06-17,10000002,11399,11630,12680,11320,1289536,666,
2020-06-18,10000002,34,7.26,7.43,7.03,5128877530,2814,2021-06-18T11:01:58Z
2020-06-18,10000002,35,7.52,7.56,7.1,1550683219,2405,2021-06-18T11:01:58Z
2020-06-18,10000002,36,87.34,87.52,84,385719090,2027,2021-06-18T11:01:58Z
2020-06-18,10000002,37,25.45,25.48,23.26,175718092,1634,2021-06-18T11:01:58Z
2020-06-18,10000002,38,351.9,361.4,326,42139132,1561,2021-06-18T11:01:58Z
2020-06-18,10000002,39,1031,1033,1030,20835823,1635,2021-06-18T11:01:58Z
2020-06-18,10000002,40,551.6,551.8,550.5,12086690,1317,2021-06-18T11:01:58Z
2020-06-18,10000002,11399,11310,12580,9579,2528765,731,2021-06-18T11:01:58Z
2020-06-19,10000002,34,7.09,7.59,6.94,6224566043,2870,2021-06-18T11:01:58Z
2020-06-19,10000002,35,7.6,7.69,7.01,1441377480,2331,2021-06-18T11:01:58Z
2020-06-19,10000002,36,87.48,89.98,81.14,465052810,1989,2021-06-18T11:01:58Z
2020-06-19,10000002,37,25.42,25.43,25.4,170230808,1613,2021-06-18T11:01:58Z
2020-06-19,10000002,38,350,361.3,320.2,25171351,1519,2021-06-18T11:01:58Z
2020-06-19,10000002,39,1035,1035,1034,21626724,1609,2021-06-18T11:01:58Z
2020-06-19,10000002,40,552.8,559.4,511.7,9623096,1360,2021-06-18T11:01:58Z
2020-06-19,10000002,11399,11990,12540,11800,877394,632,2021-06-18T11:01:58Z
2020-06-20,10000002,34,7.32,7.53,6.83,5495252181,3054,2021-06-18T11:01:58Z
2020-06-20,10000002,35,7.31,7.67,7.01,1946251698,2559,2021-06-18T11:01:58Z
2020-06-20,10000002,36,83.01,89.87,81.17,586757118,2265,2021-06-18T11:01:58Z
2020-06-20,10000002,37,25.47,26.48,24.02,219040504,1815,2021-06-18T11:01:58Z
2020-06-20,10000002,38,348.6,360.8,305.6,45585084,1749,2021-06-18T11:01:58Z
2020-06-20,10000002,39,1040,1041,1037,21605217,1758,2021-06-18T11:01:58Z
2020-06-20,10000002,40,559.1,559.4,510,15554796,1484,2021-06-18T11:01:58Z
2020-06-20,10000002,11399,11590,12500,11000,2576437,697,2021-06-18T11:01:58Z
2020-06-21,10000002,34,7.1,7.42,6.87,7271807283,3031,2021-06-18T11:01:58Z
2020-06-21,10000002,35,7.64,7.67,7.32,2368637245,2521,2021-06-18T11:01:58Z
2020-06-21,10000002,36,84,90.68,80.18,739578954,2273,2021-06-18T11:01:58Z
2020-06-21,10000002,37,26.92,28.95,25,457049869,1817,2021-06-18T11:01:58Z
2020-06-21,10000002,38,350,359,315.4,58037798,1718,2021-06-18T11:01:58Z
2020-06-21,10000002,39,1027,1037,925,34461699,1829,2021-06-18T11:01:58Z
2020-06-21,10000002,40,559,559,558.9,14788499,1448,2021-06-18T11:01:58Z
2020-06-21,10000002,11399,11880,11930,10000,2308371,832,2021-06-18T11:01:58Z
2020-06-22,10000002,34,7,7.29,6.81,6392957780,2616,2021-06-18T11:01:58Z
2020-06-22,10000002,35,7.03,7.3,6.93,2053385672,2160,2021-06-18T11:01:58Z
2020-06-22,10000002,36,83.51,88.99,82.24,519069798,1975,2021-06-18T11:01:58Z
2020-06-22,10000002,37,25.17,25.25,24.02,442257077,1627,2021-06-18T11:01:58Z
2020-06-22,10000002,38,350,361.2,322.1,44473347,1483,2021-06-18T11:01:58Z
2020-06-22,10000002,39,1000,1029,936.4,21032213,1579,2021-06-18T11:01:58Z
2020-06-22,10000002,40,487,548.6,482.4,14444726,1322,2021-06-18T11:01:58Z
2020-06-22,10000002,11399,11690,11930,11000,2104755,683,2021-06-18T11:01:58Z
2020-06-23,10000002,34,7,7.25,6.9,6287780145,2746,2021-06-18T11:01:58Z
2020-06-23,10000002,35,7.25,7.51,7,1637233282,2309,2021-06-18T11:01:58Z
2020-06-23,10000002,36,85.8,89.6,83.11,551525608,2038,2021-06-18T11:01:58Z
2020-06-23,10000002,37,26.3,29.45,24.09,380845275,1702,2021-06-18T11:01:58Z
2020-06-23,10000002,38,354.9,360.9,326.5,43173846,1572,2021-06-18T11:01:58Z
2020-06-23,10000002,39,1013,1019,1009,21435374,1602,2021-06-18T11:01:58Z
2020-06-23,10000002,40,545.7,547,540,8460345,1300,2021-06-18T11:01:58Z
2020-06-23,10000002,11399,11650,11680,11640,3082970,727,2021-06-18T11:01:58Z
2020-06-24,10000002,34,7.03,7.5,6.93,5815589662,2763,2021-06-18T11:01:58Z
2020-06-24,10000002,35,7.15,7.52,6.92,1905680381,2238,2021-06-18T11:01:58Z
2020-06-24,10000002,36,85.5,89.6,83.14,618740570,1998,2021-06-18T11:01:58Z
2020-06-24,10000002,37,25.83,29.12,25.69,234808545,1679,2021-06-18T11:01:58Z
2020-06-24,10000002,38,347.8,361.2,311.4,50033725,1505,2021-06-18T11:01:58Z
2020-06-24,10000002,39,1001,1011,999.8,28738115,1597,2021-06-18T11:01:58Z
2020-06-24,10000002,40,510,520,478.6,18094516,1320,2021-06-18T11:01:58Z
2020-06-24,10000002,11399,12230,12660,11900,1761733,606,2021-06-18T11:01:58Z
2020-06-25,10000002,34,6.93,7.23,6.74,5093580651,2523,2021-06-18T11:01:58Z
2020-06-25,10000002,35,7.04,7.4,6.8,1617616996,2078,2021-06-18T11:01:58Z
2020-06-25,10000002,36,82.07,87.94,81.43,735395829,1814,2021-06-18T11:01:58Z
2020-06-25,10000002,37,25.16,26.97,25.11,187081146,1463,2021-06-18T11:01:58Z
2020-06-25,10000002,38,322.8,354.3,311.9,49526811,1370,2021-06-18T11:01:58Z
2020-06-25,10000002,39,999.9,1011,941.4,26096721,1467,2021-06-18T11:01:58Z
2020-06-25,10000002,40,481.1,534.9,461,27046249,1265,2021-06-18T11:01:58Z
2020-06-25,10000002,11399,12400,12710,11920,1676044,615,2021-06-18T11:01:58Z
2020-06-26,10000002,34,7.1,7.28,6.83,4938441981,2377,2021-06-18T11:01:58Z
2020-06-26,10000002,35,7.25,7.29,7.1,1597723104,1963,2021-06-18T11:01:58Z
2020-06-26,10000002,36,84,86.97,83.05,571228734,1784,2021-06-18T11:01:58Z
2020-06-26,10000002,37,26.39,26.43,23.79,292573483,1523,2021-06-18T11:01:58Z
2020-06-26,10000002,38,330,330,330,42977650,1363,2021-06-18T11:01:58Z
2020-06-26,10000002,39,1008,1008,1008,29911918,1479,2021-06-18T11:01:58Z
2020-06-26,10000002,40,533.9,534,532.8,10079367,1170,2021-06-18T11:01:58Z
2020-06-26,10000002,11399,12410,12710,12090,1353009,654,2021-06-18T11:01:58Z
2020-06-27,10000002,34,7,7.03,6.97,6344862843,2747,2021-06-18T11:01:58Z
2020-06-27,10000002,35,7.2,7.39,6.94,1662044274,2233,2021-06-18T11:01:58Z
2020-06-27,10000002,36,84.51,86.67,83.23,596480625,2037,2021-06-18T11:01:58Z
2020-06-27,10000002,37,27.33,27.46,26.97,280213026,1640,2021-06-18T11:01:58Z
2020-06-27,10000002,38,353.8,353.9,350,52804919,1540,2021-06-18T11:01:58Z
2020-06-27,10000002,39,1012,1020,1012,28303130,1588,2021-06-18T11:01:58Z
2020-06-27,10000002,40,533.7,534,532.9,15962562,1335,2021-06-18T11:01:58Z
2020-06-27,10000002,11399,12730,13760,11500,2663496,773,2021-06-18T11:01:58Z
2020-06-28,10000002,34,6.99,7.35,6.9,7248201452,2779,2021-06-18T11:01:58Z
2020-06-28,10000002,35,7.2,7.35,7.01,1687717341,2307,2021-06-18T11:01:58Z
2020-06-28,10000002,36,87.98,88.95,84.58,711195172,2044,2021-06-18T11:01:58Z
2020-06-28,10000002,37,27.31,27.5,25,228157949,1680,2021-06-18T11:01:58Z
2020-06-28,10000002,38,361.3,361.8,345.5,55406420,1522,2021-06-18T11:01:58Z
2020-06-28,10000002,39,1025,1037,1010,25210913,1678,2021-06-18T11:01:58Z
2020-06-28,10000002,40,532.1,532.9,526.9,15697180,1368,2021-06-18T11:01:58Z
2020-06-28,10000002,11399,12420,13000,11900,1452837,641,2021-06-18T11:01:58Z
2020-06-29,10000002,34,6.99,7.25,6.89,7915599070,2460,2021-06-18T11:01:58Z
2020-06-29,10000002,35,7.2,7.36,7,2281328503,2020,2021-06-18T11:01:58Z
2020-06-29,10000002,36,89,93.28,84.81,717380244,1861,2021-06-18T11:01:58Z
2020-06-29,10000002,37,24.5,26.98,24.01,301214417,1501,2021-06-18T11:01:58Z
2020-06-29,10000002,38,335,348,333.7,67637544,1387,2021-06-18T11:01:58Z
2020-06-29,10000002,39,1024,1037,1010,20598348,1436,2021-06-18T11:01:58Z
2020-06-29,10000002,40,533.5,533.6,525.1,14408524,1202,2021-06-18T11:01:58Z
2020-06-29,10000002,11399,13150,13220,12240,1560920,707,2021-06-18T11:01:58Z
2020-06-30,10000002,34,6.99,7.19,6.7,5901309636,2427,2021-06-18T11:01:58Z
2020-06-30,10000002,35,7.3,7.36,7.01,1487879972,1926,2021-06-18T11:01:58Z
2020-06-30,10000002,36,93.96,99.08,86.99,436480670,1764,2021-06-18T11:01:58Z
2020-06-30,10000002,37,26.77,26.8,24.95,145268709,1500,2021-06-18T11:01:58Z
2020-06-30,10000002,38,362,369.3,361.3,59708266,1361,2021-06-18T11:01:58Z
2020-06-30,10000002,39,1038,1038,1038,25051995,1426,2021-06-18T11:01:58Z
2020-06-30,10000002,40,533.6,533.9,525.2,13240719,1154,2021-06-18T11:01:58Z
2020-06-30,10000002,11399,12510,13240,12010,2926740,655,2021-06-18T11:01:58Z
2020-07-01,10000002,34,7,7.2,6.93,5540273666,2408,2021-06-18T11:01:58Z
2020-07-01,10000002,35,7.2,7.36,7.02,1328248713,1905,2021-06-18T11:01:58Z
2020-07-01,10000002,36,91.2,98.39,86,546697523,1842,2021-06-18T11:01:58Z
2020-07-01,10000002,37,26.54,26.68,22.8,224809042,1498,2021-06-18T11:01:58Z
2020-07-01,10000002,38,368.5,437.1,336.6,46587157,1383,2021-06-18T11:01:58Z
2020-07-01,10000002,39,1039,1044,1000,27529296,1485,2021-06-18T11:01:58Z
2020-07-01,10000002,40,515,533.7,480.1,18393067,1183,2021-06-18T11:01:58Z
2020-07-01,10000002,11399,13300,14510,12500,3184394,755,2021-06-18T11:01:58Z
2020-07-02,10000002,34,7,7.1,6.8,5823012953,2264,2021-06-18T11:01:58Z
2020-07-02,10000002,35,7.15,7.2,6.96,1841110147,1723,2021-06-18T11:01:58Z
2020-07-02,10000002,36,93.99,96.75,89.24,584982072,1664,2021-06-18T11:01:58Z
2020-07-02,10000002,37,24.66,26.36,22.82,270255691,1293,2021-06-18T11:01:58Z
2020-07-02,10000002,38,437.3,438.1,397.5,53960260,1219,2021-06-18T11:01:58Z
2020-07-02,10000002,39,1043,1044,1031,17360855,1252,2021-06-18T11:01:58Z
2020-07-02,10000002,40,533.7,533.9,533.6,11471185,1015,2021-06-18T11:01:58Z
2020-07-02,10000002,11399,13100,14700,12710,1865991,763,2021-06-18T11:01:58Z
2020-07-03,10000002,34,7.16,7.21,7,6952723188,2547,2021-06-18T11:01:58Z
2020-07-03,10000002,35,7.18,7.34,6.93,2128828470,2043,2021-06-18T11:01:58Z
2020-07-03,10000002,36,94,96.79,92,882359705,1884,2021-06-18T11:01:58Z
2020-07-03,10000002,37,26.18,26.24,25.01,232524413,1495,2021-06-18T11:01:58Z
2020-07-03,10000002,38,430,435,399,73011727,1441,2021-06-18T11:01:58Z
2020-07-03,10000002,39,1031,1044,1025,27102216,1467,2021-06-18T11:01:58Z
2020-07-03,10000002,40,519,529.8,500.3,18558859,1243,2021-06-18T11:01:58Z
2020-07-03,10000002,11399,13220,13510,13000,2877350,724,2021-06-18T11:01:58Z
2020-07-04,10000002,34,7.2,7.24,7.01,5923696301,2576,2021-06-18T11:01:58Z
2020-07-04,10000002,35,7.17,7.32,6.97,1773687950,1967,2021-06-18T11:01:58Z
2020-07-04,10000002,36,94,100.1,91.78,667284617,1939,2021-06-18T11:01:58Z
2020-07-04,10000002,37,24.46,24.71,22.83,312380478,1456,2021-06-18T11:01:58Z
2020-07-04,10000002,38,432.2,433,424.7,67860683,1420,2021-06-18T11:01:58Z
2020-07-04,10000002,39,1032,1042,1029,31618737,1473,2021-06-18T11:01:58Z
2020-07-04,10000002,40,526,526,519,28007575,1167,2021-06-18T11:01:58Z
2020-07-04,10000002,11399,13800,14750,12550,3217485,758,2021-06-18T11:01:58Z
2020-07-05,10000002,34,7.21,7.37,7.01,6205446594,2808,2021-06-18T11:01:58Z
2020-07-05,10000002,35,6.95,7.05,6.9,3513528899,2076,2021-06-18T11:01:58Z
2020-07-05,10000002,36,95.89,97.66,91.8,764836274,2033,2021-06-18T11:01:58Z
2020-07-05,10000002,37,24.73,24.82,23.99,198356180,1692,2021-06-18T11:01:58Z
2020-07-05,10000002,38,425,432,425,59351808,1438,2021-06-18T11:01:58Z
2020-07-05,10000002,39,1040,1044,1039,29856626,1623,2021-06-18T11:01:58Z
2020-07-05,10000002,40,527.9,531.9,519,18986806,1222,2021-06-18T11:01:58Z
2020-07-05,10000002,11399,12870,13900,12030,3656059,875,2021-06-18T11:01:58Z
2020-07-06,10000002,34,7.35,7.37,7.04,6544242465,2365,2021-06-18T11:01:58Z
2020-07-06,10000002,35,7.15,7.25,6.75,2106119605,1840,2021-06-18T11:01:58Z
2020-07-06,10000002,36,94.88,95.84,92,773534082,1782,2021-06-18T11:01:58Z
2020-07-06,10000002,37,24.8,24.98,22.17,254514726,1429,2021-06-18T11:01:58Z
2020-07-06,10000002,38,436.3,436.5,411.9,41585368,1223,2021-06-18T11:01:58Z
2020-07-06,10000002,39,1045,1083,956.8,29087016,1370,2021-06-18T11:01:58Z
2020-07-06,10000002,40,531.5,531.9,499.5,16091383,1098,2021-06-18T11:01:58Z
2020-07-06,10000002,11399,13800,13980,13030,1843340,745,2021-06-18T11:01:58Z
2020-07-07,10000002,34,7.18,7.67,7.1,8398648165,2295,2021-06-18T11:01:58Z
2020-07-07,10000002,35,7.01,7.34,6.75,1975513646,1781,2021-06-18T11:01:58Z
2020-07-07,10000002,36,101,105.9,95.12,676212987,1774,2021-06-18T11:01:58Z
2020-07-07,10000002,37,24.73,24.91,24,175789812,1366,2021-06-18T11:01:58Z
2020-07-07,10000002,38,409.4,437,409,55869455,1218,2021-06-18T11:01:58Z
2020-07-07,10000002,39,1195,1199,1131,24256165,1327,2021-06-18T11:01:58Z
2020-07-07,10000002,40,495,533.5,486,20765291,1153,2021-06-18T11:01:58Z
2020-07-07,10000002,11399,13950,13990,13100,2227528,681,2021-06-18T11:01:58Z
2020-07-08,10000002,34,7.19,7.5,7.11,6796471006,2172,2021-06-18T11:01:58Z
2020-07-08,10000002,35,6.99,7.2,6.76,2509058755,1728,2021-06-18T11:01:58Z
2020-07-08,10000002,36,96.33,107.8,96,667065533,1573,2021-06-18T11:01:58Z
2020-07-08,10000002,37,21,21.4,20.65,641459637,1251,2021-06-18T11:01:58Z
2020-07-08,10000002,38,413,430.3,408,47899808,1167,2021-06-18T11:01:58Z
2020-07-08,10000002,39,1068,1230,1034,32713918,1290,2021-06-18T11:01:58Z
2020-07-08,10000002,40,514.9,531.6,477,24559978,1025,2021-06-18T11:01:58Z
2020-07-08,10000002,11399,13700,13760,13250,2263287,668,2021-06-18T11:01:58Z
2020-07-09,10000002,34,7.4,7.64,7.22,4578523513,2188,2021-06-18T11:01:58Z
2020-07-09,10000002,35,7.08,7.2,6.79,1527497758,1660,2021-06-18T11:01:58Z
2020-07-09,10000002,36,95.8,98.1,92.51,436718789,1562,2021-06-18T11:01:58Z
2020-07-09,10000002,37,24.48,24.9,22.81,869779633,1370,2021-06-18T11:01:58Z
2020-07-09,10000002,38,430,432.8,415.8,37483131,1153,2021-06-18T11:01:58Z
2020-07-09,10000002,39,1099,1174,1018,19332910,1311,2021-06-18T11:01:58Z
2020-07-09,10000002,40,494,494.9,477,15123996,1049,2021-06-18T11:01:58Z
2020-07-09,10000002,11399,13700,13760,12520,2378649,700,2021-06-18T11:01:58Z
2020-07-10,10000002,34,7.23,7.5,7.08,6715799928,2345,2021-06-18T11:01:58Z
2020-07-10,10000002,35,6.67,7.09,6.56,2141775647,1809,2021-06-18T11:01:58Z
2020-07-10,10000002,36,95,95.98,91.7,841430051,1802,2021-06-18T11:01:58Z
2020-07-10,10000002,37,23.02,23.82,22.96,212919099,1457,2021-06-18T11:01:58Z
2020-07-10,10000002,38,425,429.9,418.4,59678951,1289,2021-06-18T11:01:58Z
2020-07-10,10000002,39,1145,1158,998,23293537,1387,2021-06-18T11:01:58Z
2020-07-10,10000002,40,514,514.6,488,13302934,1088,2021-06-18T11:01:58Z
2020-07-10,10000002,11399,13710,13750,13640,2111013,687,2021-06-18T11:01:58Z
2020-07-11,10000002,34,7.27,7.66,7.16,6538719755,2444,2021-06-18T11:01:58Z
2020-07-11,10000002,35,6.9,7.05,6.2,1907607250,1908,2021-06-18T11:01:58Z
2020-07-11,10000002,36,99.99,107.6,92.5,546054723,1774,2021-06-18T11:01:58Z
2020-07-11,10000002,37,23.49,23.5,23.48,187242729,1406,2021-06-18T11:01:58Z
2020-07-11,10000002,38,433.2,433.5,429.6,42079544,1302,2021-06-18T11:01:58Z
2020-07-11,10000002,39,1000,1089,979.6,38521628,1442,2021-06-18T11:01:58Z
2020-07-11,10000002,40,513,516,476.3,23948813,1160,2021-06-18T11:01:58Z
2020-07-11,10000002,11399,12950,13770,12640,3007076,754,2021-06-18T11:01:58Z
2020-07-12,10000002,34,7.22,7.47,7.1,6875257531,2571,2021-06-18T11:01:58Z
2020-07-12,10000002,35,6.83,6.99,6.5,2004254388,2058,2021-06-18T11:01:58Z
2020-07-12,10000002,36,97,101,94.99,671957087,1942,2021-06-18T11:01:58Z
2020-07-12,10000002,37,23.5,24.36,23.49,217720752,1552,2021-06-18T11:01:58Z
2020-07-12,10000002,38,429,432.7,425.9,38122231,1408,2021-06-18T11:01:58Z
2020-07-12,10000002,39,1082,1085,1081,19952064,1542,2021-06-18T11:01:58Z
2020-07-12,10000002,40,509.9,532.6,488,18601491,1242,2021-06-18T11:01:58Z
2020-07-12,10000002,11399,13800,13860,13760,1677844,739,2021-06-18T11:01:58Z
2020-07-13,10000002,34,7.1,7.53,7.01,7606305374,2156,2021-06-18T11:01:58Z
2020-07-13,10000002,35,6.87,6.95,6.75,2932112619,1719,2021-06-18T11:01:58Z
2020-07-13,10000002,36,99.78,101.2,93,474701944,1623,2021-06-18T11:01:58Z
2020-07-13,10000002,37,25.67,25.67,25.66,320801917,1320,2021-06-18T11:01:58Z
2020-07-13,10000002,38,430,432.2,429,40038392,1136,2021-06-18T11:01:58Z
2020-07-13,10000002,39,1154,1155,1119,19242360,1273,2021-06-18T11:01:58Z
2020-07-13,10000002,40,513.9,530,500,17332162,1032,2021-06-18T11:01:58Z
2020-07-13,10000002,11399,13890,14000,13500,1527006,648,2021-06-18T11:01:58Z
2020-07-14,10000002,34,7.2,7.76,7.04,6668278975,2087,2021-06-18T11:01:58Z
2020-07-14,10000002,35,7,7.09,6.37,1182767140,1621,2021-06-18T11:01:58Z
2020-07-14,10000002,36,100,100.9,98.96,511744839,1581,2021-06-18T11:01:58Z
2020-07-14,10000002,37,25.65,25.68,23.43,206118139,1188,2021-06-18T11:01:58Z
2020-07-14,10000002,38,432.4,432.7,430.9,47786677,1102,2021-06-18T11:01:58Z
2020-07-14,10000002,39,1102,1176,1102,26972363,1180,2021-06-18T11:01:58Z
2020-07-14,10000002,40,532.1,533,523,19035495,953,2021-06-18T11:01:58Z
2020-07-14,10000002,11399,13990,14960,13500,1734589,682,2021-06-18T11:01:58Z
2020-07-15,10000002,34,7.14,7.76,7.03,6031413163,2155,2021-06-18T11:01:58Z
2020-07-15,10000002,35,6.79,7.09,6.45,1444287066,1710,2021-06-18T11:01:58Z
2020-07-15,10000002,36,99.9,103.8,95,471633519,1555,2021-06-18T11:01:58Z
2020-07-15,10000002,37,25.63,25.65,23.72,182106003,1277,2021-06-18T11:01:58Z
2020-07-15,10000002,38,432.6,432.7,431.8,38583471,1138,2021-06-18T11:01:58Z
2020-07-15,10000002,39,1199,1200,1068,22597841,1288,2021-06-18T11:01:58Z
2020-07-15,10000002,40,524.8,533,514.2,16281228,1016,2021-06-18T11:01:58Z
2020-07-15,10000002,11399,13000,13670,12750,2597582,677,2021-06-18T11:01:58Z
2020-07-16,10000002,34,7.14,7.56,6.98,8004655630,2496,2021-06-18T11:01:58Z
2020-07-16,10000002,35,6.82,7,6.65,1566283423,1980,2021-06-18T11:01:58Z
2020-07-16,10000002,36,99.97,102,99.5,557487637,1985,2021-06-18T11:01:58Z
2020-07-16,10000002,37,25.64,25.66,25.62,318330461,1548,2021-06-18T11:01:58Z
2020-07-16,10000002,38,432.8,450,432.7,37241394,1516,2021-06-18T11:01:58Z
2020-07-16,10000002,39,1230,1272,1224,22878824,1555,2021-06-18T11:01:58Z
2020-07-16,10000002,40,528.9,533,527.9,13254775,1356,2021-06-18T11:01:58Z
2020-07-16,10000002,11399,13860,14900,13110,1857347,656,2021-06-18T11:01:58Z
2020-07-17,10000002,34,7.29,7.74,7.15,7731853975,2572,2021-06-18T11:01:58Z
2020-07-17,10000002,35,6.99,7.1,6.56,2049516251,2236,2021-06-18T11:01:58Z
2020-07-17,10000002,36,101.9,103.9,97.51,597103892,2229,2021-06-18T11:01:58Z
2020-07-17,10000002,37,25.83,25.83,25.82,203418024,1759,2021-06-18T11:01:58Z
2020-07-17,10000002,38,519.7,629.6,509.6,51593253,1768,2021-06-18T11:01:58Z
2020-07-17,10000002,39,1359,1374,1354,20458043,1747,2021-06-18T11:01:58Z
2020-07-17,10000002,40,530,531.6,502,15840176,1514,2021-06-18T11:01:58Z
2020-07-17,10000002,11399,14860,15020,13840,1347021,621,2021-06-18T11:01:58Z
2020-07-18,10000002,34,7.17,7.66,7.13,7975175449,2817,2021-06-18T11:01:58Z
2020-07-18,10000002,35,6.95,6.99,6.75,2126814160,2265,2021-06-18T11:01:58Z
2020-07-18,10000002,36,99.75,101.5,97.03,734288203,2227,2021-06-18T11:01:58Z
2020-07-18,10000002,37,26.79,27.78,23.24,262194723,1882,2021-06-18T11:01:58Z
2020-07-18,10000002,38,600,618.5,521.6,48162383,1701,2021-06-18T11:01:58Z
2020-07-18,10000002,39,1359,1365,1351,24675947,1851,2021-06-18T11:01:58Z
2020-07-18,10000002,40,533.5,533.6,525,14252698,1556,2021-06-18T11:01:58Z
2020-07-18,10000002,11399,13500,13990,12480,1678276,764,2021-06-18T11:01:58Z
2020-07-19,10000002,34,7.23,7.71,6.98,7050495658,2689,2021-06-18T11:01:58Z
2020-07-19,10000002,35,6.92,7.03,6.25,1779608143,2243,2021-06-18T11:01:58Z
2020-07-19,10000002,36,99.05,99.79,95.13,642958237,2112,2021-06-18T11:01:58Z
2020-07-19,10000002,37,24.12,25,24,395582260,1697,2021-06-18T11:01:58Z
2020-07-19,10000002,38,571.8,579,568,35356590,1517,2021-06-18T11:01:58Z
2020-07-19,10000002,39,1150,1222,1150,35831956,1712,2021-06-18T11:01:58Z
2020-07-19,10000002,40,512.7,533.5,460.7,13127064,1408,2021-06-18T11:01:58Z
2020-07-19,10000002,11399,13960,14000,12510,2069331,737,2021-06-18T11:01:58Z
2020-07-20,10000002,34,7,7.04,6.98,8283116471,2540,2021-06-18T11:01:58Z
2020-07-20,10000002,35,6.83,6.95,6.22,1831109834,2059,2021-06-18T11:01:58Z
2020-07-20,10000002,36,99.5,102.3,93.06,550399397,1944,2021-06-18T11:01:58Z
2020-07-20,10000002,37,24,25,23.91,521959322,1548,2021-06-18T11:01:58Z
2020-07-20,10000002,38,546.8,567.1,524,34919733,1450,2021-06-18T11:01:58Z
2020-07-20,10000002,39,1130,1140,1100,22461816,1521,2021-06-18T11:01:58Z
2020-07-20,10000002,40,531.6,533.5,499,10637471,1280,2021-06-18T11:01:58Z
2020-07-20,10000002,11399,14450,14520,13100,2031196,741,2021-06-18T11:01:58Z
2020-07-21,10000002,34,6.99,7.3,6.92,8774098038,2329,2021-06-18T11:01:58Z
2020-07-21,10000002,35,6.75,6.91,6.24,1766313268,1869,2021-06-18T11:01:58Z
2020-07-21,10000002,36,97.5,99.98,92.29,664994110,1748,2021-06-18T11:01:58Z
2020-07-21,10000002,37,23.96,27.2,23.91,349530409,1453,2021-06-18T11:01:58Z
2020-07-21,10000002,38,520,543.2,489.5,57777222,1372,2021-06-18T11:01:58Z
2020-07-21,10000002,39,1135,1139,1095,20586963,1487,2021-06-18T11:01:58Z
2020-07-21,10000002,40,527.9,531.5,525,10670788,1178,2021-06-18T11:01:58Z
2020-07-21,10000002,11399,13530,14510,13010,1838807,691,2021-06-18T11:01:58Z
2020-07-22,10000002,34,7,7.4,6.97,5596492058,2315,2021-06-18T11:01:58Z
2020-07-22,10000002,35,6.75,6.85,6.13,1302399008,1877,2021-06-18T11:01:58Z
2020-07-22,10000002,36,96,98.86,92.46,420222519,1689,2021-06-18T11:01:58Z
2020-07-22,10000002,37,27.55,27.56,27.52,138981075,1419,2021-06-18T11:01:58Z
2020-07-22,10000002,38,509,525,436.2,44532017,1313,2021-06-18T11:01:58Z
2020-07-22,10000002,39,1120,1125,1118,23123779,1452,2021-06-18T11:01:58Z
2020-07-22,10000002,40,530,530,520,10104450,1182,2021-06-18T11:01:58Z
2020-07-22,10000002,11399,13120,14360,12960,1212207,609,2021-06-18T11:01:58Z
2020-07-23,10000002,34,6.9,7.39,6.78,5815530526,2247,2021-06-18T11:01:58Z
2020-07-23,10000002,35,6.5,6.72,5.88,1612241829,1802,2021-06-18T11:01:58Z
2020-07-23,10000002,36,91,93.89,89.03,585018592,1633,2021-06-18T11:01:58Z
2020-07-23,10000002,37,23.97,27.12,23.94,282606693,1339,2021-06-18T11:01:58Z
2020-07-23,10000002,38,432.7,494.2,430.4,54175849,1271,2021-06-18T11:01:58Z
2020-07-23,10000002,39,1051,1115,1007,29692951,1366,2021-06-18T11:01:58Z
2020-07-23,10000002,40,481,529.6,470,21022786,1133,2021-06-18T11:01:58Z
2020-07-23,10000002,11399,13520,14300,13400,1355857,658,2021-06-18T11:01:58Z
2020-07-24,10000002,34,6.94,7.42,6.9,6974457924,2321,2021-06-18T11:01:58Z
2020-07-24,10000002,35,6.53,6.57,6.05,1902548282,1830,2021-06-18T11:01:58Z
2020-07-24,10000002,36,93.3,93.77,88.1,457295470,1654,2021-06-18T11:01:58Z
2020-07-24,10000002,37,24.02,26.75,23.95,371996243,1443,2021-06-18T11:01:58Z
2020-07-24,10000002,38,486.4,489.8,428.4,37710236,1333,2021-06-18T11:01:58Z
2020-07-24,10000002,39,1079,1099,976,22252798,1441,2021-06-18T11:01:58Z
2020-07-24,10000002,40,525.8,528.5,515.3,8879400,1146,2021-06-18T11:01:58Z
2020-07-24,10000002,11399,13000,14060,12300,1907437,591,2021-06-18T11:01:58Z
2020-07-25,10000002,34,7,7.48,6.91,8362909165,2509,2021-06-18T11:01:58Z
2020-07-25,10000002,35,6.4,6.57,6.24,2029060858,1991,2021-06-18T11:01:58Z
2020-07-25,10000002,36,93.63,93.73,88.13,445909804,1867,2021-06-18T11:01:58Z
2020-07-25,10000002,37,26.59,26.64,23.94,252486069,1605,2021-06-18T11:01:58Z
2020-07-25,10000002,38,473.8,474.8,473.4,40475064,1438,2021-06-18T11:01:58Z
2020-07-25,10000002,39,996.8,1029,953,62733838,1715,2021-06-18T11:01:58Z
2020-07-25,10000002,40,435.1,513.6,433,39339921,1371,2021-06-18T11:01:58Z
2020-07-25,10000002,11399,13500,14000,12590,1881060,603,2021-06-18T11:01:58Z
2020-07-26,10000002,34,6.94,7.4,6.89,10358596912,2917,2021-06-18T11:01:58Z
2020-07-26,10000002,35,6.3,6.3,6.28,1967450114,2171,2021-06-18T11:01:58Z
2020-07-26,10000002,36,93.25,93.59,90,561317232,2072,2021-06-18T11:01:58Z
2020-07-26,10000002,37,23.97,26.39,23.94,270034572,1693,2021-06-18T11:01:58Z
2020-07-26,10000002,38,474.2,474.3,464,66483529,1606,2021-06-18T11:01:58Z
2020-07-26,10000002,39,1026,1033,980.1,28755468,1675,2021-06-18T11:01:58Z
2020-07-26,10000002,40,497.8,498.8,490,24731176,1390,2021-06-18T11:01:58Z
2020-07-26,10000002,11399,13940,13990,13610,1947933,676,2021-06-18T11:01:58Z
2020-07-27,10000002,34,7,7.18,6.98,9261780076,2432,2021-06-18T11:01:58Z
2020-07-27,10000002,35,6.3,6.41,6.26,1930283370,1894,2021-06-18T11:01:58Z
2020-07-27,10000002,36,92.9,93.58,89.16,479334688,1772,2021-06-18T11:01:58Z
2020-07-27,10000002,37,24.62,26.38,23.98,285047192,1407,2021-06-18T11:01:58Z
2020-07-27,10000002,38,466.3,474.4,455,60692785,1350,2021-06-18T11:01:58Z
2020-07-27,10000002,39,1026,1039,990,21807589,1394,2021-06-18T11:01:58Z
2020-07-27,10000002,40,488.7,497.9,455.1,19409531,1166,2021-06-18T11:01:58Z
2020-07-27,10000002,11399,13900,13960,12790,2012947,626,2021-06-18T11:01:58Z
2020-07-28,10000002,34,7.1,7.55,6.84,5350928167,2463,2021-06-18T11:01:58Z
2020-07-28,10000002,35,6.49,6.69,6.25,1422138374,2011,2021-06-18T11:01:58Z
2020-07-28,10000002,36,93,93.59,90.03,442315959,1814,2021-06-18T11:01:58Z
2020-07-28,10000002,37,25.66,25.69,23.98,127715891,1599,2021-06-18T11:01:58Z
2020-07-28,10000002,38,474.4,474.7,442.1,40018797,1412,2021-06-18T11:01:58Z
2020-07-28,10000002,39,1038,1038,1037,18079453,1551,2021-06-18T11:01:58Z
2020-07-28,10000002,40,498.6,498.7,442.4,17669110,1271,2021-06-18T11:01:58Z
2020-07-28,10000002,11399,13990,14030,12910,1250266,558,2021-06-18T11:01:58Z
2020-07-29,10000002,34,7.4,7.68,6.95,4860137019,2449,2021-06-18T11:01:58Z
2020-07-29,10000002,35,6.39,6.7,6.26,1816256056,1970,2021-06-18T11:01:58Z
2020-07-29,10000002,36,93.47,93.5,89.01,518829362,1777,2021-06-18T11:01:58Z
2020-07-29,10000002,37,23.97,24.07,23.97,262641431,1507,2021-06-18T11:01:58Z
2020-07-29,10000002,38,487.6,496.4,446.3,34098208,1388,2021-06-18T11:01:58Z
2020-07-29,10000002,39,1077,1103,980.2,20769730,1531,2021-06-18T11:01:58Z
2020-07-29,10000002,40,489.8,499,441,23750322,1230,2021-06-18T11:01:58Z
2020-07-29,10000002,11399,13890,14040,13210,940066,630,2021-06-18T11:01:58Z
2020-07-30,10000002,34,7.27,7.75,7,5517234101,2504,2021-06-18T11:01:58Z
2020-07-30,10000002,35,6.39,6.64,5.85,1358855192,2006,2021-06-18T11:01:58Z
2020-07-30,10000002,36,93.69,95,88.77,611748838,1839,2021-06-18T11:01:58Z
2020-07-30,10000002,37,23.98,25.43,23.97,161769700,1466,2021-06-18T11:01:58Z
2020-07-30,10000002,38,496,496.5,475,37197265,1306,2021-06-18T11:01:58Z
2020-07-30,10000002,39,1090,1139,973.4,26801416,1525,2021-06-18T11:01:58Z
2020-07-30,10000002,40,508.5,508.5,508.5,16112080,1259,2021-06-18T11:01:58Z
2020-07-30,10000002,11399,14000,14480,13360,2235756,639,2021-06-18T11:01:58Z
2020-07-31,10000002,34,7.25,7.5,6.97,5484412678,2302,2021-06-18T11:01:58Z
2020-07-31,10000002,35,6.21,6.3,6.18,1840393230,1875,2021-06-18T11:01:58Z
2020-07-31,10000002,36,91.45,92.8,87.03,468051235,1742,2021-06-18T11:01:58Z
2020-07-31,10000002,37,23.96,23.96,23.96,371682845,1465,2021-06-18T11:01:58Z
2020-07-31,10000002,38,495.5,496.5,455.5,63873036,1485,2021-06-18T11:01:58Z
2020-07-31,10000002,39,1135,1139,1134,28903777,1493,2021-06-18T11:01:58Z
2020-07-31,10000002,40,509.7,510,460.1,13355426,1178,2021-06-18T11:01:58Z
2020-07-31,10000002,11399,13330,13750,13010,2114248,577,2021-06-18T11:01:58Z
2020-08-01,10000002,34,7.2,7.92,6.97,10182410871,2594,2021-06-18T11:01:58Z
2020-08-01,10000002,35,6.38,6.43,5.99,2060452478,2047,2021-06-18T11:01:58Z
2020-08-01,10000002,36,84,92.79,83.1,1181794701,1931,2021-06-18T11:01:58Z
2020-08-01,10000002,37,24,24.86,22.71,346312992,1519,2021-06-18T11:01:58Z
2020-08-01,10000002,38,496.5,498,448.3,45032854,1491,2021-06-18T11:01:58Z
2020-08-01,10000002,39,1243,1280,1094,27496545,1628,2021-06-18T11:01:58Z
2020-08-01,10000002,40,526.8,527,517,16182262,1225,2021-06-18T11:01:58Z
2020-08-01,10000002,11399,13360,14800,13090,2242791,700,2021-06-18T11:01:58Z
2020-08-02,10000002,34,7.4,7.6,7,6669842643,2727,2021-06-18T11:01:58Z
2020-08-02,10000002,35,6.28,6.34,6.01,1414498838,2054,2021-06-18T11:01:58Z
2020-08-02,10000002,36,89.97,94.99,80.1,511375225,2020,2021-06-18T11:01:58Z
2020-08-02,10000002,37,24.73,24.76,22.89,134864920,1571,2021-06-18T11:01:58Z
2020-08-02,10000002,38,496,526.2,455.1,30610042,1537,2021-06-18T11:01:58Z
2020-08-02,10000002,39,1246,1277,1115,14504014,1606,2021-06-18T11:01:58Z
2020-08-02,10000002,40,519.9,525,518.7,8483576,1266,2021-06-18T11:01:58Z
2020-08-02,10000002,11399,14500,14830,12910,1801483,668,2021-06-18T11:01:58Z
2020-08-03,10000002,34,7.27,7.6,7,5904506280,2302,2021-06-18T11:01:58Z
2020-08-03,10000002,35,6.27,6.3,6.01,1635407055,1890,2021-06-18T11:01:58Z
2020-08-03,10000002,36,90.95,90.99,81.87,415760680,1764,2021-06-18T11:01:58Z
2020-08-03,10000002,37,24.6,24.6,24.59,190387111,1411,2021-06-18T11:01:58Z
2020-08-03,10000002,38,496,525.4,471.2,34697073,1343,2021-06-18T11:01:58Z
2020-08-03,10000002,39,1278,1299,1247,17451955,1450,2021-06-18T11:01:58Z
2020-08-03,10000002,40,524,525,519.9,11254223,1159,2021-06-18T11:01:58Z
2020-08-03,10000002,11399,13020,14400,12700,2204219,645,2021-06-18T11:01:58Z
2020-08-04,10000002,34,7.48,7.71,6.98,6176790041,2405,2021-06-18T11:01:58Z
2020-08-04,10000002,35,6.27,6.37,6.01,1785425425,1861,2021-06-18T11:01:58Z
2020-08-04,10000002,36,89.99,91,83.01,452246735,1809,2021-06-18T11:01:58Z
2020-08-04,10000002,37,24.58,24.6,23.21,250461534,1497,2021-06-18T11:01:58Z
2020-08-04,10000002,38,510.3,526.1,470.9,28911142,1367,2021-06-18T11:01:58Z
2020-08-04,10000002,39,1198,1318,1121,21692796,1506,2021-06-18T11:01:58Z
2020-08-04,10000002,40,497.5,500,478.6,15454723,1216,2021-06-18T11:01:58Z
2020-08-04,10000002,11399,14140,14300,12800,1743421,652,2021-06-18T11:01:58Z
2020-08-05,10000002,34,7.66,7.77,7.13,5208635555,2235,2021-06-18T11:01:58Z
2020-08-05,10000002,35,6.01,6.13,5.76,1217732178,1766,2021-06-18T11:01:58Z
2020-08-05,10000002,36,89.94,90,83.08,449541378,1646,2021-06-18T11:01:58Z
2020-08-05,10000002,37,24.44,24.5,23.13,142755225,1356,2021-06-18T11:01:58Z
2020-08-05,10000002,38,516.8,517.3,470.9,29559067,1296,2021-06-18T11:01:58Z
2020-08-05,10000002,39,1185,1199,1103,29603798,1419,2021-06-18T11:01:58Z
2020-08-05,10000002,40,499,517.8,471,12099676,1144,2021-06-18T11:01:58Z
2020-08-05,10000002,11399,14000,14140,13590,1425579,584,2021-06-18T11:01:58Z
2020-08-06,10000002,34,7.38,7.75,7.06,5526473469,2026,2021-06-18T11:01:58Z
2020-08-06,10000002,35,6.09,6.18,5.83,1687357374,1586,2021-06-18T11:01:58Z
2020-08-06,10000002,36,84,91.49,83.15,737801850,1537,2021-06-18T11:01:58Z
2020-08-06,10000002,37,24.4,24.48,23.14,176645334,1214,2021-06-18T11:01:58Z
2020-08-06,10000002,38,515.6,516.9,471.7,45736554,1142,2021-06-18T11:01:58Z
2020-08-06,10000002,39,1075,1190,1020,21910862,1234,2021-06-18T11:01:58Z
2020-08-06,10000002,40,497,497.7,457.7,27473858,990,2021-06-18T11:01:58Z
2020-08-06,10000002,11399,14010,14110,13200,1138568,516,2021-06-18T11:01:58Z
2020-08-07,10000002,34,7.38,7.7,7.1,7186508529,2197,2021-06-18T11:01:58Z
2020-08-07,10000002,35,5.98,6.29,5.86,1711419888,1675,2021-06-18T11:01:58Z
2020-08-07,10000002,36,89.99,98.78,86.07,545519875,1699,2021-06-18T11:01:58Z
2020-08-07,10000002,37,24.4,24.4,24.4,205288358,1226,2021-06-18T11:01:58Z
2020-08-07,10000002,38,524.5,525.5,519.9,38486505,1177,2021-06-18T11:01:58Z
2020-08-07,10000002,39,1181,1189,1041,24866458,1280,2021-06-18T11:01:58Z
2020-08-07,10000002,40,496,497.9,450.1,12980509,1073,2021-06-18T11:01:58Z
2020-08-07,10000002,11399,13690,14030,13650,1174966,599,2021-06-18T11:01:58Z
2020-08-08,10000002,34,7.32,7.59,7.06,5129954653,2302,2021-06-18T11:01:58Z
2020-08-08,10000002,35,6.09,6.21,5.93,1380928859,1879,2021-06-18T11:01:58Z
2020-08-08,10000002,36,93.94,97,85.33,493235988,1831,2021-06-18T11:01:58Z
2020-08-08,10000002,37,24.04,24.06,22.77,229540980,1428,2021-06-18T11:01:58Z
2020-08-08,10000002,38,518,524.7,505,54907167,1420,2021-06-18T11:01:58Z
2020-08-08,10000002,39,1119,1123,1066,22309350,1474,2021-06-18T11:01:58Z
2020-08-08,10000002,40,492.9,497.9,446.1,13114559,1190,2021-06-18T11:01:58Z
2020-08-08,10000002,11399,14050,14140,13560,1707507,650,2021-06-18T11:01:58Z
2020-08-09,10000002,34,7.4,7.54,7.2,5319910220,2494,2021-06-18T11:01:58Z
2020-08-09,10000002,35,6.1,6.19,5.9,1777589764,2026,2021-06-18T11:01:58Z
2020-08-09,10000002,36,93.79,93.96,85.86,564482271,1969,2021-06-18T11:01:58Z
2020-08-09,10000002,37,24.09,24.1,22.84,240354852,1577,2021-06-18T11:01:58Z
2020-08-09,10000002,38,535.1,537.3,519,54641646,1526,2021-06-18T11:01:58Z
2020-08-09,10000002,39,1119,1120,1110,24208081,1623,2021-06-18T11:01:58Z
2020-08-09,10000002,40,496.9,499,449.4,14506816,1279,2021-06-18T11:01:58Z
2020-08-09,10000002,11399,13900,14360,13170,2138966,711,2021-06-18T11:01:58Z
2020-08-10,10000002,34,7.38,7.6,7.21,4856544149,2018,2021-06-18T11:01:58Z
2020-08-10,10000002,35,6,6.2,5.33,1747810086,1562,2021-06-18T11:01:58Z
2020-08-10,10000002,36,94,94.99,88.02,470602529,1529,2021-06-18T11:01:58Z
2020-08-10,10000002,37,24.09,24.09,23.99,214487571,1230,2021-06-18T11:01:58Z
2020-08-10,10000002,38,525,538.9,504,31866713,1152,2021-06-18T11:01:58Z
2020-08-10,10000002,39,1120,1143,1119,15735728,1254,2021-06-18T11:01:58Z
2020-08-10,10000002,40,498,498.7,461,8863753,992,2021-06-18T11:01:58Z
2020-08-10,10000002,11399,13880,14140,13300,2047601,616,2021-06-18T11:01:58Z
2020-08-11,10000002,34,7.39,7.49,7.16,2965552829,2030,2021-06-18T11:01:58Z
2020-08-11,10000002,35,6.02,6.04,5.98,1116479124,1577,2021-06-18T11:01:58Z
2020-08-11,10000002,36,89.97,92.94,86.25,321725137,1465,2021-06-18T11:01:58Z
2020-08-11,10000002,37,21.78,23.92,21.66,259861107,1223,2021-06-18T11:01:58Z
2020-08-11,10000002,38,518,520,503.7,33738017,1149,2021-06-18T11:01:58Z
2020-08-11,10000002,39,1099,1137,1090,19669778,1192,2021-06-18T11:01:58Z
2020-08-11,10000002,40,457.3,498.6,453.9,13617818,953,2021-06-18T11:01:58Z
2020-08-11,10000002,11399,12950,14060,12800,1795057,573,2021-06-18T11:01:58Z
2020-08-12,10000002,34,7.25,7.51,7.1,3957054972,2044,2021-06-18T11:01:58Z
2020-08-12,10000002,35,6.11,6.2,5.93,1277130349,1597,2021-06-18T11:01:58Z
2020-08-12,10000002,36,88.15,91.92,87.72,542903081,1543,2021-06-18T11:01:58Z
2020-08-12,10000002,37,23.89,23.98,21.27,159162175,1241,2021-06-18T11:01:58Z
2020-08-12,10000002,38,520,529,503.5,30089553,1176,2021-06-18T11:01:58Z
2020-08-12,10000002,39,1088,1135,1066,13022006,1196,2021-06-18T11:01:58Z
2020-08-12,10000002,40,490,490,489.9,27833186,974,2021-06-18T11:01:58Z
2020-08-12,10000002,11399,13990,14050,12710,1069920,582,2021-06-18T11:01:58Z
2020-08-13,10000002,34,7.3,7.49,7.06,5527272556,2242,2021-06-18T11:01:58Z
2020-08-13,10000002,35,5.99,6.06,5.91,1406299204,1689,2021-06-18T11:01:58Z
2020-08-13,10000002,36,91,91.75,89.99,536294326,1538,2021-06-18T11:01:58Z
2020-08-13,10000002,37,23.8,23.98,23.74,149037390,1246,2021-06-18T11:01:58Z
2020-08-13,10000002,38,528.5,528.9,503.4,34177622,1237,2021-06-18T11:01:58Z
2020-08-13,10000002,39,1074,1131,1060,22118869,1287,2021-06-18T11:01:58Z
2020-08-13,10000002,40,499.2,500.9,458.3,11195145,1029,2021-06-18T11:01:58Z
2020-08-13,10000002,11399,13200,14040,12720,3773115,607,2021-06-18T11:01:58Z
2020-08-14,10000002,34,7.3,7.49,7.05,4702235482,2250,2021-06-18T11:01:58Z
2020-08-14,10000002,35,5.98,6.03,5.72,1296273815,1684,2021-06-18T11:01:58Z
2020-08-14,10000002,36,91.7,91.86,89.98,358562628,1563,2021-06-18T11:01:58Z
2020-08-14,10000002,37,23.96,23.97,22.7,145444288,1234,2021-06-18T11:01:58Z
2020-08-14,10000002,38,540.9,542.7,539,28503202,1145,2021-06-18T11:01:58Z
2020-08-14,10000002,39,1090,1112,1040,18462940,1248,2021-06-18T11:01:58Z
2020-08-14,10000002,40,462.9,520,450,19388457,1057,2021-06-18T11:01:58Z
2020-08-14,10000002,11399,13420,14170,13200,1129919,553,2021-06-18T11:01:58Z
2020-08-15,10000002,34,7.3,7.5,7.11,5517125731,2539,2021-06-18T11:01:58Z
2020-08-15,10000002,35,5.96,6,5.55,1236674400,1904,2021-06-18T11:01:58Z
2020-08-15,10000002,36,89.96,91.6,85.96,446480841,1765,2021-06-18T11:01:58Z
2020-08-15,10000002,37,21.69,23.94,18,176496447,1460,2021-06-18T11:01:58Z
2020-08-15,10000002,38,542.7,546.9,518.4,40487353,1325,2021-06-18T11:01:58Z
2020-08-15,10000002,39,1076,1076,1076,17125147,1444,2021-06-18T11:01:58Z
2020-08-15,10000002,40,520,524.6,519,11095658,1184,2021-06-18T11:01:58Z
2020-08-15,10000002,11399,12800,13710,12430,2214194,616,2021-06-18T11:01:58Z
2020-08-16,10000002,34,7.23,7.52,7.07,8145741460,2840,2021-06-18T11:01:58Z
2020-08-16,10000002,35,5.97,5.99,5.9,2217801659,2164,2021-06-18T11:01:58Z
2020-08-16,10000002,36,88.99,90,85.93,677214277,1940,2021-06-18T11:01:58Z
2020-08-16,10000002,37,23.8,23.81,22.7,297724547,1562,2021-06-18T11:01:58Z
2020-08-16,10000002,38,520,548.5,500.8,58668561,1510,2021-06-18T11:01:58Z
2020-08-16,10000002,39,1019,1059,1017,25271102,1613,2021-06-18T11:01:58Z
2020-08-16,10000002,40,498.4,508.6,480,19921496,1243,2021-06-18T11:01:58Z
2020-08-16,10000002,11399,12900,13050,11670,1503239,623,2021-06-18T11:01:58Z
2020-08-17,10000002,34,7.5,7.6,7.13,5323622028,2430,2021-06-18T11:01:58Z
2020-08-17,10000002,35,5.94,6,5.6,1379949833,1915,2021-06-18T11:01:58Z
2020-08-17,10000002,36,88.79,88.99,82.5,578415838,1771,2021-06-18T11:01:58Z
2020-08-17,10000002,37,23.8,23.81,22.2,205423310,1406,2021-06-18T11:01:58Z
2020-08-17,10000002,38,548.9,549,547.5,51000235,1331,2021-06-18T11:01:58Z
2020-08-17,10000002,39,1079,1090,958.1,32975871,1414,2021-06-18T11:01:58Z
2020-08-17,10000002,40,476,507.6,400,17655501,1123,2021-06-18T11:01:58Z
2020-08-17,10000002,11399,11790,12670,11650,1514223,576,2021-06-18T11:01:58Z
2020-08-18,10000002,34,7.16,7.57,7.09,5192407718,2292,2021-06-18T11:01:58Z
2020-08-18,10000002,35,5.77,5.98,5.64,1973839479,1737,2021-06-18T11:01:58Z
2020-08-18,10000002,36,82.53,89.2,82.33,441990942,1536,2021-06-18T11:01:58Z
2020-08-18,10000002,37,22.04,23,22.01,138200171,1229,2021-06-18T11:01:58Z
2020-08-18,10000002,38,549,570.3,526,24960204,1175,2021-06-18T11:01:58Z
2020-08-18,10000002,39,1030,1086,980.2,17438605,1250,2021-06-18T11:01:58Z
2020-08-18,10000002,40,470.1,500,457.4,13517563,929,2021-06-18T11:01:58Z
2020-08-18,10000002,11399,12380,12680,12010,1515692,508,2021-06-18T11:01:58Z
2020-08-19,10000002,34,7.74,7.92,7.13,6467913894,2485,2021-06-18T11:01:58Z
2020-08-19,10000002,35,5.95,5.98,5.72,1901738107,1845,2021-06-18T11:01:58Z
2020-08-19,10000002,36,88.88,89.89,82.7,640586372,1757,2021-06-18T11:01:58Z
2020-08-19,10000002,37,22.9,23,21.82,307853430,1417,2021-06-18T11:01:58Z
2020-08-19,10000002,38,568.9,569,567.8,47409856,1318,2021-06-18T11:01:58Z
2020-08-19,10000002,39,1037,1040,1009,25981801,1336,2021-06-18T11:01:58Z
2020-08-19,10000002,40,479.7,498,465,13640814,1072,2021-06-18T11:01:58Z
2020-08-19,10000002,11399,11790,12720,11760,1753141,556,2021-06-18T11:01:58Z
2020-08-20,10000002,34,7.74,7.81,7.27,4438507896,2267,2021-06-18T11:01:58Z
2020-08-20,10000002,35,5.82,5.95,5.49,1326679684,1690,2021-06-18T11:01:58Z
2020-08-20,10000002,36,88.7,94.98,85.6,358317072,1537,2021-06-18T11:01:58Z
2020-08-20,10000002,37,23,23.78,20.15,152695914,1208,2021-06-18T11:01:58Z
2020-08-20,10000002,38,609.9,899,571.8,114141941,1246,2021-06-18T11:01:58Z
2020-08-20,10000002,39,1023,1024,999.3,17860007,1166,2021-06-18T11:01:58Z
2020-08-20,10000002,40,477.8,477.9,457,12811182,918,2021-06-18T11:01:58Z
2020-08-20,10000002,11399,12430,12700,11650,1943873,516,2021-06-18T11:01:58Z
2020-08-21,10000002,34,7.9,7.98,7.76,4604820035,2417,2021-06-18T11:01:58Z
2020-08-21,10000002,35,5.73,5.76,5.68,1254651901,1851,2021-06-18T11:01:58Z
2020-08-21,10000002,36,89.77,91.46,88.35,428669618,1725,2021-06-18T11:01:58Z
2020-08-21,10000002,37,23.45,23.8,23.1,250649278,1363,2021-06-18T11:01:58Z
2020-08-21,10000002,38,631.1,721,610,44417331,1405,2021-06-18T11:01:58Z
2020-08-21,10000002,39,1039,1042,1025,28418452,1359,2021-06-18T11:01:58Z
2020-08-21,10000002,40,477.8,478,477.7,16789153,1062,2021-06-18T11:01:58Z
2020-08-21,10000002,11399,11930,12690,11780,1271711,518,2021-06-18T11:01:58Z
2020-08-22,10000002,34,8.15,8.26,7.54,5614959874,2774,2021-06-18T11:01:58Z
2020-08-22,10000002,35,6.06,6.14,5.6,1317500276,2051,2021-06-18T11:01:58Z
2020-08-22,10000002,36,88.99,90,86.6,515385594,1918,2021-06-18T11:01:58Z
2020-08-22,10000002,37,23.71,23.8,23.5,97649722,1438,2021-06-18T11:01:58Z
2020-08-22,10000002,38,636.5,682.8,612.1,28748848,1460,2021-06-18T11:01:58Z
2020-08-22,10000002,39,1080,1084,999,20423485,1481,2021-06-18T11:01:58Z
2020-08-22,10000002,40,479.7,495,478.8,14459655,1220,2021-06-18T11:01:58Z
2020-08-22,10000002,11399,11730,12170,11000,2363723,610,2021-06-18T11:01:58Z
2020-08-23,10000002,34,8.08,8.29,7.48,7664615210,2802,2021-06-18T11:01:58Z
2020-08-23,10000002,35,5.95,6.15,5.91,2015275204,2026,2021-06-18T11:01:58Z
2020-08-23,10000002,36,91,92,84.61,534178720,1944,2021-06-18T11:01:58Z
2020-08-23,10000002,37,23.78,23.79,23.6,182987070,1499,2021-06-18T11:01:58Z
2020-08-23,10000002,38,635.4,683,633.9,47108172,1510,2021-06-18T11:01:58Z
2020-08-23,10000002,39,1082,1093,1023,21432620,1540,2021-06-18T11:01:58Z
2020-08-23,10000002,40,503,503.1,477,13398530,1218,2021-06-18T11:01:58Z
2020-08-23,10000002,11399,12140,12290,11410,2548044,653,2021-06-18T11:01:58Z
2020-08-24,10000002,34,7.69,8.25,7.33,4345535201,2502,2021-06-18T11:01:58Z
2020-08-24,10000002,35,5.9,6.15,5.77,1271415893,1861,2021-06-18T11:01:58Z
2020-08-24,10000002,36,89.97,92.98,85.01,358219861,1619,2021-06-18T11:01:58Z
2020-08-24,10000002,37,23.55,23.8,23.2,173621368,1370,2021-06-18T11:01:58Z
2020-08-24,10000002,38,711.4,711.8,633,25863093,1275,2021-06-18T11:01:58Z
2020-08-24,10000002,39,1087,1094,1040,16259632,1335,2021-06-18T11:01:58Z
2020-08-24,10000002,40,503,503,502.9,9733931,1022,2021-06-18T11:01:58Z
2020-08-24,10000002,11399,12100,12380,11530,974268,538,2021-06-18T11:01:58Z
2020-08-25,10000002,34,7.79,8.07,7.38,5706765874,2297,2021-06-18T11:01:58Z
2020-08-25,10000002,35,5.77,5.96,5.66,1624008204,1744,2021-06-18T11:01:58Z
2020-08-25,10000002,36,85.04,89.82,83.4,466023538,1559,2021-06-18T11:01:58Z
2020-08-25,10000002,37,23.28,23.68,22,130924909,1242,2021-06-18T11:01:58Z
2020-08-25,10000002,38,620.5,690,613.4,61809249,1239,2021-06-18T11:01:58Z
2020-08-25,10000002,39,1065,1083,1036,13257217,1223,2021-06-18T11:01:58Z
2020-08-25,10000002,40,499,499.9,465.6,10382146,982,2021-06-18T11:01:58Z
2020-08-25,10000002,11399,12000,12310,11500,1377604,589,2021-06-18T11:01:58Z
2020-08-26,10000002,34,7.53,7.9,7.46,5206853432,2252,2021-06-18T11:01:58Z
2020-08-26,10000002,35,5.88,5.95,5.61,1720897700,1736,2021-06-18T11:01:58Z
2020-08-26,10000002,36,87.11,89.55,82.21,457378292,1581,2021-06-18T11:01:58Z
2020-08-26,10000002,37,23.56,23.6,23.24,218494407,1345,2021-06-18T11:01:58Z
2020-08-26,10000002,38,617.1,674.7,612.5,48889460,1145,2021-06-18T11:01:58Z
2020-08-26,10000002,39,1042,1090,997,35246218,1335,2021-06-18T11:01:58Z
2020-08-26,10000002,40,493,494.3,465.2,12308962,1013,2021-06-18T11:01:58Z
2020-08-26,10000002,11399,11220,12100,11000,1907316,552,2021-06-18T11:01:58Z
2020-08-27,10000002,34,7.68,7.8,7.45,4809560106,2196,2021-06-18T11:01:58Z
2020-08-27,10000002,35,5.94,5.95,5.61,1219765890,1643,2021-06-18T11:01:58Z
2020-08-27,10000002,36,88.5,89.81,82.62,415468588,1561,2021-06-18T11:01:58Z
2020-08-27,10000002,37,23.52,23.55,21.55,168704083,1253,2021-06-18T11:01:58Z
2020-08-27,10000002,38,627,629.9,565.2,43613444,1167,2021-06-18T11:01:58Z
2020-08-27,10000002,39,1075,1085,1000,19279233,1269,2021-06-18T11:01:58Z
2020-08-27,10000002,40,480,492.8,466.7,11340521,999,2021-06-18T11:01:58Z
2020-08-27,10000002,11399,12050,12100,11240,1607112,587,2021-06-18T11:01:58Z
2020-08-28,10000002,34,7.69,7.87,7.53,4839003224,2314,2021-06-18T11:01:58Z
2020-08-28,10000002,35,5.96,6,5.9,1364276927,1802,2021-06-18T11:01:58Z
2020-08-28,10000002,36,84.2,84.99,83.35,377767559,1648,2021-06-18T11:01:58Z
2020-08-28,10000002,37,23.2,23.2,23.19,230708790,1319,2021-06-18T11:01:58Z
2020-08-28,10000002,38,583,614.1,562.5,64340424,1289,2021-06-18T11:01:58Z
2020-08-28,10000002,39,1083,1085,1011,23522229,1354,2021-06-18T11:01:58Z
2020-08-28,10000002,40,410,456.9,406.2,33917288,1119,2021-06-18T11:01:58Z
2020-08-28,10000002,11399,11010,11900,10730,2264386,642,2021-06-18T11:01:58Z
2020-08-29,10000002,34,7.85,8.01,7.69,5655460455,2504,2021-06-18T11:01:58Z
2020-08-29,10000002,35,5.99,6.09,5.75,1540249112,1892,2021-06-18T11:01:58Z
2020-08-29,10000002,36,86,88.49,84.15,479784717,1720,2021-06-18T11:01:58Z
2020-08-29,10000002,37,21.68,23.53,21.58,251403515,1484,2021-06-18T11:01:58Z
2020-08-29,10000002,38,611.7,612.6,549.6,34769927,1294,2021-06-18T11:01:58Z
2020-08-29,10000002,39,1001,1003,1001,26363929,1435,2021-06-18T11:01:58Z
2020-08-29,10000002,40,508.6,525,503.4,64465845,1189,2021-06-18T11:01:58Z
2020-08-29,10000002,11399,11190,11390,10160,2258971,684,2021-06-18T11:01:58Z
2020-08-30,10000002,34,7.85,8.19,7.71,7097948277,2685,2021-06-18T11:01:58Z
2020-08-30,10000002,35,6,6.02,5.9,1365359314,1982,2021-06-18T11:01:58Z
2020-08-30,10000002,36,86.75,87.5,84.16,654501649,1775,2021-06-18T11:01:58Z
2020-08-30,10000002,37,23.5,23.55,23.25,146416824,1463,2021-06-18T11:01:58Z
2020-08-30,10000002,38,610,610.7,571.2,38569974,1430,2021-06-18T11:01:58Z
2020-08-30,10000002,39,1090,1090,1089,23591386,1449,2021-06-18T11:01:58Z
2020-08-30,10000002,40,544,558,483.2,14763767,1151,2021-06-18T11:01:58Z
2020-08-30,10000002,11399,10610,11250,10200,2575100,618,2021-06-18T11:01:58Z
2020-08-31,10000002,34,7.58,7.77,7.5,7513737961,2250,2021-06-18T11:01:58Z
2020-08-31,10000002,35,5.99,6.08,5.78,1251321696,1704,2021-06-18T11:01:58Z
2020-08-31,10000002,36,86.75,88.47,83,437181496,1547,2021-06-18T11:01:58Z
2020-08-31,10000002,37,23.49,23.55,23.46,119347307,1283,2021-06-18T11:01:58Z
2020-08-31,10000002,38,601.9,601.9,601.4,40338206,1239,2021-06-18T11:01:58Z
2020-08-31,10000002,39,1090,1091,1061,20135922,1333,2021-06-18T11:01:58Z
2020-08-31,10000002,40,467.5,487.1,422.9,28114591,1074,2021-06-18T11:01:58Z
2020-08-31,10000002,11399,11000,11150,10620,1960748,562,2021-06-18T11:01:58Z
2020-09-01,10000002,34,7.84,8.19,7.68,4317194917,1978,2021-06-18T11:01:58Z
2020-09-01,10000002,35,6,6.1,5.92,1463572937,1528,2021-06-18T11:01:58Z
2020-09-01,10000002,36,85.15,89.93,82.34,466902074,1362,2021-06-18T11:01:58Z
2020-09-01,10000002,37,23.55,23.58,21.73,144595445,1122,2021-06-18T11:01:58Z
2020-09-01,10000002,38,613.6,628,605.4,39307255,1137,2021-06-18T11:01:58Z
2020-09-01,10000002,39,1062,1099,1050,24800734,1118,2021-06-18T11:01:58Z
2020-09-01,10000002,40,524.5,524.9,504.4,10157441,897,2021-06-18T11:01:58Z
2020-09-01,10000002,11399,10600,10970,10000,1713855,515,2021-06-18T11:01:58Z
2020-09-02,10000002,34,7.89,8.29,7.75,5889075906,2130,2021-06-18T11:01:58Z
2020-09-02,10000002,35,6.18,6.22,5.9,1390624869,1664,2021-06-18T11:01:58Z
2020-09-02,10000002,36,86.5,90.63,83.01,575585043,1540,2021-06-18T11:01:58Z
2020-09-02,10000002,37,23.57,23.57,23.57,188270108,1275,2021-06-18T11:01:58Z
2020-09-02,10000002,38,647.4,669.2,630.4,51866926,1264,2021-06-18T11:01:58Z
2020-09-02,10000002,39,1110,1123,1063,22682817,1249,2021-06-18T11:01:58Z
2020-09-02,10000002,40,519.9,520,498,12360442,1011,2021-06-18T11:01:58Z
2020-09-02,10000002,11399,10860,10890,9977,1087318,569,2021-06-18T11:01:58Z
2020-09-03,10000002,34,7.88,8.3,7.72,3455478582,2104,2021-06-18T11:01:58Z
2020-09-03,10000002,35,6.12,6.14,5.92,925840843,1541,2021-06-18T11:01:58Z
2020-09-03,10000002,36,86.9,89,84.09,316943838,1454,2021-06-18T11:01:58Z
2020-09-03,10000002,37,23.56,23.56,23.56,180863049,1234,2021-06-18T11:01:58Z
2020-09-03,10000002,38,694.8,699.9,689.3,38486921,1148,2021-06-18T11:01:58Z
2020-09-03,10000002,39,1117,1120,1049,13791341,1222,2021-06-18T11:01:58Z
2020-09-03,10000002,40,489.7,491.9,451,14564695,1046,2021-06-18T11:01:58Z
2020-09-03,10000002,11399,11000,11150,10760,1525405,472,2021-06-18T11:01:58Z
2020-09-04,10000002,34,7.89,8,7.78,6248828826,2079,2021-06-18T11:01:58Z
2020-09-04,10000002,35,6,6.13,5.85,1265934991,1589,2021-06-18T11:01:58Z
2020-09-04,10000002,36,86.5,87.98,82.31,356402312,1408,2021-06-18T11:01:58Z
2020-09-04,10000002,37,23.56,23.57,23.56,292268645,1221,2021-06-18T11:01:58Z
2020-09-04,10000002,38,691,698.3,651.1,28080757,1102,2021-06-18T11:01:58Z
2020-09-04,10000002,39,1075,1112,1039,11656237,1160,2021-06-18T11:01:58Z
2020-09-04,10000002,40,487.8,489.3,470,14065218,942,2021-06-18T11:01:58Z
2020-09-04,10000002,11399,11870,12100,11060,1281975,453,2021-06-18T11:01:58Z
2020-09-05,10000002,34,7.99,8.03,7.7,4609057734,2163,2021-06-18T11:01:58Z
2020-09-05,10000002,35,6,6.11,5.99,1634398145,1675,2021-06-18T11:01:58Z
2020-09-05,10000002,36,85,88.99,84.33,322878084,1559,2021-06-18T11:01:58Z
2020-09-05,10000002,37,23.59,23.59,23.59,245903581,1334,2021-06-18T11:01:58Z
2020-09-05,10000002,38,691,694.6,651.3,35476937,1160,2021-06-18T11:01:58Z
2020-09-05,10000002,39,1044,1100,1040,16309671,1298,2021-06-18T11:01:58Z
2020-09-05,10000002,40,489,491.3,469.9,15928059,1082,2021-06-18T11:01:58Z
2020-09-05,10000002,11399,11650,12530,11200,1284448,641,2021-06-18T11:01:58Z
2020-09-06,10000002,34,7.79,7.98,7.67,6616031549,2380,2021-06-18T11:01:58Z
2020-09-06,10000002,35,6.02,6.15,5.7,1688123388,1876,2021-06-18T11:01:58Z
2020-09-06,10000002,36,85,89.97,83.2,523688618,1699,2021-06-18T11:01:58Z
2020-09-06,10000002,37,23.57,23.58,23.12,145161461,1403,2021-06-18T11:01:58Z
2020-09-06,10000002,38,694.3,694.3,694,39345641,1321,2021-06-18T11:01:58Z
2020-09-06,10000002,39,1098,1099,1060,19572919,1412,2021-06-18T11:01:58Z
2020-09-06,10000002,40,482,490,468,12060028,1135,2021-06-18T11:01:58Z
2020-09-06,10000002,11399,12500,12770,11990,2043118,642,2021-06-18T11:01:58Z
2020-09-07,10000002,34,7.89,7.99,7.65,5061555259,2219,2021-06-18T11:01:58Z
2020-09-07,10000002,35,6.21,6.33,5.87,1708160771,1651,2021-06-18T11:01:58Z
2020-09-07,10000002,36,85.4,89.9,84.43,485733023,1644,2021-06-18T11:01:58Z
2020-09-07,10000002,37,23.58,23.59,22.58,310686638,1254,2021-06-18T11:01:58Z
2020-09-07,10000002,38,696.7,697.3,663.7,42450333,1301,2021-06-18T11:01:58Z
2020-09-07,10000002,39,1097,1107,1050,31769212,1284,2021-06-18T11:01:58Z
2020-09-07,10000002,40,482.9,489,449,21344563,1053,2021-06-18T11:01:58Z
2020-09-07,10000002,11399,12000,12490,11120,2412010,570,2021-06-18T11:01:58Z
2020-09-08,10000002,34,7.76,8.08,7.74,4782762125,2029,2021-06-18T11:01:58Z
2020-09-08,10000002,35,6.3,6.48,5.88,998708817,1513,2021-06-18T11:01:58Z
2020-09-08,10000002,36,85.6,89.99,83,324468426,1417,2021-06-18T11:01:58Z
2020-09-08,10000002,37,23.6,23.6,23.6,304818518,1158,2021-06-18T11:01:58Z
2020-09-08,10000002,38,692.8,698,660.1,42289992,1132,2021-06-18T11:01:58Z
2020-09-08,10000002,39,1070,1098,1020,22358778,1128,2021-06-18T11:01:58Z
2020-09-08,10000002,40,485.2,489.7,450.5,12250496,933,2021-06-18T11:01:58Z
2020-09-08,10000002,11399,11500,12430,11320,1200623,520,2021-06-18T11:01:58Z
2020-09-09,10000002,34,7.88,8.08,7.72,3902025838,1985,2021-06-18T11:01:58Z
2020-09-09,10000002,35,6.02,6.3,5.91,1110527467,1465,2021-06-18T11:01:58Z
2020-09-09,10000002,36,86.8,89.96,83.1,311244763,1338,2021-06-18T11:01:58Z
2020-09-09,10000002,37,23.6,24,23.02,139656357,1161,2021-06-18T11:01:58Z
2020-09-09,10000002,38,697.2,697.5,670.2,35249680,1088,2021-06-18T11:01:58Z
2020-09-09,10000002,39,1082,1084,1076,16651012,1149,2021-06-18T11:01:58Z
2020-09-09,10000002,40,444.1,478.3,443.5,15595732,912,2021-06-18T11:01:58Z
2020-09-09,10000002,11399,11610,12000,11230,1730651,557,2021-06-18T11:01:58Z
2020-09-10,10000002,34,7.85,7.98,7.78,5868934245,2126,2021-06-18T11:01:58Z
2020-09-10,10000002,35,6,6.2,5.97,1907311121,1695,2021-06-18T11:01:58Z
2020-09-10,10000002,36,85.7,89.71,83.52,384524369,1492,2021-06-18T11:01:58Z
2020-09-10,10000002,37,22.97,24.05,22.66,235649369,1250,2021-06-18T11:01:58Z
2020-09-10,10000002,38,672,698.4,669,50909122,1181,2021-06-18T11:01:58Z
2020-09-10,10000002,39,1070,1081,1068,21884470,1190,2021-06-18T11:01:58Z
2020-09-10,10000002,40,438.6,460,434.8,11764468,980,2021-06-18T11:01:58Z
2020-09-10,10000002,11399,11490,11980,11300,1364795,582,2021-06-18T11:01:58Z
2020-09-11,10000002,34,7.89,8.28,7.77,4896467011,2145,2021-06-18T11:01:58Z
2020-09-11,10000002,35,6.3,6.36,6.09,1322450796,1571,2021-06-18T11:01:58Z
2020-09-11,10000002,36,87,89.74,83.81,402552085,1452,2021-06-18T11:01:58Z
2020-09-11,10000002,37,24.04,24.04,24.04,142425810,1243,2021-06-18T11:01:58Z
2020-09-11,10000002,38,697.9,698.3,671,31625667,1209,2021-06-18T11:01:58Z
2020-09-11,10000002,39,1050,1080,995,17013001,1237,2021-06-18T11:01:58Z
2020-09-11,10000002,40,450,459.9,440,10248499,992,2021-06-18T11:01:58Z
2020-09-11,10000002,11399,11220,11940,10730,1198125,484,2021-06-18T11:01:58Z
2020-09-12,10000002,34,7.9,8.3,7.88,7918030179,2416,2021-06-18T11:01:58Z
2020-09-12,10000002,35,6.2,6.37,6.06,1831771541,1888,2021-06-18T11:01:58Z
2020-09-12,10000002,36,87.98,89.9,84.2,410476862,1667,2021-06-18T11:01:58Z
2020-09-12,10000002,37,24.07,24.07,24.07,223305834,1446,2021-06-18T11:01:58Z
2020-09-12,10000002,38,711.4,880.8,673,55165526,1424,2021-06-18T11:01:58Z
2020-09-12,10000002,39,1076,1077,1075,21015173,1422,2021-06-18T11:01:58Z
2020-09-12,10000002,40,472.9,473,430,22153031,1190,2021-06-18T11:01:58Z
2020-09-12,10000002,11399,10590,11880,10100,1476320,616,2021-06-18T11:01:58Z
2020-09-13,10000002,34,8.4,8.46,7.85,5464217629,2403,2021-06-18T11:01:58Z
2020-09-13,10000002,35,6.27,6.34,5.98,1403277823,1823,2021-06-18T11:01:58Z
2020-09-13,10000002,36,87.39,89.86,84.37,420313655,1763,2021-06-18T11:01:58Z
2020-09-13,10000002,37,24.07,24.07,24.07,187751372,1448,2021-06-18T11:01:58Z
2020-09-13,10000002,38,672.4,786.1,667.1,41987402,1409,2021-06-18T11:01:58Z
2020-09-13,10000002,39,1068,1073,1022,25033580,1355,2021-06-18T11:01:58Z
2020-09-13,10000002,40,472.1,472.9,468,13261211,1119,2021-06-18T11:01:58Z
2020-09-13,10000002,11399,11300,11670,10000,1527990,621,2021-06-18T11:01:58Z
2020-09-14,10000002,34,8.29,8.63,7.84,3899242436,2326,2021-06-18T11:01:58Z
2020-09-14,10000002,35,5.98,6.33,5.91,1231790907,1643,2021-06-18T11:01:58Z
2020-09-14,10000002,36,86.48,89.97,83.89,304753376,1536,2021-06-18T11:01:58Z
2020-09-14,10000002,37,24.06,24.07,22.18,113248595,1241,2021-06-18T11:01:58Z
2020-09-14,10000002,38,769.1,780.8,695,55198225,1214,2021-06-18T11:01:58Z
2020-09-14,10000002,39,1050,1071,1048,21701237,1260,2021-06-18T11:01:58Z
2020-09-14,10000002,40,471.9,472.4,469,7949363,974,2021-06-18T11:01:58Z
2020-09-14,10000002,11399,11540,11660,11350,1473444,593,2021-06-18T11:01:58Z
2020-09-15,10000002,34,8.38,8.45,7.98,4517986070,1985,2021-06-18T11:01:58Z
2020-09-15,10000002,35,5.97,6.3,5.81,1380358679,1523,2021-06-18T11:01:58Z
2020-09-15,10000002,36,86.17,89.45,84.05,285089505,1437,2021-06-18T11:01:58Z
2020-09-15,10000002,37,24.06,24.07,24,201664098,1131,2021-06-18T11:01:58Z
2020-09-15,10000002,38,769.6,782.7,703.4,26249190,1217,2021-06-18T11:01:58Z
2020-09-15,10000002,39,1050,1059,1040,25071259,1203,2021-06-18T11:01:58Z
2020-09-15,10000002,40,471.8,471.9,471.5,10739337,930,2021-06-18T11:01:58Z
2020-09-15,10000002,11399,10630,11470,9611,1449554,585,2021-06-18T11:01:58Z
2020-09-16,10000002,34,7.93,8.1,7.9,7191187370,2060,2021-06-18T11:01:58Z
2020-09-16,10000002,35,6.09,6.3,5.87,983318069,1601,2021-06-18T11:01:58Z
2020-09-16,10000002,36,85.99,86.07,84.44,401739365,1482,2021-06-18T11:01:58Z
2020-09-16,10000002,37,24.05,24.05,24.05,172764939,1135,2021-06-18T11:01:58Z
2020-09-16,10000002,38,750,758,686.6,34247894,1210,2021-06-18T11:01:58Z
2020-09-16,10000002,39,1055,1059,1038,19116603,1154,2021-06-18T11:01:58Z
2020-09-16,10000002,40,471,471.7,451,9742214,933,2021-06-18T11:01:58Z
2020-09-16,10000002,11399,10250,11000,9637,1361711,535,2021-06-18T11:01:58Z
2020-09-17,10000002,34,8.09,8.28,7.82,4893936826,2125,2021-06-18T11:01:58Z
2020-09-17,10000002,35,6.09,6.3,5.86,1571373648,1653,2021-06-18T11:01:58Z
2020-09-17,10000002,36,86,86.08,83.87,819540153,1610,2021-06-18T11:01:58Z
2020-09-17,10000002,37,24.07,24.07,24.05,159047610,1244,2021-06-18T11:01:58Z
2020-09-17,10000002,38,756.9,759,754.9,26691219,1233,2021-06-18T11:01:58Z
2020-09-17,10000002,39,1054,1058,1052,21560603,1184,2021-06-18T11:01:58Z
2020-09-17,10000002,40,470.6,470.6,470.6,14389211,974,2021-06-18T11:01:58Z
2020-09-17,10000002,11399,10800,10890,9762,1508710,602,2021-06-18T11:01:58Z
2020-09-18,10000002,34,7.95,8.36,7.73,4574767656,2092,2021-06-18T11:01:58Z
2020-09-18,10000002,35,6.05,6.32,5.95,1443043238,1578,2021-06-18T11:01:58Z
2020-09-18,10000002,36,86,89.99,84.06,348942048,1464,2021-06-18T11:01:58Z
2020-09-18,10000002,37,24.05,24.07,23.94,199914820,1231,2021-06-18T11:01:58Z
2020-09-18,10000002,38,702,757,700,40420144,1157,2021-06-18T11:01:58Z
2020-09-18,10000002,39,1069,1074,1060,21427842,1195,2021-06-18T11:01:58Z
2020-09-18,10000002,40,469.4,469.9,455.4,10491560,998,2021-06-18T11:01:58Z
2020-09-18,10000002,11399,9563,10470,9552,3268748,530,2021-06-18T11:01:58Z
2020-09-19,10000002,34,8.29,8.96,7.75,6809599908,2251,2021-06-18T11:01:58Z
2020-09-19,10000002,35,6.29,6.34,5.99,1696967095,1749,2021-06-18T11:01:58Z
2020-09-19,10000002,36,86.15,91.5,85,561754679,1717,2021-06-18T11:01:58Z
2020-09-19,10000002,37,24.06,24.07,24.04,169624362,1377,2021-06-18T11:01:58Z
2020-09-19,10000002,38,743.6,743.8,740,30813327,1341,2021-06-18T11:01:58Z
2020-09-19,10000002,39,1107,1108,1100,19505632,1405,2021-06-18T11:01:58Z
2020-09-19,10000002,40,468.3,469,468.2,11111643,1129,2021-06-18T11:01:58Z
2020-09-19,10000002,11399,9076,10630,9000,2473679,650,2021-06-18T11:01:58Z
2020-09-20,10000002,34,7.99,8.89,7.71,5588121302,2562,2021-06-18T11:01:58Z
2020-09-20,10000002,35,6.15,6.36,6,1747502285,1988,2021-06-18T11:01:58Z
2020-09-20,10000002,36,87.2,93,84.43,513758023,1788,2021-06-18T11:01:58Z
2020-09-20,10000002,37,24.07,24.07,24.07,205871837,1463,2021-06-18T11:01:58Z
2020-09-20,10000002,38,742,743.6,700.9,40830788,1475,2021-06-18T11:01:58Z
2020-09-20,10000002,39,1045,1120,1003,33769109,1543,2021-06-18T11:01:58Z
2020-09-20,10000002,40,426,468.8,408.4,20059161,1286,2021-06-18T11:01:58Z
2020-09-20,10000002,11399,10530,10640,9406,2421493,684,2021-06-18T11:01:58Z
2020-09-21,10000002,34,7.9,8.46,7.75,5969264789,2275,2021-06-18T11:01:58Z
2020-09-21,10000002,35,6.02,6.13,5.95,1546538815,1743,2021-06-18T11:01:58Z
2020-09-21,10000002,36,93.08,94,87,574332974,1706,2021-06-18T11:01:58Z
2020-09-21,10000002,37,24.06,24.06,24.05,153702824,1416,2021-06-18T11:01:58Z
2020-09-21,10000002,38,738.8,742,711.4,31656316,1368,2021-06-18T11:01:58Z
2020-09-21,10000002,39,1110,1123,1082,16722807,1323,2021-06-18T11:01:58Z
2020-09-21,10000002,40,454.9,455,454.7,9514259,1161,2021-06-18T11:01:58Z
2020-09-21,10000002,11399,10410,10670,10300,1222279,602,2021-06-18T11:01:58Z
2020-09-22,10000002,34,7.88,8.12,7.75,5316379236,2102,2021-06-18T11:01:58Z
2020-09-22,10000002,35,6.02,6.11,5.95,1733828195,1738,2021-06-18T11:01:58Z
2020-09-22,10000002,36,86.88,89,85.26,573902520,1620,2021-06-18T11:01:58Z
2020-09-22,10000002,37,24.06,24.07,24.05,179730279,1339,2021-06-18T11:01:58Z
2020-09-22,10000002,38,738.8,739.8,730,39244290,1259,2021-06-18T11:01:58Z
2020-09-22,10000002,39,1111,1115,1080,20117247,1306,2021-06-18T11:01:58Z
2020-09-22,10000002,40,459.6,459.9,420.2,21513899,1055,2021-06-18T11:01:58Z
2020-09-22,10000002,11399,10680,10690,10650,1304757,474,2021-06-18T11:01:58Z
2020-09-23,10000002,34,7.88,7.9,7.76,4272160005,1861,2021-06-18T11:01:58Z
2020-09-23,10000002,35,6.05,6.33,5.98,1015806117,1482,2021-06-18T11:01:58Z
2020-09-23,10000002,36,87.5,93.87,86.26,457364806,1405,2021-06-18T11:01:58Z
2020-09-23,10000002,37,24.07,24.07,24.07,150454389,1153,2021-06-18T11:01:58Z
2020-09-23,10000002,38,739,749,713.1,51440614,1203,2021-06-18T11:01:58Z
2020-09-23,10000002,39,1105,1110,1032,17317621,1140,2021-06-18T11:01:58Z
2020-09-23,10000002,40,459.7,459.9,455,13781710,928,2021-06-18T11:01:58Z
2020-09-23,10000002,11399,11000,11000,10890,2853393,478,2021-06-18T11:01:58Z
2020-09-24,10000002,34,7.86,8.05,7.71,4925489658,1901,2021-06-18T11:01:58Z
2020-09-24,10000002,35,6.29,6.36,5.99,1206984621,1517,2021-06-18T11:01:58Z
2020-09-24,10000002,36,88.45,93.9,86.65,578186785,1457,2021-06-18T11:01:58Z
2020-09-24,10000002,37,24.06,24.07,23.15,218377678,1207,2021-06-18T11:01:58Z
2020-09-24,10000002,38,691.4,750,680,50670440,1167,2021-06-18T11:01:58Z
2020-09-24,10000002,39,1100,1104,1049,25020281,1206,2021-06-18T11:01:58Z
2020-09-24,10000002,40,409.3,459,409.2,26696094,1030,2021-06-18T11:01:58Z
2020-09-24,10000002,11399,10900,10990,10350,1196197,485,2021-06-18T11:01:58Z
2020-09-25,10000002,34,8.49,8.95,8,27939708190,2506,2021-06-18T11:01:58Z
2020-09-25,10000002,35,6.37,6.37,6.37,11945020739,1814,2021-06-18T11:01:58Z
2020-09-25,10000002,36,90,94.95,89.9,843209790,1689,2021-06-18T11:01:58Z
2020-09-25,10000002,37,24.07,24.07,24.07,5250106570,1610,2021-06-18T11:01:58Z
2020-09-25,10000002,38,903.8,1099,776.9,186021254,1634,2021-06-18T11:01:58Z
2020-09-25,10000002,39,1137,1195,1116,57547432,1421,2021-06-18T11:01:58Z
2020-09-25,10000002,40,478.4,478.4,478.4,234285900,1160,2021-06-18T11:01:58Z
2020-09-25,10000002,11399,14230,23980,11990,7706129,873,2021-06-18T11:01:58Z
2020-09-26,10000002,34,9.44,9.63,8.65,7831111644,2856,2021-06-18T11:01:58Z
2020-09-26,10000002,35,6.96,7,6.57,2352901089,1902,2021-06-18T11:01:58Z
2020-09-26,10000002,36,92.99,95,85.83,713308398,1730,2021-06-18T11:01:58Z
2020-09-26,10000002,37,42.06,50,36.33,635000741,1517,2021-06-18T11:01:58Z
2020-09-26,10000002,38,1179,1500,1123,132760765,1985,2021-06-18T11:01:58Z
2020-09-26,10000002,39,1317,1324,1301,30306608,1429,2021-06-18T11:01:58Z
2020-09-26,10000002,40,478.4,478.4,478.4,87878869,1221,2021-06-18T11:01:58Z
2020-09-26,10000002,11399,23890,26800,20530,2667470,758,2021-06-18T11:01:58Z
2020-09-27,10000002,34,8.89,9.64,8.61,5723903260,2381,2021-06-18T11:01:58Z
2020-09-27,10000002,35,6.58,6.75,6.41,1705055389,1836,2021-06-18T11:01:58Z
2020-09-27,10000002,36,88.89,89.78,87.05,644210925,1680,2021-06-18T11:01:58Z
2020-09-27,10000002,37,48.66,49.39,36.61,384692334,1491,2021-06-18T11:01:58Z
2020-09-27,10000002,38,1238,1395,1176,51986298,1470,2021-06-18T11:01:58Z
2020-09-27,10000002,39,1288,1307,1219,40815460,1451,2021-06-18T11:01:58Z
2020-09-27,10000002,40,478.4,478.4,478.4,31497652,1227,2021-06-18T11:01:58Z
2020-09-27,10000002,11399,16620,22500,16310,2233994,637,2021-06-18T11:01:58Z
2020-09-28,10000002,34,9.2,9.67,8.56,4599562971,2038,2021-06-18T11:01:58Z
2020-09-28,10000002,35,7,7,7,1925644471,1604,2021-06-18T11:01:58Z
2020-09-28,10000002,36,93.2,95,89.02,436160304,1475,2021-06-18T11:01:58Z
2020-09-28,10000002,37,51.2,51.97,46,432699960,1191,2021-06-18T11:01:58Z
2020-09-28,10000002,38,1167,1305,1165,44930959,1184,2021-06-18T11:01:58Z
2020-09-28,10000002,39,1313,1319,1295,62003754,1178,2021-06-18T11:01:58Z
2020-09-28,10000002,40,478.4,478.4,478.4,84647083,1024,2021-06-18T11:01:58Z
2020-09-28,10000002,11399,17010,18000,15100,2268497,576,2021-06-18T11:01:58Z
2020-09-29,10000002,34,9.09,9.14,8.66,4192385342,1921,2021-06-18T11:01:58Z
2020-09-29,10000002,35,6.97,6.97,6.96,1617127286,1480,2021-06-18T11:01:58Z
2020-09-29,10000002,36,94.2,96,90.14,388384612,1375,2021-06-18T11:01:58Z
2020-09-29,10000002,37,52,53.91,50,668720826,1178,2021-06-18T11:01:58Z
2020-09-29,10000002,38,1199,1241,1102,45714694,1135,2021-06-18T11:01:58Z
2020-09-29,10000002,39,1216,1310,1180,23485238,1146,2021-06-18T11:01:58Z
2020-09-29,10000002,40,586.8,587.8,586.8,14636697,938,2021-06-18T11:01:58Z
2020-09-29,10000002,11399,19000,19910,16180,1779291,558,2021-06-18T11:01:58Z
2020-09-30,10000002,34,8.99,9.09,8.61,5688772243,2043,2021-06-18T11:01:58Z
2020-09-30,10000002,35,6.8,6.99,6.32,1515459545,1610,2021-06-18T11:01:58Z
2020-09-30,10000002,36,93.35,94,91.15,563370228,1474,2021-06-18T11:01:58Z
2020-09-30,10000002,37,45.4,50,44,340198107,1313,2021-06-18T11:01:58Z
2020-09-30,10000002,38,1098,1100,1000,41195796,1317,2021-06-18T11:01:58Z
2020-09-30,10000002,39,1242,1245,1234,19245810,1279,2021-06-18T11:01:58Z
2020-09-30,10000002,40,598.8,608.7,530,15073034,1012,2021-06-18T11:01:58Z
2020-09-30,10000002,11399,17000,18000,15520,1697140,605,2021-06-18T11:01:58Z
2020-10-01,10000002,34,8.8,9.53,8.6,5008922725,1959,2021-06-18T11:01:58Z
2020-10-01,10000002,35,6.49,6.95,6.26,1325531946,1476,2021-06-18T11:01:58Z
2020-10-01,10000002,36,93,94.5,92,735449616,1387,2021-06-18T11:01:58Z
2020-10-01,10000002,37,50.99,54,48.86,721185592,1206,2021-06-18T11:01:58Z
2020-10-01,10000002,38,1092,1094,1022,33172634,1054,2021-06-18T11:01:58Z
2020-10-01,10000002,39,1248,1250,1215,19289446,1123,2021-06-18T11:01:58Z
2020-10-01,10000002,40,519.4,594.3,512.5,14615899,947,2021-06-18T11:01:58Z
2020-10-01,10000002,11399,16500,17520,16000,1473519,551,2021-06-18T11:01:58Z
2020-10-02,10000002,34,9.1,9.43,8.8,4678665557,1843,2021-06-18T11:01:58Z
2020-10-02,10000002,35,6.49,6.7,6.35,1838886124,1426,2021-06-18T11:01:58Z
2020-10-02,10000002,36,94.4,95.98,93.68,448377138,1336,2021-06-18T11:01:58Z
2020-10-02,10000002,37,60,61,56.97,690683186,1112,2021-06-18T11:01:58Z
2020-10-02,10000002,38,1097,1150,1090,41942403,1135,2021-06-18T11:01:58Z
2020-10-02,10000002,39,1300,1318,1250,16484183,1101,2021-06-18T11:01:58Z
2020-10-02,10000002,40,570,587.7,501.6,18519457,926,2021-06-18T11:01:58Z
2020-10-02,10000002,11399,16300,16810,15790,1774291,548,2021-06-18T11:01:58Z
2020-10-03,10000002,34,9.11,9.48,9.03,5047362485,2242,2021-06-18T11:01:58Z
2020-10-03,10000002,35,6.5,6.78,6.28,2257284145,1806,2021-06-18T11:01:58Z
2020-10-03,10000002,36,95.9,98.19,91.07,335662547,1653,2021-06-18T11:01:58Z
2020-10-03,10000002,37,56.6,61.98,56.1,517805016,1385,2021-06-18T11:01:58Z
2020-10-03,10000002,38,1151,1199,1023,22124363,1285,2021-06-18T11:01:58Z
2020-10-03,10000002,39,1225,1314,1200,21052498,1334,2021-06-18T11:01:58Z
2020-10-03,10000002,40,510.4,579.9,499.6,42612551,1139,2021-06-18T11:01:58Z
2020-10-03,10000002,11399,16920,17370,15620,1808737,613,2021-06-18T11:01:58Z
2020-10-04,10000002,34,9.08,9.19,8.7,4760497122,2190,2021-06-18T11:01:58Z
2020-10-04,10000002,35,7,7,6.87,3972026764,1889,2021-06-18T11:01:58Z
2020-10-04,10000002,36,95.9,97,92.33,452545067,1582,2021-06-18T11:01:58Z
2020-10-04,10000002,37,59.72,61.94,56.11,309506603,1341,2021-06-18T11:01:58Z
2020-10-04,10000002,38,1152,1163,1138,42926353,1310,2021-06-18T11:01:58Z
2020-10-04,10000002,39,1297,1313,1200,18659489,1271,2021-06-18T11:01:58Z
2020-10-04,10000002,40,527.9,530,496.5,28117987,1067,2021-06-18T11:01:58Z
2020-10-04,10000002,11399,17300,17370,16750,1277565,576,2021-06-18T11:01:58Z
2020-10-05,10000002,34,9.05,9.19,8.98,3943834954,1908,2021-06-18T11:01:58Z
2020-10-05,10000002,35,8.1,8.7,7.93,1060043211,1522,2021-06-18T11:01:58Z
2020-10-05,10000002,36,95.9,96.99,93.09,391949345,1440,2021-06-18T11:01:58Z
2020-10-05,10000002,37,60,61.76,55.36,124928655,1172,2021-06-18T11:01:58Z
2020-10-05,10000002,38,1171,1178,1109,29661424,1146,2021-06-18T11:01:58Z
2020-10-05,10000002,39,1313,1315,1254,12843498,1123,2021-06-18T11:01:58Z
2020-10-05,10000002,40,530,530,529.9,15787796,954,2021-06-18T11:01:58Z
2020-10-05,10000002,11399,17900,19700,17290,1007442,529,2021-06-18T11:01:58Z
2020-10-06,10000002,34,8.97,9.15,8.85,6283679004,1905,2021-06-18T11:01:58Z
2020-10-06,10000002,35,7.94,8.06,7.69,1761805064,1520,2021-06-18T11:01:58Z
2020-10-06,10000002,36,94.99,97,92,414317524,1431,2021-06-18T11:01:58Z
2020-10-06,10000002,37,61.79,61.89,56.07,211874409,1181,2021-06-18T11:01:58Z
2020-10-06,10000002,38,1163,1181,1151,27541212,1124,2021-06-18T11:01:58Z
2020-10-06,10000002,39,1316,1318,1312,23342390,1130,2021-06-18T11:01:58Z
2020-10-06,10000002,40,582,582,582,12992342,898,2021-06-18T11:01:58Z
2020-10-06,10000002,11399,17280,18600,16900,1992013,514,2021-06-18T11:01:58Z
2020-10-07,10000002,34,9.15,9.3,9.07,6207256793,1748,2021-06-18T11:01:58Z
2020-10-07,10000002,35,7.95,8.19,7.63,1110809177,1348,2021-06-18T11:01:58Z
2020-10-07,10000002,36,96.5,98,96.39,422845935,1321,2021-06-18T11:01:58Z
2020-10-07,10000002,37,61.6,61.7,56.23,254841907,1060,2021-06-18T11:01:58Z
2020-10-07,10000002,38,1182,1207,1163,46489404,1068,2021-06-18T11:01:58Z
2020-10-07,10000002,39,1325,1325,1324,37414994,1051,2021-06-18T11:01:58Z
2020-10-07,10000002,40,586.1,589,518.6,20036205,872,2021-06-18T11:01:58Z
2020-10-07,10000002,11399,23500,40000,21150,5032157,627,2021-06-18T11:01:58Z
2020-10-08,10000002,34,9.34,9.6,8.89,4583744066,1949,2021-06-18T11:01:58Z
2020-10-08,10000002,35,7.62,7.63,7.48,2161459437,1540,2021-06-18T11:01:58Z
2020-10-08,10000002,36,103.9,108.6,97.51,457712781,1423,2021-06-18T11:01:58Z
2020-10-08,10000002,37,59.2,60.99,56.51,151306439,1177,2021-06-18T11:01:58Z
2020-10-08,10000002,38,1225,1252,1155,30290065,1132,2021-06-18T11:01:58Z
2020-10-08,10000002,39,1331,1359,1328,34750595,1133,2021-06-18T11:01:58Z
2020-10-08,10000002,40,562.8,564,519.3,7644289,881,2021-06-18T11:01:58Z
2020-10-08,10000002,11399,25360,35000,24010,2148456,566,2021-06-18T11:01:58Z
2020-10-09,10000002,34,9.2,9.61,8.99,3803242619,1800,2021-06-18T11:01:58Z
2020-10-09,10000002,35,7.45,7.5,6.72,1035339585,1429,2021-06-18T11:01:58Z
2020-10-09,10000002,36,102,106,98.9,405101264,1324,2021-06-18T11:01:58Z
2020-10-09,10000002,37,56.01,59.99,55,276741125,1154,2021-06-18T11:01:58Z
2020-10-09,10000002,38,1136,1252,1092,38265398,1126,2021-06-18T11:01:58Z
2020-10-09,10000002,39,1434,1519,1353,14872238,1030,2021-06-18T11:01:58Z
2020-10-09,10000002,40,530,540,521.2,20170788,852,2021-06-18T11:01:58Z
2020-10-09,10000002,11399,27630,30500,25560,2688967,592,2021-06-18T11:01:58Z
2020-10-10,10000002,34,9.39,9.55,9.06,4862379460,2132,2021-06-18T11:01:58Z
2020-10-10,10000002,35,7.33,7.41,7,1593688837,1609,2021-06-18T11:01:58Z
2020-10-10,10000002,36,103,106.3,99.1,579463336,1625,2021-06-18T11:01:58Z
2020-10-10,10000002,37,58.38,58.9,57.15,199993334,1324,2021-06-18T11:01:58Z
2020-10-10,10000002,38,1100,1186,1083,70838554,1353,2021-06-18T11:01:58Z
2020-10-10,10000002,39,1420,1478,1398,26490270,1314,2021-06-18T11:01:58Z
2020-10-10,10000002,40,538.7,539,538,16008047,1073,2021-06-18T11:01:58Z
2020-10-10,10000002,11399,30000,31800,26630,3150309,644,2021-06-18T11:01:58Z
2020-10-11,10000002,34,9.45,9.7,9.12,6575023805,2322,2021-06-18T11:01:58Z
2020-10-11,10000002,35,7.05,7.33,6.74,2109443379,1854,2021-06-18T11:01:58Z
2020-10-11,10000002,36,103.8,106,98.68,475386274,1653,2021-06-18T11:01:58Z
2020-10-11,10000002,37,51.18,53.89,48.1,477787382,1403,2021-06-18T11:01:58Z
2020-10-11,10000002,38,1184,1187,1172,50484497,1435,2021-06-18T11:01:58Z
2020-10-11,10000002,39,1438,1484,1415,20453889,1351,2021-06-18T11:01:58Z
2020-10-11,10000002,40,550,564.5,513.2,16363236,1141,2021-06-18T11:01:58Z
2020-10-11,10000002,11399,37060,54000,32970,6709303,842,2021-06-18T11:01:58Z
2020-10-12,10000002,34,10.06,10.73,9.89,9212341209,2154,2021-06-18T11:01:58Z
2020-10-12,10000002,35,6.83,7.25,6.82,1816102307,1578,2021-06-18T11:01:58Z
2020-10-12,10000002,36,101.4,103,97.61,604842832,1433,2021-06-18T11:01:58Z
2020-10-12,10000002,37,53,53.49,48.03,307690701,1205,2021-06-18T11:01:58Z
2020-10-12,10000002,38,1200,1248,1131,47514947,1185,2021-06-18T11:01:58Z
2020-10-12,10000002,39,1415,1478,1345,27392352,1164,2021-06-18T11:01:58Z
2020-10-12,10000002,40,558,563,550,11766740,906,2021-06-18T11:01:58Z
2020-10-12,10000002,11399,43020,49000,35010,3819712,573,2021-06-18T11:01:58Z
2020-10-13,10000002,34,10.07,10.82,9.38,4467154441,1771,2021-06-18T11:01:58Z
2020-10-13,10000002,35,7.36,7.54,7.12,4630620516,1442,2021-06-18T11:01:58Z
2020-10-13,10000002,36,97.53,102.9,97.4,510624854,1248,2021-06-18T11:01:58Z
2020-10-13,10000002,37,56.5,57.61,53.46,755404514,1094,2021-06-18T11:01:58Z
2020-10-13,10000002,38,1138,1228,1122,38059818,1052,2021-06-18T11:01:58Z
2020-10-13,10000002,39,1300,1301,1296,36272578,1090,2021-06-18T11:01:58Z
2020-10-13,10000002,40,558.4,564,557.9,36556173,902,2021-06-18T11:01:58Z
2020-10-13,10000002,11399,41000,43990,38000,2341375,515,2021-06-18T11:01:58Z
2020-10-14,10000002,34,9.52,9.99,9.43,4608036093,1967,2021-06-18T11:01:58Z
2020-10-14,10000002,35,7.99,8.01,7.99,2358719571,1503,2021-06-18T11:01:58Z
2020-10-14,10000002,36,101,104,98.03,664968726,1400,2021-06-18T11:01:58Z
2020-10-14,10000002,37,49,49,49,396408361,1190,2021-06-18T11:01:58Z
2020-10-14,10000002,38,1098,1220,1093,55390020,1145,2021-06-18T11:01:58Z
2020-10-14,10000002,39,1406,1417,1378,26865109,1197,2021-06-18T11:01:58Z
2020-10-14,10000002,40,540,547,511.2,19647483,957,2021-06-18T11:01:58Z
2020-10-14,10000002,11399,33610,36100,33380,3062638,540,2021-06-18T11:01:58Z
2020-10-15,10000002,34,9.38,9.83,9.33,7699726933,1928,2021-06-18T11:01:58Z
2020-10-15,10000002,35,8.25,8.25,8.25,3089676310,1529,2021-06-18T11:01:58Z
2020-10-15,10000002,36,104.6,105.1,99,340724935,1340,2021-06-18T11:01:58Z
2020-10-15,10000002,37,48,54.86,47.25,382065473,1150,2021-06-18T11:01:58Z
2020-10-15,10000002,38,1215,1232,1208,76067426,1112,2021-06-18T11:01:58Z
2020-10-15,10000002,39,1399,1410,1398,19990918,1164,2021-06-18T11:01:58Z
2020-10-15,10000002,40,563,563.8,559.6,15756913,946,2021-06-18T11:01:58Z
2020-10-15,10000002,11399,29080,30540,27550,2505925,543,2021-06-18T11:01:58Z
2020-10-16,10000002,34,9.4,9.59,9.24,6904120194,1973,2021-06-18T11:01:58Z
2020-10-16,10000002,35,11.19,13.98,8.84,3375480945,1724,2021-06-18T11:01:58Z
2020-10-16,10000002,36,105.4,105.8,100.1,451730592,1427,2021-06-18T11:01:58Z
2020-10-16,10000002,37,53.96,54.56,49.02,112739981,1172,2021-06-18T11:01:58Z
2020-10-16,10000002,38,1240,1248,1230,41788360,1096,2021-06-18T11:01:58Z
2020-10-16,10000002,39,1380,1395,1375,24360432,1147,2021-06-18T11:01:58Z
2020-10-16,10000002,40,586,599,572,34780986,959,2021-06-18T11:01:58Z
2020-10-16,10000002,11399,30540,30550,29120,1541286,566,2021-06-18T11:01:58Z
2020-10-17,10000002,34,9.75,9.96,9.5,6862768890,2315,2021-06-18T11:01:58Z
2020-10-17,10000002,35,12.5,12.5,12.5,5980074281,1780,2021-06-18T11:01:58Z
2020-10-17,10000002,36,107.9,112.5,102,791328716,1702,2021-06-18T11:01:58Z
2020-10-17,10000002,37,53.91,53.93,50,454439396,1335,2021-06-18T11:01:58Z
2020-10-17,10000002,38,1254,1285,1249,53980380,1247,2021-06-18T11:01:58Z
2020-10-17,10000002,39,1390,1399,1382,22657572,1307,2021-06-18T11:01:58Z
2020-10-17,10000002,40,657.2,657.2,657.2,41966953,1046,2021-06-18T11:01:58Z
2020-10-17,10000002,11399,27260,30530,27050,1492752,605,2021-06-18T11:01:58Z
2020-10-18,10000002,34,9.49,9.66,9.35,5446539418,2381,2021-06-18T11:01:58Z
2020-10-18,10000002,35,12.29,12.29,11.5,3743531019,1889,2021-06-18T11:01:58Z
2020-10-18,10000002,36,114.7,116.9,110.3,483377378,1724,2021-06-18T11:01:58Z
2020-10-18,10000002,37,51.22,52.8,50.5,478159953,1433,2021-06-18T11:01:58Z
2020-10-18,10000002,38,1350,1391,1279,34958656,1351,2021-06-18T11:01:58Z
2020-10-18,10000002,39,1400,1407,1300,19630202,1433,2021-06-18T11:01:58Z
2020-10-18,10000002,40,665,680,620.2,20704299,1079,2021-06-18T11:01:58Z
2020-10-18,10000002,11399,28500,29100,27020,2253086,677,2021-06-18T11:01:58Z
2020-10-19,10000002,34,9.25,9.53,8.76,5317027987,2153,2021-06-18T11:01:58Z
2020-10-19,10000002,35,11.07,11.91,10.53,2941738999,1697,2021-06-18T11:01:58Z
2020-10-19,10000002,36,119.9,122,115,508812484,1638,2021-06-18T11:01:58Z
2020-10-19,10000002,37,46.24,50.99,46.17,422758112,1309,2021-06-18T11:01:58Z
2020-10-19,10000002,38,1349,1382,1230,53586706,1270,2021-06-18T11:01:58Z
2020-10-19,10000002,39,1300,1396,1236,24983250,1269,2021-06-18T11:01:58Z
2020-10-19,10000002,40,603,620,587.5,17211963,1029,2021-06-18T11:01:58Z
2020-10-19,10000002,11399,25570,26490,24110,1745540,592,2021-06-18T11:01:58Z
2020-10-20,10000002,34,9.28,9.69,8.68,3209886297,2094,2021-06-18T11:01:58Z
2020-10-20,10000002,35,11.79,11.85,11.79,3335323283,1613,2021-06-18T11:01:58Z
2020-10-20,10000002,36,121,123,119.8,410099138,1545,2021-06-18T11:01:58Z
2020-10-20,10000002,37,51.73,51.79,51.72,307565196,1276,2021-06-18T11:01:58Z
2020-10-20,10000002,38,1280,1389,1267,31599281,1180,2021-06-18T11:01:58Z
2020-10-20,10000002,39,1364,1368,1329,31790232,1257,2021-06-18T11:01:58Z
2020-10-20,10000002,40,591.7,680,591,31393833,1034,2021-06-18T11:01:58Z
2020-10-20,10000002,11399,24570,27510,23090,2499636,563,2021-06-18T11:01:58Z
2020-10-21,10000002,34,9.11,9.45,8.9,3972531196,2018,2021-06-18T11:01:58Z
2020-10-21,10000002,35,13,13.33,12.34,1123608505,1520,2021-06-18T11:01:58Z
2020-10-21,10000002,36,130.2,133.9,127.6,759956742,1584,2021-06-18T11:01:58Z
2020-10-21,10000002,37,51.94,52.7,51.84,275516796,1257,2021-06-18T11:01:58Z
2020-10-21,10000002,38,1377,1383,1301,29880836,1090,2021-06-18T11:01:58Z
2020-10-21,10000002,39,1396,1415,1394,24193781,1155,2021-06-18T11:01:58Z
2020-10-21,10000002,40,749,799.7,706.6,68787140,932,2021-06-18T11:01:58Z
2020-10-21,10000002,11399,24030,27030,23870,1167850,520,2021-06-18T11:01:58Z
2020-10-22,10000002,34,9.18,9.26,8.74,4606597632,1848,2021-06-18T11:01:58Z
2020-10-22,10000002,35,12.34,12.45,12.32,1845395410,1460,2021-06-18T11:01:58Z
2020-10-22,10000002,36,118.2,124.6,117.6,413377978,1386,2021-06-18T11:01:58Z
2020-10-22,10000002,37,47.02,47.22,47.01,1070719724,1187,2021-06-18T11:01:58Z
2020-10-22,10000002,38,1259,1364,1237,48664538,1069,2021-06-18T11:01:58Z
2020-10-22,10000002,39,1393,1409,1387,23234460,1136,2021-06-18T11:01:58Z
2020-10-22,10000002,40,725,725,725,44481648,916,2021-06-18T11:01:58Z
2020-10-22,10000002,11399,24810,27480,24720,1956749,585,2021-06-18T11:01:58Z
2020-10-23,10000002,34,9.1,9.39,8.9,5464689277,1985,2021-06-18T11:01:58Z
2020-10-23,10000002,35,12.99,13.09,12.25,1907471665,1624,2021-06-18T11:01:58Z
2020-10-23,10000002,36,116.6,122.7,115.9,446456815,1456,2021-06-18T11:01:58Z
2020-10-23,10000002,37,44,45.8,44,391995036,1248,2021-06-18T11:01:58Z
2020-10-23,10000002,38,1300,1340,1211,36661882,1224,2021-06-18T11:01:58Z
2020-10-23,10000002,39,1409,1411,1320,15792840,1168,2021-06-18T11:01:58Z
2020-10-23,10000002,40,770,803.9,765,72109786,1005,2021-06-18T11:01:58Z
2020-10-23,10000002,11399,27100,27480,25930,1176704,592,2021-06-18T11:01:58Z
2020-10-24,10000002,34,9.05,9.19,8.73,4350084809,2219,2021-06-18T11:01:58Z
2020-10-24,10000002,35,13.3,13.32,13.1,1651207281,1751,2021-06-18T11:01:58Z
2020-10-24,10000002,36,118,120.9,117.3,409660914,1544,2021-06-18T11:01:58Z
2020-10-24,10000002,37,40.7,47,40.66,587192038,1342,2021-06-18T11:01:58Z
2020-10-24,10000002,38,1327,1334,1280,37780598,1370,2021-06-18T11:01:58Z
2020-10-24,10000002,39,1412,1417,1280,30070062,1352,2021-06-18T11:01:58Z
2020-10-24,10000002,40,839.9,849.8,810,39962352,1048,2021-06-18T11:01:58Z
2020-10-24,10000002,11399,24660,26850,24620,1901363,625,2021-06-18T11:01:58Z
2020-10-25,10000002,34,9,9.02,8.7,5026578306,2491,2021-06-18T11:01:58Z
2020-10-25,10000002,35,13.05,13.18,12.61,2944443786,2047,2021-06-18T11:01:58Z
2020-10-25,10000002,36,116.7,117.2,114.9,373222103,1908,2021-06-18T11:01:58Z
2020-10-25,10000002,37,37.94,40.02,37.94,427439642,1563,2021-06-18T11:01:58Z
2020-10-25,10000002,38,1293,1319,1187,51086801,1485,2021-06-18T11:01:58Z
2020-10-25,10000002,39,1404,1413,1400,16677403,1460,2021-06-18T11:01:58Z
2020-10-25,10000002,40,815,820,810,41003949,1216,2021-06-18T11:01:58Z
2020-10-25,10000002,11399,26690,27790,25990,1465186,688,2021-06-18T11:01:58Z
2020-10-26,10000002,34,8.8,8.99,8.43,6035915786,2066,2021-06-18T11:01:58Z
2020-10-26,10000002,35,12.41,13.08,12.09,2104581067,1640,2021-06-18T11:01:58Z
2020-10-26,10000002,36,107.8,108.4,100,335148024,1444,2021-06-18T11:01:58Z
2020-10-26,10000002,37,41.47,42.92,39.13,207511312,1313,2021-06-18T11:01:58Z
2020-10-26,10000002,38,1308,1312,1109,60793358,1232,2021-06-18T11:01:58Z
2020-10-26,10000002,39,1269,1396,1141,43244327,1238,2021-06-18T11:01:58Z
2020-10-26,10000002,40,790,800,790,36835419,975,2021-06-18T11:01:58Z
2020-10-26,10000002,11399,25720,26000,24500,1685296,604,2021-06-18T11:01:58Z
2020-10-27,10000002,34,8.44,9,8.4,4991620915,1850,2021-06-18T11:01:58Z
2020-10-27,10000002,35,13.38,13.96,12.95,3830375101,1799,2021-06-18T11:01:58Z
2020-10-27,10000002,36,105.9,107,101.2,519156038,1432,2021-06-18T11:01:58Z
2020-10-27,10000002,37,39.3,40.99,39.2,293948628,1188,2021-06-18T11:01:58Z
2020-10-27,10000002,38,1201,1300,1185,42180956,1184,2021-06-18T11:01:58Z
2020-10-27,10000002,39,1371,1382,1300,22931627,1161,2021-06-18T11:01:58Z
2020-10-27,10000002,40,773.5,829.6,771,10225516,935,2021-06-18T11:01:58Z
2020-10-27,10000002,11399,25000,25990,23620,1091001,607,2021-06-18T11:01:58Z
2020-10-28,10000002,34,8.5,8.85,8,6065592512,1985,2021-06-18T11:01:58Z
2020-10-28,10000002,35,13.61,14.96,13,1510060891,1568,2021-06-18T11:01:58Z
2020-10-28,10000002,36,105.9,110,100.9,481402567,1396,2021-06-18T11:01:58Z
2020-10-28,10000002,37,37.97,37.99,37,494090560,1217,2021-06-18T11:01:58Z
2020-10-28,10000002,38,1317,1323,1298,59079634,1164,2021-06-18T11:01:58Z
2020-10-28,10000002,39,1340,1358,1212,29582386,1264,2021-06-18T11:01:58Z
2020-10-28,10000002,40,809.8,817,785.2,14045537,980,2021-06-18T11:01:58Z
2020-10-28,10000002,11399,25580,25700,24020,822021,666,2021-06-18T11:01:58Z
2020-10-29,10000002,34,8.55,8.71,8.22,3465853304,1895,2021-06-18T11:01:58Z
2020-10-29,10000002,35,13.02,13.24,12.24,1697265333,1561,2021-06-18T11:01:58Z
2020-10-29,10000002,36,106.6,109.4,105,307223302,1281,2021-06-18T11:01:58Z
2020-10-29,10000002,37,37.49,37.97,33.85,342224720,1169,2021-06-18T11:01:58Z
2020-10-29,10000002,38,1171,1276,1131,40046394,1107,2021-06-18T11:01:58Z
2020-10-29,10000002,39,1190,1328,1173,17642943,1074,2021-06-18T11:01:58Z
2020-10-29,10000002,40,787,804.8,750.2,10748345,811,2021-06-18T11:01:58Z
2020-10-29,10000002,11399,25490,26290,24000,903993,564,2021-06-18T11:01:58Z
2020-10-30,10000002,34,8.48,8.7,8.37,3330740521,2017,2021-06-18T11:01:58Z
2020-10-30,10000002,35,13.23,13.38,13.19,1192040095,1630,2021-06-18T11:01:58Z
2020-10-30,10000002,36,105.1,108.5,104.6,327358078,1449,2021-06-18T11:01:58Z
2020-10-30,10000002,37,37.94,37.99,37.5,207450997,1248,2021-06-18T11:01:58Z
2020-10-30,10000002,38,1244,1245,1237,27235693,1187,2021-06-18T11:01:58Z
2020-10-30,10000002,39,1323,1329,1203,21047611,1212,2021-06-18T11:01:58Z
2020-10-30,10000002,40,760.4,789.8,733.5,11365065,1000,2021-06-18T11:01:58Z
2020-10-30,10000002,11399,26100,26430,23710,889480,524,2021-06-18T11:01:58Z
2020-10-31,10000002,34,8.32,8.45,8.05,5700742433,2368,2021-06-18T11:01:58Z
2020-10-31,10000002,35,13.99,14.36,13.33,1205080118,1953,2021-06-18T11:01:58Z
2020-10-31,10000002,36,106,109.3,104.6,542332985,1826,2021-06-18T11:01:58Z
2020-10-31,10000002,37,38.64,39.98,38.6,281445952,1525,2021-06-18T11:01:58Z
2020-10-31,10000002,38,1208,1271,1102,31904084,1478,2021-06-18T11:01:58Z
2020-10-31,10000002,39,1299,1306,1234,14702624,1454,2021-06-18T11:01:58Z
2020-10-31,10000002,40,750.2,750.2,750.2,28559670,1124,2021-06-18T11:01:58Z
2020-10-31,10000002,11399,24260,26000,24160,1629035,647,2021-06-18T11:01:58Z
2020-11-01,10000002,34,8.26,8.61,7.93,4997571428,2556,2021-06-18T11:01:58Z
2020-11-01,10000002,35,14,14,14,2362853490,2220,2021-06-18T11:01:58Z
2020-11-01,10000002,36,104.2,109.2,100.8,605923106,1968,2021-06-18T11:01:58Z
2020-11-01,10000002,37,44.92,44.92,42.5,432036192,1724,2021-06-18T11:01:58Z
2020-11-01,10000002,38,1180,1206,1157,58642931,1656,2021-06-18T11:01:58Z
2020-11-01,10000002,39,1300,1309,1238,32127735,1729,2021-06-18T11:01:58Z
2020-11-01,10000002,40,696.8,697.1,651.1,38061529,1277,2021-06-18T11:01:58Z
2020-11-01,10000002,11399,26380,26380,26030,860294,682,2021-06-18T11:01:58Z
2020-11-02,10000002,34,8.06,8.36,8,4562164223,2045,2021-06-18T11:01:58Z
2020-11-02,10000002,35,15.5,15.88,15,2053316011,1828,2021-06-18T11:01:58Z
2020-11-02,10000002,36,105.5,108.5,96.13,370510640,1768,2021-06-18T11:01:58Z
2020-11-02,10000002,37,46,50.98,41.14,225868963,1453,2021-06-18T11:01:58Z
2020-11-02,10000002,38,1236,1331,1227,41009453,1384,2021-06-18T11:01:58Z
2020-11-02,10000002,39,1237,1293,1154,20515663,1437,2021-06-18T11:01:58Z
2020-11-02,10000002,40,750,770,739.6,13440434,1063,2021-06-18T11:01:58Z
2020-11-02,10000002,11399,26320,26350,26000,653615,527,2021-06-18T11:01:58Z
2020-11-03,10000002,34,8,8.38,7.83,5616739710,1980,2021-06-18T11:01:58Z
2020-11-03,10000002,35,16,16.9,15.23,1612318678,1737,2021-06-18T11:01:58Z
2020-11-03,10000002,36,107.7,108,96.7,351302195,1589,2021-06-18T11:01:58Z
2020-11-03,10000002,37,45.01,47.96,43,192611530,1326,2021-06-18T11:01:58Z
2020-11-03,10000002,38,1200,1311,1191,41128212,1289,2021-06-18T11:01:58Z
2020-11-03,10000002,39,1298,1300,1294,13935553,1359,2021-06-18T11:01:58Z
2020-11-03,10000002,40,760.2,770,760.2,12537151,1022,2021-06-18T11:01:58Z
2020-11-03,10000002,11399,26390,26410,26000,1273817,558,2021-06-18T11:01:58Z
2020-11-04,10000002,34,7.82,8.25,7.76,4977461674,1882,2021-06-18T11:01:58Z
2020-11-04,10000002,35,15.31,16.41,15.28,1532120693,1636,2021-06-18T11:01:58Z
2020-11-04,10000002,36,107.8,108.4,103.9,298292582,1440,2021-06-18T11:01:58Z
2020-11-04,10000002,37,47.96,48.89,44.01,224457955,1175,2021-06-18T11:01:58Z
2020-11-04,10000002,38,1300,1313,1182,34374263,1155,2021-06-18T11:01:58Z
2020-11-04,10000002,39,1296,1300,1291,9732932,1183,2021-06-18T11:01:58Z
2020-11-04,10000002,40,774.6,781.8,768.8,6118836,954,2021-06-18T11:01:58Z
2020-11-04,10000002,11399,24210,26000,24190,865355,497,2021-06-18T11:01:58Z
2020-11-05,10000002,34,7.84,8.14,7.55,5370431039,2001,2021-06-18T11:01:58Z
2020-11-05,10000002,35,16,16.4,15.32,1715762904,1674,2021-06-18T11:01:58Z
2020-11-05,10000002,36,104.9,107.8,100.3,437709592,1511,2021-06-18T11:01:58Z
2020-11-05,10000002,37,49.97,50.98,44.12,147028233,1295,2021-06-18T11:01:58Z
2020-11-05,10000002,38,1114,1278,1091,46820841,1237,2021-06-18T11:01:58Z
2020-11-05,10000002,39,1258,1288,1123,18390442,1250,2021-06-18T11:01:58Z
2020-11-05,10000002,40,766.7,768.8,731.2,11962385,1020,2021-06-18T11:01:58Z
2020-11-05,10000002,11399,24290,26340,24240,1245032,670,2021-06-18T11:01:58Z
2020-11-06,10000002,34,7.69,7.99,7.46,3932233784,2059,2021-06-18T11:01:58Z
2020-11-06,10000002,35,16.11,16.15,15.33,1690117665,1800,2021-06-18T11:01:58Z
2020-11-06,10000002,36,102.9,107.3,98.5,480322733,1603,2021-06-18T11:01:58Z
2020-11-06,10000002,37,49.54,49.9,41.66,122653162,1333,2021-06-18T11:01:58Z
2020-11-06,10000002,38,1220,1249,1200,22375214,1300,2021-06-18T11:01:58Z
2020-11-06,10000002,39,1257,1278,1115,20089519,1303,2021-06-18T11:01:58Z
2020-11-06,10000002,40,731.1,765.4,730.6,11863865,1058,2021-06-18T11:01:58Z
2020-11-06,10000002,11399,25990,26350,25400,897945,606,2021-06-18T11:01:58Z
2020-11-07,10000002,34,7.75,7.8,7.33,8311079561,2340,2021-06-18T11:01:58Z
2020-11-07,10000002,35,16.29,16.3,16.25,3133168393,1957,2021-06-18T11:01:58Z
2020-11-07,10000002,36,103,111.5,99.02,561729470,1843,2021-06-18T11:01:58Z
2020-11-07,10000002,37,45.21,49.2,42.01,261756294,1491,2021-06-18T11:01:58Z
2020-11-07,10000002,38,1197,1207,955.1,34646454,1498,2021-06-18T11:01:58Z
2020-11-07,10000002,39,1249,1252,1200,14569174,1522,2021-06-18T11:01:58Z
2020-11-07,10000002,40,710.9,755.7,710.7,10773682,1167,2021-06-18T11:01:58Z
2020-11-07,10000002,11399,26170,26190,23970,871632,703,2021-06-18T11:01:58Z
2020-11-08,10000002,34,7.44,7.75,6.9,5873125897,2475,2021-06-18T11:01:58Z
2020-11-08,10000002,35,17.2,18.29,16.62,1783478284,1930,2021-06-18T11:01:58Z
2020-11-08,10000002,36,111.4,113,103.9,661867954,1904,2021-06-18T11:01:58Z
2020-11-08,10000002,37,49.2,49.5,46.15,183654934,1547,2021-06-18T11:01:58Z
2020-11-08,10000002,38,1100,1189,1003,34983211,1514,2021-06-18T11:01:58Z
2020-11-08,10000002,39,1250,1269,1210,20676131,1534,2021-06-18T11:01:58Z
2020-11-08,10000002,40,755.7,756,714.3,9044883,1354,2021-06-18T11:01:58Z
2020-11-08,10000002,11399,26390,26400,26370,1110144,724,2021-06-18T11:01:58Z
2020-11-09,10000002,34,7.62,7.69,7.2,6014014808,2033,2021-06-18T11:01:58Z
2020-11-09,10000002,35,17.17,18.06,16.8,1349611005,1692,2021-06-18T11:01:58Z
2020-11-09,10000002,36,112.4,114.1,108,383243287,1482,2021-06-18T11:01:58Z
2020-11-09,10000002,37,48.97,49.39,45.2,146939459,1270,2021-06-18T11:01:58Z
2020-11-09,10000002,38,1100,1105,1058,41405887,1353,2021-06-18T11:01:58Z
2020-11-09,10000002,39,1294,1298,1226,18435106,1282,2021-06-18T11:01:58Z
2020-11-09,10000002,40,710,710,703.7,22500522,1082,2021-06-18T11:01:58Z
2020-11-09,10000002,11399,25980,26020,25630,1356366,595,2021-06-18T11:01:58Z
2020-11-10,10000002,34,7.32,7.46,7.25,6878695722,2182,2021-06-18T11:01:58Z
2020-11-10,10000002,35,17.2,17.35,16.87,2441834360,1882,2021-06-18T11:01:58Z
2020-11-10,10000002,36,112.1,112.9,109,454185002,1606,2021-06-18T11:01:58Z
2020-11-10,10000002,37,46.95,48.6,43.36,151497101,1363,2021-06-18T11:01:58Z
2020-11-10,10000002,38,1074,1117,1000,37167808,1365,2021-06-18T11:01:58Z
2020-11-10,10000002,39,1190,1296,1114,25758191,1399,2021-06-18T11:01:58Z
2020-11-10,10000002,40,739,739.7,738,9551247,1101,2021-06-18T11:01:58Z
2020-11-10,10000002,11399,26110,26400,23990,1179779,615,2021-06-18T11:01:58Z
2020-11-11,10000002,34,7.24,7.4,7.18,5893005323,2252,2021-06-18T11:01:58Z
2020-11-11,10000002,35,17.29,18,17,2385764411,1880,2021-06-18T11:01:58Z
2020-11-11,10000002,36,111.2,111.5,107,483218928,1734,2021-06-18T11:01:58Z
2020-11-11,10000002,37,45.9,46.85,45.25,201197108,1423,2021-06-18T11:01:58Z
2020-11-11,10000002,38,1074,1112,1062,33550486,1426,2021-06-18T11:01:58Z
2020-11-11,10000002,39,1277,1292,1215,17735298,1415,2021-06-18T11:01:58Z
2020-11-11,10000002,40,738.3,738.7,713,9433803,1135,2021-06-18T11:01:58Z
2020-11-11,10000002,11399,26290,26390,25730,1283335,701,2021-06-18T11:01:58Z
2020-11-12,10000002,34,7.47,7.54,7.13,5599950698,2167,2021-06-18T11:01:58Z
2020-11-12,10000002,35,17.35,17.49,17.01,1850607387,1825,2021-06-18T11:01:58Z
2020-11-12,10000002,36,110.9,111.3,107.7,444194826,1637,2021-06-18T11:01:58Z
2020-11-12,10000002,37,49.16,49.18,45.24,145181173,1322,2021-06-18T11:01:58Z
2020-11-12,10000002,38,1112,1117,1084,28277790,1309,2021-06-18T11:01:58Z
2020-11-12,10000002,39,1285,1290,1101,19489197,1404,2021-06-18T11:01:58Z
2020-11-12,10000002,40,739,739.1,720.2,11477426,1141,2021-06-18T11:01:58Z
2020-11-12,10000002,11399,26430,26430,26430,1162549,632,2021-06-18T11:01:58Z
2020-11-13,10000002,34,7.25,7.49,7.04,7113982821,2299,2021-06-18T11:01:58Z
2020-11-13,10000002,35,17.42,18.03,17.2,1241851554,1870,2021-06-18T11:01:58Z
2020-11-13,10000002,36,112.8,113.9,111.1,455543438,1835,2021-06-18T11:01:58Z
2020-11-13,10000002,37,45.18,49.21,43.8,275124597,1482,2021-06-18T11:01:58Z
2020-11-13,10000002,38,1115,1119,1083,32768947,1361,2021-06-18T11:01:58Z
2020-11-13,10000002,39,1292,1294,1288,23986637,1468,2021-06-18T11:01:58Z
2020-11-13,10000002,40,739.2,739.6,736.9,10582480,1192,2021-06-18T11:01:58Z
2020-11-13,10000002,11399,26430,26430,26430,1357218,637,2021-06-18T11:01:58Z
2020-11-14,10000002,34,7.3,7.42,7.25,5545038505,2552,2021-06-18T11:01:58Z
2020-11-14,10000002,35,17.5,17.98,17.13,1910675101,2189,2021-06-18T11:01:58Z
2020-11-14,10000002,36,118.4,121.5,112.6,507463926,2012,2021-06-18T11:01:58Z
2020-11-14,10000002,37,49.18,49.19,47.71,159651198,1688,2021-06-18T11:01:58Z
2020-11-14,10000002,38,1118,1121,1095,39380390,1585,2021-06-18T11:01:58Z
2020-11-14,10000002,39,1256,1287,1052,25912157,1731,2021-06-18T11:01:58Z
2020-11-14,10000002,40,710.2,731.9,673.8,17978109,1366,2021-06-18T11:01:58Z
2020-11-14,10000002,11399,26450,27400,26440,977435,630,2021-06-18T11:01:58Z
2020-11-15,10000002,34,7.25,7.3,7.08,6451674365,2576,2021-06-18T11:01:58Z
2020-11-15,10000002,35,17.5,17.93,17.1,2021998772,2075,2021-06-18T11:01:58Z
2020-11-15,10000002,36,115.6,117.6,114.1,506485758,1967,2021-06-18T11:01:58Z
2020-11-15,10000002,37,46.02,49.12,46,162166394,1556,2021-06-18T11:01:58Z
2020-11-15,10000002,38,1120,1125,1101,30292310,1543,2021-06-18T11:01:58Z
2020-11-15,10000002,39,1284,1287,1220,22113323,1580,2021-06-18T11:01:58Z
2020-11-15,10000002,40,720,729.9,711,8675148,1246,2021-06-18T11:01:58Z
2020-11-15,10000002,11399,27640,27740,27630,1174207,699,2021-06-18T11:01:58Z
2020-11-16,10000002,34,7.2,7.29,7.06,5021514060,2099,2021-06-18T11:01:58Z
2020-11-16,10000002,35,17.6,17.87,17.36,1211490188,1687,2021-06-18T11:01:58Z
2020-11-16,10000002,36,113,115.2,107.5,410819938,1584,2021-06-18T11:01:58Z
2020-11-16,10000002,37,49.24,49.49,49.12,537036709,1366,2021-06-18T11:01:58Z
2020-11-16,10000002,38,1159,1167,1122,27050924,1315,2021-06-18T11:01:58Z
2020-11-16,10000002,39,1294,1299,1286,12968096,1363,2021-06-18T11:01:58Z
2020-11-16,10000002,40,725,730.8,723,8307872,1110,2021-06-18T11:01:58Z
2020-11-16,10000002,11399,28060,29000,28000,1709362,633,2021-06-18T11:01:58Z
2020-11-17,10000002,34,7.03,7.17,6.81,5648917529,1981,2021-06-18T11:01:58Z
2020-11-17,10000002,35,17.58,17.99,17.16,1779094449,1625,2021-06-18T11:01:58Z
2020-11-17,10000002,36,112,115.2,110.2,482466538,1515,2021-06-18T11:01:58Z
2020-11-17,10000002,37,49.18,49.49,45.2,186883333,1231,2021-06-18T11:01:58Z
2020-11-17,10000002,38,1166,1173,1110,26552099,1216,2021-06-18T11:01:58Z
2020-11-17,10000002,39,1250,1251,1238,16229212,1247,2021-06-18T11:01:58Z
2020-11-17,10000002,40,720.9,727,716,13988282,1029,2021-06-18T11:01:58Z
2020-11-17,10000002,11399,31380,32960,30990,1129708,599,2021-06-18T11:01:58Z
2020-11-18,10000002,34,6.93,7.06,6.77,5474978987,2101,2021-06-18T11:01:58Z
2020-11-18,10000002,35,17.5,17.6,17.19,1306555651,1672,2021-06-18T11:01:58Z
2020-11-18,10000002,36,111.2,114,105.8,305188434,1628,2021-06-18T11:01:58Z
2020-11-18,10000002,37,47,48.97,45.16,102718746,1347,2021-06-18T11:01:58Z
2020-11-18,10000002,38,1156,1160,1121,31449014,1273,2021-06-18T11:01:58Z
2020-11-18,10000002,39,1245,1299,1235,13631482,1276,2021-06-18T11:01:58Z
2020-11-18,10000002,40,722.9,724.5,718.7,7542177,1045,2021-06-18T11:01:58Z
2020-11-18,10000002,11399,31800,32000,31000,479251,521,2021-06-18T11:01:58Z
2020-11-19,10000002,34,6.8,6.98,6.63,7074954458,1993,2021-06-18T11:01:58Z
2020-11-19,10000002,35,17.5,17.7,17.2,1387637018,1657,2021-06-18T11:01:58Z
2020-11-19,10000002,36,115,117.7,110.2,503060761,1513,2021-06-18T11:01:58Z
2020-11-19,10000002,37,48.89,48.93,48.84,107401700,1250,2021-06-18T11:01:58Z
2020-11-19,10000002,38,1127,1153,1015,35531252,1285,2021-06-18T11:01:58Z
2020-11-19,10000002,39,1295,1300,1273,17716111,1343,2021-06-18T11:01:58Z
2020-11-19,10000002,40,682.2,682.2,682.2,29208312,1020,2021-06-18T11:01:58Z
2020-11-19,10000002,11399,30980,32770,28250,876721,598,2021-06-18T11:01:58Z
2020-11-20,10000002,34,6.8,6.96,6.62,6389176105,2117,2021-06-18T11:01:58Z
2020-11-20,10000002,35,17.5,17.92,17.02,2662003148,1944,2021-06-18T11:01:58Z
2020-11-20,10000002,36,115.1,118.9,114.3,620468761,1726,2021-06-18T11:01:58Z
2020-11-20,10000002,37,44.88,48.88,44.86,240405116,1416,2021-06-18T11:01:58Z
2020-11-20,10000002,38,1135,1145,1032,30248828,1395,2021-06-18T11:01:58Z
2020-11-20,10000002,39,1300,1313,1291,20348721,1340,2021-06-18T11:01:58Z
2020-11-20,10000002,40,687,696,682.4,16664040,1138,2021-06-18T11:01:58Z
2020-11-20,10000002,11399,31900,32470,29280,745445,541,2021-06-18T11:01:58Z
2020-11-21,10000002,34,6.77,6.86,6.67,4887068439,2340,2021-06-18T11:01:58Z
2020-11-21,10000002,35,17.65,18,17.49,1716122499,1937,2021-06-18T11:01:58Z
2020-11-21,10000002,36,124.8,129.3,119.3,519045002,1891,2021-06-18T11:01:58Z
2020-11-21,10000002,37,47.99,48.86,44.78,161040846,1440,2021-06-18T11:01:58Z
2020-11-21,10000002,38,1143,1146,1100,29353136,1426,2021-06-18T11:01:58Z
2020-11-21,10000002,39,1286,1300,1205,22443005,1448,2021-06-18T11:01:58Z
2020-11-21,10000002,40,684,686,682,23708093,1195,2021-06-18T11:01:58Z
2020-11-21,10000002,11399,32390,32420,31000,790829,684,2021-06-18T11:01:58Z
2020-11-22,10000002,34,6.75,6.88,6.57,6799377074,2677,2021-06-18T11:01:58Z
2020-11-22,10000002,35,17.59,17.89,17.1,1813933487,2239,2021-06-18T11:01:58Z
2020-11-22,10000002,36,124.7,128.5,120.1,564824027,2126,2021-06-18T11:01:58Z
2020-11-22,10000002,37,44.05,45.9,43.89,240173054,1716,2021-06-18T11:01:58Z
2020-11-22,10000002,38,1135,1143,1089,44929250,1765,2021-06-18T11:01:58Z
2020-11-22,10000002,39,1284,1291,1189,21304961,1682,2021-06-18T11:01:58Z
2020-11-22,10000002,40,676,682,665,11938058,1375,2021-06-18T11:01:58Z
2020-11-22,10000002,11399,31400,31900,28000,1431348,717,2021-06-18T11:01:58Z
2020-11-23,10000002,34,6.6,6.69,6.55,7048757310,2119,2021-06-18T11:01:58Z
2020-11-23,10000002,35,17.45,17.69,17.24,1330140458,1755,2021-06-18T11:01:58Z
2020-11-23,10000002,36,127.8,140.8,124.1,393910324,1636,2021-06-18T11:01:58Z
2020-11-23,10000002,37,45,46.99,43.58,132061783,1331,2021-06-18T11:01:58Z
2020-11-23,10000002,38,1120,1137,1013,31179261,1326,2021-06-18T11:01:58Z
2020-11-23,10000002,39,1279,1289,1220,16369988,1341,2021-06-18T11:01:58Z
2020-11-23,10000002,40,660,665,617.2,9113016,1108,2021-06-18T11:01:58Z
2020-11-23,10000002,11399,31780,31890,30030,784657,592,2021-06-18T11:01:58Z
2020-11-24,10000002,34,6.87,6.97,6.46,3959655322,2049,2021-06-18T11:01:58Z
2020-11-24,10000002,35,17.39,17.77,16.25,1549065121,1754,2021-06-18T11:01:58Z
2020-11-24,10000002,36,137,139.3,123.6,357893586,1609,2021-06-18T11:01:58Z
2020-11-24,10000002,37,44.01,46.99,42.35,162882874,1320,2021-06-18T11:01:58Z
2020-11-24,10000002,38,1014,1090,997.8,39828352,1311,2021-06-18T11:01:58Z
2020-11-24,10000002,39,1196,1250,1165,27583436,1328,2021-06-18T11:01:58Z
2020-11-24,10000002,40,642,652.8,605.6,11423229,1069,2021-06-18T11:01:58Z
2020-11-24,10000002,11399,31500,31760,30040,625094,545,2021-06-18T11:01:58Z
2020-11-25,10000002,34,6.69,6.75,6.55,4591912132,1956,2021-06-18T11:01:58Z
2020-11-25,10000002,35,17.35,17.89,16.23,1841052714,1658,2021-06-18T11:01:58Z
2020-11-25,10000002,36,129.5,135.1,121.9,434278075,1530,2021-06-18T11:01:58Z
2020-11-25,10000002,37,44,44.95,44,172372217,1220,2021-06-18T11:01:58Z
2020-11-25,10000002,38,1070,1079,1047,27443193,1254,2021-06-18T11:01:58Z
2020-11-25,10000002,39,1200,1234,1113,17711585,1226,2021-06-18T11:01:58Z
2020-11-25,10000002,40,637.9,650,590.4,11786288,1029,2021-06-18T11:01:58Z
2020-11-25,10000002,11399,31780,31790,31500,559069,601,2021-06-18T11:01:58Z
2020-11-26,10000002,34,6.59,6.65,6.42,4499248675,1977,2021-06-18T11:01:58Z
2020-11-26,10000002,35,17.05,17.38,16.08,1607937945,1667,2021-06-18T11:01:58Z
2020-11-26,10000002,36,123.5,128.6,117,371430481,1560,2021-06-18T11:01:58Z
2020-11-26,10000002,37,41.4,44.73,41,218879602,1299,2021-06-18T11:01:58Z
2020-11-26,10000002,38,987.9,1018,950.1,36741710,1295,2021-06-18T11:01:58Z
2020-11-26,10000002,39,1195,1225,1115,18799088,1261,2021-06-18T11:01:58Z
2020-11-26,10000002,40,618.8,635,596.8,11707644,1034,2021-06-18T11:01:58Z
2020-11-26,10000002,11399,30990,31700,30570,881594,593,2021-06-18T11:01:58Z
2020-11-27,10000002,34,6.5,6.53,6.41,5817146332,2265,2021-06-18T11:01:58Z
2020-11-27,10000002,35,17.02,17.32,16.34,1673468142,1826,2021-06-18T11:01:58Z
2020-11-27,10000002,36,119,119.9,115.7,506604321,1785,2021-06-18T11:01:58Z
2020-11-27,10000002,37,40.76,44.74,40.13,249827593,1498,2021-06-18T11:01:58Z
2020-11-27,10000002,38,1030,1045,1024,45374817,1467,2021-06-18T11:01:58Z
2020-11-27,10000002,39,1219,1227,1170,21848805,1453,2021-06-18T11:01:58Z
2020-11-27,10000002,40,630,635.8,619.9,15745377,1206,2021-06-18T11:01:58Z
2020-11-27,10000002,11399,31890,31890,31740,719789,609,2021-06-18T11:01:58Z
2020-11-28,10000002,34,6.53,6.69,6.35,9108147999,2598,2021-06-18T11:01:58Z
2020-11-28,10000002,35,17.37,17.5,17.1,1542145681,2099,2021-06-18T11:01:58Z
2020-11-28,10000002,36,119,120,115.6,520776103,1973,2021-06-18T11:01:58Z
2020-11-28,10000002,37,40.58,43.96,38.52,233548344,1580,2021-06-18T11:01:58Z
2020-11-28,10000002,38,1029,1040,1021,38269501,1594,2021-06-18T11:01:58Z
2020-11-28,10000002,39,1225,1230,1214,24340859,1590,2021-06-18T11:01:58Z
2020-11-28,10000002,40,622.6,629.8,619.6,13787325,1256,2021-06-18T11:01:58Z
2020-11-28,10000002,11399,32000,32000,32000,1179183,727,2021-06-18T11:01:58Z
2020-11-29,10000002,34,6.58,6.66,6.45,7304723084,2956,2021-06-18T11:01:58Z
2020-11-29,10000002,35,17.86,17.91,17.09,2060214838,2571,2021-06-18T11:01:58Z
2020-11-29,10000002,36,120,121,117.5,681646140,2342,2021-06-18T11:01:58Z
2020-11-29,10000002,37,43.62,43.68,40.57,165586381,1800,2021-06-18T11:01:58Z
2020-11-29,10000002,38,1081,1093,1038,40386531,1819,2021-06-18T11:01:58Z
2020-11-29,10000002,39,1223,1225,1221,21631417,1769,2021-06-18T11:01:58Z
2020-11-29,10000002,40,634,642,623,56279003,1445,2021-06-18T11:01:58Z
2020-11-29,10000002,11399,32000,32420,31990,1590356,784,2021-06-18T11:01:58Z
2020-11-30,10000002,34,6.38,6.6,6.23,5749579680,2249,2021-06-18T11:01:58Z
2020-11-30,10000002,35,18.5,19.11,18,2136698589,2076,2021-06-18T11:01:58Z
2020-11-30,10000002,36,117.9,121.9,110.4,375991462,1759,2021-06-18T11:01:58Z
2020-11-30,10000002,37,43.29,43.67,41.75,249785095,1432,2021-06-18T11:01:58Z
2020-11-30,10000002,38,1056,1076,1017,30931027,1401,2021-06-18T11:01:58Z
2020-11-30,10000002,39,1220,1222,1200,16994418,1397,2021-06-18T11:01:58Z
2020-11-30,10000002,40,610.7,610.7,610.7,44699453,1116,2021-06-18T11:01:58Z
2020-11-30,10000002,11399,32650,32650,32650,687477,583,2021-06-18T11:01:58Z
2020-12-01,10000002,34,6.4,6.5,6.26,5019977881,2103,2021-06-18T11:01:58Z
2020-12-01,10000002,35,22.49,26.43,18.91,1125416230,1849,2021-06-18T11:01:58Z
2020-12-01,10000002,36,117.7,120.8,109.7,464106040,1666,2021-06-18T11:01:58Z
2020-12-01,10000002,37,38.15,43.36,38.08,228117346,1394,2021-06-18T11:01:58Z
2020-12-01,10000002,38,1033,1035,1000,33991768,1358,2021-06-18T11:01:58Z
2020-12-01,10000002,39,1223,1236,1213,21258812,1328,2021-06-18T11:01:58Z
2020-12-01,10000002,40,659.9,660,656.9,8815354,1056,2021-06-18T11:01:58Z
2020-12-01,10000002,11399,32970,32980,32950,988595,653,2021-06-18T11:01:58Z
2020-12-02,10000002,34,6.39,6.42,6.21,5320376786,2133,2021-06-18T11:01:58Z
2020-12-02,10000002,35,19.55,21.38,19.03,1440189421,1925,2021-06-18T11:01:58Z
2020-12-02,10000002,36,113.7,119.6,110.6,507158334,1788,2021-06-18T11:01:58Z
2020-12-02,10000002,37,41,43.23,38.31,236292523,1399,2021-06-18T11:01:58Z
2020-12-02,10000002,38,1005,1021,964.5,34296072,1373,2021-06-18T11:01:58Z
2020-12-02,10000002,39,1225,1228,1146,21192581,1320,2021-06-18T11:01:58Z
2020-12-02,10000002,40,618.3,670,610.1,15581572,1125,2021-06-18T11:01:58Z
2020-12-02,10000002,11399,34380,37160,32540,746625,655,2021-06-18T11:01:58Z
2020-12-03,10000002,34,6.43,6.5,6.37,4861167156,2257,2021-06-18T11:01:58Z
2020-12-03,10000002,35,19.67,19.91,18.5,1214197574,1893,2021-06-18T11:01:58Z
2020-12-03,10000002,36,119.4,119.9,119,328595974,1775,2021-06-18T11:01:58Z
2020-12-03,10000002,37,43.22,43.3,40.01,118863979,1469,2021-06-18T11:01:58Z
2020-12-03,10000002,38,1010,1012,980.2,32516175,1381,2021-06-18T11:01:58Z
2020-12-03,10000002,39,1199,1222,1128,15812100,1433,2021-06-18T11:01:58Z
2020-12-03,10000002,40,673,674.8,612.4,7895448,1215,2021-06-18T11:01:58Z
2020-12-03,10000002,11399,34380,35000,33150,887849,618,2021-06-18T11:01:58Z
2020-12-04,10000002,34,6.5,6.55,6.5,10022759355,2074,2021-06-18T11:01:58Z
2020-12-04,10000002,35,19.94,21.36,19.29,1222271323,1736,2021-06-18T11:01:58Z
2020-12-04,10000002,36,119.5,119.7,114.1,362459173,1643,2021-06-18T11:01:58Z
2020-12-04,10000002,37,41.99,42,41.47,123203636,1361,2021-06-18T11:01:58Z
2020-12-04,10000002,38,1006,1007,1006,46885791,1359,2021-06-18T11:01:58Z
2020-12-04,10000002,39,1215,1218,1213,16592268,1394,2021-06-18T11:01:58Z
2020-12-04,10000002,40,668,671.6,616.4,16296346,1149,2021-06-18T11:01:58Z
2020-12-04,10000002,11399,34790,36700,34780,944519,574,2021-06-18T11:01:58Z
2020-12-05,10000002,34,6.5,6.63,6.28,6112246978,2573,2021-06-18T11:01:58Z
2020-12-05,10000002,35,18.21,21.35,17.14,2267537629,2319,2021-06-18T11:01:58Z
2020-12-05,10000002,36,118.9,119.2,115.2,510366173,2109,2021-06-18T11:01:58Z
2020-12-05,10000002,37,41.42,43.4,41.29,915816565,1794,2021-06-18T11:01:58Z
2020-12-05,10000002,38,1025,1032,934,43166859,1700,2021-06-18T11:01:58Z
2020-12-05,10000002,39,1064,1206,1000,36593503,1704,2021-06-18T11:01:58Z
2020-12-05,10000002,40,662.7,664.8,599.9,19523978,1414,2021-06-18T11:01:58Z
2020-12-05,10000002,11399,37470,37920,35320,976246,649,2021-06-18T11:01:58Z
2020-12-06,10000002,34,6.56,6.59,6.48,6581358916,2700,2021-06-18T11:01:58Z
2020-12-06,10000002,35,20.99,21.3,18.21,2088217912,2375,2021-06-18T11:01:58Z
2020-12-06,10000002,36,118.7,119.1,115.5,452330192,2208,2021-06-18T11:01:58Z
2020-12-06,10000002,37,46.82,47.14,40.59,241073303,1797,2021-06-18T11:01:58Z
2020-12-06,10000002,38,1011,1018,949,47947734,1786,2021-06-18T11:01:58Z
2020-12-06,10000002,39,1194,1195,1074,19425560,1752,2021-06-18T11:01:58Z
2020-12-06,10000002,40,601.1,639.7,599.9,22434181,1437,2021-06-18T11:01:58Z
2020-12-06,10000002,11399,37970,37990,36640,1660800,729,2021-06-18T11:01:58Z
2020-12-07,10000002,34,6.48,6.52,6.45,6088290352,2376,2021-06-18T11:01:58Z
2020-12-07,10000002,35,18.1,19.89,17.77,2003343613,2066,2021-06-18T11:01:58Z
2020-12-07,10000002,36,118.5,120,115.2,552591948,1998,2021-06-18T11:01:58Z
2020-12-07,10000002,37,41.54,46,38.59,305150370,1573,2021-06-18T11:01:58Z
2020-12-07,10000002,38,945.4,989.9,892,67669838,1647,2021-06-18T11:01:58Z
2020-12-07,10000002,39,1189,1190,1130,19281074,1641,2021-06-18T11:01:58Z
2020-12-07,10000002,40,604.2,653.1,563.1,11559693,1321,2021-06-18T11:01:58Z
2020-12-07,10000002,11399,44310,45670,37740,1415485,590,2021-06-18T11:01:58Z
2020-12-08,10000002,34,6.6,6.65,6.45,6565732585,2248,2021-06-18T11:01:58Z
2020-12-08,10000002,35,18.5,19.94,18.07,2086535658,1919,2021-06-18T11:01:58Z
2020-12-08,10000002,36,120.9,122,116.2,368052629,1700,2021-06-18T11:01:58Z
2020-12-08,10000002,37,42.48,43.85,37.63,109010408,1475,2021-06-18T11:01:58Z
2020-12-08,10000002,38,997.9,1019,811,41001940,1462,2021-06-18T11:01:58Z
2020-12-08,10000002,39,1193,1195,1192,18862468,1516,2021-06-18T11:01:58Z
2020-12-08,10000002,40,651,651.9,580.1,14574909,1169,2021-06-18T11:01:58Z
2020-12-08,10000002,11399,46000,54000,45140,996490,661,2021-06-18T11:01:58Z
2020-12-09,10000002,34,7.56,8.39,6.99,19747130831,2540,2021-06-18T11:01:58Z
2020-12-09,10000002,35,18.3,19.89,17.76,1674756936,1949,2021-06-18T11:01:58Z
2020-12-09,10000002,36,121.8,122,115.1,597006636,1719,2021-06-18T11:01:58Z
2020-12-09,10000002,37,41.99,42,41,207044694,1434,2021-06-18T11:01:58Z
2020-12-09,10000002,38,995,1000,900.3,33900380,1370,2021-06-18T11:01:58Z
2020-12-09,10000002,39,1199,1201,1110,18691187,1369,2021-06-18T11:01:58Z
2020-12-09,10000002,40,651.9,651.9,651.9,15814511,1075,2021-06-18T11:01:58Z
2020-12-09,10000002,11399,56000,56370,54500,561012,550,2021-06-18T11:01:58Z
2020-12-10,10000002,34,7.06,7.67,6.74,4447734199,2051,2021-06-18T11:01:58Z
2020-12-10,10000002,35,19.48,19.77,18.02,1136635972,1760,2021-06-18T11:01:58Z
2020-12-10,10000002,36,119.8,120.4,115.5,400173907,1420,2021-06-18T11:01:58Z
2020-12-10,10000002,37,41.39,43.62,38.78,107949778,1224,2021-06-18T11:01:58Z
2020-12-10,10000002,38,980,992,980,28577425,1236,2021-06-18T11:01:58Z
2020-12-10,10000002,39,1136,1199,1019,20542554,1198,2021-06-18T11:01:58Z
2020-12-10,10000002,40,651.9,651.9,651.9,13475379,1007,2021-06-18T11:01:58Z
2020-12-10,10000002,11399,54900,55550,49290,665885,523,2021-06-18T11:01:58Z
2020-12-11,10000002,34,6.97,7.06,6.75,5326754979,2025,2021-06-18T11:01:58Z
2020-12-11,10000002,35,19.6,20.9,18.06,1574388667,1802,2021-06-18T11:01:58Z
2020-12-11,10000002,36,119,121.2,117,384980370,1602,2021-06-18T11:01:58Z
2020-12-11,10000002,37,41.84,41.9,40,111913551,1365,2021-06-18T11:01:58Z
2020-12-11,10000002,38,993,993.8,941.1,29712358,1375,2021-06-18T11:01:58Z
2020-12-11,10000002,39,1195,1198,1192,14723772,1304,2021-06-18T11:01:58Z
2020-12-11,10000002,40,644.9,651,568.5,19891326,1043,2021-06-18T11:01:58Z
2020-12-11,10000002,11399,49560,54620,49370,785965,618,2021-06-18T11:01:58Z
2020-12-12,10000002,34,6.87,6.98,6.8,3991290718,2374,2021-06-18T11:01:58Z
2020-12-12,10000002,35,18.56,19.97,18.17,1912146393,2173,2021-06-18T11:01:58Z
2020-12-12,10000002,36,119.9,121.4,117.5,321930590,1778,2021-06-18T11:01:58Z
2020-12-12,10000002,37,41.5,41.5,41.5,124956072,1590,2021-06-18T11:01:58Z
2020-12-12,10000002,38,999,1017,993.5,35854183,1562,2021-06-18T11:01:58Z
2020-12-12,10000002,39,1202,1202,1202,26773380,1569,2021-06-18T11:01:58Z
2020-12-12,10000002,40,636,636.9,636,9431837,1232,2021-06-18T11:01:58Z
2020-12-12,10000002,11399,49200,51820,48420,855197,729,2021-06-18T11:01:58Z
2020-12-13,10000002,34,6.87,6.93,6.75,6329355976,2679,2021-06-18T11:01:58Z
2020-12-13,10000002,35,21.06,22.96,20.98,1548051363,2356,2021-06-18T11:01:58Z
2020-12-13,10000002,36,119.5,119.9,116.9,374524614,2032,2021-06-18T11:01:58Z
2020-12-13,10000002,37,39.49,41.7,38.37,194159224,1785,2021-06-18T11:01:58Z
2020-12-13,10000002,38,1028,1030,1025,22961259,1653,2021-06-18T11:01:58Z
2020-12-13,10000002,39,1201,1202,1199,18431995,1745,2021-06-18T11:01:58Z
2020-12-13,10000002,40,635,636,612,13086562,1381,2021-06-18T11:01:58Z
2020-12-13,10000002,11399,51000,51880,50990,1085540,749,2021-06-18T11:01:58Z
2020-12-14,10000002,34,6.8,6.92,6.76,6082788238,2199,2021-06-18T11:01:58Z
2020-12-14,10000002,35,21,23.36,19.01,1712846643,2016,2021-06-18T11:01:58Z
2020-12-14,10000002,36,119.5,119.9,118.4,363731137,1700,2021-06-18T11:01:58Z
2020-12-14,10000002,37,40,40,40,245831741,1476,2021-06-18T11:01:58Z
2020-12-14,10000002,38,1026,1036,1024,33800275,1462,2021-06-18T11:01:58Z
2020-12-14,10000002,39,1203,1224,1199,13688661,1413,2021-06-18T11:01:58Z
2020-12-14,10000002,40,640,660.7,568.6,17451115,1153,2021-06-18T11:01:58Z
2020-12-14,10000002,11399,54100,54370,52010,567520,579,2021-06-18T11:01:58Z
2020-12-15,10000002,34,6.85,6.92,6.63,4296128356,2086,2021-06-18T11:01:58Z
2020-12-15,10000002,35,20.11,21,19.89,1167540652,1892,2021-06-18T11:01:58Z
2020-12-15,10000002,36,119.2,120.5,116.8,310346072,1581,2021-06-18T11:01:58Z
2020-12-15,10000002,37,39.99,40,39.8,164690951,1381,2021-06-18T11:01:58Z
2020-12-15,10000002,38,1099,1160,1065,48712223,1394,2021-06-18T11:01:58Z
2020-12-15,10000002,39,1250,1250,1249,31738605,1328,2021-06-18T11:01:58Z
2020-12-15,10000002,40,652,660.6,592,11907755,1070,2021-06-18T11:01:58Z
2020-12-15,10000002,11399,51010,54130,50000,732550,676,2021-06-18T11:01:58Z
2020-12-16,10000002,34,6.85,6.88,6.49,4920886377,2381,2021-06-18T11:01:58Z
2020-12-16,10000002,35,19.91,19.99,19.7,1395298399,2079,2021-06-18T11:01:58Z
2020-12-16,10000002,36,120.2,121.7,118,339190764,1851,2021-06-18T11:01:58Z
2020-12-16,10000002,37,38.26,39.99,35.74,219803357,1599,2021-06-18T11:01:58Z
2020-12-16,10000002,38,1160,1167,1077,24186717,1544,2021-06-18T11:01:58Z
2020-12-16,10000002,39,1294,1294,1294,27597663,1582,2021-06-18T11:01:58Z
2020-12-16,10000002,40,660.6,663.5,657.8,8368080,1260,2021-06-18T11:01:58Z
2020-12-16,10000002,11399,53700,53950,49980,581231,609,2021-06-18T11:01:58Z
2020-12-17,10000002,34,6.84,6.88,6.53,4127596692,2045,2021-06-18T11:01:58Z
2020-12-17,10000002,35,20.48,21,19.27,1177255365,1796,2021-06-18T11:01:58Z
2020-12-17,10000002,36,120.7,122,118.3,309837568,1628,2021-06-18T11:01:58Z
2020-12-17,10000002,37,38.99,39,38.97,241369293,1389,2021-06-18T11:01:58Z
2020-12-17,10000002,38,1092,1165,1047,46900113,1399,2021-06-18T11:01:58Z
2020-12-17,10000002,39,1255,1296,1245,20880867,1392,2021-06-18T11:01:58Z
2020-12-17,10000002,40,664,664,664,22479199,1068,2021-06-18T11:01:58Z
2020-12-17,10000002,11399,50110,53350,48510,635982,578,2021-06-18T11:01:58Z
2020-12-18,10000002,34,6.8,6.83,6.66,4050139877,2073,2021-06-18T11:01:58Z
2020-12-18,10000002,35,21,21.69,19.35,1157287073,1699,2021-06-18T11:01:58Z
2020-12-18,10000002,36,122.7,124.5,119.3,270169155,1470,2021-06-18T11:01:58Z
2020-12-18,10000002,37,38.96,39,38.93,153715351,1303,2021-06-18T11:01:58Z
2020-12-18,10000002,38,1148,1149,1106,18256338,1209,2021-06-18T11:01:58Z
2020-12-18,10000002,39,1293,1293,1293,12129540,1216,2021-06-18T11:01:58Z
2020-12-18,10000002,40,613.1,669.6,578.8,10216324,1012,2021-06-18T11:01:58Z
2020-12-18,10000002,11399,53000,53250,50480,697967,539,2021-06-18T11:01:58Z
2020-12-19,10000002,34,6.85,6.92,6.8,6253931330,2362,2021-06-18T11:01:58Z
2020-12-19,10000002,35,21.4,21.78,19.8,1674350391,2016,2021-06-18T11:01:58Z
2020-12-19,10000002,36,121.3,122.7,117.6,373969374,1825,2021-06-18T11:01:58Z
2020-12-19,10000002,37,39.79,39.84,39.78,103370136,1495,2021-06-18T11:01:58Z
2020-12-19,10000002,38,1129,1143,1041,24794556,1452,2021-06-18T11:01:58Z
2020-12-19,10000002,39,1293,1294,1290,20592098,1498,2021-06-18T11:01:58Z
2020-12-19,10000002,40,659.9,668.8,659.8,9926659,1180,2021-06-18T11:01:58Z
2020-12-19,10000002,11399,52980,53090,50640,746184,617,2021-06-18T11:01:58Z
2020-12-20,10000002,34,6.83,6.87,6.74,5855760658,2479,2021-06-18T11:01:58Z
2020-12-20,10000002,35,20.5,21.47,19.89,1615721077,2103,2021-06-18T11:01:58Z
2020-12-20,10000002,36,122.1,123.1,119.3,491100940,1896,2021-06-18T11:01:58Z
2020-12-20,10000002,37,39.98,39.99,39.77,198073584,1545,2021-06-18T11:01:58Z
2020-12-20,10000002,38,1041,1126,1015,39829063,1635,2021-06-18T11:01:58Z
2020-12-20,10000002,39,1292,1299,1205,28545197,1609,2021-06-18T11:01:58Z
2020-12-20,10000002,40,585.5,588.3,585,18478379,1210,2021-06-18T11:01:58Z
2020-12-20,10000002,11399,52920,53090,49040,1486386,688,2021-06-18T11:01:58Z
2020-12-21,10000002,34,6.81,6.85,6.59,4941152375,2125,2021-06-18T11:01:58Z
2020-12-21,10000002,35,19.87,21.11,19.35,1787381084,1884,2021-06-18T11:01:58Z
2020-12-21,10000002,36,122.8,123.4,118.9,339830505,1665,2021-06-18T11:01:58Z
2020-12-21,10000002,37,41.75,41.85,39.45,185834459,1458,2021-06-18T11:01:58Z
2020-12-21,10000002,38,1114,1115,1111,17888315,1406,2021-06-18T11:01:58Z
2020-12-21,10000002,39,1275,1295,1250,12880812,1369,2021-06-18T11:01:58Z
2020-12-21,10000002,40,669.8,669.8,669.7,8208461,1102,2021-06-18T11:01:58Z
2020-12-21,10000002,11399,48780,52740,48240,785183,592,2021-06-18T11:01:58Z
2020-12-22,10000002,34,6.76,6.8,6.57,6370330862,2190,2021-06-18T11:01:58Z
2020-12-22,10000002,35,20.2,20.43,19.42,2102770546,1947,2021-06-18T11:01:58Z
2020-12-22,10000002,36,120.5,123.9,119.8,544060862,1791,2021-06-18T11:01:58Z
2020-12-22,10000002,37,39.99,41,39.99,198471123,1497,2021-06-18T11:01:58Z
2020-12-22,10000002,38,1109,1110,1078,41311527,1511,2021-06-18T11:01:58Z
2020-12-22,10000002,39,1298,1309,1289,27166249,1455,2021-06-18T11:01:58Z
2020-12-22,10000002,40,669.8,669.9,669.7,17941230,1127,2021-06-18T11:01:58Z
2020-12-22,10000002,11399,52670,52960,49060,592195,587,2021-06-18T11:01:58Z
2020-12-23,10000002,34,6.78,6.84,6.72,7297238067,2163,2021-06-18T11:01:58Z
2020-12-23,10000002,35,20.23,20.36,19.5,1353595267,1832,2021-06-18T11:01:58Z
2020-12-23,10000002,36,123.9,126.1,120,465799547,1669,2021-06-18T11:01:58Z
2020-12-23,10000002,37,41.25,45,41.1,218003291,1391,2021-06-18T11:01:58Z
2020-12-23,10000002,38,1110,1126,1108,30333139,1352,2021-06-18T11:01:58Z
2020-12-23,10000002,39,1300,1313,1298,25399625,1352,2021-06-18T11:01:58Z
2020-12-23,10000002,40,661.2,661.2,661.2,11924961,1106,2021-06-18T11:01:58Z
2020-12-23,10000002,11399,52550,52580,52550,945732,606,2021-06-18T11:01:58Z
2020-12-24,10000002,34,6.8,6.87,6.46,5640130908,2043,2021-06-18T11:01:58Z
2020-12-24,10000002,35,18.98,19.48,18.64,1926578671,1869,2021-06-18T11:01:58Z
2020-12-24,10000002,36,124.2,126.1,120.4,335485883,1589,2021-06-18T11:01:58Z
2020-12-24,10000002,37,45.9,45.97,45.8,104674767,1381,2021-06-18T11:01:58Z
2020-12-24,10000002,38,1100,1133,1099,26388074,1395,2021-06-18T11:01:58Z
2020-12-24,10000002,39,1285,1300,1250,31383358,1402,2021-06-18T11:01:58Z
2020-12-24,10000002,40,649,650,644,12136137,1141,2021-06-18T11:01:58Z
2020-12-24,10000002,11399,50980,51600,50500,853843,638,2021-06-18T11:01:58Z
2020-12-25,10000002,34,6.74,6.79,6.54,6170055038,1879,2021-06-18T11:01:58Z
2020-12-25,10000002,35,19.53,20.26,18.45,1738678235,1713,2021-06-18T11:01:58Z
2020-12-25,10000002,36,122.5,123.9,120.6,414905517,1466,2021-06-18T11:01:58Z
2020-12-25,10000002,37,43.02,45.6,40,163002743,1285,2021-06-18T11:01:58Z
2020-12-25,10000002,38,1124,1131,1075,30095359,1314,2021-06-18T11:01:58Z
2020-12-25,10000002,39,1339,1358,1330,18615806,1270,2021-06-18T11:01:58Z
2020-12-25,10000002,40,670,674.4,620,28066690,1068,2021-06-18T11:01:58Z
2020-12-25,10000002,11399,52970,53250,49080,2015913,749,2021-06-18T11:01:58Z
2020-12-26,10000002,34,6.67,6.73,6.53,5595033485,2173,2021-06-18T11:01:58Z
2020-12-26,10000002,35,20.3,20.56,19.53,1773803769,1886,2021-06-18T11:01:58Z
2020-12-26,10000002,36,122.2,123.7,119.8,394976515,1665,2021-06-18T11:01:58Z
2020-12-26,10000002,37,45.51,45.53,45.49,199057412,1471,2021-06-18T11:01:58Z
2020-12-26,10000002,38,1122,1128,1100,25797118,1422,2021-06-18T11:01:58Z
2020-12-26,10000002,39,1293,1338,1245,17510553,1430,2021-06-18T11:01:58Z
2020-12-26,10000002,40,669.6,669.8,650,10238547,1105,2021-06-18T11:01:58Z
2020-12-26,10000002,11399,70000,89990,63400,2713947,891,2021-06-18T11:01:58Z
2020-12-27,10000002,34,6.6,6.7,6.4,5297089794,2311,2021-06-18T11:01:58Z
2020-12-27,10000002,35,20,20.2,19.42,1695269390,1960,2021-06-18T11:01:58Z
2020-12-27,10000002,36,123,124.4,120.8,481904984,1847,2021-06-18T11:01:58Z
2020-12-27,10000002,37,43,45.36,42.09,130072331,1506,2021-06-18T11:01:58Z
2020-12-27,10000002,38,1116,1119,1111,38953383,1454,2021-06-18T11:01:58Z
2020-12-27,10000002,39,1348,1358,1339,22704979,1562,2021-06-18T11:01:58Z
2020-12-27,10000002,40,649.9,669.7,640.1,9273401,1187,2021-06-18T11:01:58Z
2020-12-27,10000002,11399,76990,83940,68000,1368176,765,2021-06-18T11:01:58Z
2020-12-28,10000002,34,6.58,6.72,6.47,4960467676,2251,2021-06-18T11:01:58Z
2020-12-28,10000002,35,19.59,19.95,19.45,1482647834,1871,2021-06-18T11:01:58Z
2020-12-28,10000002,36,124.7,129,123.1,441610848,1747,2021-06-18T11:01:58Z
2020-12-28,10000002,37,45.15,45.22,42.22,115685812,1491,2021-06-18T11:01:58Z
2020-12-28,10000002,38,1117,1119,1038,36166193,1406,2021-06-18T11:01:58Z
2020-12-28,10000002,39,1385,1400,1354,16402965,1362,2021-06-18T11:01:58Z
2020-12-28,10000002,40,649.7,650,645,13648287,1139,2021-06-18T11:01:58Z
2020-12-28,10000002,11399,85500,89250,80000,1884540,818,2021-06-18T11:01:58Z
2020-12-29,10000002,34,6.58,6.64,6.43,4413534848,2143,2021-06-18T11:01:58Z
2020-12-29,10000002,35,19.93,20.01,19.59,1528307685,1925,2021-06-18T11:01:58Z
2020-12-29,10000002,36,121.9,122.8,120,377978407,1693,2021-06-18T11:01:58Z
2020-12-29,10000002,37,42.28,44.1,40.25,110977007,1476,2021-06-18T11:01:58Z
2020-12-29,10000002,38,1064,1102,998.9,42590544,1501,2021-06-18T11:01:58Z
2020-12-29,10000002,39,1395,1407,1306,20536853,1427,2021-06-18T11:01:58Z
2020-12-29,10000002,40,613,656.9,601.2,14574466,1185,2021-06-18T11:01:58Z
2020-12-29,10000002,11399,63190,71110,61600,786673,820,2021-06-18T11:01:58Z
2020-12-30,10000002,34,6.67,6.7,6.35,5015146408,2143,2021-06-18T11:01:58Z
2020-12-30,10000002,35,19.18,19.95,18.71,2128297944,1858,2021-06-18T11:01:58Z
2020-12-30,10000002,36,125.3,141.3,123.8,499372064,1712,2021-06-18T11:01:58Z
2020-12-30,10000002,37,43.8,43.88,40.28,247796708,1389,2021-06-18T11:01:58Z
2020-12-30,10000002,38,1100,1109,1097,34558535,1369,2021-06-18T11:01:58Z
2020-12-30,10000002,39,1408,1418,1357,20599265,1404,2021-06-18T11:01:58Z
2020-12-30,10000002,40,656.8,662.7,655,8077281,1092,2021-06-18T11:01:58Z
2020-12-30,10000002,11399,67490,69900,64460,723657,728,2021-06-18T11:01:58Z
2020-12-31,10000002,34,6.8,6.91,6.67,17665619110,1961,2021-06-18T11:01:58Z
2020-12-31,10000002,35,20.23,22.46,20.07,3899290450,1564,2021-06-18T11:01:58Z
2020-12-31,10000002,36,129.9,133.9,125.9,432757607,1370,2021-06-18T11:01:58Z
2020-12-31,10000002,37,43.85,43.88,43.65,178756637,1131,2021-06-18T11:01:58Z
2020-12-31,10000002,38,1128,1129,1118,19280619,1162,2021-06-18T11:01:58Z
2020-12-31,10000002,39,1420,1433,1345,17125214,1092,2021-06-18T11:01:58Z
2020-12-31,10000002,40,660.6,662.7,635,7402879,904,2021-06-18T11:01:58Z
2020-12-31,10000002,11399,71840,72930,68050,582546,528,2021-06-18T11:01:58Z
2021-01-01,10000002,34,6.81,6.96,6.7,3910212408,2166,2021-07-11T11:01:52Z
2021-01-01,10000002,35,20.15,20.4,20,2167584140,1832,2021-07-11T11:01:52Z
2021-01-01,10000002,36,129.9,130.6,127.8,496338302,1679,2021-07-11T11:01:52Z
2021-01-01,10000002,37,41.15,42.98,40.83,179182799,1440,2021-07-11T11:01:52Z
2021-01-01,10000002,38,1110,1110,1108,31843795,1327,2021-07-11T11:01:52Z
2021-01-01,10000002,39,1396,1399,1311,23049121,1343,2021-07-11T11:01:52Z
2021-01-01,10000002,40,653.7,654,602.6,10726420,1101,2021-07-11T11:01:52Z
2021-01-01,10000002,11399,69990,72380,69000,1253657,777,2021-07-11T11:01:52Z
2021-01-02,10000002,34,6.54,6.93,6.45,6358751950,2513,2021-07-11T11:01:52Z
2021-01-02,10000002,35,20.31,21.34,20,1555391482,2133,2021-07-11T11:01:52Z
2021-01-02,10000002,36,133,135.5,127.7,492005632,1936,2021-07-11T11:01:52Z
2021-01-02,10000002,37,40.99,42.8,39.79,195669358,1580,2021-07-11T11:01:52Z
2021-01-02,10000002,38,1100,1129,981.8,40997669,1497,2021-07-11T11:01:52Z
2021-01-02,10000002,39,1389,1394,1306,27307214,1499,2021-07-11T11:01:52Z
2021-01-02,10000002,40,652,652.9,650,18739930,1195,2021-07-11T11:01:52Z
2021-01-02,10000002,11399,72890,73200,69210,804987,789,2021-07-11T11:01:52Z
2021-01-03,10000002,34,6.57,6.81,6.53,7426253889,2283,2021-07-11T11:01:52Z
2021-01-03,10000002,35,22,22.93,20.18,1350177437,1965,2021-07-11T11:01:52Z
2021-01-03,10000002,36,153.6,159.7,147,390515389,1878,2021-07-11T11:01:52Z
2021-01-03,10000002,37,40.69,40.85,38.4,252353393,1452,2021-07-11T11:01:52Z
2021-01-03,10000002,38,1115,1119,1027,23387001,1398,2021-07-11T11:01:52Z
2021-01-03,10000002,39,1386,1390,1332,19001449,1384,2021-07-11T11:01:52Z
2021-01-03,10000002,40,651.7,652,626.1,11226552,1109,2021-07-11T11:01:52Z
2021-01-03,10000002,11399,72790,73490,68260,1122437,759,2021-07-11T11:01:52Z
2021-01-04,10000002,34,6.74,6.96,6.45,4974822193,2177,2021-07-11T11:01:52Z
2021-01-04,10000002,35,19.93,21.99,15,2401166497,1884,2021-07-11T11:01:52Z
2021-01-04,10000002,36,144.3,149,137.4,398681570,1721,2021-07-11T11:01:52Z
2021-01-04,10000002,37,40.85,42.7,40.75,294180680,1369,2021-07-11T11:01:52Z
2021-01-04,10000002,38,1118,1129,1057,33905347,1341,2021-07-11T11:01:52Z
2021-01-04,10000002,39,1362,1364,1340,13469830,1303,2021-07-11T11:01:52Z
2021-01-04,10000002,40,650,650,649.9,8995409,1072,2021-07-11T11:01:52Z
2021-01-04,10000002,11399,72420,72800,70990,1402391,708,2021-07-11T11:01:52Z
2021-01-05,10000002,34,6.73,6.73,6.73,6614498676,2293,2021-07-11T11:01:52Z
2021-01-05,10000002,35,20.9,22.79,19.98,1705395299,1974,2021-07-11T11:01:52Z
2021-01-05,10000002,36,143,145.4,129.3,332223700,1748,2021-07-11T11:01:52Z
2021-01-05,10000002,37,38.53,41.94,37.8,314084164,1478,2021-07-11T11:01:52Z
2021-01-05,10000002,38,1127,1132,1110,23716846,1402,2021-07-11T11:01:52Z
2021-01-05,10000002,39,1334,1360,1288,24674654,1429,2021-07-11T11:01:52Z
2021-01-05,10000002,40,631,650,602.4,23988033,1168,2021-07-11T11:01:52Z
2021-01-05,10000002,11399,72500,72500,72490,802212,693,2021-07-11T11:01:52Z
2021-01-06,10000002,34,6.69,6.72,6.5,4342137765,2084,2021-07-11T11:01:52Z
2021-01-06,10000002,35,19.53,20.42,19.01,2095844964,1827,2021-07-11T11:01:52Z
2021-01-06,10000002,36,136.8,138.7,129.5,367348063,1647,2021-07-11T11:01:52Z
2021-01-06,10000002,37,37.7,40.97,36.48,244626296,1385,2021-07-11T11:01:52Z
2021-01-06,10000002,38,1095,1150,1054,42889443,1335,2021-07-11T11:01:52Z
2021-01-06,10000002,39,1347,1365,1282,21783964,1362,2021-07-11T11:01:52Z
2021-01-06,10000002,40,648.4,648.8,616.2,9176361,1072,2021-07-11T11:01:52Z
2021-01-06,10000002,11399,72400,72920,69120,592400,603,2021-07-11T11:01:52Z
2021-01-07,10000002,34,6.54,6.9,6.5,5576082901,2282,2021-07-11T11:01:52Z
2021-01-07,10000002,35,20.5,21,20,1588451612,1902,2021-07-11T11:01:52Z
2021-01-07,10000002,36,139.9,141.7,132.8,417018018,1713,2021-07-11T11:01:52Z
2021-01-07,10000002,37,40.86,40.97,37.72,178380887,1452,2021-07-11T11:01:52Z
2021-01-07,10000002,38,1056,1100,970,47566261,1384,2021-07-11T11:01:52Z
2021-01-07,10000002,39,1355,1356,1310,20713245,1440,2021-07-11T11:01:52Z
2021-01-07,10000002,40,647.5,647.8,620,12796551,1150,2021-07-11T11:01:52Z
2021-01-07,10000002,11399,71250,72880,66110,638590,668,2021-07-11T11:01:52Z
2021-01-08,10000002,34,6.47,6.88,6.43,3995459669,2227,2021-07-11T11:01:52Z
2021-01-08,10000002,35,20.9,21,19.52,871319322,1833,2021-07-11T11:01:52Z
2021-01-08,10000002,36,140.7,142.2,133.1,404961210,1679,2021-07-11T11:01:52Z
2021-01-08,10000002,37,40.8,40.88,40.78,198786211,1395,2021-07-11T11:01:52Z
2021-01-08,10000002,38,1094,1095,1030,25652600,1352,2021-07-11T11:01:52Z
2021-01-08,10000002,39,1322,1347,1220,25463412,1434,2021-07-11T11:01:52Z
2021-01-08,10000002,40,635,635.1,634.8,10567148,1155,2021-07-11T11:01:52Z
2021-01-08,10000002,11399,68010,72260,66400,1155641,685,2021-07-11T11:01:52Z
2021-01-09,10000002,34,6.52,6.8,6.45,7086188858,2455,2021-07-11T11:01:52Z
2021-01-09,10000002,35,19.94,19.97,19.35,1601077098,1985,2021-07-11T11:01:52Z
2021-01-09,10000002,36,140.6,142.2,131.3,490826514,1876,2021-07-11T11:01:52Z
2021-01-09,10000002,37,40.86,40.94,40,282291891,1518,2021-07-11T11:01:52Z
2021-01-09,10000002,38,1076,1078,1025,32034050,1524,2021-07-11T11:01:52Z
2021-01-09,10000002,39,1349,1352,1320,21742074,1507,2021-07-11T11:01:52Z
2021-01-09,10000002,40,609,609.1,600,17023908,1293,2021-07-11T11:01:52Z
2021-01-09,10000002,11399,69810,69990,65000,957503,773,2021-07-11T11:01:52Z
2021-01-10,10000002,34,6.63,6.87,6.49,6539802438,2581,2021-07-11T11:01:52Z
2021-01-10,10000002,35,19.75,19.94,19.1,1396104212,2079,2021-07-11T11:01:52Z
2021-01-10,10000002,36,139.2,139.9,132,382460188,1915,2021-07-11T11:01:52Z
2021-01-10,10000002,37,40.86,40.97,38.08,260645695,1595,2021-07-11T11:01:52Z
2021-01-10,10000002,38,1076,1076,1076,70799211,1541,2021-07-11T11:01:52Z
2021-01-10,10000002,39,1294,1351,1201,24342900,1538,2021-07-11T11:01:52Z
2021-01-10,10000002,40,643.7,644,617.1,11422850,1269,2021-07-11T11:01:52Z
2021-01-10,10000002,11399,69400,69850,66030,945388,814,2021-07-11T11:01:52Z
2021-01-11,10000002,34,6.7,6.8,6.48,6659814398,2500,2021-07-11T11:01:52Z
2021-01-11,10000002,35,19.77,19.89,19.34,1602508745,2045,2021-07-11T11:01:52Z
2021-01-11,10000002,36,135.9,138.6,130.3,416448962,1854,2021-07-11T11:01:52Z
2021-01-11,10000002,37,39.85,39.98,37.99,220487607,1555,2021-07-11T11:01:52Z
2021-01-11,10000002,38,1112,1118,1079,33577794,1539,2021-07-11T11:01:52Z
2021-01-11,10000002,39,1350,1350,1350,18473732,1543,2021-07-11T11:01:52Z
2021-01-11,10000002,40,621,643.3,572,10466292,1225,2021-07-11T11:01:52Z
2021-01-11,10000002,11399,66000,69920,65000,694879,503,2021-07-11T11:01:52Z
2021-01-12,10000002,34,6.71,6.79,6.43,6675280201,2275,2021-07-11T11:01:52Z
2021-01-12,10000002,35,19.48,19.95,19.07,1643188136,1874,2021-07-11T11:01:52Z
2021-01-12,10000002,36,136.9,137.3,130.7,424782667,1723,2021-07-11T11:01:52Z
2021-01-12,10000002,37,35.99,37,34.5,474289361,1450,2021-07-11T11:01:52Z
2021-01-12,10000002,38,1119,1128,1097,34586309,1343,2021-07-11T11:01:52Z
2021-01-12,10000002,39,1345,1346,1337,13357897,1340,2021-07-11T11:01:52Z
2021-01-12,10000002,40,642.4,642.6,620,9269454,1133,2021-07-11T11:01:52Z
2021-01-12,10000002,11399,72230,73500,70000,2768420,611,2021-07-11T11:01:52Z
2021-01-13,10000002,34,6.25,6.38,6.2,9676905777,2161,2021-07-11T11:01:52Z
2021-01-13,10000002,35,18.6,19.54,18.45,2265158756,1890,2021-07-11T11:01:52Z
2021-01-13,10000002,36,138,140.7,129.9,601404501,1687,2021-07-11T11:01:52Z
2021-01-13,10000002,37,37.96,38,34.47,230141114,1340,2021-07-11T11:01:52Z
2021-01-13,10000002,38,1169,1172,1106,26006777,1285,2021-07-11T11:01:52Z
2021-01-13,10000002,39,1339,1344,1300,19670396,1340,2021-07-11T11:01:52Z
2021-01-13,10000002,40,639.7,639.8,637.8,11685803,1112,2021-07-11T11:01:52Z
2021-01-13,10000002,11399,84000,84680,77380,679278,604,2021-07-11T11:01:52Z
2021-01-14,10000002,34,6.29,6.31,6.2,5563665866,2324,2021-07-11T11:01:52Z
2021-01-14,10000002,35,17.5,18.74,16.22,1822232669,1892,2021-07-11T11:01:52Z
2021-01-14,10000002,36,139.6,140.7,138.9,393641774,1728,2021-07-11T11:01:52Z
2021-01-14,10000002,37,37.99,38,37.98,179864264,1348,2021-07-11T11:01:52Z
2021-01-14,10000002,38,1159,1167,1110,28046291,1290,2021-07-11T11:01:52Z
2021-01-14,10000002,39,1313,1340,1299,16601614,1313,2021-07-11T11:01:52Z
2021-01-14,10000002,40,635.6,635.6,635.6,19640414,1123,2021-07-11T11:01:52Z
2021-01-14,10000002,11399,79100,82000,78080,772395,576,2021-07-11T11:01:52Z
2021-01-15,10000002,34,6.32,6.38,6.22,7533785394,2428,2021-07-11T11:01:52Z
2021-01-15,10000002,35,17.5,17.95,17.29,1698158193,2052,2021-07-11T11:01:52Z
2021-01-15,10000002,36,137.7,139.7,133.2,466844529,1892,2021-07-11T11:01:52Z
2021-01-15,10000002,37,36.5,36.5,36.5,241799561,1628,2021-07-11T11:01:52Z
2021-01-15,10000002,38,1159,1160,1158,27604340,1483,2021-07-11T11:01:52Z
2021-01-15,10000002,39,1335,1338,1223,19612267,1549,2021-07-11T11:01:52Z
2021-01-15,10000002,40,627.8,629.7,627.6,11318214,1277,2021-07-11T11:01:52Z
2021-01-15,10000002,11399,77390,80850,75380,1116604,706,2021-07-11T11:01:52Z
2021-01-16,10000002,34,6.4,6.48,6.25,6406089496,2941,2021-07-11T11:01:52Z
2021-01-16,10000002,35,17.43,18.56,17.41,2833010361,2451,2021-07-11T11:01:52Z
2021-01-16,10000002,36,140,141.8,132.2,578009097,2271,2021-07-11T11:01:52Z
2021-01-16,10000002,37,35,35.75,34.62,294142299,1871,2021-07-11T11:01:52Z
2021-01-16,10000002,38,1160,1162,1160,42902039,1848,2021-07-11T11:01:52Z
2021-01-16,10000002,39,1303,1309,1299,31627515,1883,2021-07-11T11:01:52Z
2021-01-16,10000002,40,621,621.4,621,22989802,1521,2021-07-11T11:01:52Z
2021-01-16,10000002,11399,78580,79410,75410,1260641,774,2021-07-11T11:01:52Z
2021-01-17,10000002,34,6.5,6.58,6.36,7432689075,3060,2021-07-11T11:01:52Z
2021-01-17,10000002,35,19.59,19.69,18.6,1447905731,2473,2021-07-11T11:01:52Z
2021-01-17,10000002,36,141.1,142.4,136.5,436293148,2386,2021-07-11T11:01:52Z
2021-01-17,10000002,37,36.07,39.85,35.79,330470912,1887,2021-07-11T11:01:52Z
2021-01-17,10000002,38,1160,1160,1159,37379059,1796,2021-07-11T11:01:52Z
2021-01-17,10000002,39,1301,1310,1298,20996448,1893,2021-07-11T11:01:52Z
2021-01-17,10000002,40,618.7,618.7,618.7,16774052,1553,2021-07-11T11:01:52Z
2021-01-17,10000002,11399,81000,81420,79970,565437,723,2021-07-11T11:01:52Z
2021-01-18,10000002,34,6.34,6.48,6.23,4465343856,2402,2021-07-11T11:01:52Z
2021-01-18,10000002,35,19.09,19.37,18.5,1454654074,2030,2021-07-11T11:01:52Z
2021-01-18,10000002,36,141.7,145,137.9,555620055,1859,2021-07-11T11:01:52Z
2021-01-18,10000002,37,36.62,39.93,36.04,302348290,1479,2021-07-11T11:01:52Z
2021-01-18,10000002,38,1165,1172,1155,30101118,1495,2021-07-11T11:01:52Z
2021-01-18,10000002,39,1300,1339,1258,25692949,1544,2021-07-11T11:01:52Z
2021-01-18,10000002,40,614.9,618.1,614.9,15027448,1241,2021-07-11T11:01:52Z
2021-01-18,10000002,11399,81000,84370,77560,1176511,687,2021-07-11T11:01:52Z
2021-01-19,10000002,34,6.12,6.27,6.03,5425053543,2374,2021-07-11T11:01:52Z
2021-01-19,10000002,35,17.67,18.31,17.07,1383248299,1969,2021-07-11T11:01:52Z
2021-01-19,10000002,36,139,141.4,134.1,277061503,1732,2021-07-11T11:01:52Z
2021-01-19,10000002,37,39.64,39.67,36.59,79280658,1401,2021-07-11T11:01:52Z
2021-01-19,10000002,38,1162,1164,1101,25170157,1367,2021-07-11T11:01:52Z
2021-01-19,10000002,39,1325,1326,1319,10701756,1377,2021-07-11T11:01:52Z
2021-01-19,10000002,40,610,613.9,591.1,6550993,1160,2021-07-11T11:01:52Z
2021-01-19,10000002,11399,83440,84000,80010,414928,572,2021-07-11T11:01:52Z
2021-01-20,10000002,34,6.2,6.37,6.06,5719265977,2230,2021-07-11T11:01:52Z
2021-01-20,10000002,35,17.5,17.54,17.02,1489336617,1866,2021-07-11T11:01:52Z
2021-01-20,10000002,36,138.8,140,137,343899949,1684,2021-07-11T11:01:52Z
2021-01-20,10000002,37,38.02,39.67,37.77,159290262,1368,2021-07-11T11:01:52Z
2021-01-20,10000002,38,1166,1168,1152,26731348,1296,2021-07-11T11:01:52Z
2021-01-20,10000002,39,1326,1326,1325,14083922,1368,2021-07-11T11:01:52Z
2021-01-20,10000002,40,612,613,609,6189346,1106,2021-07-11T11:01:52Z
2021-01-20,10000002,11399,84000,85880,83440,1443983,632,2021-07-11T11:01:52Z
2021-01-21,10000002,34,6.13,6.17,5.98,5031942245,2323,2021-07-11T11:01:52Z
2021-01-21,10000002,35,18.02,18.19,17.55,1436075842,1952,2021-07-11T11:01:52Z
2021-01-21,10000002,36,136.9,142.3,135,474303455,1838,2021-07-11T11:01:52Z
2021-01-21,10000002,37,37.26,37.85,37.26,172988240,1487,2021-07-11T11:01:52Z
2021-01-21,10000002,38,1180,1186,1151,28952764,1418,2021-07-11T11:01:52Z
2021-01-21,10000002,39,1324,1327,1311,18943123,1502,2021-07-11T11:01:52Z
2021-01-21,10000002,40,605,612.5,592.5,8571501,1199,2021-07-11T11:01:52Z
2021-01-21,10000002,11399,81010,83440,80050,983739,681,2021-07-11T11:01:52Z
2021-01-22,10000002,34,6.11,6.17,6.03,5545561470,2513,2021-07-11T11:01:52Z
2021-01-22,10000002,35,17.71,18.15,17.46,1714689565,2100,2021-07-11T11:01:52Z
2021-01-22,10000002,36,143.7,144,140,386646629,2024,2021-07-11T11:01:52Z
2021-01-22,10000002,37,39.67,39.7,38.3,197827975,1595,2021-07-11T11:01:52Z
2021-01-22,10000002,38,1196,1198,1180,23559218,1490,2021-07-11T11:01:52Z
2021-01-22,10000002,39,1338,1339,1325,28613758,1522,2021-07-11T11:01:52Z
2021-01-22,10000002,40,608,609,603,19318158,1240,2021-07-11T11:01:52Z
2021-01-22,10000002,11399,79880,83000,79190,871960,656,2021-07-11T11:01:52Z
2021-01-23,10000002,34,6.12,6.18,5.94,5365160973,2457,2021-07-11T11:01:52Z
2021-01-23,10000002,35,18.2,18.2,18.2,2410797060,2022,2021-07-11T11:01:52Z
2021-01-23,10000002,36,140,143.1,138.7,524452488,1915,2021-07-11T11:01:52Z
2021-01-23,10000002,37,39.8,39.86,39.77,177502544,1625,2021-07-11T11:01:52Z
2021-01-23,10000002,38,1194,1198,1171,31590276,1514,2021-07-11T11:01:52Z
2021-01-23,10000002,39,1358,1360,1341,29465099,1561,2021-07-11T11:01:52Z
2021-01-23,10000002,40,611,611.8,603,7625109,1237,2021-07-11T11:01:52Z
2021-01-23,10000002,11399,78750,81260,78260,1333232,773,2021-07-11T11:01:52Z
2021-01-24,10000002,34,6.12,6.32,6.06,6504230560,2713,2021-07-11T11:01:52Z
2021-01-24,10000002,35,18.09,18.2,17.38,1339392465,2215,2021-07-11T11:01:52Z
2021-01-24,10000002,36,140,142.1,138.9,459252069,1989,2021-07-11T11:01:52Z
2021-01-24,10000002,37,39.8,39.97,37.76,174963561,1754,2021-07-11T11:01:52Z
2021-01-24,10000002,38,1182,1187,1152,29599826,1638,2021-07-11T11:01:52Z
2021-01-24,10000002,39,1383,1390,1379,37721863,1631,2021-07-11T11:01:52Z
2021-01-24,10000002,40,609.9,610.9,603,11928255,1330,2021-07-11T11:01:52Z
2021-01-24,10000002,11399,79310,81340,78380,932331,831,2021-07-11T11:01:52Z
2021-01-25,10000002,34,6.16,6.27,5.92,4541670639,2291,2021-07-11T11:01:52Z
2021-01-25,10000002,35,18.1,18.19,17.31,1600467992,1955,2021-07-11T11:01:52Z
2021-01-25,10000002,36,140.7,142.2,133.9,508724380,1742,2021-07-11T11:01:52Z
2021-01-25,10000002,37,40.9,40.9,40.25,172147314,1469,2021-07-11T11:01:52Z
2021-01-25,10000002,38,1201,1215,1185,29891217,1402,2021-07-11T11:01:52Z
2021-01-25,10000002,39,1431,1436,1356,20025770,1433,2021-07-11T11:01:52Z
2021-01-25,10000002,40,612.1,612.5,611.8,6761961,1133,2021-07-11T11:01:52Z
2021-01-25,10000002,11399,80000,80680,76430,667734,637,2021-07-11T11:01:52Z
2021-01-26,10000002,34,6.11,6.15,5.98,4059254306,2401,2021-07-11T11:01:52Z
2021-01-26,10000002,35,17.99,18.17,17.28,1306788566,1997,2021-07-11T11:01:52Z
2021-01-26,10000002,36,139.4,140.1,136.4,375990819,1832,2021-07-11T11:01:52Z
2021-01-26,10000002,37,40.66,40.7,39.98,115695017,1562,2021-07-11T11:01:52Z
2021-01-26,10000002,38,1240,1244,1227,22954143,1475,2021-07-11T11:01:52Z
2021-01-26,10000002,39,1489,1501,1480,14507601,1554,2021-07-11T11:01:52Z
2021-01-26,10000002,40,611.9,612,597.4,8061339,1308,2021-07-11T11:01:52Z
2021-01-26,10000002,11399,79970,80290,78410,724620,650,2021-07-11T11:01:52Z
2021-01-27,10000002,34,6.05,6.15,5.9,4396053265,2285,2021-07-11T11:01:52Z
2021-01-27,10000002,35,18.14,18.19,16.89,1468421443,1969,2021-07-11T11:01:52Z
2021-01-27,10000002,36,138,139.3,133.4,374446564,1768,2021-07-11T11:01:52Z
2021-01-27,10000002,37,39.8,40.96,39.19,112793823,1430,2021-07-11T11:01:52Z
2021-01-27,10000002,38,1250,1286,1238,31747547,1405,2021-07-11T11:01:52Z
2021-01-27,10000002,39,1,1,1,33340444,1462,2021-07-11T11:01:52Z
2021-01-27,10000002,40,605,605,605,6650462,1134,2021-07-11T11:01:52Z
2021-01-27,10000002,11399,79490,79950,76050,808108,716,2021-07-11T11:01:52Z
2021-01-28,10000002,34,6.05,6.19,6,4819882180,2309,2021-07-11T11:01:52Z
2021-01-28,10000002,35,18.32,18.35,18.24,1062332315,1875,2021-07-11T11:01:52Z
2021-01-28,10000002,36,138.4,138.9,133,406106836,1732,2021-07-11T11:01:52Z
2021-01-28,10000002,37,40.87,40.97,40,100702512,1438,2021-07-11T11:01:52Z
2021-01-28,10000002,38,1277,1290,1189,25691705,1396,2021-07-11T11:01:52Z
2021-01-28,10000002,39,1444,1492,1320,18964557,1437,2021-07-11T11:01:52Z
2021-01-28,10000002,40,610.9,612.3,610.7,10861720,1196,2021-07-11T11:01:52Z
2021-01-28,10000002,11399,78360,79440,75160,881073,732,2021-07-11T11:01:52Z
2021-01-29,10000002,34,6.07,6.21,6,5753812211,2418,2021-07-11T11:01:52Z
2021-01-29,10000002,35,18.31,18.38,18.02,1266474437,1995,2021-07-11T11:01:52Z
2021-01-29,10000002,36,136.3,137.1,126.4,445758017,1924,2021-07-11T11:01:52Z
2021-01-29,10000002,37,42.88,42.88,42.88,255003776,1487,2021-07-11T11:01:52Z
2021-01-29,10000002,38,1284,1288,1171,21359039,1457,2021-07-11T11:01:52Z
2021-01-29,10000002,39,1433,1441,1348,15260835,1477,2021-07-11T11:01:52Z
2021-01-29,10000002,40,590,612.4,570.1,14403609,1231,2021-07-11T11:01:52Z
2021-01-29,10000002,11399,77600,77990,75980,818413,642,2021-07-11T11:01:52Z
2021-01-30,10000002,34,6.07,6.22,6.05,6426076323,2723,2021-07-11T11:01:52Z
2021-01-30,10000002,35,18.43,18.9,18.03,1594812306,2253,2021-07-11T11:01:52Z
2021-01-30,10000002,36,137.1,138.9,128.6,511921101,2089,2021-07-11T11:01:52Z
2021-01-30,10000002,37,42.87,42.9,42.85,174144717,1622,2021-07-11T11:01:52Z
2021-01-30,10000002,38,1300,1320,1259,29004273,1567,2021-07-11T11:01:52Z
2021-01-30,10000002,39,1400,1424,1352,23915662,1651,2021-07-11T11:01:52Z
2021-01-30,10000002,40,610.9,612.4,550.1,11658991,1449,2021-07-11T11:01:52Z
2021-01-30,10000002,11399,75630,77500,72560,1267593,807,2021-07-11T11:01:52Z
2021-01-31,10000002,34,6.25,6.32,6.04,6407383452,2811,2021-07-11T11:01:52Z
2021-01-31,10000002,35,18.49,18.72,17.93,1757001459,2335,2021-07-11T11:01:52Z
2021-01-31,10000002,36,134.8,136.5,130.3,506744906,2156,2021-07-11T11:01:52Z
2021-01-31,10000002,37,42.8,42.86,40.12,282875357,1807,2021-07-11T11:01:52Z
2021-01-31,10000002,38,1199,1315,1099,62467845,1723,2021-07-11T11:01:52Z
2021-01-31,10000002,39,1290,1369,1199,44087912,1798,2021-07-11T11:01:52Z
2021-01-31,10000002,40,599.8,611.7,585,15430155,1477,2021-07-11T11:01:52Z
2021-01-31,10000002,11399,76000,77290,72240,1143909,774,2021-07-11T11:01:52Z
2021-02-01,10000002,34,6.15,6.27,6.08,8567050333,2461,2021-07-11T11:01:52Z
2021-02-01,10000002,35,18.52,18.8,18.01,1747264792,2115,2021-07-11T11:01:52Z
2021-02-01,10000002,36,130,133.7,126.2,549734518,1903,2021-07-11T11:01:52Z
2021-02-01,10000002,37,45,45,45,777103423,1572,2021-07-11T11:01:52Z
2021-02-01,10000002,38,1319,1400,1317,34895829,1489,2021-07-11T11:01:52Z
2021-02-01,10000002,39,1421,1424,1399,29220832,1583,2021-07-11T11:01:52Z
2021-02-01,10000002,40,618.4,646.3,612.5,27043529,1281,2021-07-11T11:01:52Z
2021-02-01,10000002,11399,77940,77990,72570,810366,694,2021-07-11T11:01:52Z
2021-02-02,10000002,34,6.15,6.2,6,3866462625,2308,2021-07-11T11:01:52Z
2021-02-02,10000002,35,18.6,18.87,18.44,1314514735,1978,2021-07-11T11:01:52Z
2021-02-02,10000002,36,130,131.4,124,452344071,1826,2021-07-11T11:01:52Z
2021-02-02,10000002,37,43.11,44.8,40.03,162536950,1509,2021-07-11T11:01:52Z
2021-02-02,10000002,38,1375,1400,1365,27211036,1378,2021-07-11T11:01:52Z
2021-02-02,10000002,39,1400,1416,1365,22839912,1482,2021-07-11T11:01:52Z
2021-02-02,10000002,40,612.8,617.6,584.9,14166057,1187,2021-07-11T11:01:52Z
2021-02-02,10000002,11399,75000,78870,73520,685797,748,2021-07-11T11:01:52Z
2021-02-03,10000002,34,6.11,6.17,6,4771304756,2249,2021-07-11T11:01:52Z
2021-02-03,10000002,35,18.5,18.54,17.58,1123598667,1832,2021-07-11T11:01:52Z
2021-02-03,10000002,36,130,130.2,128.2,378809258,1680,2021-07-11T11:01:52Z
2021-02-03,10000002,37,42,42.9,41.91,156311889,1323,2021-07-11T11:01:52Z
2021-02-03,10000002,38,1427,1446,1370,22132362,1291,2021-07-11T11:01:52Z
2021-02-03,10000002,39,1419,1424,1380,12643728,1318,2021-07-11T11:01:52Z
2021-02-03,10000002,40,617.8,618.4,610.9,8390595,1142,2021-07-11T11:01:52Z
2021-02-03,10000002,11399,78550,78600,76010,640168,645,2021-07-11T11:01:52Z
2021-02-04,10000002,34,6.07,6.2,6.04,3308128302,2183,2021-07-11T11:01:52Z
2021-02-04,10000002,35,18.09,18.64,17.73,1410344667,1830,2021-07-11T11:01:52Z
2021-02-04,10000002,36,130.8,131.4,128.9,467298499,1712,2021-07-11T11:01:52Z
2021-02-04,10000002,37,39.96,39.96,39.95,297016114,1378,2021-07-11T11:01:52Z
2021-02-04,10000002,38,1406,1434,1360,24509863,1342,2021-07-11T11:01:52Z
2021-02-04,10000002,39,1365,1415,1272,21191103,1396,2021-07-11T11:01:52Z
2021-02-04,10000002,40,583.2,623.5,451.2,10414149,1103,2021-07-11T11:01:52Z
2021-02-04,10000002,11399,76150,78000,75000,907372,712,2021-07-11T11:01:52Z
2021-02-05,10000002,34,6,6.1,5.91,4087926780,2352,2021-07-11T11:01:52Z
2021-02-05,10000002,35,18.39,18.69,18.09,1410108363,1922,2021-07-11T11:01:52Z
2021-02-05,10000002,36,130.3,131,127.1,380115793,1673,2021-07-11T11:01:52Z
2021-02-05,10000002,37,41.96,42,39.81,203842165,1429,2021-07-11T11:01:52Z
2021-02-05,10000002,38,1401,1401,1397,28078548,1342,2021-07-11T11:01:52Z
2021-02-05,10000002,39,1389,1400,1311,25208939,1397,2021-07-11T11:01:52Z
2021-02-05,10000002,40,624.7,625,615,7869030,1141,2021-07-11T11:01:52Z
2021-02-05,10000002,11399,74000,76150,71300,883035,611,2021-07-11T11:01:52Z
2021-02-06,10000002,34,6.09,6.15,6,5311773649,2828,2021-07-11T11:01:52Z
2021-02-06,10000002,35,18.35,18.56,18.04,1972443572,2316,2021-07-11T11:01:52Z
2021-02-06,10000002,36,130,130.3,125.6,435073169,2050,2021-07-11T11:01:52Z
2021-02-06,10000002,37,42.08,42.08,42.05,451624052,1758,2021-07-11T11:01:52Z
2021-02-06,10000002,38,1385,1394,1286,31931124,1685,2021-07-11T11:01:52Z
2021-02-06,10000002,39,1389,1390,1386,17743003,1815,2021-07-11T11:01:52Z
2021-02-06,10000002,40,623.9,624.9,541.5,9902282,1409,2021-07-11T11:01:52Z
2021-02-06,10000002,11399,73700,74990,72520,1138855,770,2021-07-11T11:01:52Z
2021-02-07,10000002,34,6.08,6.11,5.8,5527223226,2949,2021-07-11T11:01:52Z
2021-02-07,10000002,35,18.4,18.52,17.52,1742001002,2408,2021-07-11T11:01:52Z
2021-02-07,10000002,36,130.2,130.5,124.4,444773337,2153,2021-07-11T11:01:52Z
2021-02-07,10000002,37,43.72,43.78,42.99,121263387,1765,2021-07-11T11:01:52Z
2021-02-07,10000002,38,1380,1396,1370,22859667,1667,2021-07-11T11:01:52Z
2021-02-07,10000002,39,1375,1396,1257,28294823,1753,2021-07-11T11:01:52Z
2021-02-07,10000002,40,623.8,624.7,620,6599415,1405,2021-07-11T11:01:52Z
2021-02-07,10000002,11399,74000,75000,72570,824137,764,2021-07-11T11:01:52Z
2021-02-08,10000002,34,5.97,6.01,5.9,6738111369,2444,2021-07-11T11:01:52Z
2021-02-08,10000002,35,18.39,18.46,17.9,1781658072,2018,2021-07-11T11:01:52Z
2021-02-08,10000002,36,129.2,129.9,124.4,496209018,1884,2021-07-11T11:01:52Z
2021-02-08,10000002,37,39.72,43.71,38.68,362425261,1549,2021-07-11T11:01:52Z
2021-02-08,10000002,38,1370,1376,1299,30489425,1456,2021-07-11T11:01:52Z
2021-02-08,10000002,39,1366,1387,1274,27166998,1567,2021-07-11T11:01:52Z
2021-02-08,10000002,40,625,625,625,11364284,1214,2021-07-11T11:01:52Z
2021-02-08,10000002,11399,74900,76630,73000,604881,709,2021-07-11T11:01:52Z
2021-02-09,10000002,34,5.98,6,5.9,4908264585,2469,2021-07-11T11:01:52Z
2021-02-09,10000002,35,18.42,18.46,18.08,1405578375,2148,2021-07-11T11:01:52Z
2021-02-09,10000002,36,129.7,130.9,125.9,344426478,1976,2021-07-11T11:01:52Z
2021-02-09,10000002,37,42.96,42.97,42.94,398892766,1745,2021-07-11T11:01:52Z
2021-02-09,10000002,38,1370,1374,1360,27237301,1567,2021-07-11T11:01:52Z
2021-02-09,10000002,39,1390,1392,1368,17327244,1553,2021-07-11T11:01:52Z
2021-02-09,10000002,40,625,625,625,10212055,1243,2021-07-11T11:01:52Z
2021-02-09,10000002,11399,75490,76500,71150,634489,605,2021-07-11T11:01:52Z
2021-02-10,10000002,34,5.99,6,5.98,7677456756,2520,2021-07-11T11:01:52Z
2021-02-10,10000002,35,18.43,18.45,18.43,2172472070,2074,2021-07-11T11:01:52Z
2021-02-10,10000002,36,129.4,131.3,127,442375670,1875,2021-07-11T11:01:52Z
2021-02-10,10000002,37,44.69,44.7,43.99,160731570,1585,2021-07-11T11:01:52Z
2021-02-10,10000002,38,1368,1369,1350,30590101,1461,2021-07-11T11:01:52Z
2021-02-10,10000002,39,1391,1399,1388,16882893,1567,2021-07-11T11:01:52Z
2021-02-10,10000002,40,625.1,637.6,618.6,10723699,1284,2021-07-11T11:01:52Z
2021-02-10,10000002,11399,75000,76600,72330,705263,662,2021-07-11T11:01:52Z
2021-02-11,10000002,34,5.95,6.05,5.8,5876896553,2492,2021-07-11T11:01:52Z
2021-02-11,10000002,35,18.22,18.4,18.06,1689519806,2116,2021-07-11T11:01:52Z
2021-02-11,10000002,36,129,129.9,122.8,385748381,1868,2021-07-11T11:01:52Z
2021-02-11,10000002,37,42.03,44.73,41.84,222649268,1509,2021-07-11T11:01:52Z
2021-02-11,10000002,38,1366,1369,1284,26642434,1385,2021-07-11T11:01:52Z
2021-02-11,10000002,39,1397,1399,1256,14992698,1418,2021-07-11T11:01:52Z
2021-02-11,10000002,40,562.4,630,561.1,10710352,1152,2021-07-11T11:01:52Z
2021-02-11,10000002,11399,75860,76130,73700,645578,615,2021-07-11T11:01:52Z
2021-02-12,10000002,34,6.06,6.08,5.95,4791603510,2709,2021-07-11T11:01:52Z
2021-02-12,10000002,35,18.39,18.42,18.34,1783501110,2237,2021-07-11T11:01:52Z
2021-02-12,10000002,36,130,132.7,128.3,421209053,1999,2021-07-11T11:01:52Z
2021-02-12,10000002,37,44.7,44.7,44.66,220565577,1636,2021-07-11T11:01:52Z
2021-02-12,10000002,38,1365,1367,1339,29073315,1542,2021-07-11T11:01:52Z
2021-02-12,10000002,39,1408,1413,1400,17929198,1604,2021-07-11T11:01:52Z
2021-02-12,10000002,40,630,630,630,12994739,1260,2021-07-11T11:01:52Z
2021-02-12,10000002,11399,73870,75800,73680,760671,639,2021-07-11T11:01:52Z
2021-02-13,10000002,34,5.99,6.03,5.94,5827088450,2975,2021-07-11T11:01:52Z
2021-02-13,10000002,35,18.47,18.57,18.14,2027984424,2472,2021-07-11T11:01:52Z
2021-02-13,10000002,36,130.2,133,128.2,422395094,2255,2021-07-11T11:01:52Z
2021-02-13,10000002,37,44.74,44.77,44.65,332394784,1844,2021-07-11T11:01:52Z
2021-02-13,10000002,38,1365,1367,1362,36691445,1654,2021-07-11T11:01:52Z
2021-02-13,10000002,39,1412,1417,1391,24310364,1801,2021-07-11T11:01:52Z
2021-02-13,10000002,40,632.6,635.5,629.1,11100029,1433,2021-07-11T11:01:52Z
2021-02-13,10000002,11399,75770,75840,74490,1037357,737,2021-07-11T11:01:52Z
2021-02-14,10000002,34,5.98,6.03,5.94,6535025874,2923,2021-07-11T11:01:52Z
2021-02-14,10000002,35,19,19.38,18.45,1915484186,2544,2021-07-11T11:01:52Z
2021-02-14,10000002,36,129.6,131.9,127.7,470047135,2188,2021-07-11T11:01:52Z
2021-02-14,10000002,37,44.77,44.77,44.77,950439641,1854,2021-07-11T11:01:52Z
2021-02-14,10000002,38,1332,1365,1328,44388419,1667,2021-07-11T11:01:52Z
2021-02-14,10000002,39,1400,1424,1298,25086454,1749,2021-07-11T11:01:52Z
2021-02-14,10000002,40,620,629,500,14237408,1397,2021-07-11T11:01:52Z
2021-02-14,10000002,11399,70310,74880,66000,1116407,823,2021-07-11T11:01:52Z
2021-02-15,10000002,34,6.03,6.11,5.99,5312215784,2371,2021-07-11T11:01:52Z
2021-02-15,10000002,35,19.37,19.39,18.58,1234590873,2007,2021-07-11T11:01:52Z
2021-02-15,10000002,36,130,131,127.1,280358655,1777,2021-07-11T11:01:52Z
2021-02-15,10000002,37,44.93,44.96,44,120642834,1521,2021-07-11T11:01:52Z
2021-02-15,10000002,38,1350,1363,1304,24861637,1425,2021-07-11T11:01:52Z
2021-02-15,10000002,39,1428,1435,1424,17257995,1464,2021-07-11T11:01:52Z
2021-02-15,10000002,40,627.9,629.7,621.2,6997813,1158,2021-07-11T11:01:52Z
2021-02-15,10000002,11399,71100,71500,70590,987341,709,2021-07-11T11:01:52Z
2021-02-16,10000002,34,6.07,6.13,5.91,3609946041,2547,2021-07-11T11:01:52Z
2021-02-16,10000002,35,19.4,19.45,18.66,1340692266,2219,2021-07-11T11:01:52Z
2021-02-16,10000002,36,129.2,132.4,126.7,367030437,2016,2021-07-11T11:01:52Z
2021-02-16,10000002,37,44.94,44.97,44.9,236222281,1674,2021-07-11T11:01:52Z
2021-02-16,10000002,38,1363,1364,1359,27933638,1508,2021-07-11T11:01:52Z
2021-02-16,10000002,39,1438,1508,1415,21809880,1570,2021-07-11T11:01:52Z
2021-02-16,10000002,40,627.5,628,627,6878440,1290,2021-07-11T11:01:52Z
2021-02-16,10000002,11399,72190,72800,68000,958288,721,2021-07-11T11:01:52Z
2021-02-17,10000002,34,6.03,6.06,5.85,3776392791,2418,2021-07-11T11:01:52Z
2021-02-17,10000002,35,18.55,19.29,18.08,1813792640,1980,2021-07-11T11:01:52Z
2021-02-17,10000002,36,129.9,133.2,127.8,347744334,1815,2021-07-11T11:01:52Z
2021-02-17,10000002,37,40.37,44.95,40.1,562722488,1520,2021-07-11T11:01:52Z
2021-02-17,10000002,38,1370,1370,1370,37839851,1360,2021-07-11T11:01:52Z
2021-02-17,10000002,39,1519,1687,1378,16509266,1392,2021-07-11T11:01:52Z
2021-02-17,10000002,40,582.7,626,580.3,11810385,1169,2021-07-11T11:01:52Z
2021-02-17,10000002,11399,66270,71300,66000,1337740,637,2021-07-11T11:01:52Z
2021-02-18,10000002,34,6,6.07,5.88,5346018780,2391,2021-07-11T11:01:52Z
2021-02-18,10000002,35,18.7,18.9,18.41,1252445007,1977,2021-07-11T11:01:52Z
2021-02-18,10000002,36,129.6,132.1,125.4,380212933,1776,2021-07-11T11:01:52Z
2021-02-18,10000002,37,44.74,44.79,42,138484407,1489,2021-07-11T11:01:52Z
2021-02-18,10000002,38,1361,1369,1323,53564196,1450,2021-07-11T11:01:52Z
2021-02-18,10000002,39,1388,1496,1378,28590281,1482,2021-07-11T11:01:52Z
2021-02-18,10000002,40,577.6,623.9,560.1,12195207,1163,2021-07-11T11:01:52Z
2021-02-18,10000002,11399,69890,69910,66060,1072684,666,2021-07-11T11:01:52Z
2021-02-19,10000002,34,6.01,6.15,5.9,4617292312,2428,2021-07-11T11:01:52Z
2021-02-19,10000002,35,18.8,18.86,18.02,2289619323,2066,2021-07-11T11:01:52Z
2021-02-19,10000002,36,129.7,131.9,128.3,449179701,1872,2021-07-11T11:01:52Z
2021-02-19,10000002,37,44.8,44.8,44.79,204898829,1545,2021-07-11T11:01:52Z
2021-02-19,10000002,38,1372,1373,1355,32294110,1450,2021-07-11T11:01:52Z
2021-02-19,10000002,39,1500,1579,1485,15493922,1453,2021-07-11T11:01:52Z
2021-02-19,10000002,40,620,622.8,619.9,11237068,1204,2021-07-11T11:01:52Z
2021-02-19,10000002,11399,71700,73000,67010,803349,675,2021-07-11T11:01:52Z
2021-02-20,10000002,34,5.91,6.1,5.9,11676448144,2692,2021-07-11T11:01:52Z
2021-02-20,10000002,35,18.83,18.84,18,1895032566,2246,2021-07-11T11:01:52Z
2021-02-20,10000002,36,130.3,131.3,127.1,497421923,2104,2021-07-11T11:01:52Z
2021-02-20,10000002,37,44.79,44.8,43.76,212409030,1667,2021-07-11T11:01:52Z
2021-02-20,10000002,38,1372,1375,1276,29819765,1664,2021-07-11T11:01:52Z
2021-02-20,10000002,39,1550,1560,1415,16409470,1668,2021-07-11T11:01:52Z
2021-02-20,10000002,40,640,640,640,37743116,1367,2021-07-11T11:01:52Z
2021-02-20,10000002,11399,73190,73280,73190,1291236,735,2021-07-11T11:01:52Z
2021-02-21,10000002,34,6.09,6.13,5.91,6371550758,2881,2021-07-11T11:01:52Z
2021-02-21,10000002,35,18.83,18.85,18,1625190185,2470,2021-07-11T11:01:52Z
2021-02-21,10000002,36,130.8,134,125,483979513,2313,2021-07-11T11:01:52Z
2021-02-21,10000002,37,44.75,44.76,44.71,142060069,1842,2021-07-11T11:01:52Z
2021-02-21,10000002,38,1362,1365,1258,41305932,1779,2021-07-11T11:01:52Z
2021-02-21,10000002,39,1528,1540,1367,24077652,1808,2021-07-11T11:01:52Z
2021-02-21,10000002,40,638.4,638.8,623,10540272,1466,2021-07-11T11:01:52Z
2021-02-21,10000002,11399,72070,72110,69230,1250175,775,2021-07-11T11:01:52Z
2021-02-22,10000002,34,5.93,6.09,5.9,7583588918,2547,2021-07-11T11:01:52Z
2021-02-22,10000002,35,18.86,18.99,18.58,1499889719,2232,2021-07-11T11:01:52Z
2021-02-22,10000002,36,129.9,131.1,125.4,448396674,2058,2021-07-11T11:01:52Z
2021-02-22,10000002,37,44.21,44.7,43,145928929,1633,2021-07-11T11:01:52Z
2021-02-22,10000002,38,1359,1374,1266,44752488,1652,2021-07-11T11:01:52Z
2021-02-22,10000002,39,1485,1521,1377,23893259,1691,2021-07-11T11:01:52Z
2021-02-22,10000002,40,638.5,638.7,625,7707015,1381,2021-07-11T11:01:52Z
2021-02-22,10000002,11399,71970,72070,71500,601808,599,2021-07-11T11:01:52Z
2021-02-23,10000002,34,6,6.05,5.79,4942148494,2507,2021-07-11T11:01:52Z
2021-02-23,10000002,35,19.12,19.14,18.63,1641843467,2194,2021-07-11T11:01:52Z
2021-02-23,10000002,36,128.9,129.5,123.5,397768737,1974,2021-07-11T11:01:52Z
2021-02-23,10000002,37,42.79,42.8,42.76,118756023,1671,2021-07-11T11:01:52Z
2021-02-23,10000002,38,1300,1344,1233,36593299,1616,2021-07-11T11:01:52Z
2021-02-23,10000002,39,1443,1460,1321,24860768,1675,2021-07-11T11:01:52Z
2021-02-23,10000002,40,624,625,600.3,9253864,1407,2021-07-11T11:01:52Z
2021-02-23,10000002,11399,71810,71870,68100,949482,730,2021-07-11T11:01:52Z
2021-02-24,10000002,34,6,6.03,5.98,4055271751,2439,2021-07-11T11:01:52Z
2021-02-24,10000002,35,19,19.14,18.74,1453551599,2079,2021-07-11T11:01:52Z
2021-02-24,10000002,36,127.7,129.3,123.3,533068049,1923,2021-07-11T11:01:52Z
2021-02-24,10000002,37,42.02,42.75,41.39,373958607,1584,2021-07-11T11:01:52Z
2021-02-24,10000002,38,1343,1346,1340,31367968,1459,2021-07-11T11:01:52Z
2021-02-24,10000002,39,1441,1457,1399,21426018,1600,2021-07-11T11:01:52Z
2021-02-24,10000002,40,625,625,625,18897884,1257,2021-07-11T11:01:52Z
2021-02-24,10000002,11399,71600,71640,68310,683609,643,2021-07-11T11:01:52Z
2021-02-25,10000002,34,6,6.05,5.81,4567438595,2299,2021-07-11T11:01:52Z
2021-02-25,10000002,35,19.13,19.15,18.99,1677606505,1898,2021-07-11T11:01:52Z
2021-02-25,10000002,36,127,130,122.8,471673820,1792,2021-07-11T11:01:52Z
2021-02-25,10000002,37,44.13,44.2,42.19,145236738,1463,2021-07-11T11:01:52Z
2021-02-25,10000002,38,1348,1369,1344,53342037,1440,2021-07-11T11:01:52Z
2021-02-25,10000002,39,1429,1456,1385,27319577,1534,2021-07-11T11:01:52Z
2021-02-25,10000002,40,621.8,631.6,568.4,9933127,1228,2021-07-11T11:01:52Z
2021-02-25,10000002,11399,70640,71160,66610,649378,681,2021-07-11T11:01:52Z
2021-02-26,10000002,34,5.94,6.03,5.73,4269405142,2453,2021-07-11T11:01:52Z
2021-02-26,10000002,35,18.99,19.35,18.79,1824761980,2055,2021-07-11T11:01:52Z
2021-02-26,10000002,36,124.5,129.6,121.3,349036202,1790,2021-07-11T11:01:52Z
2021-02-26,10000002,37,44.12,44.14,42.52,204615638,1442,2021-07-11T11:01:52Z
2021-02-26,10000002,38,1359,1360,1340,25802063,1330,2021-07-11T11:01:52Z
2021-02-26,10000002,39,1440,1456,1400,19060089,1408,2021-07-11T11:01:52Z
2021-02-26,10000002,40,624.9,625,620.8,8382753,1102,2021-07-11T11:01:52Z
2021-02-26,10000002,11399,70580,70610,68710,907580,661,2021-07-11T11:01:52Z
2021-02-27,10000002,34,5.95,6.03,5.94,6198133939,2648,2021-07-11T11:01:52Z
2021-02-27,10000002,35,19.29,19.37,19.23,1556896715,2182,2021-07-11T11:01:52Z
2021-02-27,10000002,36,126.8,128.9,126.4,389137136,2048,2021-07-11T11:01:52Z
2021-02-27,10000002,37,44.17,44.19,44.1,119825244,1697,2021-07-11T11:01:52Z
2021-02-27,10000002,38,1340,1344,1214,50766486,1674,2021-07-11T11:01:52Z
2021-02-27,10000002,39,1455,1456,1448,26569418,1732,2021-07-11T11:01:52Z
2021-02-27,10000002,40,631.9,633,625,14302595,1309,2021-07-11T11:01:52Z
2021-02-27,10000002,11399,70620,70640,70100,874520,746,2021-07-11T11:01:52Z
2021-02-28,10000002,34,6.01,6.11,5.98,6322620135,2884,2021-07-11T11:01:52Z
2021-02-28,10000002,35,19.2,19.28,18.85,1807190603,2484,2021-07-11T11:01:52Z
2021-02-28,10000002,36,127.1,128.6,123,480484322,2217,2021-07-11T11:01:52Z
2021-02-28,10000002,37,43.88,44.15,43,152155644,1841,2021-07-11T11:01:52Z
2021-02-28,10000002,38,1333,1335,1305,33129509,1709,2021-07-11T11:01:52Z
2021-02-28,10000002,39,1435,1448,1434,21379760,1783,2021-07-11T11:01:52Z
2021-02-28,10000002,40,633,633,633,14297926,1423,2021-07-11T11:01:52Z
2021-02-28,10000002,11399,69900,70390,69040,1128093,798,2021-07-11T11:01:52Z
2021-03-01,10000002,34,6.04,6.08,5.99,3599480071,2345,2021-07-11T11:01:52Z
2021-03-01,10000002,35,19.19,19.3,19,958701763,2027,2021-07-11T11:01:52Z
2021-03-01,10000002,36,127,128,126.8,323559432,1866,2021-07-11T11:01:52Z
2021-03-01,10000002,37,43.59,43.6,42.76,135758538,1512,2021-07-11T11:01:52Z
2021-03-01,10000002,38,1325,1326,1305,32213796,1462,2021-07-11T11:01:52Z
2021-03-01,10000002,39,1442,1445,1400,21394911,1517,2021-07-11T11:01:52Z
2021-03-01,10000002,40,633,633,633,7179409,1219,2021-07-11T11:01:52Z
2021-03-01,10000002,11399,70420,70470,67890,892340,741,2021-07-11T11:01:52Z
2021-03-02,10000002,34,5.97,6.05,5.85,5211678303,2335,2021-07-11T11:01:52Z
2021-03-02,10000002,35,19.19,19.27,18.9,1382855318,1949,2021-07-11T11:01:52Z
2021-03-02,10000002,36,126.8,128.4,124.4,490730612,1806,2021-07-11T11:01:52Z
2021-03-02,10000002,37,42.28,42.3,42.26,125343297,1557,2021-07-11T11:01:52Z
2021-03-02,10000002,38,1325,1327,1323,27635626,1472,2021-07-11T11:01:52Z
2021-03-02,10000002,39,1441,1443,1391,16436895,1445,2021-07-11T11:01:52Z
2021-03-02,10000002,40,629.4,629.5,578.3,10087076,1124,2021-07-11T11:01:52Z
2021-03-02,10000002,11399,70600,70640,70440,1036119,800,2021-07-11T11:01:52Z
2021-03-03,10000002,34,5.96,5.97,5.75,3900129438,2268,2021-07-11T11:01:52Z
2021-03-03,10000002,35,19,19.24,18.73,1360306468,1948,2021-07-11T11:01:52Z
2021-03-03,10000002,36,126.7,128.5,123.8,349219556,1702,2021-07-11T11:01:52Z
2021-03-03,10000002,37,41,41,41,239169426,1399,2021-07-11T11:01:52Z
2021-03-03,10000002,38,1327,1329,1290,26255383,1311,2021-07-11T11:01:52Z
2021-03-03,10000002,39,1443,1445,1397,18431667,1373,2021-07-11T11:01:52Z
2021-03-03,10000002,40,579.2,629.4,575.9,10235599,1121,2021-07-11T11:01:52Z
2021-03-03,10000002,11399,70630,70650,67120,830491,770,2021-07-11T11:01:52Z
2021-03-04,10000002,34,5.96,6.01,5.76,4151340967,2142,2021-07-11T11:01:52Z
2021-03-04,10000002,35,19.19,19.23,18.57,1213595565,1839,2021-07-11T11:01:52Z
2021-03-04,10000002,36,126.4,127.3,121.8,416412096,1770,2021-07-11T11:01:52Z
2021-03-04,10000002,37,44.21,44.25,43.68,1351134058,1448,2021-07-11T11:01:52Z
2021-03-04,10000002,38,1335,1342,1333,30109983,1341,2021-07-11T11:01:52Z
2021-03-04,10000002,39,1463,1500,1450,50438522,1443,2021-07-11T11:01:52Z
2021-03-04,10000002,40,634,634.5,629.5,22116404,1099,2021-07-11T11:01:52Z
2021-03-04,10000002,11399,70680,71470,67200,904373,692,2021-07-11T11:01:52Z
2021-03-05,10000002,34,5.94,5.99,5.72,4695138563,2279,2021-07-11T11:01:52Z
2021-03-05,10000002,35,18.64,19.08,18.62,1405480896,2081,2021-07-11T11:01:52Z
2021-03-05,10000002,36,126.3,126.8,120.6,374980755,1847,2021-07-11T11:01:52Z
2021-03-05,10000002,37,44.98,44.98,44.97,256548518,1567,2021-07-11T11:01:52Z
2021-03-05,10000002,38,1342,1342,1340,34563037,1452,2021-07-11T11:01:52Z
2021-03-05,10000002,39,1499,1500,1496,20335110,1489,2021-07-11T11:01:52Z
2021-03-05,10000002,40,570.1,629.4,570,17803314,1205,2021-07-11T11:01:52Z
2021-03-05,10000002,11399,71760,71930,68240,933386,654,2021-07-11T11:01:52Z
2021-03-06,10000002,34,5.95,5.99,5.76,6298670176,2598,2021-07-11T11:01:52Z
2021-03-06,10000002,35,19.09,19.13,18.71,1428239368,2179,2021-07-11T11:01:52Z
2021-03-06,10000002,36,126,126.4,117.1,486753797,1942,2021-07-11T11:01:52Z
2021-03-06,10000002,37,43,43.5,43,264622633,1686,2021-07-11T11:01:52Z
2021-03-06,10000002,38,1341,1344,1294,36383588,1618,2021-07-11T11:01:52Z
2021-03-06,10000002,39,1498,1500,1403,25322517,1649,2021-07-11T11:01:52Z
2021-03-06,10000002,40,620.5,629.7,577.2,9449040,1314,2021-07-11T11:01:52Z
2021-03-06,10000002,11399,72040,72080,71930,977152,787,2021-07-11T11:01:52Z
2021-03-07,10000002,34,6.01,6.05,5.91,4787097077,2832,2021-07-11T11:01:52Z
2021-03-07,10000002,35,18.82,18.96,18.5,1770923965,2439,2021-07-11T11:01:52Z
2021-03-07,10000002,36,126,127.3,122.9,432491556,2114,2021-07-11T11:01:52Z
2021-03-07,10000002,37,43.97,44,43.94,185230173,1800,2021-07-11T11:01:52Z
2021-03-07,10000002,38,1342,1344,1301,35303546,1688,2021-07-11T11:01:52Z
2021-03-07,10000002,39,1500,1515,1496,24171752,1726,2021-07-11T11:01:52Z
2021-03-07,10000002,40,629.8,629.9,629.4,9782193,1386,2021-07-11T11:01:52Z
2021-03-07,10000002,11399,72000,72090,71960,852956,780,2021-07-11T11:01:52Z
2021-03-08,10000002,34,5.87,6.03,5.74,5340747843,2462,2021-07-11T11:01:52Z
2021-03-08,10000002,35,18.79,18.84,18.54,1601094788,2159,2021-07-11T11:01:52Z
2021-03-08,10000002,36,125,126.8,118.1,365097147,1917,2021-07-11T11:01:52Z
2021-03-08,10000002,37,44.25,44.49,44,202659007,1619,2021-07-11T11:01:52Z
2021-03-08,10000002,38,1344,1346,1291,29892347,1543,2021-07-11T11:01:52Z
2021-03-08,10000002,39,1520,1521,1520,16029917,1529,2021-07-11T11:01:52Z
2021-03-08,10000002,40,629.5,629.6,629.2,7147853,1296,2021-07-11T11:01:52Z
2021-03-08,10000002,11399,69500,71790,67310,875826,743,2021-07-11T11:01:52Z
2021-03-09,10000002,34,5.9,5.99,5.67,5361380021,2176,2021-07-11T11:01:52Z
2021-03-09,10000002,35,18.73,18.76,18.72,1500825344,1977,2021-07-11T11:01:52Z
2021-03-09,10000002,36,122.7,126.4,120,342483632,1662,2021-07-11T11:01:52Z
2021-03-09,10000002,37,44.45,44.5,40.06,311554404,1457,2021-07-11T11:01:52Z
2021-03-09,10000002,38,1330,1345,1253,27242412,1311,2021-07-11T11:01:52Z
2021-03-09,10000002,39,1523,1544,1521,21323484,1404,2021-07-11T11:01:52Z
2021-03-09,10000002,40,628.9,629.5,581.4,7510243,1168,2021-07-11T11:01:52Z
2021-03-09,10000002,11399,71000,71930,66130,876902,722,2021-07-11T11:01:52Z
2021-03-10,10000002,34,5.9,6,5.63,5791738338,2353,2021-07-11T11:01:52Z
2021-03-10,10000002,35,18.71,18.73,17.99,1559591529,2097,2021-07-11T11:01:52Z
2021-03-10,10000002,36,123.5,126.3,118.7,380815136,1791,2021-07-11T11:01:52Z
2021-03-10,10000002,37,44,44.34,42,256513961,1514,2021-07-11T11:01:52Z
2021-03-10,10000002,38,1345,1356,1264,36975600,1503,2021-07-11T11:01:52Z
2021-03-10,10000002,39,1502,1570,1405,25107085,1483,2021-07-11T11:01:52Z
2021-03-10,10000002,40,571,600,570.2,21617018,1244,2021-07-11T11:01:52Z
2021-03-10,10000002,11399,68400,70700,64250,550557,680,2021-07-11T11:01:52Z
2021-03-11,10000002,34,5.92,6.02,5.71,4334212610,2332,2021-07-11T11:01:52Z
2021-03-11,10000002,35,18.63,18.71,18.06,1308250934,2024,2021-07-11T11:01:52Z
2021-03-11,10000002,36,118.7,123.6,118.2,482584307,1740,2021-07-11T11:01:52Z
2021-03-11,10000002,37,43,43.73,42.03,151099331,1520,2021-07-11T11:01:52Z
2021-03-11,10000002,38,1358,1359,1348,23914292,1388,2021-07-11T11:01:52Z
2021-03-11,10000002,39,1684,1688,1555,14172476,1489,2021-07-11T11:01:52Z
2021-03-11,10000002,40,629,629.6,628,7994945,1185,2021-07-11T11:01:52Z
2021-03-11,10000002,11399,69000,70680,65290,849244,716,2021-07-11T11:01:52Z
2021-03-12,10000002,34,5.97,5.99,5.91,3765328306,2097,2021-07-11T11:01:52Z
2021-03-12,10000002,35,18.62,18.63,18.57,1177019914,1761,2021-07-11T11:01:52Z
2021-03-12,10000002,36,123.7,125.2,118,270323560,1658,2021-07-11T11:01:52Z
2021-03-12,10000002,37,44,44.36,43.73,259119569,1431,2021-07-11T11:01:52Z
2021-03-12,10000002,38,1353,1358,1323,26654861,1282,2021-07-11T11:01:52Z
2021-03-12,10000002,39,1664,1665,1662,10669541,1365,2021-07-11T11:01:52Z
2021-03-12,10000002,40,628,629,627.9,8761840,1123,2021-07-11T11:01:52Z
2021-03-12,10000002,11399,70480,70580,64740,573337,651,2021-07-11T11:01:52Z
2021-03-13,10000002,34,5.93,5.98,5.8,6257745118,2482,2021-07-11T11:01:52Z
2021-03-13,10000002,35,18.5,18.6,18,1535148409,2111,2021-07-11T11:01:52Z
2021-03-13,10000002,36,122.1,123.1,116.5,425713892,1854,2021-07-11T11:01:52Z
2021-03-13,10000002,37,39.72,44.36,38.9,452519061,1618,2021-07-11T11:01:52Z
2021-03-13,10000002,38,1353,1357,1300,35530916,1498,2021-07-11T11:01:52Z
2021-03-13,10000002,39,1656,1690,1480,33463107,1591,2021-07-11T11:01:52Z
2021-03-13,10000002,40,577.4,625.8,552.7,16670305,1265,2021-07-11T11:01:52Z
2021-03-13,10000002,11399,70510,71000,65040,871761,761,2021-07-11T11:01:52Z
2021-03-14,10000002,34,5.78,5.84,5.61,7301956471,2803,2021-07-11T11:01:52Z
2021-03-14,10000002,35,18.38,18.4,18.29,1449895659,2444,2021-07-11T11:01:52Z
2021-03-14,10000002,36,119,122.2,117.2,444428873,2183,2021-07-11T11:01:52Z
2021-03-14,10000002,37,44.22,44.28,37.72,200407749,1819,2021-07-11T11:01:52Z
2021-03-14,10000002,38,1366,1368,1362,35572514,1774,2021-07-11T11:01:52Z
2021-03-14,10000002,39,1989,2229,1986,21014299,1813,2021-07-11T11:01:52Z
2021-03-14,10000002,40,622.9,622.9,622.8,14702868,1409,2021-07-11T11:01:52Z
2021-03-14,10000002,11399,70550,71000,66510,1206254,830,2021-07-11T11:01:52Z
2021-03-15,10000002,34,5.86,5.9,5.76,4315625686,2256,2021-07-11T11:01:52Z
2021-03-15,10000002,35,18.37,18.38,18.21,2136272444,2013,2021-07-11T11:01:52Z
2021-03-15,10000002,36,121.9,123,119.8,304082074,1715,2021-07-11T11:01:52Z
2021-03-15,10000002,37,44.4,44.5,44.24,571944144,1548,2021-07-11T11:01:52Z
2021-03-15,10000002,38,1368,1368,1365,33072928,1323,2021-07-11T11:01:52Z
2021-03-15,10000002,39,1770,1907,1651,15550176,1465,2021-07-11T11:01:52Z
2021-03-15,10000002,40,622.9,622.9,622.8,7589780,1149,2021-07-11T11:01:52Z
2021-03-15,10000002,11399,71280,71860,70080,599268,660,2021-07-11T11:01:52Z
2021-03-16,10000002,34,5.76,5.88,5.41,5093879501,2214,2021-07-11T11:01:52Z
2021-03-16,10000002,35,18.07,18.35,18.04,1743512602,1969,2021-07-11T11:01:52Z
2021-03-16,10000002,36,121.4,122.8,115.5,350914774,1702,2021-07-11T11:01:52Z
2021-03-16,10000002,37,44.81,44.85,40.15,216068480,1507,2021-07-11T11:01:52Z
2021-03-16,10000002,38,1369,1370,1366,42890442,1367,2021-07-11T11:01:52Z
2021-03-16,10000002,39,1704,1878,1628,19390754,1520,2021-07-11T11:01:52Z
2021-03-16,10000002,40,622.9,622.9,622,31894904,1169,2021-07-11T11:01:52Z
2021-03-16,10000002,11399,71480,71780,69690,1090524,692,2021-07-11T11:01:52Z
2021-03-17,10000002,34,5.88,5.92,5.46,3968980696,2285,2021-07-11T11:01:52Z
2021-03-17,10000002,35,18.44,18.45,18.34,1722210338,2024,2021-07-11T11:01:52Z
2021-03-17,10000002,36,123.3,123.6,119.6,375396126,1805,2021-07-11T11:01:52Z
2021-03-17,10000002,37,44.46,44.49,42.99,110403784,1507,2021-07-11T11:01:52Z
2021-03-17,10000002,38,1398,1402,1394,32340552,1440,2021-07-11T11:01:52Z
2021-03-17,10000002,39,1817,1830,1814,14241418,1528,2021-07-11T11:01:52Z
2021-03-17,10000002,40,577.3,618.5,576.2,12562323,1252,2021-07-11T11:01:52Z
2021-03-17,10000002,11399,71490,71800,66800,768466,705,2021-07-11T11:01:52Z
2021-03-18,10000002,34,5.68,5.91,5.6,3695305537,2219,2021-07-11T11:01:52Z
2021-03-18,10000002,35,18.58,18.93,18.19,1668281080,1974,2021-07-11T11:01:52Z
2021-03-18,10000002,36,120.2,124.7,116.8,342211104,1751,2021-07-11T11:01:52Z
2021-03-18,10000002,37,40,40,40,418614767,1548,2021-07-11T11:01:52Z
2021-03-18,10000002,38,1499,1506,1434,37456607,1430,2021-07-11T11:01:52Z
2021-03-18,10000002,39,1793,1798,1731,22317609,1514,2021-07-11T11:01:52Z
2021-03-18,10000002,40,618.7,621,617.4,29118530,1223,2021-07-11T11:01:52Z
2021-03-18,10000002,11399,68120,70990,67550,762936,772,2021-07-11T11:01:52Z
2021-03-19,10000002,34,5.65,5.98,5.59,3948557942,2192,2021-07-11T11:01:52Z
2021-03-19,10000002,35,18.88,18.91,18.25,1260265699,1878,2021-07-11T11:01:52Z
2021-03-19,10000002,36,118.7,125.8,116.6,390441531,1686,2021-07-11T11:01:52Z
2021-03-19,10000002,37,44.71,44.79,44.47,197142946,1464,2021-07-11T11:01:52Z
2021-03-19,10000002,38,1749,1893,1520,24620898,1378,2021-07-11T11:01:52Z
2021-03-19,10000002,39,1796,1799,1792,17839109,1412,2021-07-11T11:01:52Z
2021-03-19,10000002,40,625.6,625.8,581.7,9797054,1181,2021-07-11T11:01:52Z
2021-03-19,10000002,11399,70640,71910,67830,1135083,807,2021-07-11T11:01:52Z
2021-03-20,10000002,34,5.75,5.95,5.56,4070505043,2319,2021-07-11T11:01:52Z
2021-03-20,10000002,35,18.5,18.67,18.26,1345768572,1894,2021-07-11T11:01:52Z
2021-03-20,10000002,36,115.7,119,114.2,420954105,1797,2021-07-11T11:01:52Z
2021-03-20,10000002,37,44,44.45,41.56,187615358,1446,2021-07-11T11:01:52Z
2021-03-20,10000002,38,1506,1688,1387,30903843,1368,2021-07-11T11:01:52Z
2021-03-20,10000002,39,1703,1790,1660,22796418,1479,2021-07-11T11:01:52Z
2021-03-20,10000002,40,629.7,629.7,629.7,10384804,1200,2021-07-11T11:01:52Z
2021-03-20,10000002,11399,69870,71220,66700,768288,882,2021-07-11T11:01:52Z
2021-03-21,10000002,34,5.9,5.93,5.78,7957254766,2725,2021-07-11T11:01:52Z
2021-03-21,10000002,35,18.81,18.87,18.51,2364001522,2292,2021-07-11T11:01:52Z
2021-03-21,10000002,36,120,121.4,117.1,650649017,2122,2021-07-11T11:01:52Z
2021-03-21,10000002,37,44.19,44.37,40.5,314148652,1818,2021-07-11T11:01:52Z
2021-03-21,10000002,38,1496,1583,1420,39081887,1768,2021-07-11T11:01:52Z
2021-03-21,10000002,39,1776,1791,1765,30715914,1802,2021-07-11T11:01:52Z
2021-03-21,10000002,40,630.1,634.9,590.4,15763717,1382,2021-07-11T11:01:52Z
2021-03-21,10000002,11399,66790,69880,63520,1125092,853,2021-07-11T11:01:52Z
2021-03-22,10000002,34,5.98,6,5.88,4033884633,2475,2021-07-11T11:01:52Z
2021-03-22,10000002,35,18.89,18.9,18.33,1740201689,2165,2021-07-11T11:01:52Z
2021-03-22,10000002,36,123.5,125.8,116.5,437640890,1900,2021-07-11T11:01:52Z
2021-03-22,10000002,37,44.42,44.44,44.4,244592495,1646,2021-07-11T11:01:52Z
2021-03-22,10000002,38,1576,1579,1500,30236270,1535,2021-07-11T11:01:52Z
2021-03-22,10000002,39,1892,1899,1787,18189905,1567,2021-07-11T11:01:52Z
2021-03-22,10000002,40,635,635,634.9,11011249,1233,2021-07-11T11:01:52Z
2021-03-22,10000002,11399,69480,69880,64610,813726,737,2021-07-11T11:01:52Z
2021-03-23,10000002,34,5.82,6.05,5.68,5974766870,2328,2021-07-11T11:01:52Z
2021-03-23,10000002,35,18.98,19,18.38,1952280869,1938,2021-07-11T11:01:52Z
2021-03-23,10000002,36,122,124.5,117.1,431489801,1752,2021-07-11T11:01:52Z
2021-03-23,10000002,37,44.14,44.5,44.13,199088818,1514,2021-07-11T11:01:52Z
2021-03-23,10000002,38,1462,1638,1355,34685435,1442,2021-07-11T11:01:52Z
2021-03-23,10000002,39,1900,1930,1699,21323508,1446,2021-07-11T11:01:52Z
2021-03-23,10000002,40,625.2,633,586.7,15987807,1164,2021-07-11T11:01:52Z
2021-03-23,10000002,11399,68560,69400,68540,739882,735,2021-07-11T11:01:52Z
2021-03-24,10000002,34,5.72,5.99,5.65,5832489688,2326,2021-07-11T11:01:52Z
2021-03-24,10000002,35,19.08,19.1,18.29,1428403824,1985,2021-07-11T11:01:52Z
2021-03-24,10000002,36,121.5,122.7,113.3,358734733,1766,2021-07-11T11:01:52Z
2021-03-24,10000002,37,41.45,44.83,40.75,149729090,1438,2021-07-11T11:01:52Z
2021-03-24,10000002,38,1536,1616,1480,27035231,1416,2021-07-11T11:01:52Z
2021-03-24,10000002,39,1917,1920,1818,13316454,1357,2021-07-11T11:01:52Z
2021-03-24,10000002,40,600.1,623,600,15505395,1123,2021-07-11T11:01:52Z
2021-03-24,10000002,11399,70600,71140,66000,828015,632,2021-07-11T11:01:52Z
2021-03-25,10000002,34,5.82,5.95,5.57,4023341820,1963,2021-07-11T11:01:52Z
2021-03-25,10000002,35,19.05,19.06,19.01,1123842219,1666,2021-07-11T11:01:52Z
2021-03-25,10000002,36,121.4,122.2,112,273035162,1469,2021-07-11T11:01:52Z
2021-03-25,10000002,37,44.89,44.97,44.65,695216401,1339,2021-07-11T11:01:52Z
2021-03-25,10000002,38,1548,1577,1350,24403469,1207,2021-07-11T11:01:52Z
2021-03-25,10000002,39,1790,1916,1612,23123187,1272,2021-07-11T11:01:52Z
2021-03-25,10000002,40,589.3,623.8,561.1,22628559,1045,2021-07-11T11:01:52Z
2021-03-25,10000002,11399,71290,71330,70940,714511,634,2021-07-11T11:01:52Z
2021-03-26,10000002,34,5.92,5.94,5.82,9076505293,2398,2021-07-11T11:01:52Z
2021-03-26,10000002,35,19.08,19.16,19.05,3768565804,2043,2021-07-11T11:01:52Z
2021-03-26,10000002,36,120.8,121.4,117.6,680419759,1837,2021-07-11T11:01:52Z
2021-03-26,10000002,37,55.75,59.83,48,532462593,1719,2021-07-11T11:01:52Z
2021-03-26,10000002,38,1489,1490,1418,52645497,1518,2021-07-11T11:01:52Z
2021-03-26,10000002,39,1888,1892,1886,36298128,1622,2021-07-11T11:01:52Z
2021-03-26,10000002,40,628,630,628,47079318,1319,2021-07-11T11:01:52Z
2021-03-26,10000002,11399,70900,71890,70620,963861,661,2021-07-11T11:01:52Z
2021-03-27,10000002,34,6.05,6.17,5.91,14108232802,2975,2021-07-11T11:01:52Z
2021-03-27,10000002,35,24.62,27,20,3999532735,2663,2021-07-11T11:01:52Z
2021-03-27,10000002,36,129.3,130,127.6,1224021757,2413,2021-07-11T11:01:52Z
2021-03-27,10000002,37,59.45,68,59.43,750996862,2122,2021-07-11T11:01:52Z
2021-03-27,10000002,38,1485,1577,1468,75051421,1961,2021-07-11T11:01:52Z
2021-03-27,10000002,39,1889,1897,1653,48609196,2056,2021-07-11T11:01:52Z
2021-03-27,10000002,40,640.5,643,639.9,39676347,1664,2021-07-11T11:01:52Z
2021-03-27,10000002,11399,70620,71830,66410,1022388,918,2021-07-11T11:01:52Z
2021-03-28,10000002,34,6.44,6.58,6.25,16713734191,3267,2021-07-11T11:01:52Z
2021-03-28,10000002,35,28,32.5,27.66,4637460437,2868,2021-07-11T11:01:52Z
2021-03-28,10000002,36,139,159,132,1032338150,2859,2021-07-11T11:01:52Z
2021-03-28,10000002,37,71.66,72.87,62.07,701173794,2324,2021-07-11T11:01:52Z
2021-03-28,10000002,38,1714,1780,1599,93880959,2326,2021-07-11T11:01:52Z
2021-03-28,10000002,39,1876,1903,1803,56540841,2305,2021-07-11T11:01:52Z
2021-03-28,10000002,40,630,633,594.2,26394023,1881,2021-07-11T11:01:52Z
2021-03-28,10000002,11399,70000,71100,64000,834768,874,2021-07-11T11:01:52Z
2021-03-29,10000002,34,6.55,6.65,6.25,8921232974,2451,2021-07-11T11:01:52Z
2021-03-29,10000002,35,31.19,34.39,29.83,2560784664,2086,2021-07-11T11:01:52Z
2021-03-29,10000002,36,150,159,148.5,870800653,2075,2021-07-11T11:01:52Z
2021-03-29,10000002,37,70.86,70.89,69.89,341098887,1613,2021-07-11T11:01:52Z
2021-03-29,10000002,38,1681,1696,1638,64390392,1554,2021-07-11T11:01:52Z
2021-03-29,10000002,39,1916,1917,1900,28890380,1612,2021-07-11T11:01:52Z
2021-03-29,10000002,40,633.8,634.3,632.7,15197503,1302,2021-07-11T11:01:52Z
2021-03-29,10000002,11399,67730,70990,67000,814405,738,2021-07-11T11:01:52Z
2021-03-30,10000002,34,6.61,6.66,6.48,9482283766,2224,2021-07-11T11:01:52Z
2021-03-30,10000002,35,30,30.84,28,2327891367,1873,2021-07-11T11:01:52Z
2021-03-30,10000002,36,163.8,165.8,158.9,611436229,1834,2021-07-11T11:01:52Z
2021-03-30,10000002,37,72.5,72.93,72.3,883914582,1530,2021-07-11T11:01:52Z
2021-03-30,10000002,38,1838,1962,1699,61877838,1409,2021-07-11T11:01:52Z
2021-03-30,10000002,39,1926,1950,1917,26928890,1434,2021-07-11T11:01:52Z
2021-03-30,10000002,40,633.8,634.8,628,20516391,1165,2021-07-11T11:01:52Z
2021-03-30,10000002,11399,70490,70730,67100,846673,618,2021-07-11T11:01:52Z
2021-03-31,10000002,34,6.57,6.63,6.49,6771827412,2098,2021-07-11T11:01:52Z
2021-03-31,10000002,35,30,33.5,29.03,3383239706,1830,2021-07-11T11:01:52Z
2021-03-31,10000002,36,163.8,166.5,146,849141421,1764,2021-07-11T11:01:52Z
2021-03-31,10000002,37,72.95,73.26,66.61,545178442,1409,2021-07-11T11:01:52Z
2021-03-31,10000002,38,1897,1954,1800,66431394,1349,2021-07-11T11:01:52Z
2021-03-31,10000002,39,1900,2088,1890,31579598,1419,2021-07-11T11:01:52Z
2021-03-31,10000002,40,635,640.2,630,14333508,1144,2021-07-11T11:01:52Z
2021-03-31,10000002,11399,69990,70000,67350,722762,674,2021-07-11T11:01:52Z
2021-04-01,10000002,34,6.57,6.61,6.38,6185834497,1944,2021-07-11T11:01:52Z
2021-04-01,10000002,35,31.84,35,30,2975188432,1783,2021-07-11T11:01:52Z
2021-04-01,10000002,36,155.9,159.5,146.6,571701788,1647,2021-07-11T11:01:52Z
2021-04-01,10000002,37,70,72.99,68.1,255981925,1407,2021-07-11T11:01:52Z
2021-04-01,10000002,38,1911,1923,1842,37049097,1342,2021-07-11T11:01:52Z
2021-04-01,10000002,39,1889,1899,1803,30877040,1376,2021-07-11T11:01:52Z
2021-04-01,10000002,40,621.3,639,609.6,13353162,1071,2021-07-11T11:01:52Z
2021-04-01,10000002,11399,69000,69990,67820,792775,754,2021-07-11T11:01:52Z
2021-04-02,10000002,34,6.63,6.65,6.39,8517990145,2339,2021-07-11T11:01:52Z
2021-04-02,10000002,35,33,36,28.87,3255049723,2140,2021-07-11T11:01:52Z
2021-04-02,10000002,36,167.5,169,153.6,1085941100,2041,2021-07-11T11:01:52Z
2021-04-02,10000002,37,65,72.45,59.03,326904867,1658,2021-07-11T11:01:52Z
2021-04-02,10000002,38,1928,1940,1917,41990092,1516,2021-07-11T11:01:52Z
2021-04-02,10000002,39,1999,2051,1891,27110969,1521,2021-07-11T11:01:52Z
2021-04-02,10000002,40,650,650,650,108065850,1329,2021-07-11T11:01:52Z
2021-04-02,10000002,11399,70000,70640,66790,892163,804,2021-07-11T11:01:52Z
2021-04-03,10000002,34,6.66,6.68,6.59,7847976969,2737,2021-07-11T11:01:52Z
2021-04-03,10000002,35,35.5,36.46,30.51,2131319109,2446,2021-07-11T11:01:52Z
2021-04-03,10000002,36,170.7,174.1,167.6,699329986,2358,2021-07-11T11:01:52Z
2021-04-03,10000002,37,69.99,71.61,66,437879601,2006,2021-07-11T11:01:52Z
2021-04-03,10000002,38,1929,1932,1900,56012118,1887,2021-07-11T11:01:52Z
2021-04-03,10000002,39,2031,2050,1818,32760926,1871,2021-07-11T11:01:52Z
2021-04-03,10000002,40,878,889.4,825,30763212,1563,2021-07-11T11:01:52Z
2021-04-03,10000002,11399,68000,70670,66720,1026856,814,2021-07-11T11:01:52Z
2021-04-04,10000002,34,6.68,6.69,6.66,8761383954,2745,2021-07-11T11:01:52Z
2021-04-04,10000002,35,34.94,35.28,31.2,3006005672,2465,2021-07-11T11:01:52Z
2021-04-04,10000002,36,173.6,174,168.5,996439529,2349,2021-07-11T11:01:52Z
2021-04-04,10000002,37,66.01,69.95,61.5,448740357,1898,2021-07-11T11:01:52Z
2021-04-04,10000002,38,1938,1940,1924,75413979,1932,2021-07-11T11:01:52Z
2021-04-04,10000002,39,2050,2078,1800,40959931,1896,2021-07-11T11:01:52Z
2021-04-04,10000002,40,754,795,634,25531831,1560,2021-07-11T11:01:52Z
2021-04-04,10000002,11399,66670,68500,60040,865004,882,2021-07-11T11:01:52Z
2021-04-05,10000002,34,6.61,6.68,6.35,5460135061,2354,2021-07-11T11:01:52Z
2021-04-05,10000002,35,30,32.39,29.75,2675089294,2121,2021-07-11T11:01:52Z
2021-04-05,10000002,36,173,174.7,164.9,641593565,1989,2021-07-11T11:01:52Z
2021-04-05,10000002,37,58.06,67.99,52.9,388924135,1671,2021-07-11T11:01:52Z
2021-04-05,10000002,38,2200,2499,2011,57000935,1672,2021-07-11T11:01:52Z
2021-04-05,10000002,39,1820,1975,1711,24261802,1617,2021-07-11T11:01:52Z
2021-04-05,10000002,40,699.5,699.9,675,40287609,1346,2021-07-11T11:01:52Z
2021-04-05,10000002,11399,67980,69690,61720,833899,767,2021-07-11T11:01:52Z
2021-04-06,10000002,34,6.75,6.94,6.64,7519462929,2380,2021-07-11T11:01:52Z
2021-04-06,10000002,35,30,31.91,25.86,2658872353,2147,2021-07-11T11:01:52Z
2021-04-06,10000002,36,177,181.9,173.7,814810217,1999,2021-07-11T11:01:52Z
2021-04-06,10000002,37,58.14,67,57.05,480737076,1652,2021-07-11T11:01:52Z
2021-04-06,10000002,38,2226,2300,2030,53443956,1584,2021-07-11T11:01:52Z
2021-04-06,10000002,39,1810,1882,1653,34109982,1623,2021-07-11T11:01:52Z
2021-04-06,10000002,40,747.9,749.2,725,24300202,1270,2021-07-11T11:01:52Z
2021-04-06,10000002,11399,67990,68980,63200,802368,805,2021-07-11T11:01:52Z
2021-04-07,10000002,34,7.02,7.34,6.62,4860683450,2371,2021-07-11T11:01:52Z
2021-04-07,10000002,35,29.85,30.79,27.28,1728196208,1947,2021-07-11T11:01:52Z
2021-04-07,10000002,36,179.9,183.1,174,573188500,1858,2021-07-11T11:01:52Z
2021-04-07,10000002,37,53.32,55.79,51.01,486083888,1619,2021-07-11T11:01:52Z
2021-04-07,10000002,38,1994,2134,1914,39717187,1490,2021-07-11T11:01:52Z
2021-04-07,10000002,39,1784,1791,1612,19208776,1498,2021-07-11T11:01:52Z
2021-04-07,10000002,40,695.8,695.8,695.6,29573163,1156,2021-07-11T11:01:52Z
2021-04-07,10000002,11399,67800,68000,67700,457074,706,2021-07-11T11:01:52Z
2021-04-08,10000002,34,7.1,7.24,6.94,5802039680,2192,2021-07-11T11:01:52Z
2021-04-08,10000002,35,29.7,31.94,27.37,4273080735,1998,2021-07-11T11:01:52Z
2021-04-08,10000002,36,186.6,208.6,172,774000797,1969,2021-07-11T11:01:52Z
2021-04-08,10000002,37,50.11,52,48.51,615345448,1505,2021-07-11T11:01:52Z
2021-04-08,10000002,38,1899,1939,1875,48070158,1399,2021-07-11T11:01:52Z
2021-04-08,10000002,39,1679,1695,1585,28129241,1470,2021-07-11T11:01:52Z
2021-04-08,10000002,40,650,666,624.4,24571966,1124,2021-07-11T11:01:52Z
2021-04-08,10000002,11399,64220,66960,62320,913816,746,2021-07-11T11:01:52Z
2021-04-09,10000002,34,6.66,7.09,6.43,9464302194,2373,2021-07-11T11:01:52Z
2021-04-09,10000002,35,29.9,29.95,27.4,2184962183,1925,2021-07-11T11:01:52Z
2021-04-09,10000002,36,199.6,225.3,190,495133312,1863,2021-07-11T11:01:52Z
2021-04-09,10000002,37,53.72,53.98,50,225481910,1498,2021-07-11T11:01:52Z
2021-04-09,10000002,38,1950,2020,1865,33718838,1476,2021-07-11T11:01:52Z
2021-04-09,10000002,39,1656,1670,1551,23837372,1501,2021-07-11T11:01:52Z
2021-04-09,10000002,40,673.2,674.7,671.5,13979104,1128,2021-07-11T11:01:52Z
2021-04-09,10000002,11399,62610,65430,62330,961694,706,2021-07-11T11:01:52Z
2021-04-10,10000002,34,7,7.09,6.3,9898196966,2638,2021-07-11T11:01:52Z
2021-04-10,10000002,35,28.98,29.9,26.26,2772620606,2219,2021-07-11T11:01:52Z
2021-04-10,10000002,36,197.2,207.5,182.8,598763198,2216,2021-07-11T11:01:52Z
2021-04-10,10000002,37,55.34,55.49,55,376898201,1807,2021-07-11T11:01:52Z
2021-04-10,10000002,38,2000,2044,1901,36572467,1725,2021-07-11T11:01:52Z
2021-04-10,10000002,39,1550,1595,1548,36344947,1795,2021-07-11T11:01:52Z
2021-04-10,10000002,40,609.1,620,605.9,32948248,1444,2021-07-11T11:01:52Z
2021-04-10,10000002,11399,63000,63290,62580,1065782,855,2021-07-11T11:01:52Z
2021-04-11,10000002,34,6.95,7.06,6.31,6661322511,2723,2021-07-11T11:01:52Z
2021-04-11,10000002,35,29,29.94,27.09,1929252611,2321,2021-07-11T11:01:52Z
2021-04-11,10000002,36,187.3,202.9,180.4,558741744,2116,2021-07-11T11:01:52Z
2021-04-11,10000002,37,51.54,54.9,50.23,368002487,1766,2021-07-11T11:01:52Z
2021-04-11,10000002,38,1896,2009,1860,50857842,1781,2021-07-11T11:01:52Z
2021-04-11,10000002,39,1585,1591,1482,28621421,1798,2021-07-11T11:01:52Z
2021-04-11,10000002,40,644,649.7,619.9,13437140,1412,2021-07-11T11:01:52Z
2021-04-11,10000002,11399,63400,66480,63000,667112,893,2021-07-11T11:01:52Z
2021-04-12,10000002,34,6.99,7.05,6.16,7688972684,2299,2021-07-11T11:01:52Z
2021-04-12,10000002,35,26.01,28.63,25.45,2859270513,1956,2021-07-11T11:01:52Z
2021-04-12,10000002,36,190.1,193.1,185,570007395,1783,2021-07-11T11:01:52Z
2021-04-12,10000002,37,53,54.96,50.53,247082201,1460,2021-07-11T11:01:52Z
2021-04-12,10000002,38,1889,1988,1843,37564213,1454,2021-07-11T11:01:52Z
2021-04-12,10000002,39,1409,1575,1352,38071992,1613,2021-07-11T11:01:52Z
2021-04-12,10000002,40,630,640,600,10721754,1190,2021-07-11T11:01:52Z
2021-04-12,10000002,11399,67000,68500,65000,894422,756,2021-07-11T11:01:52Z
2021-04-13,10000002,34,6.93,6.98,6.79,5176182739,2154,2021-07-11T11:01:52Z
2021-04-13,10000002,35,26.98,27.93,24.16,2051390469,1895,2021-07-11T11:01:52Z
2021-04-13,10000002,36,186.8,196.8,179.8,549522618,1718,2021-07-11T11:01:52Z
2021-04-13,10000002,37,52.01,52.01,52.01,474423950,1511,2021-07-11T11:01:52Z
2021-04-13,10000002,38,1846,1850,1778,45616322,1412,2021-07-11T11:01:52Z
2021-04-13,10000002,39,1469,1488,1350,31698172,1483,2021-07-11T11:01:52Z
2021-04-13,10000002,40,634.6,635,634.5,30383376,1152,2021-07-11T11:01:52Z
2021-04-13,10000002,11399,64400,66600,64260,690471,750,2021-07-11T11:01:52Z
2021-04-14,10000002,34,6.83,6.99,6.73,7077271000,2354,2021-07-11T11:01:52Z
2021-04-14,10000002,35,27,27.79,24.34,1924650303,2039,2021-07-11T11:01:52Z
2021-04-14,10000002,36,190,194.5,183.5,659580871,1967,2021-07-11T11:01:52Z
2021-04-14,10000002,37,53.44,53.49,50.05,186180818,1558,2021-07-11T11:01:52Z
2021-04-14,10000002,38,1843,1848,1800,51605740,1543,2021-07-11T11:01:52Z
2021-04-14,10000002,39,1444,1446,1440,23663711,1578,2021-07-11T11:01:52Z
2021-04-14,10000002,40,639.9,659.8,611.2,10728362,1201,2021-07-11T11:01:52Z
2021-04-14,10000002,11399,66800,67800,65100,771142,681,2021-07-11T11:01:52Z
2021-04-15,10000002,34,6.75,7.07,6.67,7166651089,2099,2021-07-11T11:01:52Z
2021-04-15,10000002,35,27.17,27.44,26.05,1433540883,1763,2021-07-11T11:01:52Z
2021-04-15,10000002,36,199.1,203.2,191,469686818,1646,2021-07-11T11:01:52Z
2021-04-15,10000002,37,54.95,55.66,52,297202890,1288,2021-07-11T11:01:52Z
2021-04-15,10000002,38,1849,1959,1843,36923062,1315,2021-07-11T11:01:52Z
2021-04-15,10000002,39,1444,1566,1378,25502550,1350,2021-07-11T11:01:52Z
2021-04-15,10000002,40,659,659.9,650,9383791,1074,2021-07-11T11:01:52Z
2021-04-15,10000002,11399,67670,67990,64970,507072,632,2021-07-11T11:01:52Z
2021-04-16,10000002,34,7,7.07,6.85,4127194629,2349,2021-07-11T11:01:52Z
2021-04-16,10000002,35,27.44,27.47,27,1497869668,1970,2021-07-11T11:01:52Z
2021-04-16,10000002,36,202.1,205.7,195,504393778,1860,2021-07-11T11:01:52Z
2021-04-16,10000002,37,50,52,49.41,306846102,1539,2021-07-11T11:01:52Z
2021-04-16,10000002,38,1969,2031,1950,38772456,1536,2021-07-11T11:01:52Z
2021-04-16,10000002,39,1450,1527,1362,34495420,1604,2021-07-11T11:01:52Z
2021-04-16,10000002,40,627.9,664,605.2,19885449,1239,2021-07-11T11:01:52Z
2021-04-16,10000002,11399,66000,68340,62140,742855,714,2021-07-11T11:01:52Z
2021-04-17,10000002,34,6.97,7,6.91,8348869668,2542,2021-07-11T11:01:52Z
2021-04-17,10000002,35,28.5,28.81,27.9,1726546017,2032,2021-07-11T11:01:52Z
2021-04-17,10000002,36,207,208.4,195,640197648,2022,2021-07-11T11:01:52Z
2021-04-17,10000002,37,53.86,54.8,52.61,189537009,1636,2021-07-11T11:01:52Z
2021-04-17,10000002,38,2012,2043,1926,34369911,1543,2021-07-11T11:01:52Z
2021-04-17,10000002,39,1449,1472,1319,40111279,1748,2021-07-11T11:01:52Z
2021-04-17,10000002,40,645.8,645.8,645.8,14364775,1284,2021-07-11T11:01:52Z
2021-04-17,10000002,11399,62210,67250,62060,1022636,815,2021-07-11T11:01:52Z
2021-04-18,10000002,34,6.91,7.08,6.25,13906723567,2740,2021-07-11T11:01:52Z
2021-04-18,10000002,35,29.78,29.87,26.5,2206368936,2231,2021-07-11T11:01:52Z
2021-04-18,10000002,36,201.9,207.7,185,784235353,2153,2021-07-11T11:01:52Z
2021-04-18,10000002,37,54.82,54.87,54.65,155655385,1801,2021-07-11T11:01:52Z
2021-04-18,10000002,38,2049,2100,2012,54235189,1783,2021-07-11T11:01:52Z
2021-04-18,10000002,39,1400,1434,1300,50706196,1912,2021-07-11T11:01:52Z
2021-04-18,10000002,40,626,634.8,601,14128839,1444,2021-07-11T11:01:52Z
2021-04-18,10000002,11399,67360,67920,62890,687880,793,2021-07-11T11:01:52Z
2021-04-19,10000002,34,6.88,6.96,6.4,4798571579,2229,2021-07-11T11:01:52Z
2021-04-19,10000002,35,28.64,28.87,26.11,1789411918,1906,2021-07-11T11:01:52Z
2021-04-19,10000002,36,199.9,202.2,190,634707535,1875,2021-07-11T11:01:52Z
2021-04-19,10000002,37,54,54.73,50.52,129753330,1469,2021-07-11T11:01:52Z
2021-04-19,10000002,38,2050,2184,2017,35165827,1466,2021-07-11T11:01:52Z
2021-04-19,10000002,39,1300,1386,1298,28777456,1600,2021-07-11T11:01:52Z
2021-04-19,10000002,40,613,629.9,587,16215622,1223,2021-07-11T11:01:52Z
2021-04-19,10000002,11399,66200,67420,61650,515865,698,2021-07-11T11:01:52Z
2021-04-20,10000002,34,6.84,6.94,6.8,5524353195,2171,2021-07-11T11:01:52Z
2021-04-20,10000002,35,26.96,28,26.07,2494041938,1977,2021-07-11T11:01:52Z
2021-04-20,10000002,36,197.5,199.6,195,528068376,1805,2021-07-11T11:01:52Z
2021-04-20,10000002,37,54.63,54.67,52,192465437,1521,2021-07-11T11:01:52Z
2021-04-20,10000002,38,2149,2176,1997,32642534,1412,2021-07-11T11:01:52Z
2021-04-20,10000002,39,1314,1343,1292,29926613,1619,2021-07-11T11:01:52Z
2021-04-20,10000002,40,629.9,637.9,629.8,15313579,1270,2021-07-11T11:01:52Z
2021-04-20,10000002,11399,66930,67000,62180,641586,726,2021-07-11T11:01:52Z
2021-04-21,10000002,34,6.84,6.98,6.58,6354863607,2282,2021-07-11T11:01:52Z
2021-04-21,10000002,35,27.87,27.98,25.8,1733261268,1967,2021-07-11T11:01:52Z
2021-04-21,10000002,36,200,200.4,193.6,557200165,1891,2021-07-11T11:01:52Z
2021-04-21,10000002,37,53.9,54,51.09,192329985,1562,2021-07-11T11:01:52Z
2021-04-21,10000002,38,2146,2148,2140,33682152,1522,2021-07-11T11:01:52Z
2021-04-21,10000002,39,1307,1317,1226,26599140,1566,2021-07-11T11:01:52Z
2021-04-21,10000002,40,620,633,587.7,12051277,1269,2021-07-11T11:01:52Z
2021-04-21,10000002,11399,66800,66860,60560,844658,707,2021-07-11T11:01:52Z
2021-04-22,10000002,34,6.92,6.98,6.34,5824158863,2273,2021-07-11T11:01:52Z
2021-04-22,10000002,35,27.9,28.62,26.01,2138789222,2035,2021-07-11T11:01:52Z
2021-04-22,10000002,36,200.7,208.9,192,927675855,1984,2021-07-11T11:01:52Z
2021-04-22,10000002,37,54,54,53.99,175807531,1557,2021-07-11T11:01:52Z
2021-04-22,10000002,38,2145,2148,2045,34095940,1498,2021-07-11T11:01:52Z
2021-04-22,10000002,39,1296,1319,1165,29747593,1576,2021-07-11T11:01:52Z
2021-04-22,10000002,40,633.8,634.8,588,12264028,1285,2021-07-11T11:01:52Z
2021-04-22,10000002,11399,66660,66690,63700,678607,645,2021-07-11T11:01:52Z
2021-04-23,10000002,34,6.99,7.01,6.93,6894115491,2340,2021-07-11T11:01:52Z
2021-04-23,10000002,35,28.61,28.76,26,2184071172,2020,2021-07-11T11:01:52Z
2021-04-23,10000002,36,191.2,198.4,184.5,584126014,1927,2021-07-11T11:01:52Z
2021-04-23,10000002,37,52.4,54.79,51.14,243954159,1637,2021-07-11T11:01:52Z
2021-04-23,10000002,38,2004,2099,1949,52367842,1721,2021-07-11T11:01:52Z
2021-04-23,10000002,39,1287,1295,1166,33787570,1701,2021-07-11T11:01:52Z
2021-04-23,10000002,40,590.2,638,588.2,16419967,1420,2021-07-11T11:01:52Z
2021-04-23,10000002,11399,65160,65220,62550,673485,660,2021-07-11T11:01:52Z
2021-04-24,10000002,34,6.99,7.01,6.68,5426161318,2648,2021-07-11T11:01:52Z
2021-04-24,10000002,35,29.63,29.92,27.93,1697559545,2313,2021-07-11T11:01:52Z
2021-04-24,10000002,36,192.3,199.2,180.3,535542769,2100,2021-07-11T11:01:52Z
2021-04-24,10000002,37,54.78,54.81,54.74,171683257,1742,2021-07-11T11:01:52Z
2021-04-24,10000002,38,2077,2078,1919,41901667,1790,2021-07-11T11:01:52Z
2021-04-24,10000002,39,1276,1285,1203,29817450,1775,2021-07-11T11:01:52Z
2021-04-24,10000002,40,628,628,627.8,22580193,1489,2021-07-11T11:01:52Z
2021-04-24,10000002,11399,63800,65150,61180,941786,782,2021-07-11T11:01:52Z
2021-04-25,10000002,34,6.9,6.97,6.87,5943348754,2667,2021-07-11T11:01:52Z
2021-04-25,10000002,35,28.97,29.27,27.29,2016036305,2245,2021-07-11T11:01:52Z
2021-04-25,10000002,36,192.6,198.2,188.9,529523584,2117,2021-07-11T11:01:52Z
2021-04-25,10000002,37,54,54.6,53.99,225390375,1702,2021-07-11T11:01:52Z
2021-04-25,10000002,38,2000,2050,1993,35171739,1623,2021-07-11T11:01:52Z
2021-04-25,10000002,39,1277,1279,1220,31419526,1759,2021-07-11T11:01:52Z
2021-04-25,10000002,40,628.9,629,593,11122385,1378,2021-07-11T11:01:52Z
2021-04-25,10000002,11399,62440,64690,61030,930908,759,2021-07-11T11:01:52Z
2021-04-26,10000002,34,6.95,6.98,6.95,7965003593,2435,2021-07-11T11:01:52Z
2021-04-26,10000002,35,28.5,29.6,27.32,2495766584,2095,2021-07-11T11:01:52Z
2021-04-26,10000002,36,191,196.6,185.4,800926440,2078,2021-07-11T11:01:52Z
2021-04-26,10000002,37,50,54.8,49.72,763607731,1631,2021-07-11T11:01:52Z
2021-04-26,10000002,38,2089,2136,2039,42645150,1641,2021-07-11T11:01:52Z
2021-04-26,10000002,39,1275,1278,1265,35617520,1677,2021-07-11T11:01:52Z
2021-04-26,10000002,40,627.9,629.2,611,13021759,1316,2021-07-11T11:01:52Z
2021-04-26,10000002,11399,64090,64640,61510,473048,668,2021-07-11T11:01:52Z
2021-04-27,10000002,34,7.16,7.3,6.91,6413923274,2095,2021-07-11T11:01:52Z
2021-04-27,10000002,35,28.47,29.9,26.18,2066912047,1767,2021-07-11T11:01:52Z
2021-04-27,10000002,36,189.9,192,181.5,652215574,1741,2021-07-11T11:01:52Z
2021-04-27,10000002,37,54.77,54.78,53.8,147794926,1354,2021-07-11T11:01:52Z
2021-04-27,10000002,38,2153,2156,2009,36843800,1246,2021-07-11T11:01:52Z
2021-04-27,10000002,39,1200,1266,1180,27792748,1275,2021-07-11T11:01:52Z
2021-04-27,10000002,40,592,592.3,591.3,19527794,1024,2021-07-11T11:01:52Z
2021-04-27,10000002,11399,63320,64000,61350,904633,703,2021-07-11T11:01:52Z
2021-04-28,10000002,34,6.69,6.78,6.53,4448889005,1890,2021-07-11T11:01:52Z
2021-04-28,10000002,35,27,27.9,26.07,1668977779,1583,2021-07-11T11:01:52Z
2021-04-28,10000002,36,170.2,177.8,156.2,274899997,1398,2021-07-11T11:01:52Z
2021-04-28,10000002,37,53.7,53.81,48.04,98530053,1097,2021-07-11T11:01:52Z
2021-04-28,10000002,38,2039,2075,1955,24392846,913,2021-07-11T11:01:52Z
2021-04-28,10000002,39,1194,1199,1100,26329646,928,2021-07-11T11:01:52Z
2021-04-28,10000002,40,626,627,625.5,17368209,724,2021-07-11T11:01:52Z
2021-04-28,10000002,11399,63100,63320,61340,846527,690,2021-07-11T11:01:52Z
2021-04-29,10000002,34,6.58,6.91,6.51,2787100944,1809,2021-07-11T11:01:52Z
2021-04-29,10000002,35,24.15,25.83,24.13,1035664873,1418,2021-07-11T11:01:52Z
2021-04-29,10000002,36,154,162.5,140,310385301,1296,2021-07-11T11:01:52Z
2021-04-29,10000002,37,52.51,53.79,51.99,79798899,1090,2021-07-11T11:01:52Z
2021-04-29,10000002,38,1960,1995,1803,20367815,835,2021-07-11T11:01:52Z
2021-04-29,10000002,39,1150,1192,1077,15901296,844,2021-07-11T11:01:52Z
2021-04-29,10000002,40,624.4,624.4,623.5,6882150,664,2021-07-11T11:01:52Z
2021-04-29,10000002,11399,63220,63360,60700,591169,676,2021-07-11T11:01:52Z
2021-04-30,10000002,34,6.34,6.56,6.32,3110576878,1944,2021-07-11T11:01:52Z
2021-04-30,10000002,35,23.51,25.39,22.01,1340371434,1619,2021-07-11T11:01:52Z
2021-04-30,10000002,36,138.3,143,117.1,461095039,1584,2021-07-11T11:01:52Z
2021-04-30,10000002,37,50.9,51.99,49.36,142535409,1237,2021-07-11T11:01:52Z
2021-04-30,10000002,38,1920,1926,1897,19608324,1035,2021-07-11T11:01:52Z
2021-04-30,10000002,39,1160,1172,967,18758253,967,2021-07-11T11:01:52Z
2021-04-30,10000002,40,595.1,622,583,12552038,836,2021-07-11T11:01:52Z
2021-04-30,10000002,11399,62950,66470,60500,817932,733,2021-07-11T11:01:52Z
2021-05-01,10000002,34,6.28,6.3,6.22,5077576987,2112,2021-07-11T11:01:52Z
2021-05-01,10000002,35,24.92,24.98,23.4,1243666564,1699,2021-07-11T11:01:52Z
2021-05-01,10000002,36,129.9,136.6,127.9,372443161,1580,2021-07-11T11:01:52Z
2021-05-01,10000002,37,52.99,53.79,51.99,80877816,1339,2021-07-11T11:01:52Z
2021-05-01,10000002,38,1842,1892,1756,26286701,1085,2021-07-11T11:01:52Z
2021-05-01,10000002,39,1110,1134,1108,14031506,1022,2021-07-11T11:01:52Z
2021-05-01,10000002,40,617.9,618,616.9,6321999,869,2021-07-11T11:01:52Z
2021-05-01,10000002,11399,63000,66380,60800,640021,735,2021-07-11T11:01:52Z
2021-05-02,10000002,34,6.11,6.15,5.86,4200031468,2148,2021-07-11T11:01:52Z
2021-05-02,10000002,35,24.49,25.98,21.33,2141548864,1948,2021-07-11T11:01:52Z
2021-05-02,10000002,36,123.6,128.7,115.4,437055236,1701,2021-07-11T11:01:52Z
2021-05-02,10000002,37,49.1,49.1,49.1,683586554,1400,2021-07-11T11:01:52Z
2021-05-02,10000002,38,1800,1834,1650,37509465,1191,2021-07-11T11:01:52Z
2021-05-02,10000002,39,1032,1079,991.7,24480667,1050,2021-07-11T11:01:52Z
2021-05-02,10000002,40,617.4,617.4,614.5,58644496,899,2021-07-11T11:01:52Z
2021-05-02,10000002,11399,62610,64650,61020,991266,748,2021-07-11T11:01:52Z
2021-05-03,10000002,34,5.88,6.07,5.82,3517875718,2004,2021-07-11T11:01:52Z
2021-05-03,10000002,35,25.58,25.96,23.06,1243048656,1743,2021-07-11T11:01:52Z
2021-05-03,10000002,36,120.3,130,116.5,359760075,1512,2021-07-11T11:01:52Z
2021-05-03,10000002,37,52.7,52.7,52.66,135200675,1294,2021-07-11T11:01:52Z
2021-05-03,10000002,38,1800,1813,1733,21124110,1046,2021-07-11T11:01:52Z
2021-05-03,10000002,39,1075,1079,975.5,16072091,1056,2021-07-11T11:01:52Z
2021-05-03,10000002,40,575.1,619.9,550.5,8841552,837,2021-07-11T11:01:52Z
2021-05-03,10000002,11399,64900,64900,63190,605328,690,2021-07-11T11:01:52Z
2021-05-04,10000002,34,5.9,5.98,5.72,4410839667,2113,2021-07-11T11:01:52Z
2021-05-04,10000002,35,24.79,25.52,23.04,1139423371,1883,2021-07-11T11:01:52Z
2021-05-04,10000002,36,121,123,116,440902365,1705,2021-07-11T11:01:52Z
2021-05-04,10000002,37,52.5,52.69,51.59,93767469,1306,2021-07-11T11:01:52Z
2021-05-04,10000002,38,1800,1809,1789,17106601,1067,2021-07-11T11:01:52Z
2021-05-04,10000002,39,1036,1039,997.1,10034890,988,2021-07-11T11:01:52Z
2021-05-04,10000002,40,619.9,624.6,590.3,9279804,870,2021-07-11T11:01:52Z
2021-05-04,10000002,11399,64920,66280,62070,603650,744,2021-07-11T11:01:52Z
2021-05-05,10000002,34,5.63,5.81,5.51,2893759534,2091,2021-07-11T11:01:52Z
2021-05-05,10000002,35,22,24,21,1406471470,1818,2021-07-11T11:01:52Z
2021-05-05,10000002,36,109.8,118,104.3,347268990,1596,2021-07-11T11:01:52Z
2021-05-05,10000002,37,48.06,52.42,47.67,162664794,1406,2021-07-11T11:01:52Z
2021-05-05,10000002,38,1783,1794,1562,19840724,1072,2021-07-11T11:01:52Z
2021-05-05,10000002,39,1000,1025,999,18025673,990,2021-07-11T11:01:52Z
2021-05-05,10000002,40,621.5,623.1,578.8,6779091,878,2021-07-11T11:01:52Z
2021-05-05,10000002,11399,64980,66900,62800,1053499,694,2021-07-11T11:01:52Z
2021-05-06,10000002,34,5.5,5.63,5.45,4082175675,2038,2021-07-11T11:01:52Z
2021-05-06,10000002,35,21,22,19.16,1749560142,1749,2021-07-11T11:01:52Z
2021-05-06,10000002,36,106.2,107.6,101,455116489,1575,2021-07-11T11:01:52Z
2021-05-06,10000002,37,46.07,47,45,495596092,1335,2021-07-11T11:01:52Z
2021-05-06,10000002,38,1699,1709,1556,24649229,1035,2021-07-11T11:01:52Z
2021-05-06,10000002,39,980.1,1000,971.2,14475831,981,2021-07-11T11:01:52Z
2021-05-06,10000002,40,598.6,600,576.6,6716302,814,2021-07-11T11:01:52Z
2021-05-06,10000002,11399,65900,66900,61500,871103,656,2021-07-11T11:01:52Z
2021-05-07,10000002,34,5.52,5.64,5.43,4631719265,1980,2021-07-11T11:01:52Z
2021-05-07,10000002,35,21.8,22.58,21.01,1332713656,1728,2021-07-11T11:01:52Z
2021-05-07,10000002,36,105,107,101.1,432708580,1609,2021-07-11T11:01:52Z
2021-05-07,10000002,37,45,45,45,294553061,1406,2021-07-11T11:01:52Z
2021-05-07,10000002,38,1610,1686,1502,25368515,1175,2021-07-11T11:01:52Z
2021-05-07,10000002,39,950,989.9,950,19323300,1067,2021-07-11T11:01:52Z
2021-05-07,10000002,40,597.9,598.5,589,9790383,892,2021-07-11T11:01:52Z
2021-05-07,10000002,11399,61040,65000,60930,1113365,699,2021-07-11T11:01:52Z
2021-05-08,10000002,34,5.4,5.45,5.22,5327170284,2388,2021-07-11T11:01:52Z
2021-05-08,10000002,35,21.8,21.91,21.07,1810287247,2115,2021-07-11T11:01:52Z
2021-05-08,10000002,36,104.8,107.5,101.6,572235897,1868,2021-07-11T11:01:52Z
2021-05-08,10000002,37,43.16,45.47,40.01,194437712,1600,2021-07-11T11:01:52Z
2021-05-08,10000002,38,1588,1598,1580,32114483,1346,2021-07-11T11:01:52Z
2021-05-08,10000002,39,969.9,973.8,950.2,15098182,1430,2021-07-11T11:01:52Z
2021-05-08,10000002,40,577.8,594.4,547.2,11497914,1081,2021-07-11T11:01:52Z
2021-05-08,10000002,11399,66000,66500,65990,654112,686,2021-07-11T11:01:52Z
2021-05-09,10000002,34,5.42,5.46,5.23,5130539095,2376,2021-07-11T11:01:52Z
2021-05-09,10000002,35,20.99,21.38,19.4,2522332718,2162,2021-07-11T11:01:52Z
2021-05-09,10000002,36,104,104.5,95.05,420299232,1936,2021-07-11T11:01:52Z
2021-05-09,10000002,37,43.7,43.74,40.09,129105963,1623,2021-07-11T11:01:52Z
2021-05-09,10000002,38,1568,1571,1500,29877479,1414,2021-07-11T11:01:52Z
2021-05-09,10000002,39,962.9,966.7,924.9,14164538,1232,2021-07-11T11:01:52Z
2021-05-09,10000002,40,594,594,593.5,8576911,1016,2021-07-11T11:01:52Z
2021-05-09,10000002,11399,66450,67000,63000,853017,670,2021-07-11T11:01:52Z
2021-05-10,10000002,34,5.15,5.18,5.05,4083353540,2309,2021-07-11T11:01:52Z
2021-05-10,10000002,35,20.9,21.43,19.06,1694298742,2151,2021-07-11T11:01:52Z
2021-05-10,10000002,36,99.05,103.7,92.06,326322947,1785,2021-07-11T11:01:52Z
2021-05-10,10000002,37,43.73,43.8,43.49,249037128,1548,2021-07-11T11:01:52Z
2021-05-10,10000002,38,1652,1659,1584,20324780,1223,2021-07-11T11:01:52Z
2021-05-10,10000002,39,909,909.8,902,18285183,1239,2021-07-11T11:01:52Z
2021-05-10,10000002,40,547.3,581,547,9441116,1056,2021-07-11T11:01:52Z
2021-05-10,10000002,11399,65710,67190,63170,645481,655,2021-07-11T11:01:52Z
2021-05-11,10000002,34,5.11,5.18,4.95,3605975824,1939,2021-07-11T11:01:52Z
2021-05-11,10000002,35,21.45,21.73,19.05,1189767109,1716,2021-07-11T11:01:52Z
2021-05-11,10000002,36,99.97,103.9,97,318501008,1472,2021-07-11T11:01:52Z
2021-05-11,10000002,37,43,43.48,41,273597218,1218,2021-07-11T11:01:52Z
2021-05-11,10000002,38,1597,1641,1571,33884751,1056,2021-07-11T11:01:52Z
2021-05-11,10000002,39,889.9,890,889.7,15423195,966,2021-07-11T11:01:52Z
2021-05-11,10000002,40,580.5,580.5,580.5,14401434,773,2021-07-11T11:01:52Z
2021-05-11,10000002,11399,66480,66500,63240,600467,693,2021-07-11T11:01:52Z
2021-05-12,10000002,34,5.12,5.14,5.08,3416368764,2154,2021-07-11T11:01:52Z
2021-05-12,10000002,35,19.24,20.6,19.17,1897218885,1794,2021-07-11T11:01:52Z
2021-05-12,10000002,36,94.91,98.14,89.27,265604377,1559,2021-07-11T11:01:52Z
2021-05-12,10000002,37,45.45,45.47,43.59,99498560,1370,2021-07-11T11:01:52Z
2021-05-12,10000002,38,1588,1590,1585,18986859,1073,2021-07-11T11:01:52Z
2021-05-12,10000002,39,860.4,897,859.9,12992718,997,2021-07-11T11:01:52Z
2021-05-12,10000002,40,546.7,580.3,546.6,8526665,829,2021-07-11T11:01:52Z
2021-05-12,10000002,11399,63280,66420,61930,695608,617,2021-07-11T11:01:52Z
2021-05-13,10000002,34,5.02,5.12,5,6859864580,2141,2021-07-11T11:01:52Z
2021-05-13,10000002,35,20.25,21.18,19.21,1408431045,1797,2021-07-11T11:01:52Z
2021-05-13,10000002,36,89.99,92,88,380641144,1566,2021-07-11T11:01:52Z
2021-05-13,10000002,37,45,45.02,45,269018624,1345,2021-07-11T11:01:52Z
2021-05-13,10000002,38,1590,1596,1584,27870661,1064,2021-07-11T11:01:52Z
2021-05-13,10000002,39,844.6,857,823.2,13615741,1002,2021-07-11T11:01:52Z
2021-05-13,10000002,40,580,580.3,560.2,9937945,873,2021-07-11T11:01:52Z
2021-05-13,10000002,11399,66460,66490,63500,881367,727,2021-07-11T11:01:52Z
2021-05-14,10000002,34,5.08,5.1,5,5291603487,1955,2021-07-11T11:01:52Z
2021-05-14,10000002,35,19.23,20.06,19.18,1965189190,1711,2021-07-11T11:01:52Z
2021-05-14,10000002,36,91.77,91.8,90,415956071,1497,2021-07-11T11:01:52Z
2021-05-14,10000002,37,45.45,45.47,45.45,270582479,1340,2021-07-11T11:01:52Z
2021-05-14,10000002,38,1627,1634,1561,27685427,1035,2021-07-11T11:01:52Z
2021-05-14,10000002,39,839,839.7,823.1,18865466,944,2021-07-11T11:01:52Z
2021-05-14,10000002,40,579,579.9,578.9,8793748,754,2021-07-11T11:01:52Z
2021-05-14,10000002,11399,66390,66400,63070,567545,610,2021-07-11T11:01:52Z
2021-05-15,10000002,34,5.01,5.08,4.9,3619599507,2237,2021-07-11T11:01:52Z
2021-05-15,10000002,35,20.07,20.1,19.98,1633345777,1968,2021-07-11T11:01:52Z
2021-05-15,10000002,36,91.66,91.72,88.62,353460299,1727,2021-07-11T11:01:52Z
2021-05-15,10000002,37,45.69,45.77,44.65,240059076,1405,2021-07-11T11:01:52Z
2021-05-15,10000002,38,1635,1645,1539,35413647,1193,2021-07-11T11:01:52Z
2021-05-15,10000002,39,841,843,814.9,20147528,1082,2021-07-11T11:01:52Z
2021-05-15,10000002,40,580.5,580.5,579,11032774,873,2021-07-11T11:01:52Z
2021-05-15,10000002,11399,67190,67200,66400,861073,757,2021-07-11T11:01:52Z
2021-05-16,10000002,34,4.85,4.88,4.79,4193567673,2233,2021-07-11T11:01:52Z
2021-05-16,10000002,35,20,20.23,19.19,1558916597,1965,2021-07-11T11:01:52Z
2021-05-16,10000002,36,89.83,91.49,86.5,400197304,1746,2021-07-11T11:01:52Z
2021-05-16,10000002,37,44.16,44.16,44.16,488091960,1439,2021-07-11T11:01:52Z
2021-05-16,10000002,38,1640,1641,1600,22372804,1177,2021-07-11T11:01:52Z
2021-05-16,10000002,39,827,834,808.5,19843465,1123,2021-07-11T11:01:52Z
2021-05-16,10000002,40,575,582.6,560,9081736,932,2021-07-11T11:01:52Z
2021-05-16,10000002,11399,66500,66950,66490,1115974,725,2021-07-11T11:01:52Z
2021-05-17,10000002,34,4.75,4.86,4.6,3335702089,2064,2021-07-11T11:01:52Z
2021-05-17,10000002,35,19.98,20.27,19.19,1469412221,1815,2021-07-11T11:01:52Z
2021-05-17,10000002,36,88.5,89.18,86.05,383902890,1575,2021-07-11T11:01:52Z
2021-05-17,10000002,37,46,46.07,46,290342337,1321,2021-07-11T11:01:52Z
2021-05-17,10000002,38,1632,1638,1591,17724796,1070,2021-07-11T11:01:52Z
2021-05-17,10000002,39,821.3,829.9,700,19586017,1069,2021-07-11T11:01:52Z
2021-05-17,10000002,40,567,568,560.2,10977067,897,2021-07-11T11:01:52Z
2021-05-17,10000002,11399,66950,68150,66000,1009423,676,2021-07-11T11:01:52Z
2021-05-18,10000002,34,4.73,4.76,4.66,4173334940,2513,2021-07-11T11:01:52Z
2021-05-18,10000002,35,20,20.1,19.97,1829730361,2274,2021-07-11T11:01:52Z
2021-05-18,10000002,36,85.96,89.06,85,424156951,2054,2021-07-11T11:01:52Z
2021-05-18,10000002,37,49.89,49.97,48.95,120159379,1282,2021-07-11T11:01:52Z
2021-05-18,10000002,38,1632,1644,1600,17428197,1025,2021-07-11T11:01:52Z
2021-05-18,10000002,39,828,847.7,827,16047469,954,2021-07-11T11:01:52Z
2021-05-18,10000002,40,582.9,583.9,565,10785879,790,2021-07-11T11:01:52Z
2021-05-18,10000002,11399,67000,68110,66940,923441,738,2021-07-11T11:01:52Z
2021-05-19,10000002,34,4.57,4.72,4.47,3843967035,2095,2021-07-11T11:01:52Z
2021-05-19,10000002,35,20,20.09,19.19,2017501908,1910,2021-07-11T11:01:52Z
2021-05-19,10000002,36,85,88.5,77.09,414522388,1729,2021-07-11T11:01:52Z
2021-05-19,10000002,37,49.74,49.85,48,103840771,1379,2021-07-11T11:01:52Z
2021-05-19,10000002,38,1633,1638,1572,21795426,1145,2021-07-11T11:01:52Z
2021-05-19,10000002,39,848.3,848.3,848.2,16290046,1082,2021-07-11T11:01:52Z
2021-05-19,10000002,40,584.7,584.7,584.7,10481502,876,2021-07-11T11:01:52Z
2021-05-19,10000002,11399,69000,71800,68980,661093,753,2021-07-11T11:01:52Z
2021-05-20,10000002,34,4.48,4.59,4.47,6138238449,1882,2021-07-11T11:01:52Z
2021-05-20,10000002,35,19.79,20,19.2,2203698399,1686,2021-07-11T11:01:52Z
2021-05-20,10000002,36,84.98,85,83.68,304394715,1464,2021-07-11T11:01:52Z
2021-05-20,10000002,37,49.99,49.99,49.99,75747171,1150,2021-07-11T11:01:52Z
2021-05-20,10000002,38,1645,1646,1519,23266816,983,2021-07-11T11:01:52Z
2021-05-20,10000002,39,848.2,848.8,800.1,10733106,875,2021-07-11T11:01:52Z
2021-05-20,10000002,40,584.7,584.7,584.5,9845948,740,2021-07-11T11:01:52Z
2021-05-20,10000002,11399,72650,76000,70000,1472504,727,2021-07-11T11:01:52Z
2021-05-21,10000002,34,4.58,4.68,4.5,3957364125,1989,2021-07-11T11:01:52Z
2021-05-21,10000002,35,20.26,20.29,19.9,1983903582,1821,2021-07-11T11:01:52Z
2021-05-21,10000002,36,86.59,86.76,84.5,309256619,1560,2021-07-11T11:01:52Z
2021-05-21,10000002,37,49,49.96,46.11,171018911,1244,2021-07-11T11:01:52Z
2021-05-21,10000002,38,1646,1649,1633,27358774,1038,2021-07-11T11:01:52Z
2021-05-21,10000002,39,850,907.4,849.9,37042724,951,2021-07-11T11:01:52Z
2021-05-21,10000002,40,592.7,592.7,592.5,7393620,802,2021-07-11T11:01:52Z
2021-05-21,10000002,11399,75770,86990,70600,1013974,682,2021-07-11T11:01:52Z
2021-05-22,10000002,34,4.51,4.68,4.48,4774068392,2115,2021-07-11T11:01:52Z
2021-05-22,10000002,35,20.87,20.9,20.01,2079787118,1880,2021-07-11T11:01:52Z
2021-05-22,10000002,36,85.57,86.48,78.12,249217856,1577,2021-07-11T11:01:52Z
2021-05-22,10000002,37,49.68,49.97,49.67,116062969,1272,2021-07-11T11:01:52Z
2021-05-22,10000002,38,1637,1640,1582,23229209,1076,2021-07-11T11:01:52Z
2021-05-22,10000002,39,960.7,961.5,912,11984092,984,2021-07-11T11:01:52Z
2021-05-22,10000002,40,599,620.9,599,16119034,879,2021-07-11T11:01:52Z
2021-05-22,10000002,11399,76000,79810,69330,783123,805,2021-07-11T11:01:52Z
2021-05-23,10000002,34,4.52,4.66,4.48,6452091278,2157,2021-07-11T11:01:52Z
2021-05-23,10000002,35,20.41,20.86,20,2426436535,1965,2021-07-11T11:01:52Z
2021-05-23,10000002,36,80,83.45,78.15,340833408,1602,2021-07-11T11:01:52Z
2021-05-23,10000002,37,49.64,49.68,46.87,114857333,1382,2021-07-11T11:01:52Z
2021-05-23,10000002,38,1549,1635,1525,26314427,1205,2021-07-11T11:01:52Z
2021-05-23,10000002,39,900,900,900,21674901,1105,2021-07-11T11:01:52Z
2021-05-23,10000002,40,625.7,626,623.6,5257120,895,2021-07-11T11:01:52Z
2021-05-23,10000002,11399,77970,78000,77910,678239,750,2021-07-11T11:01:52Z
2021-05-24,10000002,34,4.65,4.75,4.44,4344361529,2068,2021-07-11T11:01:52Z
2021-05-24,10000002,35,19.89,20.86,19.22,2387321807,1829,2021-07-11T11:01:52Z
2021-05-24,10000002,36,77.82,79.4,77.45,336029030,1552,2021-07-11T11:01:52Z
2021-05-24,10000002,37,49.64,49.88,46.95,240697701,1332,2021-07-11T11:01:52Z
2021-05-24,10000002,38,1529,1539,1526,30565470,1139,2021-07-11T11:01:52Z
2021-05-24,10000002,39,888,888.7,865.1,16271509,1008,2021-07-11T11:01:52Z
2021-05-24,10000002,40,623.4,623.7,622.9,5528853,834,2021-07-11T11:01:52Z
2021-05-24,10000002,11399,76990,79940,73880,990596,701,2021-07-11T11:01:52Z
2021-05-25,10000002,34,4.55,4.69,4.5,6374435589,1845,2021-07-11T11:01:52Z
2021-05-25,10000002,35,20.69,20.85,20,1437810272,1616,2021-07-11T11:01:52Z
2021-05-25,10000002,36,79.74,79.89,77.45,408194446,1310,2021-07-11T11:01:52Z
2021-05-25,10000002,37,49.97,50.25,47,112205548,1110,2021-07-11T11:01:52Z
2021-05-25,10000002,38,1550,1596,1500,22800335,946,2021-07-11T11:01:52Z
2021-05-25,10000002,39,889,900,888.2,14423875,872,2021-07-11T11:01:52Z
2021-05-25,10000002,40,618.9,622.7,601,3853654,690,2021-07-11T11:01:52Z
2021-05-25,10000002,11399,79870,84150,77970,453023,558,2021-07-11T11:01:52Z
2021-05-26,10000002,34,4.51,4.7,4.49,3456702358,1640,2021-07-11T11:01:52Z
2021-05-26,10000002,35,20,20.54,19.3,2780385301,1526,2021-07-11T11:01:52Z
2021-05-26,10000002,36,77.49,79.74,77.44,421001594,1290,2021-07-11T11:01:52Z
2021-05-26,10000002,37,48.84,48.85,48.5,80499887,1051,2021-07-11T11:01:52Z
2021-05-26,10000002,38,1599,1618,1595,12886545,880,2021-07-11T11:01:52Z
2021-05-26,10000002,39,900,900,900,12281723,810,2021-07-11T11:01:52Z
2021-05-26,10000002,40,617.6,617.9,617.3,3341038,673,2021-07-11T11:01:52Z
2021-05-26,10000002,11399,78000,79970,75240,712530,555,2021-07-11T11:01:52Z
2021-05-27,10000002,34,4.64,4.86,4.55,3899729603,1740,2021-07-11T11:01:52Z
2021-05-27,10000002,35,20.01,20.57,19.9,1614818815,1556,2021-07-11T11:01:52Z
2021-05-27,10000002,36,77.35,77.66,77.01,395401073,1306,2021-07-11T11:01:52Z
2021-05-27,10000002,37,46.8,46.8,46.8,193032904,1165,2021-07-11T11:01:52Z
2021-05-27,10000002,38,1605,1615,1482,20656740,924,2021-07-11T11:01:52Z
2021-05-27,10000002,39,975,978.7,911.9,9983505,812,2021-07-11T11:01:52Z
2021-05-27,10000002,40,623,623.9,615,3896009,720,2021-07-11T11:01:52Z
2021-05-27,10000002,11399,80000,81000,79960,732890,595,2021-07-11T11:01:52Z
2021-05-28,10000002,34,4.85,4.94,4.7,11094450119,1787,2021-07-11T11:01:52Z
2021-05-28,10000002,35,19.98,20.55,19,1250085264,1502,2021-07-11T11:01:52Z
2021-05-28,10000002,36,74.9,75.98,71.32,360734059,1352,2021-07-11T11:01:52Z
2021-05-28,10000002,37,48.39,48.51,45.3,92638690,1079,2021-07-11T11:01:52Z
2021-05-28,10000002,38,1598,1598,1596,16223298,893,2021-07-11T11:01:52Z
2021-05-28,10000002,39,947.6,947.7,947,6488718,809,2021-07-11T11:01:52Z
2021-05-28,10000002,40,622.3,623,590,4346427,685,2021-07-11T11:01:52Z
2021-05-28,10000002,11399,82000,83980,80490,712668,654,2021-07-11T11:01:52Z
2021-05-29,10000002,34,4.57,4.8,4.56,5599662938,2103,2021-07-11T11:01:52Z
2021-05-29,10000002,35,19.81,19.97,18.16,905979719,1752,2021-07-11T11:01:52Z
2021-05-29,10000002,36,74.47,76.8,71.41,272793920,1480,2021-07-11T11:01:52Z
2021-05-29,10000002,37,45.21,48.37,45.14,141932408,1287,2021-07-11T11:01:52Z
2021-05-29,10000002,38,1586,1588,1571,19545284,1067,2021-07-11T11:01:52Z
2021-05-29,10000002,39,930,946.9,902,11379322,924,2021-07-11T11:01:52Z
2021-05-29,10000002,40,572.4,621.7,570,5507408,807,2021-07-11T11:01:52Z
2021-05-29,10000002,11399,84530,86750,80830,1218116,795,2021-07-11T11:01:52Z
2021-05-30,10000002,34,4.53,4.7,4.5,7305211949,1964,2021-07-11T11:01:52Z
2021-05-30,10000002,35,18.4,19.65,17.95,1192204697,1704,2021-07-11T11:01:52Z
2021-05-30,10000002,36,73.57,74.6,71.14,299911638,1451,2021-07-11T11:01:52Z
2021-05-30,10000002,37,48.41,48.65,46,118342191,1250,2021-07-11T11:01:52Z
2021-05-30,10000002,38,1550,1587,1500,23174281,1086,2021-07-11T11:01:52Z
2021-05-30,10000002,39,887,926.8,864.1,12362074,952,2021-07-11T11:01:52Z
2021-05-30,10000002,40,623.3,623.3,623.3,5703884,784,2021-07-11T11:01:52Z
2021-05-30,10000002,11399,89000,89950,87800,1002369,627,2021-07-11T11:01:52Z
2021-05-31,10000002,34,4.53,4.75,4.47,5304419976,1869,2021-07-11T11:01:52Z
2021-05-31,10000002,35,18.2,19,15.65,2232037052,1674,2021-07-11T11:01:52Z
2021-05-31,10000002,36,73.81,74.93,71.07,369026426,1412,2021-07-11T11:01:52Z
2021-05-31,10000002,37,48.64,50,47,122043174,1255,2021-07-11T11:01:52Z
2021-05-31,10000002,38,1533,1594,1531,19965162,1050,2021-07-11T11:01:52Z
2021-05-31,10000002,39,926.8,944.7,926.6,18264886,950,2021-07-11T11:01:52Z
2021-05-31,10000002,40,623.2,623.3,622,5922419,789,2021-07-11T11:01:52Z
2021-05-31,10000002,11399,92150,94000,90000,1100525,676,2021-07-11T11:01:52Z
2021-06-01,10000002,34,4.37,4.56,4.34,4483384896,1696,2021-07-11T11:01:52Z
2021-06-01,10000002,35,18.75,18.92,15.68,1283062292,1480,2021-07-11T11:01:52Z
2021-06-01,10000002,36,70.99,71.03,70.99,535899138,1305,2021-07-11T11:01:52Z
2021-06-01,10000002,37,49.92,49.97,48.68,110695132,1190,2021-07-11T11:01:52Z
2021-06-01,10000002,38,1531,1592,1530,18952065,945,2021-07-11T11:01:52Z
2021-06-01,10000002,39,940.7,942.9,855.5,9990136,853,2021-07-11T11:01:52Z
2021-06-01,10000002,40,620.7,620.7,620.6,3043533,746,2021-07-11T11:01:52Z
2021-06-01,10000002,11399,94500,98970,90000,839518,569,2021-07-11T11:01:52Z
2021-06-02,10000002,34,4.6,4.74,4.44,2929231914,1567,2021-07-11T11:01:52Z
2021-06-02,10000002,35,16.8,17.8,15.65,1372388285,1394,2021-07-11T11:01:52Z
2021-06-02,10000002,36,68.89,69.98,63.3,363660597,1212,2021-07-11T11:01:52Z
2021-06-02,10000002,37,48.68,48.68,48.68,179267960,1014,2021-07-11T11:01:52Z
2021-06-02,10000002,38,1538,1550,1532,19331928,853,2021-07-11T11:01:52Z
2021-06-02,10000002,39,914.9,933,899,11131988,775,2021-07-11T11:01:52Z
2021-06-02,10000002,40,610,621,590.1,8355222,673,2021-07-11T11:01:52Z
2021-06-02,10000002,11399,95160,96000,90000,639425,532,2021-07-11T11:01:52Z
2021-06-03,10000002,34,4.55,4.7,4.4,5407438141,1691,2021-07-11T11:01:52Z
2021-06-03,10000002,35,16.75,17,16.02,1782253604,1468,2021-07-11T11:01:52Z
2021-06-03,10000002,36,68,68.03,67,357370949,1271,2021-07-11T11:01:52Z
2021-06-03,10000002,37,48.68,48.68,48.68,196146968,1061,2021-07-11T11:01:52Z
2021-06-03,10000002,38,1531,1533,1517,17859317,838,2021-07-11T11:01:52Z
2021-06-03,10000002,39,924.9,925.8,900.2,16163361,788,2021-07-11T11:01:52Z
2021-06-03,10000002,40,610,610,610,6618848,649,2021-07-11T11:01:52Z
2021-06-03,10000002,11399,89020,95790,88070,653415,668,2021-07-11T11:01:52Z
2021-06-04,10000002,34,4.66,4.71,4.44,3944278815,1651,2021-07-11T11:01:52Z
2021-06-04,10000002,35,17.21,18,17.11,1762821209,1430,2021-07-11T11:01:52Z
2021-06-04,10000002,36,65,66.5,64.33,502504810,1242,2021-07-11T11:01:52Z
2021-06-04,10000002,37,48.68,50.43,48.07,114466680,1037,2021-07-11T11:01:52Z
2021-06-04,10000002,38,1511,1515,1413,27457166,854,2021-07-11T11:01:52Z
2021-06-04,10000002,39,903,920,893.1,11138589,799,2021-07-11T11:01:52Z
2021-06-04,10000002,40,590.6,609.7,580.3,5297515,639,2021-07-11T11:01:52Z
2021-06-04,10000002,11399,91950,94470,84470,679514,507,2021-07-11T11:01:52Z
2021-06-05,10000002,34,4.66,4.69,4.43,4120608744,1927,2021-07-11T11:01:52Z
2021-06-05,10000002,35,18,18.07,16.73,2073083765,1653,2021-07-11T11:01:52Z
2021-06-05,10000002,36,65.2,66.92,60.43,498169524,1429,2021-07-11T11:01:52Z
2021-06-05,10000002,37,50.75,50.96,45.5,220218430,1283,2021-07-11T11:01:52Z
2021-06-05,10000002,38,1339,1387,1303,52977158,1173,2021-07-11T11:01:52Z
2021-06-05,10000002,39,810,880,808.8,15927587,938,2021-07-11T11:01:52Z
2021-06-05,10000002,40,580,608.7,570,11026528,804,2021-07-11T11:01:52Z
2021-06-05,10000002,11399,91950,92950,85020,653964,660,2021-07-11T11:01:52Z
2021-06-06,10000002,34,4.58,4.76,4.49,4905957337,2227,2021-07-11T11:01:52Z
2021-06-06,10000002,35,17.25,17.93,16.92,1792068493,1882,2021-07-11T11:01:52Z
2021-06-06,10000002,36,65.19,66.74,62.24,301904614,1650,2021-07-11T11:01:52Z
2021-06-06,10000002,37,50.97,51,50.9,126147603,1444,2021-07-11T11:01:52Z
2021-06-06,10000002,38,1438,1443,1429,22577328,1071,2021-07-11T11:01:52Z
2021-06-06,10000002,39,871.2,877.8,812.1,13212858,1065,2021-07-11T11:01:52Z
2021-06-06,10000002,40,595,607,572.1,5283578,923,2021-07-11T11:01:52Z
2021-06-06,10000002,11399,90480,92900,85260,825100,714,2021-07-11T11:01:52Z
2021-06-07,10000002,34,4.77,5,4.63,10565563089,1921,2021-07-11T11:01:52Z
2021-06-07,10000002,35,17.29,17.32,17.22,2294946756,1648,2021-07-11T11:01:52Z
2021-06-07,10000002,36,65.92,67.2,65,505354228,1375,2021-07-11T11:01:52Z
2021-06-07,10000002,37,50.85,51,50.71,181838859,1214,2021-07-11T11:01:52Z
2021-06-07,10000002,38,1426,1430,1358,29211511,991,2021-07-11T11:01:52Z
2021-06-07,10000002,39,874,874,874,8756431,816,2021-07-11T11:01:52Z
2021-06-07,10000002,40,595,595,595,6742188,745,2021-07-11T11:01:52Z
2021-06-07,10000002,11399,85050,89190,83520,664854,590,2021-07-11T11:01:52Z
2021-06-08,10000002,34,4.7,4.83,4.53,3033992164,1610,2021-07-11T11:01:52Z
2021-06-08,10000002,35,17.02,17.13,16.58,1855537852,1456,2021-07-11T11:01:52Z
2021-06-08,10000002,36,66.13,66.99,65,290289954,1144,2021-07-11T11:01:52Z
2021-06-08,10000002,37,51.83,52.25,50.58,83576622,1083,2021-07-11T11:01:52Z
2021-06-08,10000002,38,1413,1415,1270,19139246,825,2021-07-11T11:01:52Z
2021-06-08,10000002,39,865,873.8,862.9,8108789,798,2021-07-11T11:01:52Z
2021-06-08,10000002,40,595,595,595,4188636,683,2021-07-11T11:01:52Z
2021-06-08,10000002,11399,88000,88000,85860,847283,536,2021-07-11T11:01:52Z
2021-06-09,10000002,34,4.57,4.71,4.47,2456186904,1617,2021-07-11T11:01:52Z
2021-06-09,10000002,35,16.42,16.97,16.39,1057604624,1392,2021-07-11T11:01:52Z
2021-06-09,10000002,36,61.05,65.18,60.99,212878346,1174,2021-07-11T11:01:52Z
2021-06-09,10000002,37,51.8,51.84,50.94,77736283,1052,2021-07-11T11:01:52Z
2021-06-09,10000002,38,1316,1407,1315,23285247,858,2021-07-11T11:01:52Z
2021-06-09,10000002,39,813.1,813.1,813.1,15344329,788,2021-07-11T11:01:52Z
2021-06-09,10000002,40,594.9,595,594.9,5215895,690,2021-07-11T11:01:52Z
2021-06-09,10000002,11399,84670,84900,80350,683951,495,2021-07-11T11:01:52Z
2021-06-10,10000002,34,4.51,4.83,4.38,3848911455,1714,2021-07-11T11:01:52Z
2021-06-10,10000002,35,17,17.05,16.52,1417986149,1457,2021-07-11T11:01:52Z
2021-06-10,10000002,36,64.89,66,60.94,281344159,1271,2021-07-11T11:01:52Z
2021-06-10,10000002,37,52,52.26,51.9,100815460,1113,2021-07-11T11:01:52Z
2021-06-10,10000002,38,1408,1409,1316,20563742,868,2021-07-11T11:01:52Z
2021-06-10,10000002,39,862.6,862.7,859.5,11055321,839,2021-07-11T11:01:52Z
2021-06-10,10000002,40,592,595,577.6,5927988,727,2021-07-11T11:01:52Z
2021-06-10,10000002,11399,80000,80000,79980,809437,643,2021-07-11T11:01:52Z
2021-06-11,10000002,34,4.66,4.92,4.58,3289238495,1714,2021-07-11T11:01:52Z
2021-06-11,10000002,35,16.99,17.01,16.52,1116999551,1471,2021-07-11T11:01:52Z
2021-06-11,10000002,36,65,67.04,61.11,207390956,1300,2021-07-11T11:01:52Z
2021-06-11,10000002,37,52.92,52.95,52.48,97375534,1150,2021-07-11T11:01:52Z
2021-06-11,10000002,38,1403,1406,1326,21160109,870,2021-07-11T11:01:52Z
2021-06-11,10000002,39,850,856.9,839.5,8758095,840,2021-07-11T11:01:52Z
2021-06-11,10000002,40,590,595,577.6,7401293,745,2021-07-11T11:01:52Z
2021-06-11,10000002,11399,78850,79990,75450,1093040,676,2021-07-11T11:01:52Z
2021-06-12,10000002,34,4.67,4.68,4.63,4497450888,2092,2021-07-11T11:01:52Z
2021-06-12,10000002,35,17,17.07,16.25,2052526700,1816,2021-07-11T11:01:52Z
2021-06-12,10000002,36,66.49,67.08,65.09,435481616,1609,2021-07-11T11:01:52Z
2021-06-12,10000002,37,53.25,53.78,52.97,346759959,1375,2021-07-11T11:01:52Z
2021-06-12,10000002,38,1407,1410,1401,26241186,1126,2021-07-11T11:01:52Z
2021-06-12,10000002,39,856,863,825.2,18224141,1107,2021-07-11T11:01:52Z
2021-06-12,10000002,40,593,595,592,10468890,875,2021-07-11T11:01:52Z
2021-06-12,10000002,11399,79930,84460,79780,676898,714,2021-07-11T11:01:52Z
2021-06-13,10000002,34,4.53,4.66,4.37,4779031926,2277,2021-07-11T11:01:52Z
2021-06-13,10000002,35,17.05,17.08,16.27,1895708871,1902,2021-07-11T11:01:52Z
2021-06-13,10000002,36,65.2,73.32,64.2,592242686,1768,2021-07-11T11:01:52Z
2021-06-13,10000002,37,53.78,53.78,53.78,211799972,1486,2021-07-11T11:01:52Z
2021-06-13,10000002,38,1390,1390,1390,23856259,1189,2021-07-11T11:01:52Z
2021-06-13,10000002,39,811.3,895.7,807.3,16495054,1069,2021-07-11T11:01:52Z
2021-06-13,10000002,40,609,609,609,25630832,931,2021-07-11T11:01:52Z
2021-06-13,10000002,11399,82500,84400,75690,765334,723,2021-07-11T11:01:52Z
2021-06-14,10000002,34,4.61,4.65,4.44,3373790343,1817,2021-07-11T11:01:52Z
2021-06-14,10000002,35,16.19,17.07,16.08,1248653888,1600,2021-07-11T11:01:52Z
2021-06-14,10000002,36,66.06,69.99,65.01,283764345,1486,2021-07-11T11:01:52Z
2021-06-14,10000002,37,52.01,53.77,51.92,117641536,1208,2021-07-11T11:01:52Z
2021-06-14,10000002,38,1389,1400,1298,17798252,968,2021-07-11T11:01:52Z
2021-06-14,10000002,39,880,890,820.5,12167331,902,2021-07-11T11:01:52Z
2021-06-14,10000002,40,575.8,620.8,556.2,5754938,785,2021-07-11T11:01:52Z
2021-06-14,10000002,11399,85000,88150,84600,652411,657,2021-07-11T11:01:52Z
2021-06-15,10000002,34,4.6,4.6,4.6,5565918140,1612,2021-07-11T11:01:52Z
2021-06-15,10000002,35,16.15,16.94,16.07,2032252210,1434,2021-07-11T11:01:52Z
2021-06-15,10000002,36,65.23,68.87,65,319530404,1271,2021-07-11T11:01:52Z
2021-06-15,10000002,37,51.96,51.99,51.2,106822531,1100,2021-07-11T11:01:52Z
2021-06-15,10000002,38,1398,1400,1365,13836083,840,2021-07-11T11:01:52Z
2021-06-15,10000002,39,880,894.2,878,6698089,764,2021-07-11T11:01:52Z
2021-06-15,10000002,40,620.9,620.9,620.9,3745346,679,2021-07-11T11:01:52Z
2021-06-15,10000002,11399,88160,89000,84330,530769,565,2021-07-11T11:01:52Z
2021-06-16,10000002,34,4.68,4.75,4.55,8714288648,1775,2021-07-11T11:01:52Z
2021-06-16,10000002,35,16.79,16.9,16.25,1589937564,1473,2021-07-11T11:01:52Z
2021-06-16,10000002,36,67.35,68.49,61.11,363754651,1282,2021-07-11T11:01:52Z
2021-06-16,10000002,37,51.24,51.97,49.9,125397946,1104,2021-07-11T11:01:52Z
2021-06-16,10000002,38,1394,1398,1291,19659452,923,2021-07-11T11:01:52Z
2021-06-16,10000002,39,832.7,880,820,12927704,845,2021-07-11T11:01:52Z
2021-06-16,10000002,40,615,620.8,583.1,4818320,743,2021-07-11T11:01:52Z
2021-06-16,10000002,11399,86000,89000,84570,451927,539,2021-07-11T11:01:52Z
2021-06-17,10000002,34,4.92,4.97,4.74,2782101647,1588,2021-07-11T11:01:52Z
2021-06-17,10000002,35,16.99,17.24,16.4,1351465855,1362,2021-07-11T11:01:52Z
2021-06-17,10000002,36,67,67.39,60.65,235125845,1155,2021-07-11T11:01:52Z
2021-06-17,10000002,37,51.95,51.99,50,63480501,1010,2021-07-11T11:01:52Z
2021-06-17,10000002,38,1383,1391,1381,14819475,832,2021-07-11T11:01:52Z
2021-06-17,10000002,39,891.1,891.2,890,7129136,771,2021-07-11T11:01:52Z
2021-06-17,10000002,40,618.9,619.1,609.9,3872726,679,2021-07-11T11:01:52Z
2021-06-17,10000002,11399,85360,88770,84450,914485,639,2021-07-11T11:01:52Z
2021-06-18,10000002,34,4.71,4.79,4.49,1947113667,1608,2021-07-11T11:01:52Z
2021-06-18,10000002,35,16.9,17.16,16.42,1045239625,1393,2021-07-11T11:01:52Z
2021-06-18,10000002,36,66.48,66.98,62.05,261310143,1208,2021-07-11T11:01:52Z
2021-06-18,10000002,37,51.95,53.68,48,108326213,1068,2021-07-11T11:01:52Z
2021-06-18,10000002,38,1389,1393,1379,18507822,893,2021-07-11T11:01:52Z
2021-06-18,10000002,39,890.8,890.9,889,6673100,783,2021-07-11T11:01:52Z
2021-06-18,10000002,40,618.5,618.5,618.5,3699475,710,2021-07-11T11:01:52Z
2021-06-18,10000002,11399,85020,88480,84000,579142,579,2021-07-11T11:01:52Z
2021-06-19,10000002,34,4.64,4.85,4.49,3193219208,1758,2021-07-11T11:01:52Z
2021-06-19,10000002,35,16.94,17.04,16.4,1164388621,1430,2021-07-11T11:01:52Z
2021-06-19,10000002,36,65.63,66.25,60.7,246682069,1284,2021-07-11T11:01:52Z
2021-06-19,10000002,37,53.71,53.73,49.55,118687900,1063,2021-07-11T11:01:52Z
2021-06-19,10000002,38,1326,1380,1322,18362133,870,2021-07-11T11:01:52Z
2021-06-19,10000002,39,890.9,890.9,890.7,11524998,802,2021-07-11T11:01:52Z
2021-06-19,10000002,40,606.6,616.8,576.5,3965006,728,2021-07-11T11:01:52Z
2021-06-19,10000002,11399,86990,87250,83700,477060,572,2021-07-11T11:01:52Z
2021-06-20,10000002,34,4.6,4.6,4.6,5848435401,1864,2021-07-11T11:01:52Z
2021-06-20,10000002,35,16.98,17,16.51,1340618686,1589,2021-07-11T11:01:52Z
2021-06-20,10000002,36,63,65.8,62,468529912,1385,2021-07-11T11:01:52Z
2021-06-20,10000002,37,52,53.65,50.06,190937489,1250,2021-07-11T11:01:52Z
2021-06-20,10000002,38,1379,1386,1265,21043175,942,2021-07-11T11:01:52Z
2021-06-20,10000002,39,889.9,890,879.7,9894854,935,2021-07-11T11:01:52Z
2021-06-20,10000002,40,616.3,616.9,579.3,7102278,784,2021-07-11T11:01:52Z
2021-06-20,10000002,11399,87400,87510,82200,651496,692,2021-07-11T11:01:52Z
2021-06-21,10000002,34,4.53,4.69,4.47,3605548386,1595,2021-07-11T11:01:52Z
2021-06-21,10000002,35,16.75,16.91,16.36,1877090766,1432,2021-07-11T11:01:52Z
2021-06-21,10000002,36,62.99,65.64,61,264942011,1227,2021-07-11T11:01:52Z
2021-06-21,10000002,37,51.95,53.6,51.07,115483170,1057,2021-07-11T11:01:52Z
2021-06-21,10000002,38,1356,1361,1304,18893368,890,2021-07-11T11:01:52Z
2021-06-21,10000002,39,877,879.6,871.6,12544491,786,2021-07-11T11:01:52Z
2021-06-21,10000002,40,617.5,617.7,579.28,6764793,697,2021-07-11T11:01:52Z
2021-06-21,10000002,11399,84170,88180,83100,778020,578,2021-07-11T11:01:52Z
2021-06-22,10000002,34,4.6,4.74,4.44,3569568172,1574,2021-07-11T11:01:52Z
2021-06-22,10000002,35,16.82,16.99,16.58,1456468784,1301,2021-07-11T11:01:52Z
2021-06-22,10000002,36,65.19,65.74,60.94,194876530,1094,2021-07-11T11:01:52Z
2021-06-22,10000002,37,53.6,53.6,53.6,95262524,1002,2021-07-11T11:01:52Z
2021-06-22,10000002,38,1303,1347,1291,22920016,826,2021-07-11T11:01:52Z
2021-06-22,10000002,39,877,878.8,851.3,9882389,768,2021-07-11T11:01:52Z
2021-06-22,10000002,40,573,573,573,8665143,677,2021-07-11T11:01:52Z
2021-06-22,10000002,11399,88130,88300,84690,614657,557,2021-07-11T11:01:52Z
2021-06-23,10000002,34,4.63,4.64,4.63,7102783122,1601,2021-07-11T11:01:52Z
2021-06-23,10000002,35,16.54,16.99,16.41,1453719376,1356,2021-07-11T11:01:52Z
2021-06-23,10000002,36,62.11,65.53,61.08,300263424,1173,2021-07-11T11:01:52Z
2021-06-23,10000002,37,53.54,53.55,53.49,126052220,1064,2021-07-11T11:01:52Z
2021-06-23,10000002,38,1338,1340,1259,16782899,930,2021-07-11T11:01:52Z
2021-06-23,10000002,39,820,879.3,808.1,12891703,826,2021-07-11T11:01:52Z
2021-06-23,10000002,40,572.6,615,559.5,6044242,699,2021-07-11T11:01:52Z
2021-06-23,10000002,11399,84810,88380,84410,756897,543,2021-07-11T11:01:52Z
2021-06-24,10000002,34,4.67,4.7,4.49,2285546737,1499,2021-07-11T11:01:52Z
2021-06-24,10000002,35,17,17,17,3906451202,1407,2021-07-11T11:01:52Z
2021-06-24,10000002,36,64.6,64.98,61.05,238501950,1123,2021-07-11T11:01:52Z
2021-06-24,10000002,37,52.8,53.74,52.39,178398929,1012,2021-07-11T11:01:52Z
2021-06-24,10000002,38,1327,1330,1273,13354221,727,2021-07-11T11:01:52Z
2021-06-24,10000002,39,868.7,869.8,868,4209708,646,2021-07-11T11:01:52Z
2021-06-24,10000002,40,600,601.1,595.9,2791190,575,2021-07-11T11:01:52Z
2021-06-24,10000002,11399,84610,88600,84140,557672,587,2021-07-11T11:01:52Z
2021-06-25,10000002,34,4.55,4.69,4.5,3470396700,1660,2021-07-11T11:01:52Z
2021-06-25,10000002,35,18.99,19.72,17.28,884465903,1393,2021-07-11T11:01:52Z
2021-06-25,10000002,36,64.18,64.54,61.25,266847275,1281,2021-07-11T11:01:52Z
2021-06-25,10000002,37,53.78,53.78,53.78,363116656,1117,2021-07-11T11:01:52Z
2021-06-25,10000002,38,1324,1330,1280,14030030,877,2021-07-11T11:01:52Z
2021-06-25,10000002,39,868.7,868.8,868.2,9299727,826,2021-07-11T11:01:52Z
2021-06-25,10000002,40,598.6,599.6,598.4,3768343,700,2021-07-11T11:01:52Z
2021-06-25,10000002,11399,87410,87480,84830,578566,593,2021-07-11T11:01:52Z
2021-06-26,10000002,34,4.61,4.71,4.46,2432413279,1767,2021-07-11T11:01:52Z
2021-06-26,10000002,35,18.19,18.25,17.28,988881000,1519,2021-07-11T11:01:52Z
2021-06-26,10000002,36,64.96,64.98,63.5,300679670,1385,2021-07-11T11:01:52Z
2021-06-26,10000002,37,56,58.96,53.55,140134129,1165,2021-07-11T11:01:52Z
2021-06-26,10000002,38,1325,1326,1320,25056375,977,2021-07-11T11:01:52Z
2021-06-26,10000002,39,874.8,874.9,868.2,8247340,897,2021-07-11T11:01:52Z
2021-06-26,10000002,40,599.8,599.8,598,7114108,756,2021-07-11T11:01:52Z
2021-06-26,10000002,11399,88760,94740,86830,1172988,693,2021-07-11T11:01:52Z
2021-06-27,10000002,34,4.3,4.4,4.25,8403103614,2156,2021-07-11T11:01:52Z
2021-06-27,10000002,35,17.33,18.95,17.29,2305311382,1794,2021-07-11T11:01:52Z
2021-06-27,10000002,36,64.39,65,61.84,206822454,1509,2021-07-11T11:01:52Z
2021-06-27,10000002,37,59.87,65,54.01,253655144,1313,2021-07-11T11:01:52Z
2021-06-27,10000002,38,1277,1317,1269,30880212,1016,2021-07-11T11:01:52Z
2021-06-27,10000002,39,879.3,879.5,862.1,13047096,996,2021-07-11T11:01:52Z
2021-06-27,10000002,40,571.1,600.4,561.1,5414502,821,2021-07-11T11:01:52Z
2021-06-27,10000002,11399,1e+05,104300,87530,573362,643,2021-07-11T11:01:52Z
2021-06-28,10000002,34,4.52,4.65,4.39,2125194019,1593,2021-07-11T11:01:52Z
2021-06-28,10000002,35,17.13,18.99,17.07,1482889707,1408,2021-07-11T11:01:52Z
2021-06-28,10000002,36,62.1,64.26,62.05,228800801,1172,2021-07-11T11:01:52Z
2021-06-28,10000002,37,62,69.99,54.37,46578404,942,2021-07-11T11:01:52Z
2021-06-28,10000002,38,1310,1312,1269,11043164,795,2021-07-11T11:01:52Z
2021-06-28,10000002,39,883,883.8,870,6384041,707,2021-07-11T11:01:52Z
2021-06-28,10000002,40,599.9,600,588.9,2154576,607,2021-07-11T11:01:52Z
2021-06-28,10000002,11399,99750,1e+05,90020,514627,560,2021-07-11T11:01:52Z
2021-06-29,10000002,34,4.39,4.5,4.36,2738126699,1360,2021-07-11T11:01:52Z
2021-06-29,10000002,35,17.23,18.69,17.21,1088765638,1166,2021-07-11T11:01:52Z
2021-06-29,10000002,36,61.85,62.47,60.59,230235743,1029,2021-07-11T11:01:52Z
2021-06-29,10000002,37,62.99,65.98,62.14,97217669,916,2021-07-11T11:01:52Z
2021-06-29,10000002,38,1305,1306,1303,11225125,751,2021-07-11T11:01:52Z
2021-06-29,10000002,39,887.8,888,851,11114946,743,2021-07-11T11:01:52Z
2021-06-29,10000002,40,572.5,601.3,558.1,7360605,636,2021-07-11T11:01:52Z
2021-06-29,10000002,11399,98790,99000,89540,492929,472,2021-07-11T11:01:52Z
2021-06-30,10000002,34,4.47,4.61,4.22,1787136499,1384,2021-07-11T11:01:52Z
2021-06-30,10000002,35,18.1,18.28,18.01,1126935484,1235,2021-07-11T11:01:52Z
2021-06-30,10000002,36,59.5,62.14,52,258124416,1028,2021-07-11T11:01:52Z
2021-06-30,10000002,37,56.95,62.78,56.05,138320575,970,2021-07-11T11:01:52Z
2021-06-30,10000002,38,1294,1299,1225,12539934,798,2021-07-11T11:01:52Z
2021-06-30,10000002,39,878.9,887.8,876.6,5212304,675,2021-07-11T11:01:52Z
2021-06-30,10000002,40,597.8,597.9,597,4075485,598,2021-07-11T11:01:52Z
2021-06-30,10000002,11399,92120,96000,90170,830483,589,2021-07-11T11:01:52Z
2021-07-01,10000002,34,4.49,4.63,4.32,2151148371,1327,2021-07-11T11:01:52Z
2021-07-01,10000002,35,17.68,18,17.33,1250992950,1153,2021-07-11T11:01:52Z
2021-07-01,10000002,36,60.95,61,57.46,199749724,988,2021-07-11T11:01:52Z
2021-07-01,10000002,37,62.53,62.55,60.08,64927449,824,2021-07-11T11:01:52Z
2021-07-01,10000002,38,1288,1290,1262,20674205,703,2021-07-11T11:01:52Z
2021-07-01,10000002,39,850,879.8,844,12833077,643,2021-07-11T11:01:52Z
2021-07-01,10000002,40,588.7,588.8,575,2016338,514,2021-07-11T11:01:52Z
2021-07-01,10000002,11399,93000,95690,89250,601344,569,2021-07-11T11:01:52Z
2021-07-02,10000002,34,4.61,4.68,4.5,5356404096,1428,2021-07-11T11:01:52Z
2021-07-02,10000002,35,17.9,17.97,17.33,3246630499,1435,2021-07-11T11:01:52Z
2021-07-02,10000002,36,61.64,62.1,59.99,325263635,1089,2021-07-11T11:01:52Z
2021-07-02,10000002,37,60.13,62.45,60.08,111241845,933,2021-07-11T11:01:52Z
2021-07-02,10000002,38,1200,1227,1200,24585190,751,2021-07-11T11:01:52Z
2021-07-02,10000002,39,850,879.5,808.1,10854701,711,2021-07-11T11:01:52Z
2021-07-02,10000002,40,625,625,625,33741435,628,2021-07-11T11:01:52Z
2021-07-02,10000002,11399,94020,95500,91220,636411,545,2021-07-11T11:01:52Z
2021-07-03,10000002,34,4.46,4.67,4.39,2617399971,1530,2021-07-11T11:01:52Z
2021-07-03,10000002,35,17.5,19,17.39,1318170880,1363,2021-07-11T11:01:52Z
2021-07-03,10000002,36,58.5,62.48,58.34,288424820,1174,2021-07-11T11:01:52Z
2021-07-03,10000002,37,62.47,62.52,60.27,75784841,1052,2021-07-11T11:01:52Z
2021-07-03,10000002,38,1242,1255,1131,16669594,917,2021-07-11T11:01:52Z
2021-07-03,10000002,39,870,878.9,840.4,6882110,768,2021-07-11T11:01:52Z
2021-07-03,10000002,40,590.7,626.2,573.3,2876267,643,2021-07-11T11:01:52Z
2021-07-03,10000002,11399,95970,97000,89630,896886,636,2021-07-11T11:01:52Z
2021-07-04,10000002,34,4.46,4.65,4.37,5123587276,1686,2021-07-11T11:01:52Z
2021-07-04,10000002,35,18.89,19.1,17.59,1681531281,1567,2021-07-11T11:01:52Z
2021-07-04,10000002,36,59.12,60.88,57.66,304508321,1231,2021-07-11T11:01:52Z
2021-07-04,10000002,37,58.37,60.27,54.64,151724200,1137,2021-07-11T11:01:52Z
2021-07-04,10000002,38,1115,1234,1108,27264377,915,2021-07-11T11:01:52Z
2021-07-04,10000002,39,860,878.8,810.6,10423212,871,2021-07-11T11:01:52Z
2021-07-04,10000002,40,622.9,629.5,573.5,9395880,721,2021-07-11T11:01:52Z
2021-07-04,10000002,11399,98370,98690,90590,553991,571,2021-07-11T11:01:52Z
2021-07-05,10000002,34,4.48,4.5,4.36,3956533826,1574,2021-07-11T11:01:52Z
2021-07-05,10000002,35,18.5,18.9,17.59,2366369068,1488,2021-07-11T11:01:52Z
2021-07-05,10000002,36,59.88,63,58.99,258028891,1174,2021-07-11T11:01:52Z
2021-07-05,10000002,37,61.5,62.28,57.7,97098203,1037,2021-07-11T11:01:52Z
2021-07-05,10000002,38,1213,1220,1200,16514998,848,2021-07-11T11:01:52Z
2021-07-05,10000002,39,878,878.4,849,7175633,754,2021-07-11T11:01:52Z
2021-07-05,10000002,40,599,620,573.3,3248492,648,2021-07-11T11:01:52Z
2021-07-05,10000002,11399,98710,98970,96710,895255,606,2021-07-11T11:01:52Z
2021-07-06,10000002,34,4.44,4.52,4.23,3684110865,1389,2021-07-11T11:01:52Z
2021-07-06,10000002,35,18.14,18.98,17.73,1822952153,1285,2021-07-11T11:01:52Z
2021-07-06,10000002,36,59.87,62.46,54.19,226436386,1056,2021-07-11T11:01:52Z
2021-07-06,10000002,37,61.67,62.23,61.49,67649293,939,2021-07-11T11:01:52Z
2021-07-06,10000002,38,1206,1208,1175,16247473,777,2021-07-11T11:01:52Z
2021-07-06,10000002,39,808,850,807.1,13670668,716,2021-07-11T11:01:52Z
2021-07-06,10000002,40,627.9,628.5,621.8,2106061,632,2021-07-11T11:01:52Z
2021-07-06,10000002,11399,98950,99270,97000,594979,534,2021-07-11T11:01:52Z
2021-07-07,10000002,34,4.44,4.45,4.22,2225539506,1256,2021-07-11T11:01:52Z
2021-07-07,10000002,35,19.47,21.49,18.79,3260154978,1271,2021-07-11T11:01:52Z
2021-07-07,10000002,36,59,59.84,55.38,236443553,1012,2021-07-11T11:01:52Z
2021-07-07,10000002,37,61.4,61.7,58.76,91838759,885,2021-07-11T11:01:52Z
2021-07-07,10000002,38,1175,1187,1077,15971548,732,2021-07-11T11:01:52Z
2021-07-07,10000002,39,845,850.1,843.2,8115403,694,2021-07-11T11:01:52Z
2021-07-07,10000002,40,625,627.5,617.9,2829329,591,2021-07-11T11:01:52Z
2021-07-07,10000002,11399,98200,98410,94770,443525,448,2021-07-11T11:01:52Z
2021-07-08,10000002,34,4.47,4.49,4.25,1631163401,1184,2021-07-11T11:01:52Z
2021-07-08,10000002,35,20,23.3,18.59,1436912189,1187,2021-07-11T11:01:52Z
2021-07-08,10000002,36,55.96,60,55.6,280846626,911,2021-07-11T11:01:52Z
2021-07-08,10000002,37,61.2,61.84,55.88,93461979,834,2021-07-11T11:01:52Z
2021-07-08,10000002,38,1000,1141,1000,26191637,730,2021-07-11T11:01:52Z
2021-07-08,10000002,39,848.8,849.7,844.9,6482737,606,2021-07-11T11:01:52Z
2021-07-08,10000002,40,556,614.8,553.5,8806923,533,2021-07-11T11:01:52Z
2021-07-08,10000002,11399,98370,99190,95000,654121,549,2021-07-11T11:01:52Z
2021-07-09,10000002,34,4.52,4.56,4.39,3843853825,1352,2021-07-11T11:01:52Z
2021-07-09,10000002,35,18.73,19.85,17.06,1334812140,1166,2021-07-11T11:01:52Z
2021-07-09,10000002,36,56.03,57.87,55.76,269134035,980,2021-07-11T11:01:52Z
2021-07-09,10000002,37,61.89,61.93,60.98,83751475,868,2021-07-11T11:01:52Z
2021-07-09,10000002,38,1137,1138,1130,20048012,714,2021-07-11T11:01:52Z
2021-07-09,10000002,39,801,847.7,764.9,14336094,650,2021-07-11T11:01:52Z
2021-07-09,10000002,40,611.7,627.2,559.5,10530244,565,2021-07-11T11:01:52Z
2021-07-09,10000002,11399,98650,99200,97790,762973,488,2021-07-11T11:01:52Z
2021-07-10,10000002,34,4.41,4.53,4.35,4488221146,1579,2021-07-11T11:01:52Z
2021-07-10,10000002,35,18.63,19.56,17.59,1263836850,1333,2021-07-11T11:01:52Z
2021-07-10,10000002,36,56.29,58.4,55.56,290413255,1143,2021-07-11T11:01:52Z
2021-07-10,10000002,37,61.9,61.94,61.58,71460181,980,2021-07-11T11:01:52Z
2021-07-10,10000002,38,1110,1121,1103,14271968,869,2021-07-11T11:01:52Z
2021-07-10,10000002,39,834.8,840,834.6,5769370,788,2021-07-11T11:01:52Z
2021-07-10,10000002,40,590,612,553.5,7123050,651,2021-07-11T11:01:52Z
2021-07-10,10000002,11399,97960,99340,95330,829819,586,2021-07-11T11:01:52Z
2021-07-11,10000002,34,4.52,4.53,4.49,3610020252,1592,2021-07-11T11:01:52Z
2021-07-11,10000002,35,18.09,18.21,17.17,1419444302,1439,2021-07-11T11:01:52Z
2021-07-11,10000002,36,56.28,61.81,55.5,345595614,1259,2021-07-11T11:01:52Z
2021-07-11,10000002,37,60.12,62.37,56.93,146624787,1102,2021-07-11T11:01:52Z
2021-07-11,10000002,38,1108,1113,1080,17691488,920,2021-07-11T11:01:52Z
2021-07-11,10000002,39,834.7,837.8,830,9348229,846,2021-07-11T11:01:52Z
2021-07-11,10000002,40,620,628,620,9026990,708,2021-07-11T11:01:52Z
2021-07-11,10000002,11399,98000,99390,93130,682742,627,2021-07-11T11:01:52Z
2021-07-12,10000002,34,4.49,4.58,4.47,4604194612,1443,2021-07-15T11:04:12Z
2021-07-12,10000002,35,17.55,18.05,16.95,1135292847,1289,2021-07-15T11:04:12Z
2021-07-12,10000002,36,57,59.96,56.6,456181949,1073,2021-07-15T11:04:12Z
2021-07-12,10000002,37,61.01,62.3,60.15,85016272,977,2021-07-15T11:04:12Z
2021-07-12,10000002,38,1102,1107,1010,24385860,760,2021-07-15T11:04:12Z
2021-07-12,10000002,39,839.9,840,839.7,7715130,693,2021-07-15T11:04:12Z
2021-07-12,10000002,40,600,600.2,598,2677025,620,2021-07-15T11:04:12Z
2021-07-12,10000002,11399,102500,108100,98970,466477,462,2021-07-15T11:04:12Z
2021-07-13,10000002,34,4.46,4.48,4.45,10180038020,1428,2021-07-15T11:04:12Z
2021-07-13,10000002,35,16.92,17.54,16.18,1258147354,1252,2021-07-15T11:04:12Z
2021-07-13,10000002,36,55.87,55.99,54.66,360268187,1061,2021-07-15T11:04:12Z
2021-07-13,10000002,37,61.77,61.77,61.7,102855682,910,2021-07-15T11:04:12Z
2021-07-13,10000002,38,1093,1098,1088,18089976,746,2021-07-15T11:04:12Z
2021-07-13,10000002,39,838.8,838.9,807.2,10532366,689,2021-07-15T11:04:12Z
2021-07-13,10000002,40,622,623.9,611.9,3828194,618,2021-07-15T11:04:12Z
2021-07-13,10000002,11399,108200,114000,98290,804461,479,2021-07-15T11:04:12Z
2021-07-14,10000002,34,4.48,4.49,4.48,7675207671,1505,2021-07-15T11:04:12Z
2021-07-14,10000002,35,17,17.63,16.29,1019414417,1288,2021-07-15T11:04:12Z
2021-07-14,10000002,36,56.49,56.93,55.55,337625047,1149,2021-07-15T11:04:12Z
2021-07-14,10000002,37,61.43,61.48,61.33,112519608,936,2021-07-15T11:04:12Z
2021-07-14,10000002,38,1072,1078,1060,16268404,792,2021-07-15T11:04:12Z
2021-07-14,10000002,39,834.3,835.7,821,7317745,723,2021-07-15T11:04:12Z
2021-07-14,10000002,40,623.3,623.5,622,2898132,665,2021-07-15T11:04:12Z
2021-07-14,10000002,11399,108300,110000,97140,613254,494,2021-07-15T11:04:12Z
2021-07-15,10000002,34,4.55,4.57,4.36,4079788559,1632,2021-07-15T11:04:12Z
2021-07-15,10000002,35,17.44,17.72,15.51,3133623711,1443,2021-07-15T11:04:12Z
2021-07-15,10000002,36,56.92,61.38,54.56,273971903,1188,2021-07-15T11:04:12Z
2021-07-15,10000002,37,61.37,61.38,61.37,108489969,1034,2021-07-15T11:04:12Z
2021-07-15,10000002,38,1051,1064,1045,24048998,820,2021-07-15T11:04:12Z
2021-07-15,10000002,39,834.5,838.6,834.3,7755689,760,2021-07-15T11:04:12Z
2021-07-15,10000002,40,623,623.2,609,2445985,654,2021-07-15T11:04:12Z
2021-07-15,10000002,11399,112700,112900,111400,489682,427,2021-07-15T11:04:12Z
2021-07-16,10000002,34,4.49,4.53,4.35,3396664896,1511,2021-07-17T11:02:47Z
2021-07-16,10000002,35,18,18.64,17.23,1541839797,1328,2021-07-17T11:02:47Z
2021-07-16,10000002,36,59.7,60,56.93,279266093,1103,2021-07-17T11:02:47Z
2021-07-16,10000002,37,60.7,61.87,60.68,117737729,926,2021-07-17T11:02:47Z
2021-07-16,10000002,38,1039,1041,996,18962191,782,2021-07-17T11:02:47Z
2021-07-16,10000002,39,820,838.8,816.1,12752884,688,2021-07-17T11:02:47Z
2021-07-16,10000002,40,541.7,621.1,541.1,4697793,577,2021-07-17T11:02:47Z
2021-07-16,10000002,11399,111900,113900,105000,417523,470,2021-07-17T11:02:47Z
2021-07-17,10000002,34,4.43,4.43,4.42,3075525734,1711,2021-07-17T11:02:47Z
2021-07-17,10000002,35,18.48,18.56,17.89,1348774322,1405,2021-07-17T11:02:47Z
2021-07-17,10000002,36,59.6,61.26,59.58,201881451,1188,2021-07-17T11:02:47Z
2021-07-17,10000002,37,62.26,62.3,61.38,119608209,1052,2021-07-17T11:02:47Z
2021-07-17,10000002,38,1036,1038,1024,18034240,862,2021-07-17T11:02:47Z
2021-07-17,10000002,39,838.8,839,838.5,8830303,812,2021-07-17T11:02:47Z
2021-07-17,10000002,40,619.8,619.8,619.8,5402743,674,2021-07-17T11:02:47Z
2021-07-17,10000002,11399,117500,120000,110200,591906,525,2021-07-17T11:02:47Z
2021-07-18,10000002,34,4.43,4.49,4.3,4143346881,1704,2021-07-19T11:02:13Z
2021-07-18,10000002,35,18.3,18.42,17.64,1062838058,1470,2021-07-19T11:02:13Z
2021-07-18,10000002,36,59.37,60.88,57.72,309767123,1280,2021-07-19T11:02:13Z
2021-07-18,10000002,37,61.87,62.87,60.96,93403989,1104,2021-07-19T11:02:13Z
2021-07-18,10000002,38,1032,1034,1029,32626627,867,2021-07-19T11:02:13Z
2021-07-18,10000002,39,839.9,840,838.5,15000389,830,2021-07-19T11:02:13Z
2021-07-18,10000002,40,609.8,615,574,7583450,731,2021-07-19T11:02:13Z
2021-07-18,10000002,11399,123200,125000,119300,908666,537,2021-07-19T11:02:13Z
2021-07-19,10000002,34,4.47,4.49,4.32,2169424005,1637,2021-07-20T11:05:16Z
2021-07-19,10000002,35,17.98,18.25,17.48,1537064442,1397,2021-07-20T11:05:16Z
2021-07-19,10000002,36,59.37,60,57.08,295588489,1213,2021-07-20T11:05:16Z
2021-07-19,10000002,37,60.9,61.79,59,65701412,1039,2021-07-20T11:05:16Z
2021-07-19,10000002,38,1003,1038,1000,20679366,812,2021-07-20T11:05:16Z
2021-07-19,10000002,39,836.4,838,816.7,14176698,778,2021-07-20T11:05:16Z
2021-07-19,10000002,40,599.5,609.2,543.5,6172156,659,2021-07-20T11:05:16Z
2021-07-19,10000002,11399,125000,129500,118200,911391,535,2021-07-20T11:05:16Z
2021-07-20,10000002,34,4.46,4.5,4.27,2374530171,1670,2021-07-20T11:05:16Z
2021-07-20,10000002,35,17.9,18.12,17.29,1053630839,1455,2021-07-20T11:05:16Z
2021-07-20,10000002,36,56.18,60,56.07,278207072,1195,2021-07-20T11:05:16Z
2021-07-20,10000002,37,61.39,61.8,59.54,67505671,1018,2021-07-20T11:05:16Z
2021-07-20,10000002,38,1039,1040,1037,18368415,792,2021-07-20T11:05:16Z
2021-07-20,10000002,39,837.9,838,835.9,9809643,810,2021-07-20T11:05:16Z
2021-07-20,10000002,40,599.7,608.8,599.7,19122922,659,2021-07-20T11:05:16Z
2021-07-20,10000002,11399,127500,130000,123500,934906,550,2021-07-20T11:05:16Z
2021-07-21,10000002,34,4.48,4.5,4.29,2269355949,1454,2021-07-22T11:05:34Z
2021-07-21,10000002,35,17.95,18,17.46,1219133729,1265,2021-07-22T11:05:34Z
2021-07-21,10000002,36,59.34,60.85,56.08,167701659,1045,2021-07-22T11:05:34Z
2021-07-21,10000002,37,60.06,61.77,56.9,166570057,923,2021-07-22T11:05:34Z
2021-07-21,10000002,38,1073,1073,1073,11996135,736,2021-07-22T11:05:34Z
2021-07-21,10000002,39,804.9,804.9,804.9,16318339,690,2021-07-22T11:05:34Z
2021-07-21,10000002,40,607.5,608.2,573.2,2928808,566,2021-07-22T11:05:34Z
2021-07-21,10000002,11399,113900,115900,100900,649586,570,2021-07-22T11:05:34Z
2021-07-22,10000002,34,4.44,4.49,4.32,2059615049,1493,2021-07-22T11:05:34Z
2021-07-22,10000002,35,18.21,18.37,17.99,1714565910,1300,2021-07-22T11:05:34Z
2021-07-22,10000002,36,58.91,60.58,57.52,208441543,1096,2021-07-22T11:05:34Z
2021-07-22,10000002,37,60.5,62.31,60,90531870,952,2021-07-22T11:05:34Z
2021-07-22,10000002,38,1050,1071,1009,17860234,800,2021-07-22T11:05:34Z
2021-07-22,10000002,39,842.7,843,830,12653549,748,2021-07-22T11:05:34Z
2021-07-22,10000002,40,573.3,599.9,550,5611584,627,2021-07-22T11:05:34Z
2021-07-22,10000002,11399,117000,120000,110800,590958,545,2021-07-22T11:05:34Z
2021-07-23,10000002,34,4.44,4.44,4.44,5675806599,1511,2021-07-24T11:02:20Z
2021-07-23,10000002,35,17.95,18.58,17.53,1692167592,1274,2021-07-24T11:02:20Z
2021-07-23,10000002,36,59.32,60.59,56.51,275785613,1034,2021-07-24T11:02:20Z
2021-07-23,10000002,37,62.1,62.11,59.6,107746586,928,2021-07-24T11:02:20Z
2021-07-23,10000002,38,1072,1076,1068,18142172,760,2021-07-24T11:02:20Z
2021-07-23,10000002,39,840,844.7,839.9,6803361,668,2021-07-24T11:02:20Z
2021-07-23,10000002,40,600,607.9,544.2,4321650,589,2021-07-24T11:02:20Z
2021-07-23,10000002,11399,114500,115000,112800,709262,501,2021-07-24T11:02:20Z
2021-07-24,10000002,34,4.49,4.5,4.43,3230194647,1776,2021-07-24T11:02:20Z
2021-07-24,10000002,35,17.01,17.97,16.27,1522194688,1508,2021-07-24T11:02:20Z
2021-07-24,10000002,36,58.73,59.95,56.54,301050715,1354,2021-07-24T11:02:20Z
2021-07-24,10000002,37,54.74,54.74,54.74,484050458,1167,2021-07-24T11:02:20Z
2021-07-24,10000002,38,1088,1090,1063,19021999,865,2021-07-24T11:02:20Z
2021-07-24,10000002,39,830.4,844.8,785.1,13409427,855,2021-07-24T11:02:20Z
2021-07-24,10000002,40,609,609.7,607.8,2767221,710,2021-07-24T11:02:20Z
2021-07-24,10000002,11399,113700,115800,108300,804788,658,2021-07-24T11:02:20Z
2021-07-25,10000002,34,4.49,4.51,4.4,2610730857,1944,2021-07-26T11:02:09Z
2021-07-25,10000002,35,17.9,18.34,17.47,1141101159,1577,2021-07-26T11:02:09Z
2021-07-25,10000002,36,59.27,59.86,57.04,227122217,1393,2021-07-26T11:02:09Z
2021-07-25,10000002,37,61.88,61.97,59.98,79647002,1162,2021-07-26T11:02:09Z
2021-07-25,10000002,38,1085,1087,1064,19138970,1035,2021-07-26T11:02:09Z
2021-07-25,10000002,39,844.9,845.8,825,12648807,924,2021-07-26T11:02:09Z
2021-07-25,10000002,40,609.7,609.7,609.6,9210213,824,2021-07-26T11:02:09Z
2021-07-25,10000002,11399,107900,110000,101100,659717,665,2021-07-26T11:02:09Z
2021-07-26,10000002,34,4.54,4.63,4.41,5502292883,1609,2021-07-26T11:02:09Z
2021-07-26,10000002,35,18.9,19.66,18.55,2462330459,1374,2021-07-26T11:02:09Z
2021-07-26,10000002,36,59.26,60.7,57.15,537744999,1202,2021-07-26T11:02:09Z
2021-07-26,10000002,37,61.75,62.07,59.91,155980781,1028,2021-07-26T11:02:09Z
2021-07-26,10000002,38,1090,1092,1087,27955975,844,2021-07-26T11:02:09Z
2021-07-26,10000002,39,845.8,847,845,9808040,763,2021-07-26T11:02:09Z
2021-07-26,10000002,40,628,628.5,626.9,5171173,680,2021-07-26T11:02:09Z
2021-07-26,10000002,11399,104700,107700,99050,1008847,696,2021-07-26T11:02:09Z
2021-07-27,10000002,34,4.47,4.59,4.35,2549812774,1695,2021-07-28T11:06:02Z
2021-07-27,10000002,35,18.48,19.69,18,1285552374,1473,2021-07-28T11:06:02Z
2021-07-27,10000002,36,59.28,61.14,58.15,308240091,1304,2021-07-28T11:06:02Z
2021-07-27,10000002,37,61.26,61.81,58.1,78588904,1095,2021-07-28T11:06:02Z
2021-07-27,10000002,38,1099,1101,1096,20113262,955,2021-07-28T11:06:02Z
2021-07-27,10000002,39,849.7,874.8,816.3,11371063,842,2021-07-28T11:06:02Z
2021-07-27,10000002,40,650,650,650,32577698,788,2021-07-28T11:06:02Z
2021-07-27,10000002,11399,96130,99910,93640,884715,732,2021-07-28T11:06:02Z
2021-07-28,10000002,34,4.46,4.5,4.36,2816101249,1666,2021-07-28T11:06:02Z
2021-07-28,10000002,35,18.49,18.96,18.06,1438541137,1424,2021-07-28T11:06:02Z
2021-07-28,10000002,36,59.39,59.6,57.22,349631506,1217,2021-07-28T11:06:02Z
2021-07-28,10000002,37,56.91,61.37,56.87,234859881,1088,2021-07-28T11:06:02Z
2021-07-28,10000002,38,1099,1102,1081,18165492,901,2021-07-28T11:06:02Z
2021-07-28,10000002,39,875,875,875,10720178,813,2021-07-28T11:06:02Z
2021-07-28,10000002,40,763,979.9,654.1,5278752,692,2021-07-28T11:06:02Z
2021-07-28,10000002,11399,98740,99970,93250,673030,625,2021-07-28T11:06:02Z
2021-07-29,10000002,34,4.54,4.67,4.36,5078532447,1731,2021-07-30T11:04:39Z
2021-07-29,10000002,35,18.45,19.01,18.18,1346519460,1442,2021-07-30T11:04:39Z
2021-07-29,10000002,36,59.88,60,59.44,437846803,1324,2021-07-30T11:04:39Z
2021-07-29,10000002,37,59.88,60.6,59.1,135580631,1124,2021-07-30T11:04:39Z
2021-07-29,10000002,38,1140,1142,1135,20231894,946,2021-07-30T11:04:39Z
2021-07-29,10000002,39,875,875,875,14312653,892,2021-07-30T11:04:39Z
2021-07-29,10000002,40,729.7,749,728,15258450,840,2021-07-30T11:04:39Z
2021-07-29,10000002,11399,99810,99840,95330,795677,675,2021-07-30T11:04:39Z
2021-07-30,10000002,34,4.63,4.66,4.52,2492214429,1625,2021-07-30T11:04:39Z
2021-07-30,10000002,35,18.5,18.94,18.17,1181927354,1387,2021-07-30T11:04:39Z
2021-07-30,10000002,36,61.16,61.34,60.56,368757563,1215,2021-07-30T11:04:39Z
2021-07-30,10000002,37,62.01,62.06,57.68,151648254,1109,2021-07-30T11:04:39Z
2021-07-30,10000002,38,1135,1179,1115,25684304,911,2021-07-30T11:04:39Z
2021-07-30,10000002,39,879,879,879,23900190,821,2021-07-30T11:04:39Z
2021-07-30,10000002,40,655.4,726.4,651.6,8957133,736,2021-07-30T11:04:39Z
2021-07-30,10000002,11399,99960,103000,99530,983963,657,2021-07-30T11:04:39Z
2021-07-31,10000002,34,4.57,4.65,4.47,3069872407,1808,2021-08-01T11:02:09Z
2021-07-31,10000002,35,18.75,18.78,18.11,1365547645,1591,2021-08-01T11:02:09Z
2021-07-31,10000002,36,60.56,61.28,59.72,422513483,1384,2021-08-01T11:02:09Z
2021-07-31,10000002,37,62.01,62.07,58.15,121819268,1154,2021-08-01T11:02:09Z
2021-07-31,10000002,38,1173,1182,1073,22165604,944,2021-08-01T11:02:09Z
2021-07-31,10000002,39,878.9,879,870.5,15886207,957,2021-08-01T11:02:09Z
2021-07-31,10000002,40,718.9,725.5,717.5,4168661,823,2021-08-01T11:02:09Z
2021-07-31,10000002,11399,110600,112700,108900,811086,691,2021-08-01T11:02:09Z
2021-08-01,10000002,34,4.51,4.58,4.44,4831241727,1900,2021-08-02T11:02:21Z
2021-08-01,10000002,35,18.61,18.8,18.06,1451394787,1734,2021-08-02T11:02:21Z
2021-08-01,10000002,36,61,61.25,59.59,518627644,1473,2021-08-02T11:02:21Z
2021-08-01,10000002,37,62.07,62.07,62.07,237663619,1243,2021-08-02T11:02:21Z
2021-08-01,10000002,38,1165,1172,1145,26011341,1094,2021-08-02T11:02:21Z
2021-08-01,10000002,39,878,878,877,19504368,1021,2021-08-02T11:02:21Z
2021-08-01,10000002,40,700,713,656,9944525,891,2021-08-02T11:02:21Z
2021-08-01,10000002,11399,109500,112000,1e+05,750695,747,2021-08-02T11:02:21Z
2021-08-02,10000002,34,4.54,4.57,4.44,3121395876,1618,2021-08-03T11:05:11Z
2021-08-02,10000002,35,18.25,18.79,15.51,2153133040,1501,2021-08-03T11:05:11Z
2021-08-02,10000002,36,59.56,62.45,59.46,442935354,1238,2021-08-03T11:05:11Z
2021-08-02,10000002,37,63,63,63,474893016,1053,2021-08-03T11:05:11Z
2021-08-02,10000002,38,1163,1200,1159,21762622,849,2021-08-03T11:05:11Z
2021-08-02,10000002,39,885.8,888,869.2,15590634,788,2021-08-03T11:05:11Z
2021-08-02,10000002,40,701.1,709.1,659.9,6839176,675,2021-08-03T11:05:11Z
2021-08-02,10000002,11399,107200,107700,99300,741687,565,2021-08-03T11:05:11Z
2021-08-03,10000002,34,4.58,4.63,4.5,2987018976,1710,2021-08-03T11:05:11Z
2021-08-03,10000002,35,17.87,18.4,17.76,934723544,1466,2021-08-03T11:05:11Z
2021-08-03,10000002,36,60.6,61.32,59.6,309853934,1258,2021-08-03T11:05:11Z
2021-08-03,10000002,37,71.04,84,68,132939319,1167,2021-08-03T11:05:11Z
2021-08-03,10000002,38,1208,1209,1207,17549326,933,2021-08-03T11:05:11Z
2021-08-03,10000002,39,884.9,888.6,884.9,20898949,875,2021-08-03T11:05:11Z
2021-08-03,10000002,40,706.8,708,706.3,10750005,818,2021-08-03T11:05:11Z
2021-08-03,10000002,11399,106800,107700,101600,669610,655,2021-08-03T11:05:11Z
2021-08-04,10000002,34,4.5,4.53,4.4,2515869047,1761,2021-08-05T11:03:02Z
2021-08-04,10000002,35,17.86,18,17.47,2153325666,1524,2021-08-05T11:03:02Z
2021-08-04,10000002,36,60.98,62.64,59.22,275254314,1212,2021-08-05T11:03:02Z
2021-08-04,10000002,37,60.33,69.6,56.85,329239162,1095,2021-08-05T11:03:02Z
2021-08-04,10000002,38,1203,1206,1155,25572285,919,2021-08-05T11:03:02Z
2021-08-04,10000002,39,895,895.5,880,10325449,907,2021-08-05T11:03:02Z
2021-08-04,10000002,40,696.9,702.1,675,9752104,787,2021-08-05T11:03:02Z
2021-08-04,10000002,11399,102800,103700,98850,637264,644,2021-08-05T11:03:02Z
2021-08-05,10000002,34,4.47,4.53,4.36,3564960407,1789,2021-08-06T11:02:30Z
2021-08-05,10000002,35,17.98,18.21,17.1,1226463896,1527,2021-08-06T11:02:30Z
2021-08-05,10000002,36,60.49,62.48,57.65,294275553,1310,2021-08-06T11:02:30Z
2021-08-05,10000002,37,53.24,57.47,52.94,365530337,1111,2021-08-06T11:02:30Z
2021-08-05,10000002,38,1249,1249,1249,33824840,920,2021-08-06T11:02:30Z
2021-08-05,10000002,39,941,941,941,32898846,896,2021-08-06T11:02:30Z
2021-08-05,10000002,40,750,750,750,23838469,784,2021-08-06T11:02:30Z
2021-08-05,10000002,11399,105700,106900,100300,704132,623,2021-08-06T11:02:30Z
2021-08-06,10000002,34,4.44,4.45,4.4,2566181365,1783,2021-08-07T11:02:19Z
2021-08-06,10000002,35,17.86,17.97,17.7,1773525111,1493,2021-08-07T11:02:19Z
2021-08-06,10000002,36,60.93,62.69,59.46,341165039,1314,2021-08-07T11:02:19Z
2021-08-06,10000002,37,57.45,59.58,53.66,154975724,1132,2021-08-07T11:02:19Z
2021-08-06,10000002,38,1270,1299,1190,19883082,914,2021-08-07T11:02:19Z
2021-08-06,10000002,39,940.9,940.9,939,12860004,897,2021-08-07T11:02:19Z
2021-08-06,10000002,40,718,737,702,4721027,758,2021-08-07T11:02:19Z
2021-08-06,10000002,11399,98550,102900,98100,683848,570,2021-08-07T11:02:19Z
2021-08-07,10000002,34,4.37,4.42,4.24,4712705895,2009,2021-08-08T11:02:32Z
2021-08-07,10000002,35,17.98,18.24,17.34,1397485229,1705,2021-08-08T11:02:32Z
2021-08-07,10000002,36,60.88,65,59.97,371198729,1463,2021-08-08T11:02:32Z
2021-08-07,10000002,37,58.97,58.99,58.94,89926299,1218,2021-08-08T11:02:32Z
2021-08-07,10000002,38,1245,1253,1189,20740862,983,2021-08-08T11:02:32Z
2021-08-07,10000002,39,973.3,978.6,969,19238910,1029,2021-08-08T11:02:32Z
2021-08-07,10000002,40,698,706,680,6361246,813,2021-08-08T11:02:32Z
2021-08-07,10000002,11399,1e+05,101600,99700,965863,676,2021-08-08T11:02:32Z
2021-08-08,10000002,34,4.43,4.45,4.35,3423770652,1907,2021-08-09T11:02:33Z
2021-08-08,10000002,35,17.85,17.9,17.34,1636413236,1752,2021-08-09T11:02:33Z
2021-08-08,10000002,36,59.99,65,58.98,334911111,1486,2021-08-09T11:02:33Z
2021-08-08,10000002,37,58.95,58.98,55.21,145848562,1352,2021-08-09T11:02:33Z
2021-08-08,10000002,38,1209,1233,1177,22807921,1075,2021-08-09T11:02:33Z
2021-08-08,10000002,39,976.8,978.7,918.1,23890640,1003,2021-08-09T11:02:33Z
2021-08-08,10000002,40,664.2,703.9,610,9689022,860,2021-08-09T11:02:33Z
2021-08-08,10000002,11399,99000,101300,97230,888134,709,2021-08-09T11:02:33Z
2021-08-09,10000002,34,4.2,4.2,4.2,5633381290,1679,2021-08-10T11:04:55Z
2021-08-09,10000002,35,17.95,18.1,17.18,1334190084,1477,2021-08-10T11:04:55Z
2021-08-09,10000002,36,60.02,61,59.38,367580629,1232,2021-08-10T11:04:55Z
2021-08-09,10000002,37,55.42,58.8,53.71,146544931,1046,2021-08-10T11:04:55Z
2021-08-09,10000002,38,1109,1197,1099,23319084,903,2021-08-10T11:04:55Z
2021-08-09,10000002,39,930,1096,918.4,35665003,884,2021-08-10T11:04:55Z
2021-08-09,10000002,40,689.4,693,622,6315795,739,2021-08-10T11:04:55Z
2021-08-09,10000002,11399,1e+05,100300,97620,588067,604,2021-08-10T11:04:55Z
2021-08-10,10000002,34,4.43,4.46,4.38,3769158039,1800,2021-08-11T11:02:02Z
2021-08-10,10000002,35,18.12,18.48,17.97,2149369834,1657,2021-08-11T11:02:02Z
2021-08-10,10000002,36,59.25,60.5,59.01,412549895,1330,2021-08-11T11:02:02Z
2021-08-10,10000002,37,57.91,57.91,57.87,95426019,1150,2021-08-11T11:02:02Z
2021-08-10,10000002,38,1099,1180,1094,20448130,967,2021-08-11T11:02:02Z
2021-08-10,10000002,39,880,910,796.3,12985702,858,2021-08-11T11:02:02Z
2021-08-10,10000002,40,679,682.2,615.6,5487886,771,2021-08-11T11:02:02Z
2021-08-10,10000002,11399,99730,99770,98020,619592,602,2021-08-11T11:02:02Z
2021-08-11,10000002,34,4.48,4.5,4.37,3036617020,1772,2021-08-12T11:02:27Z
2021-08-11,10000002,35,19.05,21.82,17.93,1975946676,1621,2021-08-12T11:02:27Z
2021-08-11,10000002,36,58.74,61,57.81,290478807,1268,2021-08-12T11:02:27Z
2021-08-11,10000002,37,56.89,56.96,53.87,102765992,1133,2021-08-12T11:02:27Z
2021-08-11,10000002,38,1150,1189,1100,20908426,895,2021-08-12T11:02:27Z
2021-08-11,10000002,39,888,909,870,10192712,885,2021-08-12T11:02:27Z
2021-08-11,10000002,40,608.5,615,547.5,16472342,775,2021-08-12T11:02:27Z
2021-08-11,10000002,11399,99600,99980,98000,1032339,712,2021-08-12T11:02:27Z
2021-08-12,10000002,34,4.51,4.51,4.51,3691466009,1731,2021-08-13T11:03:26Z
2021-08-12,10000002,35,17.95,18.95,17.62,2174763192,1705,2021-08-13T11:03:26Z
2021-08-12,10000002,36,59.76,59.9,57.81,219932716,1285,2021-08-13T11:03:26Z
2021-08-12,10000002,37,57.93,57.94,53.95,119127218,1124,2021-08-13T11:03:26Z
2021-08-12,10000002,38,1177,1188,1159,26074917,962,2021-08-13T11:03:26Z
2021-08-12,10000002,39,870,870,870,16315728,911,2021-08-13T11:03:26Z
2021-08-12,10000002,40,577,600,548.5,24807686,812,2021-08-13T11:03:26Z
2021-08-12,10000002,11399,98690,99440,93440,541043,653,2021-08-13T11:03:26Z
2021-08-13,10000002,34,4.5,4.52,4.35,2693860379,1632,2021-08-13T11:03:26Z
2021-08-13,10000002,35,20.75,21,18.89,1213346058,1403,2021-08-13T11:03:26Z
2021-08-13,10000002,36,60.03,61.46,59.51,271737826,1160,2021-08-13T11:03:26Z
2021-08-13,10000002,37,57.88,57.93,55.06,92121261,1000,2021-08-13T11:03:26Z
2021-08-13,10000002,38,1187,1189,1184,25537917,842,2021-08-13T11:03:26Z
2021-08-13,10000002,39,928.5,928.6,928.2,7360850,819,2021-08-13T11:03:26Z
2021-08-13,10000002,40,610.5,610.7,609.2,5153537,691,2021-08-13T11:03:26Z
2021-08-13,10000002,11399,98000,98400,95660,820492,727,2021-08-13T11:03:26Z
2021-08-14,10000002,34,4.49,4.49,4.49,4327574409,1979,2021-08-15T11:02:40Z
2021-08-14,10000002,35,18.95,19,18.5,1997658830,1766,2021-08-15T11:02:40Z
2021-08-14,10000002,36,60.75,60.88,59.51,416793441,1381,2021-08-15T11:02:40Z
2021-08-14,10000002,37,57.92,57.94,57.87,116056462,1227,2021-08-15T11:02:40Z
2021-08-14,10000002,38,1180,1185,1176,21140331,952,2021-08-15T11:02:40Z
2021-08-14,10000002,39,927.9,928.4,927.6,10588692,972,2021-08-15T11:02:40Z
2021-08-14,10000002,40,608.8,609,608,7430798,839,2021-08-15T11:02:40Z
2021-08-14,10000002,11399,96850,99250,96660,1033327,807,2021-08-15T11:02:40Z
2021-08-15,10000002,34,4.33,4.43,4.25,3447620554,1994,2021-08-16T11:02:46Z
2021-08-15,10000002,35,18.78,20.08,17.91,1791273020,1797,2021-08-16T11:02:46Z
2021-08-15,10000002,36,59.75,61.32,58.03,341031729,1427,2021-08-16T11:02:46Z
2021-08-15,10000002,37,57.7,57.9,54.28,195803287,1232,2021-08-16T11:02:46Z
2021-08-15,10000002,38,1157,1159,1148,23458730,989,2021-08-16T11:02:46Z
2021-08-15,10000002,39,924.7,926,906,12800433,979,2021-08-16T11:02:46Z
2021-08-15,10000002,40,552.1,554,548.9,30071429,862,2021-08-16T11:02:46Z
2021-08-15,10000002,11399,96840,98000,93680,675975,774,2021-08-16T11:02:46Z
2021-08-16,10000002,34,4.37,4.42,4.25,2643388293,1810,2021-08-17T11:06:00Z
2021-08-16,10000002,35,18.13,18.43,17.52,2270007697,1622,2021-08-17T11:06:00Z
2021-08-16,10000002,36,58.48,58.8,56.98,352723612,1316,2021-08-17T11:06:00Z
2021-08-16,10000002,37,57.58,57.67,55.12,180969695,1148,2021-08-17T11:06:00Z
2021-08-16,10000002,38,1138,1140,1111,24329813,905,2021-08-17T11:06:00Z
2021-08-16,10000002,39,912.9,922.8,841.3,10223635,878,2021-08-17T11:06:00Z
2021-08-16,10000002,40,548.8,588.6,548.3,11494472,794,2021-08-17T11:06:00Z
2021-08-16,10000002,11399,94990,95960,92670,990630,713,2021-08-17T11:06:00Z
2021-08-17,10000002,34,4.45,4.53,4.38,3242428745,1755,2021-08-18T11:02:25Z
2021-08-17,10000002,35,18.28,18.85,17.71,1403415177,1488,2021-08-18T11:02:25Z
2021-08-17,10000002,36,56.55,57.57,55.98,297620210,1230,2021-08-18T11:02:25Z
2021-08-17,10000002,37,57,57.45,55.38,108801509,1128,2021-08-18T11:02:25Z
2021-08-17,10000002,38,1149,1164,1100,28020898,904,2021-08-18T11:02:25Z
2021-08-17,10000002,39,906.4,909.4,898,8504029,903,2021-08-18T11:02:25Z
2021-08-17,10000002,40,591.6,592.9,575,7103029,816,2021-08-18T11:02:25Z
2021-08-17,10000002,11399,95000,96890,92210,966356,718,2021-08-18T11:02:25Z
2021-08-18,10000002,34,4.53,4.55,4.46,2877330390,1936,2021-08-19T11:02:34Z
2021-08-18,10000002,35,18.49,18.81,17.67,2306619210,1702,2021-08-19T11:02:34Z
2021-08-18,10000002,36,57.41,57.53,57.3,392448609,1399,2021-08-19T11:02:34Z
2021-08-18,10000002,37,57.38,57.43,54.76,101867268,1174,2021-08-19T11:02:34Z
2021-08-18,10000002,38,1149,1150,1144,18083972,885,2021-08-19T11:02:34Z
2021-08-18,10000002,39,856.5,899,822.3,22000812,928,2021-08-19T11:02:34Z
2021-08-18,10000002,40,570,584.9,550.3,8054692,817,2021-08-19T11:02:34Z
2021-08-18,10000002,11399,88370,94390,87610,1115194,702,2021-08-19T11:02:34Z
2021-08-19,10000002,34,4.48,4.55,4.42,4186198342,1792,2021-08-19T11:02:34Z
2021-08-19,10000002,35,17.7,18.51,17.58,1425699380,1533,2021-08-19T11:02:34Z
2021-08-19,10000002,36,58.21,58.48,55.95,303211222,1273,2021-08-19T11:02:34Z
2021-08-19,10000002,37,57.85,57.92,57.45,175396532,1102,2021-08-19T11:02:34Z
2021-08-19,10000002,38,1151,1163,1071,26151700,874,2021-08-19T11:02:34Z
2021-08-19,10000002,39,903.8,908,830,18719071,870,2021-08-19T11:02:34Z
2021-08-19,10000002,40,589.9,592.2,579,6121922,745,2021-08-19T11:02:34Z
2021-08-19,10000002,11399,89900,93960,82670,977188,674,2021-08-19T11:02:34Z
2021-08-20,10000002,34,4.42,4.45,4.21,6682942989,2018,2021-08-21T11:02:18Z
2021-08-20,10000002,35,18,18.25,17.96,1447360113,1630,2021-08-21T11:02:18Z
2021-08-20,10000002,36,57.98,58.12,56.11,237272856,1494,2021-08-21T11:02:18Z
2021-08-20,10000002,37,57.75,57.9,57.75,114849384,1307,2021-08-21T11:02:18Z
2021-08-20,10000002,38,1137,1147,1102,11681881,862,2021-08-21T11:02:18Z
2021-08-20,10000002,39,891.8,897.6,880.2,8593284,988,2021-08-21T11:02:18Z
2021-08-20,10000002,40,565.8,570,556.2,5488305,861,2021-08-21T11:02:18Z
2021-08-20,10000002,11399,86330,89960,85960,1302449,706,2021-08-21T11:02:18Z
2021-08-21,10000002,34,4.5,4.57,4.38,2632690447,2122,2021-08-22T11:01:54Z
2021-08-21,10000002,35,17.87,18.01,17.64,1619957852,1816,2021-08-22T11:01:54Z
2021-08-21,10000002,36,57.87,58,56.37,218903180,1492,2021-08-22T11:01:54Z
2021-08-21,10000002,37,57.99,58,57.98,274720575,1351,2021-08-22T11:01:54Z
2021-08-21,10000002,38,1121,1125,1065,23369345,1005,2021-08-22T11:01:54Z
2021-08-21,10000002,39,885,894.3,884.5,11943477,1023,2021-08-22T11:01:54Z
2021-08-21,10000002,40,591.6,592.2,571.7,9646427,933,2021-08-22T11:01:54Z
2021-08-21,10000002,11399,86000,88640,85880,822791,742,2021-08-22T11:01:54Z
2021-08-22,10000002,34,4.55,4.6,4.43,3771165666,2245,2021-08-23T11:02:14Z
2021-08-22,10000002,35,18.1,18.21,17.47,2243604186,2025,2021-08-23T11:02:14Z
2021-08-22,10000002,36,58.23,58.51,57.09,428619084,1666,2021-08-23T11:02:14Z
2021-08-22,10000002,37,58.98,58.99,58.95,146480318,1475,2021-08-23T11:02:14Z
2021-08-22,10000002,38,1091,1108,1027,23166110,1055,2021-08-23T11:02:14Z
2021-08-22,10000002,39,842.4,871,838.8,15447781,1103,2021-08-23T11:02:14Z
2021-08-22,10000002,40,552.1,580.8,549.8,13837909,961,2021-08-23T11:02:14Z
2021-08-22,10000002,11399,87000,89000,84930,1228615,876,2021-08-23T11:02:14Z
2021-08-23,10000002,34,4.5,4.54,4.49,2871968814,1862,2021-08-24T11:02:31Z
2021-08-23,10000002,35,18.2,18.36,17.58,1966928575,1653,2021-08-24T11:02:31Z
2021-08-23,10000002,36,58.46,58.52,57.21,342574389,1421,2021-08-24T11:02:31Z
2021-08-23,10000002,37,58.91,59,57.8,122431998,1240,2021-08-24T11:02:31Z
2021-08-23,10000002,38,1075,1086,1025,23560516,917,2021-08-24T11:02:31Z
2021-08-23,10000002,39,838.9,853,838.9,16204829,928,2021-08-24T11:02:31Z
2021-08-23,10000002,40,591.5,591.6,591.2,8205308,763,2021-08-24T11:02:31Z
2021-08-23,10000002,11399,87410,87760,86460,1124499,744,2021-08-24T11:02:31Z
2021-08-24,10000002,34,4.57,4.59,4.5,2738125870,1722,2021-08-24T11:02:31Z
2021-08-24,10000002,35,18,18.2,17.6,1344519506,1526,2021-08-24T11:02:31Z
2021-08-24,10000002,36,58.99,59.58,56.43,296398014,1312,2021-08-24T11:02:31Z
2021-08-24,10000002,37,59,59,58.03,389529975,1263,2021-08-24T11:02:31Z
2021-08-24,10000002,38,1042,1049,1000,32647180,993,2021-08-24T11:02:31Z
2021-08-24,10000002,39,861.7,884.6,832,16391719,945,2021-08-24T11:02:31Z
2021-08-24,10000002,40,591.2,591.2,591.2,24279130,828,2021-08-24T11:02:31Z
2021-08-24,10000002,11399,85900,90000,84000,739657,624,2021-08-24T11:02:31Z
2021-08-25,10000002,34,4.51,4.58,4.49,2782995149,1711,2021-08-26T11:04:38Z
2021-08-25,10000002,35,17.85,18,17.47,1729189464,1480,2021-08-26T11:04:38Z
2021-08-25,10000002,36,57.99,59,56.46,302702623,1275,2021-08-26T11:04:38Z
2021-08-25,10000002,37,59.99,69.99,57.83,385413486,1117,2021-08-26T11:04:38Z
2021-08-25,10000002,38,1037,1039,1029,22272529,883,2021-08-26T11:04:38Z
2021-08-25,10000002,39,884,884.8,883,9933942,791,2021-08-26T11:04:38Z
2021-08-25,10000002,40,587.9,587.9,587.9,6289801,665,2021-08-26T11:04:38Z
2021-08-25,10000002,11399,88160,91900,87400,786811,654,2021-08-26T11:04:38Z
2021-08-26,10000002,34,4.5,4.53,4.35,2234722025,1739,2021-08-27T11:02:38Z
2021-08-26,10000002,35,17.6,17.92,17.41,1287581863,1564,2021-08-27T11:02:38Z
2021-08-26,10000002,36,57.99,58.49,56.28,231357064,1264,2021-08-27T11:02:38Z
2021-08-26,10000002,37,65.01,67.9,64.97,121753621,1134,2021-08-27T11:02:38Z
2021-08-26,10000002,38,1037,1041,1033,20985022,972,2021-08-27T11:02:38Z
2021-08-26,10000002,39,881.6,882.9,879.7,5085683,893,2021-08-27T11:02:38Z
2021-08-26,10000002,40,589.8,590,588,3411059,787,2021-08-27T11:02:38Z
2021-08-26,10000002,11399,88470,91960,88210,857033,704,2021-08-27T11:02:38Z
2021-08-27,10000002,34,4.59,4.64,4.49,3679828929,1931,2021-08-28T11:02:29Z
2021-08-27,10000002,35,17.24,17.48,17.11,1656045303,1643,2021-08-28T11:02:29Z
2021-08-27,10000002,36,57.99,58.39,56.03,385831626,1442,2021-08-28T11:02:29Z
2021-08-27,10000002,37,62.31,64.96,61,142336132,1263,2021-08-28T11:02:29Z
2021-08-27,10000002,38,1049,1059,1020,23116204,949,2021-08-28T11:02:29Z
2021-08-27,10000002,39,882,884.9,840.9,14673991,957,2021-08-28T11:02:29Z
2021-08-27,10000002,40,590,592,564,6526197,821,2021-08-28T11:02:29Z
2021-08-27,10000002,11399,91960,91960,91760,620417,650,2021-08-28T11:02:29Z
2021-08-28,10000002,34,4.57,4.65,4.49,2412951908,2086,2021-08-28T11:02:29Z
2021-08-28,10000002,35,17.48,17.84,17.3,1642811032,1871,2021-08-28T11:02:29Z
2021-08-28,10000002,36,57.98,58.36,57,316503416,1509,2021-08-28T11:02:29Z
2021-08-28,10000002,37,64.58,64.85,62.02,284780621,1364,2021-08-28T11:02:29Z
2021-08-28,10000002,38,1074,1083,1029,28721154,1000,2021-08-28T11:02:29Z
2021-08-28,10000002,39,903.6,904,899.9,7632624,920,2021-08-28T11:02:29Z
2021-08-28,10000002,40,607.9,608.5,592.2,6580168,846,2021-08-28T11:02:29Z
2021-08-28,10000002,11399,92510,93050,92030,1011171,774,2021-08-28T11:02:29Z
2021-08-29,10000002,34,4.47,4.49,4.37,3686003087,2190,2021-08-30T11:02:25Z
2021-08-29,10000002,35,17.85,17.92,17.42,1737056391,2048,2021-08-30T11:02:25Z
2021-08-29,10000002,36,58.43,59.4,56.6,334194850,1718,2021-08-30T11:02:25Z
2021-08-29,10000002,37,61.53,61.98,59.18,183818528,1552,2021-08-30T11:02:25Z
2021-08-29,10000002,38,1080,1082,1060,42171924,1105,2021-08-30T11:02:25Z
2021-08-29,10000002,39,883.3,898.7,876.3,13314275,1124,2021-08-30T11:02:25Z
2021-08-29,10000002,40,575.2,608,573.1,8531643,944,2021-08-30T11:02:25Z
2021-08-29,10000002,11399,94990,96000,92600,823522,794,2021-08-30T11:02:25Z
2021-08-30,10000002,34,4.49,4.58,4.34,3214312848,1878,2021-08-30T11:02:25Z
2021-08-30,10000002,35,18.17,18.95,17.96,2995756308,1777,2021-08-30T11:02:25Z
2021-08-30,10000002,36,58.05,59.06,56.02,339282651,1365,2021-08-30T11:02:25Z
2021-08-30,10000002,37,61.5,61.67,58.92,152707852,1192,2021-08-30T11:02:25Z
2021-08-30,10000002,38,1072,1076,1040,36641903,954,2021-08-30T11:02:25Z
2021-08-30,10000002,39,895.5,896.9,894.6,11539042,868,2021-08-30T11:02:25Z
2021-08-30,10000002,40,607.8,608.4,607.4,4114775,771,2021-08-30T11:02:25Z
2021-08-30,10000002,11399,94960,94970,91000,673212,622,2021-08-30T11:02:25Z
2021-08-31,10000002,34,4.49,4.53,4.49,4759105118,1894,2021-09-01T11:04:34Z
2021-08-31,10000002,35,18.25,18.68,17.76,1659605262,1659,2021-09-01T11:04:34Z
2021-08-31,10000002,36,58.48,58.58,56.03,420424087,1425,2021-09-01T11:04:34Z
2021-08-31,10000002,37,61.61,61.62,61.44,201709583,1237,2021-09-01T11:04:34Z
2021-08-31,10000002,38,1100,1108,1051,22507267,992,2021-09-01T11:04:34Z
2021-08-31,10000002,39,896.4,898.5,895.7,11312108,977,2021-09-01T11:04:34Z
2021-08-31,10000002,40,606.7,608.3,589.6,8043751,873,2021-09-01T11:04:34Z
2021-08-31,10000002,11399,96900,99950,96200,1004476,707,2021-09-01T11:04:34Z
2021-09-01,10000002,34,4.49,4.59,4.38,4129830926,1795,2021-09-02T11:05:00Z
2021-09-01,10000002,35,17.98,18,17.77,2188548469,1612,2021-09-02T11:05:00Z
2021-09-01,10000002,36,58.23,58.32,56.31,275478623,1333,2021-09-02T11:05:00Z
2021-09-01,10000002,37,61.38,61.49,56.71,72693845,1077,2021-09-02T11:05:00Z
2021-09-01,10000002,38,1095,1096,1093,21446201,882,2021-09-02T11:05:00Z
2021-09-01,10000002,39,853.6,899.7,852.4,12920059,936,2021-09-02T11:05:00Z
2021-09-01,10000002,40,550,550,550,14457841,856,2021-09-02T11:05:00Z
2021-09-01,10000002,11399,99500,99970,95010,586969,738,2021-09-02T11:05:00Z
2021-09-02,10000002,34,4.6,4.6,4.59,2945989672,1789,2021-09-02T11:05:00Z
2021-09-02,10000002,35,17.79,17.93,17.55,1742686403,1500,2021-09-02T11:05:00Z
2021-09-02,10000002,36,58.24,58.28,57.5,306259454,1284,2021-09-02T11:05:00Z
2021-09-02,10000002,37,61.3,61.33,61.27,95241781,1150,2021-09-02T11:05:00Z
2021-09-02,10000002,38,1106,1113,1087,20052491,910,2021-09-02T11:05:00Z
2021-09-02,10000002,39,899.9,899.9,899.9,7444277,880,2021-09-02T11:05:00Z
2021-09-02,10000002,40,608.2,608.3,608,3250978,764,2021-09-02T11:05:00Z
2021-09-02,10000002,11399,99960,99980,99940,555031,629,2021-09-02T11:05:00Z
2021-09-03,10000002,34,4.6,4.64,4.48,4504013475,1928,2021-09-04T11:02:14Z
2021-09-03,10000002,35,18,18.6,17.9,2792949282,1844,2021-09-04T11:02:14Z
2021-09-03,10000002,36,58.25,59.02,58,462143096,1485,2021-09-04T11:02:14Z
2021-09-03,10000002,37,61.32,61.37,61.3,184311330,1378,2021-09-04T11:02:14Z
2021-09-03,10000002,38,1115,1137,1113,32968900,1113,2021-09-04T11:02:14Z
2021-09-03,10000002,39,899.9,899.9,899.9,13533813,1053,2021-09-04T11:02:14Z
2021-09-03,10000002,40,608.4,608.4,608.4,11184307,899,2021-09-04T11:02:14Z
2021-09-03,10000002,11399,97490,99780,96570,933189,684,2021-09-04T11:02:14Z
2021-09-04,10000002,34,4.48,4.58,4.45,3422354045,1946,2021-09-05T11:02:22Z
2021-09-04,10000002,35,18.74,18.78,18.01,1484982779,1719,2021-09-05T11:02:22Z
2021-09-04,10000002,36,59.83,60,58,338205844,1411,2021-09-05T11:02:22Z
2021-09-04,10000002,37,61.35,61.35,61.35,153935397,1214,2021-09-05T11:02:22Z
2021-09-04,10000002,38,1173,1178,1155,15576812,988,2021-09-05T11:02:22Z
2021-09-04,10000002,39,911.4,911.6,873.9,10287100,961,2021-09-05T11:02:22Z
2021-09-04,10000002,40,606,607.5,565.9,8375919,875,2021-09-05T11:02:22Z
2021-09-04,10000002,11399,98000,99740,96330,664682,718,2021-09-05T11:02:22Z
2021-09-05,10000002,34,4.49,4.54,4.48,3630909088,2218,2021-09-06T11:04:59Z
2021-09-05,10000002,35,18,18.51,17.82,1840127596,1981,2021-09-06T11:04:59Z
2021-09-05,10000002,36,59.39,61.28,58.08,279526720,1570,2021-09-06T11:04:59Z
2021-09-05,10000002,37,59.68,61.34,59.61,214949262,1415,2021-09-06T11:04:59Z
2021-09-05,10000002,38,1179,1183,1168,26725996,1105,2021-09-06T11:04:59Z
2021-09-05,10000002,39,911.6,911.6,880.2,12475709,1066,2021-09-06T11:04:59Z
2021-09-05,10000002,40,607.3,607.6,606.8,5800635,959,2021-09-06T11:04:59Z
2021-09-05,10000002,11399,97500,99720,95430,830054,815,2021-09-06T11:04:59Z
2021-09-06,10000002,34,4.65,4.69,4.57,5105532397,1987,2021-09-06T11:04:59Z
2021-09-06,10000002,35,17.78,17.91,17.4,1383024041,1752,2021-09-06T11:04:59Z
2021-09-06,10000002,36,60.94,61.32,59.11,269835301,1423,2021-09-06T11:04:59Z
2021-09-06,10000002,37,61.22,61.27,61.12,91629359,1215,2021-09-06T11:04:59Z
2021-09-06,10000002,38,1183,1190,1174,25278368,1035,2021-09-06T11:04:59Z
2021-09-06,10000002,39,912,912.3,911.9,9023027,962,2021-09-06T11:04:59Z
2021-09-06,10000002,40,600,600,600,6160655,866,2021-09-06T11:04:59Z
2021-09-06,10000002,11399,99000,99740,97000,816481,742,2021-09-06T11:04:59Z
2021-09-07,10000002,34,4.55,4.64,4.39,3361560468,1872,2021-09-08T11:02:22Z
2021-09-07,10000002,35,17.68,17.76,17.25,1175402244,1595,2021-09-08T11:02:22Z
2021-09-07,10000002,36,60.5,60.91,59.51,341178700,1372,2021-09-08T11:02:22Z
2021-09-07,10000002,37,60.9,61.28,59.53,161348511,1221,2021-09-08T11:02:22Z
2021-09-07,10000002,38,1222,1224,1200,18648013,959,2021-09-08T11:02:22Z
2021-09-07,10000002,39,919.7,919.7,919.7,9206142,820,2021-09-08T11:02:22Z
2021-09-07,10000002,40,608.4,608.4,608.4,8928587,794,2021-09-08T11:02:22Z
2021-09-07,10000002,11399,97380,98470,93420,632790,641,2021-09-08T11:02:22Z
2021-09-08,10000002,11399,95000,99250,93180,707999,704,2021-09-08T11:02:22Z
2021-09-09,10000002,37,60.85,60.87,60.8,154962376,1114,2021-09-08T11:02:22Z
2021-09-09,10000002,11399,91510,95000,89350,980961,686,2021-09-08T11:02:22Z
2021-09-10,10000002,34,4.46,4.5,4.36,3279459814,1681,2021-09-11T11:02:17Z
2021-09-10,10000002,35,17.76,25,17.37,2055574377,1533,2021-09-11T11:02:17Z
2021-09-10,10000002,36,59.01,59.79,58.95,235975101,1268,2021-09-11T11:02:17Z
2021-09-10,10000002,37,61.32,61.37,61.31,332252143,1180,2021-09-11T11:02:17Z
2021-09-10,10000002,38,1192,1208,1182,20259379,893,2021-09-11T11:02:17Z
2021-09-10,10000002,39,912,914.1,895.8,9123816,872,2021-09-11T11:02:17Z
2021-09-10,10000002,40,594,594.9,587.6,8262679,721,2021-09-11T11:02:17Z
2021-09-10,10000002,11399,93250,97490,93080,932323,665,2021-09-11T11:02:17Z
2021-09-11,10000002,34,4.35,4.4,4.27,3369844684,1911,2021-09-12T11:04:09Z
2021-09-11,10000002,35,18.05,25,17.71,4071412762,1878,2021-09-12T11:04:09Z
2021-09-11,10000002,36,58.8,58.9,58.48,338385179,1441,2021-09-12T11:04:09Z
2021-09-11,10000002,37,74.25,79.69,73.79,108835894,1250,2021-09-12T11:04:09Z
2021-09-11,10000002,38,1207,1215,1205,17055426,954,2021-09-12T11:04:09Z
2021-09-11,10000002,39,908.3,909.3,890.1,9255987,924,2021-09-12T11:04:09Z
2021-09-11,10000002,40,589.2,594.8,588,6463979,795,2021-09-12T11:04:09Z
2021-09-11,10000002,11399,94500,96890,92430,793820,805,2021-09-12T11:04:09Z
2021-09-12,10000002,34,4.48,4.49,4.44,3519334834,2019,2021-09-12T11:04:09Z
2021-09-12,10000002,35,18.27,18.39,17.8,1591364317,1831,2021-09-12T11:04:09Z
2021-09-12,10000002,36,58.7,59.72,57.52,371685804,1481,2021-09-12T11:04:09Z
2021-09-12,10000002,37,78.49,79.45,73.7,219648537,1328,2021-09-12T11:04:09Z
2021-09-12,10000002,38,1207,1211,1193,26861484,1030,2021-09-12T11:04:09Z
2021-09-12,10000002,39,899,900,896.4,11890623,1043,2021-09-12T11:04:09Z
2021-09-12,10000002,40,586.9,589.4,567.2,14706820,865,2021-09-12T11:04:09Z
2021-09-12,10000002,11399,92500,94990,90950,1017098,790,2021-09-12T11:04:09Z
2021-09-13,10000002,34,4.26,4.48,4.21,5481569945,1651,2021-09-14T11:14:00Z
2021-09-13,10000002,35,18.46,18.57,17.98,2485683809,1560,2021-09-14T11:14:00Z
2021-09-13,10000002,36,58.78,58.99,58.19,501615390,1206,2021-09-14T11:14:00Z
2021-09-13,10000002,37,68,69.19,63.56,317850065,1116,2021-09-14T11:14:00Z
2021-09-13,10000002,38,1195,1207,1175,22371375,898,2021-09-14T11:14:00Z
2021-09-13,10000002,39,898,899.8,897.6,10285913,829,2021-09-14T11:14:00Z
2021-09-13,10000002,40,587.9,589.6,587.2,9096351,733,2021-09-14T11:14:00Z
2021-09-13,10000002,11399,90090,91500,88880,1012774,719,2021-09-14T11:14:00Z
2021-09-14,10000002,34,4.45,4.5,4.44,2921729015,1595,2021-09-14T11:14:00Z
2021-09-14,10000002,35,18.26,18.4,17.8,2457194273,1587,2021-09-14T11:14:00Z
2021-09-14,10000002,36,58.41,58.48,57.25,281110614,1171,2021-09-14T11:14:00Z
2021-09-14,10000002,37,65,68.7,60.07,178668102,1043,2021-09-14T11:14:00Z
2021-09-14,10000002,38,1198,1199,1178,19457205,867,2021-09-14T11:14:00Z
2021-09-14,10000002,39,897.9,898,897,17629344,812,2021-09-14T11:14:00Z
2021-09-14,10000002,40,597.6,597.8,597.4,6226404,694,2021-09-14T11:14:00Z
2021-09-14,10000002,11399,80460,84950,70800,1484635,761,2021-09-14T11:14:00Z
2021-09-15,10000002,34,4.44,4.51,4.43,3113069553,1596,2021-09-16T11:04:32Z
2021-09-15,10000002,35,17.83,17.95,17.54,1416391467,1435,2021-09-16T11:04:32Z
2021-09-15,10000002,36,58.4,58.48,57.4,318148286,1168,2021-09-16T11:04:32Z
2021-09-15,10000002,37,64.8,64.87,61.06,189342848,1035,2021-09-16T11:04:32Z
2021-09-15,10000002,38,1164,1167,1124,20984771,859,2021-09-16T11:04:32Z
2021-09-15,10000002,39,897.8,898.4,897.7,12527736,783,2021-09-16T11:04:32Z
2021-09-15,10000002,40,561.9,561.9,561.9,10845676,704,2021-09-16T11:04:32Z
2021-09-15,10000002,11399,69410,72920,63030,1185541,846,2021-09-16T11:04:32Z
2021-09-16,10000002,34,4.45,4.54,4.45,3881991911,1581,2021-09-16T11:04:32Z
2021-09-16,10000002,35,17.5,17.81,17.2,1920328908,1423,2021-09-16T11:04:32Z
2021-09-16,10000002,36,61.27,61.7,58.37,460497910,1194,2021-09-16T11:04:32Z
2021-09-16,10000002,37,64.95,64.98,63.9,262571368,1110,2021-09-16T11:04:32Z
2021-09-16,10000002,38,1157,1159,1155,18242400,871,2021-09-16T11:04:32Z
2021-09-16,10000002,39,893.5,895,891,9610852,786,2021-09-16T11:04:32Z
2021-09-16,10000002,40,592.6,595.4,583,7544518,740,2021-09-16T11:04:32Z
2021-09-16,10000002,11399,61260,68890,59930,1671587,966,2021-09-16T11:04:32Z
2021-09-17,10000002,34,4.49,4.54,4.45,4005873640,1630,2021-09-18T11:02:19Z
2021-09-17,10000002,35,17.28,17.37,16.29,1640697100,1432,2021-09-18T11:02:19Z
2021-09-17,10000002,36,58.98,59.38,58.28,351526845,1164,2021-09-18T11:02:19Z
2021-09-17,10000002,37,64,64.64,58.39,149111390,1088,2021-09-18T11:02:19Z
2021-09-17,10000002,38,1146,1147,1145,21020052,875,2021-09-18T11:02:19Z
2021-09-17,10000002,39,887.6,887.8,840.9,9698671,822,2021-09-18T11:02:19Z
2021-09-17,10000002,40,592.9,593.8,592.6,5678386,696,2021-09-18T11:02:19Z
2021-09-17,10000002,11399,61990,65220,56110,1106201,876,2021-09-18T11:02:19Z
2021-09-18,10000002,34,4.47,4.55,4.44,3530159684,1855,2021-09-19T11:02:23Z
2021-09-18,10000002,35,16.99,17.54,16.4,2403906514,1665,2021-09-19T11:02:23Z
2021-09-18,10000002,36,58.71,61.7,56.5,468854556,1286,2021-09-19T11:02:23Z
2021-09-18,10000002,37,63.41,64.42,60.54,139139248,1199,2021-09-19T11:02:23Z
2021-09-18,10000002,38,1141,1145,1135,29596426,973,2021-09-19T11:02:23Z
2021-09-18,10000002,39,884,885.7,883.9,12417426,914,2021-09-19T11:02:23Z
2021-09-18,10000002,40,591.9,592.8,591.8,6701881,809,2021-09-19T11:02:23Z
2021-09-18,10000002,11399,63620,65000,57410,967765,838,2021-09-19T11:02:23Z
2021-09-19,10000002,34,4.44,4.51,4.32,4579004614,2195,2021-09-20T11:02:19Z
2021-09-19,10000002,35,17.16,17.39,17,2004774684,2041,2021-09-20T11:02:19Z
2021-09-19,10000002,36,58.37,58.49,56.55,294703229,1587,2021-09-20T11:02:19Z
2021-09-19,10000002,37,64.25,64.31,58.84,173443147,1397,2021-09-20T11:02:19Z
2021-09-19,10000002,38,1125,1147,1113,31441422,1131,2021-09-20T11:02:19Z
2021-09-19,10000002,39,876.2,883,853.4,18748325,1075,2021-09-20T11:02:19Z
2021-09-19,10000002,40,590,591.9,580.2,6723656,917,2021-09-20T11:02:19Z
2021-09-19,10000002,11399,63470,63970,60040,1452592,980,2021-09-20T11:02:19Z
2021-09-20,10000002,34,4.55,4.56,4.45,3843361556,1894,2021-09-25T11:02:34Z
2021-09-20,10000002,35,17.4,17.69,16.72,2432289248,1683,2021-09-25T11:02:34Z
2021-09-20,10000002,36,58.58,58.84,58.39,351323497,1401,2021-09-25T11:02:34Z
2021-09-20,10000002,37,64.63,64.68,64.45,174641614,1277,2021-09-25T11:02:34Z
2021-09-20,10000002,38,1122,1125,1119,23772788,982,2021-09-25T11:02:34Z
2021-09-20,10000002,39,882.9,882.9,882.9,9988048,977,2021-09-25T11:02:34Z
2021-09-20,10000002,40,590,590,590,7434226,853,2021-09-25T11:02:34Z
2021-09-20,10000002,11399,63470,63900,62000,1452952,769,2021-09-25T11:02:34Z
2021-09-21,10000002,34,4.49,4.54,4.29,3164315136,1906,2021-09-25T11:02:34Z
2021-09-21,10000002,35,17.27,17.39,16.65,1667633759,1537,2021-09-25T11:02:34Z
2021-09-21,10000002,36,58,58.76,56.38,268678240,1308,2021-09-25T11:02:34Z
2021-09-21,10000002,37,62.52,64.68,62.14,126871595,1159,2021-09-25T11:02:34Z
2021-09-21,10000002,38,1150,1158,1104,29130730,914,2021-09-25T11:02:34Z
2021-09-21,10000002,39,881.8,881.9,880,9687111,899,2021-09-25T11:02:34Z
2021-09-21,10000002,40,589.6,589.9,585.6,13839232,769,2021-09-25T11:02:34Z
2021-09-21,10000002,11399,62970,63890,58680,907963,656,2021-09-25T11:02:34Z
2021-09-22,10000002,34,4.49,4.53,4.46,4299673487,2084,2021-09-25T11:02:34Z
2021-09-22,10000002,35,16.9,17.2,16.73,2068022931,1651,2021-09-25T11:02:34Z
2021-09-22,10000002,36,58.24,58.5,58.13,377037747,1334,2021-09-25T11:02:34Z
2021-09-22,10000002,37,64,64.65,62.07,187172198,1193,2021-09-25T11:02:34Z
2021-09-22,10000002,38,1149,1150,1149,17719144,895,2021-09-25T11:02:34Z
2021-09-22,10000002,39,881.9,882.9,881.7,7779738,895,2021-09-25T11:02:34Z
2021-09-22,10000002,40,589.6,590,585.4,7996410,799,2021-09-25T11:02:34Z
2021-09-22,10000002,11399,63890,64000,59500,751720,730,2021-09-25T11:02:34Z
2021-09-23,10000002,34,4.49,4.51,4.23,3019100939,2218,2021-09-25T11:02:34Z
2021-09-23,10000002,35,16.39,16.46,16.23,2005695709,1728,2021-09-25T11:02:34Z
2021-09-23,10000002,36,58.48,59.95,56.47,360922129,1444,2021-09-25T11:02:34Z
2021-09-23,10000002,37,61,64.44,60.04,148355541,1180,2021-09-25T11:02:34Z
2021-09-23,10000002,38,1189,1203,1163,25157838,954,2021-09-25T11:02:34Z
2021-09-23,10000002,39,882.3,882.6,839.3,12067040,920,2021-09-25T11:02:34Z
2021-09-23,10000002,40,589.5,589.6,589.3,5993646,813,2021-09-25T11:02:34Z
2021-09-23,10000002,11399,62500,63500,62430,799256,614,2021-09-25T11:02:34Z
2021-09-24,10000002,34,4.5,4.52,4.47,3140112272,2259,2021-09-25T11:02:34Z
2021-09-24,10000002,35,16.89,16.98,16.4,1553055366,1784,2021-09-25T11:02:34Z
2021-09-24,10000002,36,57.93,58,56.38,226262596,1399,2021-09-25T11:02:34Z
2021-09-24,10000002,37,63.87,64,60.7,103814467,1190,2021-09-25T11:02:34Z
2021-09-24,10000002,38,1160,1169,1148,19681668,881,2021-09-25T11:02:34Z
2021-09-24,10000002,39,857.9,858,830,17634329,922,2021-09-25T11:02:34Z
2021-09-24,10000002,40,552.1,552.1,552.1,13842674,792,2021-09-25T11:02:34Z
2021-09-24,10000002,11399,63350,63490,61220,809870,774,2021-09-25T11:02:34Z
2021-09-25,10000002,34,4.46,4.5,4.41,3670769607,2705,2021-09-26T11:02:26Z
2021-09-25,10000002,35,16.63,16.65,16.49,1387382302,2179,2021-09-26T11:02:26Z
2021-09-25,10000002,36,58.36,58.51,56.57,175292541,1682,2021-09-26T11:02:26Z
2021-09-25,10000002,37,63.88,63.9,60.89,153302975,1499,2021-09-26T11:02:26Z
2021-09-25,10000002,38,1128,1142,1092,21079458,1171,2021-09-26T11:02:26Z
2021-09-25,10000002,39,874.8,878,841.5,9259757,1032,2021-09-26T11:02:26Z
2021-09-25,10000002,40,580,587,578.3,5248699,923,2021-09-26T11:02:26Z
2021-09-25,10000002,11399,64850,65840,61850,1227473,954,2021-09-26T11:02:26Z
2021-09-26,10000002,34,4.51,5.41,4.39,4913075660,2971,2021-09-27T11:02:29Z
2021-09-26,10000002,35,17.03,17.42,16.6,2527832081,2414,2021-09-27T11:02:29Z
2021-09-26,10000002,36,58.3,58.5,56.71,436254884,2025,2021-09-27T11:02:29Z
2021-09-26,10000002,37,63.98,64,63.8,140791389,1611,2021-09-27T11:02:29Z
2021-09-26,10000002,38,1115,1120,1086,24996036,1327,2021-09-27T11:02:29Z
2021-09-26,10000002,39,868.6,872.4,867,12665233,1190,2021-09-27T11:02:29Z
2021-09-26,10000002,40,576.4,576.8,576.4,17274117,1040,2021-09-27T11:02:29Z
2021-09-26,10000002,11399,64950,65000,61090,938844,1064,2021-09-27T11:02:29Z
2021-09-27,10000002,34,4.38,4.45,4.34,3441760442,2395,2021-09-27T11:02:29Z
2021-09-27,10000002,35,16.99,17.38,16.65,1281405970,1898,2021-09-27T11:02:29Z
2021-09-27,10000002,36,57.7,57.73,56.8,255100660,1562,2021-09-27T11:02:29Z
2021-09-27,10000002,37,63.99,64.12,62,206087066,1333,2021-09-27T11:02:29Z
2021-09-27,10000002,38,1103,1104,1095,22518465,1061,2021-09-27T11:02:29Z
2021-09-27,10000002,39,862.1,862.7,816.8,12112096,1010,2021-09-27T11:02:29Z
2021-09-27,10000002,40,579.6,580,577.9,5798627,816,2021-09-27T11:02:29Z
2021-09-27,10000002,11399,65100,69900,62910,981665,729,2021-09-27T11:02:29Z
2021-09-28,10000002,34,4.27,4.37,4.26,4114292080,2225,2021-09-29T11:03:13Z
2021-09-28,10000002,35,16.2,16.58,15.5,1310345496,1889,2021-09-29T11:03:13Z
2021-09-28,10000002,36,56.73,56.78,56.63,458057214,1484,2021-09-29T11:03:13Z
2021-09-28,10000002,37,62.6,63.98,62.31,167709996,1338,2021-09-29T11:03:13Z
2021-09-28,10000002,38,1097,1101,1093,22591645,1066,2021-09-29T11:03:13Z
2021-09-28,10000002,39,816.3,840.3,811,16538097,999,2021-09-29T11:03:13Z
2021-09-28,10000002,40,563.1,579.5,561.6,8076175,880,2021-09-29T11:03:13Z
2021-09-28,10000002,11399,63210,66000,63040,968928,719,2021-09-29T11:03:13Z
2021-09-29,10000002,34,4.36,4.45,4.34,3717945617,2197,2021-09-29T11:03:13Z
2021-09-29,10000002,35,16.08,16.09,15.61,905558111,1696,2021-09-29T11:03:13Z
2021-09-29,10000002,36,57.25,57.26,56.13,220505945,1386,2021-09-29T11:03:13Z
2021-09-29,10000002,37,63.37,63.37,63.37,98044035,1253,2021-09-29T11:03:13Z
2021-09-29,10000002,38,1097,1098,1094,16243391,952,2021-09-29T11:03:13Z
2021-09-29,10000002,39,830.3,830.4,830,6796613,848,2021-09-29T11:03:13Z
2021-09-29,10000002,40,557.1,564,557,5091155,721,2021-09-29T11:03:13Z
2021-09-29,10000002,11399,63560,64800,62980,1049641,782,2021-09-29T11:03:13Z
2021-09-30,10000002,34,4.5,4.59,4.3,3247038064,2312,2021-10-01T11:02:43Z
2021-09-30,10000002,35,17.4,18,16.72,3315123781,1932,2021-10-01T11:02:43Z
2021-09-30,10000002,36,57.95,59.7,57,301174055,1465,2021-10-01T11:02:43Z
2021-09-30,10000002,37,64,64.43,63.79,111891924,1228,2021-10-01T11:02:43Z
2021-09-30,10000002,38,1076,1077,1033,18374445,1012,2021-10-01T11:02:43Z
2021-09-30,10000002,39,828.7,829.2,800.5,9637416,890,2021-10-01T11:02:43Z
2021-09-30,10000002,40,552.2,569.6,552,15291853,816,2021-10-01T11:02:43Z
2021-09-30,10000002,11399,64680,64800,63420,854423,729,2021-10-01T11:02:43Z
2021-10-01,10000002,34,4.46,4.5,4.39,2295810078,2278,2021-10-02T11:02:35Z
2021-10-01,10000002,35,17.17,17.6,17.07,1439996499,1873,2021-10-02T11:02:35Z
2021-10-01,10000002,36,58.77,59.75,58.28,313459119,1502,2021-10-02T11:02:35Z
2021-10-01,10000002,37,64.24,64.24,64.24,165161098,1290,2021-10-02T11:02:35Z
2021-10-01,10000002,38,1087,1088,1083,17400844,948,2021-10-02T11:02:35Z
2021-10-01,10000002,39,827.7,829.2,827.4,8248534,956,2021-10-02T11:02:35Z
2021-10-01,10000002,40,565,565,565,6962678,761,2021-10-02T11:02:35Z
2021-10-01,10000002,11399,60920,65380,59130,1050922,836,2021-10-02T11:02:35Z
2021-10-02,10000002,34,4.4,4.4,4.38,5757752148,2669,2021-10-03T11:02:35Z
2021-10-02,10000002,35,16.46,17.1,16.3,2048984815,2222,2021-10-03T11:02:35Z
2021-10-02,10000002,36,58.2,58.59,56.06,374070601,1740,2021-10-03T11:02:35Z
2021-10-02,10000002,37,64.1,64.25,64.08,476516881,1540,2021-10-03T11:02:35Z
2021-10-02,10000002,38,1083,1087,1047,20124108,1182,2021-10-03T11:02:35Z
2021-10-02,10000002,39,830.7,831.1,829.9,11297303,1109,2021-10-03T11:02:35Z
2021-10-02,10000002,40,560,564,516,6505999,943,2021-10-03T11:02:35Z
2021-10-02,10000002,11399,63550,65000,62010,1054876,871,2021-10-03T11:02:35Z
2021-10-03,10000002,34,4.35,4.48,4.26,4187396480,2725,2021-10-04T11:07:07Z
2021-10-03,10000002,35,16,16.04,15.99,1521832404,2415,2021-10-04T11:07:07Z
2021-10-03,10000002,36,58.2,58.25,56.61,293136295,1829,2021-10-04T11:07:07Z
2021-10-03,10000002,37,67.3,68.2,67,376897341,1647,2021-10-04T11:07:07Z
2021-10-03,10000002,38,1087,1095,1081,23354263,1232,2021-10-04T11:07:07Z
2021-10-03,10000002,39,879,879,878.8,13687312,1180,2021-10-04T11:07:07Z
2021-10-03,10000002,40,562.5,562.5,562.5,8696006,1020,2021-10-04T11:07:07Z
2021-10-03,10000002,11399,69540,75990,68040,900412,878,2021-10-04T11:07:07Z
2021-10-04,10000002,34,4.34,4.36,4.3,2986563320,2339,2021-10-04T11:07:07Z
2021-10-04,10000002,35,16.54,17.02,16.06,4126086400,2117,2021-10-04T11:07:07Z
2021-10-04,10000002,36,58.3,58.52,57.72,279477950,1613,2021-10-04T11:07:07Z
2021-10-04,10000002,37,68.57,68.62,63.76,232078793,1500,2021-10-04T11:07:07Z
2021-10-04,10000002,38,1093,1096,1063,25917648,1133,2021-10-04T11:07:07Z
2021-10-04,10000002,39,879,879.7,878.5,10334055,1091,2021-10-04T11:07:07Z
2021-10-04,10000002,40,563.7,563.9,554.5,9222762,954,2021-10-04T11:07:07Z
2021-10-04,10000002,11399,70510,75850,69200,828590,897,2021-10-04T11:07:07Z
2021-10-05,10000002,34,4.3,4.34,4.25,4017934044,2242,2021-10-06T11:05:53Z
2021-10-05,10000002,35,16.8,16.9,16.43,1441047191,1901,2021-10-06T11:05:53Z
2021-10-05,10000002,36,57.91,58.38,55.06,300757115,1487,2021-10-06T11:05:53Z
2021-10-05,10000002,37,68.55,68.56,68.5,148018873,1336,2021-10-06T11:05:53Z
2021-10-05,10000002,38,1096,1098,1055,23259200,1046,2021-10-06T11:05:53Z
2021-10-05,10000002,39,878.7,879.8,860.8,10457780,1018,2021-10-06T11:05:53Z
2021-10-05,10000002,40,563.9,563.9,563.9,4986275,875,2021-10-06T11:05:53Z
2021-10-05,10000002,11399,72000,72480,66520,896364,799,2021-10-06T11:05:53Z
2021-10-06,10000002,34,4.34,4.35,4.31,5194930435,2259,2021-10-06T11:05:53Z
2021-10-06,10000002,35,16.73,16.88,16.59,1805861422,1803,2021-10-06T11:05:53Z
2021-10-06,10000002,36,56.34,57.9,56,356758482,1527,2021-10-06T11:05:53Z
2021-10-06,10000002,37,68.41,68.45,68.35,142019283,1324,2021-10-06T11:05:53Z
2021-10-06,10000002,38,1089,1095,1083,23247488,1058,2021-10-06T11:05:53Z
2021-10-06,10000002,39,878.7,878.9,846.9,8513093,998,2021-10-06T11:05:53Z
2021-10-06,10000002,40,563.8,563.9,554.5,8295658,902,2021-10-06T11:05:53Z
2021-10-06,10000002,11399,68930,70860,66140,749534,787,2021-10-06T11:05:53Z
2021-10-07,10000002,34,4.26,4.34,4.21,4467169620,2084,2021-10-08T11:02:16Z
2021-10-07,10000002,35,16.9,16.96,16.53,1350904966,1678,2021-10-08T11:02:16Z
2021-10-07,10000002,36,56.37,58,56.21,321237653,1422,2021-10-08T11:02:16Z
2021-10-07,10000002,37,68.68,68.69,66.39,225668064,1233,2021-10-08T11:02:16Z
2021-10-07,10000002,38,1091,1124,1086,32281682,961,2021-10-08T11:02:16Z
2021-10-07,10000002,39,879,879.8,878.9,8709572,899,2021-10-08T11:02:16Z
2021-10-07,10000002,40,563.9,563.9,563.9,7056211,762,2021-10-08T11:02:16Z
2021-10-07,10000002,11399,65810,66790,64050,986681,693,2021-10-08T11:02:16Z
2021-10-08,10000002,34,4.28,4.3,4.26,3102632981,2145,2021-10-09T11:02:26Z
2021-10-08,10000002,35,16.93,16.96,16.54,1682483995,1773,2021-10-09T11:02:26Z
2021-10-08,10000002,36,57.97,58.08,55.5,243341870,1401,2021-10-09T11:02:26Z
2021-10-08,10000002,37,69.74,69.77,69.71,113803870,1255,2021-10-09T11:02:26Z
2021-10-08,10000002,38,1182,1183,1175,16358720,957,2021-10-09T11:02:26Z
2021-10-08,10000002,39,884.7,884.8,880,7982387,918,2021-10-09T11:02:26Z
2021-10-08,10000002,40,578.8,578.9,563.9,5661592,858,2021-10-09T11:02:26Z
2021-10-08,10000002,11399,64990,66660,63150,886108,646,2021-10-09T11:02:26Z
2021-10-09,10000002,34,4.19,4.33,4.14,5267411805,2323,2021-10-10T11:02:28Z
2021-10-09,10000002,35,16.85,16.9,16.51,1658897430,1914,2021-10-10T11:02:28Z
2021-10-09,10000002,36,57,57.78,54.77,334869058,1573,2021-10-10T11:02:28Z
2021-10-09,10000002,37,69.47,69.71,66.32,142788100,1420,2021-10-10T11:02:28Z
2021-10-09,10000002,38,1152,1196,1101,28381737,1051,2021-10-10T11:02:28Z
2021-10-09,10000002,39,852.3,883,851.7,14956053,1064,2021-10-10T11:02:28Z
2021-10-09,10000002,40,577.9,578.3,540.1,7718154,923,2021-10-10T11:02:28Z
2021-10-09,10000002,11399,66680,66740,63150,919079,797,2021-10-10T11:02:28Z
2021-10-10,10000002,34,4.34,4.43,4.25,4369195591,2617,2021-10-11T11:02:37Z
2021-10-10,10000002,35,16.91,16.93,16.79,1735862926,2129,2021-10-11T11:02:37Z
2021-10-10,10000002,36,57.33,57.53,55.99,311826832,1760,2021-10-11T11:02:37Z
2021-10-10,10000002,37,63.41,68.99,63.16,270993700,1529,2021-10-11T11:02:37Z
2021-10-10,10000002,38,1152,1182,1103,35572427,1197,2021-10-11T11:02:37Z
2021-10-10,10000002,39,875.8,876.6,828.1,15164060,1122,2021-10-11T11:02:37Z
2021-10-10,10000002,40,570.9,577.9,539.9,12517643,1000,2021-10-11T11:02:37Z
2021-10-10,10000002,11399,69240,70460,66850,774059,770,2021-10-11T11:02:37Z
2021-10-11,10000002,34,4.14,4.2,4.13,5241034079,2023,2021-10-12T11:08:38Z
2021-10-11,10000002,35,16.99,17.2,16.86,1846963703,1745,2021-10-12T11:08:38Z
2021-10-11,10000002,36,55.12,58.17,54.66,322268273,1370,2021-10-12T11:08:38Z
2021-10-11,10000002,37,69.72,69.74,65.74,238015957,1170,2021-10-12T11:08:38Z
2021-10-11,10000002,38,1121,1150,1106,29670440,936,2021-10-12T11:08:38Z
2021-10-11,10000002,39,845.6,859.9,825.7,12785241,900,2021-10-12T11:08:38Z
2021-10-11,10000002,40,569.9,569.9,568.9,7215222,744,2021-10-12T11:08:38Z
2021-10-11,10000002,11399,69170,69230,66310,878095,691,2021-10-12T11:08:38Z
2021-10-12,10000002,34,4.24,4.25,4.03,10848098586,1959,2021-10-12T11:08:38Z
2021-10-12,10000002,35,16.98,17.1,16.4,2220212712,1896,2021-10-12T11:08:38Z
2021-10-12,10000002,36,55.95,56.92,54.08,257281301,1355,2021-10-12T11:08:38Z
2021-10-12,10000002,37,67.13,69.45,67.13,159484067,1234,2021-10-12T11:08:38Z
2021-10-12,10000002,38,1137,1148,1090,24227177,998,2021-10-12T11:08:38Z
2021-10-12,10000002,39,858.2,859.9,752.4,17383941,929,2021-10-12T11:08:38Z
2021-10-12,10000002,40,512.3,512.3,512.3,10392326,781,2021-10-12T11:08:38Z
2021-10-12,10000002,11399,67450,69050,66300,899445,688,2021-10-12T11:08:38Z
2021-10-13,10000002,34,4.22,4.29,4.19,5255011511,1935,2021-10-14T11:04:29Z
2021-10-13,10000002,35,16.91,17.11,16.69,1547480275,1672,2021-10-14T11:04:29Z
2021-10-13,10000002,36,55.72,55.85,55,243194098,1300,2021-10-14T11:04:29Z
2021-10-13,10000002,37,69.46,69.46,69.45,180247629,1144,2021-10-14T11:04:29Z
2021-10-13,10000002,38,1120,1126,1117,19586782,870,2021-10-14T11:04:29Z
2021-10-13,10000002,39,859.4,859.6,859.2,7736670,800,2021-10-14T11:04:29Z
2021-10-13,10000002,40,566.8,567.4,530.5,4454674,716,2021-10-14T11:04:29Z
2021-10-13,10000002,11399,67000,67500,65290,979838,719,2021-10-14T11:04:29Z
2021-10-14,10000002,34,4.34,4.4,4.21,4322892728,1889,2021-10-14T11:04:29Z
2021-10-14,10000002,35,17.12,17.14,16.75,1443849891,1562,2021-10-14T11:04:29Z
2021-10-14,10000002,36,55.71,55.79,54.58,278227622,1293,2021-10-14T11:04:29Z
2021-10-14,10000002,37,69.35,69.42,68.03,85869445,1132,2021-10-14T11:04:29Z
2021-10-14,10000002,38,1114,1117,1112,18062575,930,2021-10-14T11:04:29Z
2021-10-14,10000002,39,856,859.8,850,10541606,885,2021-10-14T11:04:29Z
2021-10-14,10000002,40,558.6,558.9,558.6,8713215,694,2021-10-14T11:04:29Z
2021-10-14,10000002,11399,72000,72200,70560,592321,701,2021-10-14T11:04:29Z
2021-10-15,10000002,34,4.28,4.37,4.13,3083969893,1876,2021-10-16T11:02:28Z
2021-10-15,10000002,35,17,17.16,16.91,1626279896,1654,2021-10-16T11:02:28Z
2021-10-15,10000002,36,55.79,55.8,54.57,391414851,1373,2021-10-16T11:02:28Z
2021-10-15,10000002,37,69.35,69.35,69.34,280749438,1209,2021-10-16T11:02:28Z
2021-10-15,10000002,38,1114,1116,1101,21104498,918,2021-10-16T11:02:28Z
2021-10-15,10000002,39,854,878.9,815,11771518,873,2021-10-16T11:02:28Z
2021-10-15,10000002,40,558.7,558.7,558.7,14917647,776,2021-10-16T11:02:28Z
2021-10-15,10000002,11399,69090,72200,68560,997928,705,2021-10-16T11:02:28Z
2021-10-16,10000002,34,4.37,4.45,4.32,4874195239,2269,2021-10-17T11:02:20Z
2021-10-16,10000002,35,16.98,17.13,16.54,2211284986,2025,2021-10-17T11:02:20Z
2021-10-16,10000002,36,57.87,58.1,55.9,376302393,1587,2021-10-17T11:02:20Z
2021-10-16,10000002,37,69.93,69.94,69.92,152597323,1390,2021-10-17T11:02:20Z
2021-10-16,10000002,38,1111,1118,1108,18960384,1092,2021-10-17T11:02:20Z
2021-10-16,10000002,39,854.1,856.1,853.8,9084990,980,2021-10-17T11:02:20Z
2021-10-16,10000002,40,560,560,560,7476644,861,2021-10-17T11:02:20Z
2021-10-16,10000002,11399,72190,74580,68940,836108,732,2021-10-17T11:02:20Z
2021-10-17,10000002,34,4.29,4.35,4.21,4880842450,2473,2021-10-18T11:02:27Z
2021-10-17,10000002,35,17.33,17.39,17.14,1754478174,2202,2021-10-18T11:02:27Z
2021-10-17,10000002,36,57.6,57.73,54.59,272581488,1746,2021-10-18T11:02:27Z
2021-10-17,10000002,37,69.71,69.74,69.6,130309755,1511,2021-10-18T11:02:27Z
2021-10-17,10000002,38,1115,1117,1109,22755281,1143,2021-10-18T11:02:27Z
2021-10-17,10000002,39,879.3,879.5,879,8742398,1064,2021-10-18T11:02:27Z
2021-10-17,10000002,40,558,558,558,12748260,931,2021-10-18T11:02:27Z
2021-10-17,10000002,11399,70360,74340,69410,939141,886,2021-10-18T11:02:27Z
2021-10-18,10000002,34,4.45,4.48,4.27,2964056992,2118,2021-10-19T11:05:01Z
2021-10-18,10000002,35,17.25,17.4,17.16,1839755123,1931,2021-10-19T11:05:01Z
2021-10-18,10000002,36,57.24,57.47,54.8,257343220,1487,2021-10-19T11:05:01Z
2021-10-18,10000002,37,69.17,69.25,69.15,217713401,1263,2021-10-19T11:05:01Z
2021-10-18,10000002,38,1100,1105,1098,17036762,981,2021-10-19T11:05:01Z
2021-10-18,10000002,39,879.1,879.1,879,8925737,941,2021-10-19T11:05:01Z
2021-10-18,10000002,40,558,558.1,555,7279165,845,2021-10-19T11:05:01Z
2021-10-18,10000002,11399,70750,72940,70080,892645,738,2021-10-19T11:05:01Z
2021-10-19,10000002,34,4.42,4.46,4.28,4542552994,2018,2021-10-19T11:05:01Z
2021-10-19,10000002,35,17.28,17.31,17.2,1615726458,1800,2021-10-19T11:05:01Z
2021-10-19,10000002,36,57.06,57.07,55.59,284332384,1331,2021-10-19T11:05:01Z
2021-10-19,10000002,37,81.98,83.5,69.89,539192175,1372,2021-10-19T11:05:01Z
2021-10-19,10000002,38,1100,1100,1099,19464149,918,2021-10-19T11:05:01Z
2021-10-19,10000002,39,880,899.5,879.2,9862914,960,2021-10-19T11:05:01Z
2021-10-19,10000002,40,557.6,557.6,557.6,4726228,818,2021-10-19T11:05:01Z
2021-10-19,10000002,11399,71970,72190,69920,835822,739,2021-10-19T11:05:01Z
2021-10-20,10000002,34,4.06,4.28,4.03,3906022266,1877,2021-10-21T11:12:50Z
2021-10-20,10000002,35,17.28,17.34,17.15,1555143073,1586,2021-10-21T11:12:50Z
2021-10-20,10000002,36,56.8,56.81,56.78,276313078,1253,2021-10-21T11:12:50Z
2021-10-20,10000002,37,96.65,97.67,76.1,240940796,1192,2021-10-21T11:12:50Z
2021-10-20,10000002,38,1085,1087,1081,14972547,830,2021-10-21T11:12:50Z
2021-10-20,10000002,39,904.7,909.5,845.9,7921235,838,2021-10-21T11:12:50Z
2021-10-20,10000002,40,557.6,557.6,557.6,4284874,759,2021-10-21T11:12:50Z
2021-10-20,10000002,11399,69190,70690,69120,772131,643,2021-10-21T11:12:50Z
2021-10-21,10000002,34,4.18,4.27,4.17,2567216322,1786,2021-10-21T11:12:50Z
2021-10-21,10000002,35,17.23,17.35,17.1,1360439900,1705,2021-10-21T11:12:50Z
2021-10-21,10000002,36,56.7,56.84,55.7,242135104,1304,2021-10-21T11:12:50Z
2021-10-21,10000002,37,85.01,90.74,84.26,245582796,1230,2021-10-21T11:12:50Z
2021-10-21,10000002,38,1078,1081,1020,26935430,839,2021-10-21T11:12:50Z
2021-10-21,10000002,39,904.1,905.5,903.5,8602030,797,2021-10-21T11:12:50Z
2021-10-21,10000002,40,569,573.8,558,4039639,716,2021-10-21T11:12:50Z
2021-10-21,10000002,11399,70250,70480,68100,964134,662,2021-10-21T11:12:50Z
2021-10-22,10000002,34,4.29,4.31,4.18,3098765735,2117,2021-10-23T11:01:59Z
2021-10-22,10000002,35,17.36,17.39,17.13,1578783625,1863,2021-10-23T11:01:59Z
2021-10-22,10000002,36,56.9,56.95,55.6,322210201,1507,2021-10-23T11:01:59Z
2021-10-22,10000002,37,82.06,90.17,82,268134886,1293,2021-10-23T11:01:59Z
2021-10-22,10000002,38,1084,1085,1080,17129350,983,2021-10-23T11:01:59Z
2021-10-22,10000002,39,912.5,916.2,910,10550890,975,2021-10-23T11:01:59Z
2021-10-22,10000002,40,573.5,573.9,551,5239311,840,2021-10-23T11:01:59Z
2021-10-22,10000002,11399,70700,71890,66900,775992,604,2021-10-23T11:01:59Z
2021-10-23,10000002,34,4.28,4.31,4.22,2767514150,2074,2021-10-24T11:02:03Z
2021-10-23,10000002,35,17.02,17.12,16.9,1881725812,1771,2021-10-24T11:02:03Z
2021-10-23,10000002,36,57.13,57.98,54.04,286652441,1465,2021-10-24T11:02:03Z
2021-10-23,10000002,37,86.04,86.98,80.23,188817375,1299,2021-10-24T11:02:03Z
2021-10-23,10000002,38,1075,1076,1074,22926406,1027,2021-10-24T11:02:03Z
2021-10-23,10000002,39,925,927.7,924,7573426,962,2021-10-24T11:02:03Z
2021-10-23,10000002,40,570,573,570,5391109,812,2021-10-24T11:02:03Z
2021-10-23,10000002,11399,72140,72970,68050,646113,695,2021-10-24T11:02:03Z
2021-10-24,10000002,34,4.35,4.38,4.29,3627050514,2268,2021-10-25T11:01:51Z
2021-10-24,10000002,35,17.3,17.36,17.14,1756477426,2042,2021-10-25T11:01:51Z
2021-10-24,10000002,36,57.5,58.08,55.12,366495605,1566,2021-10-25T11:01:51Z
2021-10-24,10000002,37,86.65,86.77,86,174600101,1421,2021-10-25T11:01:51Z
2021-10-24,10000002,38,1074,1083,1073,31566780,1055,2021-10-25T11:01:51Z
2021-10-24,10000002,39,920,923.5,905,6590234,996,2021-10-25T11:01:51Z
2021-10-24,10000002,40,570,570,570,7370095,931,2021-10-25T11:01:51Z
2021-10-24,10000002,11399,72950,72980,68710,964010,805,2021-10-25T11:01:51Z
2021-10-25,10000002,34,4.36,4.38,4.17,2699620394,1881,2021-10-26T11:18:21Z
2021-10-25,10000002,35,17,17,17,2043948086,1857,2021-10-26T11:18:21Z
2021-10-25,10000002,36,53.42,57.43,52.72,264712057,1360,2021-10-26T11:18:21Z
2021-10-25,10000002,37,86.15,86.37,84,142498620,1269,2021-10-26T11:18:21Z
2021-10-25,10000002,38,1097,1104,1035,18271662,926,2021-10-26T11:18:21Z
2021-10-25,10000002,39,902.9,903.8,899,6637334,865,2021-10-26T11:18:21Z
2021-10-25,10000002,40,588.1,588.3,587.9,2326566,740,2021-10-26T11:18:21Z
2021-10-25,10000002,11399,70870,72940,69500,939537,730,2021-10-26T11:18:21Z
2021-10-26,10000002,34,4.27,4.36,4.25,3193271789,1882,2021-10-26T11:18:21Z
2021-10-26,10000002,35,16.99,17.19,16.85,1948812331,1686,2021-10-26T11:18:21Z
2021-10-26,10000002,36,56.74,56.76,53.62,238264262,1362,2021-10-26T11:18:21Z
2021-10-26,10000002,37,86.08,86.15,82.66,198337835,1212,2021-10-26T11:18:21Z
2021-10-26,10000002,38,1086,1088,1033,17302208,913,2021-10-26T11:18:21Z
2021-10-26,10000002,39,903.4,903.5,902.6,6148684,864,2021-10-26T11:18:21Z
2021-10-26,10000002,40,587,587.5,572.3,5374597,776,2021-10-26T11:18:21Z
2021-10-26,10000002,11399,71000,72750,69130,789443,646,2021-10-26T11:18:21Z
2021-10-27,10000002,34,4.32,4.36,4.31,4036962735,1788,2021-10-28T11:07:43Z
2021-10-27,10000002,35,17.06,17.11,16.97,1321601799,1566,2021-10-28T11:07:43Z
2021-10-27,10000002,36,56.45,56.99,55.81,255793405,1243,2021-10-28T11:07:43Z
2021-10-27,10000002,37,84,85.96,76.29,194653340,1113,2021-10-28T11:07:43Z
2021-10-27,10000002,38,1071,1077,1035,22574562,933,2021-10-28T11:07:43Z
2021-10-27,10000002,39,845.4,850,758.3,23223395,927,2021-10-28T11:07:43Z
2021-10-27,10000002,40,550.1,556.3,531.1,12175993,769,2021-10-28T11:07:43Z
2021-10-27,10000002,11399,72650,72670,69490,547273,675,2021-10-28T11:07:43Z
2021-10-28,10000002,34,4.38,4.4,4.35,2278813921,1714,2021-10-28T11:07:43Z
2021-10-28,10000002,35,16.99,17.15,16.9,1931955166,1465,2021-10-28T11:07:43Z
2021-10-28,10000002,36,57,57.36,53.8,239145780,1286,2021-10-28T11:07:43Z
2021-10-28,10000002,37,85.2,85.2,85.05,175891473,1114,2021-10-28T11:07:43Z
2021-10-28,10000002,38,1087,1091,1030,14184150,840,2021-10-28T11:07:43Z
2021-10-28,10000002,39,848,849.7,847.9,8275119,812,2021-10-28T11:07:43Z
2021-10-28,10000002,40,587,587.1,551.2,3282199,716,2021-10-28T11:07:43Z
2021-10-28,10000002,11399,71000,72300,68630,655904,653,2021-10-28T11:07:43Z
2021-10-29,10000002,34,4.37,4.4,4.29,3995671344,1768,2021-10-30T11:01:42Z
2021-10-29,10000002,35,17.05,17.1,16.8,1847806686,1558,2021-10-30T11:01:42Z
2021-10-29,10000002,36,57.37,57.38,57.29,283326684,1298,2021-10-30T11:01:42Z
2021-10-29,10000002,37,77,77.04,77,427303638,1172,2021-10-30T11:01:42Z
2021-10-29,10000002,38,1084,1087,1051,24636947,865,2021-10-30T11:01:42Z
2021-10-29,10000002,39,846.8,847,800,11765965,770,2021-10-30T11:01:42Z
2021-10-29,10000002,40,586,586,585,3662526,719,2021-10-30T11:01:42Z
2021-10-29,10000002,11399,68750,69800,68030,945651,613,2021-10-30T11:01:42Z
2021-10-30,10000002,34,4.44,4.48,4.21,2893131696,1953,2021-10-31T11:03:36Z
2021-10-30,10000002,35,16.99,17.12,16.8,1015640653,1777,2021-10-31T11:03:36Z
2021-10-30,10000002,36,57.88,57.9,55.77,159432223,1363,2021-10-31T11:03:36Z
2021-10-30,10000002,37,84.49,84.8,84.44,104603232,1194,2021-10-31T11:03:36Z
2021-10-30,10000002,38,1070,1074,1060,16378180,958,2021-10-31T11:03:36Z
2021-10-30,10000002,39,847.9,847.9,847.9,4973041,815,2021-10-31T11:03:36Z
2021-10-30,10000002,40,586,586.9,584.8,4842316,736,2021-10-31T11:03:36Z
2021-10-30,10000002,11399,70740,70800,67000,663721,639,2021-10-31T11:03:36Z
2021-10-31,10000002,34,4.39,4.48,4.38,5619619097,2244,2021-10-31T11:03:36Z
2021-10-31,10000002,35,17.11,17.17,16.6,2689571078,2129,2021-10-31T11:03:36Z
2021-10-31,10000002,36,58.47,58.54,56.72,315634648,1536,2021-10-31T11:03:36Z
2021-10-31,10000002,37,85.18,85.2,85.18,290584343,1445,2021-10-31T11:03:36Z
2021-10-31,10000002,38,1091,1113,1089,19298013,1134,2021-10-31T11:03:36Z
2021-10-31,10000002,39,848,848,848,9361689,1059,2021-10-31T11:03:36Z
2021-10-31,10000002,40,586.9,586.9,586.9,3930239,933,2021-10-31T11:03:36Z
2021-10-31,10000002,11399,70300,70600,68260,642362,684,2021-10-31T11:03:36Z
2021-11-01,10000002,34,4.49,4.49,4.48,2964821734,1903,2021-11-02T11:05:43Z
2021-11-01,10000002,35,17.17,17.21,17.05,1872140162,1748,2021-11-02T11:05:43Z
2021-11-01,10000002,36,58.55,59.47,57.07,179586308,1300,2021-11-02T11:05:43Z
2021-11-01,10000002,37,98.93,98.97,98.87,154871351,1149,2021-11-02T11:05:43Z
2021-11-01,10000002,38,1133,1134,1126,15834072,901,2021-11-02T11:05:43Z
2021-11-01,10000002,39,847.6,847.7,840,19511262,850,2021-11-02T11:05:43Z
2021-11-01,10000002,40,562.8,586.5,560.3,12065681,775,2021-11-02T11:05:43Z
2021-11-01,10000002,11399,69000,69980,66690,895801,643,2021-11-02T11:05:43Z
2021-11-02,10000002,34,4.4,4.5,4.35,2309212017,1769,2021-11-04T11:20:21Z
2021-11-02,10000002,35,16.99,17.18,16.97,1521476867,1697,2021-11-04T11:20:21Z
2021-11-02,10000002,36,58.21,58.39,57.08,306334053,1257,2021-11-04T11:20:21Z
2021-11-02,10000002,37,100,100,99.99,163297954,1078,2021-11-04T11:20:21Z
2021-11-02,10000002,38,1098,1113,1072,12964124,822,2021-11-04T11:20:21Z
2021-11-02,10000002,39,820,820,820,7170376,782,2021-11-04T11:20:21Z
2021-11-02,10000002,40,586.1,586.4,585.8,2763278,661,2021-11-04T11:20:21Z
2021-11-02,10000002,11399,67180,69570,66460,749007,622,2021-11-04T11:20:21Z
2021-11-03,10000002,34,4.39,4.39,4.39,2586364629,1701,2021-11-04T11:20:21Z
2021-11-03,10000002,35,16.99,17,16.65,1669652584,1545,2021-11-04T11:20:21Z
2021-11-03,10000002,36,59.66,59.69,58.54,297107603,1220,2021-11-04T11:20:21Z
2021-11-03,10000002,37,106.2,117.6,105.1,180168666,1091,2021-11-04T11:20:21Z
2021-11-03,10000002,38,1108,1111,1104,16209889,799,2021-11-04T11:20:21Z
2021-11-03,10000002,39,847.5,847.9,846.7,8620998,724,2021-11-04T11:20:21Z
2021-11-03,10000002,40,533,561,532.8,29651260,704,2021-11-04T11:20:21Z
2021-11-03,10000002,11399,69570,70000,66830,904062,685,2021-11-04T11:20:21Z
2021-11-04,10000002,34,4.39,4.4,4.33,2451372279,1815,2021-11-04T11:20:21Z
2021-11-04,10000002,35,16.95,16.98,16.64,1559466045,1720,2021-11-04T11:20:21Z
2021-11-04,10000002,36,60.44,60.47,57.04,259946257,1274,2021-11-04T11:20:21Z
2021-11-04,10000002,37,110,116.9,107.5,289129023,1191,2021-11-04T11:20:21Z
2021-11-04,10000002,38,1097,1102,1088,16979222,879,2021-11-04T11:20:21Z
2021-11-04,10000002,39,769.2,846.5,767.7,8606864,758,2021-11-04T11:20:21Z
2021-11-04,10000002,40,525.1,530,521,24296848,714,2021-11-04T11:20:21Z
2021-11-04,10000002,11399,69840,70000,69400,680968,631,2021-11-04T11:20:21Z
2021-11-05,10000002,34,4.39,4.4,4.35,1660548960,1750,2021-11-06T11:11:43Z
2021-11-05,10000002,35,17,17.19,17,1917281581,1625,2021-11-06T11:11:43Z
2021-11-05,10000002,36,60.73,60.73,60.71,190000828,1237,2021-11-06T11:11:43Z
2021-11-05,10000002,37,115.4,116,113,83731612,1012,2021-11-06T11:11:43Z
2021-11-05,10000002,38,1085,1090,1069,18820279,875,2021-11-06T11:11:43Z
2021-11-05,10000002,39,843.5,845.5,800.7,7591569,781,2021-11-06T11:11:43Z
2021-11-05,10000002,40,574.7,576.2,574.1,3638222,687,2021-11-06T11:11:43Z
2021-11-05,10000002,11399,69000,69270,68990,911018,689,2021-11-06T11:11:43Z
2021-11-06,10000002,34,4.32,4.4,4.23,3140423111,2010,2021-11-06T11:11:43Z
2021-11-06,10000002,35,17.18,17.22,16.95,1436703847,1704,2021-11-06T11:11:43Z
2021-11-06,10000002,36,63.59,64,58.41,196870127,1404,2021-11-06T11:11:43Z
2021-11-06,10000002,37,104.4,110.9,104,246387399,1295,2021-11-06T11:11:43Z
2021-11-06,10000002,38,1079,1082,1075,14715552,942,2021-11-06T11:11:43Z
2021-11-06,10000002,39,844.7,845.5,843.8,8271088,916,2021-11-06T11:11:43Z
2021-11-06,10000002,40,574.1,574.3,571.8,4089197,802,2021-11-06T11:11:43Z
2021-11-06,10000002,11399,68820,69140,67500,841307,672,2021-11-06T11:11:43Z
2021-11-07,10000002,34,4.29,4.42,4.25,2776400667,2065,2021-11-08T11:02:04Z
2021-11-07,10000002,35,17.19,17.22,17,1735514818,1793,2021-11-08T11:02:04Z
2021-11-07,10000002,36,63.96,63.98,58.79,256152756,1530,2021-11-08T11:02:04Z
2021-11-07,10000002,37,99.95,107.9,99.81,355877136,1372,2021-11-08T11:02:04Z
2021-11-07,10000002,38,1037,1039,1034,22298597,1042,2021-11-08T11:02:04Z
2021-11-07,10000002,39,845,845.5,830,9229309,930,2021-11-08T11:02:04Z
2021-11-07,10000002,40,570.8,570.8,570.8,6548091,899,2021-11-08T11:02:04Z
2021-11-07,10000002,11399,68770,69020,67000,1165899,809,2021-11-08T11:02:04Z
2021-11-08,10000002,34,4.3,4.39,4.27,2785003484,1810,2021-11-09T11:05:00Z
2021-11-08,10000002,35,17,17.06,16.82,1565114642,1698,2021-11-09T11:05:00Z
2021-11-08,10000002,36,62.8,62.86,61,175519270,1337,2021-11-09T11:05:00Z
2021-11-08,10000002,37,103,107,98.07,127481591,1184,2021-11-09T11:05:00Z
2021-11-08,10000002,38,1026,1037,959.3,25421037,959,2021-11-09T11:05:00Z
2021-11-08,10000002,39,844,844,843.9,7647072,869,2021-11-09T11:05:00Z
2021-11-08,10000002,40,570.8,574.4,555.4,4425328,739,2021-11-09T11:05:00Z
2021-11-08,10000002,11399,68600,68660,66800,698808,554,2021-11-09T11:05:00Z
2021-11-09,10000002,34,4.42,4.47,4.28,3143368548,1748,2021-11-09T11:05:00Z
2021-11-09,10000002,35,17.15,17.18,17.07,2111335241,1770,2021-11-09T11:05:00Z
2021-11-09,10000002,36,62.64,62.7,59.1,294689072,1286,2021-11-09T11:05:00Z
2021-11-09,10000002,37,109,109.8,98.17,235767152,1170,2021-11-09T11:05:00Z
2021-11-09,10000002,38,1015,1017,1009,23229379,843,2021-11-09T11:05:00Z
2021-11-09,10000002,39,780.3,846.5,776.5,16016885,849,2021-11-09T11:05:00Z
2021-11-09,10000002,40,555.7,576.5,552.5,11530848,721,2021-11-09T11:05:00Z
2021-11-09,10000002,11399,68580,68650,66870,961084,718,2021-11-09T11:05:00Z
2021-11-10,10000002,34,4.48,4.51,4.39,4668536384,1845,2021-11-11T11:04:36Z
2021-11-10,10000002,35,17.16,17.21,17.06,2530223064,1917,2021-11-11T11:04:36Z
2021-11-10,10000002,36,62.65,62.75,58.99,279561216,1341,2021-11-11T11:04:36Z
2021-11-10,10000002,37,107.7,109,105,226432348,1272,2021-11-11T11:04:36Z
2021-11-10,10000002,38,1012,1014,1009,29591256,1022,2021-11-11T11:04:36Z
2021-11-10,10000002,39,904.3,989.9,880,15612727,945,2021-11-11T11:04:36Z
2021-11-10,10000002,40,574,574.8,525.7,3636926,748,2021-11-11T11:04:36Z
2021-11-10,10000002,11399,65180,66830,64830,1029401,703,2021-11-11T11:04:36Z
2021-11-11,10000002,34,4.42,4.44,4.4,4852843812,1866,2021-11-11T11:04:36Z
2021-11-11,10000002,35,17.22,17.24,17.21,2078361938,1935,2021-11-11T11:04:36Z
2021-11-11,10000002,36,63.89,67.23,62.84,339434378,1364,2021-11-11T11:04:36Z
2021-11-11,10000002,37,105,105.5,101.8,112264519,1242,2021-11-11T11:04:36Z
2021-11-11,10000002,38,1016,1017,1015,31647283,972,2021-11-11T11:04:36Z
2021-11-11,10000002,39,1189,1200,1000,6260109,876,2021-11-11T11:04:36Z
2021-11-11,10000002,40,525,553.6,512.4,23413078,796,2021-11-11T11:04:36Z
2021-11-11,10000002,11399,62250,64750,59500,1306202,760,2021-11-11T11:04:36Z
2021-11-12,10000002,34,4.42,4.44,4.4,3035763487,1832,2021-11-13T11:01:37Z
2021-11-12,10000002,35,16.97,17.24,15.56,2071543025,1679,2021-11-13T11:01:37Z
2021-11-12,10000002,36,69,69.99,67.96,464536966,1294,2021-11-13T11:01:37Z
2021-11-12,10000002,37,104.7,105,101.9,179104419,1141,2021-11-13T11:01:37Z
2021-11-12,10000002,38,1012,1018,999.3,24613906,824,2021-11-13T11:01:37Z
2021-11-12,10000002,39,980.1,1068,956.9,14325459,841,2021-11-13T11:01:37Z
2021-11-12,10000002,40,568,569.9,566,5916758,717,2021-11-13T11:01:37Z
2021-11-12,10000002,11399,62000,63700,59990,824250,619,2021-11-13T11:01:37Z
2021-11-13,10000002,34,4.48,4.53,4.44,4189110022,1969,2021-11-14T11:01:37Z
2021-11-13,10000002,35,17.3,17.33,17.28,2093419457,1972,2021-11-14T11:01:37Z
2021-11-13,10000002,36,71.96,74.11,64.52,284823445,1359,2021-11-14T11:01:37Z
2021-11-13,10000002,37,66.5,66.5,66.5,1303023122,1347,2021-11-14T11:01:37Z
2021-11-13,10000002,38,1022,1024,1015,24471384,911,2021-11-14T11:01:37Z
2021-11-13,10000002,39,997.8,1000,965,11574335,857,2021-11-14T11:01:37Z
2021-11-13,10000002,40,564.6,564.6,564,4754113,757,2021-11-14T11:01:37Z
2021-11-13,10000002,11399,60170,63500,58300,1343909,747,2021-11-14T11:01:37Z
2021-11-14,10000002,34,4.41,4.48,4.28,5047397545,2279,2021-11-15T11:01:53Z
2021-11-14,10000002,35,17.28,17.3,17.25,1689883339,2014,2021-11-15T11:01:53Z
2021-11-14,10000002,36,69.73,69.8,67.48,340909090,1686,2021-11-15T11:01:53Z
2021-11-14,10000002,37,95.99,98.89,90,323532675,1498,2021-11-15T11:01:53Z
2021-11-14,10000002,38,1014,1018,1009,38200507,1180,2021-11-15T11:01:53Z
2021-11-14,10000002,39,991.9,996.3,986.9,11330158,1022,2021-11-15T11:01:53Z
2021-11-14,10000002,40,555.5,556,555,6788422,948,2021-11-15T11:01:53Z
2021-11-14,10000002,11399,62920,63500,62000,1015141,782,2021-11-15T11:01:53Z
2021-11-15,10000002,34,4.52,4.56,4.5,2883764512,1896,2021-11-16T11:04:26Z
2021-11-15,10000002,35,17.1,17.25,17,1812910267,1983,2021-11-16T11:04:26Z
2021-11-15,10000002,36,67.5,67.99,66.02,260675475,1409,2021-11-16T11:04:26Z
2021-11-15,10000002,37,99.48,99.83,98,138775257,1279,2021-11-16T11:04:26Z
2021-11-15,10000002,38,1015,1016,1014,20501434,1036,2021-11-16T11:04:26Z
2021-11-15,10000002,39,987.9,988.2,947.3,10660555,945,2021-11-16T11:04:26Z
2021-11-15,10000002,40,569.8,569.9,548,3722849,817,2021-11-16T11:04:26Z
2021-11-15,10000002,11399,63240,63340,59220,1058506,727,2021-11-16T11:04:26Z
2021-11-16,10000002,34,4.58,4.61,4.55,2837047232,1725,2021-11-16T11:04:26Z
2021-11-16,10000002,35,17.16,17.2,17.12,1151637722,1534,2021-11-16T11:04:26Z
2021-11-16,10000002,36,66.99,67.89,62.01,226848133,1238,2021-11-16T11:04:26Z
2021-11-16,10000002,37,98.98,99.88,94.52,120392806,1102,2021-11-16T11:04:26Z
2021-11-16,10000002,38,1005,1011,980,27255678,886,2021-11-16T11:04:26Z
2021-11-16,10000002,39,983.9,985.3,970,8504825,844,2021-11-16T11:04:26Z
2021-11-16,10000002,40,569.9,569.9,569.9,5805241,721,2021-11-16T11:04:26Z
2021-11-16,10000002,11399,60000,62870,58300,987442,608,2021-11-16T11:04:26Z
2021-11-17,10000002,34,4.63,4.66,4.47,2442700359,1709,2021-11-18T11:16:02Z
2021-11-17,10000002,35,17.08,17.12,15.51,3418934700,1762,2021-11-18T11:16:02Z
2021-11-17,10000002,36,66.49,67.18,61.61,266644159,1240,2021-11-18T11:16:02Z
2021-11-17,10000002,37,89,98.74,77,311685802,1198,2021-11-18T11:16:02Z
2021-11-17,10000002,38,1010,1012,981.1,22031937,911,2021-11-18T11:16:02Z
2021-11-17,10000002,39,976.7,981.7,968,7037414,874,2021-11-18T11:16:02Z
2021-11-17,10000002,40,574.7,577.6,573,6932278,794,2021-11-18T11:16:02Z
2021-11-17,10000002,11399,63300,63400,62820,753852,757,2021-11-18T11:16:02Z
2021-11-18,10000002,34,4.45,4.56,4.33,2441189445,1710,2021-11-18T11:16:02Z
2021-11-18,10000002,35,17.1,17.15,17.03,1394291932,1618,2021-11-18T11:16:02Z
2021-11-18,10000002,36,66.21,66.4,62.35,261421748,1237,2021-11-18T11:16:02Z
2021-11-18,10000002,37,98.69,98.75,98.67,171022438,1110,2021-11-18T11:16:02Z
2021-11-18,10000002,38,998.8,1003,980.6,24522165,888,2021-11-18T11:16:02Z
2021-11-18,10000002,39,983.8,989.4,913.8,11063894,841,2021-11-18T11:16:02Z
2021-11-18,10000002,40,573,573,573,7688229,777,2021-11-18T11:16:02Z
2021-11-18,10000002,11399,62500,64000,60160,798676,717,2021-11-18T11:16:02Z
2021-11-19,10000002,34,4.43,4.44,4.41,3913848214,1900,2021-11-20T11:01:35Z
2021-11-19,10000002,35,17.04,17.12,17.02,2102410478,1800,2021-11-20T11:01:35Z
2021-11-19,10000002,36,65.57,65.6,65.53,258177584,1332,2021-11-20T11:01:35Z
2021-11-19,10000002,37,98.74,98.75,98.72,286840829,1217,2021-11-20T11:01:35Z
2021-11-19,10000002,38,1001,1003,999.8,21492225,907,2021-11-20T11:01:35Z
2021-11-19,10000002,39,989.2,989.4,988.7,7418108,867,2021-11-20T11:01:35Z
2021-11-19,10000002,40,585,588.9,580.9,8670776,801,2021-11-20T11:01:35Z
2021-11-19,10000002,11399,62700,65000,62440,1143373,770,2021-11-20T11:01:35Z
2021-11-20,10000002,34,4.47,4.52,4.35,2901674227,1893,2021-11-21T11:01:46Z
2021-11-20,10000002,35,17.2,17.34,17.18,2739349882,1834,2021-11-21T11:01:46Z
2021-11-20,10000002,36,65.2,65.5,62.63,312891171,1432,2021-11-21T11:01:46Z
2021-11-20,10000002,37,101.3,101.5,99.8,196948614,1210,2021-11-21T11:01:46Z
2021-11-20,10000002,38,1008,1010,1006,19096122,924,2021-11-21T11:01:46Z
2021-11-20,10000002,39,989.5,989.5,989.4,8238181,833,2021-11-21T11:01:46Z
2021-11-20,10000002,40,588.9,588.9,588.9,4741241,762,2021-11-21T11:01:46Z
2021-11-20,10000002,11399,65760,65910,61500,779552,702,2021-11-21T11:01:46Z
2021-11-21,10000002,34,4.55,4.64,4.47,3071956301,2119,2021-11-22T11:03:24Z
2021-11-21,10000002,35,16.98,17.18,16.86,2163282695,1895,2021-11-22T11:03:24Z
2021-11-21,10000002,36,62.46,65.51,59.68,343213971,1540,2021-11-22T11:03:24Z
2021-11-21,10000002,37,104.9,104.9,104.9,275763707,1376,2021-11-22T11:03:24Z
2021-11-21,10000002,38,1009,1011,1006,18940999,1066,2021-11-22T11:03:24Z
2021-11-21,10000002,39,991.7,1000,989.6,19046538,1010,2021-11-22T11:03:24Z
2021-11-21,10000002,40,589,589,589,3864536,899,2021-11-22T11:03:24Z
2021-11-21,10000002,11399,63890,64980,61390,1170454,686,2021-11-22T11:03:24Z
2021-11-23,10000002,34,4.5,4.6,4.39,2989428877,1648,2021-11-23T11:05:54Z
2021-11-23,10000002,35,17.2,17.33,17.1,1601475805,1704,2021-11-23T11:05:54Z
2021-11-23,10000002,36,64.53,65.68,60.55,204355232,1172,2021-11-23T11:05:54Z
2021-11-23,10000002,37,118.8,119.2,115.9,133611075,1082,2021-11-23T11:05:54Z
2021-11-23,10000002,38,1025,1032,974.2,22915139,894,2021-11-23T11:05:54Z
2021-11-23,10000002,39,972.3,1089,925,7677136,820,2021-11-23T11:05:54Z
2021-11-23,10000002,40,582.3,585,573.2,5396409,753,2021-11-23T11:05:54Z
2021-11-23,10000002,11399,60660,62000,59930,1071261,745,2021-11-23T11:05:54Z
2021-11-24,10000002,34,4.47,4.57,4.24,3922988863,1709,2021-11-25T11:10:39Z
2021-11-24,10000002,35,17.35,17.4,17.31,1669334532,1667,2021-11-25T11:10:39Z
2021-11-24,10000002,36,62.37,63.9,60.51,284635290,1258,2021-11-25T11:10:39Z
2021-11-24,10000002,37,124.5,125.9,109.1,165954520,1105,2021-11-25T11:10:39Z
2021-11-24,10000002,38,1010,1016,935.2,18073349,845,2021-11-25T11:10:39Z
2021-11-24,10000002,39,950,996.7,913,7272853,835,2021-11-25T11:10:39Z
2021-11-24,10000002,40,555.6,570.1,552.5,8549628,706,2021-11-25T11:10:39Z
2021-11-24,10000002,11399,61380,61420,56000,700408,650,2021-11-25T11:10:39Z
2021-11-25,10000002,34,4.45,4.6,4.24,4482832987,1656,2021-11-25T11:10:39Z
2021-11-25,10000002,35,17.38,17.39,17.36,1810742292,1704,2021-11-25T11:10:39Z
2021-11-25,10000002,36,63.9,65.17,60,275693010,1225,2021-11-25T11:10:39Z
2021-11-25,10000002,37,123.1,124.8,115.8,169039474,1072,2021-11-25T11:10:39Z
2021-11-25,10000002,38,1007,1019,1002,17986996,808,2021-11-25T11:10:39Z
2021-11-25,10000002,39,996.2,996.3,950,10810485,807,2021-11-25T11:10:39Z
2021-11-25,10000002,40,577.8,583.7,577.5,7923171,768,2021-11-25T11:10:39Z
2021-11-25,10000002,11399,60830,60950,58250,842258,699,2021-11-25T11:10:39Z
2021-11-26,10000002,34,4.57,4.73,4.51,3932618631,2027,2021-11-27T11:01:40Z
2021-11-26,10000002,35,17.39,17.7,17.38,2534072965,2033,2021-11-27T11:01:40Z
2021-11-26,10000002,36,65.11,65.3,63.9,360870996,1483,2021-11-27T11:01:40Z
2021-11-26,10000002,37,125.9,126.4,120.1,188239026,1299,2021-11-27T11:01:40Z
2021-11-26,10000002,38,1021,1034,1019,26323653,1064,2021-11-27T11:01:40Z
2021-11-26,10000002,39,1030,1098,996,10701831,938,2021-11-27T11:01:40Z
2021-11-26,10000002,40,579.5,579.5,579.5,4443951,839,2021-11-27T11:01:40Z
2021-11-26,10000002,11399,59200,60450,59070,946455,710,2021-11-27T11:01:40Z
2021-11-27,10000002,34,4.62,4.73,4.51,4030718192,2030,2021-11-27T11:01:40Z
2021-11-27,10000002,35,17.54,17.75,17.29,1946981661,2168,2021-11-27T11:01:40Z
2021-11-27,10000002,36,65.47,65.53,62.27,203769215,1488,2021-11-27T11:01:40Z
2021-11-27,10000002,37,118.4,126.8,110.9,249068527,1378,2021-11-27T11:01:40Z
2021-11-27,10000002,38,1086,1090,1069,16444460,1023,2021-11-27T11:01:40Z
2021-11-27,10000002,39,1148,1152,1100,7674659,962,2021-11-27T11:01:40Z
2021-11-27,10000002,40,552.5,552.5,552.5,13738035,900,2021-11-27T11:01:40Z
2021-11-27,10000002,11399,60970,61740,58700,1076578,778,2021-11-27T11:01:40Z
2021-11-28,10000002,34,4.5,4.69,4.48,2749953672,2003,2021-11-29T11:03:33Z
2021-11-28,10000002,35,17.37,17.47,17.22,1915154260,2015,2021-11-29T11:03:33Z
2021-11-28,10000002,36,64.81,65,62.26,278198190,1472,2021-11-29T11:03:33Z
2021-11-28,10000002,37,120.4,123.4,110.7,175023513,1312,2021-11-29T11:03:33Z
2021-11-28,10000002,38,1053,1063,1038,23473011,1045,2021-11-29T11:03:33Z
2021-11-28,10000002,39,1061,1090,986.8,10679331,936,2021-11-29T11:03:33Z
2021-11-28,10000002,40,555.3,558.2,552.8,10663201,846,2021-11-29T11:03:33Z
2021-11-28,10000002,11399,61450,61480,59800,601169,821,2021-11-29T11:03:33Z
2021-11-29,10000002,34,4.45,4.47,4.4,2532899554,1748,2021-11-29T11:03:33Z
2021-11-29,10000002,35,17.4,17.54,17.3,1779179727,1947,2021-11-29T11:03:33Z
2021-11-29,10000002,36,64.49,64.98,63.8,254389609,1360,2021-11-29T11:03:33Z
2021-11-29,10000002,37,120.9,120.9,120.9,117341877,1208,2021-11-29T11:03:33Z
2021-11-29,10000002,38,1058,1063,1006,26629056,962,2021-11-29T11:03:33Z
2021-11-29,10000002,39,953.2,1051,952.9,15667336,944,2021-11-29T11:03:33Z
2021-11-29,10000002,40,552.9,557.5,531.4,16378932,857,2021-11-29T11:03:33Z
2021-11-29,10000002,11399,59050,61800,58920,1156245,824,2021-11-29T11:03:33Z
2021-11-30,10000002,34,4.52,4.6,4.48,2164266571,1645,2021-12-01T11:01:44Z
2021-11-30,10000002,35,17.5,17.53,17.46,1473726881,1584,2021-12-01T11:01:44Z
2021-11-30,10000002,36,64.21,64.25,63,188701169,1241,2021-12-01T11:01:44Z
2021-11-30,10000002,37,120.7,120.8,117.6,114020447,1126,2021-12-01T11:01:44Z
2021-11-30,10000002,38,1047,1059,1035,16661539,905,2021-12-01T11:01:44Z
2021-11-30,10000002,39,1049,1055,934.7,4989482,835,2021-12-01T11:01:44Z
2021-11-30,10000002,40,580.9,580.9,580.9,2899267,706,2021-12-01T11:01:44Z
2021-11-30,10000002,11399,64760,64830,62430,762894,738,2021-12-01T11:01:44Z
2021-12-01,10000002,34,4.61,4.86,4.53,3008552990,1752,2021-12-02T11:01:44Z
2021-12-01,10000002,35,17.41,17.48,17.36,1193965967,1501,2021-12-02T11:01:44Z
2021-12-01,10000002,36,63.93,63.95,63.8,249479844,1237,2021-12-02T11:01:44Z
2021-12-01,10000002,37,117.8,122.6,117.7,172098086,1113,2021-12-02T11:01:44Z
2021-12-01,10000002,38,1052,1052,1051,25859350,870,2021-12-02T11:01:44Z
2021-12-01,10000002,39,954.7,1050,946.1,11854594,847,2021-12-02T11:01:44Z
2021-12-01,10000002,40,580.9,580.9,580.9,7364679,704,2021-12-02T11:01:44Z
2021-12-01,10000002,11399,63960,64500,60590,1097590,777,2021-12-02T11:01:44Z
2021-12-02,10000002,34,4.66,4.78,4.51,3488375267,1564,2021-12-03T11:01:45Z
2021-12-02,10000002,35,17.41,17.48,17.21,1895808228,1722,2021-12-03T11:01:45Z
2021-12-02,10000002,36,63.98,64.14,63.76,265632143,1198,2021-12-03T11:01:45Z
2021-12-02,10000002,37,120.9,123.6,116.3,119120144,1057,2021-12-03T11:01:45Z
2021-12-02,10000002,38,1106,1128,1085,25070750,841,2021-12-03T11:01:45Z
2021-12-02,10000002,39,1047,1051,1045,11438950,789,2021-12-03T11:01:45Z
2021-12-02,10000002,40,579.6,581,554.9,6123846,665,2021-12-03T11:01:45Z
2021-12-02,10000002,11399,64310,64410,59730,913701,669,2021-12-03T11:01:45Z
2021-12-03,10000002,34,4.63,4.67,4.53,2472790230,1608,2021-12-03T11:01:45Z
2021-12-03,10000002,35,17.47,17.5,17.32,1254412756,1615,2021-12-03T11:01:45Z
2021-12-03,10000002,36,64.17,64.23,64.15,244422224,1186,2021-12-03T11:01:45Z
2021-12-03,10000002,37,123.9,123.9,123.8,121813519,1018,2021-12-03T11:01:45Z
2021-12-03,10000002,38,1139,1170,1114,15063221,775,2021-12-03T11:01:45Z
2021-12-03,10000002,39,1037,1043,977.9,10914243,805,2021-12-03T11:01:45Z
2021-12-03,10000002,40,579.4,579.6,568.9,4382171,661,2021-12-03T11:01:45Z
2021-12-03,10000002,11399,63990,64300,61340,832919,676,2021-12-03T11:01:45Z
2021-12-04,10000002,34,4.63,4.77,4.4,5660093086,2020,2021-12-05T11:01:33Z
2021-12-04,10000002,35,17.29,17.45,17.15,1741205277,1925,2021-12-05T11:01:33Z
2021-12-04,10000002,36,64.2,64.5,63.1,372565080,1530,2021-12-05T11:01:33Z
2021-12-04,10000002,37,123.9,124.7,123,253508996,1310,2021-12-05T11:01:33Z
2021-12-04,10000002,38,1111,1124,1053,23342642,1015,2021-12-05T11:01:33Z
2021-12-04,10000002,39,1036,1043,971,12276001,1006,2021-12-05T11:01:33Z
2021-12-04,10000002,40,578.4,578.4,578.3,5929047,831,2021-12-05T11:01:33Z
2021-12-04,10000002,11399,64380,64440,62200,712366,763,2021-12-05T11:01:33Z
2021-12-05,10000002,34,4.75,4.81,4.67,2594540263,2119,2021-12-06T11:01:46Z
2021-12-05,10000002,35,17.38,17.44,17.22,1720420170,2112,2021-12-06T11:01:46Z
2021-12-05,10000002,36,64.6,65.03,63.89,361394541,1542,2021-12-06T11:01:46Z
2021-12-05,10000002,37,115.5,120,114.5,290848347,1366,2021-12-06T11:01:46Z
2021-12-05,10000002,38,1105,1113,1080,25088752,1043,2021-12-06T11:01:46Z
2021-12-05,10000002,39,1029,1036,930.6,8619611,991,2021-12-06T11:01:46Z
2021-12-05,10000002,40,578.7,578.8,578.5,5923600,900,2021-12-06T11:01:46Z
2021-12-05,10000002,11399,64460,64810,62920,1236722,905,2021-12-06T11:01:46Z
2021-12-06,10000002,34,4.57,4.59,4.47,1778013085,1739,2021-12-07T12:11:28Z
2021-12-06,10000002,35,17.14,17.39,15.91,1869754146,1614,2021-12-07T12:11:28Z
2021-12-06,10000002,36,63.79,64.84,63.77,317364385,1298,2021-12-07T12:11:28Z
2021-12-06,10000002,37,99.8,118.1,99.74,160297337,1144,2021-12-07T12:11:28Z
2021-12-06,10000002,38,1088,1095,1079,16060862,876,2021-12-07T12:11:28Z
2021-12-06,10000002,39,1017,1025,998.7,7701799,822,2021-12-07T12:11:28Z
2021-12-06,10000002,40,578.7,578.9,578.6,2864059,696,2021-12-07T12:11:28Z
2021-12-06,10000002,11399,64800,65150,60070,789773,702,2021-12-07T12:11:28Z
2021-12-07,10000002,34,4.6,4.65,4.53,3998149274,1886,2021-12-07T12:11:28Z
2021-12-07,10000002,35,16.95,17,16.83,1352915257,1783,2021-12-07T12:11:28Z
2021-12-07,10000002,36,63.01,64.93,62.94,283380844,1433,2021-12-07T12:11:28Z
2021-12-07,10000002,37,96.3,112.4,95,281841870,1364,2021-12-07T12:11:28Z
2021-12-07,10000002,38,1087,1093,1077,42587741,1318,2021-12-07T12:11:28Z
2021-12-07,10000002,39,1006,1010,935,7590999,1018,2021-12-07T12:11:28Z
2021-12-07,10000002,40,577.9,579.5,571.1,10505401,967,2021-12-07T12:11:28Z
2021-12-07,10000002,11399,60010,64500,56100,1207869,738,2021-12-07T12:11:28Z
2021-12-08,10000002,34,4.69,4.71,4.68,5680562321,1982,2021-12-09T11:10:00Z
2021-12-08,10000002,35,16.93,16.95,16.61,1946163953,1746,2021-12-09T11:10:00Z
2021-12-08,10000002,36,65.08,65.74,63,662779377,1537,2021-12-09T11:10:00Z
2021-12-08,10000002,37,113.1,113.3,112.7,248328209,1336,2021-12-09T11:10:00Z
2021-12-08,10000002,38,1112,1113,1102,29935518,1165,2021-12-09T11:10:00Z
2021-12-08,10000002,39,1014,1029,1007,9995956,1045,2021-12-09T11:10:00Z
2021-12-08,10000002,40,570.4,578.8,553,12302022,977,2021-12-09T11:10:00Z
2021-12-08,10000002,11399,58460,59140,55070,901803,886,2021-12-09T11:10:00Z
2021-12-09,10000002,34,4.8,4.83,4.73,3070502453,1981,2021-12-09T11:10:00Z
2021-12-09,10000002,35,16.92,16.99,15.56,1568359860,1668,2021-12-09T11:10:00Z
2021-12-09,10000002,36,69.7,69.73,65.9,311862963,1358,2021-12-09T11:10:00Z
2021-12-09,10000002,37,96.11,111.9,93.34,340724011,1347,2021-12-09T11:10:00Z
2021-12-09,10000002,38,1164,1165,1162,23333390,1051,2021-12-09T11:10:00Z
2021-12-09,10000002,39,1038,1040,1031,6391693,983,2021-12-09T11:10:00Z
2021-12-09,10000002,40,581.5,581.6,580,5099839,871,2021-12-09T11:10:00Z
2021-12-09,10000002,11399,57930,58800,53260,1274951,796,2021-12-09T11:10:00Z
2021-12-10,10000002,34,4.84,4.9,4.79,3156631332,1782,2021-12-11T11:01:37Z
2021-12-10,10000002,35,17,17.11,16.61,1753420587,1567,2021-12-11T11:01:37Z
2021-12-10,10000002,36,67.94,69.68,64.08,243296882,1189,2021-12-11T11:01:37Z
2021-12-10,10000002,37,105.1,107.8,92.02,392796520,1166,2021-12-11T11:01:37Z
2021-12-10,10000002,38,1213,1315,1167,28001634,925,2021-12-11T11:01:37Z
2021-12-10,10000002,39,1090,1140,1086,8895034,868,2021-12-11T11:01:37Z
2021-12-10,10000002,40,573.2,573.4,553.2,6063515,761,2021-12-11T11:01:37Z
2021-12-10,10000002,11399,58270,58320,52560,1322503,842,2021-12-11T11:01:37Z
2021-12-11,10000002,34,4.75,4.93,4.46,3073953324,2306,2021-12-11T11:01:37Z
2021-12-11,10000002,35,17.12,17.16,15.24,1907809911,1894,2021-12-11T11:01:37Z
2021-12-11,10000002,36,67.89,67.93,64.24,265408085,1554,2021-12-11T11:01:37Z
2021-12-11,10000002,37,93.5,107,84,343827703,1505,2021-12-11T11:01:37Z
2021-12-11,10000002,38,1286,1309,1250,24077613,1198,2021-12-11T11:01:37Z
2021-12-11,10000002,39,1050,1154,983.6,16103845,1075,2021-12-11T11:01:37Z
2021-12-11,10000002,40,590,639.7,582,7056383,905,2021-12-11T11:01:37Z
2021-12-11,10000002,11399,52660,56940,52000,1411583,976,2021-12-11T11:01:37Z
2021-12-12,10000002,34,4.69,4.74,4.64,3157264671,2242,2021-12-13T11:01:40Z
2021-12-12,10000002,35,17,17.15,16.69,1705581778,2078,2021-12-13T11:01:40Z
2021-12-12,10000002,36,66.42,67.71,64.31,251173608,1506,2021-12-13T11:01:40Z
2021-12-12,10000002,37,107.1,107.9,100.4,244563200,1410,2021-12-13T11:01:40Z
2021-12-12,10000002,38,1238,1246,1185,31372784,1202,2021-12-13T11:01:40Z
2021-12-12,10000002,39,1099,1128,1016,9067084,1051,2021-12-13T11:01:40Z
2021-12-12,10000002,40,649.9,652.9,607.1,5379670,984,2021-12-13T11:01:40Z
2021-12-12,10000002,11399,51700,55800,49240,1678642,1217,2021-12-13T11:01:40Z
2021-12-13,10000002,34,4.9,4.95,4.55,4218900536,2015,2021-12-14T11:04:57Z
2021-12-13,10000002,35,16.99,17.07,16.73,1667281339,1880,2021-12-14T11:04:57Z
2021-12-13,10000002,36,66.49,67.72,66.34,244948295,1317,2021-12-14T11:04:57Z
2021-12-13,10000002,37,109,110.3,100.9,315966927,1226,2021-12-14T11:04:57Z
2021-12-13,10000002,38,1243,1245,1241,20790424,1092,2021-12-14T11:04:57Z
2021-12-13,10000002,39,1051,1051,1050,7954710,1008,2021-12-14T11:04:57Z
2021-12-13,10000002,40,654,654,654,16581517,853,2021-12-14T11:04:57Z
2021-12-13,10000002,11399,53410,55690,51000,1084211,944,2021-12-14T11:04:57Z
2021-12-14,10000002,34,4.91,4.98,4.86,4932629525,2184,2021-12-14T11:04:57Z
2021-12-14,10000002,35,16.99,17.09,16.72,2203815416,1983,2021-12-14T11:04:57Z
2021-12-14,10000002,36,69.51,69.6,65.01,332942585,1527,2021-12-14T11:04:57Z
2021-12-14,10000002,37,112.9,113.5,111.2,444809869,1393,2021-12-14T11:04:57Z
2021-12-14,10000002,38,1231,1238,1220,27837856,1129,2021-12-14T11:04:57Z
2021-12-14,10000002,39,1087,1097,982.5,21333078,1011,2021-12-14T11:04:57Z
2021-12-14,10000002,40,827.3,841,770,5360968,930,2021-12-14T11:04:57Z
2021-12-14,10000002,11399,53060,56030,49340,1589946,1005,2021-12-14T11:04:57Z
2021-12-15,10000002,34,5.09,5.2,4.8,2733568700,2034,2021-12-15T11:04:14Z
2021-12-15,10000002,35,16.98,17.07,16.7,1832792949,1740,2021-12-15T11:04:14Z
2021-12-15,10000002,36,67.97,68,64.06,295462948,1446,2021-12-15T11:04:14Z
2021-12-15,10000002,37,115,115.8,114,465805504,1338,2021-12-15T11:04:14Z
2021-12-15,10000002,38,1214,1221,1130,40507338,1146,2021-12-15T11:04:14Z
2021-12-15,10000002,39,1084,1086,991,13587453,958,2021-12-15T11:04:14Z
2021-12-15,10000002,40,701.2,818.1,696,8903575,928,2021-12-15T11:04:14Z
2021-12-15,10000002,11399,53000,56960,51370,879640,854,2021-12-15T11:04:14Z
2021-12-16,10000002,34,5.12,5.19,4.89,2990348767,1954,2021-12-17T11:07:17Z
2021-12-16,10000002,35,16.99,17.12,16.97,1286143024,1640,2021-12-17T11:07:17Z
2021-12-16,10000002,36,68.8,68.86,68.5,321639934,1362,2021-12-17T11:07:17Z
2021-12-16,10000002,37,117.2,119.8,110.1,245552451,1235,2021-12-17T11:07:17Z
2021-12-16,10000002,38,1203,1207,1198,23179275,1034,2021-12-17T11:07:17Z
2021-12-16,10000002,39,1064,1084,986.7,11550615,947,2021-12-17T11:07:17Z
2021-12-16,10000002,40,809.9,816.9,710,4194981,817,2021-12-17T11:07:17Z
2021-12-16,10000002,11399,55000,56990,52050,1353336,918,2021-12-17T11:07:17Z
2021-12-17,10000002,34,5.14,5.82,5.11,3274355265,1881,2021-12-17T11:07:17Z
2021-12-17,10000002,35,17.09,17.1,16.81,1234836055,1544,2021-12-17T11:07:17Z
2021-12-17,10000002,36,64.82,68.86,64.58,290780975,1242,2021-12-17T11:07:17Z
2021-12-17,10000002,37,120,120,120,200251531,1135,2021-12-17T11:07:17Z
2021-12-17,10000002,38,1184,1192,1133,23496442,980,2021-12-17T11:07:17Z
2021-12-17,10000002,39,1062,1069,998.8,13543128,894,2021-12-17T11:07:17Z
2021-12-17,10000002,40,676.1,763.8,645.2,9552750,804,2021-12-17T11:07:17Z
2021-12-17,10000002,11399,55500,57320,52590,1070372,874,2021-12-17T11:07:17Z
2021-12-18,10000002,34,5.19,5.44,5.08,2791372805,2144,2021-12-19T11:01:38Z
2021-12-18,10000002,35,17.08,17.17,16.73,1800308585,1934,2021-12-19T11:01:38Z
2021-12-18,10000002,36,68.98,69.63,64.46,262589449,1461,2021-12-19T11:01:38Z
2021-12-18,10000002,37,119.9,120,119.2,157783731,1315,2021-12-19T11:01:38Z
2021-12-18,10000002,38,1187,1204,1152,28953133,1205,2021-12-19T11:01:38Z
2021-12-18,10000002,39,1080,1083,999.9,6913744,984,2021-12-19T11:01:38Z
2021-12-18,10000002,40,762.5,762.8,759.7,2759682,877,2021-12-19T11:01:38Z
2021-12-18,10000002,11399,55100,57080,53300,1371240,1029,2021-12-19T11:01:38Z
2021-12-19,10000002,34,5.51,6,5.06,13031717015,2451,2021-12-20T11:01:43Z
2021-12-19,10000002,35,17,17.17,16.72,1997796142,2115,2021-12-20T11:01:43Z
2021-12-19,10000002,36,69.24,74.4,66.1,502492898,1690,2021-12-20T11:01:43Z
2021-12-19,10000002,37,122,122.5,116.7,303437566,1440,2021-12-20T11:01:43Z
2021-12-19,10000002,38,1216,1220,1207,28330811,1153,2021-12-20T11:01:43Z
2021-12-19,10000002,39,1062,1075,1003,12154498,1028,2021-12-20T11:01:43Z
2021-12-19,10000002,40,754.2,757.8,678.1,7779290,922,2021-12-20T11:01:43Z
2021-12-19,10000002,11399,56640,56900,54020,1783465,1043,2021-12-20T11:01:43Z
2021-12-20,10000002,34,5.17,5.2,5.04,4964525477,1836,2021-12-20T11:01:43Z
2021-12-20,10000002,35,16.88,17.05,16.74,3195234651,2090,2021-12-20T11:01:43Z
2021-12-20,10000002,36,68.03,73.49,65.17,368838647,1300,2021-12-20T11:01:43Z
2021-12-20,10000002,37,123,124,122.1,450076311,1128,2021-12-20T11:01:43Z
2021-12-20,10000002,38,1223,1226,1142,20916039,997,2021-12-20T11:01:43Z
2021-12-20,10000002,39,937.5,1034,912,21399578,919,2021-12-20T11:01:43Z
2021-12-20,10000002,40,676,727.8,668,12689310,777,2021-12-20T11:01:43Z
2021-12-20,10000002,11399,53390,53910,53000,1307650,896,2021-12-20T11:01:43Z
2021-12-21,10000002,34,5.16,5.35,5.04,3957153916,1971,2021-12-22T11:01:37Z
2021-12-21,10000002,35,16.99,17.03,16.9,2085359960,1918,2021-12-22T11:01:37Z
2021-12-21,10000002,36,72.98,73.4,66.36,314769629,1396,2021-12-22T11:01:37Z
2021-12-21,10000002,37,125,126,121.1,441737047,1314,2021-12-22T11:01:37Z
2021-12-21,10000002,38,1258,1299,1248,39052139,1083,2021-12-22T11:01:37Z
2021-12-21,10000002,39,1029,1035,998.9,7377320,879,2021-12-22T11:01:37Z
2021-12-21,10000002,40,724.9,728.5,724.7,14029160,826,2021-12-22T11:01:37Z
2021-12-21,10000002,11399,53490,53610,50300,1184365,968,2021-12-22T11:01:37Z
2021-12-22,10000002,34,5.08,5.12,4.92,2328019582,1862,2021-12-22T11:01:37Z
2021-12-22,10000002,35,16.88,16.9,16.85,1796875298,2080,2021-12-22T11:01:37Z
2021-12-22,10000002,36,67.96,68.1,66.11,254726795,1383,2021-12-22T11:01:37Z
2021-12-22,10000002,37,122,126.1,121,182408885,1210,2021-12-23T11:01:34Z
2021-12-22,10000002,38,1370,1375,1300,19077297,1026,2021-12-22T11:01:37Z
2021-12-22,10000002,39,1013,1013,1013,9252919,874,2021-12-22T11:01:37Z
2021-12-22,10000002,40,728.2,728.3,727.7,4067616,730,2021-12-22T11:01:37Z
2021-12-22,10000002,11399,53610,54000,53100,1125635,980,2021-12-22T11:01:37Z
2021-12-23,10000002,34,4.93,5,4.75,4657832186,1893,2021-12-24T11:01:53Z
2021-12-23,10000002,35,16.89,16.91,16.83,1453266755,2062,2021-12-24T11:01:53Z
2021-12-23,10000002,36,70.63,72,65.51,361027122,1397,2021-12-24T11:01:53Z
2021-12-23,10000002,37,125,125.7,118,319623052,1264,2021-12-24T11:01:53Z
2021-12-23,10000002,38,1342,1364,1279,25049436,1094,2021-12-24T11:01:53Z
2021-12-23,10000002,39,1012,1016,947,11601834,935,2021-12-24T11:01:53Z
2021-12-23,10000002,40,645,728.1,640.7,15078056,872,2021-12-24T11:01:53Z
2021-12-23,10000002,11399,54790,54880,53550,1111027,898,2021-12-24T11:01:53Z
2021-12-24,10000002,34,4.86,4.88,4.7,2076273924,1769,2021-12-25T11:19:04Z
2021-12-24,10000002,35,16.75,16.76,16.67,1308220463,1702,2021-12-25T11:19:04Z
2021-12-24,10000002,36,70.5,70.89,68.9,263676136,1260,2021-12-25T11:19:04Z
2021-12-24,10000002,37,118.9,125,116.7,339540311,1137,2021-12-25T11:19:04Z
2021-12-24,10000002,38,1342,1358,1304,17343636,917,2021-12-25T11:19:04Z
2021-12-24,10000002,39,950.1,1007,950,10565764,775,2021-12-25T11:19:04Z
2021-12-24,10000002,40,724.1,727,722.2,3273101,718,2021-12-25T11:19:04Z
2021-12-24,10000002,11399,53240,55500,52430,823446,773,2021-12-25T11:19:04Z
2021-12-25,10000002,34,4.84,4.85,4.7,2153953678,1743,2021-12-25T11:19:04Z
2021-12-25,10000002,35,16.72,16.75,16.56,1596567867,1643,2021-12-25T11:19:04Z
2021-12-25,10000002,36,70.5,70.71,70.39,243010862,1251,2021-12-25T11:19:04Z
2021-12-25,10000002,37,125.7,125.7,125,107313212,1068,2021-12-25T11:19:04Z
2021-12-25,10000002,38,1329,1331,1320,21231768,928,2021-12-25T11:19:04Z
2021-12-25,10000002,39,1003,1005,1002,7037994,826,2021-12-25T11:19:04Z
2021-12-25,10000002,40,721.8,722.9,720.5,3244862,725,2021-12-25T11:19:04Z
2021-12-25,10000002,11399,53440,54330,53000,898231,739,2021-12-25T11:19:04Z
2021-12-26,10000002,34,4.91,5,4.86,3010581164,2102,2021-12-27T11:01:46Z
2021-12-26,10000002,35,16.67,16.68,16.64,1574740055,2044,2021-12-27T11:01:46Z
2021-12-26,10000002,36,70.5,70.88,69.99,320948492,1489,2021-12-27T11:01:46Z
2021-12-26,10000002,37,117,125,113,487330503,1361,2021-12-27T11:01:46Z
2021-12-26,10000002,38,1360,1376,1339,35244849,1165,2021-12-27T11:01:46Z
2021-12-26,10000002,39,1003,1005,1003,9459309,1002,2021-12-27T11:01:46Z
2021-12-26,10000002,40,719.5,720.3,674.3,4476495,878,2021-12-27T11:01:46Z
2021-12-26,10000002,11399,52790,53000,49320,1199526,889,2021-12-27T11:01:46Z
2021-12-27,10000002,34,5.01,5.05,4.87,3055634294,1849,2021-12-27T11:01:46Z
2021-12-27,10000002,35,16.69,16.75,16.67,2236806052,1865,2021-12-27T11:01:46Z
2021-12-27,10000002,36,70,70.94,67.71,342533980,1332,2021-12-27T11:01:46Z
2021-12-27,10000002,37,124,124,124,160562611,1167,2021-12-27T11:01:46Z
2021-12-27,10000002,38,1406,1707,1402,20104245,997,2021-12-27T11:01:46Z
2021-12-27,10000002,39,1008,1008,1008,9351121,851,2021-12-27T11:01:46Z
2021-12-27,10000002,40,714,719,711.9,6842690,724,2021-12-27T11:01:46Z
2021-12-27,10000002,11399,52850,53900,50040,828832,840,2021-12-27T11:01:46Z
2021-12-28,10000002,34,4.84,4.92,4.67,3626673517,1907,2021-12-29T11:02:43Z
2021-12-28,10000002,35,16.68,16.7,16.6,1694485789,1857,2021-12-29T11:02:43Z
2021-12-28,10000002,36,69.99,70.86,67,215026124,1236,2021-12-29T11:02:43Z
2021-12-28,10000002,37,118,123.8,114.3,238429074,1216,2021-12-29T11:02:43Z
2021-12-28,10000002,38,1410,1444,1309,19442769,956,2021-12-29T11:02:43Z
2021-12-28,10000002,39,1018,1018,1018,10275940,874,2021-12-29T11:02:43Z
2021-12-28,10000002,40,719,719,719,7161260,769,2021-12-29T11:02:43Z
2021-12-28,10000002,11399,51620,55890,50780,997676,821,2021-12-29T11:02:43Z
2021-12-29,10000002,34,4.94,4.97,4.75,2292452507,2032,2021-12-29T11:02:43Z
2021-12-29,10000002,35,16.63,16.65,16.59,2231242198,2028,2021-12-29T11:02:43Z
2021-12-29,10000002,36,70,70.89,66.9,293617528,1379,2021-12-29T11:02:43Z
2021-12-29,10000002,37,111,116.9,110,445078933,1268,2021-12-29T11:02:43Z
2021-12-29,10000002,38,1371,1403,1347,19548620,1006,2021-12-29T11:02:43Z
2021-12-29,10000002,39,1035,1035,1034,6037278,899,2021-12-29T11:02:43Z
2021-12-29,10000002,40,718.5,719,685.7,6778694,798,2021-12-29T11:02:43Z
2021-12-29,10000002,11399,52230,54000,50890,925226,969,2021-12-29T11:02:43Z
2021-12-30,10000002,34,4.9,4.97,4.61,3153266823,1966,2021-12-31T11:01:48Z
2021-12-30,10000002,35,16.5,16.59,16,1773595195,1969,2021-12-31T11:01:48Z
2021-12-30,10000002,36,69.99,71.85,67.11,294318514,1291,2021-12-31T11:01:48Z
2021-12-30,10000002,37,124,124,123.9,165824501,1142,2021-12-31T11:01:48Z
2021-12-30,10000002,38,1353,1368,1351,23792721,943,2021-12-31T11:01:48Z
2021-12-30,10000002,39,1038,1040,1024,9406527,960,2021-12-31T11:01:48Z
2021-12-30,10000002,40,718.5,719,714.4,6862404,824,2021-12-31T11:01:48Z
2021-12-30,10000002,11399,53290,53990,50590,1355097,844,2021-12-31T11:01:48Z
2021-12-31,10000002,34,4.97,4.98,4.9,2322154278,1746,2022-01-01T11:01:45Z
2021-12-31,10000002,35,16.52,16.64,16.14,1347671238,1650,2022-01-01T11:01:45Z
2021-12-31,10000002,36,70.4,70.92,67.21,223891860,1136,2022-01-01T11:01:45Z
2021-12-31,10000002,37,123.5,123.8,121.9,132546816,1064,2022-01-01T11:01:45Z
2021-12-31,10000002,38,1401,1416,1396,21253976,865,2022-01-01T11:01:45Z
2021-12-31,10000002,39,1050,1053,1045,9098877,811,2022-01-01T11:01:45Z
2021-12-31,10000002,40,718.5,719,708.3,6666779,726,2022-01-01T11:01:45Z
2021-12-31,10000002,11399,54990,55460,53000,980741,768,2022-01-01T11:01:45Z
2022-01-01,10000002,34,4.93,4.95,4.9,2406383749,1760,2022-01-02T11:01:43Z
2022-01-01,10000002,35,16.39,16.47,15.88,1894914581,1769,2022-01-02T11:01:43Z
2022-01-01,10000002,36,71,75.02,70.01,360514048,1269,2022-01-02T11:01:43Z
2022-01-01,10000002,37,121.9,121.9,121.8,235446718,1125,2022-01-02T11:01:43Z
2022-01-01,10000002,38,1473,1475,1468,18974490,851,2022-01-02T11:01:43Z
2022-01-01,10000002,39,1054,1059,1052,9620816,807,2022-01-02T11:01:43Z
2022-01-01,10000002,40,719,719,719,9735886,713,2022-01-02T11:01:43Z
2022-01-01,10000002,11399,54900,55390,52500,1231557,808,2022-01-02T11:01:43Z
2022-01-02,10000002,34,4.85,4.89,4.61,4583653909,2238,2022-01-03T11:01:48Z
2022-01-02,10000002,35,16.36,16.42,16.23,3130900296,2701,2022-01-03T11:01:48Z
2022-01-02,10000002,36,74.72,75.13,67.94,268087827,1492,2022-01-03T11:01:48Z
2022-01-02,10000002,37,116.3,124.4,108,439280264,1400,2022-01-03T11:01:48Z
2022-01-02,10000002,38,1463,1469,1416,20397785,1119,2022-01-03T11:01:48Z
2022-01-02,10000002,39,1034,1039,993.5,12396866,1052,2022-01-03T11:01:48Z
2022-01-02,10000002,40,709.5,717.9,685,5604412,917,2022-01-03T11:01:48Z
2022-01-02,10000002,11399,54980,55000,53500,721156,831,2022-01-03T11:01:48Z
2022-01-03,10000002,34,4.68,4.89,4.6,3435844322,1913,2022-01-03T11:01:48Z
2022-01-03,10000002,35,15.44,15.49,14.16,1402857247,1599,2022-01-03T11:01:48Z
2022-01-03,10000002,36,67.96,69.93,67.6,424890307,1411,2022-01-03T11:01:48Z
2022-01-03,10000002,37,123.7,123.8,119.5,140611578,1191,2022-01-03T11:01:48Z
2022-01-03,10000002,38,1440,1450,1430,22077623,999,2022-01-03T11:01:48Z
2022-01-03,10000002,39,1021,1021,1019,8482502,936,2022-01-03T11:01:48Z
2022-01-03,10000002,40,716.9,717.3,716,3287964,713,2022-01-03T11:01:48Z
2022-01-03,10000002,11399,53200,54950,52250,1444326,1013,2022-01-03T11:01:48Z
2022-01-04,10000002,34,4.87,4.9,4.79,3105325154,2171,2022-01-05T11:01:35Z
2022-01-04,10000002,35,15.39,15.4,15.37,1749899955,1739,2022-01-05T11:01:35Z
2022-01-04,10000002,36,67.66,69.96,66.37,377553022,1507,2022-01-05T11:01:35Z
2022-01-04,10000002,37,123,123.6,116,198103919,1435,2022-01-05T11:01:35Z
2022-01-04,10000002,38,1425,1434,1400,26655541,1135,2022-01-05T11:01:35Z
2022-01-04,10000002,39,1010,1011,1006,9059837,1038,2022-01-05T11:01:35Z
2022-01-04,10000002,40,713.9,714.7,700,7579356,861,2022-01-05T11:01:35Z
2022-01-04,10000002,11399,54890,55060,52550,1268860,1193,2022-01-05T11:01:35Z
2022-01-05,10000002,34,4.84,4.88,4.62,3369729839,2133,2022-01-06T11:01:33Z
2022-01-05,10000002,35,14.98,15.08,14.46,1708954669,1793,2022-01-06T11:01:33Z
2022-01-05,10000002,36,67,69.94,65.5,294516549,1515,2022-01-06T11:01:33Z
2022-01-05,10000002,37,123.1,123.7,123,221487974,1440,2022-01-06T11:01:33Z
2022-01-05,10000002,38,1403,1409,1390,21308346,1096,2022-01-06T11:01:33Z
2022-01-05,10000002,39,1004,1005,1003,13407865,995,2022-01-06T11:01:33Z
2022-01-05,10000002,40,712.8,713.8,705.7,7365414,819,2022-01-06T11:01:33Z
2022-01-05,10000002,11399,55090,55980,53540,1027645,993,2022-01-06T11:01:33Z
2022-01-06,10000002,34,4.65,4.77,4.64,3553060982,2055,2022-01-07T11:02:04Z
2022-01-06,10000002,35,14.74,14.91,14.49,1176329908,1722,2022-01-07T11:02:04Z
2022-01-06,10000002,36,67.99,69.65,65.45,219981241,1431,2022-01-07T11:02:04Z
2022-01-06,10000002,37,117.9,118.5,117.2,266289315,1277,2022-01-07T11:02:04Z
2022-01-06,10000002,38,1379,1385,1352,31556270,1086,2022-01-07T11:02:04Z
2022-01-06,10000002,39,945.4,1012,923.9,18077587,1041,2022-01-07T11:02:04Z
2022-01-06,10000002,40,711.7,712.7,709.8,5431231,811,2022-01-07T11:02:04Z
2022-01-06,10000002,11399,54000,55000,53020,1097115,842,2022-01-07T11:02:04Z
2022-01-07,10000002,34,4.74,4.78,4.6,3776612620,2132,2022-01-08T11:01:34Z
2022-01-07,10000002,35,14.78,14.86,14.7,2306624720,1838,2022-01-08T11:01:34Z
2022-01-07,10000002,36,69.38,69.43,66.01,312309582,1582,2022-01-08T11:01:34Z
2022-01-07,10000002,37,98,98,98,617583073,1381,2022-01-08T11:01:34Z
2022-01-07,10000002,38,1372,1374,1366,27134834,1098,2022-01-08T11:01:34Z
2022-01-07,10000002,39,1006,1009,915,15350139,1052,2022-01-08T11:01:34Z
2022-01-07,10000002,40,709.2,710,690,5868095,866,2022-01-08T11:01:34Z
2022-01-07,10000002,11399,55000,55350,52500,1171903,990,2022-01-08T11:01:34Z
2022-01-08,10000002,34,4.84,4.89,4.74,5460178877,2508,2022-01-09T11:01:48Z
2022-01-08,10000002,35,14.83,14.86,14.81,2073833925,2051,2022-01-09T11:01:48Z
2022-01-08,10000002,36,69.48,69.49,66.02,466109023,1713,2022-01-09T11:01:48Z
2022-01-08,10000002,37,105.1,116,102.4,331675937,1594,2022-01-09T11:01:48Z
2022-01-08,10000002,38,1365,1370,1360,27354853,1214,2022-01-09T11:01:48Z
2022-01-08,10000002,39,999.6,1001,999.4,22012229,1175,2022-01-09T11:01:48Z
2022-01-08,10000002,40,709.5,710,698.5,7523141,976,2022-01-09T11:01:48Z
2022-01-08,10000002,11399,55100,55410,54170,1402722,925,2022-01-09T11:01:48Z
2022-01-09,10000002,34,4.8,4.87,4.6,4630473786,2436,2022-01-10T11:06:07Z
2022-01-09,10000002,35,15.95,16.1,15.49,2058742173,2068,2022-01-10T11:06:07Z
2022-01-09,10000002,36,69,69.4,66.12,334066874,1670,2022-01-10T11:06:07Z
2022-01-09,10000002,37,114.5,115.6,104.1,338154773,1607,2022-01-10T11:06:07Z
2022-01-09,10000002,38,1343,1365,1284,21409087,1188,2022-01-10T11:06:07Z
2022-01-09,10000002,39,995.5,996.9,945,13028349,1190,2022-01-10T11:06:07Z
2022-01-09,10000002,40,675,694.8,661.5,19820332,1051,2022-01-10T11:06:07Z
2022-01-09,10000002,11399,55710,55970,53010,1534449,1025,2022-01-10T11:06:07Z
2022-01-10,10000002,34,4.75,4.81,4.63,3260345336,2094,2022-01-10T11:06:07Z
2022-01-10,10000002,35,14.74,15.4,14.6,1968151548,1989,2022-01-10T11:06:07Z
2022-01-10,10000002,36,67.08,68.23,65.46,383681622,1526,2022-01-10T11:06:07Z
2022-01-10,10000002,37,104,112.2,100.6,243205144,1371,2022-01-10T11:06:07Z
2022-01-10,10000002,38,1293,1314,1287,28632217,1028,2022-01-10T11:06:07Z
2022-01-10,10000002,39,996.8,997,956,11547315,962,2022-01-10T11:06:07Z
2022-01-10,10000002,40,710,710,709.6,14650172,905,2022-01-10T11:06:07Z
2022-01-10,10000002,11399,54530,56600,54200,1037506,814,2022-01-10T11:06:07Z
2022-01-11,10000002,34,4.82,4.84,4.71,3118536447,2008,2022-01-12T11:03:47Z
2022-01-11,10000002,35,15.01,15.18,14.67,1532509823,1810,2022-01-12T11:03:47Z
2022-01-11,10000002,36,68.17,68.2,66.17,368818959,1476,2022-01-12T11:03:47Z
2022-01-11,10000002,37,111.9,112.5,104.5,202982954,1377,2022-01-12T11:03:47Z
2022-01-11,10000002,38,1300,1311,1270,24764084,1035,2022-01-12T11:03:47Z
2022-01-11,10000002,39,989,990,989,9835992,962,2022-01-12T11:03:47Z
2022-01-11,10000002,40,667.1,710.6,659.7,9134730,895,2022-01-12T11:03:47Z
2022-01-11,10000002,11399,55010,56750,53170,1488807,863,2022-01-12T11:03:47Z
2022-01-12,10000002,34,4.73,4.79,4.63,2638353833,1955,2022-01-12T11:03:47Z
2022-01-12,10000002,35,14.89,14.99,14.62,2151581559,1854,2022-01-12T11:03:47Z
2022-01-12,10000002,36,67.62,68.11,65.67,325319285,1454,2022-01-12T11:03:47Z
2022-01-12,10000002,37,108.1,109.6,96.28,220859536,1338,2022-01-12T11:03:47Z
2022-01-12,10000002,38,1309,1313,1308,17580253,999,2022-01-12T11:03:47Z
2022-01-12,10000002,39,994.2,994.9,989,9795426,908,2022-01-12T11:03:47Z
2022-01-12,10000002,40,709.4,709.5,667,6917800,798,2022-01-12T11:03:47Z
2022-01-12,10000002,11399,57000,57660,53800,953161,939,2022-01-12T11:03:47Z
2022-01-13,10000002,34,4.7,4.79,4.65,3807918805,3551,2022-01-14T11:04:35Z
2022-01-13,10000002,35,14.67,14.8,14.05,1657673271,3403,2022-01-14T11:04:35Z
2022-01-13,10000002,36,68.44,68.98,65.52,367416556,1435,2022-01-14T11:04:35Z
2022-01-13,10000002,37,104,113.1,93.02,301086959,1244,2022-01-14T11:04:35Z
2022-01-13,10000002,38,1320,1329,1315,25247929,959,2022-01-14T11:04:35Z
2022-01-13,10000002,39,986.1,992.8,979.9,10194920,953,2022-01-14T11:04:35Z
2022-01-13,10000002,40,700,703.5,698.9,4462835,772,2022-01-14T11:04:35Z
2022-01-13,10000002,11399,56590,56990,55210,846730,778,2022-01-14T11:04:35Z
2022-01-14,10000002,34,4.79,4.82,4.66,3270296394,5814,2022-01-14T11:04:35Z
2022-01-14,10000002,35,14.46,14.64,14.21,1490382446,6049,2022-01-14T11:04:35Z
2022-01-14,10000002,36,68.47,69.51,65.71,235015819,2462,2022-01-14T11:04:35Z
2022-01-14,10000002,37,107.7,113.3,93.4,310544599,1551,2022-01-14T11:04:35Z
2022-01-14,10000002,38,1328,1330,1319,23013228,1029,2022-01-14T11:04:35Z
2022-01-14,10000002,39,992,992.8,940.4,11293397,901,2022-01-14T11:04:35Z
2022-01-14,10000002,40,699.9,703.4,658.1,6885126,848,2022-01-14T11:04:35Z
2022-01-14,10000002,11399,53080,54950,50460,1477676,930,2022-01-14T11:04:35Z
2022-01-15,10000002,34,4.84,4.88,4.78,5769880955,6883,2022-01-16T11:01:52Z
2022-01-15,10000002,35,14.44,14.45,14.42,2156658231,6997,2022-01-16T11:01:52Z
2022-01-15,10000002,36,68,69.19,67.82,390712785,3408,2022-01-16T11:01:52Z
2022-01-15,10000002,37,106.6,107.2,95.92,326539576,1943,2022-01-16T11:01:52Z
2022-01-15,10000002,38,1322,1327,1297,24737305,1113,2022-01-16T11:01:52Z
2022-01-15,10000002,39,992.7,992.8,932.4,13842797,1059,2022-01-16T11:01:52Z
2022-01-15,10000002,40,699,699.8,659.5,5936918,957,2022-01-16T11:01:52Z
2022-01-15,10000002,11399,51000,52000,49210,1545607,916,2022-01-16T11:01:52Z
2022-01-16,10000002,34,4.85,4.88,4.64,3327987808,7049,2022-01-17T11:01:36Z
2022-01-16,10000002,35,13.92,14.15,13.78,2336897123,7387,2022-01-17T11:01:36Z
2022-01-16,10000002,36,69.17,69.68,65.33,448576969,3796,2022-01-17T11:01:36Z
2022-01-16,10000002,37,104.4,105.8,103.2,293942370,2117,2022-01-17T11:01:36Z
2022-01-16,10000002,38,1329,1330,1328,31531007,1227,2022-01-17T11:01:36Z
2022-01-16,10000002,39,992.6,992.8,992.5,13070757,1137,2022-01-17T11:01:36Z
2022-01-16,10000002,40,700,700,700,11054622,1043,2022-01-17T11:01:36Z
2022-01-16,10000002,11399,51000,52000,47000,1846650,1167,2022-01-17T11:01:36Z
2022-01-17,10000002,34,4.82,4.86,4.6,3186985703,5307,2022-01-18T11:06:14Z
2022-01-17,10000002,35,13.8,13.9,13.6,1676189642,5647,2022-01-18T11:06:14Z
2022-01-17,10000002,36,70.62,70.9,65.31,243187459,3114,2022-01-18T11:06:14Z
2022-01-17,10000002,37,105.7,105.8,105.6,117464892,1765,2022-01-18T11:06:14Z
2022-01-17,10000002,38,1375,1377,1332,18895931,999,2022-01-18T11:06:14Z
2022-01-17,10000002,39,989.9,990.3,989.8,7999319,903,2022-01-18T11:06:14Z
2022-01-17,10000002,40,699.9,700,698.1,3934802,835,2022-01-18T11:06:14Z
2022-01-17,10000002,11399,49300,49990,48010,853316,910,2022-01-18T11:06:14Z
2022-01-18,10000002,34,4.75,4.78,4.55,3611817284,4979,2022-01-18T11:06:14Z
2022-01-18,10000002,35,13.36,13.61,13,2325060591,5210,2022-01-18T11:06:14Z
2022-01-18,10000002,36,69.83,69.85,68.16,230277047,2953,2022-01-18T11:06:14Z
2022-01-18,10000002,37,107.2,109.7,105.8,236300606,1837,2022-01-18T11:06:14Z
2022-01-18,10000002,38,1366,1378,1339,24219541,1063,2022-01-18T11:06:14Z
2022-01-18,10000002,39,989.7,989.9,989.4,11697124,1031,2022-01-18T11:06:14Z
2022-01-18,10000002,40,688.4,688.9,685.1,5691853,905,2022-01-18T11:06:14Z
2022-01-18,10000002,11399,45500,48630,45130,2178994,1075,2022-01-18T11:06:14Z
2022-01-19,10000002,34,4.71,4.73,4.7,5463402797,4987,2022-01-20T11:04:50Z
2022-01-19,10000002,35,13.42,13.6,13.3,1892469051,5395,2022-01-20T11:04:50Z
2022-01-19,10000002,36,67.91,67.95,67.89,345781670,3213,2022-01-20T11:04:50Z
2022-01-19,10000002,37,112.9,113.6,110,139683914,1846,2022-01-20T11:04:50Z
2022-01-19,10000002,38,1356,1356,1355,19309914,973,2022-01-20T11:04:50Z
2022-01-19,10000002,39,989.4,989.5,960.3,11289590,950,2022-01-20T11:04:50Z
2022-01-19,10000002,40,687,688.2,663.7,6382045,884,2022-01-20T11:04:50Z
2022-01-19,10000002,11399,50070,51030,46870,902590,896,2022-01-20T11:04:50Z
2022-01-20,10000002,34,4.76,4.8,4.68,2819176935,5511,2022-01-20T11:04:50Z
2022-01-20,10000002,35,13.42,13.45,13.3,1900354262,5767,2022-01-20T11:04:50Z
2022-01-20,10000002,36,67.89,67.93,66.91,293032417,3716,2022-01-20T11:04:50Z
2022-01-20,10000002,37,108.3,112.8,107.1,167698073,1892,2022-01-20T11:04:50Z
2022-01-20,10000002,38,1356,1356,1356,21839803,1011,2022-01-20T11:04:50Z
2022-01-20,10000002,39,988.8,988.8,988.7,15935384,952,2022-01-20T11:04:50Z
2022-01-20,10000002,40,688.2,695.1,660.1,5441405,860,2022-01-20T11:04:50Z
2022-01-20,10000002,11399,51800,51980,51140,1288063,736,2022-01-20T11:04:50Z
2022-01-21,10000002,34,4.77,4.78,4.7,2784038924,5220,2022-01-22T11:01:37Z
2022-01-21,10000002,35,13.42,13.45,13.29,2129528447,5606,2022-01-22T11:01:37Z
2022-01-21,10000002,36,67.93,67.95,66.36,258244377,3550,2022-01-22T11:01:37Z
2022-01-21,10000002,37,111.1,113.3,110.4,223835994,2061,2022-01-22T11:01:37Z
2022-01-21,10000002,38,1439,1442,1379,21760322,1058,2022-01-22T11:01:37Z
2022-01-21,10000002,39,985,985.4,961.9,12009019,1048,2022-01-22T11:01:37Z
2022-01-21,10000002,40,658,660,657,16285240,873,2022-01-22T11:01:37Z
2022-01-21,10000002,11399,51600,52550,51120,1280687,846,2022-01-22T11:01:37Z
2022-01-22,10000002,34,4.73,4.77,4.66,3444998841,5839,2022-01-23T11:01:39Z
2022-01-22,10000002,35,12.99,13.3,12.55,2215340880,6257,2022-01-23T11:01:39Z
2022-01-22,10000002,36,67.84,68.05,64.15,396415482,4039,2022-01-23T11:01:39Z
2022-01-22,10000002,37,112.9,113.1,112.7,102332304,2265,2022-01-23T11:01:39Z
2022-01-22,10000002,38,1433,1437,1421,21191803,1114,2022-01-23T11:01:39Z
2022-01-22,10000002,39,967.8,968.7,966.6,10199456,1065,2022-01-23T11:01:39Z
2022-01-22,10000002,40,700,700,700,5906939,945,2022-01-23T11:01:39Z
2022-01-22,10000002,11399,51360,51700,49120,1330879,861,2022-01-23T11:01:39Z
2022-01-23,10000002,34,4.71,4.74,4.64,4131901382,5915,2022-01-24T11:01:31Z
2022-01-23,10000002,35,13.23,13.34,13,2422994148,6342,2022-01-24T11:01:31Z
2022-01-23,10000002,36,68.1,68.12,66.03,430428861,3926,2022-01-24T11:01:31Z
2022-01-23,10000002,37,113.9,114.4,113.6,207934358,2455,2022-01-24T11:01:31Z
2022-01-23,10000002,38,1417,1419,1406,21049095,1282,2022-01-24T11:01:31Z
2022-01-23,10000002,39,961.6,962.5,934.1,8528537,1158,2022-01-24T11:01:31Z
2022-01-23,10000002,40,702.9,703.7,668.1,6072676,1022,2022-01-24T11:01:31Z
2022-01-23,10000002,11399,50000,50980,48720,1133515,947,2022-01-24T11:01:31Z
2022-01-24,10000002,34,4.63,4.69,4.51,3808248540,4780,2022-01-25T11:04:22Z
2022-01-24,10000002,35,13.02,13.03,13.01,2481370733,5250,2022-01-25T11:04:22Z
2022-01-24,10000002,36,69.8,70.47,65.98,331083731,3473,2022-01-25T11:04:22Z
2022-01-24,10000002,37,120.9,120.9,120.8,137641657,2044,2022-01-25T11:04:22Z
2022-01-24,10000002,38,1390,1400,1389,20275401,1039,2022-01-25T11:04:22Z
2022-01-24,10000002,39,960.6,960.9,958.8,7215972,984,2022-01-25T11:04:22Z
2022-01-24,10000002,40,704.9,709.2,703.9,4905207,893,2022-01-25T11:04:22Z
2022-01-24,10000002,11399,51100,51290,49140,1143203,863,2022-01-25T11:04:22Z
2022-01-25,10000002,34,4.71,4.73,4.7,3918387871,4339,2022-01-25T11:04:22Z
2022-01-25,10000002,35,12.94,13.02,12.9,1970352728,4618,2022-01-25T11:04:22Z
2022-01-25,10000002,36,69.99,70.89,66.5,436163884,3100,2022-01-25T11:04:22Z
2022-01-25,10000002,37,122.8,122.9,120.8,298059511,1821,2022-01-25T11:04:22Z
2022-01-25,10000002,38,1386,1386,1386,15787931,968,2022-01-25T11:04:22Z
2022-01-25,10000002,39,960.7,961.6,930,8236317,899,2022-01-25T11:04:22Z
2022-01-25,10000002,40,709.2,709.7,708,3036558,741,2022-01-25T11:04:22Z
2022-01-25,10000002,11399,51000,51380,49210,995879,865,2022-01-25T11:04:22Z
2022-01-26,10000002,34,4.72,4.76,4.61,3621635642,4128,2022-01-27T11:12:26Z
2022-01-26,10000002,35,12.49,12.64,12.47,1992595658,4504,2022-01-27T11:12:26Z
2022-01-26,10000002,36,69.9,69.98,67.15,328399161,2835,2022-01-27T11:12:26Z
2022-01-26,10000002,37,121,122.8,119.4,251238278,1692,2022-01-27T11:12:26Z
2022-01-26,10000002,38,1384,1384,1381,22272460,940,2022-01-27T11:12:26Z
2022-01-26,10000002,39,931.2,960.8,915.9,12600647,855,2022-01-27T11:12:26Z
2022-01-26,10000002,40,714.8,718.8,714.6,5933550,735,2022-01-27T11:12:26Z
2022-01-26,10000002,11399,52290,52650,50330,1169666,768,2022-01-27T11:12:26Z
2022-01-27,10000002,34,4.73,4.75,4.7,2995855995,3877,2022-01-29T11:01:36Z
2022-01-27,10000002,35,12.35,12.41,12.1,2150530102,4297,2022-01-29T11:01:36Z
2022-01-27,10000002,36,69.78,69.79,69,328316566,2846,2022-01-29T11:01:36Z
2022-01-27,10000002,37,122.5,122.8,119.9,192905061,1800,2022-01-29T11:01:36Z
2022-01-27,10000002,38,1376,1379,1373,16834879,1016,2022-01-29T11:01:36Z
2022-01-27,10000002,39,959.4,959.8,957,6865431,853,2022-01-29T11:01:36Z
2022-01-27,10000002,40,718.9,718.9,718.8,4336150,769,2022-01-29T11:01:36Z
2022-01-27,10000002,11399,53960,54130,51360,837410,755,2022-01-29T11:01:36Z
2022-01-28,10000002,34,4.72,4.76,4.61,2875052795,3906,2022-01-29T11:01:36Z
2022-01-28,10000002,35,12.41,12.46,12.37,1736357570,4244,2022-01-29T11:01:36Z
2022-01-28,10000002,36,69.8,70,69.7,315875549,2753,2022-01-29T11:01:36Z
2022-01-28,10000002,37,124.4,124.6,119.1,123615573,1762,2022-01-29T11:01:36Z
2022-01-28,10000002,38,1370,1377,1344,18960160,1026,2022-01-29T11:01:36Z
2022-01-28,10000002,39,960,960.7,947.2,8212903,932,2022-01-29T11:01:36Z
2022-01-28,10000002,40,722,722,720,5936154,805,2022-01-29T11:01:36Z
2022-01-28,10000002,11399,52500,54450,51350,1256248,783,2022-01-29T11:01:36Z
2022-01-29,10000002,34,4.73,4.75,4.6,3509337454,4331,2022-01-30T11:01:43Z
2022-01-29,10000002,35,12.84,12.91,12.6,1980475950,4927,2022-01-30T11:01:43Z
2022-01-29,10000002,36,69.58,71.04,66.79,281044340,3083,2022-01-30T11:01:43Z
2022-01-29,10000002,37,124.1,124.4,119.9,215696235,1981,2022-01-30T11:01:43Z
2022-01-29,10000002,38,1376,1381,1300,28797829,1224,2022-01-30T11:01:43Z
2022-01-29,10000002,39,960.8,962.3,925,9677604,1057,2022-01-30T11:01:43Z
2022-01-29,10000002,40,748.9,749.9,700.2,7387878,961,2022-01-30T11:01:43Z
2022-01-29,10000002,11399,50230,51900,45000,1360092,882,2022-01-30T11:01:43Z
2022-01-30,10000002,34,4.7,4.74,4.67,3295444690,4476,2022-01-31T11:01:35Z
2022-01-30,10000002,35,12.99,13,12.98,2443016089,4987,2022-01-31T11:01:35Z
2022-01-30,10000002,36,69.87,70.86,67.04,367027074,3278,2022-01-31T11:01:35Z
2022-01-30,10000002,37,124.9,125,124.2,144731189,2025,2022-01-31T11:01:35Z
2022-01-30,10000002,38,1360,1365,1357,28064616,1138,2022-01-31T11:01:35Z
2022-01-30,10000002,39,957.8,961,873.1,15836719,1101,2022-01-31T11:01:35Z
2022-01-30,10000002,40,685.3,685.3,685.3,9321543,1003,2022-01-31T11:01:35Z
2022-01-30,10000002,11399,50050,51970,47310,1314518,863,2022-01-31T11:01:35Z
2022-01-31,10000002,34,4.71,4.75,4.68,3418402846,3662,2022-02-01T11:05:25Z
2022-01-31,10000002,35,13.1,13.11,13.09,3272749399,4272,2022-02-01T11:05:25Z
2022-01-31,10000002,36,71.15,71.44,70.99,340600408,2809,2022-02-01T11:05:25Z
2022-01-31,10000002,37,125,125,125,251713718,1812,2022-02-01T11:05:25Z
2022-01-31,10000002,38,1383,1408,1378,19279615,1029,2022-02-01T11:05:25Z
2022-01-31,10000002,39,961,961.2,960.6,10586574,966,2022-02-01T11:05:25Z
2022-01-31,10000002,40,749.1,749.5,745,4836737,866,2022-02-01T11:05:25Z
2022-01-31,10000002,11399,50900,51000,48100,1499260,809,2022-02-01T11:05:25Z
2022-02-01,10000002,34,4.71,4.74,4.63,3452472354,2750,2022-02-01T11:05:25Z
2022-02-01,10000002,35,13.11,13.12,13.1,2074863177,2814,2022-02-01T11:05:25Z
2022-02-01,10000002,36,69.99,71.62,69.2,299310803,2114,2022-02-01T11:05:25Z
2022-02-01,10000002,37,126.3,126.3,126.3,251559258,1663,2022-02-01T11:05:25Z
2022-02-01,10000002,38,1419,1422,1395,25162313,1139,2022-02-01T11:05:25Z
2022-02-01,10000002,39,961,961.1,960,10205912,1023,2022-02-01T11:05:25Z
2022-02-01,10000002,40,748.8,749,748.4,7087657,903,2022-02-01T11:05:25Z
2022-02-01,10000002,11399,51840,51900,49400,1037899,875,2022-02-01T11:05:25Z
2022-02-02,10000002,34,4.64,4.67,4.54,3686377943,2047,2022-02-03T11:13:01Z
2022-02-02,10000002,35,13.1,13.13,13.04,3543717766,2346,2022-02-03T11:13:01Z
2022-02-02,10000002,36,68.32,69.91,68.2,307389666,1496,2022-02-03T11:13:01Z
2022-02-02,10000002,37,127.1,128,119.3,180500385,1371,2022-02-03T11:13:01Z
2022-02-02,10000002,38,1394,1398,1322,29829622,1064,2022-02-03T11:13:01Z
2022-02-02,10000002,39,923.1,959,923.1,15628856,972,2022-02-03T11:13:01Z
2022-02-02,10000002,40,748.9,749,747.3,11419308,871,2022-02-03T11:13:01Z
2022-02-02,10000002,11399,49560,51500,49000,908949,775,2022-02-03T11:13:01Z
2022-02-03,10000002,34,4.68,4.69,4.66,3108463650,2052,2022-02-05T11:01:39Z
2022-02-03,10000002,35,13.48,13.5,13.19,2464025696,2202,2022-02-05T11:01:39Z
2022-02-03,10000002,36,74.99,75.22,68.29,574429952,1531,2022-02-05T11:01:39Z
2022-02-03,10000002,37,129.1,131.5,128.9,245877289,1351,2022-02-05T11:01:39Z
2022-02-03,10000002,38,1395,1395,1395,35716022,989,2022-02-05T11:01:39Z
2022-02-03,10000002,39,961.2,961.2,961.2,17593871,937,2022-02-05T11:01:39Z
2022-02-03,10000002,40,747.2,747.2,747.2,4040927,867,2022-02-05T11:01:39Z
2022-02-03,10000002,11399,50000,50690,48230,749539,772,2022-02-05T11:01:39Z
2022-02-04,10000002,34,4.68,4.74,4.55,3691165627,1890,2022-02-05T11:01:39Z
2022-02-04,10000002,35,13.6,13.68,13.57,1785726638,1833,2022-02-05T11:01:39Z
2022-02-04,10000002,36,90,90.01,70.91,565705574,1392,2022-02-05T11:01:39Z
2022-02-04,10000002,37,127.9,129.8,125,231631008,1246,2022-02-05T11:01:39Z
2022-02-04,10000002,38,1367,1369,1340,28921387,880,2022-02-05T11:01:39Z
2022-02-04,10000002,39,958.6,958.8,958.5,9057419,836,2022-02-05T11:01:39Z
2022-02-04,10000002,40,727.8,727.8,727.8,5717736,752,2022-02-05T11:01:39Z
2022-02-04,10000002,11399,48510,49990,48220,1114464,823,2022-02-05T11:01:39Z
2022-02-05,10000002,34,4.73,4.88,4.63,4584064902,2297,2022-02-06T11:01:36Z
2022-02-05,10000002,35,13.6,13.71,13.5,2434181830,2263,2022-02-06T11:01:36Z
2022-02-05,10000002,36,74.69,78.85,74.62,290936716,1573,2022-02-06T11:01:36Z
2022-02-05,10000002,37,134.9,139.8,131,323634299,1472,2022-02-06T11:01:36Z
2022-02-05,10000002,38,1367,1369,1363,39446680,1097,2022-02-06T11:01:36Z
2022-02-05,10000002,39,958,958,958,11854952,1013,2022-02-06T11:01:36Z
2022-02-05,10000002,40,727.8,727.8,727.8,13492113,880,2022-02-06T11:01:36Z
2022-02-05,10000002,11399,49000,50280,47990,1536144,899,2022-02-06T11:01:36Z
2022-02-06,10000002,34,4.69,4.73,4.62,4161470487,2278,2022-02-07T11:01:33Z
2022-02-06,10000002,35,13.75,13.92,13.27,2645853560,2617,2022-02-07T11:01:33Z
2022-02-06,10000002,36,70,73.37,68.91,287009576,1658,2022-02-07T11:01:33Z
2022-02-06,10000002,37,138.9,139.5,134.9,217315264,1523,2022-02-07T11:01:33Z
2022-02-06,10000002,38,1412,1419,1369,24445135,1204,2022-02-07T11:01:33Z
2022-02-06,10000002,39,958.6,984.2,958.4,10275065,1141,2022-02-07T11:01:33Z
2022-02-06,10000002,40,727.4,727.5,725.5,5178541,951,2022-02-07T11:01:33Z
2022-02-06,10000002,11399,49000,49250,47830,1016491,894,2022-02-07T11:01:33Z
2022-02-07,10000002,34,4.75,4.79,4.67,2106666729,1891,2022-02-07T11:01:33Z
2022-02-07,10000002,35,13.97,14,13.9,1808023083,2056,2022-02-07T11:01:33Z
2022-02-07,10000002,36,73.2,73.31,73.02,353239932,1466,2022-02-07T11:01:33Z
2022-02-07,10000002,37,149,149.7,142.6,156410193,1226,2022-02-07T11:01:33Z
2022-02-07,10000002,38,1419,1420,1415,19383675,983,2022-02-07T11:01:33Z
2022-02-07,10000002,39,984,984,984,9737818,950,2022-02-07T11:01:33Z
2022-02-07,10000002,40,727,727,727,5257373,833,2022-02-07T11:01:33Z
2022-02-07,10000002,11399,49090,50500,46900,1255513,804,2022-02-07T11:01:33Z
2022-02-08,10000002,34,4.66,4.66,4.63,2340553336,1728,2022-02-09T11:04:23Z
2022-02-08,10000002,35,13.88,13.93,13.54,1586713532,1962,2022-02-09T11:04:23Z
2022-02-08,10000002,36,76.87,77.23,70.03,226553169,1222,2022-02-09T11:04:23Z
2022-02-08,10000002,37,149.8,150,149.2,219420596,1092,2022-02-09T11:04:23Z
2022-02-08,10000002,38,1393,1399,1375,17571811,853,2022-02-09T11:04:23Z
2022-02-08,10000002,39,974.6,975,946.1,6876041,807,2022-02-09T11:04:23Z
2022-02-08,10000002,40,725.3,726.5,724.3,3942143,724,2022-02-09T11:04:23Z
2022-02-08,10000002,11399,47900,49600,45140,1063629,859,2022-02-09T11:04:23Z
2022-02-09,10000002,34,4.6,4.6,4.6,2761508757,1823,2022-02-09T11:04:23Z
2022-02-09,10000002,35,13.46,13.48,13.32,1480078640,1861,2022-02-09T11:04:23Z
2022-02-09,10000002,36,74.41,74.87,69.23,268752347,1344,2022-02-09T11:04:23Z
2022-02-09,10000002,37,156,156,156,301066675,1252,2022-02-09T11:04:23Z
2022-02-09,10000002,38,1377,1380,1368,18023066,926,2022-02-09T11:04:23Z
2022-02-09,10000002,39,974.9,975,974.7,8963273,928,2022-02-09T11:04:23Z
2022-02-09,10000002,40,724,724.2,724,4261988,806,2022-02-09T11:04:23Z
2022-02-09,10000002,11399,46000,49250,44250,925273,770,2022-02-09T11:04:23Z
2022-02-10,10000002,34,4.54,4.68,4.5,3406094701,1913,2022-02-11T11:01:33Z
2022-02-10,10000002,35,13.5,13.5,13.49,1538476341,1807,2022-02-11T11:01:33Z
2022-02-10,10000002,36,74.02,74.38,69.29,193792000,1305,2022-02-11T11:01:33Z
2022-02-10,10000002,37,169.9,176.4,162.2,191976932,1174,2022-02-11T11:01:33Z
2022-02-10,10000002,38,1327,1370,1314,23538182,893,2022-02-11T11:01:33Z
2022-02-10,10000002,39,974.4,974.7,957.2,7353111,849,2022-02-11T11:01:33Z
2022-02-10,10000002,40,690,715,686.5,9137866,754,2022-02-11T11:01:33Z
2022-02-10,10000002,11399,47500,49250,45540,1497968,766,2022-02-11T11:01:33Z
2022-02-11,10000002,34,4.66,4.67,4.59,2302867555,1760,2022-02-12T11:01:24Z
2022-02-11,10000002,35,13.49,13.51,13.18,1618920367,1858,2022-02-12T11:01:24Z
2022-02-11,10000002,36,73.49,73.88,69.38,302924144,1286,2022-02-12T11:01:24Z
2022-02-11,10000002,37,176.9,178.1,172.3,164625948,1239,2022-02-12T11:01:24Z
2022-02-11,10000002,38,1368,1370,1359,19970493,831,2022-02-12T11:01:24Z
2022-02-11,10000002,39,974.7,974.7,974.7,9705958,844,2022-02-12T11:01:24Z
2022-02-11,10000002,40,724.1,724.3,722.4,8186543,751,2022-02-12T11:01:24Z
2022-02-11,10000002,11399,47500,47590,45260,1004492,722,2022-02-12T11:01:24Z
2022-02-12,10000002,34,4.54,4.63,4.46,2729329578,2016,2022-02-13T11:01:32Z
2022-02-12,10000002,35,13.02,13.06,12.54,1674021973,2101,2022-02-13T11:01:32Z
2022-02-12,10000002,36,71.79,74.15,69.31,257162775,1554,2022-02-13T11:01:32Z
2022-02-12,10000002,37,174.8,178.2,159.4,209776518,1481,2022-02-13T11:01:32Z
2022-02-12,10000002,38,1369,1371,1366,29087911,997,2022-02-13T11:01:32Z
2022-02-12,10000002,39,974.7,974.8,974.5,6859034,909,2022-02-13T11:01:32Z
2022-02-12,10000002,40,723.6,723.7,710.1,4773290,811,2022-02-13T11:01:32Z
2022-02-12,10000002,11399,47550,47560,46510,1673512,885,2022-02-13T11:01:32Z
2022-02-13,10000002,34,4.6,4.61,4.52,3632915359,2248,2022-02-14T11:03:58Z
2022-02-13,10000002,35,12.95,12.99,12.8,3036512284,2439,2022-02-14T11:03:58Z
2022-02-13,10000002,36,70.25,71.04,69.29,439746712,1719,2022-02-14T11:03:58Z
2022-02-13,10000002,37,162,168.7,155,234568299,1590,2022-02-14T11:03:58Z
2022-02-13,10000002,38,1363,1365,1359,30046544,1014,2022-02-14T11:03:58Z
2022-02-13,10000002,39,965,973.5,922.7,14357878,1019,2022-02-14T11:03:58Z
2022-02-13,10000002,40,723,723.6,681.8,7209240,868,2022-02-14T11:03:58Z
2022-02-13,10000002,11399,47480,48930,45860,1061763,819,2022-02-14T11:03:58Z
2022-02-14,10000002,34,4.6,4.65,4.5,3579854677,1816,2022-02-14T11:03:58Z
2022-02-14,10000002,35,13.02,13.12,13,2204873952,1813,2022-02-14T11:03:58Z
2022-02-14,10000002,36,71.24,71.24,71.24,504130454,1352,2022-02-14T11:03:58Z
2022-02-14,10000002,37,173.5,174.2,163.3,146014682,1281,2022-02-14T11:03:58Z
2022-02-14,10000002,38,1353,1354,1352,24890904,869,2022-02-14T11:03:58Z
2022-02-14,10000002,39,969.6,971.9,917.3,7381458,903,2022-02-14T11:03:58Z
2022-02-14,10000002,40,720.8,722.2,720.6,5350068,773,2022-02-14T11:03:58Z
2022-02-14,10000002,11399,45830,47100,43120,1352687,781,2022-02-14T11:03:58Z
2022-02-15,10000002,34,4.36,4.36,4.36,5655711587,1699,2022-02-16T11:01:29Z
2022-02-15,10000002,35,13.48,13.53,13.32,2456212405,2145,2022-02-16T11:01:29Z
2022-02-15,10000002,36,71,73.94,69.4,208885434,1273,2022-02-16T11:01:29Z
2022-02-15,10000002,37,168.1,172.6,153.5,256169450,1262,2022-02-16T11:01:29Z
2022-02-15,10000002,38,1362,1363,1360,14878080,870,2022-02-16T11:01:29Z
2022-02-15,10000002,39,970.9,971.2,917,10055576,783,2022-02-16T11:01:29Z
2022-02-15,10000002,40,720.1,720.3,720,5675106,767,2022-02-16T11:01:29Z
2022-02-15,10000002,11399,42370,45560,41670,1692720,827,2022-02-16T11:01:29Z
2022-02-16,10000002,34,4.59,4.63,4.37,4099540140,1667,2022-02-17T11:04:31Z
2022-02-16,10000002,35,13.5,13.52,13.46,1520828118,1778,2022-02-17T11:04:31Z
2022-02-16,10000002,36,72.44,72.95,69.93,234157117,1212,2022-02-17T11:04:31Z
2022-02-16,10000002,37,164,170,162.4,340985861,1142,2022-02-17T11:04:31Z
2022-02-16,10000002,38,1357,1363,1352,19831188,811,2022-02-17T11:04:31Z
2022-02-16,10000002,39,968.8,969,968.7,7673189,820,2022-02-17T11:04:31Z
2022-02-16,10000002,40,718.9,718.9,718.9,6110427,671,2022-02-17T11:04:31Z
2022-02-16,10000002,11399,42710,45500,41060,1335499,841,2022-02-17T11:04:31Z
2022-02-17,10000002,34,4.47,4.59,4.4,2707449895,1634,2022-02-17T11:04:31Z
2022-02-17,10000002,35,13.51,13.55,13.25,1995401388,1851,2022-02-17T11:04:31Z
2022-02-17,10000002,36,73,73.88,71,321297589,1202,2022-02-17T11:04:31Z
2022-02-17,10000002,37,169.5,170,165.7,303013831,1200,2022-02-17T11:04:31Z
2022-02-17,10000002,38,1384,1415,1364,23251812,879,2022-02-17T11:04:31Z
2022-02-17,10000002,39,967,967.1,938.1,9726976,863,2022-02-17T11:04:31Z
2022-02-17,10000002,40,718,718.6,717.8,9821070,767,2022-02-17T11:04:31Z
2022-02-17,10000002,11399,43640,44570,41700,1130950,798,2022-02-17T11:04:31Z
2022-02-18,10000002,34,4.57,4.58,4.54,3987005048,1749,2022-02-19T11:01:23Z
2022-02-18,10000002,35,13.19,13.21,13.1,2402046089,1932,2022-02-19T11:01:23Z
2022-02-18,10000002,36,73.47,73.75,70.71,400131188,1253,2022-02-19T11:01:23Z
2022-02-18,10000002,37,172.9,173.6,165.7,232008259,1182,2022-02-19T11:01:23Z
2022-02-18,10000002,38,1396,1403,1377,20626260,905,2022-02-19T11:01:23Z
2022-02-18,10000002,39,966.9,967,966.7,6933987,815,2022-02-19T11:01:23Z
2022-02-18,10000002,40,718,718.5,717.7,6928006,769,2022-02-19T11:01:23Z
2022-02-18,10000002,11399,44700,45730,43180,1254987,796,2022-02-19T11:01:23Z
2022-02-19,10000002,34,4.62,4.65,4.6,3251485976,1900,2022-02-20T11:01:33Z
2022-02-19,10000002,35,13.23,13.26,13.18,2860721354,1876,2022-02-20T11:01:33Z
2022-02-19,10000002,36,73.5,73.8,70.21,339321575,1389,2022-02-20T11:01:33Z
2022-02-19,10000002,37,179.9,180,178,470600293,1198,2022-02-20T11:01:33Z
2022-02-19,10000002,38,1399,1402,1391,21602367,901,2022-02-20T11:01:33Z
2022-02-19,10000002,39,967.1,970,967,13432820,920,2022-02-20T11:01:33Z
2022-02-19,10000002,40,718,718.5,718,8093979,773,2022-02-20T11:01:33Z
2022-02-19,10000002,11399,45990,46530,44720,1370360,816,2022-02-20T11:01:33Z
2022-02-20,10000002,34,4.47,4.57,4.41,3477040455,1912,2022-02-21T11:01:27Z
2022-02-20,10000002,35,13.29,13.31,13.25,1800819633,2021,2022-02-21T11:01:27Z
2022-02-20,10000002,36,70.7,72.9,70.2,396825267,1406,2022-02-21T11:01:27Z
2022-02-20,10000002,37,191.6,204.9,184,158680915,1317,2022-02-21T11:01:27Z
2022-02-20,10000002,38,1394,1399,1362,32314279,1115,2022-02-21T11:01:27Z
2022-02-20,10000002,39,975,985.1,974,10293367,994,2022-02-21T11:01:27Z
2022-02-20,10000002,40,719.7,719.8,719.5,6947190,855,2022-02-21T11:01:27Z
2022-02-20,10000002,11399,46200,47940,45000,1299258,908,2022-02-21T11:01:27Z
2022-02-21,10000002,34,4.54,4.58,4.35,3264586880,1725,2022-02-22T11:03:50Z
2022-02-21,10000002,35,13.28,13.31,13.26,2173639338,1741,2022-02-22T11:03:50Z
2022-02-21,10000002,36,71.87,74,71.69,398495151,1358,2022-02-22T11:03:50Z
2022-02-21,10000002,37,179,202.4,172.6,188399867,1216,2022-02-22T11:03:50Z
2022-02-21,10000002,38,1375,1376,1374,22466308,971,2022-02-22T11:03:50Z
2022-02-21,10000002,39,993.8,995,993,7896998,841,2022-02-22T11:03:50Z
2022-02-21,10000002,40,719.7,719.7,719.7,13623254,755,2022-02-22T11:03:50Z
2022-02-21,10000002,11399,47380,47400,45330,1021594,775,2022-02-22T11:03:50Z
2022-02-22,10000002,34,4.53,4.6,4.48,3143131658,1634,2022-02-23T11:01:28Z
2022-02-22,10000002,35,13.36,13.37,13.32,3285991444,1928,2022-02-23T11:01:28Z
2022-02-22,10000002,36,73.41,73.68,70.52,284551453,1219,2022-02-23T11:01:28Z
2022-02-22,10000002,37,181,197.6,180,150512645,1115,2022-02-23T11:01:28Z
2022-02-22,10000002,38,1384,1385,1378,17238878,842,2022-02-23T11:01:28Z
2022-02-22,10000002,39,992.7,993,992,12144405,779,2022-02-23T11:01:28Z
2022-02-22,10000002,40,719,719,718.9,6500436,703,2022-02-23T11:01:28Z
2022-02-22,10000002,11399,45290,47370,45230,1474603,781,2022-02-23T11:01:28Z
2022-02-23,10000002,34,4.42,4.52,4.4,4406939229,1733,2022-02-24T11:04:19Z
2022-02-23,10000002,35,13.07,13.09,13.01,1866866967,1889,2022-02-24T11:04:19Z
2022-02-23,10000002,36,72,72.84,70.33,287611289,1265,2022-02-24T11:04:19Z
2022-02-23,10000002,37,171.3,190.9,170,253012742,1222,2022-02-24T11:04:19Z
2022-02-23,10000002,38,1370,1374,1360,20356855,889,2022-02-24T11:04:19Z
2022-02-23,10000002,39,992.8,992.8,992.4,7766689,842,2022-02-24T11:04:19Z
2022-02-23,10000002,40,719.9,719.9,719.7,13773598,729,2022-02-24T11:04:19Z
2022-02-23,10000002,11399,48150,48800,45700,830357,721,2022-02-24T11:04:19Z
2022-02-24,10000002,34,4.52,4.55,4.41,2915595649,1468,2022-02-24T11:04:19Z
2022-02-24,10000002,35,13.11,13.3,13.07,1795770430,1665,2022-02-24T11:04:19Z
2022-02-24,10000002,36,72.35,72.92,70.31,425579553,1126,2022-02-24T11:04:19Z
2022-02-24,10000002,37,191.3,191.6,191,111179105,1005,2022-02-24T11:04:19Z
2022-02-24,10000002,38,1358,1359,1357,23845718,777,2022-02-24T11:04:19Z
2022-02-24,10000002,39,994,995.7,981,10926742,720,2022-02-24T11:04:19Z
2022-02-24,10000002,40,750,849,747.6,26665704,698,2022-02-24T11:04:19Z
2022-02-24,10000002,11399,46350,48040,46230,1226891,768,2022-02-24T11:04:19Z
2022-02-25,10000002,34,4.56,4.57,4.54,2622047995,1472,2022-02-26T11:01:23Z
2022-02-25,10000002,35,13.58,13.73,13.25,2557474160,1798,2022-02-26T11:01:23Z
2022-02-25,10000002,36,71.98,72.98,70.31,417380241,1074,2022-02-26T11:01:23Z
2022-02-25,10000002,37,191,191.6,184.6,168376565,1007,2022-02-26T11:01:23Z
2022-02-25,10000002,38,1357,1358,1353,20665142,798,2022-02-26T11:01:23Z
2022-02-25,10000002,39,983,995,944,13948797,770,2022-02-26T11:01:23Z
2022-02-25,10000002,40,1438,1474,1398,3432107,616,2022-02-26T11:01:23Z
2022-02-25,10000002,11399,46670,48000,46550,1268694,768,2022-02-26T11:01:23Z
2022-02-26,10000002,34,4.57,4.6,4.5,3223015342,1803,2022-02-26T11:01:23Z
2022-02-26,10000002,35,13.52,13.64,13.2,3110404191,2234,2022-02-26T11:01:23Z
2022-02-26,10000002,36,73.16,74.11,70.42,298908274,1274,2022-02-26T11:01:23Z
2022-02-26,10000002,37,191.4,192.9,185,374892309,1144,2022-02-26T11:01:23Z
2022-02-26,10000002,38,1354,1355,1352,15816869,856,2022-02-26T11:01:23Z
2022-02-26,10000002,39,999.9,1047,997.9,27584418,834,2022-02-26T11:01:23Z
2022-02-26,10000002,40,1077,1382,921,5770826,719,2022-02-26T11:01:23Z
2022-02-26,10000002,11399,47970,48000,46880,1426810,845,2022-02-26T11:01:23Z
2022-02-27,10000002,34,4.62,4.67,4.5,3217187413,1702,2022-02-28T11:02:21Z
2022-02-27,10000002,35,13.75,13.8,13.55,2120117995,2063,2022-02-28T11:02:21Z
2022-02-27,10000002,36,71.41,76.21,71.13,284454997,1225,2022-02-28T11:02:21Z
2022-02-27,10000002,37,186.6,203.2,184.2,278662347,1116,2022-02-28T11:02:21Z
2022-02-27,10000002,38,1359,1360,1351,21953005,834,2022-02-28T11:02:21Z
2022-02-27,10000002,39,1033,1048,990.1,6361984,773,2022-02-28T11:02:21Z
2022-02-27,10000002,40,1030,1068,915.5,3745534,660,2022-02-28T11:02:21Z
2022-02-27,10000002,11399,48120,49700,47600,1036978,786,2022-02-28T11:02:21Z
2022-02-28,10000002,34,4.65,4.73,4.5,1918744635,1364,2022-03-01T11:04:17Z
2022-02-28,10000002,35,13.65,13.7,13.38,1751913460,1731,2022-03-01T11:04:17Z
2022-02-28,10000002,36,75,75.87,71.35,217759369,1007,2022-03-01T11:04:17Z
2022-02-28,10000002,37,203,203.3,202.4,124492691,926,2022-03-01T11:04:17Z
2022-02-28,10000002,38,1354,1357,1350,15376821,712,2022-03-01T11:04:17Z
2022-02-28,10000002,39,1033,1033,1033,6021985,649,2022-03-01T11:04:17Z
2022-02-28,10000002,40,1021,1023,999.9,6914419,592,2022-03-01T11:04:17Z
2022-02-28,10000002,11399,47400,47920,46110,1236172,709,2022-03-01T11:04:17Z
2022-03-01,10000002,34,4.64,4.84,4.4,2813437458,1435,2022-03-01T11:04:17Z
2022-03-01,10000002,35,13,13.51,12,2309824186,1600,2022-03-01T11:04:17Z
2022-03-01,10000002,36,71.66,76.26,71.2,316296769,983,2022-03-01T11:04:17Z
2022-03-01,10000002,37,190.1,202.8,187,239957405,913,2022-03-01T11:04:17Z
2022-03-01,10000002,38,1342,1353,1326,23049729,687,2022-03-01T11:04:17Z
2022-03-01,10000002,39,1033,1033,1033,7665285,674,2022-03-01T11:04:17Z
2022-03-01,10000002,40,957.4,1017,955,10016596,585,2022-03-01T11:04:17Z
2022-03-01,10000002,11399,46560,49400,46500,1153792,750,2022-03-01T11:04:17Z
2022-03-02,10000002,34,4.63,4.67,4.59,1611443628,1398,2022-03-03T11:01:29Z
2022-03-02,10000002,35,13.21,13.43,13,1208105083,1605,2022-03-03T11:01:29Z
2022-03-02,10000002,36,71.97,75.38,70.47,298261726,1050,2022-03-03T11:01:29Z
2022-03-02,10000002,37,202.9,203.4,187.3,154578295,937,2022-03-03T11:01:29Z
2022-03-02,10000002,38,1329,1334,1325,11220228,686,2022-03-03T11:01:29Z
2022-03-02,10000002,39,1056,1057,1000,4231195,624,2022-03-03T11:01:29Z
2022-03-02,10000002,40,1004,1008,998.8,2439497,557,2022-03-03T11:01:29Z
2022-03-02,10000002,11399,48960,49000,47500,720002,625,2022-03-03T11:01:29Z
2022-03-03,10000002,34,4.54,4.57,4.45,2964264926,1434,2022-03-04T11:01:38Z
2022-03-03,10000002,35,12.99,13.18,12.04,1993800895,1298,2022-03-04T11:01:38Z
2022-03-03,10000002,36,75.32,76.15,70.51,213146913,1051,2022-03-04T11:01:38Z
2022-03-03,10000002,37,201.5,203,194,172080652,1022,2022-03-04T11:01:38Z
2022-03-03,10000002,38,1314,1314,1314,24682201,774,2022-03-04T11:01:38Z
2022-03-03,10000002,39,1040,1042,1039,4790473,675,2022-03-04T11:01:38Z
2022-03-03,10000002,40,905,906.4,900.1,11072602,633,2022-03-04T11:01:38Z
2022-03-03,10000002,11399,48100,48450,44400,1193806,724,2022-03-04T11:01:38Z
2022-03-04,10000002,34,4.5,4.5,4.49,3402209268,1466,2022-03-05T11:01:32Z
2022-03-04,10000002,35,12.78,12.86,12,1751216696,1312,2022-03-05T11:01:32Z
2022-03-04,10000002,36,74.85,75.88,70.49,306761320,1089,2022-03-05T11:01:32Z
2022-03-04,10000002,37,203.1,204.3,195.9,161453223,1010,2022-03-05T11:01:32Z
2022-03-04,10000002,38,1309,1309,1308,19560308,781,2022-03-05T11:01:32Z
2022-03-04,10000002,39,1038,1042,1032,9359153,743,2022-03-05T11:01:32Z
2022-03-04,10000002,40,971.3,971.6,970,3101128,639,2022-03-05T11:01:32Z
2022-03-04,10000002,11399,48350,48500,44740,809957,661,2022-03-05T11:01:32Z
2022-03-05,10000002,34,4.56,4.58,4.5,3015587656,1850,2022-03-06T11:01:30Z
2022-03-05,10000002,35,13.65,13.75,13.2,2058627472,1795,2022-03-06T11:01:30Z
2022-03-05,10000002,36,75.95,75.97,75.75,286054024,1287,2022-03-06T11:01:30Z
2022-03-05,10000002,37,188.9,203.7,187.1,246714593,1250,2022-03-06T11:01:30Z
2022-03-05,10000002,38,1309,1310,1308,25382025,945,2022-03-06T11:01:30Z
2022-03-05,10000002,39,1040,1041,1034,8560347,921,2022-03-06T11:01:30Z
2022-03-05,10000002,40,938,938,938,9054482,807,2022-03-06T11:01:30Z
2022-03-05,10000002,11399,48320,48430,44600,1201510,734,2022-03-06T11:01:30Z
2022-03-06,10000002,34,4.5,4.52,4.42,2193469101,1853,2022-03-07T11:01:24Z
2022-03-06,10000002,35,13.62,13.68,13,2009105526,2068,2022-03-07T11:01:24Z
2022-03-06,10000002,36,71.85,73,70.63,298333333,1321,2022-03-07T11:01:24Z
2022-03-06,10000002,37,193.1,202.9,185.1,191132769,1221,2022-03-07T11:01:24Z
2022-03-06,10000002,38,1298,1302,1294,19252342,1013,2022-03-07T11:01:24Z
2022-03-06,10000002,39,1048,1050,1044,7161223,928,2022-03-07T11:01:24Z
2022-03-06,10000002,40,931.8,932.2,881,6708036,810,2022-03-07T11:01:24Z
2022-03-06,10000002,11399,45870,48100,45110,970862,805,2022-03-07T11:01:24Z
2022-03-07,10000002,34,4.4,4.5,4.31,3632586430,1610,2022-03-08T11:07:37Z
2022-03-07,10000002,35,13.56,13.62,13.5,1331206778,1655,2022-03-08T11:07:37Z
2022-03-07,10000002,36,72.25,72.67,70.71,245965499,1109,2022-03-08T11:07:37Z
2022-03-07,10000002,37,201.5,204.1,188,197797815,988,2022-03-08T11:07:37Z
2022-03-07,10000002,38,1291,1296,1252,25876368,889,2022-03-08T11:07:37Z
2022-03-07,10000002,39,1055,1055,1055,12598039,833,2022-03-08T11:07:37Z
2022-03-07,10000002,40,853.5,924,842.4,12093422,669,2022-03-08T11:07:37Z
2022-03-07,10000002,11399,45820,47950,45030,798674,649,2022-03-08T11:07:37Z
2022-03-08,10000002,34,4.53,4.55,4.45,2907836861,1580,2022-03-09T11:03:59Z
2022-03-08,10000002,35,13.36,13.55,13.15,2407109241,1702,2022-03-09T11:03:59Z
2022-03-08,10000002,36,72.39,72.66,70.74,409600729,1215,2022-03-09T11:03:59Z
2022-03-08,10000002,37,206.7,209.8,191,212434764,1090,2022-03-09T11:03:59Z
2022-03-08,10000002,38,1297,1308,1279,16505199,876,2022-03-09T11:03:59Z
2022-03-08,10000002,39,1046,1046,1046,8508783,784,2022-03-09T11:03:59Z
2022-03-08,10000002,40,916.3,917.1,915.9,7726279,749,2022-03-09T11:03:59Z
2022-03-08,10000002,11399,43760,46520,43110,1428523,714,2022-03-09T11:03:59Z
2022-03-09,10000002,34,4.47,4.5,4.45,2466617520,1777,2022-03-09T11:03:59Z
2022-03-09,10000002,35,13.61,13.73,13.48,2332585811,1719,2022-03-09T11:03:59Z
2022-03-09,10000002,36,72.72,76.16,72.64,473382938,1403,2022-03-09T11:03:59Z
2022-03-09,10000002,37,208.7,210,197,264190601,1318,2022-03-09T11:03:59Z
2022-03-09,10000002,38,1302,1308,1299,24583003,1110,2022-03-09T11:03:59Z
2022-03-09,10000002,39,1046,1054,1046,12056900,1057,2022-03-09T11:03:59Z
2022-03-09,10000002,40,915,917.7,915,8413626,981,2022-03-09T11:03:59Z
2022-03-09,10000002,11399,41640,43950,41310,1222214,662,2022-03-09T11:03:59Z
2022-03-10,10000002,34,4.49,4.5,4.41,3096765954,1643,2022-03-11T11:04:41Z
2022-03-10,10000002,35,13.67,13.73,13.6,1949187040,1715,2022-03-11T11:04:41Z
2022-03-10,10000002,36,76.97,77,76.91,477876482,1266,2022-03-11T11:04:41Z
2022-03-10,10000002,37,211,211.6,205.8,225155000,1155,2022-03-11T11:04:41Z
2022-03-10,10000002,38,1320,1367,1314,22360284,969,2022-03-11T11:04:41Z
2022-03-10,10000002,39,1078,1080,1062,11259661,864,2022-03-11T11:04:41Z
2022-03-10,10000002,40,932,932.3,931,8532445,799,2022-03-11T11:04:41Z
2022-03-10,10000002,11399,42990,43830,41260,1138591,732,2022-03-11T11:04:41Z
2022-03-11,10000002,34,4.45,4.5,4.34,3491822237,1807,2022-03-11T11:04:41Z
2022-03-11,10000002,35,13.6,13.78,13.54,3268347529,2073,2022-03-11T11:04:41Z
2022-03-11,10000002,36,79.96,80,78,540963479,1374,2022-03-11T11:04:41Z
2022-03-11,10000002,37,211.7,211.8,211.6,318203212,1196,2022-03-11T11:04:41Z
2022-03-11,10000002,38,1390,1394,1367,30625648,1027,2022-03-11T11:04:41Z
2022-03-11,10000002,39,1080,1080,1080,16112747,952,2022-03-11T11:04:41Z
2022-03-11,10000002,40,969.5,969.7,932.5,8671734,864,2022-03-11T11:04:41Z
2022-03-11,10000002,11399,42060,43600,41900,1699280,809,2022-03-11T11:04:41Z
2022-03-12,10000002,34,4.35,4.43,4.3,5160630315,1965,2022-03-13T11:01:28Z
2022-03-12,10000002,35,13.57,13.63,13.45,2154864123,1967,2022-03-13T11:01:28Z
2022-03-12,10000002,36,78,86.62,72.1,402161145,1430,2022-03-13T11:01:28Z
2022-03-12,10000002,37,211,211.8,209.4,452000824,1333,2022-03-13T11:01:28Z
2022-03-12,10000002,38,1345,1348,1340,32114286,1008,2022-03-13T11:01:28Z
2022-03-12,10000002,39,1127,1128,1100,13760831,875,2022-03-13T11:01:28Z
2022-03-12,10000002,40,969.4,969.9,940,10936308,823,2022-03-13T11:01:28Z
2022-03-12,10000002,11399,42600,43600,41630,1526699,765,2022-03-13T11:01:28Z
2022-03-13,10000002,34,4.48,4.5,4.32,4562700290,1963,2022-03-14T11:11:29Z
2022-03-13,10000002,35,13.4,13.47,13.19,2911043148,2362,2022-03-14T11:11:29Z
2022-03-13,10000002,36,77.39,77.54,74.13,397075395,1491,2022-03-14T11:11:29Z
2022-03-13,10000002,37,211.8,212.5,202,327372363,1361,2022-03-14T11:11:29Z
2022-03-13,10000002,38,1327,1329,1325,34131856,1056,2022-03-13T11:01:28Z
2022-03-13,10000002,39,1230,1240,1188,13960275,997,2022-03-13T11:01:28Z
2022-03-13,10000002,40,970.6,971,969.9,7648582,907,2022-03-14T11:11:29Z
2022-03-13,10000002,11399,42970,43000,40100,1020599,800,2022-03-13T11:01:28Z
2022-03-14,10000002,34,4.43,4.48,4.31,3358397341,1522,2022-03-14T11:11:29Z
2022-03-14,10000002,35,13.4,13.5,13.31,2194470256,1572,2022-03-14T11:11:29Z
2022-03-14,10000002,36,77.48,79.5,74.24,301861548,1101,2022-03-14T11:11:29Z
2022-03-14,10000002,37,219.9,222.7,217.8,232670005,1020,2022-03-14T11:11:29Z
2022-03-14,10000002,38,1289,1298,1257,25103825,837,2022-03-14T11:11:29Z
2022-03-14,10000002,39,1234,1238,1166,10486213,718,2022-03-14T11:11:29Z
2022-03-14,10000002,40,973,977.2,942.1,8743090,655,2022-03-14T11:11:29Z
2022-03-14,10000002,11399,42920,43000,41490,1149790,692,2022-03-14T11:11:29Z
2022-03-15,10000002,34,4.34,4.39,4.23,2786717769,1373,2022-03-16T11:04:50Z
2022-03-15,10000002,35,12.97,12.99,12.56,1556788568,1262,2022-03-16T11:04:50Z
2022-03-15,10000002,36,72.9,77.43,72.17,217156702,1061,2022-03-16T11:04:50Z
2022-03-15,10000002,37,215,222.9,202.5,397465976,1077,2022-03-16T11:04:50Z
2022-03-15,10000002,38,1275,1289,1268,23687592,768,2022-03-16T11:04:50Z
2022-03-15,10000002,39,1222,1223,1221,7206969,667,2022-03-16T11:04:50Z
2022-03-15,10000002,40,977.3,977.6,977.2,7357743,619,2022-03-16T11:04:50Z
2022-03-15,10000002,11399,42770,42840,39500,978289,707,2022-03-16T11:04:50Z
2022-03-16,10000002,34,4.32,4.37,4.23,4204992895,1526,2022-03-16T11:04:50Z
2022-03-16,10000002,35,12.63,12.76,11.24,1157180287,1244,2022-03-16T11:04:50Z
2022-03-16,10000002,36,76.8,76.82,72.92,308145725,1178,2022-03-16T11:04:50Z
2022-03-16,10000002,37,222.4,223.5,219.8,501491656,1081,2022-03-16T11:04:50Z
2022-03-16,10000002,38,1268,1321,1225,26950169,827,2022-03-16T11:04:50Z
2022-03-16,10000002,39,1184,1200,1118,12641555,773,2022-03-16T11:04:50Z
2022-03-16,10000002,40,975.9,975.9,975.8,6891196,656,2022-03-16T11:04:50Z
2022-03-16,10000002,11399,39590,42500,37210,1257430,758,2022-03-16T11:04:50Z
2022-03-17,10000002,34,4.18,4.24,4.15,3803010371,1517,2022-03-18T11:04:51Z
2022-03-17,10000002,35,11,12.37,10.72,1684244861,1218,2022-03-18T11:04:51Z
2022-03-17,10000002,36,76.14,76.84,75,255356843,1098,2022-03-18T11:04:51Z
2022-03-17,10000002,37,220.4,220.8,218,254133693,1072,2022-03-18T11:04:51Z
2022-03-17,10000002,38,1396,1399,1288,24771087,806,2022-03-18T11:04:51Z
2022-03-17,10000002,39,1076,1196,1000,13923946,753,2022-03-18T11:04:51Z
2022-03-17,10000002,40,975,975.9,870,8414417,654,2022-03-18T11:04:51Z
2022-03-17,10000002,11399,40890,40970,40800,1170441,610,2022-03-18T11:04:51Z
2022-03-18,10000002,34,4.15,4.27,4.09,2644589292,1603,2022-03-18T11:04:51Z
2022-03-18,10000002,35,10.6,11.76,9.07,3216059938,1347,2022-03-18T11:04:51Z
2022-03-18,10000002,36,76.12,76.44,73.77,430131360,1248,2022-03-18T11:04:51Z
2022-03-18,10000002,37,219.7,220.1,202.6,407631827,1139,2022-03-18T11:04:51Z
2022-03-18,10000002,38,1393,1399,1392,21855365,773,2022-03-18T11:04:51Z
2022-03-18,10000002,39,972.9,1163,970,16383407,771,2022-03-18T11:04:51Z
2022-03-18,10000002,40,867,951.8,846.4,16191715,680,2022-03-18T11:04:51Z
2022-03-18,10000002,11399,40230,41990,38770,1345757,698,2022-03-18T11:04:51Z
2022-03-19,10000002,34,4.19,4.29,4.01,5259376452,1987,2022-03-20T11:01:34Z
2022-03-19,10000002,35,11.35,11.59,9.87,1559945006,1575,2022-03-20T11:01:34Z
2022-03-19,10000002,36,75.98,76.24,73.81,341472858,1393,2022-03-20T11:01:34Z
2022-03-19,10000002,37,219.3,221.2,207.3,228930502,1267,2022-03-20T11:01:34Z
2022-03-19,10000002,38,1408,1411,1365,26583522,982,2022-03-20T11:01:34Z
2022-03-19,10000002,39,1162,1167,1161,12204384,850,2022-03-20T11:01:34Z
2022-03-19,10000002,40,970.5,970.5,970.5,12099002,753,2022-03-20T11:01:34Z
2022-03-19,10000002,11399,37100,39000,36020,2302936,795,2022-03-20T11:01:34Z
2022-03-20,10000002,34,4.04,4.08,3.84,10924068399,2175,2022-03-21T11:05:07Z
2022-03-20,10000002,35,10.98,11.33,9.99,2407690186,1798,2022-03-21T11:05:07Z
2022-03-20,10000002,36,75.86,75.98,73.76,420527118,1631,2022-03-21T11:05:07Z
2022-03-20,10000002,37,205.4,209.9,200,408158547,1468,2022-03-21T11:05:07Z
2022-03-20,10000002,38,1406,1408,1390,27009658,1068,2022-03-21T11:05:07Z
2022-03-20,10000002,39,1164,1167,1100,12426958,1063,2022-03-21T11:05:07Z
2022-03-20,10000002,40,973.4,977.8,971.8,11419357,852,2022-03-21T11:05:07Z
2022-03-20,10000002,11399,38490,39190,38210,1118028,746,2022-03-21T11:05:07Z
2022-03-21,10000002,34,3.92,3.95,3.83,2854831440,1609,2022-03-23T11:04:23Z
2022-03-21,10000002,35,10.55,10.97,9.37,2028274010,1343,2022-03-23T11:04:23Z
2022-03-21,10000002,36,75.96,75.97,75.85,367364891,1243,2022-03-23T11:04:23Z
2022-03-21,10000002,37,201.3,211,198.9,315291517,1187,2022-03-23T11:04:23Z
2022-03-21,10000002,38,1400,1404,1366,22260918,824,2022-03-23T11:04:23Z
2022-03-21,10000002,39,1159,1160,1100,7911190,819,2022-03-23T11:04:23Z
2022-03-21,10000002,40,977.8,977.8,977.8,5457129,720,2022-03-23T11:04:23Z
2022-03-21,10000002,11399,40690,40730,38600,1384128,733,2022-03-23T11:04:23Z
2022-03-22,10000002,34,3.8,3.95,3.62,3772367633,1551,2022-03-23T11:04:23Z
2022-03-22,10000002,35,10.04,10.44,9.44,2391421821,1353,2022-03-23T11:04:23Z
2022-03-22,10000002,36,71.96,71.96,71.96,379812600,1173,2022-03-23T11:04:23Z
2022-03-22,10000002,37,210.6,213.3,206.6,208229562,1140,2022-03-23T11:04:23Z
2022-03-22,10000002,38,1397,1398,1395,18734109,874,2022-03-23T11:04:23Z
2022-03-22,10000002,39,1143,1159,1139,5515711,801,2022-03-23T11:04:23Z
2022-03-22,10000002,40,974.9,977.8,973.8,4786923,663,2022-03-23T11:04:23Z
2022-03-22,10000002,11399,39000,40360,38010,1351513,700,2022-03-23T11:04:23Z
2022-03-23,10000002,34,4.07,4.09,3.95,6784858621,1533,2022-03-23T11:04:23Z
2022-03-23,10000002,35,10,10.12,8.95,3045909168,1356,2022-03-23T11:04:23Z
2022-03-23,10000002,36,73.44,74.75,71.95,344467528,1224,2022-03-23T11:04:23Z
2022-03-23,10000002,37,212.9,219,208,564042161,1118,2022-03-23T11:04:23Z
2022-03-23,10000002,38,1382,1390,1319,16421027,797,2022-03-23T11:04:23Z
2022-03-23,10000002,39,1140,1142,991.1,14363781,840,2022-03-23T11:04:23Z
2022-03-23,10000002,40,948.2,967,914,6269427,690,2022-03-23T11:04:23Z
2022-03-23,10000002,11399,38600,38700,36010,789866,628,2022-03-23T11:04:23Z
2022-03-24,10000002,34,4.2,4.4,4.01,6463394433,1661,2022-03-25T11:01:30Z
2022-03-24,10000002,35,9.95,9.99,9.75,1806648483,1353,2022-03-25T11:01:30Z
2022-03-24,10000002,36,70.04,71.83,70,372981613,1208,2022-03-25T11:01:30Z
2022-03-24,10000002,37,219.4,219.5,213.4,237400186,1122,2022-03-25T11:01:30Z
2022-03-24,10000002,38,1393,1401,1385,30466395,878,2022-03-25T11:01:30Z
2022-03-24,10000002,39,1157,1158,1155,9241757,809,2022-03-25T11:01:30Z
2022-03-24,10000002,40,967.2,967.5,948.3,8691261,702,2022-03-25T11:01:30Z
2022-03-24,10000002,11399,36800,37000,35260,1541278,727,2022-03-25T11:01:30Z
2022-03-25,10000002,34,4.16,4.19,3.9,3351703882,1675,2022-03-25T11:01:30Z
2022-03-25,10000002,35,9.97,10.19,9.69,2096912374,1355,2022-03-25T11:01:30Z
2022-03-25,10000002,36,71.8,71.84,71.5,379626607,1218,2022-03-25T11:01:30Z
2022-03-25,10000002,37,220,223.7,210.1,305254541,1149,2022-03-25T11:01:30Z
2022-03-25,10000002,38,1392,1400,1388,18830817,820,2022-03-25T11:01:30Z
2022-03-25,10000002,39,1160,1161,1158,10597614,847,2022-03-25T11:01:30Z
2022-03-25,10000002,40,968,968.9,967.9,7428604,733,2022-03-25T11:01:30Z
2022-03-25,10000002,11399,36980,37330,35090,1193624,630,2022-03-25T11:01:30Z
2022-03-26,10000002,34,4.23,4.25,4.09,3981071850,1838,2022-03-27T11:02:42Z
2022-03-26,10000002,35,10.14,10.2,9.76,2227457039,1472,2022-03-27T11:02:42Z
2022-03-26,10000002,36,73.45,75.78,72,410615521,1445,2022-03-27T11:02:42Z
2022-03-26,10000002,37,223,223.5,212.7,304478358,1186,2022-03-27T11:02:42Z
2022-03-26,10000002,38,1398,1402,1388,26135691,935,2022-03-27T11:02:42Z
2022-03-26,10000002,39,1160,1161,1154,10168066,906,2022-03-27T11:02:42Z
2022-03-26,10000002,40,966.5,976.3,946.9,5867791,768,2022-03-27T11:02:42Z
2022-03-26,10000002,11399,39840,42400,37000,1196930,761,2022-03-27T11:02:42Z
2022-03-27,10000002,34,4.16,4.21,4.07,4260277108,2110,2022-03-27T11:02:42Z
2022-03-27,10000002,35,10.23,10.28,9.79,3535720635,1765,2022-03-27T11:02:42Z
2022-03-27,10000002,36,72,72.5,68.46,389976595,1591,2022-03-27T11:02:42Z
2022-03-27,10000002,37,223,224.5,207.2,299549333,1427,2022-03-27T11:02:42Z
2022-03-27,10000002,38,1399,1405,1393,25733661,1042,2022-03-27T11:02:42Z
2022-03-27,10000002,39,1144,1155,1116,12279572,1015,2022-03-27T11:02:42Z
2022-03-27,10000002,40,966.5,976.4,966.4,5993048,819,2022-03-27T11:02:42Z
2022-03-27,10000002,11399,39000,39920,37500,1601576,807,2022-03-27T11:02:42Z
2022-03-28,10000002,34,4.18,4.27,4.08,3884513991,1711,2022-03-29T11:05:27Z
2022-03-28,10000002,35,10,10.5,9.24,1983039706,1296,2022-03-27T11:02:42Z
2022-03-28,10000002,36,73.99,74.58,68.1,391480957,1283,2022-03-29T11:05:27Z
2022-03-28,10000002,37,225,225,225,746804387,1093,2022-03-27T11:02:42Z
2022-03-28,10000002,38,1354,1403,1331,31261933,883,2022-03-27T11:02:42Z
2022-03-28,10000002,39,1151,1151,1140,10959601,853,2022-03-29T11:05:27Z
2022-03-28,10000002,40,955,976.9,912.3,14899757,745,2022-03-29T11:05:27Z
2022-03-28,10000002,11399,35770,39870,35230,1000010,705,2022-03-27T11:02:42Z
2022-03-29,10000002,34,4.24,4.26,4.07,2692137053,1623,2022-03-29T11:05:27Z
2022-03-29,10000002,35,10.03,10.03,10.03,3442853135,1345,2022-03-29T11:05:27Z
2022-03-29,10000002,36,74.26,74.49,70.07,278945482,1260,2022-03-29T11:05:27Z
2022-03-29,10000002,37,224.3,224.8,219.9,204131314,1203,2022-03-29T11:05:27Z
2022-03-29,10000002,38,1397,1399,1395,16982685,883,2022-03-29T11:05:27Z
2022-03-29,10000002,39,1156,1156,1156,8550694,830,2022-03-29T11:05:27Z
2022-03-29,10000002,40,994,996.5,977.8,6678498,738,2022-03-29T11:05:27Z
2022-03-29,10000002,11399,40510,40560,36810,837542,657,2022-03-29T11:05:27Z
2022-03-30,10000002,34,4.06,4.19,4,3058475845,1612,2022-03-31T11:03:04Z
2022-03-30,10000002,35,9.75,10.22,9.66,1250251739,1333,2022-03-31T11:03:04Z
2022-03-30,10000002,36,73.85,74.04,70.07,242707263,1198,2022-03-31T11:03:04Z
2022-03-30,10000002,37,231.3,253.9,224.9,178058500,1156,2022-03-31T11:03:04Z
2022-03-30,10000002,38,1392,1396,1320,12331655,800,2022-03-31T11:03:04Z
2022-03-30,10000002,39,1154,1155,1153,7542966,793,2022-03-31T11:03:04Z
2022-03-30,10000002,40,1040,1050,1030,3905147,676,2022-03-31T11:03:04Z
2022-03-30,10000002,11399,39000,40200,37540,805915,680,2022-03-31T11:03:04Z
2022-03-31,10000002,34,4.06,4.11,4.05,3205893395,1580,2022-04-01T11:01:38Z
2022-03-31,10000002,35,9,9.27,9,1668355009,1303,2022-04-01T11:01:38Z
2022-03-31,10000002,36,71.74,72.39,70.08,336533265,1226,2022-04-01T11:01:38Z
2022-03-31,10000002,37,260,268.6,259,112618528,1033,2022-04-01T11:01:38Z
2022-03-31,10000002,38,1332,1391,1315,36428611,810,2022-04-01T11:01:38Z
2022-03-31,10000002,39,1149,1154,1125,11888927,717,2022-04-01T11:01:38Z
2022-03-31,10000002,40,957.8,975,947.1,17172896,632,2022-04-01T11:01:38Z
2022-03-31,10000002,11399,38820,39500,37100,1462489,717,2022-04-01T11:01:38Z
2022-04-01,10000002,34,4.1,4.14,4.02,4398314482,1850,2023-05-16T11:07:53Z
2022-04-01,10000002,35,9.05,9.12,9,2009108487,1488,2023-05-16T11:07:53Z
2022-04-01,10000002,36,71.77,72.2,70.16,498163768,1424,2023-05-16T11:07:53Z
2022-04-01,10000002,37,299.9,300,285,275510465,1283,2023-05-16T11:07:53Z
2022-04-01,10000002,38,1365,1380,1314,19332938,917,2023-05-16T11:07:53Z
2022-04-01,10000002,39,1134,1135,1130,10364119,855,2023-05-16T11:07:53Z
2022-04-01,10000002,40,940.4,1010,940.2,6586898,725,2023-05-16T11:07:53Z
2022-04-01,10000002,11399,39170,39500,38720,1465260,784,2023-05-16T11:07:53Z
2022-04-02,10000002,34,4.04,4.15,3.93,4499210275,2111,2023-05-16T11:07:53Z
2022-04-02,10000002,35,9.04,9.15,8.77,2163001324,1786,2023-05-16T11:07:53Z
2022-04-02,10000002,36,71.43,71.86,68.04,304369042,1670,2023-05-16T11:07:53Z
2022-04-02,10000002,37,280.5,313.7,278.6,255450243,1516,2023-05-16T11:07:53Z
2022-04-02,10000002,38,1341,1342,1327,24368534,1127,2023-05-16T11:07:53Z
2022-04-02,10000002,39,1144,1149,1063,11238194,1077,2023-05-16T11:07:53Z
2022-04-02,10000002,40,986.9,989.9,985,3270988,901,2023-05-16T11:07:53Z
2022-04-02,10000002,11399,42000,43000,40600,2101998,764,2023-05-16T11:07:53Z
2022-04-03,10000002,34,4.1,4.13,3.97,4552516553,2170,2023-05-16T11:07:53Z
2022-04-03,10000002,35,9.25,9.3,8.93,2130601497,1781,2023-05-16T11:07:53Z
2022-04-03,10000002,36,71.71,71.76,70.96,415323066,1620,2023-05-16T11:07:53Z
2022-04-03,10000002,37,310,313.2,285.2,291118237,1468,2023-05-16T11:07:53Z
2022-04-03,10000002,38,1313,1318,1300,24117430,1131,2023-05-16T11:07:53Z
2022-04-03,10000002,39,1146,1149,1137,11890829,1013,2023-05-16T11:07:53Z
2022-04-03,10000002,40,990,990,989.7,4783735,952,2023-05-16T11:07:53Z
2022-04-03,10000002,11399,42760,42980,40240,1032156,680,2023-05-16T11:07:53Z
2022-04-04,10000002,34,4.15,4.23,3.91,5208831911,1813,2023-05-31T11:01:06Z
2022-04-04,10000002,35,7.18,8.13,7.16,4156888862,1528,2023-05-31T11:01:06Z
2022-04-04,10000002,36,68.5,71.5,68,677477699,1376,2023-05-31T11:01:06Z
2022-04-04,10000002,37,307.8,310,295,210882121,1196,2023-05-31T11:01:06Z
2022-04-04,10000002,38,1306,1307,1304,31972264,974,2023-05-31T11:01:06Z
2022-04-04,10000002,39,1142,1144,1138,9064763,925,2023-05-31T11:01:06Z
2022-04-04,10000002,40,1034,1035,1024,5560409,801,2023-05-31T11:01:06Z
2022-04-04,10000002,11399,40120,42810,39730,1490175,752,2023-05-31T11:01:06Z
2022-04-05,10000002,34,4.12,4.13,4.06,3492052401,1696,2023-05-16T11:07:53Z
2022-04-05,10000002,35,8.82,8.83,8.33,1797910496,1389,2023-05-16T11:07:53Z
2022-04-05,10000002,36,70.97,71.15,70.63,295137492,1260,2023-05-16T11:07:53Z
2022-04-05,10000002,37,307,312.8,303,421705896,1176,2023-05-16T11:07:53Z
2022-04-05,10000002,38,1280,1280,1280,19919652,867,2023-05-16T11:07:53Z
2022-04-05,10000002,39,1100,1134,1029,9890722,854,2023-05-16T11:07:53Z
2022-04-05,10000002,40,1030,1034,1029,10195563,808,2023-05-16T11:07:53Z
2022-04-05,10000002,11399,39060,41000,37450,1238408,620,2023-05-16T11:07:53Z
2022-04-06,10000002,34,4.08,4.14,4.07,4006453649,1589,2023-05-31T11:01:06Z
2022-04-06,10000002,35,8.27,8.99,8.18,2515257303,1387,2023-05-31T11:01:06Z
2022-04-06,10000002,36,68,68.03,68,581443426,1226,2023-05-31T11:01:06Z
2022-04-06,10000002,37,316.7,317,291.1,226895693,1139,2023-05-31T11:01:06Z
2022-04-06,10000002,38,1279,1298,1224,27939553,862,2023-05-31T11:01:06Z
2022-04-06,10000002,39,1099,1100,1099,12528827,778,2023-05-31T11:01:06Z
2022-04-06,10000002,40,1048,1050,1034,21792214,746,2023-05-31T11:01:06Z
2022-04-06,10000002,11399,38990,41840,37710,1081795,593,2023-05-31T11:01:06Z
2022-04-07,10000002,34,4.11,4.13,4.02,2653749626,1524,2023-05-19T11:01:06Z
2022-04-07,10000002,35,7.65,8.71,7.23,3441665905,1253,2023-05-19T11:01:06Z
2022-04-07,10000002,36,69,69.93,64,231980956,1084,2023-05-19T11:01:06Z
2022-04-07,10000002,37,301.6,316.4,289.4,206150670,1055,2023-05-19T11:01:06Z
2022-04-07,10000002,38,1376,1382,1299,21895605,789,2023-05-19T11:01:06Z
2022-04-07,10000002,39,1134,1135,1129,6934713,755,2023-05-19T11:01:06Z
2022-04-07,10000002,40,1348,1349,1330,6795234,677,2023-05-19T11:01:06Z
2022-04-07,10000002,11399,41800,41810,41750,850638,647,2023-05-19T11:01:06Z
2022-04-08,10000002,34,4.06,4.1,4.01,2695860054,1675,2023-05-31T11:01:06Z
2022-04-08,10000002,35,7.12,7.93,7.07,2179628004,1401,2023-05-31T11:01:06Z
2022-04-08,10000002,36,64.98,65.46,61.05,245602403,1202,2023-05-31T11:01:06Z
2022-04-08,10000002,37,299.9,313.6,290.3,146233441,1126,2023-05-31T11:01:06Z
2022-04-08,10000002,38,1338,1353,1327,13127213,896,2023-05-31T11:01:06Z
2022-04-08,10000002,39,1122,1124,1118,7118130,835,2023-05-31T11:01:06Z
2022-04-08,10000002,40,1133,1239,1000,12846278,785,2023-05-31T11:01:06Z
2022-04-08,10000002,11399,40500,42700,40210,1073623,620,2023-05-31T11:01:06Z
2022-04-09,10000002,34,4.05,4.12,4.01,3171606659,1886,2023-05-31T11:01:06Z
2022-04-09,10000002,35,7.35,7.74,6.85,4294573824,1568,2023-05-31T11:01:06Z
2022-04-09,10000002,36,64.56,65,62.06,255716406,1308,2023-05-31T11:01:06Z
2022-04-09,10000002,37,260.6,299.9,255.8,473716674,1360,2023-05-31T11:01:06Z
2022-04-09,10000002,38,1286,1289,1258,26016570,1038,2023-05-31T11:01:06Z
2022-04-09,10000002,39,1115,1118,1059,10891542,975,2023-05-31T11:01:06Z
2022-04-09,10000002,40,1109,1150,1100,10253797,815,2023-05-31T11:01:06Z
2022-04-09,10000002,11399,41910,42100,40330,1031489,735,2023-05-31T11:01:06Z
2022-04-10,10000002,34,4.03,4.05,3.9,3957988479,2091,2023-05-31T11:01:06Z
2022-04-10,10000002,35,7.21,7.54,7.04,3565248322,1787,2023-05-31T11:01:06Z
2022-04-10,10000002,36,62.16,64.4,61.02,400139277,1518,2023-05-31T11:01:06Z
2022-04-10,10000002,37,296.4,298.9,291.1,179113952,1502,2023-05-31T11:01:06Z
2022-04-10,10000002,38,1286,1287,1283,28142942,1124,2023-05-31T11:01:06Z
2022-04-10,10000002,39,1107,1110,1099,17497751,1052,2023-05-31T11:01:06Z
2022-04-10,10000002,40,1121,1132,1050,6046885,929,2023-05-31T11:01:06Z
2022-04-10,10000002,11399,41380,41500,39130,1032333,859,2023-05-31T11:01:06Z
2022-04-11,10000002,34,3.92,3.99,3.8,5180176534,1789,2023-05-16T11:07:53Z
2022-04-11,10000002,35,6.67,7.2,6.57,2535161955,1425,2023-05-16T11:07:53Z
2022-04-11,10000002,36,61.01,61.69,57.82,436261692,1246,2023-05-16T11:07:53Z
2022-04-11,10000002,37,306.9,311,295.7,142748923,1229,2023-05-16T11:07:53Z
2022-04-11,10000002,38,1283,1292,1229,21269433,948,2023-05-16T11:07:53Z
2022-04-11,10000002,39,1115,1125,999.4,11529049,915,2023-05-16T11:07:53Z
2022-04-11,10000002,40,1128,1132,1034,7783751,788,2023-05-16T11:07:53Z
2022-04-11,10000002,11399,41260,41380,40050,1040953,899,2023-05-16T11:07:53Z
2022-04-12,10000002,34,4.18,4.3,4.05,4927903851,1725,2023-05-16T11:07:53Z
2022-04-12,10000002,35,7.17,7.17,7.14,3045110199,1435,2023-05-16T11:07:53Z
2022-04-12,10000002,36,60.95,61.8,59.98,672017272,1208,2023-05-16T11:07:53Z
2022-04-12,10000002,37,310.7,311,290,175731238,1072,2023-05-16T11:07:53Z
2022-04-12,10000002,38,1272,1274,1265,28852678,842,2023-05-16T11:07:53Z
2022-04-12,10000002,39,1122,1123,1118,8821274,810,2023-05-16T11:07:53Z
2022-04-12,10000002,40,1128,1132,1042,8763639,745,2023-05-16T11:07:53Z
2022-04-12,10000002,11399,40500,41000,39970,1614804,816,2023-05-16T11:07:53Z
2022-04-13,10000002,34,4.12,4.29,3.97,3954777627,1676,2023-05-16T11:07:53Z
2022-04-13,10000002,35,7.38,7.44,6.84,4049400174,1361,2023-05-16T11:07:53Z
2022-04-13,10000002,36,64.46,64.81,64.34,604269608,1142,2023-05-16T11:07:53Z
2022-04-13,10000002,37,324,335,316.9,412655692,1133,2023-05-16T11:07:53Z
2022-04-13,10000002,38,1282,1285,1278,21047117,811,2023-05-16T11:07:53Z
2022-04-13,10000002,39,1108,1108,1107,11671519,771,2023-05-16T11:07:53Z
2022-04-13,10000002,40,1120,1208,1105,14692461,655,2023-05-16T11:07:53Z
2022-04-13,10000002,11399,41450,41690,39800,1052549,790,2023-05-16T11:07:53Z
2022-04-14,10000002,34,3.89,3.99,3.87,2401850827,1577,2023-05-16T11:07:53Z
2022-04-14,10000002,35,7.22,7.84,6.76,3605762822,1330,2023-05-16T11:07:53Z
2022-04-14,10000002,36,69.44,69.72,65,476337640,1153,2023-05-16T11:07:53Z
2022-04-14,10000002,37,408.7,437.5,374,199626191,1090,2023-05-16T11:07:53Z
2022-04-14,10000002,38,1297,1346,1282,24965393,878,2023-05-16T11:07:53Z
2022-04-14,10000002,39,1097,1104,983,6504833,845,2023-05-16T11:07:53Z
2022-04-14,10000002,40,1027,1117,941.4,8051150,767,2023-05-16T11:07:53Z
2022-04-14,10000002,11399,42000,42440,41750,1221102,853,2023-05-16T11:07:53Z
2022-04-15,10000002,34,3.92,3.97,3.85,3647597569,1703,2023-05-31T11:01:06Z
2022-04-15,10000002,35,6.66,6.66,6.52,6730115015,1438,2023-05-31T11:01:06Z
2022-04-15,10000002,36,60.04,63.29,60,537558349,1204,2023-05-31T11:01:06Z
2022-04-15,10000002,37,357.9,359,357.5,240551199,1245,2023-05-31T11:01:06Z
2022-04-15,10000002,38,1275,1293,1234,15692390,895,2023-05-31T11:01:06Z
2022-04-15,10000002,39,1096,1099,1039,6620313,861,2023-05-31T11:01:06Z
2022-04-15,10000002,40,1095,1095,1095,29689929,777,2023-05-31T11:01:06Z
2022-04-15,10000002,11399,42490,42500,40650,1465691,831,2023-05-31T11:01:06Z
2022-04-16,10000002,34,3.99,4.08,3.88,5520046616,1812,2023-05-31T11:01:06Z
2022-04-16,10000002,35,7.11,7.18,6.83,1597912475,1456,2023-05-31T11:01:06Z
2022-04-16,10000002,36,62.85,62.95,62,278198933,1269,2023-05-31T11:01:06Z
2022-04-16,10000002,37,358.8,364.7,357.4,203352858,1191,2023-05-31T11:01:06Z
2022-04-16,10000002,38,1285,1366,1238,29201535,983,2023-05-31T11:01:06Z
2022-04-16,10000002,39,1107,1119,1106,9862247,923,2023-05-31T11:01:06Z
2022-04-16,10000002,40,1290,1290,1290,8081403,798,2023-05-31T11:01:06Z
2022-04-16,10000002,11399,43000,44950,40000,832952,800,2023-05-31T11:01:06Z
2022-04-17,10000002,34,3.96,3.98,3.84,3662036602,2000,2023-05-16T11:07:53Z
2022-04-17,10000002,35,7.38,7.52,7.08,1980853061,1685,2023-05-16T11:07:53Z
2022-04-17,10000002,36,62,62.73,60.95,273075979,1386,2023-05-16T11:07:53Z
2022-04-17,10000002,37,339.9,347.7,334.7,440736111,1358,2023-05-16T11:07:53Z
2022-04-17,10000002,38,1338,1375,1293,35659324,1107,2023-05-16T11:07:53Z
2022-04-17,10000002,39,1135,1139,1130,8538418,1114,2023-05-16T11:07:53Z
2022-04-17,10000002,40,1237,1250,1110,6128208,960,2023-05-16T11:07:53Z
2022-04-17,10000002,11399,42050,44390,40050,974500,937,2023-05-16T11:07:53Z
2022-04-18,10000002,34,3.96,3.98,3.88,2951728157,1863,2023-05-31T11:01:06Z
2022-04-18,10000002,35,7.27,7.42,7.03,1326844409,1547,2023-05-31T11:01:06Z
2022-04-18,10000002,36,62.01,62.68,61.66,295849868,1256,2023-05-31T11:01:06Z
2022-04-18,10000002,37,344.1,370.4,336.6,192188283,1131,2023-05-31T11:01:06Z
2022-04-18,10000002,38,1289,1290,1244,17579164,1039,2023-05-31T11:01:06Z
2022-04-18,10000002,39,1128,1130,1124,8940739,943,2023-05-31T11:01:06Z
2022-04-18,10000002,40,1125,1200,1062,16894617,831,2023-05-31T11:01:06Z
2022-04-18,10000002,11399,42210,44390,41520,865633,701,2023-05-31T11:01:06Z
2022-04-19,10000002,34,3.87,3.95,3.8,4074748079,1731,2023-05-19T11:01:06Z
2022-04-19,10000002,35,7.15,7.27,7.13,1684929722,1471,2023-05-19T11:01:06Z
2022-04-19,10000002,36,62.82,63.09,62.39,369809626,1174,2023-05-19T11:01:06Z
2022-04-19,10000002,37,270,295,270,647048302,1212,2023-05-19T11:01:06Z
2022-04-19,10000002,38,1261,1262,1259,16703796,993,2023-05-19T11:01:06Z
2022-04-19,10000002,39,1122,1131,1092,10726782,917,2023-05-19T11:01:06Z
2022-04-19,10000002,40,1103,1103,1100,7615003,833,2023-05-19T11:01:06Z
2022-04-19,10000002,11399,42600,42910,41690,853152,787,2023-05-19T11:01:06Z
2022-04-20,10000002,34,3.89,3.94,3.8,3537258684,1718,2023-05-31T11:01:06Z
2022-04-20,10000002,35,7.33,7.39,7.14,2057041855,1508,2023-05-31T11:01:06Z
2022-04-20,10000002,36,62.79,63.47,62.44,560368015,1327,2023-05-31T11:01:06Z
2022-04-20,10000002,37,360,361.8,340,123127174,1191,2023-05-31T11:01:06Z
2022-04-20,10000002,38,1269,1330,1259,22815418,969,2023-05-31T11:01:06Z
2022-04-20,10000002,39,1117,1120,1090,8454089,914,2023-05-31T11:01:06Z
2022-04-20,10000002,40,1112,1180,1100,7196276,847,2023-05-31T11:01:06Z
2022-04-20,10000002,11399,42350,43990,42000,1550740,748,2023-05-31T11:01:06Z
2022-04-21,10000002,34,3.87,3.89,3.85,3890440245,1564,2023-05-31T11:01:06Z
2022-04-21,10000002,35,7.39,7.57,7.25,2607834851,1389,2023-05-31T11:01:06Z
2022-04-21,10000002,36,62.63,62.76,61.5,325951191,1133,2023-05-31T11:01:06Z
2022-04-21,10000002,37,356.5,357,342.2,154955083,1051,2023-05-31T11:01:06Z
2022-04-21,10000002,38,1238,1334,1233,22348189,850,2023-05-31T11:01:06Z
2022-04-21,10000002,39,1110,1111,991.1,9896773,834,2023-05-31T11:01:06Z
2022-04-21,10000002,40,1193,1195,1042,4703366,715,2023-05-31T11:01:06Z
2022-04-21,10000002,11399,43000,44460,42200,918374,712,2023-05-31T11:01:06Z
2022-04-22,10000002,34,3.84,3.89,3.73,4054967290,1755,2023-05-16T11:07:53Z
2022-04-22,10000002,35,7.43,7.68,7.31,2342090983,1446,2023-05-16T11:07:53Z
2022-04-22,10000002,36,57.2,61.34,57.15,307278657,1207,2023-05-16T11:07:53Z
2022-04-22,10000002,37,345,355,310.5,139512839,1151,2023-05-16T11:07:53Z
2022-04-22,10000002,38,1250,1307,1208,19134858,933,2023-05-16T11:07:53Z
2022-04-22,10000002,39,1087,1089,1024,7454582,893,2023-05-16T11:07:53Z
2022-04-22,10000002,40,1070,1077,1048,11477307,813,2023-05-16T11:07:53Z
2022-04-22,10000002,11399,43100,44480,42820,1193626,801,2023-05-16T11:07:53Z
2022-04-23,10000002,34,3.73,3.79,3.71,6225612297,1886,2023-05-31T11:01:06Z
2022-04-23,10000002,35,7.68,7.8,7.36,2058817350,1482,2023-05-31T11:01:06Z
2022-04-23,10000002,36,59.62,60.86,57.25,348118750,1269,2023-05-31T11:01:06Z
2022-04-23,10000002,37,352.7,356.4,340,182562647,1220,2023-05-31T11:01:06Z
2022-04-23,10000002,38,1281,1298,1168,33513551,1016,2023-05-31T11:01:06Z
2022-04-23,10000002,39,1084,1098,994.6,12905573,943,2023-05-31T11:01:06Z
2022-04-23,10000002,40,1000,1110,941.3,10557424,818,2023-05-31T11:01:06Z
2022-04-23,10000002,11399,42370,44150,40300,1109441,704,2023-05-31T11:01:06Z
2022-04-24,10000002,34,3.74,3.78,3.72,4321388031,2007,2023-05-16T11:07:53Z
2022-04-24,10000002,35,7.8,7.99,7.22,1935667436,1591,2023-05-16T11:07:53Z
2022-04-24,10000002,36,59.96,60.7,57.01,279688543,1305,2023-05-16T11:07:53Z
2022-04-24,10000002,37,351,356.9,339.5,155208315,1220,2023-05-16T11:07:53Z
2022-04-24,10000002,38,1265,1285,1178,19739437,977,2023-05-16T11:07:53Z
2022-04-24,10000002,39,1094,1096,1092,8170145,926,2023-05-16T11:07:53Z
2022-04-24,10000002,40,1085,1094,1000,6896470,832,2023-05-16T11:07:53Z
2022-04-24,10000002,11399,44250,44480,40440,1559636,761,2023-05-16T11:07:53Z
2022-04-25,10000002,34,3.94,4.01,3.76,6275242817,1754,2023-05-31T11:01:06Z
2022-04-25,10000002,35,7.49,8.15,7.4,2337385585,1345,2023-05-31T11:01:06Z
2022-04-25,10000002,36,58.99,59.68,56.1,460837010,1120,2023-05-31T11:01:06Z
2022-04-25,10000002,37,331.5,344.8,326.4,201717839,1011,2023-05-31T11:01:06Z
2022-04-25,10000002,38,1217,1222,1209,25815091,831,2023-05-31T11:01:06Z
2022-04-25,10000002,39,1097,1099,1095,15199565,759,2023-05-31T11:01:06Z
2022-04-25,10000002,40,1055,1057,1055,8120817,693,2023-05-31T11:01:06Z
2022-04-25,10000002,11399,44560,44680,41630,823757,667,2023-05-31T11:01:06Z
2022-04-26,10000002,34,3.97,4.02,3.77,2653143524,1440,2023-05-31T11:01:06Z
2022-04-26,10000002,35,7.1,7.44,6.85,1415949669,1149,2023-05-31T11:01:06Z
2022-04-26,10000002,36,57.99,59.11,54.86,226585759,1018,2023-05-31T11:01:06Z
2022-04-26,10000002,37,337.9,343.5,328.2,208006078,945,2023-05-31T11:01:06Z
2022-04-26,10000002,38,1188,1219,1183,24832327,839,2023-05-31T11:01:06Z
2022-04-26,10000002,39,1113,1116,1090,5849746,715,2023-05-31T11:01:06Z
2022-04-26,10000002,40,1048,1080,1014,4507554,596,2023-05-31T11:01:06Z
2022-04-26,10000002,11399,44500,44720,41900,853711,710,2023-05-31T11:01:06Z
2022-04-27,10000002,34,3.78,3.84,3.76,2728051367,1496,2023-05-19T11:01:06Z
2022-04-27,10000002,35,7,7.28,6.82,1576809030,1203,2023-05-19T11:01:06Z
2022-04-27,10000002,36,56.94,58.5,54.39,264227409,1079,2023-05-19T11:01:06Z
2022-04-27,10000002,37,335.1,341.9,318,179765723,975,2023-05-19T11:01:06Z
2022-04-27,10000002,38,1135,1155,1127,15276145,838,2023-05-19T11:01:06Z
2022-04-27,10000002,39,1028,1033,1015,9408933,780,2023-05-19T11:01:06Z
2022-04-27,10000002,40,1019,1021,1013,5122913,712,2023-05-19T11:01:06Z
2022-04-27,10000002,11399,43200,44540,42930,652901,635,2023-05-19T11:01:06Z
2022-04-28,10000002,34,3.71,3.74,3.7,4480715035,1460,2023-05-31T11:01:06Z
2022-04-28,10000002,35,7.17,7.18,7.16,3764191916,1197,2023-05-31T11:01:06Z
2022-04-28,10000002,36,56.83,56.91,54.52,318530276,1025,2023-05-31T11:01:06Z
2022-04-28,10000002,37,342.2,343.2,322.3,147009714,970,2023-05-31T11:01:06Z
2022-04-28,10000002,38,1109,1116,1090,24581267,802,2023-05-31T11:01:06Z
2022-04-28,10000002,39,1006,1012,992.5,12911751,814,2023-05-31T11:01:06Z
2022-04-28,10000002,40,1025,1042,1021,5328196,639,2023-05-31T11:01:06Z
2022-04-28,10000002,11399,44100,44200,42990,994622,695,2023-05-31T11:01:06Z
2022-04-29,10000002,34,3.79,3.84,3.67,2830967065,1611,2023-05-16T11:07:53Z
2022-04-29,10000002,35,7.58,7.76,7.19,1154615093,1341,2023-05-16T11:07:53Z
2022-04-29,10000002,36,56.39,56.81,54.75,313559949,1135,2023-05-16T11:07:53Z
2022-04-29,10000002,37,341.9,342,330,220880641,1058,2023-05-16T11:07:53Z
2022-04-29,10000002,38,1071,1074,1020,20498494,869,2023-05-16T11:07:53Z
2022-04-29,10000002,39,998.3,998.6,917.1,9303556,835,2023-05-16T11:07:53Z
2022-04-29,10000002,40,1018,1018,1018,7337965,697,2023-05-16T11:07:53Z
2022-04-29,10000002,11399,43550,43700,41780,987038,652,2023-05-16T11:07:53Z
2022-04-30,10000002,34,3.79,3.8,3.66,5461084962,1742,2023-05-16T11:07:53Z
2022-04-30,10000002,35,7.31,7.42,7.22,2359272399,1361,2023-05-16T11:07:53Z
2022-04-30,10000002,36,55.94,56.2,54.56,369025684,1178,2023-05-16T11:07:53Z
2022-04-30,10000002,37,336.4,356.4,325.7,310555096,1151,2023-05-16T11:07:53Z
2022-04-30,10000002,38,1061,1063,1061,41034995,882,2023-05-16T11:07:53Z
2022-04-30,10000002,39,999.1,1037,905.1,11869258,871,2023-05-16T11:07:53Z
2022-04-30,10000002,40,1018,1018,1018,11803014,728,2023-05-16T11:07:53Z
2022-04-30,10000002,11399,43490,43600,41050,1750885,796,2023-05-16T11:07:53Z
2022-05-01,10000002,34,3.7,3.81,3.67,5187321160,1902,2023-06-22T11:12:12Z
2022-05-01,10000002,35,7.52,7.56,6.92,2157226279,1489,2023-06-22T11:12:12Z
2022-05-01,10000002,36,54.52,55.81,54.36,491476121,1393,2023-06-22T11:12:12Z
2022-05-01,10000002,37,356.8,358.9,339.8,114892441,1204,2023-06-22T11:12:12Z
2022-05-01,10000002,38,1116,1121,1110,20296259,977,2023-06-22T11:12:12Z
2022-05-01,10000002,39,1025,1027,1023,8692704,951,2023-06-22T11:12:12Z
2022-05-01,10000002,40,1065,1065,1065,6758716,842,2023-06-22T11:12:12Z
2022-05-01,10000002,11399,43910,44190,40590,811299,799,2023-06-22T11:12:12Z
2022-05-02,10000002,34,3.71,3.79,3.67,2533199280,1548,2023-06-22T11:12:12Z
2022-05-02,10000002,35,7.53,7.62,7.27,1598417074,1351,2023-06-22T11:12:12Z
2022-05-02,10000002,36,54.65,55.8,53.16,358532418,1167,2023-06-22T11:12:12Z
2022-05-02,10000002,37,317.5,342,303.5,277740993,1087,2023-06-22T11:12:12Z
2022-05-02,10000002,38,1114,1123,1096,31878605,920,2023-06-22T11:12:12Z
2022-05-02,10000002,39,1024,1030,985,11669969,857,2023-06-22T11:12:12Z
2022-05-02,10000002,40,1050,1061,991,7445819,726,2023-06-22T11:12:12Z
2022-05-02,10000002,11399,43500,43960,40440,1588546,867,2023-06-22T11:12:12Z
2022-05-03,10000002,34,3.75,3.75,3.75,5045810493,1509,2023-05-31T11:01:06Z
2022-05-03,10000002,35,7.33,7.8,7.26,1512297406,1213,2023-05-31T11:01:06Z
2022-05-03,10000002,36,53.21,54.44,50.45,224837769,1077,2023-05-31T11:01:06Z
2022-05-03,10000002,37,341.6,347.8,309.3,135563863,977,2023-05-31T11:01:06Z
2022-05-03,10000002,38,1129,1137,1100,23295695,807,2023-05-31T11:01:06Z
2022-05-03,10000002,39,1026,1028,987.6,8312600,760,2023-05-31T11:01:06Z
2022-05-03,10000002,40,1000,1044,994,6786230,659,2023-05-31T11:01:06Z
2022-05-03,10000002,11399,42520,44500,42340,582289,654,2023-05-31T11:01:06Z
2022-05-04,10000002,34,3.78,3.8,3.62,3648100437,1629,2023-06-18T11:01:00Z
2022-05-04,10000002,35,7.94,7.97,7.66,3151940562,1314,2023-06-18T11:01:00Z
2022-05-04,10000002,36,52.29,52.32,50.32,313049210,1156,2023-06-18T11:01:00Z
2022-05-04,10000002,37,338,339.5,308,172286160,1108,2023-06-18T11:01:00Z
2022-05-04,10000002,38,1188,1196,1132,22151784,853,2023-06-18T11:01:00Z
2022-05-04,10000002,39,1027,1027,1026,10482372,861,2023-06-18T11:01:00Z
2022-05-04,10000002,40,1035,1035,1035,7572203,758,2023-06-18T11:01:00Z
2022-05-04,10000002,11399,42300,43430,40400,1129752,674,2023-06-18T11:01:00Z
2022-05-05,10000002,34,3.8,3.81,3.76,2759584056,1670,2023-06-06T11:01:01Z
2022-05-05,10000002,35,7.9,7.9,7.8,1404932968,1304,2023-06-06T11:01:01Z
2022-05-05,10000002,36,51.67,51.96,48.25,229858428,1148,2023-06-06T11:01:01Z
2022-05-05,10000002,37,324.2,341.3,310,363321072,1158,2023-06-06T11:01:01Z
2022-05-05,10000002,38,1184,1214,1138,21035771,868,2023-06-06T11:01:01Z
2022-05-05,10000002,39,1029,1031,1020,11261160,859,2023-06-06T11:01:01Z
2022-05-05,10000002,40,1059,1083,980.7,5958837,721,2023-06-06T11:01:01Z
2022-05-05,10000002,11399,41510,43360,39800,1182452,787,2023-06-06T11:01:01Z
2022-05-06,10000002,34,3.8,3.81,3.74,3732863596,1602,2023-06-27T11:05:30Z
2022-05-06,10000002,35,7.61,7.77,7.5,2001412133,1243,2023-06-27T11:05:30Z
2022-05-06,10000002,36,50.51,50.66,48.38,280655312,1077,2023-06-27T11:05:30Z
2022-05-06,10000002,37,337.8,340,335.9,104493897,1052,2023-06-27T11:05:30Z
2022-05-06,10000002,38,1183,1184,1176,21714571,888,2023-06-27T11:05:30Z
2022-05-06,10000002,39,1030,1044,964.6,10172391,844,2023-06-27T11:05:30Z
2022-05-06,10000002,40,980.4,1024,929.3,6895142,687,2023-06-27T11:05:30Z
2022-05-06,10000002,11399,41530,41540,40060,611030,663,2023-06-27T11:05:30Z
2022-05-07,10000002,34,3.8,3.83,3.72,3197706299,1969,2023-06-02T11:01:01Z
2022-05-07,10000002,35,7.42,7.78,7.19,1644594168,1466,2023-06-02T11:01:01Z
2022-05-07,10000002,36,49.9,50.61,48.98,335277889,1281,2023-06-02T11:01:01Z
2022-05-07,10000002,37,333,335.8,320.5,213690300,1220,2023-06-02T11:01:01Z
2022-05-07,10000002,38,1174,1182,1169,21857758,898,2023-06-02T11:01:01Z
2022-05-07,10000002,39,1018,1020,1013,7012190,837,2023-06-02T11:01:01Z
2022-05-07,10000002,40,998.6,998.9,997,6558894,722,2023-06-02T11:01:01Z
2022-05-07,10000002,11399,41100,42970,40970,1382958,780,2023-06-02T11:01:01Z
2022-05-08,10000002,34,3.8,3.82,3.7,3965660552,2107,2023-06-04T11:01:03Z
2022-05-08,10000002,35,7.45,7.48,7.35,1322138576,1601,2023-06-04T11:01:03Z
2022-05-08,10000002,36,49.61,49.76,47.95,318251053,1321,2023-06-04T11:01:03Z
2022-05-08,10000002,37,318.9,320.4,315,224254355,1339,2023-06-04T11:01:03Z
2022-05-08,10000002,38,1151,1157,1145,30081900,1073,2023-06-04T11:01:03Z
2022-05-08,10000002,39,999.8,1018,989.3,10297389,988,2023-06-04T11:01:03Z
2022-05-08,10000002,40,994,994.8,993.7,7248318,832,2023-06-04T11:01:03Z
2022-05-08,10000002,11399,39940,40480,38500,900142,784,2023-06-04T11:01:03Z
2022-05-09,10000002,34,3.78,3.83,3.66,3698799707,1987,2023-06-18T11:01:00Z
2022-05-09,10000002,35,7.42,7.44,7.18,1897191474,1522,2023-06-18T11:01:00Z
2022-05-09,10000002,36,48.27,48.3,46.62,509876620,1330,2023-06-18T11:01:00Z
2022-05-09,10000002,37,307,314,292,535154045,1266,2023-06-18T11:01:00Z
2022-05-09,10000002,38,1130,1131,1127,28237904,911,2023-06-18T11:01:00Z
2022-05-09,10000002,39,1013,1013,1013,12228351,839,2023-06-18T11:01:00Z
2022-05-09,10000002,40,991.9,991.9,991.9,7532587,749,2023-06-18T11:01:00Z
2022-05-09,10000002,11399,42990,43770,39940,1353023,737,2023-06-18T11:01:00Z
2022-05-10,10000002,34,3.98,3.99,3.83,5180932157,2360,2023-06-27T11:05:30Z
2022-05-10,10000002,35,7.78,7.91,7.5,3874796936,1965,2023-06-27T11:05:30Z
2022-05-10,10000002,36,49.95,51.17,48.28,871659819,1870,2023-06-27T11:05:30Z
2022-05-10,10000002,37,325,330,320,324659455,1766,2023-06-27T11:05:30Z
2022-05-10,10000002,38,1136,1137,1105,42381263,1420,2023-06-27T11:05:30Z
2022-05-10,10000002,39,980.2,1011,978.4,18853829,1402,2023-06-27T11:05:30Z
2022-05-10,10000002,40,990.7,991,965.6,12545749,1271,2023-06-27T11:05:30Z
2022-05-10,10000002,11399,42900,43760,41160,1205217,734,2023-06-27T11:05:30Z
2022-05-11,10000002,34,3.96,4,3.87,4901433283,1949,2023-06-07T11:01:05Z
2022-05-11,10000002,35,7.77,7.86,7.67,2644688818,1531,2023-06-07T11:01:05Z
2022-05-11,10000002,36,50,53.89,49.99,891570812,1433,2023-06-07T11:01:05Z
2022-05-11,10000002,37,325.7,329.1,312.9,241724000,1320,2023-06-07T11:01:05Z
2022-05-11,10000002,38,1052,1137,1021,40424219,1073,2023-06-07T11:01:05Z
2022-05-11,10000002,39,1006,1006,1005,9286862,1013,2023-06-07T11:01:05Z
2022-05-11,10000002,40,990.2,990.3,990.2,5358391,904,2023-06-07T11:01:05Z
2022-05-11,10000002,11399,41500,44020,41210,1133099,567,2023-06-07T11:01:05Z
2022-05-12,10000002,34,3.98,4.06,3.81,4050296923,2049,2023-06-27T11:05:30Z
2022-05-12,10000002,35,8.19,9,7.98,2290724322,1592,2023-06-27T11:05:30Z
2022-05-12,10000002,36,54,54.16,53.93,456545118,1450,2023-06-27T11:05:30Z
2022-05-12,10000002,37,326.5,326.7,325.1,199301431,1420,2023-06-27T11:05:30Z
2022-05-12,10000002,38,1049,1069,1011,32836578,1167,2023-06-27T11:05:30Z
2022-05-12,10000002,39,1029,1034,1014,14152399,1098,2023-06-27T11:05:30Z
2022-05-12,10000002,40,992.1,1022,991.7,22235640,1002,2023-06-27T11:05:30Z
2022-05-12,10000002,11399,43780,43940,42880,877337,667,2023-06-27T11:05:30Z
2022-05-13,10000002,34,4.05,4.09,4.03,4247097667,1776,2023-06-19T11:00:57Z
2022-05-13,10000002,35,8.85,8.91,8.21,2668595352,1433,2023-06-19T11:00:57Z
2022-05-13,10000002,36,53.88,54,53.83,336186296,1275,2023-06-19T11:00:57Z
2022-05-13,10000002,37,331.5,333,316,287283974,1292,2023-06-19T11:00:57Z
2022-05-13,10000002,38,1064,1119,1029,32892853,1036,2023-06-19T11:00:57Z
2022-05-13,10000002,39,1032,1035,1028,15956623,945,2023-06-19T11:00:57Z
2022-05-13,10000002,40,1057,1058,1041,7642473,842,2023-06-19T11:00:57Z
2022-05-13,10000002,11399,43220,43950,40000,2781503,1018,2023-06-19T11:00:57Z
2022-05-14,10000002,34,3.97,4,3.88,3662958031,2116,2023-06-27T11:05:30Z
2022-05-14,10000002,35,8.4,8.8,8.24,2693839231,1665,2023-06-27T11:05:30Z
2022-05-14,10000002,36,53.62,53.77,51.03,469828145,1534,2023-06-27T11:05:30Z
2022-05-14,10000002,37,319.9,334.5,300,418916479,1522,2023-06-27T11:05:30Z
2022-05-14,10000002,38,1122,1136,1081,33829804,1121,2023-06-27T11:05:30Z
2022-05-14,10000002,39,1033,1034,1007,15825237,1107,2023-06-27T11:05:30Z
2022-05-14,10000002,40,971.1,1036,957.6,12077486,1018,2023-06-27T11:05:30Z
2022-05-14,10000002,11399,44800,44820,44790,942515,782,2023-06-27T11:05:30Z
2022-05-15,10000002,34,3.85,3.91,3.75,4848486845,2235,2023-06-12T11:01:00Z
2022-05-15,10000002,35,8.33,8.57,8.06,2790213878,1859,2023-06-12T11:01:00Z
2022-05-15,10000002,36,55.91,59.18,53.35,695087298,1753,2023-06-12T11:01:00Z
2022-05-15,10000002,37,343.3,347.5,320,253385003,1642,2023-06-12T11:01:00Z
2022-05-15,10000002,38,1106,1111,1070,32805924,1284,2023-06-12T11:01:00Z
2022-05-15,10000002,39,1030,1035,946.5,16462475,1196,2023-06-12T11:01:00Z
2022-05-15,10000002,40,1032,1037,970.9,10133554,1055,2023-06-12T11:01:00Z
2022-05-15,10000002,11399,42860,42900,42250,1295342,865,2023-06-12T11:01:00Z
2022-05-16,10000002,34,3.79,3.89,3.73,4786302137,1800,2023-06-25T11:01:01Z
2022-05-16,10000002,35,8.41,8.47,8.34,1940902539,1424,2023-06-25T11:01:01Z
2022-05-16,10000002,36,57.67,59.01,57,412214281,1250,2023-06-25T11:01:01Z
2022-05-16,10000002,37,345,360.9,333.1,249553675,1200,2023-06-25T11:01:01Z
2022-05-16,10000002,38,1101,1109,1081,27786538,968,2023-06-25T11:01:01Z
2022-05-16,10000002,39,1009,1034,1002,16203086,880,2023-06-25T11:01:01Z
2022-05-16,10000002,40,1033,1038,1001,9210967,749,2023-06-25T11:01:01Z
2022-05-16,10000002,11399,42030,42860,41970,993615,707,2023-06-25T11:01:01Z
2022-05-17,10000002,34,3.76,3.8,3.75,5395491455,1771,2023-06-04T11:01:03Z
2022-05-17,10000002,35,8.27,8.47,8.18,2496838725,1385,2023-06-04T11:01:03Z
2022-05-17,10000002,36,58.8,59.13,58.04,593359397,1287,2023-06-04T11:01:03Z
2022-05-17,10000002,37,341.9,371.8,341.5,228391268,1225,2023-06-04T11:01:03Z
2022-05-17,10000002,38,1087,1093,1059,25374346,965,2023-06-04T11:01:03Z
2022-05-17,10000002,39,1019,1020,1018,12290599,910,2023-06-04T11:01:03Z
2022-05-17,10000002,40,1031,1038,1030,6938466,808,2023-06-04T11:01:03Z
2022-05-17,10000002,11399,41620,42500,41030,1470755,810,2023-06-04T11:01:03Z
2022-05-18,10000002,34,3.9,3.91,3.86,3606294216,1693,2023-06-04T11:01:03Z
2022-05-18,10000002,35,8.57,8.76,8.5,1717511712,1366,2023-06-04T11:01:03Z
2022-05-18,10000002,36,59.68,59.77,58.58,373589342,1301,2023-06-04T11:01:03Z
2022-05-18,10000002,37,340.3,361,319.2,262448852,1203,2023-06-04T11:01:03Z
2022-05-18,10000002,38,1100,1101,1089,33307980,1001,2023-06-04T11:01:03Z
2022-05-18,10000002,39,1023,1034,1012,17964930,944,2023-06-04T11:01:03Z
2022-05-18,10000002,40,1050,1080,990,9034620,805,2023-06-04T11:01:03Z
2022-05-18,10000002,11399,43940,44670,43810,1046304,784,2023-06-04T11:01:03Z
2022-05-19,10000002,34,3.91,3.98,3.8,2696357386,1655,2023-06-25T11:01:01Z
2022-05-19,10000002,35,8.82,8.95,8.29,1700447845,1322,2023-06-25T11:01:01Z
2022-05-19,10000002,36,60.94,65.89,59.7,345771899,1278,2023-06-25T11:01:01Z
2022-05-19,10000002,37,364,368,332.9,225038079,1098,2023-06-25T11:01:01Z
2022-05-19,10000002,38,1093,1101,1020,22807750,910,2023-06-25T11:01:01Z
2022-05-19,10000002,39,1033,1034,1032,8987615,834,2023-06-25T11:01:01Z
2022-05-19,10000002,40,1091,1099,1026,5887371,743,2023-06-25T11:01:01Z
2022-05-19,10000002,11399,44190,44490,43050,855570,684,2023-06-25T11:01:01Z
2022-05-20,10000002,34,3.8,3.82,3.75,4019515453,1620,2023-06-09T11:01:08Z
2022-05-20,10000002,35,8.86,8.88,8.51,1545392928,1664,2023-06-09T11:01:08Z
2022-05-20,10000002,36,64.46,65.61,61.03,284327060,1188,2023-06-09T11:01:08Z
2022-05-20,10000002,37,356.4,360.2,335.4,179819812,1334,2023-06-09T11:01:08Z
2022-05-20,10000002,38,1079,1089,1077,30185213,1009,2023-06-09T11:01:08Z
2022-05-20,10000002,39,1037,1049,1035,17400072,846,2023-06-09T11:01:08Z
2022-05-20,10000002,40,1090,1092,1084,6738068,790,2023-06-09T11:01:08Z
2022-05-20,10000002,11399,43460,44400,40680,813910,820,2023-06-09T11:01:08Z
2022-05-21,10000002,34,3.82,3.86,3.76,4777599410,2002,2023-06-18T11:01:00Z
2022-05-21,10000002,35,8.87,8.88,8.85,2136321996,1611,2023-06-18T11:01:00Z
2022-05-21,10000002,36,60.96,64.91,59.3,551048038,1525,2023-06-18T11:01:00Z
2022-05-21,10000002,37,331,353.9,321.8,283241116,1328,2023-06-18T11:01:00Z
2022-05-21,10000002,38,1131,1138,1117,25644315,1056,2023-06-18T11:01:00Z
2022-05-21,10000002,39,1114,1115,1099,10046477,988,2023-06-18T11:01:00Z
2022-05-21,10000002,40,1094,1095,1092,8034091,910,2023-06-18T11:01:00Z
2022-05-21,10000002,11399,44290,44480,42000,1078466,789,2023-06-18T11:01:00Z
2022-05-22,10000002,34,3.75,3.85,3.7,5274121594,2045,2023-06-24T11:01:06Z
2022-05-22,10000002,35,9.14,9.3,8.98,2146557387,1707,2023-06-24T11:01:06Z
2022-05-22,10000002,36,64.33,64.5,59.17,391865669,1412,2023-06-24T11:01:06Z
2022-05-22,10000002,37,346.8,350.8,330.7,172224540,1365,2023-06-24T11:01:06Z
2022-05-22,10000002,38,1120,1124,1094,34409478,1093,2023-06-24T11:01:06Z
2022-05-22,10000002,39,1155,1158,1095,10219192,994,2023-06-24T11:01:06Z
2022-05-22,10000002,40,1200,1200,1200,28580401,910,2023-06-24T11:01:06Z
2022-05-22,10000002,11399,43010,44390,41600,1187259,773,2023-06-24T11:01:06Z
2022-05-23,10000002,34,3.8,3.81,3.76,4383554406,1587,2023-06-16T11:04:41Z
2022-05-23,10000002,35,9.26,10.13,8.12,2179517293,1304,2023-06-16T11:04:41Z
2022-05-23,10000002,36,64.16,64.39,59.75,394982284,1167,2023-06-16T11:04:41Z
2022-05-23,10000002,37,346.1,346.5,334,151337972,1132,2023-06-16T11:04:41Z
2022-05-23,10000002,38,1110,1112,1098,18664379,856,2023-06-16T11:04:41Z
2022-05-23,10000002,39,1141,1149,1140,8717296,749,2023-06-16T11:04:41Z
2022-05-23,10000002,40,1279,1279,1279,13767205,639,2023-06-16T11:04:41Z
2022-05-23,10000002,11399,43800,43970,41660,965196,718,2023-06-16T11:04:41Z
2022-05-24,10000002,34,3.83,3.85,3.8,3237699606,1872,2023-06-16T11:04:41Z
2022-05-24,10000002,35,9.11,9.24,9.06,1583513924,1446,2023-06-16T11:04:41Z
2022-05-24,10000002,36,64.27,64.39,60.74,423392780,1287,2023-06-16T11:04:41Z
2022-05-24,10000002,37,346.2,347.7,326.1,262823962,1330,2023-06-16T11:04:41Z
2022-05-24,10000002,38,1118,1129,1090,33239579,976,2023-06-16T11:04:41Z
2022-05-24,10000002,39,1148,1149,1140,12316204,870,2023-06-16T11:04:41Z
2022-05-24,10000002,40,1282,1292,1267,9640456,798,2023-06-16T11:04:41Z
2022-05-24,10000002,11399,43410,44300,43150,987071,692,2023-06-16T11:04:41Z
2022-05-25,10000002,34,3.76,3.88,3.6,3849333034,1765,2023-06-01T11:01:08Z
2022-05-25,10000002,35,9.12,9.18,8.34,1677331041,1402,2023-06-01T11:01:08Z
2022-05-25,10000002,36,63.9,64.11,59.23,296343612,1249,2023-06-01T11:01:08Z
2022-05-25,10000002,37,357,359,330.1,137836008,1189,2023-06-01T11:01:08Z
2022-05-25,10000002,38,1127,1140,1123,37545032,916,2023-06-01T11:01:08Z
2022-05-25,10000002,39,1155,1157,1148,7687286,871,2023-06-01T11:01:08Z
2022-05-25,10000002,40,1200,1279,1180,4789766,766,2023-06-01T11:01:08Z
2022-05-25,10000002,11399,43240,43810,41760,1212238,724,2023-06-01T11:01:08Z
2022-05-26,10000002,34,3.77,3.82,3.7,2845259662,1661,2023-05-16T11:07:53Z
2022-05-26,10000002,35,8.91,8.96,8.85,2399313260,1398,2023-05-16T11:07:53Z
2022-05-26,10000002,36,61.07,63.7,60,293446013,1224,2023-05-16T11:07:53Z
2022-05-26,10000002,37,355.8,358,326.3,193165820,1142,2023-05-16T11:07:53Z
2022-05-26,10000002,38,1157,1164,1115,19140936,939,2023-05-16T11:07:53Z
2022-05-26,10000002,39,1197,1200,1170,13187481,875,2023-05-16T11:07:53Z
2022-05-26,10000002,40,1268,1300,1132,5769336,806,2023-05-16T11:07:53Z
2022-05-26,10000002,11399,41550,43090,40440,1745983,788,2023-05-16T11:07:53Z
2022-05-27,10000002,34,3.8,3.8,3.8,4921615904,1846,2023-06-19T11:00:57Z
2022-05-27,10000002,35,8.85,8.94,8.73,2065823588,1425,2023-06-19T11:00:57Z
2022-05-27,10000002,36,62.91,62.98,59.32,353935297,1284,2023-06-19T11:00:57Z
2022-05-27,10000002,37,328.1,348.9,310,340599388,1222,2023-06-19T11:00:57Z
2022-05-27,10000002,38,1078,1080,1050,18123779,980,2023-06-19T11:00:57Z
2022-05-27,10000002,39,1299,1358,1210,8825818,903,2023-06-19T11:00:57Z
2022-05-27,10000002,40,1200,1226,1110,5282260,812,2023-06-19T11:00:57Z
2022-05-27,10000002,11399,42730,42760,40640,765634,598,2023-06-19T11:00:57Z
2022-05-28,10000002,34,3.73,3.85,3.61,4339666692,1997,2023-06-19T11:00:57Z
2022-05-28,10000002,35,8.94,9.11,8.72,2141696438,1638,2023-06-19T11:00:57Z
2022-05-28,10000002,36,60.98,61,60.2,473764242,1452,2023-06-19T11:00:57Z
2022-05-28,10000002,37,340,348.8,335.3,207683041,1399,2023-06-19T11:00:57Z
2022-05-28,10000002,38,1064,1074,1014,43794657,1105,2023-06-19T11:00:57Z
2022-05-28,10000002,39,1279,1286,1235,10068171,1047,2023-06-19T11:00:57Z
2022-05-28,10000002,40,1198,1211,1141,6417754,942,2023-06-19T11:00:57Z
2022-05-28,10000002,11399,42000,42500,40700,1416155,785,2023-06-19T11:00:57Z
2022-05-29,10000002,34,3.8,3.82,3.74,3350202188,2036,2023-06-22T11:12:12Z
2022-05-29,10000002,35,9.08,9.11,8.81,1691249780,1592,2023-06-22T11:12:12Z
2022-05-29,10000002,36,61.69,61.7,61.68,527083499,1498,2023-06-22T11:12:12Z
2022-05-29,10000002,37,348.4,350.8,346,226644925,1427,2023-06-22T11:12:12Z
2022-05-29,10000002,38,1074,1077,1073,26580421,1110,2023-06-22T11:12:12Z
2022-05-29,10000002,39,1244,1269,1196,10877256,1025,2023-06-22T11:12:12Z
2022-05-29,10000002,40,1198,1199,1189,7677293,967,2023-06-22T11:12:12Z
2022-05-29,10000002,11399,42480,42510,42000,941873,699,2023-06-22T11:12:12Z
2022-05-30,10000002,34,3.81,3.84,3.78,4777958006,1871,2023-06-27T11:05:30Z
2022-05-30,10000002,35,8.97,9.05,8.73,2202657681,1550,2023-06-27T11:05:30Z
2022-05-30,10000002,36,61,61.79,59.35,393081982,1350,2023-06-27T11:05:30Z
2022-05-30,10000002,37,339,358.7,321.1,272250415,1349,2023-06-27T11:05:30Z
2022-05-30,10000002,38,1113,1117,1098,25848356,1052,2023-06-27T11:05:30Z
2022-05-30,10000002,39,1242,1243,1236,9500920,993,2023-06-27T11:05:30Z
2022-05-30,10000002,40,1228,1247,1190,7364684,896,2023-06-27T11:05:30Z
2022-05-30,10000002,11399,42330,42510,41120,1761624,765,2023-06-27T11:05:30Z
2022-05-31,10000002,34,3.81,3.83,3.79,3006868722,1737,2023-06-16T11:04:41Z
2022-05-31,10000002,35,8.82,8.88,8.56,1785293729,1392,2023-06-16T11:04:41Z
2022-05-31,10000002,36,61.45,61.47,61.4,274246912,1237,2023-06-16T11:04:41Z
2022-05-31,10000002,37,345.1,359.4,330.3,233071172,1207,2023-06-16T11:04:41Z
2022-05-31,10000002,38,1122,1126,1090,27229686,919,2023-06-16T11:04:41Z
2022-05-31,10000002,39,1242,1243,1240,11640107,936,2023-06-16T11:04:41Z
2022-05-31,10000002,40,1240,1247,1239,3559482,770,2023-06-16T11:04:41Z
2022-05-31,10000002,11399,42550,42580,40560,1149999,663,2023-06-16T11:04:41Z
2022-06-01,10000002,34,3.78,3.79,3.76,4154904144,1720,2023-07-23T11:01:09Z
2022-06-01,10000002,35,9,9.03,8.79,1781770572,1391,2023-07-23T11:01:09Z
2022-06-01,10000002,36,61.24,61.39,56.15,409917219,1239,2023-07-23T11:01:09Z
2022-06-01,10000002,37,363.5,364.8,342.4,230636519,1200,2023-07-23T11:01:09Z
2022-06-01,10000002,38,1138,1153,1130,21617602,972,2023-07-23T11:01:09Z
2022-06-01,10000002,39,1196,1197,1181,11380939,951,2023-07-23T11:01:09Z
2022-06-01,10000002,40,1249,1280,1248,6375757,839,2023-07-23T11:01:09Z
2022-06-01,10000002,11399,41980,42240,40120,1248010,544,2023-07-23T11:01:09Z
2022-06-02,10000002,34,3.78,3.79,3.74,5222917057,1825,2022-06-03T12:21:28Z
2022-06-02,10000002,35,9.02,9.07,8.95,1966914863,1476,2022-06-03T12:21:28Z
2022-06-02,10000002,36,61.1,61.15,57.5,296375755,1295,2022-06-03T12:21:28Z
2022-06-02,10000002,37,344.2,363.2,339.2,223503113,1146,2022-06-03T12:21:28Z
2022-06-02,10000002,38,1146,1148,1116,22505377,881,2022-06-03T12:21:28Z
2022-06-02,10000002,39,1199,1219,1198,9822728,858,2022-06-03T12:21:28Z
2022-06-02,10000002,40,1273,1277,1235,5348785,802,2022-06-03T12:21:28Z
2022-06-02,10000002,11399,42490,42750,39330,948083,621,2022-06-03T12:21:28Z
2022-06-03,10000002,34,3.74,3.78,3.56,2685414966,1539,2023-06-24T11:01:06Z
2022-06-03,10000002,35,9.1,9.1,8.99,1414176091,1235,2023-06-24T11:01:06Z
2022-06-03,10000002,36,60.95,61.15,58.15,318856523,1074,2023-06-24T11:01:06Z
2022-06-03,10000002,37,365,372,363.9,249352338,1048,2023-06-24T11:01:06Z
2022-06-03,10000002,38,1142,1144,1140,23527876,863,2023-06-24T11:01:06Z
2022-06-03,10000002,39,1199,1215,1198,10892734,818,2023-06-24T11:01:06Z
2022-06-03,10000002,40,1266,1268,1244,7614277,740,2023-06-24T11:01:06Z
2022-06-03,10000002,11399,43190,43190,43180,703994,637,2023-06-24T11:01:06Z
2022-06-04,10000002,34,3.73,3.76,3.59,4085254670,1916,2023-07-30T11:01:00Z
2022-06-04,10000002,35,8.69,9.05,8.16,3507820940,1607,2023-07-30T11:01:00Z
2022-06-04,10000002,36,60.96,61.03,58.1,475783530,1456,2023-07-30T11:01:00Z
2022-06-04,10000002,37,368,372,351.2,275200794,1416,2023-07-30T11:01:00Z
2022-06-04,10000002,38,1141,1143,1085,23752526,1069,2023-07-30T11:01:00Z
2022-06-04,10000002,39,1216,1218,1208,9846846,1066,2023-07-30T11:01:00Z
2022-06-04,10000002,40,1278,1285,1276,5472801,934,2023-07-30T11:01:00Z
2022-06-04,10000002,11399,43080,43160,41450,915055,735,2023-07-30T11:01:00Z
2022-06-05,10000002,34,3.78,3.8,3.7,3976848750,2177,2023-07-25T11:09:29Z
2022-06-05,10000002,35,9,9.11,8.81,2239063719,1753,2023-07-25T11:09:29Z
2022-06-05,10000002,36,61.07,61.09,59.99,383949568,1617,2023-07-25T11:09:29Z
2022-06-05,10000002,37,380,389.5,370,407617715,1558,2023-07-25T11:09:29Z
2022-06-05,10000002,38,1114,1115,1052,32607817,1252,2023-07-25T11:09:29Z
2022-06-05,10000002,39,1220,1222,1217,11613755,1188,2023-07-25T11:09:29Z
2022-06-05,10000002,40,1380,1388,1297,6506864,1049,2023-07-25T11:09:29Z
2022-06-05,10000002,11399,42410,43050,39770,1233470,817,2023-07-25T11:09:29Z
2022-06-06,10000002,34,3.74,3.76,3.7,3289987674,1769,2023-07-14T11:01:04Z
2022-06-06,10000002,35,8.8,8.99,8.28,1999299438,1601,2023-07-14T11:01:04Z
2022-06-06,10000002,36,61.08,61.15,58.57,409830401,1382,2023-07-14T11:01:04Z
2022-06-06,10000002,37,372.2,395.9,360,283113702,1263,2023-07-14T11:01:04Z
2022-06-06,10000002,38,1111,1114,1107,23374770,1057,2023-07-14T11:01:04Z
2022-06-06,10000002,39,1219,1221,1214,8528192,1061,2023-07-14T11:01:04Z
2022-06-06,10000002,40,1297,1386,1290,6340698,927,2023-07-14T11:01:04Z
2022-06-06,10000002,11399,42230,43020,40910,1137332,680,2023-07-14T11:01:04Z
2022-06-07,10000002,34,3.71,3.73,3.64,2981690496,1652,2023-07-17T11:01:07Z
2022-06-07,10000002,35,8.92,8.95,8.6,1543340609,1350,2023-07-17T11:01:07Z
2022-06-07,10000002,36,60.95,61.25,60.5,306206369,1228,2023-07-17T11:01:07Z
2022-06-07,10000002,37,395.7,396,390,155107032,1105,2023-07-17T11:01:07Z
2022-06-07,10000002,38,1179,1184,1139,29263900,918,2023-07-17T11:01:07Z
2022-06-07,10000002,39,1242,1243,1239,13609935,922,2023-07-17T11:01:07Z
2022-06-07,10000002,40,1382,1387,1372,11181550,808,2023-07-17T11:01:07Z
2022-06-07,10000002,11399,42000,43100,41000,961951,631,2023-07-17T11:01:07Z
2022-06-08,10000002,34,3.68,3.71,3.6,3040782118,1624,2023-06-12T11:01:00Z
2022-06-08,10000002,35,8.91,8.96,8.6,1455509395,1264,2023-06-12T11:01:00Z
2022-06-08,10000002,36,61.1,61.28,58.76,356347465,1172,2023-06-12T11:01:00Z
2022-06-08,10000002,37,395.9,408.8,371.4,256627019,1072,2023-06-12T11:01:00Z
2022-06-08,10000002,38,1181,1183,1164,21966753,910,2023-06-12T11:01:00Z
2022-06-08,10000002,39,1240,1244,1235,7761789,874,2023-06-12T11:01:00Z
2022-06-08,10000002,40,1392,1395,1323,6960797,804,2023-06-12T11:01:00Z
2022-06-08,10000002,11399,42780,43170,41700,1435335,607,2023-06-12T11:01:00Z
2022-06-09,10000002,34,3.6,3.61,3.57,3842637749,1560,2023-06-09T11:01:08Z
2022-06-09,10000002,35,8.78,8.94,8.71,1679270376,1313,2023-06-09T11:01:08Z
2022-06-09,10000002,36,60.87,60.99,58.06,320270661,1187,2023-06-09T11:01:08Z
2022-06-09,10000002,37,402.9,408,386.2,109670741,1097,2023-06-09T11:01:08Z
2022-06-09,10000002,38,1139,1151,1016,21303697,922,2023-06-09T11:01:08Z
2022-06-09,10000002,39,1247,1249,1243,6016354,816,2023-06-09T11:01:08Z
2022-06-09,10000002,40,1393,1396,1389,3890057,722,2023-06-09T11:01:08Z
2022-06-09,10000002,11399,42800,42880,41950,1330552,651,2023-06-09T11:01:08Z
2022-06-10,10000002,34,3.64,3.66,3.54,3336802899,1556,2023-06-07T11:01:05Z
2022-06-10,10000002,35,8.75,8.95,8.5,1943250573,1291,2023-06-07T11:01:05Z
2022-06-10,10000002,36,60.6,60.79,60,316144043,1150,2023-06-07T11:01:05Z
2022-06-10,10000002,37,372.6,400,371.7,404655998,1157,2023-06-07T11:01:05Z
2022-06-10,10000002,38,1111,1130,1100,18291464,865,2023-06-07T11:01:05Z
2022-06-10,10000002,39,1249,1295,1243,12760147,848,2023-06-07T11:01:05Z
2022-06-10,10000002,40,1380,1385,1377,6354945,735,2023-06-07T11:01:05Z
2022-06-10,10000002,11399,42120,42750,39950,1501938,716,2023-06-07T11:01:05Z
2022-06-11,10000002,34,3.68,3.69,3.66,2684823969,1869,2023-06-18T11:01:00Z
2022-06-11,10000002,35,8.7,8.88,8.6,1885687716,1539,2023-06-18T11:01:00Z
2022-06-11,10000002,36,60.36,60.64,58.66,322807157,1389,2023-06-18T11:01:00Z
2022-06-11,10000002,37,381.4,401.7,379.7,270886602,1331,2023-06-18T11:01:00Z
2022-06-11,10000002,38,1088,1099,1068,25955278,1066,2023-06-18T11:01:00Z
2022-06-11,10000002,39,1296,1298,1268,8196430,962,2023-06-18T11:01:00Z
2022-06-11,10000002,40,1344,1380,1319,4983083,888,2023-06-18T11:01:00Z
2022-06-11,10000002,11399,42450,42710,41010,916844,827,2023-06-18T11:01:00Z
2022-06-12,10000002,34,3.78,3.81,3.69,6304089150,2123,2023-06-09T11:01:08Z
2022-06-12,10000002,35,9.1,9.75,8.9,3504855968,1665,2023-06-09T11:01:08Z
2022-06-12,10000002,36,60.27,60.31,58.66,577993027,1550,2023-06-09T11:01:08Z
2022-06-12,10000002,37,401.7,405.6,400.5,282235945,1437,2023-06-09T11:01:08Z
2022-06-12,10000002,38,1047,1049,999,46867104,1233,2023-06-09T11:01:08Z
2022-06-12,10000002,39,1299,1299,1297,11980575,1085,2023-06-09T11:01:08Z
2022-06-12,10000002,40,1340,1345,1307,8071558,998,2023-06-09T11:01:08Z
2022-06-12,10000002,11399,41010,42200,40570,1672303,740,2023-06-09T11:01:08Z
2022-06-13,10000002,34,3.74,3.8,3.69,3521594155,1697,2023-06-14T11:04:14Z
2022-06-13,10000002,35,8.89,8.96,8.75,2054645742,1403,2023-06-14T11:04:14Z
2022-06-13,10000002,36,60.33,60.38,56,322137655,1240,2023-06-14T11:04:14Z
2022-06-13,10000002,37,382.6,403.9,379.2,253505534,1153,2023-06-14T11:04:14Z
2022-06-13,10000002,38,999,1002,999,38501402,959,2023-06-14T11:04:14Z
2022-06-13,10000002,39,1310,1311,1298,9640677,890,2023-06-14T11:04:14Z
2022-06-13,10000002,40,1309,1372,1297,7974828,840,2023-06-14T11:04:14Z
2022-06-13,10000002,11399,41210,42730,40850,1231349,750,2023-06-14T11:04:14Z
2022-06-14,10000002,34,3.67,3.8,3.65,2338892742,1562,2023-07-14T11:01:04Z
2022-06-14,10000002,35,9.18,9.32,8.75,1876475983,1221,2023-07-14T11:01:04Z
2022-06-14,10000002,36,60.34,60.44,59.95,420192556,1095,2023-07-14T11:01:04Z
2022-06-14,10000002,37,404,405,386.9,135032597,1039,2023-07-14T11:01:04Z
2022-06-14,10000002,38,1054,1060,1051,24248364,870,2023-07-14T11:01:04Z
2022-06-14,10000002,39,1311,1313,1299,10054019,795,2023-07-14T11:01:04Z
2022-06-14,10000002,40,1371,1375,1370,4082544,669,2023-07-14T11:01:04Z
2022-06-14,10000002,11399,42030,42720,40710,1476792,731,2023-07-14T11:01:04Z
2022-06-15,10000002,34,3.56,3.56,3.56,5490537002,1372,2023-07-03T11:04:19Z
2022-06-15,10000002,35,8.54,8.88,8.49,1804165782,1136,2023-07-03T11:04:19Z
2022-06-15,10000002,36,58.43,60.43,57.01,300733041,1007,2023-07-03T11:04:19Z
2022-06-15,10000002,37,403.3,404.8,387.4,191736235,932,2023-07-03T11:04:19Z
2022-06-15,10000002,38,1056,1058,1040,24694700,790,2023-07-03T11:04:19Z
2022-06-15,10000002,39,1356,1356,1329,15003618,759,2023-07-03T11:04:19Z
2022-06-15,10000002,40,1323,1368,1323,5897118,650,2023-07-03T11:04:19Z
2022-06-15,10000002,11399,42440,42580,42090,532497,500,2023-07-03T11:04:19Z
2022-06-16,10000002,34,3.57,3.66,3.56,3317550449,1464,2023-07-31T11:01:15Z
2022-06-16,10000002,35,8.57,8.6,8.54,1506572423,1125,2023-07-31T11:01:15Z
2022-06-16,10000002,36,58.92,58.99,58.88,275308636,1021,2023-07-31T11:01:15Z
2022-06-16,10000002,37,381.9,403.5,381.5,201791178,954,2023-07-31T11:01:15Z
2022-06-16,10000002,38,1060,1060,1059,34645880,827,2023-07-31T11:01:15Z
2022-06-16,10000002,39,1389,1417,1354,6604669,713,2023-07-31T11:01:15Z
2022-06-16,10000002,40,1342,1344,1334,4324777,617,2023-07-31T11:01:15Z
2022-06-16,10000002,11399,42100,42270,40700,1332181,609,2023-07-31T11:01:15Z
2022-06-17,10000002,34,3.72,3.78,3.58,3037348019,1338,2023-06-19T11:00:57Z
2022-06-17,10000002,35,8.81,8.85,8.53,1528469800,1036,2023-06-19T11:00:57Z
2022-06-17,10000002,36,58.97,59.21,57.11,241413952,961,2023-06-19T11:00:57Z
2022-06-17,10000002,37,382,383.7,381.4,251010256,878,2023-06-19T11:00:57Z
2022-06-17,10000002,38,1083,1086,1059,17514891,744,2023-06-19T11:00:57Z
2022-06-17,10000002,39,1411,1415,1389,13855366,718,2023-06-19T11:00:57Z
2022-06-17,10000002,40,1341,1345,1330,3362421,571,2023-06-19T11:00:57Z
2022-06-17,10000002,11399,41900,42200,41010,961424,525,2023-06-19T11:00:57Z
2022-06-18,10000002,34,3.64,3.66,3.6,2714006910,1708,2023-07-02T11:01:09Z
2022-06-18,10000002,35,8.82,8.84,8.64,1651188398,1318,2023-07-02T11:01:09Z
2022-06-18,10000002,36,59.74,60.57,59.45,298725593,1254,2023-07-02T11:01:09Z
2022-06-18,10000002,37,386.5,403.9,384.5,304366239,1144,2023-07-02T11:01:09Z
2022-06-18,10000002,38,1072,1076,1049,36946525,895,2023-07-02T11:01:09Z
2022-06-18,10000002,39,1739,1760,1469,9076736,849,2023-07-02T11:01:09Z
2022-06-18,10000002,40,1343,1345,1329,8996502,800,2023-07-02T11:01:09Z
2022-06-18,10000002,11399,42160,42280,41000,1927581,692,2023-07-02T11:01:09Z
2022-06-19,10000002,34,3.66,3.68,3.57,3044367792,1764,2023-06-12T11:01:00Z
2022-06-19,10000002,35,9,9.04,8.68,1157538016,1435,2023-06-12T11:01:00Z
2022-06-19,10000002,36,61.01,61.21,59.04,294226721,1352,2023-06-12T11:01:00Z
2022-06-19,10000002,37,403.5,404.6,403,146881477,1269,2023-06-12T11:01:00Z
2022-06-19,10000002,38,1105,1106,1097,24455841,1005,2023-06-12T11:01:00Z
2022-06-19,10000002,39,1499,1580,1486,9088622,953,2023-06-12T11:01:00Z
2022-06-19,10000002,40,1376,1378,1369,4148897,902,2023-06-12T11:01:00Z
2022-06-19,10000002,11399,41990,42300,40850,1348015,712,2023-06-12T11:01:00Z
2022-06-20,10000002,34,3.67,3.7,3.63,4505858378,1571,2023-07-14T11:01:04Z
2022-06-20,10000002,35,9.59,9.64,8.84,1571959984,1293,2023-07-14T11:01:04Z
2022-06-20,10000002,36,59.32,59.9,59.28,406022668,1196,2023-07-14T11:01:04Z
2022-06-20,10000002,37,402.1,403.8,388,229738416,1144,2023-07-14T11:01:04Z
2022-06-20,10000002,38,1048,1049,1041,46884624,948,2023-07-14T11:01:04Z
2022-06-20,10000002,39,1485,1486,1480,10572147,908,2023-07-14T11:01:04Z
2022-06-20,10000002,40,1400,1483,1394,11309282,784,2023-07-14T11:01:04Z
2022-06-20,10000002,11399,42310,42480,41220,1058612,655,2023-07-14T11:01:04Z
2022-06-21,10000002,34,3.63,3.75,3.58,4182267085,1581,2023-07-31T11:01:15Z
2022-06-21,10000002,35,9.11,9.56,9.09,1916632542,1291,2023-07-31T11:01:15Z
2022-06-21,10000002,36,59.47,60.63,59.12,431946147,1194,2023-07-31T11:01:15Z
2022-06-21,10000002,37,400.8,401,400.4,274182018,1101,2023-07-31T11:01:15Z
2022-06-21,10000002,38,1092,1099,980,31954296,866,2023-07-31T11:01:15Z
2022-06-21,10000002,39,1475,1477,1464,12990293,842,2023-07-31T11:01:15Z
2022-06-21,10000002,40,1536,1545,1499,9092286,768,2023-07-31T11:01:15Z
2022-06-21,10000002,11399,40000,40310,39000,1470143,788,2023-07-31T11:01:15Z
2022-06-22,10000002,34,3.75,3.76,3.56,3499822539,1530,2023-07-23T11:01:09Z
2022-06-22,10000002,35,9.49,9.59,9.17,1325747435,1256,2023-07-23T11:01:09Z
2022-06-22,10000002,36,60,60.67,58.94,467327389,1233,2023-07-23T11:01:09Z
2022-06-22,10000002,37,390,397,382.1,299750554,1129,2023-07-23T11:01:09Z
2022-06-22,10000002,38,1064,1083,992,28748030,841,2023-07-23T11:01:09Z
2022-06-22,10000002,39,1456,1457,1438,10249879,836,2023-07-23T11:01:09Z
2022-06-22,10000002,40,1487,1495,1429,5100696,743,2023-07-23T11:01:09Z
2022-06-22,10000002,11399,42280,42330,40910,1235667,715,2023-07-23T11:01:09Z
2022-06-23,10000002,34,3.76,3.79,3.67,3362593869,1606,2023-07-25T11:09:29Z
2022-06-23,10000002,35,9.49,9.5,9.4,2110946612,1240,2023-07-25T11:09:29Z
2022-06-23,10000002,36,60.41,60.68,56.56,388260245,1171,2023-07-25T11:09:29Z
2022-06-23,10000002,37,386,391.3,375,234833517,1165,2023-07-25T11:09:29Z
2022-06-23,10000002,38,999.6,1005,975,38266185,879,2023-07-25T11:09:29Z
2022-06-23,10000002,39,1454,1456,1451,7057474,874,2023-07-25T11:09:29Z
2022-06-23,10000002,40,1482,1490,1440,6246283,795,2023-07-25T11:09:29Z
2022-06-23,10000002,11399,42430,42470,42360,1179098,665,2023-07-25T11:09:29Z
2022-06-24,10000002,34,3.73,3.78,3.64,4029393395,1621,2023-07-15T11:03:42Z
2022-06-24,10000002,35,9.26,9.36,9.21,2087418144,1330,2023-07-15T11:03:42Z
2022-06-24,10000002,36,61.75,64.81,60.7,856366733,1260,2023-07-15T11:03:42Z
2022-06-24,10000002,37,397.7,400.8,387.2,375953787,1195,2023-07-15T11:03:42Z
2022-06-24,10000002,38,1000,1004,998.7,44314362,929,2023-07-15T11:03:42Z
2022-06-24,10000002,39,1459,1460,1457,19138124,889,2023-07-15T11:03:42Z
2022-06-24,10000002,40,1513,1532,1490,7816451,781,2023-07-15T11:03:42Z
2022-06-24,10000002,11399,43100,43830,41840,1649869,727,2023-07-15T11:03:42Z
2022-06-25,10000002,34,3.76,3.79,3.72,4300580379,1610,2023-07-30T11:01:00Z
2022-06-25,10000002,35,9.19,9.21,9.07,1412063321,1300,2023-07-30T11:01:00Z
2022-06-25,10000002,36,64.46,64.58,63.9,248279670,1215,2023-07-30T11:01:00Z
2022-06-25,10000002,37,398.3,399.6,384,205830193,1199,2023-07-30T11:01:00Z
2022-06-25,10000002,38,1005,1010,1003,32304906,896,2023-07-30T11:01:00Z
2022-06-25,10000002,39,1584,1593,1580,7462633,855,2023-07-30T11:01:00Z
2022-06-25,10000002,40,1539,1557,1536,7336830,770,2023-07-30T11:01:00Z
2022-06-25,10000002,11399,44060,44120,42990,939741,625,2023-07-30T11:01:00Z
2022-06-26,10000002,34,3.7,3.74,3.62,3629097682,1842,2023-07-31T11:01:15Z
2022-06-26,10000002,35,9.24,9.28,9.18,2240241206,1463,2023-07-31T11:01:15Z
2022-06-26,10000002,36,63.83,64.61,61.12,437078468,1323,2023-07-31T11:01:15Z
2022-06-26,10000002,37,373.3,398.4,372.5,345878400,1297,2023-07-31T11:01:15Z
2022-06-26,10000002,38,995.1,1041,968,49156444,990,2023-07-31T11:01:15Z
2022-06-26,10000002,39,1550,1565,1500,22699675,999,2023-07-31T11:01:15Z
2022-06-26,10000002,40,1600,1687,1540,10382700,859,2023-07-31T11:01:15Z
2022-06-26,10000002,11399,42000,44000,40980,1883986,776,2023-07-31T11:01:15Z
2022-06-27,10000002,34,3.67,3.68,3.66,2584042144,1492,2023-07-25T11:09:29Z
2022-06-27,10000002,35,9.1,9.2,9,1422253631,1274,2023-07-25T11:09:29Z
2022-06-27,10000002,36,58.25,62.99,57.54,600161213,1220,2023-07-25T11:09:29Z
2022-06-27,10000002,37,394.6,394.8,382.2,150253501,1106,2023-07-25T11:09:29Z
2022-06-27,10000002,38,1035,1053,1000,73125672,914,2023-07-25T11:09:29Z
2022-06-27,10000002,39,1548,1554,1433,8699404,812,2023-07-25T11:09:29Z
2022-06-27,10000002,40,1699,1726,1544,5423449,726,2023-07-25T11:09:29Z
2022-06-27,10000002,11399,41900,42000,41070,1060049,630,2023-07-25T11:09:29Z
2022-06-28,10000002,34,3.67,3.7,3.62,2877695906,1609,2023-07-01T11:01:04Z
2022-06-28,10000002,35,8.85,8.88,8.72,1221147438,1295,2023-07-01T11:01:04Z
2022-06-28,10000002,36,61.98,62.83,58,222456314,1216,2023-07-01T11:01:04Z
2022-06-28,10000002,37,394.7,398.4,384,153469186,1124,2023-07-01T11:01:04Z
2022-06-28,10000002,38,1089,1092,1081,18680479,767,2023-07-01T11:01:04Z
2022-06-28,10000002,39,1532,1539,1450,11857902,800,2023-07-01T11:01:04Z
2022-06-28,10000002,40,1674,1694,1601,8842913,740,2023-07-01T11:01:04Z
2022-06-28,10000002,11399,41400,42150,40500,1102902,626,2023-07-01T11:01:04Z
2022-06-29,10000002,34,3.69,3.7,3.59,2674544050,1751,2023-07-28T11:01:06Z
2022-06-29,10000002,35,8.88,8.9,8.61,1576350003,1442,2023-07-28T11:01:06Z
2022-06-29,10000002,36,62.04,62.23,57.75,231147473,1306,2023-07-28T11:01:06Z
2022-06-29,10000002,37,396,397.1,374.8,171496973,1224,2023-07-28T11:01:06Z
2022-06-29,10000002,38,1023,1082,995.5,25639665,834,2023-07-28T11:01:06Z
2022-06-29,10000002,39,1533,1538,1529,7735609,787,2023-07-28T11:01:06Z
2022-06-29,10000002,40,1675,1700,1481,8849969,725,2023-07-28T11:01:06Z
2022-06-29,10000002,11399,39660,42300,38000,1781130,661,2023-07-28T11:01:06Z
2022-06-30,10000002,34,3.7,3.71,3.69,3036463837,1702,2023-07-03T11:04:19Z
2022-06-30,10000002,35,8.8,8.82,8.76,1043554296,1381,2023-07-03T11:04:19Z
2022-06-30,10000002,36,60.91,61.8,60,235806281,1290,2023-07-03T11:04:19Z
2022-06-30,10000002,37,394,396,378,160485786,1189,2023-07-03T11:04:19Z
2022-06-30,10000002,38,1021,1025,1018,20734697,819,2023-07-03T11:04:19Z
2022-06-30,10000002,39,1566,1568,1538,13106924,834,2023-07-03T11:04:19Z
2022-06-30,10000002,40,1634,1637,1599,6868415,743,2023-07-03T11:04:19Z
2022-06-30,10000002,11399,39310,40740,39250,1088189,588,2023-07-03T11:04:19Z
2022-07-01,10000002,34,3.67,3.71,3.65,2711555573,1781,2023-08-20T11:01:09Z
2022-07-01,10000002,35,8.81,8.83,8.8,1288151528,1493,2023-08-20T11:01:09Z
2022-07-01,10000002,36,60.67,60.7,59.39,285397665,1406,2023-08-20T11:01:09Z
2022-07-01,10000002,37,390,394.6,382.5,193272325,1232,2023-08-20T11:01:09Z
2022-07-01,10000002,38,1003,1010,985,17631381,836,2023-08-20T11:01:09Z
2022-07-01,10000002,39,1566,1567,1562,9939129,797,2023-08-20T11:01:09Z
2022-07-01,10000002,40,1593,1596,1517,5604864,746,2023-08-20T11:01:09Z
2022-07-01,10000002,11399,39420,40510,38000,1134202,614,2023-08-20T11:01:09Z
2022-07-02,10000002,34,3.73,3.77,3.66,4194565985,1999,2023-08-17T11:01:13Z
2022-07-02,10000002,35,9.02,9.18,8.9,1721691381,1603,2023-08-17T11:01:13Z
2022-07-02,10000002,36,60.77,60.82,60.64,396731663,1446,2023-08-17T11:01:13Z
2022-07-02,10000002,37,384,396.8,375.1,204464417,1392,2023-08-17T11:01:13Z
2022-07-02,10000002,38,996.5,997.8,986.9,34444624,1014,2023-08-17T11:01:13Z
2022-07-02,10000002,39,1583,1598,1568,13625357,994,2023-08-17T11:01:13Z
2022-07-02,10000002,40,1578,1579,1577,9096598,907,2023-08-17T11:01:13Z
2022-07-02,10000002,11399,38300,40600,37000,1977314,726,2023-08-17T11:01:13Z
2022-07-03,10000002,34,3.77,3.81,3.59,4433547291,2028,2023-08-28T11:00:59Z
2022-07-03,10000002,35,8.92,9.05,8.91,2082122227,1633,2023-08-28T11:00:59Z
2022-07-03,10000002,36,60.63,62.05,59.6,455015059,1561,2023-08-28T11:00:59Z
2022-07-03,10000002,37,396.1,396.7,392.9,160885928,1426,2023-08-28T11:00:59Z
2022-07-03,10000002,38,996.7,998.5,972.5,39187135,1030,2023-08-28T11:00:59Z
2022-07-03,10000002,39,1718,1733,1653,13675377,1010,2023-08-28T11:00:59Z
2022-07-03,10000002,40,1570,1575,1563,9702102,881,2023-08-28T11:00:59Z
2022-07-03,10000002,11399,40260,40590,38400,890121,632,2023-08-28T11:00:59Z
2022-07-04,10000002,34,3.65,3.68,3.6,2418946466,1737,2023-08-12T11:01:06Z
2022-07-04,10000002,35,8.9,8.91,8.89,1779307319,1419,2023-08-12T11:01:06Z
2022-07-04,10000002,36,61.26,61.43,57.54,353086338,1254,2023-08-12T11:01:06Z
2022-07-04,10000002,37,396.4,397.3,373,185374768,1178,2023-08-12T11:01:06Z
2022-07-04,10000002,38,994.6,995.9,961.7,37468712,874,2023-08-12T11:01:06Z
2022-07-04,10000002,39,1894,1996,1888,6233686,746,2023-08-12T11:01:06Z
2022-07-04,10000002,40,1542,1542,1542,13489544,721,2023-08-12T11:01:06Z
2022-07-04,10000002,11399,39000,40440,38420,1264113,593,2023-08-12T11:01:06Z
2022-07-05,10000002,34,3.65,3.67,3.6,3537246755,1812,2023-08-26T11:01:08Z
2022-07-05,10000002,35,8.78,8.83,8.73,1257194855,1433,2023-08-26T11:01:08Z
2022-07-05,10000002,36,60.26,60.85,58.01,322683493,1260,2023-08-26T11:01:08Z
2022-07-05,10000002,37,407.1,599,395.7,564642561,1443,2023-08-26T11:01:08Z
2022-07-05,10000002,38,935.1,989.8,911,36145777,877,2023-08-26T11:01:08Z
2022-07-05,10000002,39,1882,1883,1880,9607106,809,2023-08-26T11:01:08Z
2022-07-05,10000002,40,1540,1541,1533,9964968,724,2023-08-26T11:01:08Z
2022-07-05,10000002,11399,38750,40640,38660,1605240,517,2023-08-26T11:01:08Z
2022-07-06,10000002,34,3.65,3.69,3.57,3793084071,1686,2023-07-18T11:05:15Z
2022-07-06,10000002,35,8.78,8.83,8.71,1380912471,1371,2023-07-18T11:05:15Z
2022-07-06,10000002,36,58.99,60.12,58.51,190582692,1166,2023-07-18T11:05:15Z
2022-07-06,10000002,37,426.1,466.9,380.3,171870418,1108,2023-07-18T11:05:15Z
2022-07-06,10000002,38,984,984.7,983.8,16105929,836,2023-07-18T11:05:15Z
2022-07-06,10000002,39,1860,1861,1820,13576140,767,2023-07-18T11:05:15Z
2022-07-06,10000002,40,1509,1524,1471,8323017,702,2023-07-18T11:05:15Z
2022-07-06,10000002,11399,39150,41500,38890,1158260,602,2023-07-18T11:05:15Z
2022-07-07,10000002,34,3.73,3.78,3.69,2211212230,1648,2023-08-24T11:07:36Z
2022-07-07,10000002,35,9.05,9.1,8.91,1285402442,1311,2023-08-24T11:07:36Z
2022-07-07,10000002,36,58.87,58.89,57.22,246335478,1191,2023-08-24T11:07:36Z
2022-07-07,10000002,37,400,459,395.6,171874033,1060,2023-08-24T11:07:36Z
2022-07-07,10000002,38,982.8,983.5,981,19496208,755,2023-08-24T11:07:36Z
2022-07-07,10000002,39,1830,1846,1799,8751392,720,2023-08-24T11:07:36Z
2022-07-07,10000002,40,1514,1517,1512,5405297,663,2023-08-24T11:07:36Z
2022-07-07,10000002,11399,41260,41270,39780,1131019,565,2023-08-24T11:07:36Z
2022-07-08,10000002,34,3.74,3.76,3.65,1453558615,1453,2023-08-12T11:01:06Z
2022-07-08,10000002,35,9.1,9.16,8.78,844576093,1187,2023-08-12T11:01:06Z
2022-07-08,10000002,36,58.48,58.86,58.46,365090315,1102,2023-08-12T11:01:06Z
2022-07-08,10000002,37,409.3,455.7,397.1,150917358,1034,2023-08-12T11:01:06Z
2022-07-08,10000002,38,978.9,978.9,978.9,12362177,713,2023-08-12T11:01:06Z
2022-07-08,10000002,39,1800,1807,1799,8742581,671,2023-08-12T11:01:06Z
2022-07-08,10000002,40,1537,1537,1536,5884549,606,2023-08-12T11:01:06Z
2022-07-08,10000002,11399,41250,41300,40600,850417,502,2023-08-12T11:01:06Z
2022-07-09,10000002,34,3.64,3.71,3.6,3705998725,1861,2023-08-27T11:01:01Z
2022-07-09,10000002,35,9.25,9.26,8.74,3196035794,1399,2023-08-27T11:01:01Z
2022-07-09,10000002,36,60.07,60.14,59.94,327136473,1331,2023-08-27T11:01:01Z
2022-07-09,10000002,37,411.6,448.4,408.1,199639336,1206,2023-08-27T11:01:01Z
2022-07-09,10000002,38,977.9,978.7,975.6,16495475,843,2023-08-27T11:01:01Z
2022-07-09,10000002,39,1691,1752,1499,15792373,885,2023-08-27T11:01:01Z
2022-07-09,10000002,40,1540,1600,1450,15890354,780,2023-08-27T11:01:01Z
2022-07-09,10000002,11399,41220,41260,39850,1093928,656,2023-08-27T11:01:01Z
2022-07-10,10000002,34,3.73,3.76,3.68,3175374515,1849,2023-08-12T11:01:06Z
2022-07-10,10000002,35,9.18,9.27,8.7,1675686186,1443,2023-08-12T11:01:06Z
2022-07-10,10000002,36,59.49,60.11,58,308251149,1384,2023-08-12T11:01:06Z
2022-07-10,10000002,37,412,444.5,408,208755823,1279,2023-08-12T11:01:06Z
2022-07-10,10000002,38,958,972.8,944,49521903,941,2023-08-12T11:01:06Z
2022-07-10,10000002,39,1598,1628,1438,19768714,1003,2023-08-12T11:01:06Z
2022-07-10,10000002,40,1685,1686,1683,5260466,815,2023-08-12T11:01:06Z
2022-07-10,10000002,11399,40000,40940,39890,1225863,661,2023-08-12T11:01:06Z
2022-07-11,10000002,34,3.72,3.74,3.62,2547324580,1627,2023-07-16T11:01:07Z
2022-07-11,10000002,35,9,9.12,8.87,1597731592,1258,2023-07-16T11:01:07Z
2022-07-11,10000002,36,57.26,60,57.17,287040841,1171,2023-07-16T11:01:07Z
2022-07-11,10000002,37,396.4,432.1,381,163743532,1116,2023-07-16T11:01:07Z
2022-07-11,10000002,38,968.9,969.9,940.3,16043871,767,2023-07-16T11:01:07Z
2022-07-11,10000002,39,1594,1638,1420,12938718,783,2023-07-16T11:01:07Z
2022-07-11,10000002,40,1690,1694,1555,6928102,678,2023-07-16T11:01:07Z
2022-07-11,10000002,11399,40000,41220,38060,1171165,573,2023-07-16T11:01:07Z
2022-07-12,10000002,34,3.72,3.73,3.67,3339113706,1628,2023-07-28T11:01:06Z
2022-07-12,10000002,35,9.04,9.05,9,1222806915,1238,2023-07-28T11:01:06Z
2022-07-12,10000002,36,59.85,59.9,59.48,224796847,1161,2023-07-28T11:01:06Z
2022-07-12,10000002,37,376.5,428.3,372.1,204031656,1096,2023-07-28T11:01:06Z
2022-07-12,10000002,38,961.5,962.2,940.3,26528102,801,2023-07-28T11:01:06Z
2022-07-12,10000002,39,1562,1567,1556,12139712,789,2023-07-28T11:01:06Z
2022-07-12,10000002,40,1530,1612,1503,8523516,724,2023-07-28T11:01:06Z
2022-07-12,10000002,11399,41140,41160,41000,742846,508,2023-07-28T11:01:06Z
2022-07-13,10000002,34,3.74,3.77,3.7,3159479823,1646,2023-08-08T11:04:12Z
2022-07-13,10000002,35,9,9.08,8.93,1730945600,1249,2023-08-08T11:04:12Z
2022-07-13,10000002,36,57.87,59.79,57.2,316560598,1152,2023-08-08T11:04:12Z
2022-07-13,10000002,37,423,423.8,401.2,112832573,1036,2023-08-08T11:04:12Z
2022-07-13,10000002,38,961,961.3,954.4,25011165,825,2023-08-08T11:04:12Z
2022-07-13,10000002,39,1568,1594,1561,12728133,724,2023-08-08T11:04:12Z
2022-07-13,10000002,40,1602,1610,1595,7285236,657,2023-08-08T11:04:12Z
2022-07-13,10000002,11399,41040,41120,39200,1146569,480,2023-08-08T11:04:12Z
2022-07-14,10000002,34,3.74,3.8,3.65,3418114742,1514,2023-07-14T11:01:04Z
2022-07-14,10000002,35,9.79,10.85,9.31,1466357309,1215,2023-07-14T11:01:04Z
2022-07-14,10000002,36,59.84,59.87,57.07,361442081,1124,2023-07-14T11:01:04Z
2022-07-14,10000002,37,385.1,397.2,373,362181769,1116,2023-07-14T11:01:04Z
2022-07-14,10000002,38,920,960.1,761,40860892,766,2023-07-14T11:01:04Z
2022-07-14,10000002,39,1598,1598,1598,8022376,692,2023-07-14T11:01:04Z
2022-07-14,10000002,40,1655,1659,1610,4396237,624,2023-07-14T11:01:04Z
2022-07-14,10000002,11399,38550,40930,38250,789920,464,2023-07-14T11:01:04Z
2022-07-15,10000002,34,3.71,3.75,3.65,2841283405,1536,2023-08-07T11:01:05Z
2022-07-15,10000002,35,9.7,9.84,9.26,1673151411,1242,2023-08-07T11:01:05Z
2022-07-15,10000002,36,59.99,60.02,59.77,321403579,1142,2023-08-07T11:01:05Z
2022-07-15,10000002,37,418.5,419.4,391.1,130873079,1072,2023-08-07T11:01:05Z
2022-07-15,10000002,38,951.2,951.5,951,31995257,781,2023-08-07T11:01:05Z
2022-07-15,10000002,39,1628,1632,1471,15965806,779,2023-08-07T11:01:05Z
2022-07-15,10000002,40,1649,1652,1642,5687373,691,2023-08-07T11:01:05Z
2022-07-15,10000002,11399,40470,40860,37920,920578,510,2023-08-07T11:01:05Z
2022-07-16,10000002,34,3.68,3.8,3.65,2856184695,1718,2023-08-29T11:09:03Z
2022-07-16,10000002,35,9.48,9.84,9.3,1822472164,1456,2023-08-29T11:09:03Z
2022-07-16,10000002,36,57.1,59.16,57,389599653,1320,2023-08-29T11:09:03Z
2022-07-16,10000002,37,380.3,413.5,374,242688169,1233,2023-08-29T11:09:03Z
2022-07-16,10000002,38,949.5,951.1,911.1,39335068,894,2023-08-29T11:09:03Z
2022-07-16,10000002,39,1621,1632,1610,7400833,864,2023-08-29T11:09:03Z
2022-07-16,10000002,40,1640,1650,1563,5901583,787,2023-08-29T11:09:03Z
2022-07-16,10000002,11399,38420,40420,38320,760838,548,2023-08-29T11:09:03Z
2022-07-17,10000002,34,3.84,3.87,3.68,3242220471,1997,2023-08-19T11:01:06Z
2022-07-17,10000002,35,9.96,9.98,9.44,1391065351,1625,2023-08-19T11:01:06Z
2022-07-17,10000002,36,58.87,59.99,57,519879917,1474,2023-08-19T11:01:06Z
2022-07-17,10000002,37,404,405.8,379,189253729,1410,2023-08-19T11:01:06Z
2022-07-17,10000002,38,920,948.3,890,47900958,1058,2023-08-19T11:01:06Z
2022-07-17,10000002,39,1599,1639,1598,18579077,1036,2023-08-19T11:01:06Z
2022-07-17,10000002,40,1650,1699,1629,10233128,925,2023-08-19T11:01:06Z
2022-07-17,10000002,11399,39970,40260,38830,1628932,711,2023-08-19T11:01:06Z
2022-07-18,10000002,34,3.82,3.84,3.71,2786189455,1759,2023-08-29T11:09:03Z
2022-07-18,10000002,35,9.66,9.86,9.43,1734048014,1400,2023-08-29T11:09:03Z
2022-07-18,10000002,36,59.97,60.25,57.1,340345016,1233,2023-08-29T11:09:03Z
2022-07-18,10000002,37,398.9,404.3,362.5,178794927,1134,2023-08-29T11:09:03Z
2022-07-18,10000002,38,938.9,947.5,930.1,22775204,821,2023-08-29T11:09:03Z
2022-07-18,10000002,39,1719,1720,1717,9349646,778,2023-08-29T11:09:03Z
2022-07-18,10000002,40,1696,1697,1694,6781746,740,2023-08-29T11:09:03Z
2022-07-18,10000002,11399,39490,39500,38640,1021255,587,2023-08-29T11:09:03Z
2022-07-19,10000002,34,3.7,3.78,3.67,2284716843,1672,2023-08-29T11:09:03Z
2022-07-19,10000002,35,9.08,9.08,9.08,1905656358,1320,2023-08-29T11:09:03Z
2022-07-19,10000002,36,59.88,60.6,57.23,238391479,1187,2023-08-29T11:09:03Z
2022-07-19,10000002,37,400.1,403.9,393.2,160847077,1122,2023-08-29T11:09:03Z
2022-07-19,10000002,38,936.6,936.8,916.3,30268253,803,2023-08-29T11:09:03Z
2022-07-19,10000002,39,1700,1701,1698,9991558,750,2023-08-29T11:09:03Z
2022-07-19,10000002,40,1695,1697,1691,5650718,682,2023-08-29T11:09:03Z
2022-07-19,10000002,11399,38730,40260,38720,875723,556,2023-08-29T11:09:03Z
2022-07-20,10000002,34,3.7,3.72,3.69,3173143557,1719,2023-08-29T11:09:03Z
2022-07-20,10000002,35,9.26,9.31,9.01,1645950013,1336,2023-08-29T11:09:03Z
2022-07-20,10000002,36,59.75,59.82,57.21,277781877,1143,2023-08-29T11:09:03Z
2022-07-20,10000002,37,386,397.9,383.6,181751305,1080,2023-08-29T11:09:03Z
2022-07-20,10000002,38,912.9,915.6,897,19783855,741,2023-08-29T11:09:03Z
2022-07-20,10000002,39,1697,1697,1696,13570227,768,2023-08-29T11:09:03Z
2022-07-20,10000002,40,1694,1701,1689,8549381,673,2023-08-29T11:09:03Z
2022-07-20,10000002,11399,40380,40390,39460,1132095,554,2023-08-29T11:09:03Z
2022-07-21,10000002,34,3.84,3.88,3.66,2555095858,1610,2023-08-13T11:01:04Z
2022-07-21,10000002,35,9.01,9.38,9,2234346973,1176,2023-08-13T11:01:04Z
2022-07-21,10000002,36,58.99,59.85,57.6,313241831,1042,2023-08-13T11:01:04Z
2022-07-21,10000002,37,387.7,398,382.8,185276523,1081,2023-08-13T11:01:04Z
2022-07-21,10000002,38,897.4,909.8,874.2,25951032,728,2023-08-13T11:01:04Z
2022-07-21,10000002,39,1699,1699,1698,9625013,691,2023-08-13T11:01:04Z
2022-07-21,10000002,40,1712,1744,1600,6030503,630,2023-08-13T11:01:04Z
2022-07-21,10000002,11399,40460,40500,40300,660275,575,2023-08-13T11:01:04Z
2022-07-22,10000002,34,3.79,3.8,3.66,2625951374,1694,2023-08-27T11:01:01Z
2022-07-22,10000002,35,9.24,9.3,9,1208466193,1320,2023-08-27T11:01:01Z
2022-07-22,10000002,36,58.97,59.8,58.96,292024903,1207,2023-08-27T11:01:01Z
2022-07-22,10000002,37,385.1,393.3,374.4,232006550,1159,2023-08-27T11:01:01Z
2022-07-22,10000002,38,892.9,895,885.2,25809808,861,2023-08-27T11:01:01Z
2022-07-22,10000002,39,1709,1710,1700,12215431,824,2023-08-27T11:01:01Z
2022-07-22,10000002,40,1745,1748,1602,6791459,778,2023-08-27T11:01:01Z
2022-07-22,10000002,11399,40800,40850,39850,850303,581,2023-08-27T11:01:01Z
2022-07-23,10000002,34,3.82,3.84,3.68,3329528094,1999,2023-08-23T11:01:02Z
2022-07-23,10000002,35,9.13,9.15,9.1,1574717303,1544,2023-08-23T11:01:02Z
2022-07-23,10000002,36,58.3,59.95,58.14,423652753,1353,2023-08-23T11:01:02Z
2022-07-23,10000002,37,379.8,390.1,372.1,243682142,1322,2023-08-23T11:01:02Z
2022-07-23,10000002,38,879.4,884.2,873.4,44583095,961,2023-08-23T11:01:02Z
2022-07-23,10000002,39,1709,1717,1632,15696638,887,2023-08-23T11:01:02Z
2022-07-23,10000002,40,1746,1759,1663,11513115,829,2023-08-23T11:01:02Z
2022-07-23,10000002,11399,40750,41100,39050,753760,600,2023-08-23T11:01:02Z
2022-07-24,10000002,34,3.89,3.9,3.84,3912962058,2118,2023-08-15T11:03:40Z
2022-07-24,10000002,35,9.14,9.2,8.9,2340742275,1720,2023-08-15T11:03:40Z
2022-07-24,10000002,36,59.94,60.59,59,462461594,1573,2023-08-15T11:03:40Z
2022-07-24,10000002,37,374.5,376,368.9,346783429,1516,2023-08-15T11:03:40Z
2022-07-24,10000002,38,843.6,848,832,50696372,1082,2023-08-15T11:03:40Z
2022-07-24,10000002,39,1691,1725,1691,16193338,1027,2023-08-15T11:03:40Z
2022-07-24,10000002,40,1768,1768,1765,8042226,935,2023-08-15T11:03:40Z
2022-07-24,10000002,11399,41210,41230,39340,1297628,690,2023-08-15T11:03:40Z
2022-07-25,10000002,34,3.82,3.88,3.79,3775766136,1773,2023-08-29T11:09:03Z
2022-07-25,10000002,35,9.1,9.13,9.08,1362538966,1382,2023-08-29T11:09:03Z
2022-07-25,10000002,36,60.26,60.31,59.86,233368509,1212,2023-08-29T11:09:03Z
2022-07-25,10000002,37,384.2,390,375.2,231459493,1139,2023-08-29T11:09:03Z
2022-07-25,10000002,38,831,834.5,800.2,38833883,876,2023-08-29T11:09:03Z
2022-07-25,10000002,39,1700,1722,1688,11200803,827,2023-08-29T11:09:03Z
2022-07-25,10000002,40,1566,1761,1514,17754804,725,2023-08-29T11:09:03Z
2022-07-25,10000002,11399,40390,40400,39500,961704,528,2023-08-29T11:09:03Z
2022-07-26,10000002,34,3.88,3.92,3.74,2593051593,1728,2023-08-18T11:01:05Z
2022-07-26,10000002,35,9.11,9.14,9.07,1310677584,1307,2023-08-18T11:01:05Z
2022-07-26,10000002,36,60.3,60.6,58.52,383250849,1190,2023-08-18T11:01:05Z
2022-07-26,10000002,37,374.2,388.6,367,243942156,1182,2023-08-18T11:01:05Z
2022-07-26,10000002,38,833.8,835.1,821,31202792,858,2023-08-18T11:01:05Z
2022-07-26,10000002,39,1724,1728,1721,13595567,793,2023-08-18T11:01:05Z
2022-07-26,10000002,40,1759,1770,1754,7646579,729,2023-08-18T11:01:05Z
2022-07-26,10000002,11399,40500,41160,39810,879118,538,2023-08-18T11:01:05Z
2022-07-27,10000002,34,3.82,3.85,3.73,3156215131,1840,2023-08-01T11:04:52Z
2022-07-27,10000002,35,9.08,9.11,8.95,1396476285,1448,2023-08-01T11:04:52Z
2022-07-27,10000002,36,61.49,62.16,60.74,580271839,1367,2023-08-01T11:04:52Z
2022-07-27,10000002,37,340.1,384.1,327.9,269742309,1184,2023-08-01T11:04:52Z
2022-07-27,10000002,38,838.9,840,803.2,17655108,879,2023-08-01T11:04:52Z
2022-07-27,10000002,39,1733,1733,1727,12396034,857,2023-08-01T11:04:52Z
2022-07-27,10000002,40,1526,1651,1497,12121307,774,2023-08-01T11:04:52Z
2022-07-27,10000002,11399,41180,41420,39740,1473579,587,2023-08-01T11:04:52Z
2022-07-28,10000002,34,3.82,3.85,3.81,3416168817,1669,2023-07-28T11:01:06Z
2022-07-28,10000002,35,9.13,9.17,9.01,2758572906,1341,2023-07-28T11:01:06Z
2022-07-28,10000002,36,62.44,62.5,60.01,357525005,1190,2023-07-28T11:01:06Z
2022-07-28,10000002,37,361.3,388.2,355,247394274,1136,2023-07-28T11:01:06Z
2022-07-28,10000002,38,837.9,838.4,833.9,18868654,788,2023-07-28T11:01:06Z
2022-07-28,10000002,39,1699,1720,1682,13723974,826,2023-07-28T11:01:06Z
2022-07-28,10000002,40,1669,1669,1667,10387919,762,2023-07-28T11:01:06Z
2022-07-28,10000002,11399,41290,41340,39850,1078475,505,2023-07-28T11:01:06Z
2022-07-29,10000002,34,3.82,3.82,3.81,5091508784,1628,2023-08-29T11:09:03Z
2022-07-29,10000002,35,9.1,9.1,9.1,1635261337,1328,2023-08-29T11:09:03Z
2022-07-29,10000002,36,60,62.35,58.2,336307824,1167,2023-08-29T11:09:03Z
2022-07-29,10000002,37,361.4,389.8,352.5,170225035,1095,2023-08-29T11:09:03Z
2022-07-29,10000002,38,836.1,836.4,800,52664190,935,2023-08-29T11:09:03Z
2022-07-29,10000002,39,1714,1715,1714,12197953,837,2023-08-29T11:09:03Z
2022-07-29,10000002,40,1654,1654,1654,6951815,721,2023-08-29T11:09:03Z
2022-07-29,10000002,11399,41270,41390,39800,1639761,616,2023-08-29T11:09:03Z
2022-07-30,10000002,34,3.82,3.84,3.82,3007808723,1785,2023-08-31T11:05:37Z
2022-07-30,10000002,35,9.09,9.12,9,1327885741,1444,2023-08-31T11:05:37Z
2022-07-30,10000002,36,62.08,62.2,58.52,237521072,1241,2023-08-31T11:05:37Z
2022-07-30,10000002,37,368,389.8,361.2,183600069,1184,2023-08-31T11:05:37Z
2022-07-30,10000002,38,832.9,833.4,762.1,40424049,917,2023-08-31T11:05:37Z
2022-07-30,10000002,39,1719,1722,1715,13090628,927,2023-08-31T11:05:37Z
2022-07-30,10000002,40,1599,1637,1530,9071429,819,2023-08-31T11:05:37Z
2022-07-30,10000002,11399,39210,42240,38800,982524,712,2023-08-31T11:05:37Z
2022-07-31,10000002,34,3.83,3.84,3.82,4638628184,1942,2023-08-29T11:09:03Z
2022-07-31,10000002,35,9.4,9.4,9.4,3640501428,1549,2023-08-29T11:09:03Z
2022-07-31,10000002,36,59.25,62.19,59,417366740,1400,2023-08-29T11:09:03Z
2022-07-31,10000002,37,390,390,390,153241360,1299,2023-08-29T11:09:03Z
2022-07-31,10000002,38,833.4,833.4,833,42469387,952,2023-08-29T11:09:03Z
2022-07-31,10000002,39,1725,1726,1723,13597491,988,2023-08-29T11:09:03Z
2022-07-31,10000002,40,1512,1634,1480,12775541,853,2023-08-29T11:09:03Z
2022-07-31,10000002,11399,39270,41490,39160,1051075,716,2023-08-29T11:09:03Z
2022-08-01,10000002,34,3.8,3.89,3.75,2427574144,1632,2023-07-17T11:01:07Z
2022-08-01,10000002,35,9.78,10.81,9.71,1302394239,1259,2023-07-17T11:01:07Z
2022-08-01,10000002,36,59,59.14,58.9,294452999,1117,2023-07-17T11:01:07Z
2022-08-01,10000002,37,393.2,394.9,386.1,136665716,1051,2023-07-17T11:01:07Z
2022-08-01,10000002,38,833.3,833.7,800,22473361,803,2023-07-17T11:01:07Z
2022-08-01,10000002,39,1714,1719,1700,11350035,801,2023-07-17T11:01:07Z
2022-08-01,10000002,40,1618,1631,1608,6314871,677,2023-07-17T11:01:07Z
2022-08-01,10000002,11399,41430,41450,40000,639511,567,2023-07-17T11:01:07Z
2022-08-02,10000002,34,3.75,3.8,3.65,3168322517,1646,2023-09-14T11:04:56Z
2022-08-02,10000002,35,9.57,9.86,9.49,1762149622,1298,2023-09-14T11:04:56Z
2022-08-02,10000002,36,60.73,61.2,60.44,253737777,1167,2023-09-14T11:04:56Z
2022-08-02,10000002,37,389.3,399,380,165773062,1153,2023-09-14T11:04:56Z
2022-08-02,10000002,38,830,830.5,827,19413385,848,2023-09-14T11:04:56Z
2022-08-02,10000002,39,1719,1720,1717,7914831,816,2023-09-14T11:04:56Z
2022-08-02,10000002,40,1618,1627,1599,6326695,759,2023-09-14T11:04:56Z
2022-08-02,10000002,11399,40040,41470,39820,1219675,579,2023-09-14T11:04:56Z
2022-08-03,10000002,34,3.65,3.75,3.6,2895479862,1461,2023-08-28T11:00:59Z
2022-08-03,10000002,35,9.39,9.43,8.55,1071762660,1119,2023-08-28T11:00:59Z
2022-08-03,10000002,36,62.31,63.24,62.26,1108730980,1124,2023-08-28T11:00:59Z
2022-08-03,10000002,37,389.1,399.6,378.3,111278788,954,2023-08-28T11:00:59Z
2022-08-03,10000002,38,823,824.8,777,42474096,792,2023-08-28T11:00:59Z
2022-08-03,10000002,39,1734,1738,1728,13972834,742,2023-08-28T11:00:59Z
2022-08-03,10000002,40,1631,1631,1631,12605932,648,2023-08-28T11:00:59Z
2022-08-03,10000002,11399,40600,40940,38930,738458,616,2023-08-28T11:00:59Z
2022-08-04,10000002,34,3.77,3.85,3.72,2861614413,1581,2023-09-20T11:05:05Z
2022-08-04,10000002,35,9.25,9.3,9.19,1009432456,1273,2023-09-20T11:05:05Z
2022-08-04,10000002,36,64.15,64.31,62,177079342,1146,2023-09-20T11:05:05Z
2022-08-04,10000002,37,395,399.7,379.9,160770516,1162,2023-09-20T11:05:05Z
2022-08-04,10000002,38,825,837.3,823.6,44955810,840,2023-09-20T11:05:05Z
2022-08-04,10000002,39,1873,1891,1808,14904050,773,2023-09-20T11:05:05Z
2022-08-04,10000002,40,1689,1689,1689,13797239,650,2023-09-20T11:05:05Z
2022-08-04,10000002,11399,40800,40900,39880,793738,583,2023-09-20T11:05:05Z
2022-08-05,10000002,34,3.71,3.73,3.67,2244214888,1721,2023-09-24T11:01:08Z
2022-08-05,10000002,35,9.11,9.12,9.1,1543156281,1404,2023-09-24T11:01:08Z
2022-08-05,10000002,36,62.5,63.84,59.81,292259830,1229,2023-09-24T11:01:08Z
2022-08-05,10000002,37,376,391.9,366.7,219139950,1192,2023-09-24T11:01:08Z
2022-08-05,10000002,38,800,838.8,750,34477736,783,2023-09-24T11:01:08Z
2022-08-05,10000002,39,2540,2976,2300,6137305,803,2023-09-24T11:01:08Z
2022-08-05,10000002,40,1599,1635,1528,10177241,688,2023-09-24T11:01:08Z
2022-08-05,10000002,11399,40090,40980,38910,1180672,558,2023-09-24T11:01:08Z
2022-08-06,10000002,34,3.71,3.72,3.68,2559380514,1892,2023-06-29T11:08:19Z
2022-08-06,10000002,35,9.29,9.34,9.18,1799602772,1532,2023-06-29T11:08:19Z
2022-08-06,10000002,36,63.67,63.85,60.3,463267993,1411,2023-06-29T11:08:19Z
2022-08-06,10000002,37,381.2,388.3,374.6,144271013,1319,2023-06-29T11:08:19Z
2022-08-06,10000002,38,834,837.8,805.6,29111012,899,2023-06-29T11:08:19Z
2022-08-06,10000002,39,2084,2167,1950,16815968,970,2023-06-29T11:08:19Z
2022-08-06,10000002,40,1670,1677,1599,5967465,833,2023-06-29T11:08:19Z
2022-08-06,10000002,11399,39240,39990,38980,1239260,652,2023-06-29T11:08:19Z
2022-08-07,10000002,34,3.61,3.68,3.59,4496984109,1949,2023-09-25T11:02:09Z
2022-08-07,10000002,35,9.21,9.4,9.18,2294386496,1663,2023-09-25T11:02:09Z
2022-08-07,10000002,36,60.56,61,60.54,404407373,1434,2023-09-25T11:02:09Z
2022-08-07,10000002,37,380.1,393.7,379.3,235632513,1335,2023-09-25T11:02:09Z
2022-08-07,10000002,38,832,832.8,804.6,28292331,913,2023-09-25T11:02:09Z
2022-08-07,10000002,39,2070,2084,1917,8054578,924,2023-09-25T11:02:09Z
2022-08-07,10000002,40,1669,1669,1669,6853388,789,2023-09-25T11:02:09Z
2022-08-07,10000002,11399,40250,40320,38860,1020327,632,2023-09-25T11:02:09Z
2022-08-08,10000002,34,3.65,3.69,3.55,4000902416,1842,2023-08-13T11:01:04Z
2022-08-08,10000002,35,8.56,8.92,8.46,1788966125,1460,2023-08-13T11:01:04Z
2022-08-08,10000002,36,60.08,60.54,60,492920448,1354,2023-08-13T11:01:04Z
2022-08-08,10000002,37,402,402.8,379.2,129410052,1203,2023-08-13T11:01:04Z
2022-08-08,10000002,38,837.2,837.3,820,31340020,861,2023-08-13T11:01:04Z
2022-08-08,10000002,39,2061,2399,2049,22271208,913,2023-08-13T11:01:04Z
2022-08-08,10000002,40,1677,1700,1673,10000199,807,2023-08-13T11:01:04Z
2022-08-08,10000002,11399,39220,40180,38990,934090,538,2023-08-13T11:01:04Z
2022-08-09,10000002,34,3.69,3.7,3.66,2336687339,1489,2023-09-06T11:04:17Z
2022-08-09,10000002,35,8.72,8.8,8.54,1060821172,1121,2023-09-06T11:04:17Z
2022-08-09,10000002,36,62,62.14,60.14,364916934,1075,2023-09-06T11:04:17Z
2022-08-09,10000002,37,377.9,398.7,376.3,320761167,1034,2023-09-06T11:04:17Z
2022-08-09,10000002,38,771.1,800,759.8,33899268,760,2023-09-06T11:04:17Z
2022-08-09,10000002,39,2305,2337,2201,6536545,692,2023-09-06T11:04:17Z
2022-08-09,10000002,40,1602,1678,1598,5216513,598,2023-09-06T11:04:17Z
2022-08-09,10000002,11399,40140,40250,38990,1248287,600,2023-09-06T11:04:17Z
2022-08-10,10000002,34,3.69,3.71,3.65,2735310240,1492,2023-09-04T11:05:56Z
2022-08-10,10000002,35,8.7,8.75,8.35,2540923668,1232,2023-09-04T11:05:56Z
2022-08-10,10000002,36,60.7,63.71,60.46,371126133,1126,2023-09-04T11:05:56Z
2022-08-10,10000002,37,367,368.4,350,415106428,1124,2023-09-04T11:05:56Z
2022-08-10,10000002,38,832.8,833.2,832.8,17637838,693,2023-09-04T11:05:56Z
2022-08-10,10000002,39,2132,2271,2110,11271475,771,2023-09-04T11:05:56Z
2022-08-10,10000002,40,1688,1690,1618,5119911,701,2023-09-04T11:05:56Z
2022-08-10,10000002,11399,39980,40400,38900,1030981,601,2023-09-04T11:05:56Z
2022-08-11,10000002,34,3.67,3.68,3.62,2983988530,1544,2023-08-03T11:06:09Z
2022-08-11,10000002,35,8.73,8.74,8.71,1468516198,1247,2023-08-03T11:06:09Z
2022-08-11,10000002,36,63.52,63.55,63.48,325436470,1168,2023-08-03T11:06:09Z
2022-08-11,10000002,37,393.3,406.3,370,135411719,1072,2023-08-03T11:06:09Z
2022-08-11,10000002,38,825.9,827.6,825.6,30034297,803,2023-08-03T11:06:09Z
2022-08-11,10000002,39,2084,2090,2081,8011125,789,2023-08-03T11:06:09Z
2022-08-11,10000002,40,1663,1668,1647,6195481,679,2023-08-03T11:06:09Z
2022-08-11,10000002,11399,38300,39110,38030,1266142,559,2023-08-03T11:06:09Z
2022-08-12,10000002,34,3.59,3.6,3.59,4433227824,1472,2023-09-22T11:03:53Z
2022-08-12,10000002,35,8.69,8.93,8.49,1661356823,1214,2023-09-22T11:03:53Z
2022-08-12,10000002,36,61.51,64,60.57,448052830,1099,2023-09-22T11:03:53Z
2022-08-12,10000002,37,393.5,401.4,370,140026712,1065,2023-09-22T11:03:53Z
2022-08-12,10000002,38,826.4,829.3,815.7,59322300,872,2023-09-22T11:03:53Z
2022-08-12,10000002,39,2094,2109,2002,11780310,775,2023-09-22T11:03:53Z
2022-08-12,10000002,40,1700,1700,1700,18578364,690,2023-09-22T11:03:53Z
2022-08-12,10000002,11399,38290,39910,38070,1391190,584,2023-09-22T11:03:53Z
2022-08-13,10000002,34,3.69,3.7,3.63,2923359763,1790,2023-09-20T11:05:05Z
2022-08-13,10000002,35,8.46,8.76,8.42,2971073554,1512,2023-09-20T11:05:05Z
2022-08-13,10000002,36,69.95,70.64,64.29,734472728,1448,2023-09-20T11:05:05Z
2022-08-13,10000002,37,381.1,399.5,375.6,296467928,1238,2023-09-20T11:05:05Z
2022-08-13,10000002,38,829,834.9,813,32542419,916,2023-09-20T11:05:05Z
2022-08-13,10000002,39,2130,2288,2000,18450170,926,2023-09-20T11:05:05Z
2022-08-13,10000002,40,1697,1699,1670,6923378,806,2023-09-20T11:05:05Z
2022-08-13,10000002,11399,39950,40400,39910,944361,658,2023-09-20T11:05:05Z
2022-08-14,10000002,34,3.72,3.73,3.7,2764909936,1815,2023-09-17T11:01:10Z
2022-08-14,10000002,35,8.75,8.77,8.27,1654307748,1448,2023-09-17T11:01:10Z
2022-08-14,10000002,36,75,75.39,61.1,289638888,1358,2023-09-17T11:01:10Z
2022-08-14,10000002,37,381,399,368.7,313450248,1247,2023-09-17T11:01:10Z
2022-08-14,10000002,38,830.1,835.6,795.5,18570522,879,2023-09-17T11:01:10Z
2022-08-14,10000002,39,2096,2098,2006,12172029,923,2023-09-17T11:01:10Z
2022-08-14,10000002,40,1694,1696,1637,5572562,849,2023-09-17T11:01:10Z
2022-08-14,10000002,11399,41000,41990,40980,1054550,637,2023-09-17T11:01:10Z
2022-08-15,10000002,34,3.72,3.75,3.66,2055566536,1658,2023-09-22T11:03:53Z
2022-08-15,10000002,35,8.68,8.77,8.26,1486952958,1301,2023-09-22T11:03:53Z
2022-08-15,10000002,36,68.23,69.97,62.37,295189201,1184,2023-09-22T11:03:53Z
2022-08-15,10000002,37,400,400,399.8,126902315,1079,2023-09-22T11:03:53Z
2022-08-15,10000002,38,819.8,819.8,819.7,40704001,762,2023-09-22T11:03:53Z
2022-08-15,10000002,39,2099,2180,1948,9390564,810,2023-09-22T11:03:53Z
2022-08-15,10000002,40,1693,1697,1686,4537901,733,2023-09-22T11:03:53Z
2022-08-15,10000002,11399,42000,42290,41490,1177790,618,2023-09-22T11:03:53Z
2022-08-16,10000002,34,3.66,3.69,3.59,3688549042,1508,2023-09-25T11:02:09Z
2022-08-16,10000002,35,8.64,8.87,8.5,1804327897,1185,2023-09-25T11:02:09Z
2022-08-16,10000002,36,64.4,64.75,63.07,455079382,1100,2023-09-25T11:02:09Z
2022-08-16,10000002,37,403.8,405,390.6,175712671,1018,2023-09-25T11:02:09Z
2022-08-16,10000002,38,834.5,835.5,834.4,24444756,737,2023-09-25T11:02:09Z
2022-08-16,10000002,39,2000,2097,1895,14301413,743,2023-09-25T11:02:09Z
2022-08-16,10000002,40,1680,1686,1679,5486305,655,2023-09-25T11:02:09Z
2022-08-16,10000002,11399,42490,44000,41010,1348413,641,2023-09-25T11:02:09Z
2022-08-17,10000002,34,3.5,3.5,3.5,7299993657,1625,2023-09-22T11:03:53Z
2022-08-17,10000002,35,8.4,8.88,8.35,2815631423,1291,2023-09-22T11:03:53Z
2022-08-17,10000002,36,61,62.18,60,695207900,1130,2023-09-22T11:03:53Z
2022-08-17,10000002,37,362,380.2,355,233319018,1141,2023-09-22T11:03:53Z
2022-08-17,10000002,38,768.5,834.8,750,26190161,787,2023-09-22T11:03:53Z
2022-08-17,10000002,39,1996,2089,1831,7744001,723,2023-09-22T11:03:53Z
2022-08-17,10000002,40,1575,1600,1522,15582903,680,2023-09-22T11:03:53Z
2022-08-17,10000002,11399,43500,44080,43450,896987,524,2023-09-22T11:03:53Z
2022-08-18,10000002,34,3.7,3.71,3.67,2433471745,1545,2023-09-22T11:03:53Z
2022-08-18,10000002,35,8.77,9.01,8.65,1210019580,1290,2023-09-22T11:03:53Z
2022-08-18,10000002,36,62.35,63.62,58,235704477,1123,2023-09-22T11:03:53Z
2022-08-18,10000002,37,400.8,401.3,393.1,133978306,1040,2023-09-22T11:03:53Z
2022-08-18,10000002,38,824.9,825.4,824.5,22877902,795,2023-09-22T11:03:53Z
2022-08-18,10000002,39,1979,1983,1979,11087565,770,2023-09-22T11:03:53Z
2022-08-18,10000002,40,1626,1645,1560,5192811,700,2023-09-22T11:03:53Z
2022-08-18,10000002,11399,41110,43490,40440,1099357,693,2023-09-22T11:03:53Z
2022-08-19,10000002,34,3.69,3.7,3.68,3455987022,1656,2023-09-24T11:01:08Z
2022-08-19,10000002,35,8.79,8.94,8.74,1199689053,1362,2023-09-24T11:01:08Z
2022-08-19,10000002,36,62.1,62.18,60.02,295291447,1192,2023-09-24T11:01:08Z
2022-08-19,10000002,37,392,399,380.4,206080895,1131,2023-09-24T11:01:08Z
2022-08-19,10000002,38,800,823.5,800,27620753,813,2023-09-24T11:01:08Z
2022-08-19,10000002,39,1985,1990,1979,11488184,858,2023-09-24T11:01:08Z
2022-08-19,10000002,40,1624,1624,1623,6241144,784,2023-09-24T11:01:08Z
2022-08-19,10000002,11399,43460,43490,43010,977130,663,2023-09-24T11:01:08Z
2022-08-20,10000002,34,3.75,3.78,3.7,5346687912,1800,2023-09-22T11:03:53Z
2022-08-20,10000002,35,9,9.02,8.98,2188464501,1453,2023-09-22T11:03:53Z
2022-08-20,10000002,36,62.57,63.55,60.66,536813159,1365,2023-09-22T11:03:53Z
2022-08-20,10000002,37,382.3,396,370,280500840,1373,2023-09-22T11:03:53Z
2022-08-20,10000002,38,822,823.6,799.5,43229118,937,2023-09-22T11:03:53Z
2022-08-20,10000002,39,1993,1998,1992,10912402,899,2023-09-22T11:03:53Z
2022-08-20,10000002,40,1634,1635,1634,6280779,804,2023-09-22T11:03:53Z
2022-08-20,10000002,11399,43350,43490,43100,1168183,691,2023-09-22T11:03:53Z
2022-08-21,10000002,34,3.78,3.84,3.6,4800793429,1922,2023-09-22T11:03:53Z
2022-08-21,10000002,35,8.49,8.88,8.46,2263978315,1517,2023-09-22T11:03:53Z
2022-08-21,10000002,36,63.39,63.52,60,403463031,1310,2023-09-22T11:03:53Z
2022-08-21,10000002,37,395.2,396.3,377.4,212352308,1236,2023-09-22T11:03:53Z
2022-08-21,10000002,38,822.9,823.1,822.7,28323383,925,2023-09-22T11:03:53Z
2022-08-21,10000002,39,2099,2170,1918,17310280,938,2023-09-22T11:03:53Z
2022-08-21,10000002,40,1606,1628,1482,12502117,858,2023-09-22T11:03:53Z
2022-08-21,10000002,11399,42740,43220,41110,1429634,681,2023-09-22T11:03:53Z
2022-08-22,10000002,34,3.67,3.68,3.65,3835141703,1649,2023-09-22T11:03:53Z
2022-08-22,10000002,35,8.52,8.63,8.27,1845112988,1318,2023-09-22T11:03:53Z
2022-08-22,10000002,36,62.72,62.79,60,304052812,1234,2023-09-22T11:03:53Z
2022-08-22,10000002,37,393.8,394.3,370.2,198173408,1067,2023-09-22T11:03:53Z
2022-08-22,10000002,38,820.5,820.8,818.7,18357213,778,2023-09-22T11:03:53Z
2022-08-22,10000002,39,2142,2148,2099,8800226,767,2023-09-22T11:03:53Z
2022-08-22,10000002,40,1623,1625,1605,8976020,725,2023-09-22T11:03:53Z
2022-08-22,10000002,11399,43240,43290,39600,628347,698,2023-09-22T11:03:53Z
2022-08-23,10000002,34,3.64,3.69,3.59,5596376927,1600,2023-09-17T11:01:10Z
2022-08-23,10000002,35,8,8,8,5121230600,1350,2023-09-17T11:01:10Z
2022-08-23,10000002,36,59,62.77,58.9,947197094,1205,2023-09-17T11:01:10Z
2022-08-23,10000002,37,392.5,393.7,391.3,155423159,1091,2023-09-17T11:01:10Z
2022-08-23,10000002,38,805,814.8,781.1,31931244,862,2023-09-17T11:01:10Z
2022-08-23,10000002,39,2135,2138,1993,9846859,768,2023-09-17T11:01:10Z
2022-08-23,10000002,40,1621,1622,1620,4690405,699,2023-09-17T11:01:10Z
2022-08-23,10000002,11399,42870,42880,42760,892765,545,2023-09-17T11:01:10Z
2022-08-24,10000002,34,3.69,3.69,3.68,3199606834,1465,2023-09-18T11:04:25Z
2022-08-24,10000002,35,8.47,8.74,8.44,1372163477,1219,2023-09-18T11:04:25Z
2022-08-24,10000002,36,63.16,63.18,61.21,274046627,1118,2023-09-18T11:04:25Z
2022-08-24,10000002,37,376.7,393,371.1,234254027,1070,2023-09-18T11:04:25Z
2022-08-24,10000002,38,811.8,812,805,14439547,774,2023-09-18T11:04:25Z
2022-08-24,10000002,39,2100,2111,2074,12837005,748,2023-09-18T11:04:25Z
2022-08-24,10000002,40,1615,1615,1614,8308889,683,2023-09-18T11:04:25Z
2022-08-24,10000002,11399,40920,42800,40070,1360179,633,2023-09-18T11:04:25Z
2022-08-25,10000002,34,3.67,3.7,3.6,3922637666,1467,2023-09-02T11:01:03Z
2022-08-25,10000002,35,8.74,8.76,7.37,1817052027,1178,2023-09-02T11:01:03Z
2022-08-25,10000002,36,63.2,63.36,58.32,313931623,1121,2023-09-02T11:01:03Z
2022-08-25,10000002,37,395.2,397,374,240949452,1007,2023-09-02T11:01:03Z
2022-08-25,10000002,38,811.5,812.1,776.6,22055850,715,2023-09-02T11:01:03Z
2022-08-25,10000002,39,2088,2090,2003,10461093,744,2023-09-02T11:01:03Z
2022-08-25,10000002,40,1615,1615,1615,10789932,664,2023-09-02T11:01:03Z
2022-08-25,10000002,11399,42000,42900,40220,923284,523,2023-09-02T11:01:03Z
2022-08-26,10000002,34,3.65,3.68,3.59,3601746525,1539,2023-09-26T11:04:25Z
2022-08-26,10000002,35,8.77,8.77,8.77,2061492898,1218,2023-09-26T11:04:25Z
2022-08-26,10000002,36,62.98,63.32,58.84,265268880,1084,2023-09-26T11:04:25Z
2022-08-26,10000002,37,376.9,397,376,206916235,1062,2023-09-26T11:04:25Z
2022-08-26,10000002,38,812,812.1,811.6,14676412,719,2023-09-26T11:04:25Z
2022-08-26,10000002,39,2084,2087,2014,11041915,739,2023-09-26T11:04:25Z
2022-08-26,10000002,40,1606,1613,1514,6389928,687,2023-09-26T11:04:25Z
2022-08-26,10000002,11399,42800,43300,40830,854353,658,2023-09-26T11:04:25Z
2022-08-27,10000002,34,3.68,3.69,3.59,3620151380,1922,2023-09-06T11:04:17Z
2022-08-27,10000002,35,8.69,8.79,8.5,1827169469,1575,2023-09-06T11:04:17Z
2022-08-27,10000002,36,61.3,61.49,60.99,337317020,1409,2023-09-06T11:04:17Z
2022-08-27,10000002,37,375.7,385.8,375.1,310200114,1440,2023-09-06T11:04:17Z
2022-08-27,10000002,38,796.8,808.7,775.1,34098760,958,2023-09-06T11:04:17Z
2022-08-27,10000002,39,2041,2043,2040,12875898,944,2023-09-06T11:04:17Z
2022-08-27,10000002,40,1611,1614,1599,7689041,831,2023-09-06T11:04:17Z
2022-08-27,10000002,11399,43000,43340,41320,1193302,680,2023-09-06T11:04:17Z
2022-08-28,10000002,34,3.61,3.67,3.58,3684939473,1851,2023-07-28T11:01:06Z
2022-08-28,10000002,35,8.8,8.97,8.52,1615538495,1581,2023-07-28T11:01:06Z
2022-08-28,10000002,36,62.69,62.96,60,315333762,1400,2023-07-28T11:01:06Z
2022-08-28,10000002,37,380,394.8,371.3,159972273,1315,2023-07-28T11:01:06Z
2022-08-28,10000002,38,799.4,808.1,799.3,19261217,946,2023-07-28T11:01:06Z
2022-08-28,10000002,39,1997,2036,1950,10067482,950,2023-07-28T11:01:06Z
2022-08-28,10000002,40,1598,1599,1533,4247584,888,2023-07-28T11:01:06Z
2022-08-28,10000002,11399,42140,43800,42040,1212542,688,2023-07-28T11:01:06Z
2022-08-29,10000002,34,3.63,3.66,3.56,3631720284,1619,2023-09-22T11:03:53Z
2022-08-29,10000002,35,8.99,9.01,8.94,1520738776,1347,2023-09-22T11:03:53Z
2022-08-29,10000002,36,62.91,63.3,59.03,354526348,1251,2023-09-22T11:03:53Z
2022-08-29,10000002,37,372.1,392.4,371.4,194192247,1101,2023-09-22T11:03:53Z
2022-08-29,10000002,38,795.2,796.6,754.6,27129778,866,2023-09-22T11:03:53Z
2022-08-29,10000002,39,1990,1997,1846,11625998,803,2023-09-22T11:03:53Z
2022-08-29,10000002,40,1610,1615,1487,6543397,753,2023-09-22T11:03:53Z
2022-08-29,10000002,11399,43000,43980,41020,1060558,556,2023-09-22T11:03:53Z
2022-08-30,10000002,34,3.65,3.66,3.64,2593938618,1532,2023-09-29T11:01:02Z
2022-08-30,10000002,35,8.7,8.99,8.4,1420867018,1268,2023-09-29T11:01:02Z
2022-08-30,10000002,36,62.89,63,59,598491031,1195,2023-09-29T11:01:02Z
2022-08-30,10000002,37,372.3,382,371.1,233184892,1140,2023-09-29T11:01:02Z
2022-08-30,10000002,38,796.3,797.1,795.8,17984475,815,2023-09-29T11:01:02Z
2022-08-30,10000002,39,1897,1966,1830,12206463,820,2023-09-29T11:01:02Z
2022-08-30,10000002,40,1605,1607,1570,4869643,735,2023-09-29T11:01:02Z
2022-08-30,10000002,11399,42990,43500,41550,605308,616,2023-09-29T11:01:02Z
2022-08-31,10000002,34,3.64,3.65,3.57,3087926656,1571,2023-06-16T11:04:41Z
2022-08-31,10000002,35,8.99,9,8.58,1814423202,1281,2023-06-16T11:04:41Z
2022-08-31,10000002,36,63.43,64.72,58.84,446334969,1149,2023-06-16T11:04:41Z
2022-08-31,10000002,37,365.1,369.2,359.9,285866855,1104,2023-06-16T11:04:41Z
2022-08-31,10000002,38,770.6,786.6,770.2,34143111,759,2023-06-16T11:04:41Z
2022-08-31,10000002,39,1884,1885,1884,9959570,725,2023-06-16T11:04:41Z
2022-08-31,10000002,40,1609,1609,1609,8301684,671,2023-06-16T11:04:41Z
2022-08-31,10000002,11399,42420,42740,41710,712474,533,2023-06-16T11:04:41Z
2022-09-01,10000002,34,3.65,3.67,3.63,3998487841,1452,2023-09-22T11:03:53Z
2022-09-01,10000002,35,8.98,9,8.63,1508140654,1183,2023-09-22T11:03:53Z
2022-09-01,10000002,36,68.13,68.18,67.97,334692442,1015,2023-09-22T11:03:53Z
2022-09-01,10000002,37,366,369.3,359.8,300592652,969,2023-09-22T11:03:53Z
2022-09-01,10000002,38,782.2,783.8,768.3,32770218,707,2023-09-22T11:03:53Z
2022-09-01,10000002,39,1844,1848,1827,10697856,708,2023-09-22T11:03:53Z
2022-09-01,10000002,40,1614,1615,1613,3980968,626,2023-09-22T11:03:53Z
2022-09-01,10000002,11399,42720,42800,42100,1111216,617,2023-10-28T11:01:08Z
2022-09-02,10000002,34,3.69,3.69,3.68,2608794123,1499,2023-07-16T11:01:07Z
2022-09-02,10000002,35,8.79,9.01,8.75,2166891853,1348,2023-07-16T11:01:07Z
2022-09-02,10000002,36,68.04,68.09,64.13,402094154,1243,2023-07-16T11:01:07Z
2022-09-02,10000002,37,370.2,371,364.5,309812256,1153,2023-07-16T11:01:07Z
2022-09-02,10000002,38,770.2,776.9,753.9,42180939,818,2023-07-16T11:01:07Z
2022-09-02,10000002,39,1779,1802,1771,18816623,823,2023-07-16T11:01:07Z
2022-09-02,10000002,40,1608,1612,1560,9154545,735,2023-10-26T11:04:39Z
2022-09-02,10000002,11399,41540,42000,40890,925480,571,2023-10-26T11:04:39Z
2022-09-03,10000002,34,3.7,3.74,3.6,3735282008,1572,2023-08-15T11:03:40Z
2022-09-03,10000002,35,8.81,8.98,8.26,1300618342,1308,2023-08-15T11:03:40Z
2022-09-03,10000002,36,68.14,68.19,67.97,432090498,1206,2023-08-15T11:03:40Z
2022-09-03,10000002,37,374.7,376.5,358.2,225364636,1217,2023-08-15T11:03:40Z
2022-09-03,10000002,38,759.7,768.9,675.1,31240567,870,2023-08-15T11:03:40Z
2022-09-03,10000002,39,1803,1833,1739,13534900,845,2023-08-15T11:03:40Z
2022-09-03,10000002,40,1616,1619,1560,6278950,743,2023-10-28T11:01:08Z
2022-09-03,10000002,11399,40860,42790,40510,1064811,684,2023-10-28T11:01:08Z
2022-09-04,10000002,34,3.72,3.73,3.6,3200451841,1729,2023-08-26T11:01:08Z
2022-09-04,10000002,35,9,9.03,8.54,1978747177,1493,2023-08-26T11:01:08Z
2022-09-04,10000002,36,73.73,73.79,67.97,366313749,1364,2023-08-26T11:01:08Z
2022-09-04,10000002,37,355.3,376.4,352.4,347393639,1364,2023-08-26T11:01:08Z
2022-09-04,10000002,38,746.5,758.1,700.2,37914714,1009,2023-08-26T11:01:08Z
2022-09-04,10000002,39,1789,1791,1736,15830383,932,2023-08-26T11:01:08Z
2022-09-04,10000002,40,1619,1625,1617,11819716,864,2023-08-26T11:01:08Z
2022-09-04,10000002,11399,41090,42980,40410,1273615,685,2023-10-29T11:01:02Z
2022-09-05,10000002,34,3.72,3.75,3.67,3753624626,1638,2023-10-01T11:01:04Z
2022-09-05,10000002,35,9.08,9.24,8.93,1257167329,1353,2023-10-01T11:01:04Z
2022-09-05,10000002,36,73.43,73.54,71.82,267124377,1230,2023-10-01T11:01:04Z
2022-09-05,10000002,37,371.3,387.4,354.6,156896132,1165,2023-10-01T11:01:04Z
2022-09-05,10000002,38,731.7,731.9,731.4,28982032,871,2023-10-01T11:01:04Z
2022-09-05,10000002,39,1783,1787,1694,10866432,855,2023-10-01T11:01:04Z
2022-09-05,10000002,40,1533,1621,1477,6536716,727,2023-10-01T11:01:04Z
2022-09-05,10000002,11399,40830,40860,40830,1877968,642,2023-10-26T11:04:39Z
2022-09-06,10000002,34,3.72,3.76,3.59,2108398054,1461,2023-09-17T11:01:10Z
2022-09-06,10000002,35,8.87,8.88,8.87,1891657102,1299,2023-09-17T11:01:10Z
2022-09-06,10000002,36,73.7,74.4,73.01,447182126,1132,2023-09-17T11:01:10Z
2022-09-06,10000002,37,357.2,379.9,356,243755871,1076,2023-09-17T11:01:10Z
2022-09-06,10000002,38,728.9,729,728.5,31256961,813,2023-09-17T11:01:10Z
2022-09-06,10000002,39,1793,1795,1787,9914250,805,2023-09-17T11:01:10Z
2022-09-06,10000002,40,1618,1618,1617,4744907,655,2023-09-17T11:01:10Z
2022-09-06,10000002,11399,41510,42790,39400,618491,530,2023-10-28T11:01:08Z
2022-09-07,10000002,34,3.71,3.72,3.56,3183984895,1463,2023-08-08T11:04:12Z
2022-09-07,10000002,35,9.18,9.52,9.15,1275279761,1238,2023-08-08T11:04:12Z
2022-09-07,10000002,36,73.99,74.3,69.06,328947979,1146,2023-08-08T11:04:12Z
2022-09-07,10000002,37,369,369.8,358.2,150859617,1049,2023-08-08T11:04:12Z
2022-09-07,10000002,38,727,729,718,33959719,852,2023-08-08T11:04:12Z
2022-09-07,10000002,39,1654,1794,1555,15325575,801,2023-08-08T11:04:12Z
2022-09-07,10000002,40,1491,1615,1470,9558536,692,2023-10-26T11:04:39Z
2022-09-07,10000002,11399,40270,41480,40110,876859,514,2023-10-26T11:04:39Z
2022-09-08,10000002,34,3.68,3.71,3.56,4134425930,1528,2023-08-31T11:05:37Z
2022-09-08,10000002,35,10.17,10.84,9.39,1683060973,1261,2023-08-31T11:05:37Z
2022-09-08,10000002,36,70.33,72.67,68.35,628728508,1197,2023-08-31T11:05:37Z
2022-09-08,10000002,37,368.6,369,360.3,325841688,1119,2023-08-31T11:05:37Z
2022-09-08,10000002,38,710.1,717.9,709.9,37852338,856,2023-08-31T11:05:37Z
2022-09-08,10000002,39,1765,1790,1763,9783489,779,2023-10-29T11:01:02Z
2022-09-08,10000002,40,1613,1613,1611,7151150,692,2023-08-31T11:05:37Z
2022-09-08,10000002,11399,41300,41350,40420,1166386,584,2023-10-29T11:01:02Z
2022-09-09,10000002,34,3.69,3.71,3.61,2608917743,1413,2023-08-12T11:01:06Z
2022-09-09,10000002,35,9.87,9.95,9.7,1548531424,1247,2023-08-12T11:01:06Z
2022-09-09,10000002,36,71.05,71.78,70.01,395624155,1158,2023-08-12T11:01:06Z
2022-09-09,10000002,37,370.3,381.1,362.3,164032077,1083,2023-08-12T11:01:06Z
2022-09-09,10000002,38,717,717.6,710.1,31280194,819,2023-08-12T11:01:06Z
2022-09-09,10000002,39,1790,1792,1764,14546153,828,2023-10-20T11:01:07Z
2022-09-09,10000002,40,1554,1611,1554,9910771,694,2023-08-12T11:01:06Z
2022-09-09,10000002,11399,41330,41350,40470,1159216,580,2023-10-20T11:01:07Z
2022-09-10,10000002,34,3.71,3.73,3.66,4236678655,1723,2023-08-07T11:01:05Z
2022-09-10,10000002,35,10,10.17,9.94,2031911927,1518,2023-10-29T11:01:02Z
2022-09-10,10000002,36,73,73,72,799801627,1437,2023-08-07T11:01:05Z
2022-09-10,10000002,37,394,395.8,372.7,167438383,1255,2023-08-07T11:01:05Z
2022-09-10,10000002,38,715.4,717.8,700.1,32058625,971,2023-08-07T11:01:05Z
2022-09-10,10000002,39,1791,1791,1790,13938057,963,2023-10-29T11:01:02Z
2022-09-10,10000002,40,1610,1612,1609,5684767,825,2023-10-29T11:01:02Z
2022-09-10,10000002,11399,41340,41360,40640,1320066,667,2023-10-29T11:01:02Z
2022-09-11,10000002,34,3.61,3.71,3.53,4541447156,1860,2023-08-08T11:04:12Z
2022-09-11,10000002,35,10.65,10.73,10.14,2214729117,1558,2023-08-08T11:04:12Z
2022-09-11,10000002,36,74.99,77,72.82,361500992,1389,2023-08-08T11:04:12Z
2022-09-11,10000002,37,384.4,394.5,378,274943282,1324,2023-08-08T11:04:12Z
2022-09-11,10000002,38,715.6,720,700.6,51024374,1017,2023-10-29T11:01:02Z
2022-09-11,10000002,39,1793,1793,1792,11090681,989,2023-08-08T11:04:12Z
2022-09-11,10000002,40,1613,1615,1582,7479998,843,2023-08-08T11:04:12Z
2022-09-11,10000002,11399,42000,42990,40910,1199285,636,2023-10-29T11:01:02Z
2022-09-12,10000002,34,3.72,3.74,3.61,2928249472,1631,2023-07-31T11:01:15Z
2022-09-12,10000002,35,10.15,10.79,9.41,2417980483,1389,2023-07-31T11:01:15Z
2022-09-12,10000002,36,76.45,76.98,76.38,623904365,1324,2023-07-31T11:01:15Z
2022-09-12,10000002,37,384.6,384.9,382.5,111105989,1183,2023-07-31T11:01:15Z
2022-09-12,10000002,38,730.8,732.3,730.7,47458029,950,2023-07-31T11:01:15Z
2022-09-12,10000002,39,1793,1827,1793,12728043,931,2023-07-31T11:01:15Z
2022-09-12,10000002,40,1613,1615,1612,6274424,798,2023-07-31T11:01:15Z
2022-09-12,10000002,11399,42830,42980,42240,657479,564,2023-10-06T11:04:40Z
2022-09-13,10000002,34,3.62,3.67,3.53,5769421607,1562,2023-08-20T11:01:09Z
2022-09-13,10000002,35,10.83,10.84,10.83,2610546972,1345,2023-08-20T11:01:09Z
2022-09-13,10000002,36,89.9,97.9,85.56,894940643,1399,2023-08-20T11:01:09Z
2022-09-13,10000002,37,382.4,388.4,370.2,237471645,1142,2023-08-20T11:01:09Z
2022-09-13,10000002,38,746.9,780,739.8,34862770,876,2023-10-08T11:01:01Z
2022-09-13,10000002,39,1830,1834,1771,11813638,856,2023-10-08T11:01:01Z
2022-09-13,10000002,40,1615,1615,1615,6229521,728,2023-08-20T11:01:09Z
2022-09-13,10000002,11399,43000,43100,41820,1035471,606,2023-10-08T11:01:01Z
2022-09-14,10000002,34,3.65,3.66,3.65,2975935527,1556,2023-09-26T11:04:25Z
2022-09-14,10000002,35,9.98,9.99,9.94,1356960097,1293,2023-09-26T11:04:25Z
2022-09-14,10000002,36,88.54,88.8,86,267926316,1318,2023-09-26T11:04:25Z
2022-09-14,10000002,37,384.9,387.9,370,105066594,1160,2023-10-14T11:01:03Z
2022-09-14,10000002,38,779.3,780,775,17118811,820,2023-10-14T11:01:03Z
2022-09-14,10000002,39,1834,1836,1833,7424083,873,2023-09-26T11:04:25Z
2022-09-14,10000002,40,1607,1611,1534,5326326,801,2023-09-26T11:04:25Z
2022-09-14,10000002,11399,41990,42790,40540,809648,573,2023-10-14T11:01:03Z
2022-09-15,10000002,34,3.79,3.85,3.69,16162544443,1646,2023-10-01T11:01:04Z
2022-09-15,10000002,35,10.51,10.74,9.33,1165812023,1338,2023-10-01T11:01:04Z
2022-09-15,10000002,36,83.53,86.03,79.11,909065685,1364,2023-10-01T11:01:04Z
2022-09-15,10000002,37,389,394.7,375.1,117790257,1126,2023-10-01T11:01:04Z
2022-09-15,10000002,38,779.1,779.4,778.7,20874550,905,2023-10-01T11:01:04Z
2022-09-15,10000002,39,1935,1935,1935,7975213,911,2023-10-01T11:01:04Z
2022-09-15,10000002,40,1611,1613,1610,4441884,789,2023-10-29T11:01:02Z
2022-09-15,10000002,11399,41990,42860,40350,806279,595,2023-10-29T11:01:02Z
2022-09-16,10000002,34,3.9,3.94,3.85,5976340624,1603,2023-08-10T11:04:09Z
2022-09-16,10000002,35,10.49,10.74,10,1402720309,1243,2023-10-24T11:04:46Z
2022-09-16,10000002,36,87,87.35,86.57,339774124,1095,2023-08-10T11:04:09Z
2022-09-16,10000002,37,398.5,399,383.4,164380603,1043,2023-08-10T11:04:09Z
2022-09-16,10000002,38,782.7,784.3,779.7,22359297,792,2023-08-10T11:04:09Z
2022-09-16,10000002,39,1990,1995,1902,21325552,836,2023-10-24T11:04:46Z
2022-09-16,10000002,40,1610,1610,1609,10969983,712,2023-10-24T11:04:46Z
2022-09-16,10000002,11399,40570,42880,40290,1026409,544,2023-10-24T11:04:46Z
2022-09-17,10000002,34,3.82,3.89,3.72,5036158771,1685,2023-09-29T11:01:02Z
2022-09-17,10000002,35,10.52,10.68,10.07,1960543280,1391,2023-09-29T11:01:02Z
2022-09-17,10000002,36,81.5,87.34,80.68,345905623,1302,2023-09-29T11:01:02Z
2022-09-17,10000002,37,397.6,398.7,377.3,242279126,1143,2023-09-29T11:01:02Z
2022-09-17,10000002,38,795,795.6,789.9,39205042,889,2023-09-29T11:01:02Z
2022-09-17,10000002,39,2069,2157,2050,11309822,910,2023-10-26T11:04:39Z
2022-09-17,10000002,40,1606,1606,1605,9886863,767,2023-09-29T11:01:02Z
2022-09-17,10000002,11399,43050,43080,43000,985427,572,2023-10-26T11:04:39Z
2022-09-18,10000002,34,3.82,3.86,3.71,3126067441,1840,2023-10-01T11:01:04Z
2022-09-18,10000002,35,10.8,10.85,10.47,1432734723,1489,2023-10-01T11:01:04Z
2022-09-18,10000002,36,80.69,81.48,80.66,520041824,1323,2023-10-01T11:01:04Z
2022-09-18,10000002,37,394.7,394.9,390,257175395,1234,2023-10-26T11:04:39Z
2022-09-18,10000002,38,797.5,800,795.4,48449899,915,2023-10-26T11:04:39Z
2022-09-18,10000002,39,2150,2160,2145,7185984,899,2023-10-26T11:04:39Z
2022-09-18,10000002,40,1579,1594,1567,6433726,761,2023-10-01T11:01:04Z
2022-09-18,10000002,11399,43500,43540,41780,1857144,775,2023-10-26T11:04:39Z
2022-09-19,10000002,34,3.75,3.82,3.6,2029963657,1586,2023-08-28T11:00:59Z
2022-09-19,10000002,35,9.94,10.47,9.19,1514903818,1276,2023-08-28T11:00:59Z
2022-09-19,10000002,36,80.62,86.97,80.03,252737836,1174,2023-08-28T11:00:59Z
2022-09-19,10000002,37,370.2,370.6,362,350330378,1088,2023-08-28T11:00:59Z
2022-09-19,10000002,38,815,822,791.2,21861578,805,2023-08-28T11:00:59Z
2022-09-19,10000002,39,2180,2183,2150,5934470,825,2023-10-28T11:01:08Z
2022-09-19,10000002,40,1595,1607,1593,5335255,653,2023-08-28T11:00:59Z
2022-09-19,10000002,11399,41880,43000,38670,1077516,598,2023-10-28T11:01:08Z
2022-09-20,10000002,34,3.62,3.8,3.55,4008929272,1411,2023-08-05T11:00:58Z
2022-09-20,10000002,35,9.65,10.04,9.3,1236577273,1200,2023-08-05T11:00:58Z
2022-09-20,10000002,36,77.64,81.96,77.63,428175806,1111,2023-08-05T11:00:58Z
2022-09-20,10000002,37,360,392.8,333.1,407497254,1042,2023-10-24T11:04:46Z
2022-09-20,10000002,38,787.6,813.2,779.9,28383776,759,2023-08-05T11:00:58Z
2022-09-20,10000002,39,2051,2180,2033,9841286,710,2023-10-24T11:04:46Z
2022-09-20,10000002,40,1504,1581,1500,21185809,677,2023-10-24T11:04:46Z
2022-09-20,10000002,11399,42080,42870,40510,1097725,614,2023-10-24T11:04:46Z
2022-09-21,10000002,34,3.89,3.95,3.82,7389688335,1498,2023-09-06T11:04:17Z
2022-09-21,10000002,35,8.73,9.42,8.65,1318698610,1202,2023-09-06T11:04:17Z
2022-09-21,10000002,36,77.71,78.88,77.5,842825551,1176,2023-09-06T11:04:17Z
2022-09-21,10000002,37,360.5,389,350,282620779,1029,2023-10-18T11:06:26Z
2022-09-21,10000002,38,809,809.3,804.9,22734694,744,2023-09-06T11:04:17Z
2022-09-21,10000002,39,2050,2050,2050,12265473,723,2023-10-18T11:06:26Z
2022-09-21,10000002,40,1605,1606,1556,10988545,640,2023-09-06T11:04:17Z
2022-09-21,10000002,11399,42150,42730,40050,1397569,580,2023-10-18T11:06:26Z
2022-09-22,10000002,34,3.9,3.93,3.87,3389471205,1271,2023-09-18T11:04:25Z
2022-09-22,10000002,35,9.44,9.47,9.25,1166719976,987,2023-09-18T11:04:25Z
2022-09-22,10000002,36,78.58,78.87,73.5,382031512,978,2023-09-18T11:04:25Z
2022-09-22,10000002,37,361.2,391.4,357.6,220561980,906,2023-09-18T11:04:25Z
2022-09-22,10000002,38,811.4,813.3,808.7,30254633,641,2023-09-18T11:04:25Z
2022-09-22,10000002,39,2050,2129,2020,15629930,674,2023-10-29T11:01:02Z
2022-09-22,10000002,40,1619,1619,1606,13409299,592,2023-09-18T11:04:25Z
2022-09-22,10000002,11399,41240,43180,40970,777251,581,2023-10-29T11:01:02Z
2022-09-23,10000002,34,4,4,4,5055065243,1676,2023-10-01T11:01:04Z
2022-09-23,10000002,35,9.59,9.6,9.59,973055503,1283,2023-10-01T11:01:04Z
2022-09-23,10000002,36,76.78,78.38,74,257299169,1220,2023-10-01T11:01:04Z
2022-09-23,10000002,37,363,378.5,356,166394946,1065,2023-10-01T11:01:04Z
2022-09-23,10000002,38,817,817.7,815.9,22376238,815,2023-10-01T11:01:04Z
2022-09-23,10000002,39,2183,2183,2183,10995908,803,2023-10-01T11:01:04Z
2022-09-23,10000002,40,1609,1609,1609,9505676,689,2023-10-01T11:01:04Z
2022-09-23,10000002,11399,42960,43000,41290,858815,647,2023-10-29T11:01:02Z
2022-09-24,10000002,34,4,4.03,3.98,5270523128,1718,2023-09-25T11:02:09Z
2022-09-24,10000002,35,9.61,9.63,9.38,1521022902,1361,2023-09-25T11:02:09Z
2022-09-24,10000002,36,77.74,77.89,76.74,462153705,1289,2023-09-25T11:02:09Z
2022-09-24,10000002,37,379.1,384.5,378.7,205074796,1199,2023-09-25T11:02:09Z
2022-09-24,10000002,38,826,826,825.9,38768937,921,2023-09-25T11:02:09Z
2022-09-24,10000002,39,2286,2318,2012,11853347,912,2023-09-25T11:02:09Z
2022-09-24,10000002,40,1617,1620,1611,10985923,826,2023-10-26T11:04:39Z
2022-09-24,10000002,11399,42850,42990,40640,1093507,706,2023-10-26T11:04:39Z
2022-09-25,10000002,34,3.91,4,3.89,4221141073,1784,2023-09-22T11:03:53Z
2022-09-25,10000002,35,9.4,9.52,9.2,1871764217,1486,2023-09-22T11:03:53Z
2022-09-25,10000002,36,77.22,77.5,74.17,558172794,1407,2023-09-22T11:03:53Z
2022-09-25,10000002,37,370.2,382.9,357.6,330684442,1343,2023-09-22T11:03:53Z
2022-09-25,10000002,38,834,868.8,831.8,36029476,937,2023-09-22T11:03:53Z
2022-09-25,10000002,39,2039,2276,2030,10151908,975,2023-10-26T11:04:39Z
2022-09-25,10000002,40,1617,1620,1613,8645511,816,2023-10-26T11:04:39Z
2022-09-25,10000002,11399,42990,43000,42850,1094631,759,2023-10-26T11:04:39Z
2022-09-26,10000002,34,3.96,4.03,3.73,2586259707,1513,2023-08-12T11:01:06Z
2022-09-26,10000002,35,8.99,9.53,8.74,1198998609,1252,2023-08-12T11:01:06Z
2022-09-26,10000002,36,77.36,77.49,74.06,285030083,1127,2023-08-12T11:01:06Z
2022-09-26,10000002,37,368.8,374.5,355.2,186930365,1093,2023-08-12T11:01:06Z
2022-09-26,10000002,38,856.5,857.9,848.4,14959835,747,2023-08-12T11:01:06Z
2022-09-26,10000002,39,2277,2279,2122,7537054,811,2023-08-12T11:01:06Z
2022-09-26,10000002,40,1619,1620,1614,5349884,693,2023-10-29T11:01:02Z
2022-09-26,10000002,11399,43380,43470,42190,739634,714,2023-10-29T11:01:02Z
2022-09-27,10000002,34,3.98,4,3.95,1675197068,1433,2023-06-09T11:01:08Z
2022-09-27,10000002,35,8.7,8.7,8.7,3047495515,1121,2023-06-09T11:01:08Z
2022-09-27,10000002,36,73.31,74.99,73.07,390435000,1035,2023-06-09T11:01:08Z
2022-09-27,10000002,37,355.1,376.8,351.2,223758291,1012,2023-06-09T11:01:08Z
2022-09-27,10000002,38,848.9,849.2,848,24454793,713,2023-06-09T11:01:08Z
2022-09-27,10000002,39,2287,2289,2286,7651256,699,2023-06-09T11:01:08Z
2022-09-27,10000002,40,1620,1620,1620,11032445,616,2023-10-26T11:04:39Z
2022-09-27,10000002,11399,43900,43950,43480,1083108,590,2023-10-26T11:04:39Z
2022-09-28,10000002,34,3.95,3.97,3.85,2565010963,1452,2023-08-03T11:06:09Z
2022-09-28,10000002,35,8.53,8.89,7.1,2180567733,1161,2023-08-03T11:06:09Z
2022-09-28,10000002,36,74.96,74.99,73,371733179,1042,2023-08-03T11:06:09Z
2022-09-28,10000002,37,341.1,371.5,339,175691935,919,2023-08-03T11:06:09Z
2022-09-28,10000002,38,847.9,848.1,820.3,26799194,677,2023-08-03T11:06:09Z
2022-09-28,10000002,39,2146,2288,2087,16720045,680,2023-08-03T11:06:09Z
2022-09-28,10000002,40,1617,1617,1617,6826768,568,2023-08-03T11:06:09Z
2022-09-28,10000002,11399,44000,44030,42800,1135001,629,2023-10-21T11:01:04Z
2022-09-29,10000002,34,4,4.05,3.99,2328780341,1602,2023-09-11T11:03:37Z
2022-09-29,10000002,35,8.95,8.96,8.89,996267459,1325,2023-09-11T11:03:37Z
2022-09-29,10000002,36,74.97,74.99,72.23,306585014,1236,2023-09-11T11:03:37Z
2022-09-29,10000002,37,369.7,369.8,367.8,81366231,1081,2023-09-11T11:03:37Z
2022-09-29,10000002,38,848.2,848.4,800.1,19725739,805,2023-09-11T11:03:37Z
2022-09-29,10000002,39,2050,2050,2050,20497069,781,2023-10-10T11:06:12Z
2022-09-29,10000002,40,1620,1628,1605,8602367,658,2023-10-10T11:06:12Z
2022-09-29,10000002,11399,43980,44040,43110,925586,653,2023-10-10T11:06:12Z
2022-09-30,10000002,34,3.98,4,3.88,4311130707,1445,2023-09-14T11:04:56Z
2022-09-30,10000002,35,8.94,8.96,8.92,1201243613,1209,2023-09-14T11:04:56Z
2022-09-30,10000002,36,74.74,74.78,73.49,379424117,1146,2023-09-14T11:04:56Z
2022-09-30,10000002,37,379.9,383.3,376.9,160722737,1043,2023-09-14T11:04:56Z
2022-09-30,10000002,38,847.8,849.9,846.9,22653894,785,2023-09-14T11:04:56Z
2022-09-30,10000002,39,2279,2287,2067,13189191,775,2023-09-14T11:04:56Z
2022-09-30,10000002,40,1627,1628,1627,6074203,695,2023-09-14T11:04:56Z
2022-09-30,10000002,11399,44100,45360,43150,1319063,786,2023-10-29T11:01:02Z
2022-10-01,10000002,34,3.98,4,3.84,4175829634,1738,2023-09-18T11:04:25Z
2022-10-01,10000002,35,9.39,9.5,8.6,1291538698,1405,2023-09-18T11:04:25Z
2022-10-01,10000002,36,75.29,76.07,75.01,411090420,1320,2023-09-18T11:04:25Z
2022-10-01,10000002,37,375,390,373.5,194567566,1173,2023-11-27T11:04:16Z
2022-10-01,10000002,38,847.9,848.4,845.2,19199871,871,2023-09-18T11:04:25Z
2022-10-01,10000002,39,2275,2278,2255,6410176,851,2023-09-18T11:04:25Z
2022-10-01,10000002,40,1698,1700,1680,5687183,812,2023-11-27T11:04:16Z
2022-10-01,10000002,11399,45300,47590,43270,1495917,718,2023-11-27T11:04:16Z
2022-10-02,10000002,34,3.97,4.08,3.78,3241627038,1976,2023-09-03T11:01:03Z
2022-10-02,10000002,35,8.85,8.95,8.59,1323186999,1587,2023-09-03T11:01:03Z
2022-10-02,10000002,36,75.95,75.98,75.5,370604765,1390,2023-09-03T11:01:03Z
2022-10-02,10000002,37,391.3,393.9,388.5,129350637,1308,2023-09-03T11:01:03Z
2022-10-02,10000002,38,842.7,843.8,842.6,25595259,878,2023-09-03T11:01:03Z
2022-10-02,10000002,39,2278,2279,2170,10103633,918,2023-11-25T11:01:15Z
2022-10-02,10000002,40,1700,1747,1700,5014333,813,2023-11-25T11:01:15Z
2022-10-02,10000002,11399,44750,45240,42000,1095441,792,2023-11-25T11:01:15Z
2022-10-03,10000002,34,3.8,4.08,3.74,3733623083,1524,2023-10-01T11:01:04Z
2022-10-03,10000002,35,8.75,8.98,8.61,2075130682,1232,2023-10-01T11:01:04Z
2022-10-03,10000002,36,75.91,76,75.74,492277509,1154,2023-10-01T11:01:04Z
2022-10-03,10000002,37,376.1,393.8,362,284271685,1047,2023-10-01T11:01:04Z
2022-10-03,10000002,38,843.3,843.4,842.3,18280615,762,2023-10-01T11:01:04Z
2022-10-03,10000002,39,2259,2286,2216,10984527,757,2023-10-01T11:01:04Z
2022-10-03,10000002,40,1860,1960,1753,7266374,639,2023-11-22T11:00:58Z
2022-10-03,10000002,11399,42870,44460,42540,971096,600,2023-11-22T11:00:58Z
2022-10-04,10000002,34,3.94,3.94,3.94,3506606057,1418,2023-09-22T11:03:53Z
2022-10-04,10000002,35,9.3,9.5,9.18,961498075,1170,2023-09-22T11:03:53Z
2022-10-04,10000002,36,76.05,76.84,76,517997637,1075,2023-09-22T11:03:53Z
2022-10-04,10000002,37,392.8,393,357.3,97542633,926,2023-09-22T11:03:53Z
2022-10-04,10000002,38,837.1,839.5,826.9,24376263,733,2023-09-22T11:03:53Z
2022-10-04,10000002,39,2374,2378,2369,6606565,719,2023-09-22T11:03:53Z
2022-10-04,10000002,40,1949,1955,1898,3483886,622,2023-09-22T11:03:53Z
2022-10-04,10000002,11399,42090,44560,42010,945644,609,2023-11-30T11:05:05Z
2022-10-05,10000002,34,4,4.02,3.89,4052657891,1433,2023-09-22T11:03:53Z
2022-10-05,10000002,35,9.17,9.19,8.78,1107050843,1122,2023-09-22T11:03:53Z
2022-10-05,10000002,36,76.99,77.05,76.22,302017813,1021,2023-09-22T11:03:53Z
2022-10-05,10000002,37,352.1,374.2,351.9,274600248,993,2023-09-22T11:03:53Z
2022-10-05,10000002,38,837.7,839.4,836.8,33588233,766,2023-09-22T11:03:53Z
2022-10-05,10000002,39,2351,2360,2268,10449087,731,2023-11-27T11:04:16Z
2022-10-05,10000002,40,1890,1944,1830,8341061,665,2023-11-27T11:04:16Z
2022-10-05,10000002,11399,43330,44740,43000,1525108,737,2023-11-27T11:04:16Z
2022-10-06,10000002,34,3.96,4,3.75,3217408565,1433,2023-08-19T11:01:06Z
2022-10-06,10000002,35,8.7,8.71,8.67,1324069988,1155,2023-08-19T11:01:06Z
2022-10-06,10000002,36,77.89,78.38,76.29,317790797,1097,2023-08-19T11:01:06Z
2022-10-06,10000002,37,392.8,393,357.3,93702090,971,2023-08-19T11:01:06Z
2022-10-06,10000002,38,855.9,874.9,848,32505905,773,2023-08-19T11:01:06Z
2022-10-06,10000002,39,2360,2362,2357,13432207,778,2023-11-20T11:04:16Z
2022-10-06,10000002,40,1842,1850,1825,12098756,702,2023-11-20T11:04:16Z
2022-10-06,10000002,11399,45940,46660,44380,1026983,604,2023-11-20T11:04:16Z
2022-10-07,10000002,34,3.56,3.74,3.54,11795864536,1474,2023-09-29T11:01:02Z
2022-10-07,10000002,35,7.85,8.67,7.85,2450145955,1124,2023-09-29T11:01:02Z
2022-10-07,10000002,36,75.77,76.42,75.31,732491887,1077,2023-09-29T11:01:02Z
2022-10-07,10000002,37,371.2,391.2,363.4,113729261,961,2023-09-29T11:01:02Z
2022-10-07,10000002,38,842.7,892.1,835,22332789,718,2023-09-29T11:01:02Z
2022-10-07,10000002,39,2295,2366,2200,9431757,761,2023-11-29T11:01:01Z
2022-10-07,10000002,40,1825,1842,1600,6684704,663,2023-11-29T11:01:01Z
2022-10-07,10000002,11399,44800,46290,44610,1461893,598,2023-11-29T11:01:01Z
2022-10-08,10000002,34,3.95,3.99,3.9,3214004883,1727,2023-10-01T11:01:04Z
2022-10-08,10000002,35,9.19,9.19,9.19,1489802787,1453,2023-10-01T11:01:04Z
2022-10-08,10000002,36,79,80.43,78.88,368317408,1254,2023-10-01T11:01:04Z
2022-10-08,10000002,37,387.4,387.9,375.2,220314315,1183,2023-10-01T11:01:04Z
2022-10-08,10000002,38,889.8,891.3,889.4,31577786,846,2023-10-01T11:01:04Z
2022-10-08,10000002,39,2370,2374,2366,9284447,870,2023-11-22T11:00:58Z
2022-10-08,10000002,40,1870,1870,1825,14331992,787,2023-11-22T11:00:58Z
2022-10-08,10000002,11399,46670,46680,46640,1280257,633,2023-11-22T11:00:58Z
2022-10-09,10000002,34,3.78,3.85,3.72,2907547208,1761,2023-09-12T11:05:40Z
2022-10-09,10000002,35,9,9.04,8.2,930826648,1429,2023-09-12T11:05:40Z
2022-10-09,10000002,36,80.37,80.43,75.4,422460960,1330,2023-09-12T11:05:40Z
2022-10-09,10000002,37,379,386.6,376.2,212685308,1136,2023-09-12T11:05:40Z
2022-10-09,10000002,38,929.1,935.5,895.5,20354123,832,2023-09-12T11:05:40Z
2022-10-09,10000002,39,2769,2774,2340,6963885,854,2023-11-27T11:04:16Z
2022-10-09,10000002,40,1762,1813,1755,13131551,745,2023-09-12T11:05:40Z
2022-10-09,10000002,11399,46790,46900,44870,1791779,802,2023-11-27T11:04:16Z
2022-10-10,10000002,34,3.88,3.9,3.8,2796568886,1536,2023-09-20T11:05:05Z
2022-10-10,10000002,35,8.65,8.75,8.18,1204660876,1289,2023-09-20T11:05:05Z
2022-10-10,10000002,36,78.85,79.87,72,351340910,1175,2023-09-20T11:05:05Z
2022-10-10,10000002,37,380,385.6,374.8,130496441,1065,2023-11-27T11:04:16Z
2022-10-10,10000002,38,933.9,936.1,927.7,46052877,819,2023-09-20T11:05:05Z
2022-10-10,10000002,39,2629,2762,2458,8346416,841,2023-09-20T11:05:05Z
2022-10-10,10000002,40,1750,1820,1744,11253996,759,2023-11-27T11:04:16Z
2022-10-10,10000002,11399,48000,49380,46410,972125,676,2023-11-27T11:04:16Z
2022-10-11,10000002,34,3.76,4,3.75,10890648749,1514,2023-09-02T11:01:03Z
2022-10-11,10000002,35,8.55,8.65,8.05,1563967264,1222,2023-09-02T11:01:03Z
2022-10-11,10000002,36,76.82,78.8,71.79,452390946,1171,2023-09-02T11:01:03Z
2022-10-11,10000002,37,383.4,383.6,379.5,122599161,1008,2023-09-02T11:01:03Z
2022-10-11,10000002,38,991,993.1,900,23857145,769,2023-11-19T11:01:00Z
2022-10-11,10000002,39,2623,2624,2622,14271835,771,2023-09-02T11:01:03Z
2022-10-11,10000002,40,1600,1600,1600,17925768,707,2023-11-19T11:01:00Z
2022-10-11,10000002,11399,46790,49290,46670,1228977,666,2023-11-19T11:01:00Z
2022-10-12,10000002,34,3.9,3.92,3.76,3262955400,1482,2023-09-06T11:04:17Z
2022-10-12,10000002,35,8.39,8.48,8.37,1579600920,1116,2023-09-06T11:04:17Z
2022-10-12,10000002,36,76.19,76.72,71.13,300101167,1039,2023-09-06T11:04:17Z
2022-10-12,10000002,37,383.7,384.8,383.6,179786534,998,2023-09-06T11:04:17Z
2022-10-12,10000002,38,990.9,991.4,986.6,13526295,674,2023-09-06T11:04:17Z
2022-10-12,10000002,39,2513,2600,2409,11433033,735,2023-11-30T11:05:05Z
2022-10-12,10000002,40,1790,1816,1703,8723228,627,2023-11-30T11:05:05Z
2022-10-12,10000002,11399,48990,49210,46350,959650,592,2023-11-30T11:05:05Z
2022-10-13,10000002,34,3.89,3.9,3.86,1817929046,1504,2023-09-20T11:05:05Z
2022-10-13,10000002,35,8.57,8.59,8.48,1958292944,1238,2023-09-20T11:05:05Z
2022-10-13,10000002,36,76.08,76.1,75.83,270913885,1138,2023-09-20T11:05:05Z
2022-10-13,10000002,37,384.9,385,378.7,225300989,1075,2023-09-20T11:05:05Z
2022-10-13,10000002,38,987.2,991.5,915,45173024,834,2023-09-20T11:05:05Z
2022-10-13,10000002,39,2587,2588,2532,13157066,792,2023-09-20T11:05:05Z
2022-10-13,10000002,40,1810,1813,1800,9762963,732,2023-11-29T11:01:01Z
2022-10-13,10000002,11399,48990,49410,48000,865625,587,2023-11-29T11:01:01Z
2022-10-14,10000002,34,3.86,3.91,3.81,3676896360,1497,2023-10-01T11:01:04Z
2022-10-14,10000002,35,8.53,8.56,8.52,2038541491,1278,2023-10-01T11:01:04Z
2022-10-14,10000002,36,74.9,75.82,72.03,423741063,1168,2023-10-01T11:01:04Z
2022-10-14,10000002,37,385,385.7,384.9,200810244,993,2023-10-01T11:01:04Z
2022-10-14,10000002,38,890,890,890,42896093,750,2023-11-20T11:04:16Z
2022-10-14,10000002,39,2550,2550,2550,10818870,747,2023-11-20T11:04:16Z
2022-10-14,10000002,40,1775,1779,1700,13532293,712,2023-11-20T11:04:16Z
2022-10-14,10000002,11399,51230,53430,50000,988238,593,2023-11-20T11:04:16Z
2022-10-15,10000002,34,3.89,3.92,3.79,3414425154,1630,2023-09-22T11:03:53Z
2022-10-15,10000002,35,8.54,8.55,8.52,1919066820,1391,2023-09-22T11:03:53Z
2022-10-15,10000002,36,76.57,76.64,71.26,375017630,1314,2023-09-22T11:03:53Z
2022-10-15,10000002,37,394.5,394.5,394.5,146759712,1113,2023-09-22T11:03:53Z
2022-10-15,10000002,38,975.8,976.8,969.8,18549312,835,2023-09-22T11:03:53Z
2022-10-15,10000002,39,2633,2634,2589,17198089,883,2023-09-22T11:03:53Z
2022-10-15,10000002,40,1700,1733,1700,11385106,777,2023-11-14T11:04:35Z
2022-10-15,10000002,11399,50130,52000,48320,1312589,691,2023-11-14T11:04:35Z
2022-10-16,10000002,34,3.89,3.93,3.8,3560664820,1890,2023-08-15T11:03:40Z
2022-10-16,10000002,35,8.06,8.5,7.97,1944633261,1472,2023-08-15T11:03:40Z
2022-10-16,10000002,36,76.48,76.55,71.62,348931238,1360,2023-08-15T11:03:40Z
2022-10-16,10000002,37,427,469.9,410.1,133386532,1251,2023-08-15T11:03:40Z
2022-10-16,10000002,38,970.8,973.8,913,21884826,873,2023-08-15T11:03:40Z
2022-10-16,10000002,39,2621,2635,2600,9798210,948,2023-11-22T11:00:58Z
2022-10-16,10000002,40,1786,1807,1687,6975009,815,2023-08-15T11:03:40Z
2022-10-16,10000002,11399,47000,49500,45670,1470543,816,2023-11-22T11:00:58Z
2022-10-17,10000002,34,3.74,3.76,3.72,6025230556,1510,2023-10-01T11:01:04Z
2022-10-17,10000002,35,8.48,8.56,8.07,1287434515,1188,2023-10-01T11:01:04Z
2022-10-17,10000002,36,76.45,76.59,71.2,354412998,1182,2023-10-01T11:01:04Z
2022-10-17,10000002,37,459.4,464.9,449.9,98992899,1056,2023-10-01T11:01:04Z
2022-10-17,10000002,38,967.1,967.2,966.2,14832444,715,2023-10-01T11:01:04Z
2022-10-17,10000002,39,2762,2765,2518,13022028,796,2023-10-01T11:01:04Z
2022-10-17,10000002,40,1808,1810,1744,8744976,689,2023-11-16T11:04:36Z
2022-10-17,10000002,11399,45030,50140,44890,1483565,658,2023-11-16T11:04:36Z
2022-10-18,10000002,34,3.87,3.95,3.72,3741433277,1369,2023-08-31T11:05:37Z
2022-10-18,10000002,35,8.5,8.56,8.48,772130959,1086,2023-08-31T11:05:37Z
2022-10-18,10000002,36,76.49,76.56,75.99,283007585,1030,2023-08-31T11:05:37Z
2022-10-18,10000002,37,449.5,453.7,419.3,103224435,887,2023-08-31T11:05:37Z
2022-10-18,10000002,38,966.8,967,965.6,14384895,644,2023-08-31T11:05:37Z
2022-10-18,10000002,39,3192,3196,2698,9388917,739,2023-08-31T11:05:37Z
2022-10-18,10000002,40,1817,1817,1795,8929391,646,2023-08-31T11:05:37Z
2022-10-18,10000002,11399,49000,49000,46670,662366,653,2023-11-20T11:04:16Z
2022-10-19,10000002,34,3.92,3.92,3.91,1627838829,1474,2023-09-22T11:03:53Z
2022-10-19,10000002,35,8.58,8.58,8.57,1299678190,1187,2023-09-22T11:03:53Z
2022-10-19,10000002,36,76.48,76.5,76.39,286531115,1120,2023-09-22T11:03:53Z
2022-10-19,10000002,37,414,446.3,413.3,180091116,987,2023-09-22T11:03:53Z
2022-10-19,10000002,38,963.3,964.4,922,21122396,736,2023-09-22T11:03:53Z
2022-10-19,10000002,39,3168,3190,2739,6854510,750,2023-11-29T11:01:01Z
2022-10-19,10000002,40,1869,1950,1860,15952877,697,2023-11-29T11:01:01Z
2022-10-19,10000002,11399,45570,47890,45390,990456,606,2023-11-29T11:01:01Z
2022-10-20,10000002,34,3.94,3.95,3.88,2429927986,1282,2023-09-14T11:04:56Z
2022-10-20,10000002,35,8.59,8.59,8.59,2032423776,1006,2023-09-14T11:04:56Z
2022-10-20,10000002,36,75,76.53,72.04,295002492,965,2023-09-14T11:04:56Z
2022-10-20,10000002,37,445.2,445.9,433.3,72015653,828,2023-09-14T11:04:56Z
2022-10-20,10000002,38,959.6,964.1,930.2,16453549,598,2023-09-14T11:04:56Z
2022-10-20,10000002,39,2950,3095,2780,5429286,630,2023-11-30T11:05:05Z
2022-10-20,10000002,40,2131,2361,1926,7944728,569,2023-09-14T11:04:56Z
2022-10-20,10000002,11399,45060,47600,44680,1163730,565,2023-11-30T11:05:05Z
2022-10-21,10000002,34,3.96,3.98,3.78,2754648677,1464,2023-10-01T11:01:04Z
2022-10-21,10000002,35,8.6,8.6,8.6,3709926205,1133,2023-10-01T11:01:04Z
2022-10-21,10000002,36,72.01,73.9,71.97,431379609,1086,2023-10-01T11:01:04Z
2022-10-21,10000002,37,444.2,444.4,429.2,174169398,986,2023-10-01T11:01:04Z
2022-10-21,10000002,38,950,962,932.4,27267072,712,2023-11-27T11:04:16Z
2022-10-21,10000002,39,2905,2996,2804,10085822,728,2023-10-01T11:01:04Z
2022-10-21,10000002,40,2500,2500,2500,39227137,682,2023-11-27T11:04:16Z
2022-10-21,10000002,11399,43220,46890,43030,1124734,586,2023-11-27T11:04:16Z
2022-10-22,10000002,34,3.96,3.97,3.93,3842040263,1722,2023-09-25T11:02:09Z
2022-10-22,10000002,35,8.62,8.64,8.61,1399824950,1345,2023-09-25T11:02:09Z
2022-10-22,10000002,36,73.88,73.92,72.7,325967180,1270,2023-09-25T11:02:09Z
2022-10-22,10000002,37,444.3,444.4,443,193927762,1117,2023-09-25T11:02:09Z
2022-10-22,10000002,38,962,962.2,910.9,23244197,828,2023-09-25T11:02:09Z
2022-10-22,10000002,39,2822,3000,2810,13597066,813,2023-11-30T11:05:05Z
2022-10-22,10000002,40,2480,2600,2475,7816929,772,2023-11-30T11:05:05Z
2022-10-22,10000002,11399,45880,46550,43900,1168227,695,2023-11-30T11:05:05Z
2022-10-23,10000002,34,3.89,3.94,3.83,4223907111,1906,2023-09-25T11:02:09Z
2022-10-23,10000002,35,8.47,8.55,8.21,2193585154,1438,2023-09-25T11:02:09Z
2022-10-23,10000002,36,76.39,76.48,75,257831734,1357,2023-09-25T11:02:09Z
2022-10-23,10000002,37,437.2,446.1,434.4,218819020,1226,2023-09-25T11:02:09Z
2022-10-23,10000002,38,941.8,945.8,931.9,19451532,902,2023-09-25T11:02:09Z
2022-10-23,10000002,39,3073,3081,3062,8086621,864,2023-09-25T11:02:09Z
2022-10-23,10000002,40,2669,2678,2300,3838984,788,2023-11-27T11:04:16Z
2022-10-23,10000002,11399,43430,46320,42960,1124648,697,2023-11-27T11:04:16Z
2022-10-24,10000002,34,3.91,3.97,3.86,2973665353,1473,2023-09-14T11:04:56Z
2022-10-24,10000002,35,8.61,8.65,8.55,2267716416,1174,2023-09-14T11:04:56Z
2022-10-24,10000002,36,75.7,76.38,71.67,311859931,1072,2023-09-14T11:04:56Z
2022-10-24,10000002,37,430.8,456,425.6,152097838,972,2023-09-14T11:04:56Z
2022-10-24,10000002,38,945.7,946.9,943.3,16444188,660,2023-09-14T11:04:56Z
2022-10-24,10000002,39,3065,3072,3061,13764760,667,2023-09-14T11:04:56Z
2022-10-24,10000002,40,2648,2651,2335,12135174,602,2023-09-14T11:04:56Z
2022-10-24,10000002,11399,43040,45140,41380,1142456,543,2023-11-29T11:01:01Z
2022-10-25,10000002,34,3.83,3.85,3.8,2160669375,1393,2023-09-12T11:05:40Z
2022-10-25,10000002,35,8.63,8.67,8.22,997608265,1108,2023-09-12T11:05:40Z
2022-10-25,10000002,36,74.66,74.69,71.68,238951001,1075,2023-09-12T11:05:40Z
2022-10-25,10000002,37,445,448.9,416,91481187,952,2023-09-12T11:05:40Z
2022-10-25,10000002,38,942.2,942.8,920.3,18022770,670,2023-09-12T11:05:40Z
2022-10-25,10000002,39,3027,3058,2933,11159736,665,2023-09-12T11:05:40Z
2022-10-25,10000002,40,2654,2654,2654,8483002,569,2023-09-12T11:05:40Z
2022-10-25,10000002,11399,42140,43000,42040,1416743,590,2023-11-29T11:01:01Z
2022-10-26,10000002,34,3.79,3.86,3.72,3780654365,1449,2023-08-17T11:01:13Z
2022-10-26,10000002,35,8.51,8.55,8.39,1325970593,1183,2023-08-17T11:01:13Z
2022-10-26,10000002,36,71.8,73.63,71.65,265647690,1084,2023-08-17T11:01:13Z
2022-10-26,10000002,37,429,438.1,425.5,199262701,1042,2023-08-17T11:01:13Z
2022-10-26,10000002,38,935.8,937.1,930.6,24050866,789,2023-08-17T11:01:13Z
2022-10-26,10000002,39,3023,3025,2930,10197037,728,2023-11-29T11:01:01Z
2022-10-26,10000002,40,2654,2654,2652,20779708,677,2023-08-17T11:01:13Z
2022-10-26,10000002,11399,41270,43310,40880,951998,564,2023-11-29T11:01:01Z
2022-10-27,10000002,34,3.85,3.87,3.8,3125855015,1487,2023-09-11T11:03:37Z
2022-10-27,10000002,35,8.52,8.54,8.41,1276987477,1254,2023-09-11T11:03:37Z
2022-10-27,10000002,36,71.69,73.11,71.39,372416461,1157,2023-09-11T11:03:37Z
2022-10-27,10000002,37,419.7,430.4,413.8,176887885,1110,2023-09-11T11:03:37Z
2022-10-27,10000002,38,930.2,932.7,912.1,21752578,814,2023-09-11T11:03:37Z
2022-10-27,10000002,39,2913,2988,2909,10869900,739,2023-09-11T11:03:37Z
2022-10-27,10000002,40,2968,3150,2693,9175267,695,2023-11-27T11:04:16Z
2022-10-27,10000002,11399,42050,43560,41450,1674300,588,2023-11-27T11:04:16Z
2022-10-28,10000002,34,3.86,3.89,3.8,2160993990,1557,2023-09-18T11:04:25Z
2022-10-28,10000002,35,8.59,8.59,8.57,1535035805,1289,2023-09-18T11:04:25Z
2022-10-28,10000002,36,72.94,72.96,71.51,328067439,1164,2023-09-18T11:04:25Z
2022-10-28,10000002,37,427.5,428.8,416.3,167052704,1074,2023-09-18T11:04:25Z
2022-10-28,10000002,38,900,913,900,27476232,813,2023-11-26T11:01:11Z
2022-10-28,10000002,39,2964,2969,2958,10471937,784,2023-09-18T11:04:25Z
2022-10-28,10000002,40,2677,2750,2602,25800296,694,2023-11-26T11:01:11Z
2022-10-28,10000002,11399,42900,43100,42050,1496101,541,2023-11-26T11:01:11Z
2022-10-29,10000002,34,3.73,3.87,3.72,4420919367,1759,2023-09-14T11:04:56Z
2022-10-29,10000002,35,8.7,8.93,8.55,1549444900,1452,2023-09-14T11:04:56Z
2022-10-29,10000002,36,73.11,73.43,72.92,484651724,1290,2023-09-14T11:04:56Z
2022-10-29,10000002,37,424.7,433.8,419.2,281168076,1241,2023-09-14T11:04:56Z
2022-10-29,10000002,38,911.7,913.2,899.9,24634119,855,2023-09-14T11:04:56Z
2022-10-29,10000002,39,3006,3029,2846,14407831,835,2023-09-14T11:04:56Z
2022-10-29,10000002,40,2723,2749,2650,12171603,780,2023-11-29T11:01:01Z
2022-10-29,10000002,11399,42880,43100,42390,1209878,645,2023-11-29T11:01:01Z
2022-10-30,10000002,34,3.81,3.87,3.7,3801542738,1697,2023-09-14T11:04:56Z
2022-10-30,10000002,35,9.05,9.17,8.54,1452082034,1377,2023-09-14T11:04:56Z
2022-10-30,10000002,36,73.72,73.75,73.7,420781164,1257,2023-09-14T11:04:56Z
2022-10-30,10000002,37,451.4,456.4,439.6,351509610,1163,2023-09-14T11:04:56Z
2022-10-30,10000002,38,912.8,913.8,896.1,33695510,867,2023-09-14T11:04:56Z
2022-10-30,10000002,39,2990,2997,2872,12859998,813,2023-11-29T11:01:01Z
2022-10-30,10000002,40,2676,2688,2397,23657580,752,2023-09-14T11:04:56Z
2022-10-30,10000002,11399,44040,44260,42950,1085776,626,2023-11-29T11:01:01Z
2022-10-31,10000002,34,3.88,3.89,3.82,2461564804,1467,2023-10-01T11:01:04Z
2022-10-31,10000002,35,8.88,9.09,8.54,1172707496,1188,2023-10-01T11:01:04Z
2022-10-31,10000002,36,71.28,75.5,71.26,226795445,1044,2023-10-01T11:01:04Z
2022-10-31,10000002,37,474,478,453.5,196368499,933,2023-10-01T11:01:04Z
2022-10-31,10000002,38,887,909.6,857.9,35934661,775,2023-10-01T11:01:04Z
2022-10-31,10000002,39,2890,2972,2676,10645176,683,2023-11-25T11:01:15Z
2022-10-31,10000002,40,2746,2746,2746,17203454,611,2023-10-01T11:01:04Z
2022-10-31,10000002,11399,43100,43980,42310,1291172,652,2023-11-25T11:01:15Z
2022-11-01,10000002,34,3.77,3.82,3.7,3082411617,1535,2023-09-29T11:01:02Z
2022-11-01,10000002,35,8.98,9.06,8.36,1338453550,1295,2023-09-29T11:01:02Z
2022-11-01,10000002,36,73.41,75.8,71.3,360779642,1141,2023-09-29T11:01:02Z
2022-11-01,10000002,37,495.9,499.6,477,151240415,1055,2023-09-29T11:01:02Z
2022-11-01,10000002,38,889.8,894.8,842,22587294,769,2023-09-29T11:01:02Z
2022-11-01,10000002,39,2820,2918,2640,17471529,820,2023-12-25T11:01:05Z
2022-11-01,10000002,40,2686,2729,2512,17306140,735,2023-09-29T11:01:02Z
2022-11-01,10000002,11399,41580,43830,41120,1334317,572,2023-12-25T11:01:05Z
2022-11-02,10000002,34,3.72,3.8,3.67,4485177805,1413,2023-08-13T11:01:04Z
2022-11-02,10000002,35,8.86,8.97,8.61,1235675295,1192,2023-08-13T11:01:04Z
2022-11-02,10000002,36,73,75.09,71.31,392101861,1040,2023-08-13T11:01:04Z
2022-11-02,10000002,37,476.7,488.7,451.7,210790425,1050,2023-08-13T11:01:04Z
2022-11-02,10000002,38,835.4,893.2,833.4,32339547,778,2023-08-13T11:01:04Z
2022-11-02,10000002,39,2877,2879,2870,8488335,730,2023-12-18T11:05:41Z
2022-11-02,10000002,40,2737,2739,2433,4678426,650,2023-08-13T11:01:04Z
2022-11-02,10000002,11399,42940,43390,41200,1065338,598,2023-12-18T11:05:41Z
2022-11-03,10000002,34,3.77,3.81,3.67,2515096832,1420,2023-09-22T11:03:53Z
2022-11-03,10000002,35,8.81,8.9,8.62,2539742047,1248,2023-09-22T11:03:53Z
2022-11-03,10000002,36,71.42,75.12,70.96,465755721,1083,2023-09-22T11:03:53Z
2022-11-03,10000002,37,486.1,486.8,483.7,141050658,998,2023-09-22T11:03:53Z
2022-11-03,10000002,38,891.1,891.7,847,19984748,722,2023-09-22T11:03:53Z
2022-11-03,10000002,39,2870,2876,2868,12863463,698,2023-12-29T11:01:13Z
2022-11-03,10000002,40,2698,2699,2697,7094177,605,2023-09-22T11:03:53Z
2022-11-03,10000002,11399,42780,42940,41920,1376722,615,2023-12-29T11:01:13Z
2022-11-04,10000002,34,3.76,3.84,3.67,2972630860,1621,2023-10-01T11:01:04Z
2022-11-04,10000002,35,9.01,9.2,8.85,1316057996,1343,2023-10-01T11:01:04Z
2022-11-04,10000002,36,73.41,74.12,73,321319845,1252,2023-10-01T11:01:04Z
2022-11-04,10000002,37,458,467.5,450,313439445,1251,2023-12-30T11:01:07Z
2022-11-04,10000002,38,883.3,888.1,810,19899945,817,2023-12-30T11:01:07Z
2022-11-04,10000002,39,2680,2866,2602,13384272,864,2023-12-30T11:01:07Z
2022-11-04,10000002,40,2730,2740,2520,19827423,778,2023-12-30T11:01:07Z
2022-11-04,10000002,11399,40020,40700,39110,2090002,767,2023-12-30T11:01:07Z
2022-11-05,10000002,34,3.7,3.7,3.59,4393515419,1881,2023-09-22T11:03:53Z
2022-11-05,10000002,35,9.21,9.63,8.92,4287951363,1543,2023-09-22T11:03:53Z
2022-11-05,10000002,36,73.8,73.88,73.41,321639446,1315,2023-09-22T11:03:53Z
2022-11-05,10000002,37,450,469.5,440,215191522,1223,2023-12-29T11:01:13Z
2022-11-05,10000002,38,880,882.4,878.9,19930645,826,2023-12-29T11:01:13Z
2022-11-05,10000002,39,2835,2853,2654,8209007,805,2023-09-22T11:03:53Z
2022-11-05,10000002,40,2654,2681,2400,13940640,759,2023-12-29T11:01:13Z
2022-11-05,10000002,11399,39690,41410,39180,1216288,608,2023-12-29T11:01:13Z
2022-11-06,10000002,34,3.69,3.7,3.67,3047743516,2017,2023-09-29T11:01:02Z
2022-11-06,10000002,35,10.46,10.65,10.41,4329105424,1646,2023-09-29T11:01:02Z
2022-11-06,10000002,36,72.75,73.11,70.39,337945731,1483,2023-09-29T11:01:02Z
2022-11-06,10000002,37,442.5,461.9,432,311496098,1445,2023-09-29T11:01:02Z
2022-11-06,10000002,38,872.7,876.6,869.8,35187224,1020,2023-09-29T11:01:02Z
2022-11-06,10000002,39,2806,2808,2801,11185388,1030,2023-09-29T11:01:02Z
2022-11-06,10000002,40,2660,2700,2539,19327590,916,2023-12-31T11:01:06Z
2022-11-06,10000002,11399,40130,41140,39620,1283954,801,2023-12-31T11:01:06Z
2022-11-07,10000002,34,3.76,3.78,3.72,3412785322,1724,2023-09-25T11:02:09Z
2022-11-07,10000002,35,11.56,12.85,10.98,2022923465,1447,2023-09-25T11:02:09Z
2022-11-07,10000002,36,68.06,72.5,67.05,558707462,1273,2023-09-25T11:02:09Z
2022-11-07,10000002,37,440,456.7,430,341506645,1257,2023-12-30T11:01:07Z
2022-11-07,10000002,38,869.8,871.3,826.4,26303953,900,2023-09-25T11:02:09Z
2022-11-07,10000002,39,2800,2804,2694,17617131,892,2023-12-30T11:01:07Z
2022-11-07,10000002,40,2301,2575,2200,44033123,818,2023-12-30T11:01:07Z
2022-11-07,10000002,11399,39160,40930,38820,1850345,691,2023-12-30T11:01:07Z
2022-11-08,10000002,34,3.77,3.84,3.6,2660455272,2164,2023-09-29T11:01:02Z
2022-11-08,10000002,35,12.32,12.36,11.59,3209959552,1910,2023-09-29T11:01:02Z
2022-11-08,10000002,36,71.96,72,68.11,430361532,1709,2023-09-29T11:01:02Z
2022-11-08,10000002,37,449.2,456.9,437,276814484,1599,2023-09-29T11:01:02Z
2022-11-08,10000002,38,840.3,840.4,840.2,28871362,1266,2023-09-29T11:01:02Z
2022-11-08,10000002,39,2798,2801,2790,9860418,1250,2023-12-31T11:01:06Z
2022-11-08,10000002,40,2132,2150,2100,14294002,1172,2023-12-31T11:01:06Z
2022-11-08,10000002,11399,40600,41000,36430,1117433,705,2023-12-31T11:01:06Z
2022-11-09,10000002,34,4,4.01,3.99,18564537164,2351,2023-09-25T11:02:09Z
2022-11-09,10000002,35,13.36,13.44,13,3110857326,1942,2023-09-25T11:02:09Z
2022-11-09,10000002,36,70.75,70.89,61.11,423252229,1774,2023-09-25T11:02:09Z
2022-11-09,10000002,37,461,461.9,429.3,217470985,1717,2023-09-25T11:02:09Z
2022-11-09,10000002,38,862.7,863.3,833,37948440,1373,2023-09-25T11:02:09Z
2022-11-09,10000002,39,2774,2778,2771,12043916,1336,2023-09-25T11:02:09Z
2022-11-09,10000002,40,1928,2300,1928,17995316,1238,2023-12-31T11:01:06Z
2022-11-09,10000002,11399,40950,41020,37760,1394454,748,2023-12-31T11:01:06Z
2022-11-10,10000002,34,4,4,4,12215389723,2479,2023-09-18T11:04:25Z
2022-11-10,10000002,35,13.29,14.02,12.4,1620660806,2051,2023-09-18T11:04:25Z
2022-11-10,10000002,36,60.14,70.72,60,638507236,1996,2023-12-24T11:01:09Z
2022-11-10,10000002,37,474.6,474.6,463,437665157,1954,2023-09-18T11:04:25Z
2022-11-10,10000002,38,863,863,862.9,33248559,1480,2023-09-18T11:04:25Z
2022-11-10,10000002,39,2778,2779,2775,8064956,1488,2023-09-18T11:04:25Z
2022-11-10,10000002,40,2199,2378,1876,15932498,1455,2023-09-18T11:04:25Z
2022-11-10,10000002,11399,40800,40840,38060,1244342,658,2023-12-24T11:01:09Z
2022-11-11,10000002,34,4.04,4.12,4,5979153230,2574,2023-09-18T11:04:25Z
2022-11-11,10000002,35,12.94,13.13,12,1999064626,2179,2023-09-18T11:04:25Z
2022-11-11,10000002,36,70.29,70.55,68.08,405030024,2043,2023-09-18T11:04:25Z
2022-11-11,10000002,37,539.4,547.8,450.2,188730892,1993,2023-09-18T11:04:25Z
2022-11-11,10000002,38,863.1,863.2,863,35391189,1555,2023-09-18T11:04:25Z
2022-11-11,10000002,39,2771,2774,2736,18681020,1579,2023-09-18T11:04:25Z
2022-11-11,10000002,40,2350,2350,2350,12686259,1421,2023-12-30T11:01:07Z
2022-11-11,10000002,11399,39430,40800,38090,1261880,724,2023-12-30T11:01:07Z
2022-11-12,10000002,34,4.2,4.23,4.01,4239684254,2669,2023-09-18T11:04:25Z
2022-11-12,10000002,35,12.52,12.66,12.14,2116587267,2286,2023-09-18T11:04:25Z
2022-11-12,10000002,36,70.05,70.07,70.01,748292028,2182,2023-09-18T11:04:25Z
2022-11-12,10000002,37,478.6,517,470.5,311405716,2132,2023-09-18T11:04:25Z
2022-11-12,10000002,38,868,868.1,855.9,48940295,1678,2023-09-18T11:04:25Z
2022-11-12,10000002,39,2790,2801,2619,15195129,1592,2023-12-31T11:01:06Z
2022-11-12,10000002,40,2349,2350,2338,12606975,1457,2023-12-31T11:01:06Z
2022-11-12,10000002,11399,39720,40850,39600,1285045,865,2023-12-31T11:01:06Z
2022-11-13,10000002,34,4.21,4.24,4.15,5113506595,3182,2023-10-01T11:01:04Z
2022-11-13,10000002,35,12,12,12,7267900937,2690,2023-10-01T11:01:04Z
2022-11-13,10000002,36,69.78,70.04,68.18,547576401,2468,2023-10-01T11:01:04Z
2022-11-13,10000002,37,513.9,514.8,489.6,252541109,2511,2023-10-01T11:01:04Z
2022-11-13,10000002,38,859.8,866.6,855,44517963,1814,2023-10-01T11:01:04Z
2022-11-13,10000002,39,2789,2791,2777,16408489,1814,2023-10-01T11:01:04Z
2022-11-13,10000002,40,2349,2350,2339,10586959,1691,2023-12-31T11:01:06Z
2022-11-13,10000002,11399,39190,40100,37570,2116224,898,2023-12-31T11:01:06Z
2022-11-14,10000002,34,4.27,5.12,4.17,5536406527,2630,2023-09-25T11:02:09Z
2022-11-14,10000002,35,10.99,11,10.97,2355765621,2103,2023-09-25T11:02:09Z
2022-11-14,10000002,36,68.99,69,68.91,523847546,1984,2023-09-25T11:02:09Z
2022-11-14,10000002,37,511,512.6,485.1,222936342,1925,2023-09-25T11:02:09Z
2022-11-14,10000002,38,867.3,868.3,859.9,91181033,1491,2023-09-25T11:02:09Z
2022-11-14,10000002,39,2789,2790,2785,17477321,1460,2023-12-30T11:01:07Z
2022-11-14,10000002,40,2396,2396,2394,15145896,1379,2023-09-25T11:02:09Z
2022-11-14,10000002,11399,39990,40870,38410,1459212,766,2023-12-30T11:01:07Z
2022-11-15,10000002,34,4.99,5.25,4.65,3165175915,2696,2023-09-16T11:01:00Z
2022-11-15,10000002,35,10.77,10.97,9.88,2314054319,2152,2023-09-16T11:01:00Z
2022-11-15,10000002,36,68.99,69.4,67.02,414353647,2032,2023-09-16T11:01:00Z
2022-11-15,10000002,37,479.7,494.7,478.6,278565119,1928,2023-09-16T11:01:00Z
2022-11-15,10000002,38,913.8,935.4,900,35431604,1533,2023-12-24T11:01:09Z
2022-11-15,10000002,39,2809,2877,2797,16741314,1499,2023-09-16T11:01:00Z
2022-11-15,10000002,40,2472,2472,2472,16724412,1378,2023-09-16T11:01:00Z
2022-11-15,10000002,11399,40000,40640,39220,825648,792,2023-12-24T11:01:09Z
2022-11-16,10000002,34,4.92,4.97,4.57,4409238104,2493,2023-09-22T11:03:53Z
2022-11-16,10000002,35,10.95,10.99,10.83,1897691643,2019,2023-09-22T11:03:53Z
2022-11-16,10000002,36,69.9,69.93,67.52,488483656,1901,2023-09-22T11:03:53Z
2022-11-16,10000002,37,489.7,496.7,479.1,342275857,1847,2023-09-22T11:03:53Z
2022-11-16,10000002,38,938.5,944,920,26129987,1447,2023-12-27T11:01:09Z
2022-11-16,10000002,39,2932,2934,2753,10772523,1355,2023-09-22T11:03:53Z
2022-11-16,10000002,40,2799,2812,2505,6522581,1304,2023-09-22T11:03:53Z
2022-11-16,10000002,11399,40000,40890,39500,1464792,685,2023-12-27T11:01:09Z
2022-11-17,10000002,34,4.03,4.41,4,9309295764,2510,2023-09-29T11:01:02Z
2022-11-17,10000002,35,10.92,10.95,10.8,2133780697,2160,2023-09-29T11:01:02Z
2022-11-17,10000002,36,69.83,69.85,67.44,462619560,2063,2023-09-29T11:01:02Z
2022-11-17,10000002,37,511,511.8,498.3,204090886,1946,2023-09-29T11:01:02Z
2022-11-17,10000002,38,941.2,943.1,939.9,30386453,1525,2023-09-29T11:01:02Z
2022-11-17,10000002,39,2949,2960,2758,12271757,1577,2023-12-30T11:01:07Z
2022-11-17,10000002,40,2800,2810,2525,11985158,1482,2023-12-30T11:01:07Z
2022-11-17,10000002,11399,42440,43320,40010,1073943,710,2023-12-30T11:01:07Z
2022-11-18,10000002,34,4.44,4.5,4.39,3970887611,2277,2023-09-26T11:04:25Z
2022-11-18,10000002,35,10.99,11,10.95,2666464584,1944,2023-09-26T11:04:25Z
2022-11-18,10000002,36,69.64,69.85,69.47,523342796,1865,2023-09-26T11:04:25Z
2022-11-18,10000002,37,507,509.8,476.7,277887449,1789,2023-09-26T11:04:25Z
2022-11-18,10000002,38,937.5,938.9,936.9,27653846,1402,2023-09-26T11:04:25Z
2022-11-18,10000002,39,2929,2933,2900,11485579,1488,2023-12-30T11:01:07Z
2022-11-18,10000002,40,2796,2800,2788,5890770,1350,2023-12-30T11:01:07Z
2022-11-18,10000002,11399,42800,43500,42780,1713709,649,2023-12-30T11:01:07Z
2022-11-19,10000002,34,4.46,4.47,4.42,5246190823,2776,2023-10-01T11:01:04Z
2022-11-19,10000002,35,11.49,11.5,11.46,2540465633,2420,2023-10-01T11:01:04Z
2022-11-19,10000002,36,69.79,69.89,68.81,538040351,2251,2023-10-01T11:01:04Z
2022-11-19,10000002,37,500.3,506.9,478.1,307722088,2145,2023-10-01T11:01:04Z
2022-11-19,10000002,38,941.8,942.7,926.9,35625167,1716,2023-10-01T11:01:04Z
2022-11-19,10000002,39,2954,2966,2943,15916103,1625,2023-10-01T11:01:04Z
2022-11-19,10000002,40,2740,2747,2706,15931216,1573,2023-12-31T11:01:06Z
2022-11-19,10000002,11399,39950,43200,39610,1499106,796,2023-12-31T11:01:06Z
2022-11-20,10000002,34,4.24,4.26,4.16,7571042935,3039,2023-09-22T11:03:53Z
2022-11-20,10000002,35,11.97,11.98,11.89,3039107003,2595,2023-09-22T11:03:53Z
2022-11-20,10000002,36,69.96,69.99,69.5,601629195,2440,2023-09-22T11:03:53Z
2022-11-20,10000002,37,500,501.3,496.6,235761488,2404,2023-12-26T11:01:09Z
2022-11-20,10000002,38,939,940.6,937.7,33949690,1859,2023-09-22T11:03:53Z
2022-11-20,10000002,39,2907,2928,2801,17713808,1955,2023-09-22T11:03:53Z
2022-11-20,10000002,40,2712,2718,2697,7638014,1764,2023-09-22T11:03:53Z
2022-11-20,10000002,11399,41500,43010,40170,2307228,872,2023-12-26T11:01:09Z
2022-11-21,10000002,34,4.25,4.25,4.23,7433366824,2464,2023-10-01T11:01:04Z
2022-11-21,10000002,35,11.67,11.8,11.41,2515455981,2120,2023-10-01T11:01:04Z
2022-11-21,10000002,36,69.65,69.84,67.84,537301365,2005,2023-10-01T11:01:04Z
2022-11-21,10000002,37,501.6,502.3,500,239817722,1900,2023-12-30T11:01:07Z
2022-11-21,10000002,38,934,936.9,914.3,54334665,1537,2023-10-01T11:01:04Z
2022-11-21,10000002,39,2700,2889,2691,24925157,1601,2023-12-30T11:01:07Z
2022-11-21,10000002,40,2582,2697,2565,16696384,1395,2023-10-01T11:01:04Z
2022-11-21,10000002,11399,39380,41550,39120,1918493,892,2023-12-30T11:01:07Z
2022-11-22,10000002,34,4.23,4.24,4.2,5180839996,2249,2023-09-14T11:04:56Z
2022-11-22,10000002,35,11.38,11.7,11.3,1979749339,1927,2023-09-14T11:04:56Z
2022-11-22,10000002,36,69.66,69.69,67.98,424013903,1752,2023-09-14T11:04:56Z
2022-11-22,10000002,37,503.9,504.5,496,171002271,1726,2023-09-14T11:04:56Z
2022-11-22,10000002,38,918.9,929.7,918.4,27406824,1426,2023-09-14T11:04:56Z
2022-11-22,10000002,39,2866,2877,2864,11597176,1432,2023-09-14T11:04:56Z
2022-11-22,10000002,40,2702,2737,2694,9295567,1294,2023-09-14T11:04:56Z
2022-11-22,10000002,11399,39920,41880,38790,1655901,780,2023-12-30T11:01:07Z
2022-11-23,10000002,34,4.7,4.84,4.23,7431356236,2364,2023-09-22T11:03:53Z
2022-11-23,10000002,35,10.68,11,10.6,2589600572,1941,2023-09-22T11:03:53Z
2022-11-23,10000002,36,68.98,69.5,63.43,492366056,1724,2023-09-22T11:03:53Z
2022-11-23,10000002,37,498.9,500,487.3,222261403,1749,2023-12-31T11:01:06Z
2022-11-23,10000002,38,910,919.2,851,32774777,1368,2023-12-31T11:01:06Z
2022-11-23,10000002,39,2873,2875,2631,13957107,1419,2023-09-22T11:03:53Z
2022-11-23,10000002,40,2741,2741,2741,15168628,1303,2023-09-22T11:03:53Z
2022-11-23,10000002,11399,41000,41150,38170,1223880,728,2023-12-31T11:01:06Z
2022-11-24,10000002,34,4.73,4.84,4.4,4089074877,2307,2023-10-01T11:01:04Z
2022-11-24,10000002,35,10.94,10.95,10.92,2390404026,1968,2023-10-01T11:01:04Z
2022-11-24,10000002,36,68.97,69.08,68.77,573139929,1843,2023-10-01T11:01:04Z
2022-11-24,10000002,37,498.5,499,482,292277140,1773,2023-10-01T11:01:04Z
2022-11-24,10000002,38,908,913,899.7,51370944,1432,2023-10-01T11:01:04Z
2022-11-24,10000002,39,2892,2896,2741,18828504,1403,2023-10-01T11:01:04Z
2022-11-24,10000002,40,2737,2741,2695,15115397,1259,2023-10-01T11:01:04Z
2022-11-24,10000002,11399,40900,40960,38800,1124302,716,2023-12-30T11:01:07Z
2022-11-25,10000002,34,4.62,4.65,4.55,5510307227,2230,2023-09-18T11:04:25Z
2022-11-25,10000002,35,11.66,11.69,11.6,1910659948,1961,2023-09-18T11:04:25Z
2022-11-25,10000002,36,67.61,67.64,64.3,456435702,1781,2023-09-18T11:04:25Z
2022-11-25,10000002,37,505.4,506.7,498.9,150689737,1734,2023-09-18T11:04:25Z
2022-11-25,10000002,38,935.2,935.8,930,28889720,1398,2023-12-30T11:01:07Z
2022-11-25,10000002,39,2973,3045,2972,17794993,1386,2023-09-18T11:04:25Z
2022-11-25,10000002,40,2741,2741,2738,17494586,1232,2023-09-18T11:04:25Z
2022-11-25,10000002,11399,40150,40910,39890,1431134,930,2023-12-30T11:01:07Z
2022-11-26,10000002,34,4.49,4.66,4.2,5177682041,2701,2023-09-29T11:01:02Z
2022-11-26,10000002,35,11.35,11.76,11.32,2861563343,2400,2023-09-29T11:01:02Z
2022-11-26,10000002,36,64,64,64,1003189175,2154,2023-09-29T11:01:02Z
2022-11-26,10000002,37,506.9,507.5,505.9,165876805,2009,2023-09-29T11:01:02Z
2022-11-26,10000002,38,935.7,935.8,934.9,42716355,1662,2023-09-29T11:01:02Z
2022-11-26,10000002,39,3074,3075,3073,18204600,1710,2023-09-29T11:01:02Z
2022-11-26,10000002,40,2745,2745,2745,11564645,1530,2023-09-29T11:01:02Z
2022-11-26,10000002,11399,38210,39240,37600,2682230,905,2023-12-30T11:01:07Z
2022-11-27,10000002,34,4.47,4.49,4.25,5307757703,2872,2023-10-01T11:01:04Z
2022-11-27,10000002,35,11.21,11.23,11.17,2109717340,2342,2023-10-01T11:01:04Z
2022-11-27,10000002,36,65.74,65.9,62.02,581001569,2130,2023-10-01T11:01:04Z
2022-11-27,10000002,37,489.5,507.6,483,367867449,2152,2023-10-01T11:01:04Z
2022-11-27,10000002,38,937.2,939,936,56544612,1644,2023-10-01T11:01:04Z
2022-11-27,10000002,39,3079,3079,3075,31845589,1711,2023-10-01T11:01:04Z
2022-11-27,10000002,40,2730,2799,2600,18286766,1542,2023-12-31T11:01:06Z
2022-11-27,10000002,11399,37650,39000,37110,2405020,923,2023-12-31T11:01:06Z
2022-11-28,10000002,34,4.43,4.48,4.4,6149282790,2238,2023-09-18T11:04:25Z
2022-11-28,10000002,35,10.95,11.2,10.4,1878753833,1855,2023-09-18T11:04:25Z
2022-11-28,10000002,36,65.42,65.84,63.34,453547756,1683,2023-09-18T11:04:25Z
2022-11-28,10000002,37,512.7,520,510.6,283894047,1683,2023-12-30T11:01:07Z
2022-11-28,10000002,38,939.3,939.4,939.3,29213967,1296,2023-09-18T11:04:25Z
2022-11-28,10000002,39,3167,3180,3000,12081079,1308,2023-12-30T11:01:07Z
2022-11-28,10000002,40,2563,2797,2500,19930698,1226,2023-12-30T11:01:07Z
2022-11-28,10000002,11399,39700,39830,37140,2025823,934,2023-12-30T11:01:07Z
2022-11-29,10000002,34,4.41,4.43,4.31,3821171662,2211,2023-10-01T11:01:04Z
2022-11-29,10000002,35,10.96,11.16,10.94,1457969526,1885,2023-10-01T11:01:04Z
2022-11-29,10000002,36,65.42,65.5,64,411193578,1743,2023-10-01T11:01:04Z
2022-11-29,10000002,37,547.4,547.6,520.5,165183499,1635,2023-10-01T11:01:04Z
2022-11-29,10000002,38,938.3,938.9,927.1,22856177,1293,2023-10-01T11:01:04Z
2022-11-29,10000002,39,2976,2999,2924,14449093,1349,2023-10-01T11:01:04Z
2022-11-29,10000002,40,2600,2865,2550,21510959,1212,2023-12-30T11:01:07Z
2022-11-29,10000002,11399,37560,39780,37060,1636720,812,2023-12-30T11:01:07Z
2022-11-30,10000002,34,4.33,4.34,4.28,4946691697,2231,2023-09-22T11:03:53Z
2022-11-30,10000002,35,11.1,11.13,10.75,2228869885,1973,2023-09-22T11:03:53Z
2022-11-30,10000002,36,65.43,65.44,65,388899023,1808,2023-09-22T11:03:53Z
2022-11-30,10000002,37,546.6,547.2,516.3,304713560,1759,2023-09-22T11:03:53Z
2022-11-30,10000002,38,936.2,936.2,936.1,38418599,1401,2023-09-22T11:03:53Z
2022-11-30,10000002,39,3135,3139,3035,20400891,1410,2023-09-22T11:03:53Z
2022-11-30,10000002,40,2873,2930,2622,12218806,1273,2023-12-29T11:01:13Z
2022-11-30,10000002,11399,39000,39960,36930,1797073,832,2023-12-29T11:01:13Z
2022-12-01,10000002,34,4.36,4.41,4.2,3229502796,2116,2023-10-01T11:01:04Z
2022-12-01,10000002,35,11.05,11.09,10.74,1835835562,1814,2023-10-01T11:01:04Z
2022-12-01,10000002,36,65.3,65.34,65.15,466362536,1743,2023-10-01T11:01:04Z
2022-12-01,10000002,37,545.6,546,544.7,138395129,1602,2023-10-01T11:01:04Z
2022-12-01,10000002,38,935.2,935.2,935,26765761,1290,2023-10-01T11:01:04Z
2022-12-01,10000002,39,3124,3124,3100,9355032,1293,2024-01-25T11:09:24Z
2022-12-01,10000002,40,2858,2861,2660,5183032,1199,2024-01-25T11:09:24Z
2022-12-01,10000002,11399,38550,39980,38200,1214302,700,2024-01-25T11:09:24Z
2022-12-02,10000002,34,4.37,4.39,4.2,3714898705,2016,2023-10-01T11:01:04Z
2022-12-02,10000002,35,11.05,11.07,10.87,2009522794,1744,2023-10-01T11:01:04Z
2022-12-02,10000002,36,65.04,65.19,62.91,427659757,1622,2023-10-01T11:01:04Z
2022-12-02,10000002,37,520,537,502.2,367125480,1609,2024-01-29T11:04:20Z
2022-12-02,10000002,38,933.8,934.3,912.3,35475560,1286,2023-10-01T11:01:04Z
2022-12-02,10000002,39,3125,3132,3086,13321828,1254,2023-10-01T11:01:04Z
2022-12-02,10000002,40,2820,2821,2784,12578768,1164,2024-01-29T11:04:20Z
2022-12-02,10000002,11399,40000,40050,39900,1317352,787,2024-01-29T11:04:20Z
2022-12-03,10000002,34,4.34,4.36,4.14,3921652832,2404,2023-10-01T11:01:04Z
2022-12-03,10000002,35,11.07,11.08,11.04,1875035446,2028,2023-10-01T11:01:04Z
2022-12-03,10000002,36,65.06,65.19,65.02,520680710,1898,2023-10-01T11:01:04Z
2022-12-03,10000002,37,542,542.7,497,183669466,1817,2023-10-01T11:01:04Z
2022-12-03,10000002,38,932.9,933.2,910.7,30347426,1419,2023-10-01T11:01:04Z
2022-12-03,10000002,39,3129,3132,2952,15497803,1444,2023-10-01T11:01:04Z
2022-12-03,10000002,40,2841,2859,2730,9208658,1365,2024-01-25T11:09:24Z
2022-12-03,10000002,11399,39070,40450,38870,1877399,940,2024-01-25T11:09:24Z
2022-12-04,10000002,34,4.37,4.41,4.32,5465548231,2607,2023-10-01T11:01:04Z
2022-12-04,10000002,35,11.08,11.1,11.03,1934115640,2259,2023-10-01T11:01:04Z
2022-12-04,10000002,36,65.32,65.34,63.52,531776191,2088,2023-10-01T11:01:04Z
2022-12-04,10000002,37,545.2,545.6,543.2,194917648,1971,2023-10-01T11:01:04Z
2022-12-04,10000002,38,930,933.4,913.4,46454699,1573,2024-01-21T11:01:07Z
2022-12-04,10000002,39,3126,3129,3100,13546854,1552,2024-01-21T11:01:07Z
2022-12-04,10000002,40,2835,2836,2826,8053396,1412,2023-10-01T11:01:04Z
2022-12-04,10000002,11399,39720,40810,37400,2566104,892,2024-01-21T11:01:07Z
2022-12-05,10000002,34,4.36,4.48,4.06,3393093607,2002,2023-09-20T11:05:05Z
2022-12-05,10000002,35,10.93,11.07,10,2017044441,1699,2024-01-16T11:04:43Z
2022-12-05,10000002,36,65,65.51,63.42,423894160,1584,2023-09-20T11:05:05Z
2022-12-05,10000002,37,596.4,597.9,573,214603815,1504,2023-09-20T11:05:05Z
2022-12-05,10000002,38,928.9,929.4,927.9,33206336,1208,2023-09-20T11:05:05Z
2022-12-05,10000002,39,3193,3197,3101,12921516,1178,2023-09-20T11:05:05Z
2022-12-05,10000002,40,2842,2843,2839,8433705,1084,2023-09-20T11:05:05Z
2022-12-05,10000002,11399,37280,40790,36080,1852489,938,2024-01-16T11:04:43Z
2022-12-06,10000002,34,4.3,4.32,4.25,3269226282,1968,2023-09-29T11:01:02Z
2022-12-06,10000002,35,10.68,10.78,10.08,1758992803,1684,2023-09-29T11:01:02Z
2022-12-06,10000002,36,64.79,64.85,63.21,342790860,1569,2023-09-29T11:01:02Z
2022-12-06,10000002,37,550,595.9,535.4,255436174,1520,2024-01-31T11:01:01Z
2022-12-06,10000002,38,935.2,935.2,935.2,59184311,1243,2023-09-29T11:01:02Z
2022-12-06,10000002,39,3144,3146,2974,12395405,1189,2023-09-29T11:01:02Z
2022-12-06,10000002,40,2819,2891,2810,9602334,1091,2024-01-31T11:01:01Z
2022-12-06,10000002,11399,37290,40300,35780,1646420,659,2024-01-31T11:01:01Z
2022-12-07,10000002,34,4.31,4.32,4.28,4216495982,2055,2023-09-22T11:03:53Z
2022-12-07,10000002,35,10.65,10.7,10.61,1924981395,1753,2023-09-22T11:03:53Z
2022-12-07,10000002,36,64.81,65.97,64,535375675,1661,2023-09-22T11:03:53Z
2022-12-07,10000002,37,540,576.7,522,171047413,1619,2024-01-21T11:01:07Z
2022-12-07,10000002,38,935.1,935.3,930.4,40420301,1290,2023-09-22T11:03:53Z
2022-12-07,10000002,39,3141,3150,3136,10993033,1264,2024-01-21T11:01:07Z
2022-12-07,10000002,40,2889,2903,2800,7820754,1137,2024-01-21T11:01:07Z
2022-12-07,10000002,11399,40680,40740,40680,1418045,683,2024-01-21T11:01:07Z
2022-12-08,10000002,34,4.45,4.51,4.37,4528324241,1954,2023-09-25T11:02:09Z
2022-12-08,10000002,35,10.97,11.05,10.69,2202736123,1688,2023-09-25T11:02:09Z
2022-12-08,10000002,36,67.43,67.95,63.6,361735241,1473,2023-09-25T11:02:09Z
2022-12-08,10000002,37,499.9,518.4,486.9,277069262,1656,2023-09-25T11:02:09Z
2022-12-08,10000002,38,938.9,939.4,920.1,29457377,1149,2023-09-25T11:02:09Z
2022-12-08,10000002,39,3062,3081,2985,17967227,1191,2023-09-25T11:02:09Z
2022-12-08,10000002,40,2799,2898,2792,11974956,1052,2023-09-25T11:02:09Z
2022-12-08,10000002,11399,40000,40470,39020,1352014,757,2024-01-25T11:09:24Z
2022-12-09,10000002,34,4.41,4.43,4.39,2250460935,1882,2023-09-29T11:01:02Z
2022-12-09,10000002,35,10.97,10.98,10.94,1321505059,1597,2023-09-29T11:01:02Z
2022-12-09,10000002,36,67.37,67.7,66.45,354954807,1463,2023-09-29T11:01:02Z
2022-12-09,10000002,37,450.5,502.1,433.5,305227351,1556,2023-09-29T11:01:02Z
2022-12-09,10000002,38,938.1,939.8,936.6,18554307,1068,2023-09-29T11:01:02Z
2022-12-09,10000002,39,3088,3099,2957,16330856,1143,2023-09-29T11:01:02Z
2022-12-09,10000002,40,2845,2846,2836,4794248,1010,2023-09-29T11:01:02Z
2022-12-09,10000002,11399,40470,40760,38470,772223,638,2024-01-25T11:09:24Z
2022-12-10,10000002,34,4.38,4.4,4.35,3215130501,2232,2023-10-01T11:01:04Z
2022-12-10,10000002,35,10.68,10.75,10.62,2115503544,2001,2023-10-01T11:01:04Z
2022-12-10,10000002,36,66.4,66.43,65.98,377497767,1714,2023-10-01T11:01:04Z
2022-12-10,10000002,37,453.5,484.2,443,296505196,1726,2023-10-01T11:01:04Z
2022-12-10,10000002,38,937.2,937.3,936.7,28769966,1256,2023-10-01T11:01:04Z
2022-12-10,10000002,39,2998,3079,2839,14306959,1365,2023-10-01T11:01:04Z
2022-12-10,10000002,40,2779,2796,2700,7658980,1212,2024-01-31T11:01:01Z
2022-12-10,10000002,11399,40580,40740,38910,1395533,803,2024-01-31T11:01:01Z
2022-12-11,10000002,34,4.57,4.64,4.41,5400734978,2495,2023-10-01T11:01:04Z
2022-12-11,10000002,35,10.96,11.1,10.79,2583764612,2169,2023-10-01T11:01:04Z
2022-12-11,10000002,36,68.99,69.01,65.49,557020095,1940,2023-10-01T11:01:04Z
2022-12-11,10000002,37,472.8,474,450,271377383,1927,2024-01-21T11:01:07Z
2022-12-11,10000002,38,941.9,945.8,937.9,36549971,1580,2023-10-01T11:01:04Z
2022-12-11,10000002,39,2998,3039,2631,19866165,1518,2023-10-01T11:01:04Z
2022-12-11,10000002,40,2774,2776,2691,12297545,1413,2023-10-01T11:01:04Z
2022-12-11,10000002,11399,37240,39960,35480,2466291,933,2024-01-21T11:01:07Z
2022-12-12,10000002,34,4.45,4.47,4.43,3995766522,2016,2023-09-29T11:01:02Z
2022-12-12,10000002,35,11.14,11.15,11.11,2028114901,1711,2023-09-29T11:01:02Z
2022-12-12,10000002,36,68.74,68.78,68.05,494165394,1622,2023-09-29T11:01:02Z
2022-12-12,10000002,37,426.1,428.8,400,385545988,1745,2024-01-25T11:09:24Z
2022-12-12,10000002,38,949.2,961.5,925.4,34051381,1274,2023-09-29T11:01:02Z
2022-12-12,10000002,39,2931,2939,2783,15978990,1264,2023-09-29T11:01:02Z
2022-12-12,10000002,40,2744,2766,2296,13525521,1146,2023-09-29T11:01:02Z
2022-12-12,10000002,11399,38030,39570,37600,1484267,673,2024-01-25T11:09:24Z
2022-12-13,10000002,34,4.4,4.42,4.37,4108711963,2007,2023-09-24T11:01:08Z
2022-12-13,10000002,35,11.06,11.15,10.98,1182745789,1712,2023-09-24T11:01:08Z
2022-12-13,10000002,36,68.05,68.29,64.92,473208442,1648,2023-09-24T11:01:08Z
2022-12-13,10000002,37,425.4,426.7,400.4,251392171,1645,2023-09-24T11:01:08Z
2022-12-13,10000002,38,961.6,961.8,958.9,26138285,1192,2023-09-24T11:01:08Z
2022-12-13,10000002,39,2889,2921,2816,15907002,1246,2023-09-24T11:01:08Z
2022-12-13,10000002,40,2734,2734,2732,12405479,1138,2023-09-24T11:01:08Z
2022-12-13,10000002,11399,38100,38970,37520,1527396,697,2024-01-31T11:01:01Z
2022-12-14,10000002,34,4.38,4.44,4.2,5045877854,1951,2023-10-01T11:01:04Z
2022-12-14,10000002,35,10.85,10.86,10.36,2319874822,1642,2023-10-01T11:01:04Z
2022-12-14,10000002,36,68.01,68.03,64.83,510565875,1603,2023-10-01T11:01:04Z
2022-12-14,10000002,37,400,419.8,383.4,263745964,1658,2024-01-21T11:01:07Z
2022-12-14,10000002,38,964.3,967.9,962.4,47936154,1135,2023-10-01T11:01:04Z
2022-12-14,10000002,39,2919,2933,2906,17637184,1211,2023-10-01T11:01:04Z
2022-12-14,10000002,40,2731,2732,2710,12114856,1084,2024-01-21T11:01:07Z
2022-12-14,10000002,11399,38850,38870,38800,1221473,720,2024-01-21T11:01:07Z
2022-12-15,10000002,34,4.35,4.36,4.25,3477565861,1846,2023-09-12T11:05:40Z
2022-12-15,10000002,35,10.74,10.79,10.4,1996966307,1625,2023-09-12T11:05:40Z
2022-12-15,10000002,36,66.96,67.43,64.82,389931075,1561,2023-09-12T11:05:40Z
2022-12-15,10000002,37,412.8,414.7,375.6,244229021,1582,2023-09-12T11:05:40Z
2022-12-15,10000002,38,968.7,988.9,964,51724169,1210,2023-09-12T11:05:40Z
2022-12-15,10000002,39,2926,2926,2926,16325189,1184,2023-09-12T11:05:40Z
2022-12-15,10000002,40,2601,2701,2584,17592042,1101,2023-09-12T11:05:40Z
2022-12-15,10000002,11399,37840,38820,37700,1228859,736,2024-01-21T11:01:07Z
2022-12-16,10000002,34,4.35,4.36,4.32,4382438531,2111,2023-10-01T11:01:04Z
2022-12-16,10000002,35,10.48,10.55,10.47,2470614478,1842,2023-10-01T11:01:04Z
2022-12-16,10000002,36,66.48,66.5,65.19,424345224,1661,2023-10-01T11:01:04Z
2022-12-16,10000002,37,408,410.2,382,263887886,1630,2023-10-01T11:01:04Z
2022-12-16,10000002,38,1077,1077,1069,55057890,1318,2023-10-01T11:01:04Z
2022-12-16,10000002,39,2911,2915,2900,12436866,1220,2024-01-25T11:09:24Z
2022-12-16,10000002,40,2683,2683,2683,13716331,1052,2023-10-01T11:01:04Z
2022-12-16,10000002,11399,38150,38200,37420,1792888,866,2024-01-25T11:09:24Z
2022-12-17,10000002,34,4.35,4.36,4.33,4610393716,2540,2023-10-01T11:01:04Z
2022-12-17,10000002,35,10.82,10.89,10.75,2285095731,2216,2023-10-01T11:01:04Z
2022-12-17,10000002,36,66.4,66.46,64.91,543171694,2070,2023-10-01T11:01:04Z
2022-12-17,10000002,37,408.6,408.9,408,224824964,1917,2023-10-01T11:01:04Z
2022-12-17,10000002,38,1098,1151,1050,33808766,1555,2024-01-21T11:01:07Z
2022-12-17,10000002,39,2912,2916,2834,22036552,1502,2023-10-01T11:01:04Z
2022-12-17,10000002,40,2680,2685,2673,11391463,1296,2024-01-21T11:01:07Z
2022-12-17,10000002,11399,37550,38840,36210,1679457,934,2024-01-21T11:01:07Z
2022-12-18,10000002,34,4.39,4.4,4.34,5418150692,2577,2023-09-18T11:04:25Z
2022-12-18,10000002,35,11.13,11.13,11.12,2815412259,2154,2023-09-18T11:04:25Z
2022-12-18,10000002,36,66,66.49,62.97,641262219,1963,2023-09-18T11:04:25Z
2022-12-18,10000002,37,409,410,408.6,458970739,1885,2024-01-21T11:01:07Z
2022-12-18,10000002,38,1010,1073,995,55359739,1564,2024-01-21T11:01:07Z
2022-12-18,10000002,39,2736,2882,2649,21952511,1395,2023-09-18T11:04:25Z
2022-12-18,10000002,40,2669,2680,2606,13420054,1265,2024-01-21T11:01:07Z
2022-12-18,10000002,11399,38010,38980,37200,2098099,926,2024-01-21T11:01:07Z
2022-12-19,10000002,34,4.31,4.33,4.18,3879174309,1922,2023-09-26T11:04:25Z
2022-12-19,10000002,35,10.9,11,10.75,2334436379,1758,2023-09-26T11:04:25Z
2022-12-19,10000002,36,65,66.41,62.02,640303322,1520,2023-09-26T11:04:25Z
2022-12-19,10000002,37,415.6,418.9,412.7,295972006,1438,2023-09-26T11:04:25Z
2022-12-19,10000002,38,1100,1130,1073,31228614,1213,2024-01-25T11:09:24Z
2022-12-19,10000002,39,2887,2893,2666,17295670,1178,2023-09-26T11:04:25Z
2022-12-19,10000002,40,2708,2708,2707,12537512,983,2023-09-26T11:04:25Z
2022-12-19,10000002,11399,37970,38900,35620,1194946,868,2024-01-25T11:09:24Z
2022-12-20,10000002,34,4.34,4.38,4.3,4173884988,2099,2023-09-26T11:04:25Z
2022-12-20,10000002,35,10.93,10.95,10.36,1704060500,1789,2023-09-26T11:04:25Z
2022-12-20,10000002,36,66.41,66.46,66.26,467717231,1609,2023-09-26T11:04:25Z
2022-12-20,10000002,37,425,451.1,420.8,320574179,1548,2023-09-26T11:04:25Z
2022-12-20,10000002,38,1089,1092,1033,27086640,1195,2023-09-26T11:04:25Z
2022-12-20,10000002,39,2791,2890,2668,13333513,1144,2024-01-25T11:09:24Z
2022-12-20,10000002,40,2723,2768,2709,7172595,996,2023-09-26T11:04:25Z
2022-12-20,10000002,11399,38860,38920,37370,828930,742,2024-01-25T11:09:24Z
2022-12-21,10000002,34,4.39,4.4,4.37,2976172513,2007,2023-09-24T11:01:08Z
2022-12-21,10000002,35,10.79,10.84,10.72,1539162189,1725,2023-09-24T11:01:08Z
2022-12-21,10000002,36,65.97,66.13,65.92,352599351,1522,2023-09-24T11:01:08Z
2022-12-21,10000002,37,467.1,470,466.9,174109842,1469,2024-01-31T11:01:01Z
2022-12-21,10000002,38,1073,1085,1066,17467168,1180,2023-09-24T11:01:08Z
2022-12-21,10000002,39,2700,2721,2659,14883275,1158,2024-01-31T11:01:01Z
2022-12-21,10000002,40,2782,2792,2700,9192768,1019,2024-01-31T11:01:01Z
2022-12-21,10000002,11399,38860,38870,38340,1466133,806,2024-01-31T11:01:01Z
2022-12-22,10000002,34,4.39,4.4,4.38,3521881859,2046,2023-10-01T11:01:04Z
2022-12-22,10000002,35,10.76,10.77,10.72,4052065824,1773,2023-10-01T11:01:04Z
2022-12-22,10000002,36,65.99,66.12,62.16,661250976,1602,2023-10-01T11:01:04Z
2022-12-22,10000002,37,485,488,448,318560458,1538,2023-10-01T11:01:04Z
2022-12-22,10000002,38,1060,1062,1058,32707081,1295,2024-01-27T11:01:04Z
2022-12-22,10000002,39,2720,2721,2703,21335106,1239,2024-01-27T11:01:04Z
2022-12-22,10000002,40,2784,2786,2782,13019823,1064,2023-10-01T11:01:04Z
2022-12-22,10000002,11399,38990,38990,38990,1441129,727,2024-01-27T11:01:04Z
2022-12-23,10000002,34,4.41,4.49,4.27,3845222928,2092,2023-09-24T11:01:08Z
2022-12-23,10000002,35,10.72,10.75,10.44,1688226988,1832,2023-09-24T11:01:08Z
2022-12-23,10000002,36,66.14,66.16,64.99,467338672,1544,2023-09-24T11:01:08Z
2022-12-23,10000002,37,482.9,484.6,469.4,310137183,1525,2023-09-24T11:01:08Z
2022-12-23,10000002,38,1048,1049,995.8,35143471,1206,2023-09-24T11:01:08Z
2022-12-23,10000002,39,2799,2810,2712,13539768,1198,2024-01-31T11:01:01Z
2022-12-23,10000002,40,2784,2784,2784,10315293,1045,2023-09-24T11:01:08Z
2022-12-23,10000002,11399,39000,39000,38990,1794881,809,2024-01-31T11:01:01Z
2022-12-24,10000002,34,4.35,4.36,4.32,3378188899,2094,2023-09-09T11:01:05Z
2022-12-24,10000002,35,10.75,10.78,10.68,2591170944,1827,2023-09-09T11:01:05Z
2022-12-24,10000002,36,65.91,66.39,65.9,472754049,1595,2023-09-09T11:01:05Z
2022-12-24,10000002,37,480.8,483.7,470.8,189677957,1482,2023-09-09T11:01:05Z
2022-12-24,10000002,38,1047,1052,1040,22609567,1119,2024-01-29T11:04:20Z
2022-12-24,10000002,39,2741,2746,2740,11977296,1132,2024-01-29T11:04:20Z
2022-12-24,10000002,40,2774,2776,2714,7772796,969,2023-09-09T11:01:05Z
2022-12-24,10000002,11399,40000,40750,38740,1029394,714,2024-01-29T11:04:20Z
2022-12-25,10000002,34,4.41,4.42,4.39,3289035858,1884,2023-09-22T11:03:53Z
2022-12-25,10000002,35,10.72,10.75,10.55,1876552785,1706,2023-09-22T11:03:53Z
2022-12-25,10000002,36,68.62,68.68,65.86,362188816,1460,2023-09-22T11:03:53Z
2022-12-25,10000002,37,483.8,484,482.7,136729605,1359,2023-09-22T11:03:53Z
2022-12-25,10000002,38,1045,1046,1043,26579827,1093,2023-09-22T11:03:53Z
2022-12-25,10000002,39,2727,2740,2683,18240508,1107,2024-01-29T11:04:20Z
2022-12-25,10000002,40,2775,2776,2715,11532469,924,2023-09-22T11:03:53Z
2022-12-25,10000002,11399,38730,40330,38530,1130793,814,2024-01-29T11:04:20Z
2022-12-26,10000002,34,4.39,4.4,4.38,3987922274,2016,2023-09-22T11:03:53Z
2022-12-26,10000002,35,10.67,10.69,10.63,1647429993,1807,2023-09-22T11:03:53Z
2022-12-26,10000002,36,68.59,68.97,65.9,575983579,1549,2023-09-22T11:03:53Z
2022-12-26,10000002,37,483.5,483.6,478.7,179202337,1428,2023-09-22T11:03:53Z
2022-12-26,10000002,38,1032,1040,1026,31247067,1173,2024-01-25T11:09:24Z
2022-12-26,10000002,39,2723,2727,2650,11787226,1125,2024-01-25T11:09:24Z
2022-12-26,10000002,40,2786,2786,2786,7870236,997,2023-09-22T11:03:53Z
2022-12-26,10000002,11399,39900,40080,39870,1434557,791,2024-01-25T11:09:24Z
2022-12-27,10000002,34,4.4,4.41,4.19,3779322402,1927,2023-10-01T11:01:04Z
2022-12-27,10000002,35,10.52,10.53,10.28,2353871367,1740,2023-10-01T11:01:04Z
2022-12-27,10000002,36,64.1,68.65,61.06,551437252,1525,2023-10-01T11:01:04Z
2022-12-27,10000002,37,509.2,509.6,504.7,175776982,1422,2023-10-01T11:01:04Z
2022-12-27,10000002,38,1030,1035,1002,30835509,1156,2024-01-21T11:01:07Z
2022-12-27,10000002,39,2720,2724,2658,10768127,1096,2024-01-21T11:01:07Z
2022-12-27,10000002,40,2757,2763,2672,6507315,934,2023-10-01T11:01:04Z
2022-12-27,10000002,11399,40080,40080,40070,783769,700,2024-01-21T11:01:07Z
2022-12-28,10000002,34,4.39,4.4,4.18,3712541093,1887,2023-09-22T11:03:53Z
2022-12-28,10000002,35,10.24,10.33,10.23,2951594316,1642,2023-09-22T11:03:53Z
2022-12-28,10000002,36,67.95,68.09,61.16,468761144,1409,2023-09-22T11:03:53Z
2022-12-28,10000002,37,502.3,502.9,502,159512874,1353,2023-09-22T11:03:53Z
2022-12-28,10000002,38,1024,1025,1010,30490429,1097,2024-01-31T11:01:01Z
2022-12-28,10000002,39,2698,2710,2665,16084107,1078,2024-01-31T11:01:01Z
2022-12-28,10000002,40,2759,2761,2666,13025345,956,2023-09-22T11:03:53Z
2022-12-28,10000002,11399,38920,40070,38260,1560660,843,2024-01-31T11:01:01Z
2022-12-29,10000002,34,4.35,4.38,4.34,2445451259,1816,2023-10-01T11:01:04Z
2022-12-29,10000002,35,10.23,10.24,10.21,1825778338,1634,2023-10-01T11:01:04Z
2022-12-29,10000002,36,65.92,67.81,64.5,392190004,1362,2023-10-01T11:01:04Z
2022-12-29,10000002,37,504,509.2,497.3,227624461,1328,2023-10-01T11:01:04Z
2022-12-29,10000002,38,1009,1012,1007,31120833,1048,2023-10-01T11:01:04Z
2022-12-29,10000002,39,2700,2706,2631,15121358,1043,2024-01-21T11:01:07Z
2022-12-29,10000002,40,2737,2750,2729,9263512,836,2024-01-21T11:01:07Z
2022-12-29,10000002,11399,39560,39630,37940,871181,791,2024-01-21T11:01:07Z
2022-12-30,10000002,34,4.38,4.39,4.37,3198542056,1986,2023-10-01T11:01:04Z
2022-12-30,10000002,35,10.46,10.48,10.08,1988916960,1771,2023-10-01T11:01:04Z
2022-12-30,10000002,36,67.33,67.44,63.06,398836525,1565,2023-10-01T11:01:04Z
2022-12-30,10000002,37,502.7,515,498,297730917,1489,2023-10-01T11:01:04Z
2022-12-30,10000002,38,1018,1019,1015,27932748,1166,2023-10-01T11:01:04Z
2022-12-30,10000002,39,2659,2720,2652,13212601,1120,2024-01-16T11:04:43Z
2022-12-30,10000002,40,2748,2750,2707,8045452,974,2024-01-16T11:04:43Z
2022-12-30,10000002,11399,38610,39720,37850,1502250,833,2024-01-16T11:04:43Z
2022-12-31,10000002,34,4.48,4.63,4.38,4375998978,1891,2023-10-01T11:01:04Z
2022-12-31,10000002,35,10.6,10.66,10.58,1806339705,1594,2023-10-01T11:01:04Z
2022-12-31,10000002,36,66.87,67.29,66.82,344743745,1388,2023-10-01T11:01:04Z
2022-12-31,10000002,37,518.2,519,517.7,129509685,1383,2023-10-01T11:01:04Z
2022-12-31,10000002,38,1024,1025,1023,35123825,1107,2023-10-01T11:01:04Z
2022-12-31,10000002,39,2721,2724,2659,13217662,1098,2023-10-01T11:01:04Z
2022-12-31,10000002,40,2750,2750,2750,9651513,968,2024-01-16T11:04:43Z
2022-12-31,10000002,11399,40540,40640,37370,860385,719,2024-01-16T11:04:43Z
