date,region_id,type_id,average,highest,lowest,volume,order_count
2011-01-01,10000002,34,2.22,2.22,2.21,36747854271,2925
2011-01-01,10000002,35,4.15,4.16,4.13,6632483411,2051
2011-01-01,10000002,36,28.1,28.67,28.03,2211136178,1985
2011-01-01,10000002,37,63.44,63.5,63.05,432613138,1467
2011-01-01,10000002,38,549,553.96,536.87,118198544,1620
2011-01-01,10000002,39,1012,1014,985.03,34253453,1269
2011-01-01,10000002,40,2948,2949.92,2909.04,13509998,1198
2011-01-01,10000002,11399,4277.66,4349.47,4220.05,1870308,441
2011-01-02,10000002,34,2.24,2.25,2.21,36091926065,3578
2011-01-02,10000002,35,4.2,4.23,4.18,8932670136,2591
2011-01-02,10000002,36,28.49,29.09,28.29,2902172370,2352
2011-01-02,10000002,37,66.08,66.44,64.34,541009688,1829
2011-01-02,10000002,38,536.89,536.96,528.51,154298999,2009
2011-01-02,10000002,39,1012.94,1014,989.3,31163268,1558
2011-01-02,10000002,40,3000,3012,2911.97,17541422,1616
2011-01-02,10000002,11399,4276.77,4276.89,4259.91,2703758,502
2011-01-03,10000002,34,2.25,2.29,2.22,42977751274,3556
2011-01-03,10000002,35,4.23,4.32,4.22,7765567308,2637
2011-01-03,10000002,36,28.46,28.99,28.06,2278752703,2379
2011-01-03,10000002,37,65.23,66.14,64.11,487530588,1917
2011-01-03,10000002,38,549.74,549.75,540.12,116623399,1963
2011-01-03,10000002,39,1009.99,1014.95,994.25,32558088,1557
2011-01-03,10000002,40,2971,3010,2912.1,15164344,1567
2011-01-03,10000002,11399,4270.99,4309.97,4171.54,3150686,511
2011-01-04,10000002,34,2.3,2.32,2.26,38773949651,3327
2011-01-04,10000002,35,4.31,4.37,4.23,5558866687,2379
2011-01-04,10000002,36,28.94,29.02,28.18,2278517309,2277
2011-01-04,10000002,37,63.95,65.61,63.53,470525203,1639
2011-01-04,10000002,38,543.64,545.64,540.16,129114136,1779
2011-01-04,10000002,39,1009.98,1029,993.07,37093067,1485
2011-01-04,10000002,40,3000.75,3001.89,2920.01,14282795,1373
2011-01-04,10000002,11399,4169.93,4180,4169.82,2241923,478
2011-01-05,10000002,34,2.37,2.48,2.34,48952045517,3201
2011-01-05,10000002,35,4.4,4.45,4.37,8673767964,2322
2011-01-05,10000002,36,29.14,29.39,28.69,2790834995,2125
2011-01-05,10000002,37,65.93,66.11,64.12,599676863,1626
2011-01-05,10000002,38,542.22,549.55,534.22,193978309,1765
2011-01-05,10000002,39,1023.6,1030.99,995.67,35081091,1410
2011-01-05,10000002,40,2999.84,3012.98,2930.13,14803356,1385
2011-01-05,10000002,11399,4169.5,4169.72,4002.02,1562240,440
2011-01-06,10000002,34,2.4,2.41,2.35,57153672619,3249
2011-01-06,10000002,35,4.38,4.43,4.36,6720337421,2376
2011-01-06,10000002,36,29.19,29.37,28.6,2244653052,2207
2011-01-06,10000002,37,64.9,65.12,64.07,547906998,1551
2011-01-06,10000002,38,546.99,547.95,533.01,120062793,1762
2011-01-06,10000002,39,1022.95,1025.99,999.48,38394864,1357
2011-01-06,10000002,40,3015.99,3020.98,2935.04,13386172,1271
2011-01-06,10000002,11399,4097.98,4099.92,3980.24,1517184,420
2011-01-07,10000002,34,2.37,2.4,2.36,39249986110,3126
2011-01-07,10000002,35,4.39,4.39,4.36,6853230451,2294
2011-01-07,10000002,36,28.77,29.14,28.55,2027511897,2122
2011-01-07,10000002,37,64.17,64.42,63.93,397528034,1550
2011-01-07,10000002,38,548,549,542.99,167337884,1766
2011-01-07,10000002,39,1001.19,1011.72,985.09,30853857,1345
2011-01-07,10000002,40,3010.24,3015,2937.91,12569974,1305
2011-01-07,10000002,11399,4163.94,4164.49,4007.09,1620603,412
2011-01-08,10000002,34,2.36,2.38,2.33,45252564673,3293
2011-01-08,10000002,35,4.39,4.42,4.3,7274161160,2419
2011-01-08,10000002,36,28.2,28.36,27.57,2134189717,2236
2011-01-08,10000002,37,63.93,63.97,63.11,467485609,1626
2011-01-08,10000002,38,545.87,545.89,535.93,125138727,1799
2011-01-08,10000002,39,1011.86,1020.81,990.04,39154100,1520
2011-01-08,10000002,40,3010,3020.24,2945.51,17871548,1428
2011-01-08,10000002,11399,4163.67,4276.67,4068.07,3799484,545
2011-01-09,10000002,34,2.37,2.39,2.34,47176551704,3646
2011-01-09,10000002,35,4.37,4.41,4.32,6323755012,2641
2011-01-09,10000002,36,28.36,28.37,28.14,2121414656,2371
2011-01-09,10000002,37,63.99,64.04,62.86,468015259,1905
2011-01-09,10000002,38,558.94,579.23,549,170947105,2207
2011-01-09,10000002,39,1019.96,1028.97,1007.12,40133828,1641
2011-01-09,10000002,40,3039,3120,3031,14746448,1598
2011-01-09,10000002,11399,4296.8,4297,4161.53,1900109,545
2011-01-10,10000002,34,2.34,2.39,2.33,50871112944,3264
2011-01-10,10000002,35,4.29,4.36,4.28,7298346974,2376
2011-01-10,10000002,36,28.17,28.72,28,1811157441,2183
2011-01-10,10000002,37,63.25,64.91,62.75,446115353,1615
2011-01-10,10000002,38,551.38,566.89,541.67,120716214,1923
2011-01-10,10000002,39,996,1036.95,991.32,36618507,1411
2011-01-10,10000002,40,3010.03,3099.95,2912,13634574,1435
2011-01-10,10000002,11399,4161,4299.99,3978.41,3326611,523
2011-01-11,10000002,34,2.36,2.38,2.33,46366445656,3236
2011-01-11,10000002,35,4.33,4.35,4.29,7639373014,2344
2011-01-11,10000002,36,28.38,28.69,27.99,2064234365,2131
2011-01-11,10000002,37,64.37,64.46,62.95,381776505,1597
2011-01-11,10000002,38,563.99,575,552.56,100490429,1739
2011-01-11,10000002,39,1020.04,1035.98,1007.75,34350218,1459
2011-01-11,10000002,40,3021.03,3080,2990.02,14709936,1367
2011-01-11,10000002,11399,4208.09,4299.93,4107.33,3348119,448
2011-01-12,10000002,34,2.33,2.36,2.32,46061723915,2993
2011-01-12,10000002,35,4.34,4.35,4.33,5901463339,2191
2011-01-12,10000002,36,28.37,28.42,28.06,2037130295,1943
2011-01-12,10000002,37,63.99,64.28,63.57,424775738,1484
2011-01-12,10000002,38,601.78,607.75,587.07,97956514,1761
2011-01-12,10000002,39,1020,1026,1003.76,33206059,1309
2011-01-12,10000002,40,3036.99,3049.98,2990,12732632,1181
2011-01-12,10000002,11399,4202,4299.23,4005.02,2855365,411
2011-01-13,10000002,34,2.32,2.34,2.27,50340611577,2985
2011-01-13,10000002,35,4.32,4.35,4.28,9843244968,2166
2011-01-13,10000002,36,28.18,28.23,27.93,2123340990,2007
2011-01-13,10000002,37,64.08,64.54,63.21,669826521,1574
2011-01-13,10000002,38,581.1,591,576.78,174748238,1827
2011-01-13,10000002,39,1010,1014.97,986.23,42562448,1366
2011-01-13,10000002,40,3019.98,3049.38,2966.02,13909917,1311
2011-01-13,10000002,11399,3998,4099.79,3939.99,1816024,370
2011-01-14,10000002,34,2.3,2.31,2.27,43504030648,3074
2011-01-14,10000002,35,4.24,4.25,4.19,7296791347,2208
2011-01-14,10000002,36,28.65,28.76,28.06,2477892499,2045
2011-01-14,10000002,37,65.7,65.84,64.12,436474439,1549
2011-01-14,10000002,38,574.99,590.99,556.82,176361576,1748
2011-01-14,10000002,39,1003,1006.98,986.05,41429144,1322
2011-01-14,10000002,40,3034,3043.97,2958.04,12386954,1230
2011-01-14,10000002,11399,4099.93,4237.05,3999.71,1456127,378
2011-01-15,10000002,34,2.31,2.32,2.29,44209742252,3492
2011-01-15,10000002,35,4.28,4.3,4.26,7046096419,2427
2011-01-15,10000002,36,28.99,29.14,28.25,2697213377,2254
2011-01-15,10000002,37,65.92,66.05,64.07,538691440,1744
2011-01-15,10000002,38,558.02,581.9,556.93,232239158,1917
2011-01-15,10000002,39,997.06,1028.67,995.3,34019454,1460
2011-01-15,10000002,40,3068.98,3125.94,2991,15263027,1453
2011-01-15,10000002,11399,4233.79,4234.65,4130.12,2713361,482
2011-01-16,10000002,34,2.33,2.35,2.3,44375314723,3692
2011-01-16,10000002,35,4.3,4.32,4.28,7598814085,2794
2011-01-16,10000002,36,28.96,29.48,28.64,2770382155,2610
2011-01-16,10000002,37,65.01,66.21,64.23,457821962,1922
2011-01-16,10000002,38,564.75,568.99,540,120826863,2105
2011-01-16,10000002,39,987.73,1018.91,985.11,44445707,1590
2011-01-16,10000002,40,3021.02,3072.92,3008.16,18963987,1569
2011-01-16,10000002,11399,3999,4100.05,3954.03,3383095,532
2011-01-17,10000002,34,2.34,2.37,2.32,41248112208,3043
2011-01-17,10000002,35,4.3,4.33,4.2,6083109508,2201
2011-01-17,10000002,36,28.94,29.19,28.32,2686745274,2026
2011-01-17,10000002,37,66,66.25,65,435135687,1540
2011-01-17,10000002,38,550.05,563,542.01,87999184,1631
2011-01-17,10000002,39,1012.87,1015,988.27,25164702,1299
2011-01-17,10000002,40,3100.31,3140,3035,11211619,1319
2011-01-17,10000002,11399,4189.42,4199.98,4050.08,1808567,420
2011-01-18,10000002,34,2.31,2.33,2.3,13686487938,1553
2011-01-18,10000002,35,4.29,4.33,4.19,3848527553,1149
2011-01-18,10000002,36,28.19,28.31,27.47,887724047,1043
2011-01-18,10000002,37,65,66.57,64.85,245833594,787
2011-01-18,10000002,38,555.21,555.35,539.26,37549352,857
2011-01-18,10000002,39,1011.97,1012,988.1,17098175,667
2011-01-18,10000002,40,3090.08,3144.74,3030.71,5700241,695
2011-01-18,10000002,11399,4189.27,4189.31,3969.43,952116,204
2011-01-19,10000002,34,2.32,2.33,2.29,40026475701,2850
2011-01-19,10000002,35,4.3,4.32,4.23,6996363125,2027
2011-01-19,10000002,36,28.27,28.96,28.03,2124027422,1887
2011-01-19,10000002,37,65.77,65.94,65.25,435910190,1458
2011-01-19,10000002,38,554.88,569.99,543.51,78124378,1635
2011-01-19,10000002,39,1012,1021.96,992.1,36025924,1189
2011-01-19,10000002,40,3136.99,3138.95,3021.24,17813242,1227
2011-01-19,10000002,11399,4040.21,4203.49,4040.12,1650793,332
2011-01-20,10000002,34,2.33,2.34,2.32,38049832578,2861
2011-01-20,10000002,35,4.33,4.36,4.29,7698121756,2098
2011-01-20,10000002,36,28.88,28.94,28.14,2529859200,2004
2011-01-20,10000002,37,65.46,65.93,64.27,502340650,1558
2011-01-20,10000002,38,569.99,578.93,550.04,118909223,1738
2011-01-20,10000002,39,985.87,1023.8,984.77,39345018,1331
2011-01-20,10000002,40,3010.88,3125,3005.01,16617493,1269
2011-01-20,10000002,11399,3977.49,4148.99,3963.21,1890251,372
2011-01-21,10000002,34,2.36,2.38,2.34,38988878403,2889
2011-01-21,10000002,35,4.36,4.46,4.32,8883199630,2025
2011-01-21,10000002,36,28.52,28.91,28.45,1707479186,1842
2011-01-21,10000002,37,65.66,65.75,65.35,335969721,1403
2011-01-21,10000002,38,563.52,568.97,555.12,164334525,1653
2011-01-21,10000002,39,1004,1014,995.24,34280166,1224
2011-01-21,10000002,40,3047.06,3083,3035.07,10940075,1161
2011-01-21,10000002,11399,3941.52,4099.75,3904.01,1751013,353
2011-01-22,10000002,34,2.37,2.38,2.35,40347637651,3891
2011-01-22,10000002,35,4.33,4.45,4.29,7588421607,2742
2011-01-22,10000002,36,28.9,28.94,28.46,2066021175,2430
2011-01-22,10000002,37,65.5,65.6,64.5,464541228,1927
2011-01-22,10000002,38,559.96,564.29,554.48,127011165,2077
2011-01-22,10000002,39,1001.99,1004.89,1000.99,39918302,1643
2011-01-22,10000002,40,3099.02,3111.92,3043,13765319,1489
2011-01-22,10000002,11399,4089.99,4094.48,4088.56,1300573,420
2011-01-23,10000002,34,2.47,2.55,2.4,48834484623,4477
2011-01-23,10000002,35,4.41,4.44,4.34,12370505439,3223
2011-01-23,10000002,36,28.95,29.37,28.5,3411386095,2763
2011-01-23,10000002,37,65.45,65.54,63.96,541553634,2129
2011-01-23,10000002,38,557.83,559.85,540.02,128202454,2272
2011-01-23,10000002,39,1014.99,1018,990,53135012,1760
2011-01-23,10000002,40,3029,3105,3005,23519417,1762
2011-01-23,10000002,11399,4058.81,4078.99,3970.18,2225557,527
2011-01-24,10000002,34,2.51,2.58,2.48,44827441552,3723
2011-01-24,10000002,35,4.41,4.46,4.3,7650807323,2558
2011-01-24,10000002,36,29.07,29.73,28.73,2503428892,2336
2011-01-24,10000002,37,66.98,67.04,65.27,452187819,1739
2011-01-24,10000002,38,547.97,553.4,540,98766337,1930
2011-01-24,10000002,39,999,1019.44,985,36585005,1584
2011-01-24,10000002,40,3002.7,3095.88,2996.07,16369749,1555
2011-01-24,10000002,11399,4057.84,4057.89,3832.06,2367348,445
2011-01-25,10000002,34,2.52,2.55,2.47,42656196337,3360
2011-01-25,10000002,35,4.42,4.45,4.38,6268422645,2426
2011-01-25,10000002,36,29.77,29.82,29.21,2687733297,2275
2011-01-25,10000002,37,66.68,66.94,65.92,395918400,1678
2011-01-25,10000002,38,553.22,556.99,541.8,95493026,1768
2011-01-25,10000002,39,1010.79,1013.22,985.1,39242074,1414
2011-01-25,10000002,40,3013.14,3089.98,3011,17670545,1420
2011-01-25,10000002,11399,4048.79,4056.89,3890.19,1900377,429
2011-01-26,10000002,34,2.54,2.55,2.52,24643097025,3261
2011-01-26,10000002,35,4.48,4.5,4.43,6765635745,2353
2011-01-26,10000002,36,29.68,29.75,29.15,2099664281,2170
2011-01-26,10000002,37,66.94,66.99,65.91,340884161,1662
2011-01-26,10000002,38,556.51,559.8,547.58,178878883,1868
2011-01-26,10000002,39,1008.98,1012.93,1005.18,45395916,1482
2011-01-26,10000002,40,3070,3078,3004,13035633,1370
2011-01-26,10000002,11399,3904.27,3999.76,3901.9,2069498,410
2011-01-27,10000002,34,2.59,2.64,2.56,42369434422,2895
2011-01-27,10000002,35,4.56,4.79,4.44,6102372380,2130
2011-01-27,10000002,36,29.71,30.1,29.24,2090499834,1964
2011-01-27,10000002,37,69.89,69.99,67.02,482019505,1519
2011-01-27,10000002,38,549,559.98,535.37,91211323,1730
2011-01-27,10000002,39,1005.02,1020.1,1005,45842127,1205
2011-01-27,10000002,40,3013.13,3073.88,2995.46,20059874,1290
2011-01-27,10000002,11399,3985.98,3987.35,3901.95,1769675,366
2011-01-28,10000002,34,2.68,2.72,2.6,34434548897,3221
2011-01-28,10000002,35,4.7,4.81,4.66,6178337976,2310
2011-01-28,10000002,36,30.11,30.14,29.51,2438253891,2141
2011-01-28,10000002,37,69.08,70.83,68.89,446571353,1650
2011-01-28,10000002,38,550,557.93,540.5,121089551,1836
2011-01-28,10000002,39,1024.83,1089,1005.58,69698444,1564
2011-01-28,10000002,40,3053,3054.85,3021,24029834,1487
2011-01-28,10000002,11399,3984.83,3984.88,3915.12,2694096,425
2011-01-29,10000002,34,2.7,2.76,2.67,32702112265,3933
2011-01-29,10000002,35,4.71,4.8,4.68,9088234039,2794
2011-01-29,10000002,36,29.54,30.1,29.51,2803547080,2518
2011-01-29,10000002,37,70.83,71,69.33,423065725,2011
2011-01-29,10000002,38,557.48,558.9,546.08,117766540,1987
2011-01-29,10000002,39,1046.13,1068.95,1035,38423502,1712
2011-01-29,10000002,40,3055,3083.96,3046.02,23144579,1607
2011-01-29,10000002,11399,3983.99,3984.7,3906.2,2576681,493
2011-01-30,10000002,34,2.73,2.74,2.7,27701721457,4087
2011-01-30,10000002,35,4.72,4.78,4.67,6713085086,2902
2011-01-30,10000002,36,29.82,29.93,29.36,2366045623,2628
2011-01-30,10000002,37,73.19,73.47,72.21,329635522,2161
2011-01-30,10000002,38,556.88,556.92,547.25,106788472,2136
2011-01-30,10000002,39,1024.03,1055,1018.01,37390635,1801
2011-01-30,10000002,40,2999.99,3067.7,2930.08,19237950,1862
2011-01-30,10000002,11399,3914.02,4020,3908.6,2746838,476
2011-01-31,10000002,34,2.74,2.76,2.69,55903695453,3362
2011-01-31,10000002,35,4.72,4.72,4.71,7393242770,2349
2011-01-31,10000002,36,29.73,29.88,29.23,2481325980,2119
2011-01-31,10000002,37,73.02,73.34,72.26,584205785,1798
2011-01-31,10000002,38,555.97,556.27,548.14,123887173,1757
2011-01-31,10000002,39,1039.42,1041,1006.3,43614759,1458
2011-01-31,10000002,40,3018.98,3028.57,2928.13,14617356,1512
2011-01-31,10000002,11399,4042.52,4057.74,4012.5,2108075,433
2011-02-01,10000002,34,2.71,2.76,2.68,43259637513,3017
2011-02-01,10000002,35,4.73,4.79,4.69,5620408958,2150
2011-02-01,10000002,36,29.76,29.9,29,1915677367,2003
2011-02-01,10000002,37,72.21,72.45,69.87,303833024,1668
2011-02-01,10000002,38,547.16,552.35,534.4,72200493,1728
2011-02-01,10000002,39,1018.13,1037.74,1007.23,24574904,1319
2011-02-01,10000002,40,3028.93,3055.3,2951.92,11517089,1347
2011-02-01,10000002,11399,4000,4079.27,3924.52,2578616,395
2011-02-02,10000002,34,2.7,2.75,2.66,29066856571,3069
2011-02-02,10000002,35,4.77,4.83,4.7,5633280823,2165
2011-02-02,10000002,36,29.79,29.86,28.84,2280885752,1981
2011-02-02,10000002,37,72.44,72.48,71.87,407140712,1517
2011-02-02,10000002,38,534.77,549.65,533.46,107092704,1608
2011-02-02,10000002,39,1018.31,1039.98,1007.24,35446822,1306
2011-02-02,10000002,40,2960.05,3043.5,2950.25,15552802,1294
2011-02-02,10000002,11399,4089.85,4089.89,3984.09,1893771,424
2011-02-03,10000002,34,2.72,2.76,2.69,49013096683,3075
2011-02-03,10000002,35,4.82,4.83,4.79,6620201372,2103
2011-02-03,10000002,36,29.85,29.92,29.17,2181510805,1938
2011-02-03,10000002,37,73,75.5,72.14,345114722,1550
2011-02-03,10000002,38,533.18,547.95,531.19,114781567,1631
2011-02-03,10000002,39,1020,1040.95,1017,42116528,1254
2011-02-03,10000002,40,3000.07,3041,2955,15510656,1259
2011-02-03,10000002,11399,4083.05,4089.9,3988.75,3957180,405
2011-02-04,10000002,34,2.72,2.74,2.69,56334129291,3089
2011-02-04,10000002,35,4.78,4.8,4.74,5997685727,2145
2011-02-04,10000002,36,29.27,29.8,29.19,2289666812,1955
2011-02-04,10000002,37,74.09,74.17,72.81,424045932,1515
2011-02-04,10000002,38,539.97,541,533.1,91073798,1542
2011-02-04,10000002,39,1026,1044,1016.26,41509573,1279
2011-02-04,10000002,40,3012,3014.64,2932.36,10926207,1211
2011-02-04,10000002,11399,4080.11,4080.11,4080.09,1558552,353
2011-02-05,10000002,34,2.72,2.73,2.71,68156960297,3518
2011-02-05,10000002,35,4.76,4.78,4.74,8129603295,2555
2011-02-05,10000002,36,29.72,29.79,29.16,2719103924,2451
2011-02-05,10000002,37,73.73,73.8,73.26,498366626,1882
2011-02-05,10000002,38,541,545,530,159362236,2082
2011-02-05,10000002,39,1041,1044.8,1024.15,78799018,1608
2011-02-05,10000002,40,3015,3050.22,3010,31127231,1626
2011-02-05,10000002,11399,4089.96,4198.92,4080.06,3875889,514
2011-02-06,10000002,34,2.77,2.79,2.73,36412626804,3850
2011-02-06,10000002,35,4.76,4.77,4.74,10692974452,2720
2011-02-06,10000002,36,29.7,29.74,29.14,2322556951,2567
2011-02-06,10000002,37,73.89,73.9,73.09,451433968,1969
2011-02-06,10000002,38,536.47,546.97,527.36,92174402,2173
2011-02-06,10000002,39,1048.8,1052.59,1023.12,33929855,1630
2011-02-06,10000002,40,2989.03,3065.99,2961,18809802,1695
2011-02-06,10000002,11399,4250,4397.11,4154,2487053,468
2011-02-07,10000002,34,2.82,2.83,2.8,37010183745,3268
2011-02-07,10000002,35,4.79,4.82,4.73,8401322388,2245
2011-02-07,10000002,36,29.51,29.83,29.08,3267053878,2116
2011-02-07,10000002,37,73.68,73.87,73.16,619514105,1662
2011-02-07,10000002,38,543.99,549.9,536.25,136049949,1784
2011-02-07,10000002,39,1040,1061,1027,44300551,1361
2011-02-07,10000002,40,3007.04,3067,3005.35,20855433,1373
2011-02-07,10000002,11399,4060.02,4391.87,4060,2911881,447
2011-02-08,10000002,34,2.82,2.84,2.78,39243129106,3068
2011-02-08,10000002,35,4.8,4.8,4.75,5737884787,2094
2011-02-08,10000002,36,29.46,29.61,29,3090069527,1957
2011-02-08,10000002,37,72.49,72.99,71.48,316550018,1425
2011-02-08,10000002,38,552.21,564.81,550.35,197233917,1585
2011-02-08,10000002,39,1026.73,1053.75,1025.39,52676287,1314
2011-02-08,10000002,40,3005.47,3061.85,3000.3,15894090,1159
2011-02-08,10000002,11399,4058.09,4089.96,4057.21,1842413,421
2011-02-09,10000002,34,2.85,2.88,2.82,46733304417,3109
2011-02-09,10000002,35,4.79,4.84,4.74,5285461520,2154
2011-02-09,10000002,36,29,29.5,28.84,1840443204,1960
2011-02-09,10000002,37,71.78,71.83,70.35,278479664,1482
2011-02-09,10000002,38,565.73,589.89,562.04,164926743,1811
2011-02-09,10000002,39,1006.03,1019.9,1005,63381299,1360
2011-02-09,10000002,40,2999,3006.94,2960.59,18756325,1193
2011-02-09,10000002,11399,4020,4029.94,3947.17,1748075,437
2011-02-10,10000002,34,2.83,2.85,2.8,37490572623,3290
2011-02-10,10000002,35,4.8,4.81,4.77,7509705442,2204
2011-02-10,10000002,36,29.32,29.4,29.01,2015285660,1981
2011-02-10,10000002,37,71.8,71.94,71.76,408860482,1517
2011-02-10,10000002,38,569,571.85,564.36,138892851,1693
2011-02-10,10000002,39,1027.88,1032.89,1010.04,46326078,1318
2011-02-10,10000002,40,3041.4,3041.78,2978.23,10592942,1213
2011-02-10,10000002,11399,4028.98,4045.92,4019,1855563,409
2011-02-11,10000002,34,2.85,2.87,2.81,40178501812,3043
2011-02-11,10000002,35,4.79,4.8,4.74,6055520800,2147
2011-02-11,10000002,36,29.24,29.3,28.58,2755349148,1949
2011-02-11,10000002,37,71.4,71.78,70.57,528825112,1543
2011-02-11,10000002,38,544.39,561,543.04,185404435,1659
2011-02-11,10000002,39,1006.01,1022.9,1005,47600863,1284
2011-02-11,10000002,40,3039.71,3039.84,2978.39,13626421,1249
2011-02-11,10000002,11399,4099.25,4099.51,3950,1439972,439
2011-02-12,10000002,34,2.92,2.99,2.88,43413345103,3734
2011-02-12,10000002,35,4.83,4.84,4.77,10297745543,2481
2011-02-12,10000002,36,28.78,29.28,28.56,3106679388,2245
2011-02-12,10000002,37,71.43,71.55,70.12,417185963,1679
2011-02-12,10000002,38,547.9,548.91,546,104592579,1871
2011-02-12,10000002,39,1019.25,1022,1005.06,49234015,1476
2011-02-12,10000002,40,3025,3070.99,2980.49,19349388,1448
2011-02-12,10000002,11399,4098.46,4098.61,3948,2391221,515
2011-02-13,10000002,34,2.97,3,2.95,33999670974,4161
2011-02-13,10000002,35,4.81,4.85,4.76,7505585758,2886
2011-02-13,10000002,36,28.78,28.84,28.45,2255226963,2443
2011-02-13,10000002,37,70.67,71.03,69.83,534101777,2034
2011-02-13,10000002,38,546,546.48,540.57,134196061,2064
2011-02-13,10000002,39,1015.92,1027.99,995.65,53614920,1754
2011-02-13,10000002,40,3059.91,3064.91,2981.16,18598255,1651
2011-02-13,10000002,11399,4089,4096.94,3965.13,1609414,496
2011-02-14,10000002,34,3,3.02,2.95,45463158938,3085
2011-02-14,10000002,35,4.86,4.87,4.8,9230712194,2010
2011-02-14,10000002,36,28.72,28.95,28.28,1755328050,1747
2011-02-14,10000002,37,70.01,70.6,69.15,283132222,1381
2011-02-14,10000002,38,547.98,550,535.86,68234924,1525
2011-02-14,10000002,39,1012.19,1031.58,1000.63,28627156,1279
2011-02-14,10000002,40,3055,3070.91,2983.11,9786208,1195
2011-02-14,10000002,11399,4096.69,4096.77,4057.25,1206899,392
2011-02-15,10000002,34,3.11,3.27,3.02,46679989000,3291
2011-02-15,10000002,35,4.89,5.11,4.81,10394276585,2306
2011-02-15,10000002,36,29.01,29.07,29,2901017298,1952
2011-02-15,10000002,37,70.68,71.7,70.57,514560457,1527
2011-02-15,10000002,38,552.86,552.89,539.11,165285520,1553
2011-02-15,10000002,39,1042.85,1053.4,1013.02,47414028,1265
2011-02-15,10000002,40,3076.94,3167.91,3073,15626258,1218
2011-02-15,10000002,11399,4095.6,4095.98,3971.06,1628421,389
2011-02-16,10000002,34,3.27,3.3,3.25,32074837523,3326
2011-02-16,10000002,35,4.94,4.96,4.9,8357574787,2289
2011-02-16,10000002,36,29.13,29.38,29.04,1814663286,1996
2011-02-16,10000002,37,70.93,71.17,70.07,321501038,1425
2011-02-16,10000002,38,552.79,552.88,540.37,122002189,1558
2011-02-16,10000002,39,1016.2,1043.85,1014.34,35757051,1267
2011-02-16,10000002,40,3079.1,3098.82,3076.42,12646858,1251
2011-02-16,10000002,11399,4095,4095.69,4094.96,1824628,436
2011-02-17,10000002,34,3.16,3.18,3.14,26116314577,3177
2011-02-17,10000002,35,4.97,4.99,4.9,4326924936,2298
2011-02-17,10000002,36,29.65,29.7,29,1701586399,2109
2011-02-17,10000002,37,71.24,71.97,70.49,328328576,1558
2011-02-17,10000002,38,552.89,553,548,123445103,1603
2011-02-17,10000002,39,1016.5,1042.69,1015.05,42148080,1323
2011-02-17,10000002,40,3006,3084.12,2991.04,17119534,1313
2011-02-17,10000002,11399,3981.01,4092.8,3971.11,2808727,412
2011-02-18,10000002,34,3.21,3.26,3.16,31873165199,3453
2011-02-18,10000002,35,5.13,5.19,5.04,8718558294,2248
2011-02-18,10000002,36,29.15,29.77,28.7,2170598403,1997
2011-02-18,10000002,37,71.42,71.9,70.06,377046833,1547
2011-02-18,10000002,38,545.57,560.79,538.93,235498634,1761
2011-02-18,10000002,39,1020.3,1048.98,1015,68830164,1297
2011-02-18,10000002,40,2992,3063,2965.23,21081748,1352
2011-02-18,10000002,11399,3926.19,4090.97,3806.03,4112965,417
2011-02-19,10000002,34,3.25,3.27,3.2,33029715814,3644
2011-02-19,10000002,35,5.15,5.2,5.07,6189988318,2575
2011-02-19,10000002,36,29.3,29.56,28.84,1971360661,2224
2011-02-19,10000002,37,71.65,72.09,70.09,353095634,1769
2011-02-19,10000002,38,535.99,547.98,530.12,159337366,1895
2011-02-19,10000002,39,1021.41,1045.4,1014.1,52193279,1442
2011-02-19,10000002,40,2992.04,3023.89,2901.46,16171257,1394
2011-02-19,10000002,11399,4088.05,4088.3,3805.05,2109073,415
2011-02-20,10000002,34,3.2,3.23,3.18,27207087365,3946
2011-02-20,10000002,35,5.12,5.15,5.05,4974248033,2812
2011-02-20,10000002,36,29.32,29.42,29.01,1876469137,2500
2011-02-20,10000002,37,71.24,71.65,70.04,347680073,2011
2011-02-20,10000002,38,548,550.02,547.29,124009177,2092
2011-02-20,10000002,39,1015.51,1030,1015,34434803,1677
2011-02-20,10000002,40,3011,3015.95,2967.02,14557487,1538
2011-02-20,10000002,11399,4068.07,4069,3915.25,1532105,438
2011-02-21,10000002,34,3.16,3.18,3.14,35876656918,3364
2011-02-21,10000002,35,5.14,5.17,5.04,6107552856,2288
2011-02-21,10000002,36,29.08,29.14,28.72,2475609818,2024
2011-02-21,10000002,37,71.48,71.65,70.03,389152762,1642
2011-02-21,10000002,38,553.58,556.77,539,93648070,1684
2011-02-21,10000002,39,1029.99,1035,1012.08,39938954,1420
2011-02-21,10000002,40,3018.62,3022.84,2915.11,12680918,1338
2011-02-21,10000002,11399,3999.98,4061.71,3917.11,1832357,405
2011-02-22,10000002,34,3.19,3.21,3.17,28625437236,3102
2011-02-22,10000002,35,5.09,5.11,5.08,3888407398,2114
2011-02-22,10000002,36,28.85,29.21,28.49,1363303170,1943
2011-02-22,10000002,37,70.02,70.9,69.57,245384764,1533
2011-02-22,10000002,38,547.99,548.9,531.01,70479492,1622
2011-02-22,10000002,39,1029.66,1029.98,999.05,31765056,1314
2011-02-22,10000002,40,2926.01,3010,2924.24,12818796,1304
2011-02-22,10000002,11399,4013.7,4049.99,4001.08,1706577,370
2011-02-23,10000002,34,3.23,3.25,3.19,36453230892,2755
2011-02-23,10000002,35,5.08,5.1,5.04,5290302449,1876
2011-02-23,10000002,36,29.49,29.63,28.66,1911776753,1646
2011-02-23,10000002,37,70.22,70.61,69.38,233431217,1324
2011-02-23,10000002,38,554.5,555.6,540.73,65519758,1392
2011-02-23,10000002,39,1019.78,1028.66,995.6,38282569,1126
2011-02-23,10000002,40,3000,3018.84,2930.1,17835521,1123
2011-02-23,10000002,11399,4013.87,4061.78,4013.87,2317605,319
2011-02-24,10000002,34,3.17,3.19,3.15,34558672382,2958
2011-02-24,10000002,35,5.01,5.04,4.96,7883065795,2061
2011-02-24,10000002,36,29.48,29.77,29.34,1525583508,1909
2011-02-24,10000002,37,69.39,69.97,69.26,415282651,1478
2011-02-24,10000002,38,550.14,553.65,549.99,72267723,1510
2011-02-24,10000002,39,1022,1025.91,1001.44,28076326,1196
2011-02-24,10000002,40,2965.07,3015.94,2942.3,9777346,1158
2011-02-24,10000002,11399,4048,4059.95,3926.01,1415762,341
2011-02-25,10000002,34,3.07,3.12,3.02,25778261570,3031
2011-02-25,10000002,35,5.01,5.03,4.92,7994187543,2070
2011-02-25,10000002,36,29.27,29.6,28.43,1975204086,1870
2011-02-25,10000002,37,69.77,69.91,69,338592976,1445
2011-02-25,10000002,38,552.47,552.54,546.27,109784550,1570
2011-02-25,10000002,39,1007,1023.71,1001.03,36368588,1226
2011-02-25,10000002,40,2996.94,3014.97,2936.13,18574254,1211
2011-02-25,10000002,11399,3999.99,4058,3952.04,905355,355
2011-02-26,10000002,34,3.11,3.13,3.09,35560877635,3404
2011-02-26,10000002,35,5.02,5.05,5,8347517778,2472
2011-02-26,10000002,36,29.56,29.67,29.44,2729336040,2296
2011-02-26,10000002,37,69.2,69.78,68.61,538546444,1765
2011-02-26,10000002,38,551.42,551.89,549.99,161390615,1933
2011-02-26,10000002,39,1021.91,1022.93,1018.98,47113864,1513
2011-02-26,10000002,40,3016.99,3049.79,2960,17279055,1508
2011-02-26,10000002,11399,4047,4053.97,4038,2406719,417
2011-02-27,10000002,34,3.15,3.19,3.09,33485599481,3770
2011-02-27,10000002,35,5.02,5.04,4.99,8350338637,2697
2011-02-27,10000002,36,29.68,29.75,29,3372695739,2541
2011-02-27,10000002,37,72.16,72.44,70.15,488061701,1960
2011-02-27,10000002,38,550.81,551.59,539.03,163441670,1979
2011-02-27,10000002,39,1018.99,1022.9,1005,46788954,1535
2011-02-27,10000002,40,3055.85,3112.84,2998.55,21100536,1590
2011-02-27,10000002,11399,4000,4062.97,3951.13,2496740,547
2011-02-28,10000002,34,3.18,3.2,3.14,30249644350,3275
2011-02-28,10000002,35,5,5.06,4.95,7946276298,2287
2011-02-28,10000002,36,29.57,29.77,28.94,2736244690,2057
2011-02-28,10000002,37,73.95,75.66,71.39,308988647,1615
2011-02-28,10000002,38,538.81,550.76,537.72,153583208,1708
2011-02-28,10000002,39,1002.5,1025,996.13,48792994,1453
2011-02-28,10000002,40,2979.21,3046.6,2976.5,19719309,1375
2011-02-28,10000002,11399,4068.02,4093.78,3854,2867085,423
2011-03-01,10000002,34,3.19,3.24,3.15,21001639652,3059
2011-03-01,10000002,35,5.02,5.08,4.93,6673413025,2151
2011-03-01,10000002,36,29.01,29.72,28.97,1745708469,1964
2011-03-01,10000002,37,83.95,84.1,74.77,399910199,1579
2011-03-01,10000002,38,529,540.67,528,82098953,1478
2011-03-01,10000002,39,1000,1021.64,991.37,36557853,1223
2011-03-01,10000002,40,2978.7,2998.99,2940.07,11973582,1148
2011-03-01,10000002,11399,4129.97,4153.89,4095.82,1701875,374
2011-03-02,10000002,34,3.27,3.31,3.23,37474075624,3377
2011-03-02,10000002,35,4.96,5,4.9,6672305108,2212
2011-03-02,10000002,36,29.83,29.99,28.96,1863379902,2043
2011-03-02,10000002,37,76.48,79.94,75.75,351061364,1534
2011-03-02,10000002,38,521.27,538,520.27,103981237,1704
2011-03-02,10000002,39,1000,1019.2,984.11,25557201,1302
2011-03-02,10000002,40,2920,2950,2875.2,18869216,1314
2011-03-02,10000002,11399,3965.18,4120.94,3965.08,2273632,477
2011-03-03,10000002,34,3.23,3.31,3.19,32764840989,3299
2011-03-03,10000002,35,4.95,4.99,4.87,9418803209,2289
2011-03-03,10000002,36,29.33,29.9,29.02,2119632323,2039
2011-03-03,10000002,37,75,75.96,74.08,389701693,1628
2011-03-03,10000002,38,524.98,534.95,520.09,108573517,1644
2011-03-03,10000002,39,984.28,1012.46,982.03,28158632,1318
2011-03-03,10000002,40,2966.8,2982.64,2895.07,13231768,1350
2011-03-03,10000002,11399,4086,4119.94,3964.05,1493667,413
2011-03-04,10000002,34,3.24,3.27,3.2,23883298751,3199
2011-03-04,10000002,35,4.94,4.98,4.92,5696002196,2201
2011-03-04,10000002,36,29.31,29.89,29.21,2346726252,2058
2011-03-04,10000002,37,73.71,74.82,73.18,510983537,1578
2011-03-04,10000002,38,517.46,529.98,517.3,111639438,1652
2011-03-04,10000002,39,1003.56,1005,982.05,38246144,1249
2011-03-04,10000002,40,2900,2939.98,2850.81,21215568,1348
2011-03-04,10000002,11399,4077.56,4077.89,3900.05,2656388,440
2011-03-05,10000002,34,3.21,3.24,3.17,35009557965,3385
2011-03-05,10000002,35,4.9,4.93,4.86,8148224886,2323
2011-03-05,10000002,36,28.51,29.25,28.48,1866111198,2062
2011-03-05,10000002,37,72.83,73.58,71.41,373141050,1582
2011-03-05,10000002,38,530.09,531,516.15,132178811,1829
2011-03-05,10000002,39,1002.98,1003.68,982,42681076,1425
2011-03-05,10000002,40,2928.99,2934.77,2850.79,15639344,1407
2011-03-05,10000002,11399,4046.85,4058.92,3823.11,2496946,518
2011-03-06,10000002,34,3.19,3.2,3.16,41085340138,3615
2011-03-06,10000002,35,4.86,4.93,4.84,9986812148,2592
2011-03-06,10000002,36,29.35,29.42,28.8,2524206281,2263
2011-03-06,10000002,37,72.7,72.8,72.62,484406161,1685
2011-03-06,10000002,38,538.87,540.43,535.03,117875770,1896
2011-03-06,10000002,39,1003.69,1004.76,982.52,39523532,1383
2011-03-06,10000002,40,2924.96,2927.92,2854,17286419,1460
2011-03-06,10000002,11399,4033.4,4036.62,3889.05,1795456,428
2011-03-07,10000002,34,3.2,3.24,3.17,31825196404,3191
2011-03-07,10000002,35,4.99,5.05,4.94,6462448738,2262
2011-03-07,10000002,36,29,29.67,28.51,1845847800,2057
2011-03-07,10000002,37,73.82,74.68,72.78,400336902,1629
2011-03-07,10000002,38,536.04,550.97,534.22,107425307,1795
2011-03-07,10000002,39,982.02,1000,977.21,53725247,1382
2011-03-07,10000002,40,2820.11,2919.82,2814.09,18688871,1326
2011-03-07,10000002,11399,3855.27,3980,3825.2,2998919,441
2011-03-08,10000002,34,3.21,3.24,3.18,25564152062,2890
2011-03-08,10000002,35,5.02,5.06,5,4744385453,2054
2011-03-08,10000002,36,29.33,29.44,28.89,1400519453,1889
2011-03-08,10000002,37,73.93,74.67,70.97,242564907,1501
2011-03-08,10000002,38,546.89,549.03,534.19,82239306,1511
2011-03-08,10000002,39,980.85,1001.99,959.04,38471380,1235
2011-03-08,10000002,40,2866.06,2915.9,2816.67,16861276,1240
2011-03-08,10000002,11399,3898,3899.24,3706.22,2210803,413
2011-03-09,10000002,34,3.28,3.3,3.25,31610671588,2942
2011-03-09,10000002,35,5,5.02,4.98,5046420782,2095
2011-03-09,10000002,36,29.15,29.32,29.05,2205741033,1839
2011-03-09,10000002,37,73.5,73.95,73.05,329737965,1439
2011-03-09,10000002,38,539,540.89,535,90295570,1603
2011-03-09,10000002,39,980.4,997.97,976.11,34997375,1215
2011-03-09,10000002,40,2897.26,2898.85,2861.19,11772483,1133
2011-03-09,10000002,11399,3943.98,3944.84,3801.03,1177901,373
2011-03-10,10000002,34,3.35,3.39,3.25,29238309086,2977
2011-03-10,10000002,35,5,5.04,4.89,8958750121,2046
2011-03-10,10000002,36,29,29.45,28.66,1661373713,1916
2011-03-10,10000002,37,73.11,73.28,72.8,274402135,1446
2011-03-10,10000002,38,537.4,538.85,521.05,98467664,1606
2011-03-10,10000002,39,971.04,1000.48,970.28,28417293,1249
2011-03-10,10000002,40,2850,2906.93,2807.26,14903613,1274
2011-03-10,10000002,11399,3722.15,3894.87,3722.09,3408737,425
2011-03-11,10000002,34,3.29,3.35,3.21,22293712141,2755
2011-03-11,10000002,35,4.82,4.87,4.8,4344706853,1861
2011-03-11,10000002,36,28.58,29.28,28.53,1573655034,1743
2011-03-11,10000002,37,72.06,73.1,71.21,355213005,1331
2011-03-11,10000002,38,516.98,517.08,507.21,125329285,1463
2011-03-11,10000002,39,970.2,993.96,959.02,29583690,1150
2011-03-11,10000002,40,2804.14,2807,2789.01,19763702,1130
2011-03-11,10000002,11399,3891.79,3892.99,3818.99,1379693,371
2011-03-12,10000002,34,3.27,3.31,3.23,36875851190,3514
2011-03-12,10000002,35,4.85,4.94,4.78,7865491989,2419
2011-03-12,10000002,36,28.52,29.55,27.97,2594697424,2263
2011-03-12,10000002,37,73.4,73.59,71.84,423174189,1634
2011-03-12,10000002,38,522,529.94,516.15,120912461,1818
2011-03-12,10000002,39,969.91,978.98,958.01,45706296,1430
2011-03-12,10000002,40,2750,2795.98,2629.23,19446654,1422
2011-03-12,10000002,11399,3800,3891.51,3722.62,3606655,494
2011-03-13,10000002,34,3.24,3.26,3.21,33144583219,3683
2011-03-13,10000002,35,4.92,4.97,4.83,6571009960,2644
2011-03-13,10000002,36,28.54,28.72,27.9,2282176770,2379
2011-03-13,10000002,37,73.56,74.41,72.69,345699220,1825
2011-03-13,10000002,38,518,527.51,511.45,117752592,1909
2011-03-13,10000002,39,973.01,975.99,964.02,44972734,1451
2011-03-13,10000002,40,2761.07,2789.76,2732.01,18297286,1447
2011-03-13,10000002,11399,3885.97,3899.64,3810.03,2348180,467
2011-03-14,10000002,34,3.3,3.37,3.25,33884255957,3140
2011-03-14,10000002,35,5,5.05,4.91,8149385261,2156
2011-03-14,10000002,36,29.23,29.92,28.42,2631683933,2051
2011-03-14,10000002,37,74.76,77.89,74.14,533159177,1495
2011-03-14,10000002,38,531.91,540.99,520.71,130623185,1681
2011-03-14,10000002,39,984,988.35,961.32,41642079,1233
2011-03-14,10000002,40,2850,2877,2764.01,14578351,1265
2011-03-14,10000002,11399,3922.69,3945.99,3900.02,2943293,421
2011-03-15,10000002,34,3.29,3.34,3.25,20910747723,2831
2011-03-15,10000002,35,4.98,5.05,4.79,4376492014,1919
2011-03-15,10000002,36,28.58,29.56,28.4,1674748897,1853
2011-03-15,10000002,37,74,76.54,73.5,329071034,1379
2011-03-15,10000002,38,521.01,537.99,520.02,90403530,1582
2011-03-15,10000002,39,965.12,988.42,961.45,39427330,1188
2011-03-15,10000002,40,2849.99,2875.76,2778.08,16353113,1198
2011-03-15,10000002,11399,3938.98,3995,3830.01,1599664,410
2011-03-16,10000002,34,3.25,3.3,3.23,21786756256,2761
2011-03-16,10000002,35,4.94,4.98,4.91,4227929068,1933
2011-03-16,10000002,36,29.15,29.27,28.6,1344025737,1819
2011-03-16,10000002,37,74,75.16,73.74,260024789,1346
2011-03-16,10000002,38,533.47,536.95,517.2,70361167,1542
2011-03-16,10000002,39,980.12,997.96,965.1,27590816,1182
2011-03-16,10000002,40,2794.99,2879,2730.18,11355746,1183
2011-03-16,10000002,11399,3937.78,3938.81,3826.08,1134575,356
2011-03-17,10000002,34,3.28,3.32,3.23,26194434486,2695
2011-03-17,10000002,35,4.99,5.16,4.88,7835332820,1849
2011-03-17,10000002,36,28.76,29.43,28.11,1932150736,1738
2011-03-17,10000002,37,75.03,75.64,73.82,319872328,1328
2011-03-17,10000002,38,544,547.96,535.05,92588578,1467
2011-03-17,10000002,39,968.6,1005.53,963.59,33601230,1182
2011-03-17,10000002,40,2763.24,2863.88,2760,12945733,1155
2011-03-17,10000002,11399,3832.04,3937.59,3831.01,1622351,376
2011-03-18,10000002,34,3.3,3.35,3.26,32256078558,2826
2011-03-18,10000002,35,4.86,4.97,4.78,5880033650,1970
2011-03-18,10000002,36,28.3,28.5,27.74,1722934570,1795
2011-03-18,10000002,37,72.41,73.96,72,397959905,1392
2011-03-18,10000002,38,539.99,546.98,524.62,108283625,1584
2011-03-18,10000002,39,963,990.5,942.32,44481670,1299
2011-03-18,10000002,40,2758.2,2818.93,2689,16061113,1180
2011-03-18,10000002,11399,3865,3937,3832.03,3596976,402
2011-03-19,10000002,34,3.36,3.42,3.33,40828536407,3428
2011-03-19,10000002,35,5.02,5.06,5.01,8738143048,2302
2011-03-19,10000002,36,28.5,29.05,28.26,2403005657,2181
2011-03-19,10000002,37,73.53,73.59,72.93,373579415,1615
2011-03-19,10000002,38,544.97,547.81,535.1,116168078,1682
2011-03-19,10000002,39,973,978.39,962.98,34016259,1338
2011-03-19,10000002,40,2785.23,2786.86,2750.89,15515230,1280
2011-03-19,10000002,11399,4098.18,4100,3938.9,2344498,407
2011-03-20,10000002,34,3.36,3.45,3.32,42998506256,3692
2011-03-20,10000002,35,5.04,5.13,4.96,10065727886,2581
2011-03-20,10000002,36,29.36,29.99,28.72,3118078803,2514
2011-03-20,10000002,37,75.53,78.81,72.3,744168491,1877
2011-03-20,10000002,38,543,547.2,536,144190624,1939
2011-03-20,10000002,39,979.99,990.84,960,59382143,1522
2011-03-20,10000002,40,2754.59,2822.99,2750.83,21343669,1418
2011-03-20,10000002,11399,4030,4089.99,4015,4522299,487
2011-03-21,10000002,34,3.32,3.35,3.31,33544676581,3016
2011-03-21,10000002,35,4.99,5.06,4.95,6838552140,2128
2011-03-21,10000002,36,29.45,29.78,29,2234246952,1988
2011-03-21,10000002,37,80.88,82.3,77,559417782,1541
2011-03-21,10000002,38,533.01,538.44,530.25,166727428,1642
2011-03-21,10000002,39,955.35,977,940.5,46770290,1214
2011-03-21,10000002,40,2742.07,2798.1,2740,17194697,1133
2011-03-21,10000002,11399,4017.01,4017.01,4017.01,3505834,399
2011-03-22,10000002,34,3.31,3.35,3.3,26352849254,2756
2011-03-22,10000002,35,4.95,4.99,4.92,5607054574,1912
2011-03-22,10000002,36,29.29,29.78,28.95,1793008667,1795
2011-03-22,10000002,37,81.53,82.37,79.62,405130292,1481
2011-03-22,10000002,38,520,537.44,515.8,107317426,1598
2011-03-22,10000002,39,974.99,980.67,974.88,29769957,1183
2011-03-22,10000002,40,2779.94,2798.85,2725.2,14351496,1167
2011-03-22,10000002,11399,4100,4107.9,4026.08,1429159,376
2011-03-23,10000002,34,3.36,3.43,3.32,29655965469,2838
2011-03-23,10000002,35,4.96,4.97,4.86,8442480512,1898
2011-03-23,10000002,36,29.85,29.97,29.11,2908442563,1808
2011-03-23,10000002,37,82.61,84.99,82.55,422888009,1473
2011-03-23,10000002,38,540,545.97,526.09,93349135,1472
2011-03-23,10000002,39,975,989.99,958.01,25989655,1112
2011-03-23,10000002,40,2725.47,2820.88,2718.52,15525357,1148
2011-03-23,10000002,11399,4060.05,4119.68,4027.2,1497792,362
2011-03-24,10000002,34,3.3,3.33,3.27,38365705127,2967
2011-03-24,10000002,35,4.88,4.94,4.83,7217338524,2143
2011-03-24,10000002,36,29.11,29.75,28.55,1956392629,1956
2011-03-24,10000002,37,83.99,89.77,83.04,578262548,1632
2011-03-24,10000002,38,536,540.88,527.69,95715457,1586
2011-03-24,10000002,39,960.05,988.99,959.25,26745756,1257
2011-03-24,10000002,40,2721.81,2819.83,2721,12884013,1271
2011-03-24,10000002,11399,4176.85,4177.91,4105,1610156,378
2011-03-25,10000002,34,3.25,3.3,3.23,36941644896,2892
2011-03-25,10000002,35,4.71,4.76,4.67,8139624741,2142
2011-03-25,10000002,36,28.02,28.94,27.7,1908680505,1979
2011-03-25,10000002,37,78.48,81.71,76.12,490522672,1587
2011-03-25,10000002,38,527.59,538.49,526.39,113954008,1607
2011-03-25,10000002,39,955.05,972.55,945.52,34962186,1247
2011-03-25,10000002,40,2752.01,2813.84,2735.22,14596161,1187
2011-03-25,10000002,11399,4114.03,4177.42,4112,2759770,395
2011-03-26,10000002,34,3.3,3.32,3.25,27757120573,3179
2011-03-26,10000002,35,4.82,4.87,4.73,5639427873,2217
2011-03-26,10000002,36,28.56,29.39,28.04,1960005504,2144
2011-03-26,10000002,37,76.62,78.3,73,460079630,1746
2011-03-26,10000002,38,520.91,530,510,125772851,1726
2011-03-26,10000002,39,946.34,968.99,944.66,65229053,1415
2011-03-26,10000002,40,2700,2778.9,2662.69,20860108,1395
2011-03-26,10000002,11399,4285.03,4285.03,4285.03,5315142,456
2011-03-27,10000002,34,3.26,3.28,3.23,35056477175,3452
2011-03-27,10000002,35,4.76,4.83,4.73,8112251211,2467
2011-03-27,10000002,36,28.59,29.22,27.73,2273315560,2303
2011-03-27,10000002,37,74.65,75.63,73.26,460772964,1808
2011-03-27,10000002,38,523.98,529.94,517.6,140634022,1897
2011-03-27,10000002,39,950.39,967.56,940.52,52014989,1514
2011-03-27,10000002,40,2605.02,2679.78,2567,22172548,1532
2011-03-27,10000002,11399,4285.05,4355.94,4285.03,2882254,486
2011-03-28,10000002,34,3.24,3.25,3.2,34904783429,2972
2011-03-28,10000002,35,4.69,4.74,4.65,5786857361,2034
2011-03-28,10000002,36,28.02,28.36,27.64,1884419128,1853
2011-03-28,10000002,37,73.66,73.99,72.53,400013583,1472
2011-03-28,10000002,38,520,523.75,517.14,133437580,1506
2011-03-28,10000002,39,963.6,963.87,943.08,34002504,1221
2011-03-28,10000002,40,2605,2664.68,2590.25,17538735,1240
2011-03-28,10000002,11399,4340,4356,4285.03,3937858,395
2011-03-29,10000002,34,3.28,3.3,3.25,33068330717,2682
2011-03-29,10000002,35,4.86,4.89,4.81,5660677263,1851
2011-03-29,10000002,36,28.35,28.42,27.86,2081537275,1714
2011-03-29,10000002,37,74.07,74.28,73.97,461076411,1381
2011-03-29,10000002,38,523.89,534.99,514.18,114905251,1495
2011-03-29,10000002,39,950.17,968.86,938.5,44408094,1281
2011-03-29,10000002,40,2620,2659.7,2581.06,19876827,1194
2011-03-29,10000002,11399,4285.03,4285.03,4285.03,3558968,355
2011-03-30,10000002,34,3.24,3.27,3.22,31028620415,2877
2011-03-30,10000002,35,4.86,4.89,4.84,5570123362,2044
2011-03-30,10000002,36,28.67,29.05,28.34,1612851585,1891
2011-03-30,10000002,37,76.48,76.61,75.61,372023850,1500
2011-03-30,10000002,38,533.53,534.79,521,81526083,1516
2011-03-30,10000002,39,957.15,968.99,940.17,33794390,1356
2011-03-30,10000002,40,2620.26,2674.85,2600,14860219,1268
2011-03-30,10000002,11399,4346.91,4349.89,4285.03,1425507,405
2011-03-31,10000002,34,3.26,3.28,3.22,51534268938,2978
2011-03-31,10000002,35,4.87,4.9,4.83,6218748590,2074
2011-03-31,10000002,36,28.61,28.82,27.85,1852929691,1869
2011-03-31,10000002,37,76.06,77.97,73.72,558549200,1565
2011-03-31,10000002,38,533.72,536.86,530,112635564,1638
2011-03-31,10000002,39,977.59,993.57,951.28,36762808,1370
2011-03-31,10000002,40,2639.89,2664.57,2600,12928427,1179
2011-03-31,10000002,11399,4346.96,4348,4280.04,1953243,377
2011-04-01,10000002,34,3.25,3.27,3.22,28597939601,2825
2011-04-01,10000002,35,4.85,4.9,4.81,4152928323,1950
2011-04-01,10000002,36,28.39,28.8,27.94,1588731399,1799
2011-04-01,10000002,37,76.04,77.86,74.41,341259813,1465
2011-04-01,10000002,38,540,544.73,526.32,87702041,1535
2011-04-01,10000002,39,950.04,977.42,940.15,32085130,1236
2011-04-01,10000002,40,2585.3,2649.95,2575.58,13567307,1152
2011-04-01,10000002,11399,4300,4347.94,4265,2135716,399
2011-04-02,10000002,34,3.27,3.27,3.26,31929576955,3252
2011-04-02,10000002,35,4.89,4.91,4.85,6119404383,2332
2011-04-02,10000002,36,29.06,29.2,28.42,2661446667,2148
2011-04-02,10000002,37,82.99,97.32,77.71,788032435,1739
2011-04-02,10000002,38,547.28,549.75,532.21,115039535,1750
2011-04-02,10000002,39,977,988.99,958.05,28862512,1396
2011-04-02,10000002,40,2647.92,2690.08,2645.2,14488605,1333
2011-04-02,10000002,11399,4334.97,4344.97,4334.95,1171496,424
2011-04-03,10000002,34,3.3,3.33,3.28,44375547048,3968
2011-04-03,10000002,35,4.95,4.99,4.92,9694937264,2725
2011-04-03,10000002,36,29.18,29.53,28.55,2584898587,2381
2011-04-03,10000002,37,82,87,79.92,521765678,1952
2011-04-03,10000002,38,548,554,537.03,149624409,1979
2011-04-03,10000002,39,978.98,988.75,965.58,40990926,1581
2011-04-03,10000002,40,2795.01,2850,2777.23,18087271,1542
2011-04-03,10000002,11399,4343.99,4348,4265.27,3749001,485
2011-04-04,10000002,34,3.31,3.36,3.29,28767516430,3193
2011-04-04,10000002,35,5.01,5.03,4.95,5055302484,2222
2011-04-04,10000002,36,29.65,29.82,29.19,2493043095,1976
2011-04-04,10000002,37,82.5,83.94,81.08,396587016,1582
2011-04-04,10000002,38,541,556.95,540.02,119462360,1649
2011-04-04,10000002,39,979.88,987.89,966.02,48443447,1301
2011-04-04,10000002,40,2788.99,2795.76,2699.51,15567802,1286
2011-04-04,10000002,11399,4348,4348,4348,5985539,415
2011-04-05,10000002,34,3.35,3.38,3.31,32722259996,3142
2011-04-05,10000002,35,4.98,4.99,4.98,5859430575,2083
2011-04-05,10000002,36,29.2,29.56,29.05,1679040273,1939
2011-04-05,10000002,37,90.39,96.94,87.33,386736113,1508
2011-04-05,10000002,38,556.92,557.35,544,68120364,1530
2011-04-05,10000002,39,972.04,992.67,967.09,32221780,1191
2011-04-05,10000002,40,2697.57,2737.99,2687.72,10390247,1164
2011-04-05,10000002,11399,4332,4335,4200,1387715,378
2011-04-06,10000002,34,3.34,3.36,3.31,11631427394,1501
2011-04-06,10000002,35,4.92,4.96,4.84,2382456826,1101
2011-04-06,10000002,36,29.19,29.21,29.18,852438380,1024
2011-04-06,10000002,37,90,92.7,88.25,188742705,837
2011-04-06,10000002,38,546.43,557.2,546.24,44847737,825
2011-04-06,10000002,39,983.99,991.99,966.12,14224285,672
2011-04-06,10000002,40,2683.89,2684.1,2636.06,5901708,631
2011-04-06,10000002,11399,4340,4345,4250.06,752837,225
2011-04-07,10000002,34,3.35,3.37,3.29,39146834758,2742
2011-04-07,10000002,35,4.98,4.99,4.93,7505955055,1867
2011-04-07,10000002,36,29.61,30.36,29.05,2557639357,1750
2011-04-07,10000002,37,90.89,91.39,88.65,400372074,1437
2011-04-07,10000002,38,554.99,557.21,546.34,132838554,1419
2011-04-07,10000002,39,991.99,992.63,966.72,29268437,1192
2011-04-07,10000002,40,2715.96,2722.47,2650.44,15002501,1151
2011-04-07,10000002,11399,4347.86,4347.94,4250.04,1933462,386
2011-04-08,10000002,34,3.36,3.37,3.32,26274375892,2901
2011-04-08,10000002,35,5.07,5.11,5.02,7117084682,2042
2011-04-08,10000002,36,29.7,30.23,29.4,1804649777,1891
2011-04-08,10000002,37,94.99,98.34,91.75,486219038,1661
2011-04-08,10000002,38,546.82,556,545.21,88048602,1556
2011-04-08,10000002,39,970.02,984.94,968.43,28512022,1259
2011-04-08,10000002,40,2759.94,2784.97,2695.36,9530456,1214
2011-04-08,10000002,11399,4347.95,4347.99,4347,1503160,362
2011-04-09,10000002,34,3.34,3.37,3.3,36016744761,3257
2011-04-09,10000002,35,5,5.07,4.89,7137005779,2317
2011-04-09,10000002,36,29.96,30.66,29.51,2236790298,2163
2011-04-09,10000002,37,95.31,95.89,93.13,543906844,1669
2011-04-09,10000002,38,555,558.87,543.48,100098350,1760
2011-04-09,10000002,39,970.08,985.8,963,41976518,1362
2011-04-09,10000002,40,2716.4,2796.21,2710.01,13629795,1288
2011-04-09,10000002,11399,4241.66,4347.34,4235,2909751,420
2011-04-10,10000002,34,3.32,3.33,3.3,22046803183,3509
2011-04-10,10000002,35,4.95,4.97,4.92,4913399292,2474
2011-04-10,10000002,36,29,29.34,28.81,1181678885,2233
2011-04-10,10000002,37,91.29,93.36,91.16,497695613,1850
2011-04-10,10000002,38,550,560.87,547.18,72158034,1914
2011-04-10,10000002,39,972,982.93,968.69,43315657,1534
2011-04-10,10000002,40,2720,2793.74,2710.71,19299651,1465
2011-04-10,10000002,11399,4215.11,4292.78,4215,2396662,504
2011-04-11,10000002,34,3.28,3.3,3.27,28249400094,2972
2011-04-11,10000002,35,4.99,5.01,4.94,6066591195,2138
2011-04-11,10000002,36,29.3,29.34,29.21,1710288447,1956
2011-04-11,10000002,37,90.82,91,90.06,382394511,1541
2011-04-11,10000002,38,549.56,552.1,549.4,83881692,1593
2011-04-11,10000002,39,956.21,971.9,917.6,34796573,1272
2011-04-11,10000002,40,2692.38,2738.99,2638.39,12390512,1186
2011-04-11,10000002,11399,4119,4275,4100,2351737,355
2011-04-12,10000002,34,3.32,3.34,3.29,29214717551,2712
2011-04-12,10000002,35,4.97,5,4.93,4516314445,1868
2011-04-12,10000002,36,29.39,29.75,28.99,1601518104,1822
2011-04-12,10000002,37,89.02,89.93,88.77,303774922,1457
2011-04-12,10000002,38,549.55,552.39,548.39,93797018,1538
2011-04-12,10000002,39,949.97,956.11,935.02,44458508,1179
2011-04-12,10000002,40,2626.98,2642.12,2605,16742366,1192
2011-04-12,10000002,11399,4102,4236,4100.21,1657738,343
2011-04-13,10000002,34,3.32,3.34,3.28,40530457749,2950
2011-04-13,10000002,35,4.91,4.94,4.89,5784042314,2081
2011-04-13,10000002,36,29.54,30.18,29.06,1716217563,1920
2011-04-13,10000002,37,88.01,88.14,86.5,353169512,1578
2011-04-13,10000002,38,550,557.8,539.24,94646374,1672
2011-04-13,10000002,39,931.03,945.54,919,41578070,1335
2011-04-13,10000002,40,2581.72,2590.78,2489.25,16470662,1329
2011-04-13,10000002,11399,4150,4190,4016.37,2409265,349
2011-04-14,10000002,34,3.33,3.34,3.29,34120698312,2984
2011-04-14,10000002,35,4.95,4.96,4.93,5808986257,2121
2011-04-14,10000002,36,29.09,29.89,29.03,1592577974,1949
2011-04-14,10000002,37,88.66,90.33,86.17,402869351,1594
2011-04-14,10000002,38,538.23,556.85,532.12,72906149,1619
2011-04-14,10000002,39,937.45,939.89,925.2,46605678,1336
2011-04-14,10000002,40,2525,2583,2513.03,14820157,1232
2011-04-14,10000002,11399,3948.75,4097.67,3930.06,2245767,406
2011-04-15,10000002,34,3.32,3.35,3.29,32555168610,3022
2011-04-15,10000002,35,4.93,4.96,4.91,5813176744,2145
2011-04-15,10000002,36,29.15,29.39,29.08,2437668886,2029
2011-04-15,10000002,37,89.9,90.96,88.58,430523515,1645
2011-04-15,10000002,38,540,542.55,538.6,107806711,1694
2011-04-15,10000002,39,936.11,948.99,936.01,29699488,1317
2011-04-15,10000002,40,2539.95,2559,2489.23,15207720,1354
2011-04-15,10000002,11399,4097.61,4099,3906.67,3304131,415
2011-04-16,10000002,34,3.28,3.3,3.26,36987613004,3291
2011-04-16,10000002,35,4.88,4.91,4.81,7370560944,2267
2011-04-16,10000002,36,28.2,28.85,27.73,2091514175,2113
2011-04-16,10000002,37,85.54,86.77,85.02,460860866,1675
2011-04-16,10000002,38,542.5,549.99,538.53,131985018,1876
2011-04-16,10000002,39,940.01,968.81,938.01,41858682,1421
2011-04-16,10000002,40,2509.76,2567.9,2470.31,20061769,1511
2011-04-16,10000002,11399,4114.5,4155,4085,2221976,446
2011-04-17,10000002,34,3.34,3.39,3.32,42845194538,3680
2011-04-17,10000002,35,4.97,4.99,4.95,9507979449,2565
2011-04-17,10000002,36,28.9,28.95,28.55,2554984855,2204
2011-04-17,10000002,37,87.2,88.61,83.43,492281316,1819
2011-04-17,10000002,38,558.96,561.75,542.4,129766363,1923
2011-04-17,10000002,39,968.64,968.89,953.01,32987214,1479
2011-04-17,10000002,40,2588.86,2589.83,2526.39,14363544,1491
2011-04-17,10000002,11399,4099.98,4103.9,4025.04,2128874,441
2011-04-18,10000002,34,3.34,3.36,3.33,32336768846,3145
2011-04-18,10000002,35,4.96,4.97,4.93,6272318943,2273
2011-04-18,10000002,36,28.66,28.75,28,1559767914,2046
2011-04-18,10000002,37,86.12,86.22,84,291344566,1550
2011-04-18,10000002,38,533,543.97,506,175821153,1715
2011-04-18,10000002,39,941.07,958.88,941,41231492,1292
2011-04-18,10000002,40,2526.43,2600.05,2481.89,17541021,1317
2011-04-18,10000002,11399,3900,4088.84,3796,2202245,399
2011-04-19,10000002,34,3.34,3.4,3.31,27803571097,2781
2011-04-19,10000002,35,4.8,4.91,4.75,5104520142,1972
2011-04-19,10000002,36,28.43,29.03,28.36,1193998029,1765
2011-04-19,10000002,37,84.94,85.75,84.37,274691694,1438
2011-04-19,10000002,38,539.98,543,520.54,76228091,1479
2011-04-19,10000002,39,952.99,953.85,941.04,30523654,1172
2011-04-19,10000002,40,2506.12,2586.98,2500,15791216,1244
2011-04-19,10000002,11399,3900,4024.93,3796.63,1429329,336
2011-04-20,10000002,34,3.29,3.31,3.27,23809981438,2733
2011-04-20,10000002,35,4.74,4.81,4.63,5427796794,1917
2011-04-20,10000002,36,28.28,28.8,28.14,1176434300,1732
2011-04-20,10000002,37,84.38,84.85,82.96,394158457,1415
2011-04-20,10000002,38,531,537.89,520.5,96544827,1503
2011-04-20,10000002,39,942,946.46,941.05,29768570,1146
2011-04-20,10000002,40,2501.62,2545.45,2435.7,13224247,1154
2011-04-20,10000002,11399,3813.21,4021.86,3812.63,2084879,376
2011-04-21,10000002,34,3.34,3.39,3.33,23156896944,2806
2011-04-21,10000002,35,4.93,4.95,4.92,4729034800,1920
2011-04-21,10000002,36,28.61,28.98,28.48,1524299304,1731
2011-04-21,10000002,37,87.68,88.25,85.28,273398434,1356
2011-04-21,10000002,38,535.92,537.77,520.35,94878721,1456
2011-04-21,10000002,39,942,946.39,922.66,47543164,1212
2011-04-21,10000002,40,2515.38,2518,2504.01,15474280,1180
2011-04-21,10000002,11399,3900,3998.94,3795.16,2115239,395
2011-04-22,10000002,34,3.34,3.37,3.29,37257017813,2959
2011-04-22,10000002,35,4.78,4.85,4.73,5521009690,1963
2011-04-22,10000002,36,28.54,28.64,28.23,1586943555,1813
2011-04-22,10000002,37,85.36,86.48,83.99,378292106,1439
2011-04-22,10000002,38,532.99,536.22,529.12,71105925,1455
2011-04-22,10000002,39,925,942.35,917.04,31542586,1218
2011-04-22,10000002,40,2503.29,2579.91,2486.35,11507072,1182
2011-04-22,10000002,11399,3899.85,3919.83,3844,2711165,402
2011-04-23,10000002,34,3.3,3.33,3.27,33488826637,3009
2011-04-23,10000002,35,4.85,4.88,4.81,4828824629,2108
2011-04-23,10000002,36,28.7,29,28.5,2141091318,1948
2011-04-23,10000002,37,83,83.91,81.64,426115268,1531
2011-04-23,10000002,38,528.96,529.99,524.06,178319618,1596
2011-04-23,10000002,39,930.95,943.8,920.03,45393271,1335
2011-04-23,10000002,40,2528.99,2548.92,2500,15813525,1297
2011-04-23,10000002,11399,3911.99,3918,3851,1590571,409
2011-04-24,10000002,34,3.33,3.34,3.32,27664276765,3206
2011-04-24,10000002,35,4.85,4.87,4.83,6634305026,2325
2011-04-24,10000002,36,28.72,28.87,28.22,1762027024,2021
2011-04-24,10000002,37,81.89,82.78,81.3,453399613,1508
2011-04-24,10000002,38,518,526.93,517.24,129999011,1646
2011-04-24,10000002,39,915,928.79,907.14,32363301,1274
2011-04-24,10000002,40,2422.53,2485.03,2416.71,16829910,1273
2011-04-24,10000002,11399,3850,3850,3850,2144783,415
2011-04-25,10000002,34,3.33,3.35,3.29,26038197695,3457
2011-04-25,10000002,35,4.81,4.82,4.77,5407801197,2432
2011-04-25,10000002,36,28.35,28.45,28.25,1645911538,2191
2011-04-25,10000002,37,81.23,81.67,81.04,311742839,1674
2011-04-25,10000002,38,513.92,514.69,505.23,104820296,1774
2011-04-25,10000002,39,910.49,926.96,910.28,33223356,1418
2011-04-25,10000002,40,2418.14,2481.62,2415.97,16931113,1376
2011-04-25,10000002,11399,3860,3924.99,3820.03,2420733,447
2011-04-26,10000002,34,3.33,3.35,3.28,39870640833,3067
2011-04-26,10000002,35,4.83,4.88,4.77,7333331607,2157
2011-04-26,10000002,36,28.52,28.55,28.23,2126721269,1963
2011-04-26,10000002,37,81.5,81.68,81.09,451128241,1564
2011-04-26,10000002,38,525,529.99,509.04,112229210,1662
2011-04-26,10000002,39,914.98,919.87,907.41,31051875,1313
2011-04-26,10000002,40,2429.99,2477.8,2373.24,16808380,1224
2011-04-26,10000002,11399,3939.5,3939.98,3801.99,1751706,396
2011-04-27,10000002,34,3.33,3.35,3.3,27599843962,2670
2011-04-27,10000002,35,4.92,4.95,4.89,6017340615,1997
2011-04-27,10000002,36,28.53,29.05,28.27,2050519873,1841
2011-04-27,10000002,37,81.93,83.9,81.43,542090238,1461
2011-04-27,10000002,38,515.22,525,509.5,132407254,1531
2011-04-27,10000002,39,887,899.99,866.01,46822821,1224
2011-04-27,10000002,40,2373.24,2378,2352.99,20986507,1147
2011-04-27,10000002,11399,3801.2,3884.85,3801,2957930,362
2011-04-28,10000002,34,3.32,3.33,3.29,26100929241,2797
2011-04-28,10000002,35,4.89,4.93,4.87,4845537074,1989
2011-04-28,10000002,36,28.89,28.99,28.28,1702488590,1786
2011-04-28,10000002,37,80.86,81.11,80.29,314622571,1351
2011-04-28,10000002,38,519.9,522.91,510.1,79835390,1513
2011-04-28,10000002,39,887,896,875.35,64058445,1261
2011-04-28,10000002,40,2351.31,2398.34,2306,16163767,1130
2011-04-28,10000002,11399,3725.04,3873.98,3725.01,2534272,353
2011-04-29,10000002,34,3.27,3.29,3.26,26271086077,2898
2011-04-29,10000002,35,4.78,4.79,4.76,6605964727,2056
2011-04-29,10000002,36,28.65,28.7,28.31,1340752915,1826
2011-04-29,10000002,37,78.24,79.37,77.79,381499150,1401
2011-04-29,10000002,38,517.98,518.32,513,67420439,1480
2011-04-29,10000002,39,889.72,895.71,885.08,35448079,1191
2011-04-29,10000002,40,2354,2398,2349.62,8742222,1120
2011-04-29,10000002,11399,3725,3725.01,3725,2711383,358
2011-04-30,10000002,34,3.27,3.28,3.26,39186572401,3128
2011-04-30,10000002,35,4.72,4.77,4.65,8914896249,2240
2011-04-30,10000002,36,28.41,28.5,28.33,2091292625,2066
2011-04-30,10000002,37,78.37,78.63,76.11,526555925,1569
2011-04-30,10000002,38,511.45,514.93,511.25,148850586,1686
2011-04-30,10000002,39,884.03,891.83,875.38,45643858,1394
2011-04-30,10000002,40,2435,2438.99,2380,11623544,1241
2011-04-30,10000002,11399,3779.88,3786.89,3779.86,1987005,411
2011-05-01,10000002,34,3.3,3.33,3.27,33700030105,3279
2011-05-01,10000002,35,4.71,4.74,4.68,6051391165,2268
2011-05-01,10000002,36,29.25,29.33,28.5,2103556122,2204
2011-05-01,10000002,37,77.69,77.89,76.61,471107488,1669
2011-05-01,10000002,38,514.88,516.25,509.11,107619251,1816
2011-05-01,10000002,39,860,886.27,841.75,56456287,1395
2011-05-01,10000002,40,2444.38,2478.99,2384.73,14629275,1409
2011-05-01,10000002,11399,3788.99,3873.91,3726,3379371,499
2011-05-02,10000002,34,3.35,3.38,3.28,36202054578,3192
2011-05-02,10000002,35,4.6,4.63,4.51,4130678632,2215
2011-05-02,10000002,36,28.69,29.09,28.55,2033509130,2013
2011-05-02,10000002,37,76.56,76.79,75.1,302033286,1546
2011-05-02,10000002,38,510,525,505.51,71830125,1676
2011-05-02,10000002,39,880,884.55,865,42198342,1345
2011-05-02,10000002,40,2425,2483.99,2402,13674101,1303
2011-05-02,10000002,11399,3900,3938.93,3825,1504013,459
2011-05-03,10000002,34,3.33,3.34,3.31,24067278537,2747
2011-05-03,10000002,35,4.61,4.68,4.58,5986886454,1970
2011-05-03,10000002,36,28.79,28.9,28.1,1261899612,1708
2011-05-03,10000002,37,76.57,76.71,74.28,257753469,1350
2011-05-03,10000002,38,503.01,518.9,501.58,75075236,1421
2011-05-03,10000002,39,883.98,884.12,867.34,37279814,1124
2011-05-03,10000002,40,2401.15,2439.25,2300,13526806,1138
2011-05-03,10000002,11399,3775,3862.98,3770.01,1346057,335
2011-05-04,10000002,34,3.31,3.34,3.29,26422557938,2656
2011-05-04,10000002,35,4.72,4.74,4.7,6591212474,1938
2011-05-04,10000002,36,28.25,28.61,28.14,2029215071,1730
2011-05-04,10000002,37,76.04,76.53,75.25,341091601,1325
2011-05-04,10000002,38,511.21,517.86,507,90901160,1411
2011-05-04,10000002,39,891.01,900,886.2,41189999,1156
2011-05-04,10000002,40,2371.23,2428.28,2300.54,12084289,1055
2011-05-04,10000002,11399,3862.98,3865,3849.99,1372806,355
2011-05-05,10000002,34,3.28,3.35,3.27,27232949201,2897
2011-05-05,10000002,35,4.74,4.8,4.72,4403483923,2064
2011-05-05,10000002,36,27.83,28.18,27.67,1444822755,1842
2011-05-05,10000002,37,75.8,75.94,75.44,362162283,1460
2011-05-05,10000002,38,507.85,509.39,503.3,107638265,1550
2011-05-05,10000002,39,893.01,910.7,892.47,26299626,1161
2011-05-05,10000002,40,2378.43,2399.32,2311.02,11515550,1185
2011-05-05,10000002,11399,3715.07,3849.92,3700,3397162,376
2011-05-06,10000002,34,3.3,3.31,3.28,24513168192,2641
2011-05-06,10000002,35,4.65,4.69,4.57,5618754394,1852
2011-05-06,10000002,36,28.2,28.25,28.04,1679458948,1684
2011-05-06,10000002,37,76.02,76.1,74.9,415019019,1297
2011-05-06,10000002,38,506.45,506.77,500.04,95477488,1410
2011-05-06,10000002,39,900,913.99,892,33412627,1151
2011-05-06,10000002,40,2427.52,2429,2328.17,10380332,1163
2011-05-06,10000002,11399,3845,3848.88,3695.04,1192907,347
2011-05-07,10000002,34,3.3,3.31,3.29,26061883465,2973
2011-05-07,10000002,35,4.63,4.64,4.61,5310677534,2094
2011-05-07,10000002,36,28.61,28.65,28.59,1593457969,1925
2011-05-07,10000002,37,75.95,75.99,74.45,360740098,1470
2011-05-07,10000002,38,506.32,506.36,498.21,133756540,1570
2011-05-07,10000002,39,891.01,906.88,878,48936227,1273
2011-05-07,10000002,40,2440.04,2547.74,2315.01,24804492,1294
2011-05-07,10000002,11399,3665,3704.04,3651.1,4086007,476
2011-05-08,10000002,34,3.31,3.33,3.27,23044382007,3013
2011-05-08,10000002,35,4.65,4.76,4.59,4904202430,2168
2011-05-08,10000002,36,28.69,28.75,28.22,1367816584,1965
2011-05-08,10000002,37,75.34,75.38,72.64,297805379,1538
2011-05-08,10000002,38,491.94,499.96,486.25,82173179,1537
2011-05-08,10000002,39,878.03,911.71,876.82,37187429,1320
2011-05-08,10000002,40,2335.01,2475.02,2302.3,12908157,1197
2011-05-08,10000002,11399,3680,3729.97,3610.02,3499886,436
2011-05-09,10000002,34,3.31,3.33,3.27,31024904103,2759
2011-05-09,10000002,35,4.67,4.69,4.64,6493445760,1919
2011-05-09,10000002,36,28.39,28.89,28.34,1873059395,1750
2011-05-09,10000002,37,75.24,75.35,72.93,288245434,1358
2011-05-09,10000002,38,491.99,492.45,487.67,90716546,1410
2011-05-09,10000002,39,889.98,901.95,871.26,28734870,1126
2011-05-09,10000002,40,2429.92,2449.82,2339.3,14637597,1137
2011-05-09,10000002,11399,3670,3710,3640,1931846,377
2011-05-10,10000002,34,3.29,3.33,3.26,23279043302,2648
2011-05-10,10000002,35,4.66,4.72,4.58,3715027014,1836
2011-05-10,10000002,36,28.54,28.87,28.1,1500475304,1780
2011-05-10,10000002,37,75.2,75.22,75.15,361298842,1369
2011-05-10,10000002,38,498.09,503.88,489.06,59785267,1400
2011-05-10,10000002,39,869.72,889,869.03,38746164,1148
2011-05-10,10000002,40,2335.01,2371,2250.01,13092853,1093
2011-05-10,10000002,11399,3748.97,3748.99,3625,1535265,357
2011-05-11,10000002,34,3.28,3.31,3.25,27975887089,2584
2011-05-11,10000002,35,4.68,4.68,4.66,4190653517,1861
2011-05-11,10000002,36,28.11,28.18,27.98,1521854787,1648
2011-05-11,10000002,37,75.78,75.88,75.34,268864011,1316
2011-05-11,10000002,38,502.99,504.91,497.73,102640229,1411
2011-05-11,10000002,39,896,897.96,875,45334064,1133
2011-05-11,10000002,40,2260.02,2332.01,2230.38,14480065,1065
2011-05-11,10000002,11399,3695,3723.99,3650.01,1605601,341
2011-05-12,10000002,34,3.3,3.3,3.28,21908540074,2517
2011-05-12,10000002,35,4.64,4.66,4.61,5546621968,1805
2011-05-12,10000002,36,28.12,28.28,27.94,1457872626,1597
2011-05-12,10000002,37,75.4,75.89,75.31,337104471,1312
2011-05-12,10000002,38,501.32,515.99,500.29,75785727,1461
2011-05-12,10000002,39,875.15,888.99,871.17,27456628,1122
2011-05-12,10000002,40,2330.58,2368.98,2262.1,12045679,1085
2011-05-12,10000002,11399,3725.97,3728.96,3725.93,1076935,322
2011-05-13,10000002,34,3.28,3.29,3.26,25969534591,2719
2011-05-13,10000002,35,4.58,4.62,4.56,6740498494,1990
2011-05-13,10000002,36,28.01,28.05,27.72,1846544752,1749
2011-05-13,10000002,37,75,75.38,73.18,327531888,1437
2011-05-13,10000002,38,503.96,506.5,497.22,84119373,1404
2011-05-13,10000002,39,886,886.6,874.25,39325381,1196
2011-05-13,10000002,40,2303.01,2348.95,2294.37,14306407,1145
2011-05-13,10000002,11399,3700,3725.91,3650.05,1494350,358
2011-05-14,10000002,34,3.27,3.29,3.25,29035018248,3061
2011-05-14,10000002,35,4.61,4.74,4.52,7730649005,2238
2011-05-14,10000002,36,27.48,27.65,27.43,1982629669,1934
2011-05-14,10000002,37,73.35,73.75,73.19,457743351,1568
2011-05-14,10000002,38,495,500,490.17,116444916,1621
2011-05-14,10000002,39,879.12,884.83,874.05,48260493,1373
2011-05-14,10000002,40,2290.01,2340.99,2271.29,17752356,1301
2011-05-14,10000002,11399,3690,3720,3630,1890433,415
2011-05-15,10000002,34,3.3,3.34,3.27,35129036876,3473
2011-05-15,10000002,35,4.67,4.79,4.6,6528154888,2416
2011-05-15,10000002,36,28.25,28.88,27.69,2070906842,2168
2011-05-15,10000002,37,72.8,73.67,70.36,393841997,1756
2011-05-15,10000002,38,501,528.01,500.22,121391967,1831
2011-05-15,10000002,39,870.2,880.97,870.05,74248840,1556
2011-05-15,10000002,40,2273,2341,2268.02,20859230,1508
2011-05-15,10000002,11399,3615.04,3675,3580,2912445,491
2011-05-16,10000002,34,3.28,3.29,3.26,26337982271,2790
2011-05-16,10000002,35,4.55,4.56,4.54,5428042125,1903
2011-05-16,10000002,36,28.05,28.07,27.69,1620219318,1758
2011-05-16,10000002,37,72.59,72.62,70.85,392098623,1384
2011-05-16,10000002,38,500.73,504.99,499.98,129938763,1463
2011-05-16,10000002,39,872,890.95,870.04,35714767,1206
2011-05-16,10000002,40,2280,2336.85,2240.15,14883418,1151
2011-05-16,10000002,11399,3740,3765,3550.51,1903738,413
2011-05-17,10000002,34,3.29,3.31,3.26,44374952187,2732
2011-05-17,10000002,35,4.64,4.7,4.6,6663783955,1956
2011-05-17,10000002,36,27.64,27.69,27.6,2410738872,1702
2011-05-17,10000002,37,71.75,72.55,70.52,382765583,1321
2011-05-17,10000002,38,518.81,520.93,505.32,121629201,1534
2011-05-17,10000002,39,879.6,887.79,851.01,36379997,1145
2011-05-17,10000002,40,2363.9,2375.96,2272.01,11458322,1119
2011-05-17,10000002,11399,3730.06,3798.03,3665,1558262,361
2011-05-18,10000002,34,3.29,3.33,3.27,19754488591,2703
2011-05-18,10000002,35,4.58,4.65,4.52,5029042893,1849
2011-05-18,10000002,36,27.62,28.06,27.48,1236155103,1657
2011-05-18,10000002,37,69.69,71.71,50,453587092,1283
2011-05-18,10000002,38,506.02,514.46,497.02,78121936,1334
2011-05-18,10000002,39,863.8,878.87,860.18,33031957,1144
2011-05-18,10000002,40,2281.01,2343.9,2276.8,11674385,1022
2011-05-18,10000002,11399,3716.02,3754.37,3700,1377796,339
2011-05-19,10000002,34,3.3,3.34,3.25,18601707040,1957
2011-05-19,10000002,35,4.59,4.62,4.56,2907161922,1352
2011-05-19,10000002,36,27.72,27.74,27.69,1113271713,1189
2011-05-19,10000002,37,69.94,70,68.09,233397206,891
2011-05-19,10000002,38,500,506.84,490.1,77888102,1019
2011-05-19,10000002,39,864.93,870.99,862.33,32532562,832
2011-05-19,10000002,40,2277.1,2299.9,2276.62,10769851,805
2011-05-19,10000002,11399,3645,3661,3615,1926817,266
2011-05-20,10000002,34,3.27,3.31,3.24,22916133310,2944
2011-05-20,10000002,35,4.52,4.53,4.5,5096241171,2060
2011-05-20,10000002,36,27.32,27.46,27.02,1127617656,1887
2011-05-20,10000002,37,69.99,70.05,69.12,191639395,1423
2011-05-20,10000002,38,497.95,499.99,487.5,92790902,1578
2011-05-20,10000002,39,840,861.46,826.97,34302837,1236
2011-05-20,10000002,40,2295.43,2299.87,2278.16,16320666,1194
2011-05-20,10000002,11399,3668.18,3668.23,3639.99,1013974,368
2011-05-21,10000002,34,3.3,3.31,3.28,25196543603,3214
2011-05-21,10000002,35,4.62,4.68,4.57,5005604646,2197
2011-05-21,10000002,36,27.39,27.42,27.14,1692493747,1949
2011-05-21,10000002,37,70,70.04,69.28,415519657,1605
2011-05-21,10000002,38,489.47,491.53,477,105865514,1596
2011-05-21,10000002,39,854.96,862.93,831.57,31482754,1281
2011-05-21,10000002,40,2275.09,2304.98,2226,14658753,1272
2011-05-21,10000002,11399,3550,3555.41,3550,2115017,392
2011-05-22,10000002,34,3.26,3.28,3.24,27362659332,3607
2011-05-22,10000002,35,4.62,4.64,4.59,6006517574,2560
2011-05-22,10000002,36,27.1,27.29,26.45,1537924837,2167
2011-05-22,10000002,37,68.89,68.91,68.69,462417394,1771
2011-05-22,10000002,38,483.97,491.82,482.11,100464632,1859
2011-05-22,10000002,39,846.01,859.97,842.74,42207319,1472
2011-05-22,10000002,40,2313.94,2323.86,2265.03,15008580,1433
2011-05-22,10000002,11399,3619.99,3627.71,3550,2483991,432
2011-05-23,10000002,34,3.27,3.29,3.25,31810927582,3269
2011-05-23,10000002,35,4.6,4.62,4.58,4746604221,2255
2011-05-23,10000002,36,27.03,27.1,26.63,1476061016,1982
2011-05-23,10000002,37,68.44,68.78,67.77,213999050,1583
2011-05-23,10000002,38,490.25,503.89,484.08,68017867,1621
2011-05-23,10000002,39,859.78,877.7,845.7,37690303,1351
2011-05-23,10000002,40,2323.2,2343.28,2287.14,14085983,1263
2011-05-23,10000002,11399,3565.14,3629.99,3550,2390321,429
2011-05-24,10000002,34,3.26,3.3,3.24,29596629061,2958
2011-05-24,10000002,35,4.54,4.59,4.52,4842116700,2081
2011-05-24,10000002,36,26.99,27.04,26.8,1414293075,1908
2011-05-24,10000002,37,68.38,68.96,68.16,363341923,1488
2011-05-24,10000002,38,490.27,499.87,489.26,83907881,1504
2011-05-24,10000002,39,848.01,869.99,846.34,30469277,1223
2011-05-24,10000002,40,2364.5,2379,2290.48,15161202,1218
2011-05-24,10000002,11399,3614.22,3633.7,3478.2,1662041,394
2011-05-25,10000002,34,3.26,3.27,3.24,31050657961,2935
2011-05-25,10000002,35,4.54,4.55,4.53,4197001490,2006
2011-05-25,10000002,36,26.97,27.09,26.8,1322072825,1776
2011-05-25,10000002,37,70,70.2,69.25,247709935,1429
2011-05-25,10000002,38,488,490,480.48,86406336,1475
2011-05-25,10000002,39,865.02,872.91,848.08,31201891,1244
2011-05-25,10000002,40,2350,2390,2320.04,11881556,1166
2011-05-25,10000002,11399,3608.95,3610,3535,1584587,358
2011-05-26,10000002,34,3.26,3.29,3.25,27034265076,2963
2011-05-26,10000002,35,4.54,4.55,4.52,5011255268,2045
2011-05-26,10000002,36,26.93,27.05,26.82,1286406836,1816
2011-05-26,10000002,37,69.99,70.18,69.36,272244271,1403
2011-05-26,10000002,38,488.85,488.9,486,89486346,1532
2011-05-26,10000002,39,872.03,872.3,866.21,22572259,1269
2011-05-26,10000002,40,2500.28,2525.33,2426.21,10781725,1234
2011-05-26,10000002,11399,3614.98,3615,3614.95,1024121,347
2011-05-27,10000002,34,3.3,3.36,3.28,27007340656,2999
2011-05-27,10000002,35,4.59,4.61,4.54,5270607187,2039
2011-05-27,10000002,36,27.12,27.2,26.96,1673386490,1879
2011-05-27,10000002,37,70.08,70.14,69.44,326605834,1458
2011-05-27,10000002,38,491,498.91,488.98,88661543,1563
2011-05-27,10000002,39,871.1,887.19,870.15,31590685,1277
2011-05-27,10000002,40,2444.21,2500,2433.71,11539694,1190
2011-05-27,10000002,11399,3589.97,3609.92,3552.01,1549120,360
2011-05-28,10000002,34,3.34,3.38,3.3,32437270670,3605
2011-05-28,10000002,35,4.56,4.6,4.51,5793683105,2392
2011-05-28,10000002,36,27.11,27.3,26.9,2339495097,2171
2011-05-28,10000002,37,69.49,70.21,69.41,446073951,1688
2011-05-28,10000002,38,490.84,496.88,482.01,134498829,1856
2011-05-28,10000002,39,898.21,899.94,872.54,60927560,1598
2011-05-28,10000002,40,2472.66,2527,2451.04,15230276,1452
2011-05-28,10000002,11399,3555,3610,3520,3440717,485
2011-05-29,10000002,34,3.35,3.38,3.33,29469112278,3948
2011-05-29,10000002,35,4.5,4.55,4.45,5171685929,2772
2011-05-29,10000002,36,26.85,27.21,26.72,1599652240,2375
2011-05-29,10000002,37,67.02,69.43,66.48,313948342,1945
2011-05-29,10000002,38,487.01,496.48,481.6,88615209,1998
2011-05-29,10000002,39,904,907.58,880.15,41035207,1698
2011-05-29,10000002,40,2514.75,2549.63,2437.29,12853575,1644
2011-05-29,10000002,11399,3579.9,3589.97,3505.01,2408780,474
2011-05-30,10000002,34,3.3,3.31,3.29,32720255090,3373
2011-05-30,10000002,35,4.48,4.5,4.47,5786257263,2282
2011-05-30,10000002,36,26.47,26.51,26.37,1689055643,2094
2011-05-30,10000002,37,67.69,67.85,67.19,355132375,1646
2011-05-30,10000002,38,482.12,485,482.04,100236789,1721
2011-05-30,10000002,39,889.97,890.02,880,54368972,1367
2011-05-30,10000002,40,2442.19,2479,2441.09,12412668,1370
2011-05-30,10000002,11399,3619,3629.97,3530.01,2363230,437
2011-05-31,10000002,34,3.28,3.31,3.25,13152597777,1727
2011-05-31,10000002,35,4.49,4.5,4.46,2601415327,1211
2011-05-31,10000002,36,27,27.19,26.64,682380795,1090
2011-05-31,10000002,37,67.49,67.6,67.13,145341310,840
2011-05-31,10000002,38,482.06,486,481.58,43796847,918
2011-05-31,10000002,39,875,875,875,29398243,768
2011-05-31,10000002,40,2439.19,2469.99,2420.34,8149392,762
2011-05-31,10000002,11399,3560,3595,3525,1083860,208
2011-06-01,10000002,34,3.29,3.3,3.27,21537552147,3029
2011-06-01,10000002,35,4.48,4.49,4.43,3639093949,2070
2011-06-01,10000002,36,27,27.04,26.66,1422174870,1874
2011-06-01,10000002,37,66.63,67.09,65.88,344280813,1556
2011-06-01,10000002,38,478,482,475.08,76887387,1582
2011-06-01,10000002,39,875.26,884,874.05,39143194,1264
2011-06-01,10000002,40,2422,2469.94,2375.87,10181723,1283
2011-06-01,10000002,11399,3603.25,3630,3570,3005730,412
2011-06-02,10000002,34,3.31,3.36,3.27,43521682831,3177
2011-06-02,10000002,35,4.51,4.51,4.51,6310685636,2238
2011-06-02,10000002,36,27.28,28,26.76,1872261379,2063
2011-06-02,10000002,37,65.87,65.87,65.86,428027997,1544
2011-06-02,10000002,38,481.96,490,473.44,130922595,1763
2011-06-02,10000002,39,880,884.86,865.2,38035216,1362
2011-06-02,10000002,40,2475.95,2546.99,2376.13,13748795,1348
2011-06-02,10000002,11399,3610.01,3654.96,3575.01,1719230,383
2011-06-03,10000002,34,3.34,3.37,3.32,27464913504,2896
2011-06-03,10000002,35,4.62,4.65,4.57,4087572207,2151
2011-06-03,10000002,36,27.39,27.56,27.31,2101251774,1987
2011-06-03,10000002,37,66.36,66.81,65.8,395950603,1471
2011-06-03,10000002,38,485.98,494.85,474.04,82030754,1636
2011-06-03,10000002,39,887,887.87,866.86,32185373,1241
2011-06-03,10000002,40,2474.03,2524.82,2411.05,11528967,1194
2011-06-03,10000002,11399,3644.99,3685,3625.02,2525066,434
2011-06-04,10000002,34,3.29,3.31,3.24,39156406342,3289
2011-06-04,10000002,35,4.54,4.57,4.52,5116466624,2275
2011-06-04,10000002,36,26.91,27.02,26.76,1613748967,2054
2011-06-04,10000002,37,65.99,66.18,65.97,377754129,1549
2011-06-04,10000002,38,481,484.93,478.05,89761701,1731
2011-06-04,10000002,39,868.5,887.33,867.41,32288140,1287
2011-06-04,10000002,40,2474,2495.9,2422.63,11482098,1313
2011-06-04,10000002,11399,3615.66,3690,3585,1595501,412
2011-06-05,10000002,34,3.27,3.29,3.25,26249660279,3536
2011-06-05,10000002,35,4.48,4.49,4.47,4729412435,2436
2011-06-05,10000002,36,26.39,26.75,26.36,1708697092,2193
2011-06-05,10000002,37,65.68,65.91,64.24,392319536,1777
2011-06-05,10000002,38,471.16,477.72,471.11,123262279,1887
2011-06-05,10000002,39,879.14,885.99,868.12,38045837,1478
2011-06-05,10000002,40,2420.14,2441.94,2395,12977572,1495
2011-06-05,10000002,11399,3650,3690.01,3611.01,2454576,489
2011-06-06,10000002,34,3.29,3.3,3.26,29074119891,3010
2011-06-06,10000002,35,4.45,4.47,4.41,6288684771,2151
2011-06-06,10000002,36,26.28,26.51,25.73,1349519169,1888
2011-06-06,10000002,37,65.92,65.94,65.89,391206168,1566
2011-06-06,10000002,38,457.09,457.93,440.63,134610798,1699
2011-06-06,10000002,39,873.22,876.98,867.03,41396056,1293
2011-06-06,10000002,40,2400.02,2454.5,2395.07,15987555,1299
2011-06-06,10000002,11399,3794.96,3848.7,3569.06,4985085,442
2011-06-07,10000002,34,3.25,3.27,3.24,21793946899,2595
2011-06-07,10000002,35,4.36,4.44,4.34,6755932434,1914
2011-06-07,10000002,36,26.2,26.22,26.1,1111446455,1699
2011-06-07,10000002,37,65.79,65.93,65.38,326779751,1397
2011-06-07,10000002,38,457.89,465.93,441.16,121981511,1539
2011-06-07,10000002,39,866.2,866.35,866,36469753,1194
2011-06-07,10000002,40,2390.56,2474.49,2378.01,13593078,1225
2011-06-07,10000002,11399,3715,3824.97,3665.17,1839104,407
2011-06-08,10000002,34,3.26,3.28,3.23,26762914273,2975
2011-06-08,10000002,35,4.43,4.45,4.42,3583533850,2156
2011-06-08,10000002,36,26.21,26.34,26.04,1374288623,1929
2011-06-08,10000002,37,65.37,65.58,64.03,363303863,1604
2011-06-08,10000002,38,459,465.8,447.96,71860084,1725
2011-06-08,10000002,39,860,870,852,33236724,1368
2011-06-08,10000002,40,2474.47,2497,2391.01,13306823,1413
2011-06-08,10000002,11399,3796.99,3809,3645,1229270,395
2011-06-09,10000002,34,3.27,3.29,3.24,31988579453,2826
2011-06-09,10000002,35,4.45,4.46,4.42,5288147222,2012
2011-06-09,10000002,36,26.33,27.4,25.99,2690151376,1893
2011-06-09,10000002,37,65.15,65.67,64.02,366838346,1363
2011-06-09,10000002,38,458.99,464.93,449.07,124446253,1471
2011-06-09,10000002,39,870,875,853.06,26988340,1198
2011-06-09,10000002,40,2518.97,2543.1,2468.12,12142121,1155
2011-06-09,10000002,11399,3650.01,3704.99,3641.23,1724692,333
2011-06-10,10000002,34,3.26,3.28,3.25,23044606999,2804
2011-06-10,10000002,35,4.5,4.51,4.49,3949289390,1963
2011-06-10,10000002,36,26.5,26.89,26.39,1035226540,1737
2011-06-10,10000002,37,64.65,64.7,64.1,253287076,1396
2011-06-10,10000002,38,462.14,467.98,462.03,102625008,1474
2011-06-10,10000002,39,866.01,877.97,865.2,28005656,1211
2011-06-10,10000002,40,2525,2543,2501.01,10513595,1196
2011-06-10,10000002,11399,3702.99,3704.91,3642.16,2019670,392
2011-06-11,10000002,34,3.24,3.25,3.22,40784473471,3304
2011-06-11,10000002,35,4.45,4.48,4.42,6538982014,2369
2011-06-11,10000002,36,26.4,26.57,25.69,3407336203,2100
2011-06-11,10000002,37,64.04,64.09,63.83,474084934,1651
2011-06-11,10000002,38,454.98,456.2,436.2,173606820,1705
2011-06-11,10000002,39,840.15,864.98,836.11,42970113,1414
2011-06-11,10000002,40,2460.22,2546.95,2459.06,20497319,1367
2011-06-11,10000002,11399,3733.94,3740,3655,1818812,430
2011-06-12,10000002,34,3.24,3.26,3.21,33476450984,3626
2011-06-12,10000002,35,4.22,4.29,4.2,6287340896,2589
2011-06-12,10000002,36,26.03,26.15,25.75,1590609394,2330
2011-06-12,10000002,37,61.95,63.48,61.42,332797858,1829
2011-06-12,10000002,38,441.1,451.55,434.94,118731648,1998
2011-06-12,10000002,39,838.14,855,836.03,44865174,1607
2011-06-12,10000002,40,2458.81,2500,2410.97,14980735,1530
2011-06-12,10000002,11399,3680,3710,3652.01,3134557,501
2011-06-13,10000002,34,3.26,3.27,3.23,33935814323,3483
2011-06-13,10000002,35,4.23,4.3,4.21,6984412103,2438
2011-06-13,10000002,36,26.06,26.13,25.78,2447843274,2235
2011-06-13,10000002,37,61.94,61.96,61.5,521693402,1836
2011-06-13,10000002,38,443.32,443.47,425.9,166055615,1908
2011-06-13,10000002,39,849.85,850.19,831.6,43941238,1553
2011-06-13,10000002,40,2514.98,2529,2431.12,21407337,1534
2011-06-13,10000002,11399,3709.97,3739.95,3660,2925349,472
2011-06-14,10000002,34,3.28,3.29,3.27,25874711818,1852
2011-06-14,10000002,35,4.35,4.37,4.32,2710033934,1293
2011-06-14,10000002,36,26.11,26.13,26,1061035838,1209
2011-06-14,10000002,37,63.65,63.72,63.01,164768295,939
2011-06-14,10000002,38,431.9,433,425,36264529,931
2011-06-14,10000002,39,838.04,848.99,836.02,29395902,829
2011-06-14,10000002,40,2539.99,2541.98,2460.04,5958422,778
2011-06-14,10000002,11399,3625,3674.95,3615.12,972006,260
2011-06-15,10000002,34,3.28,3.3,3.23,32989914899,2693
2011-06-15,10000002,35,4.3,4.34,4.27,5407545663,1881
2011-06-15,10000002,36,26.11,26.32,25.95,1441269189,1664
2011-06-15,10000002,37,62.95,63.29,62.77,419005146,1375
2011-06-15,10000002,38,428,434.93,423.72,150592044,1439
2011-06-15,10000002,39,840,847.53,839.98,29805674,1186
2011-06-15,10000002,40,2543.99,2544.36,2443.02,12160283,1152
2011-06-15,10000002,11399,3610.01,3615.07,3610.01,2395824,369
2011-06-16,10000002,34,3.28,3.29,3.26,23529293391,3080
2011-06-16,10000002,35,4.35,4.35,4.34,5713893184,2287
2011-06-16,10000002,36,26.38,26.43,26.31,1615329288,2049
2011-06-16,10000002,37,63.14,63.17,62.88,250261395,1558
2011-06-16,10000002,38,416,416,415.99,104363068,1567
2011-06-16,10000002,39,832,840,832,36028492,1306
2011-06-16,10000002,40,2485.5,2544.27,2451.27,10881869,1213
2011-06-16,10000002,11399,3674.93,3680,3653.98,1456055,401
2011-06-17,10000002,34,3.29,3.3,3.24,38849967014,3091
2011-06-17,10000002,35,4.3,4.32,4.28,5244921017,2230
2011-06-17,10000002,36,26.27,26.44,25.8,1436866886,2025
2011-06-17,10000002,37,62.85,62.98,62.24,299496963,1580
2011-06-17,10000002,38,415,415.53,409.92,109992150,1668
2011-06-17,10000002,39,830.12,840.98,827.8,58451028,1359
2011-06-17,10000002,40,2487.95,2499,2451.77,10121353,1319
2011-06-17,10000002,11399,3595,3626.01,3561,4137715,434
2011-06-18,10000002,34,3.29,3.3,3.26,25804363610,3210
2011-06-18,10000002,35,4.27,4.28,4.22,7140806903,2274
2011-06-18,10000002,36,26.17,26.26,26.06,1759814822,2146
2011-06-18,10000002,37,62.2,62.62,58.99,537742823,1744
2011-06-18,10000002,38,414,415.14,410,111209004,1733
2011-06-18,10000002,39,836,845,817.01,46714376,1454
2011-06-18,10000002,40,2461.02,2479.89,2403.09,16592458,1372
2011-06-18,10000002,11399,3522.17,3577.67,3512,2560904,392
2011-06-19,10000002,34,3.28,3.31,3.25,29768608364,3750
2011-06-19,10000002,35,4.25,4.27,4.22,5427882811,2651
2011-06-19,10000002,36,26.5,27.14,26.32,1474068791,2405
2011-06-19,10000002,37,61.25,61.61,60.03,502743727,1883
2011-06-19,10000002,38,408,415.13,406.55,135552189,2014
2011-06-19,10000002,39,822.2,838.26,816.22,34642618,1597
2011-06-19,10000002,40,2500.02,2546.96,2462.13,17316537,1618
2011-06-19,10000002,11399,3525,3578,3510,3088791,478
2011-06-20,10000002,34,3.33,3.35,3.29,24364679987,3160
2011-06-20,10000002,35,4.26,4.27,4.25,5473063486,2294
2011-06-20,10000002,36,26.88,27.03,26.62,1676653149,2119
2011-06-20,10000002,37,61.61,62,60.91,260005092,1623
2011-06-20,10000002,38,415,415.16,405,90485805,1748
2011-06-20,10000002,39,825,829.88,810.15,30122418,1402
2011-06-20,10000002,40,2491.01,2491.01,2440,12276909,1356
2011-06-20,10000002,11399,3505.96,3505.97,3501.99,1293540,417
2011-06-21,10000002,34,3.3,3.32,3.27,3876506686,785
2011-06-21,10000002,35,4.25,4.25,4.24,1744381937,569
2011-06-21,10000002,36,26.5,26.9,26.45,316064880,490
2011-06-21,10000002,37,60.22,61,60.05,65244074,376
2011-06-21,10000002,38,398.29,414,398.21,17297339,412
2011-06-21,10000002,39,810,820.01,810,12837853,325
2011-06-21,10000002,40,2400,2405.01,2393.2,6164396,357
2011-06-21,10000002,11399,3505.97,3505.97,3505.97,289832,91
2011-06-22,10000002,34,3.32,3.34,3.27,23027706126,3008
2011-06-22,10000002,35,4.2,4.28,4.17,5112198027,2243
2011-06-22,10000002,36,26.45,26.85,26.31,1263342059,1973
2011-06-22,10000002,37,58.46,59.4,58.34,241250195,1499
2011-06-22,10000002,38,398.25,412.48,396.03,115202088,1627
2011-06-22,10000002,39,814.91,814.95,802,39155098,1300
2011-06-22,10000002,40,2392.27,2440,2391,16951993,1287
2011-06-22,10000002,11399,3505.97,3512,3460,1859298,377
2011-06-23,10000002,34,3.3,3.32,3.25,35635085261,3277
2011-06-23,10000002,35,4.2,4.26,4.18,6772175266,2297
2011-06-23,10000002,36,26.65,26.71,25.93,1163690488,2027
2011-06-23,10000002,37,56.52,58.02,56.49,457801794,1663
2011-06-23,10000002,38,405.73,405.99,403.87,106034871,1686
2011-06-23,10000002,39,800,813.98,792.16,34876637,1396
2011-06-23,10000002,40,2444.9,2445.89,2383,13720433,1347
2011-06-23,10000002,11399,3477,3499.98,3435,1739798,389
2011-06-24,10000002,34,3.29,3.32,3.25,17082431993,3073
2011-06-24,10000002,35,4.26,4.28,4.21,2714949384,2113
2011-06-24,10000002,36,26.34,26.55,26.21,1107210285,1888
2011-06-24,10000002,37,58.09,58.19,56.5,198393241,1477
2011-06-24,10000002,38,392.42,404.44,390.53,65274467,1487
2011-06-24,10000002,39,800,800,799.99,24456553,1233
2011-06-24,10000002,40,2425,2439.97,2365.14,12216536,1235
2011-06-24,10000002,11399,3400.02,3511.92,3400,1708985,335
2011-06-25,10000002,34,3.28,3.31,3.24,24708628163,3313
2011-06-25,10000002,35,4.26,4.27,4.23,4185793596,2388
2011-06-25,10000002,36,26.16,26.25,26.14,1369802138,2105
2011-06-25,10000002,37,57.36,57.78,57.29,394319355,1667
2011-06-25,10000002,38,395.93,395.99,386.39,65108005,1653
2011-06-25,10000002,39,805,816.82,785.03,36478365,1404
2011-06-25,10000002,40,2519.79,2520.92,2446.21,7928194,1346
2011-06-25,10000002,11399,3517,3532.99,3490,2017115,432
2011-06-26,10000002,34,3.27,3.28,3.26,29906386801,3687
2011-06-26,10000002,35,4.22,4.24,4.2,6186931959,2739
2011-06-26,10000002,36,26.28,26.4,26.14,1814556747,2374
2011-06-26,10000002,37,57.67,57.72,55.96,345047176,1886
2011-06-26,10000002,38,396.92,402.96,389.25,87539004,1940
2011-06-26,10000002,39,780.43,808.95,780.04,51006062,1647
2011-06-26,10000002,40,2520.95,2554,2496.08,11116730,1557
2011-06-26,10000002,11399,3522,3533,3490,1995028,465
2011-06-27,10000002,34,3.25,3.28,3.23,42350587195,3462
2011-06-27,10000002,35,4.27,4.3,4.24,7588837531,2494
2011-06-27,10000002,36,26.61,27.12,26.24,2048417650,2258
2011-06-27,10000002,37,57.7,58.4,57.16,488386455,1776
2011-06-27,10000002,38,394,396.92,391.53,109248748,1830
2011-06-27,10000002,39,798.98,802.11,759,34631371,1578
2011-06-27,10000002,40,2555.01,2610,2505.88,19839575,1434
2011-06-27,10000002,11399,3470,3500,3460,1347987,400
2011-06-28,10000002,34,3.24,3.25,3.21,27436710791,2656
2011-06-28,10000002,35,4.16,4.17,4.15,6289369910,1945
2011-06-28,10000002,36,26.03,26.03,26.02,1368867701,1712
2011-06-28,10000002,37,58.84,58.9,57.04,274738799,1352
2011-06-28,10000002,38,402.85,402.88,396.98,73049241,1396
2011-06-28,10000002,39,798.56,798.83,768.08,25567260,1160
2011-06-28,10000002,40,2698.28,2715.98,2506.79,9928932,1191
2011-06-28,10000002,11399,3495.38,3516.99,3410,1367774,337
2011-06-29,10000002,34,3.24,3.24,3.23,22341097403,2986
2011-06-29,10000002,35,4.12,4.15,4.1,4555244359,2148
2011-06-29,10000002,36,26.03,26.11,26.02,1347233942,1941
2011-06-29,10000002,37,58.77,58.79,57.74,273213158,1550
2011-06-29,10000002,38,389.99,391,383,130269555,1614
2011-06-29,10000002,39,795.97,797.8,788.01,48736236,1414
2011-06-29,10000002,40,2585,2700.3,2510.02,15928963,1376
2011-06-29,10000002,11399,3497,3572.99,3465.05,4303924,430
2011-06-30,10000002,34,3.25,3.26,3.23,25248623081,3001
2011-06-30,10000002,35,4.14,4.15,4.11,5487009845,2143
2011-06-30,10000002,36,26.49,26.75,26.38,1505761347,1922
2011-06-30,10000002,37,58.9,61.33,58.3,380186962,1546
2011-06-30,10000002,38,396,397.93,389.06,88168709,1585
2011-06-30,10000002,39,804.95,824.73,798,37047516,1303
2011-06-30,10000002,40,2709.92,2712.58,2604.06,14179409,1334
2011-06-30,10000002,11399,3465.02,3465.03,3425,2855226,402
2011-07-01,10000002,34,3.29,3.32,3.27,24334233282,2967
2011-07-01,10000002,35,4.19,4.38,4.16,5221968408,2112
2011-07-01,10000002,36,27.44,27.47,27.31,1535257134,1922
2011-07-01,10000002,37,61.41,62.29,61.33,344585143,1541
2011-07-01,10000002,38,396.96,397,396.84,105551206,1524
2011-07-01,10000002,39,820,846,815,28114765,1280
2011-07-01,10000002,40,2711.75,2712.41,2662.28,10908742,1241
2011-07-01,10000002,11399,3390,3450.99,3375.02,3579338,394
2011-07-02,10000002,34,3.29,3.32,3.27,19979080232,3026
2011-07-02,10000002,35,4.35,4.4,4.32,3895075478,2200
2011-07-02,10000002,36,27.08,27.9,26.66,1100824868,2046
2011-07-02,10000002,37,62.24,62.8,60.93,375181794,1619
2011-07-02,10000002,38,398.03,399.79,392.65,66291332,1623
2011-07-02,10000002,39,827.1,846.29,824.06,16536157,1325
2011-07-02,10000002,40,2710,2798.97,2684,9343990,1305
2011-07-02,10000002,11399,3499.46,3499.71,3375.1,1536401,384
2011-07-03,10000002,34,3.33,3.37,3.3,26402289953,3818
2011-07-03,10000002,35,4.28,4.29,4.24,4758444529,2573
2011-07-03,10000002,36,27.31,27.59,26.71,1753381705,2351
2011-07-03,10000002,37,61.71,62.08,60.95,456532175,1870
2011-07-03,10000002,38,399.73,399.79,396.03,120382245,1820
2011-07-03,10000002,39,790.61,806.1,770,61105066,1563
2011-07-03,10000002,40,2696.84,2771.3,2696.23,15336304,1459
2011-07-03,10000002,11399,3494.99,3523.99,3376,2733924,450
2011-07-04,10000002,34,3.46,3.56,3.39,27598042608,3313
2011-07-04,10000002,35,4.31,4.35,4.29,3959541549,2207
2011-07-04,10000002,36,27.79,27.98,27.5,1559616939,2026
2011-07-04,10000002,37,62.66,62.9,61.47,291871850,1526
2011-07-04,10000002,38,401.94,401.98,399.95,126434754,1573
2011-07-04,10000002,39,789.93,798.95,775.01,43844292,1334
2011-07-04,10000002,40,2743.98,2769.65,2683.2,11725537,1325
2011-07-04,10000002,11399,3379,3596.84,3377.13,2147185,436
2011-07-05,10000002,34,3.46,3.53,3.4,23807954564,2656
2011-07-05,10000002,35,4.26,4.28,4.25,5174155792,1681
2011-07-05,10000002,36,27.98,28.23,27.51,1449109789,1545
2011-07-05,10000002,37,62.37,62.44,61.11,300698223,1178
2011-07-05,10000002,38,400.96,401.79,395.02,60587017,1273
2011-07-05,10000002,39,800,801.96,790.09,28299502,1020
2011-07-05,10000002,40,2701.11,2750,2690.89,8650301,995
2011-07-05,10000002,11399,3594.75,3595.51,3381.05,874370,301
2011-07-06,10000002,34,3.39,3.41,3.35,24661981400,2829
2011-07-06,10000002,35,4.28,4.34,4.25,5637546107,2017
2011-07-06,10000002,36,27.64,27.93,27.27,1695595943,1815
2011-07-06,10000002,37,61.3,62.33,61.17,362394811,1419
2011-07-06,10000002,38,395.35,400.94,377.98,98635449,1529
2011-07-06,10000002,39,788.61,794.99,766.13,31591792,1249
2011-07-06,10000002,40,2690.9,2748.97,2579.01,16147969,1239
2011-07-06,10000002,11399,3390.2,3578.97,3389.26,1481832,397
2011-07-07,10000002,34,3.44,3.51,3.4,23374250715,2868
2011-07-07,10000002,35,4.39,4.42,4.33,3594265368,1963
2011-07-07,10000002,36,27.87,27.93,27.09,1572647832,1776
2011-07-07,10000002,37,62.25,62.29,62.09,330852167,1455
2011-07-07,10000002,38,399.87,400.71,386.46,83595028,1600
2011-07-07,10000002,39,789.98,792.95,769.01,48202186,1183
2011-07-07,10000002,40,2710.68,2711.83,2676,11737577,1139
2011-07-07,10000002,11399,3460.85,3508.93,3400.01,1484234,339
2011-07-08,10000002,34,3.41,3.43,3.4,26977516346,2682
2011-07-08,10000002,35,4.45,4.53,4.31,4765192878,1925
2011-07-08,10000002,36,27.87,27.92,27,1796969887,1705
2011-07-08,10000002,37,62.29,62.31,60.22,285212630,1356
2011-07-08,10000002,38,398,399.64,397.9,90982661,1462
2011-07-08,10000002,39,784,785,770.21,34194509,1161
2011-07-08,10000002,40,2710.98,2711.89,2631.06,10578193,1157
2011-07-08,10000002,11399,3486.94,3507.97,3449.9,3149241,367
2011-07-09,10000002,34,3.42,3.43,3.38,32429997635,2961
2011-07-09,10000002,35,4.44,4.45,4.41,4747253743,2124
2011-07-09,10000002,36,27.63,27.8,26.68,1236038243,1896
2011-07-09,10000002,37,60.53,62.03,59.45,275191115,1514
2011-07-09,10000002,38,393.02,398.73,390.3,96940004,1642
2011-07-09,10000002,39,777.98,778,768.2,48099827,1341
2011-07-09,10000002,40,2713.87,2748.01,2685.01,11327262,1274
2011-07-09,10000002,11399,3507.85,3567,3403.06,2824813,470
2011-07-10,10000002,34,3.38,3.39,3.37,33150529837,3262
2011-07-10,10000002,35,4.33,4.38,4.3,5596613547,2353
2011-07-10,10000002,36,27.5,27.57,27.22,1431344244,2164
2011-07-10,10000002,37,60.5,61.04,60.09,291707226,1729
2011-07-10,10000002,38,395.64,396.9,385.23,97331877,1888
2011-07-10,10000002,39,774.95,776.98,762.08,41448776,1491
2011-07-10,10000002,40,2750.01,2797.85,2696.14,14123605,1460
2011-07-10,10000002,11399,3575,3575,3440,3055157,480
2011-07-11,10000002,34,3.36,3.39,3.34,24664796092,2770
2011-07-11,10000002,35,4.25,4.26,4.23,4353537281,1941
2011-07-11,10000002,36,27,27.34,26.86,1006874476,1725
2011-07-11,10000002,37,60,60.99,59.41,410440633,1502
2011-07-11,10000002,38,384.99,385,380.64,97619377,1525
2011-07-11,10000002,39,758.05,769.77,755.02,37959807,1216
2011-07-11,10000002,40,2650,2672.31,2650,13429332,1178
2011-07-11,10000002,11399,3405,3494.98,3404,2123331,396
2011-07-12,10000002,34,3.31,3.33,3.3,31367614857,2702
2011-07-12,10000002,35,4.18,4.22,4.16,5171843717,1949
2011-07-12,10000002,36,27.01,27.02,26.83,1795285084,1742
2011-07-12,10000002,37,58.9,58.95,58.18,328776088,1410
2011-07-12,10000002,38,382.81,382.97,380.1,69498533,1420
2011-07-12,10000002,39,750,766.13,742,46160680,1300
2011-07-12,10000002,40,2646,2733.43,2612.12,11544308,1197
2011-07-12,10000002,11399,3390,3495.01,3385,1460856,378
2011-07-13,10000002,34,3.3,3.34,3.26,26510128555,2555
2011-07-13,10000002,35,4.13,4.14,4.13,7753857935,1747
2011-07-13,10000002,36,26.67,26.91,26.17,1776369103,1539
2011-07-13,10000002,37,55.97,56,55.89,552639261,1280
2011-07-13,10000002,38,382.39,382.89,378.98,95861860,1391
2011-07-13,10000002,39,759.85,760,740.05,34028378,1085
2011-07-13,10000002,40,2717.5,2718.99,2627.05,8818032,1074
2011-07-13,10000002,11399,3408.01,3564.92,3386.51,1419193,333
2011-07-14,10000002,34,3.37,3.4,3.34,31299705031,2875
2011-07-14,10000002,35,4.3,4.37,4.24,4811468967,1939
2011-07-14,10000002,36,26.93,26.99,26.89,1847942533,1718
2011-07-14,10000002,37,57.16,57.6,55,473476236,1400
2011-07-14,10000002,38,370,371.65,369.99,107768561,1398
2011-07-14,10000002,39,750,755.51,743.05,42023006,1186
2011-07-14,10000002,40,2713.93,2718,2655,13735951,1171
2011-07-14,10000002,11399,3564.82,3564.86,3385,2493058,371
2011-07-15,10000002,34,3.4,3.44,3.39,25614269945,2650
2011-07-15,10000002,35,4.29,4.36,4.23,4604685225,1849
2011-07-15,10000002,36,26.92,27.02,26.81,1327315927,1647
2011-07-15,10000002,37,60.7,60.94,57.17,266086235,1296
2011-07-15,10000002,38,378.09,382.9,360.53,120778371,1444
2011-07-15,10000002,39,754.98,759.77,744.48,40254350,1190
2011-07-15,10000002,40,2734.96,2737.79,2678,11045502,1073
2011-07-15,10000002,11399,3305.05,3599.99,3302.31,2111630,345
2011-07-16,10000002,34,3.43,3.48,3.39,21839325042,3010
2011-07-16,10000002,35,4.4,4.43,4.32,3555760175,2002
2011-07-16,10000002,36,26.83,26.95,26.6,1840875761,1805
2011-07-16,10000002,37,59.53,60.03,59.03,286477998,1521
2011-07-16,10000002,38,394.57,395,385.65,81657700,1560
2011-07-16,10000002,39,761.94,764.67,753.26,30798910,1291
2011-07-16,10000002,40,2700,2736.75,2660.05,7543449,1188
2011-07-16,10000002,11399,3585.99,3591.99,3320.03,1091243,363
2011-07-17,10000002,34,3.49,3.58,3.45,43554378768,3729
2011-07-17,10000002,35,4.38,4.42,4.3,10463076717,2536
2011-07-17,10000002,36,26.72,27.35,26.61,2275445217,2374
2011-07-17,10000002,37,59.55,59.99,59.45,581430695,1851
2011-07-17,10000002,38,385.74,392,380.05,154346453,2015
2011-07-17,10000002,39,753.38,759.35,731.25,79869855,1637
2011-07-17,10000002,40,2623.12,2689,2561.05,19546364,1560
2011-07-17,10000002,11399,3570,3581.71,3420.02,4577086,490
2011-07-18,10000002,34,3.42,3.43,3.39,25645660142,2855
2011-07-18,10000002,35,4.31,4.32,4.3,4495858971,1999
2011-07-18,10000002,36,27.05,27.09,26.63,1508941664,1857
2011-07-18,10000002,37,58.35,58.64,57.55,315370494,1429
2011-07-18,10000002,38,389.99,399.84,385.99,125071141,1646
2011-07-18,10000002,39,749,756.96,747.42,42180584,1264
2011-07-18,10000002,40,2640,2663.9,2599.06,12603522,1210
2011-07-18,10000002,11399,3574.72,3577.05,3568.99,922652,358
2011-07-19,10000002,34,3.37,3.4,3.34,36777772124,2744
2011-07-19,10000002,35,4.28,4.3,4.23,6355217655,1949
2011-07-19,10000002,36,27.01,27.06,26.85,2134119633,1771
2011-07-19,10000002,37,58.38,58.39,57.81,465356246,1361
2011-07-19,10000002,38,393.66,393.87,387.55,96453598,1474
2011-07-19,10000002,39,754.55,754.87,742,30628630,1200
2011-07-19,10000002,40,2600.92,2639,2600.81,12529580,1169
2011-07-19,10000002,11399,3575.99,3577,3427.03,1260893,359
2011-07-20,10000002,34,3.35,3.37,3.33,22284735324,2768
2011-07-20,10000002,35,4.12,4.16,4.1,6477339231,1930
2011-07-20,10000002,36,27.32,27.69,26.99,1221549787,1807
2011-07-20,10000002,37,57.88,58,57.33,251660846,1398
2011-07-20,10000002,38,396,398.79,395.02,94606393,1536
2011-07-20,10000002,39,747.95,750.92,738.58,26852995,1225
2011-07-20,10000002,40,2605.02,2647.26,2572.12,10572120,1225
2011-07-20,10000002,11399,3574.99,3575.79,3570.86,2039168,388
2011-07-21,10000002,34,3.41,3.43,3.39,31589854746,2882
2011-07-21,10000002,35,4.24,4.26,4.21,6711378825,1981
2011-07-21,10000002,36,27.66,28,27.28,2290136587,1971
2011-07-21,10000002,37,58.14,59.32,58,479571905,1480
2011-07-21,10000002,38,398.03,399.99,397.9,125819432,1510
2011-07-21,10000002,39,747,747.95,741.2,38984011,1268
2011-07-21,10000002,40,2647.45,2728.97,2645.27,12379887,1209
2011-07-21,10000002,11399,3499.07,3585.84,3430.14,2160958,392
2011-07-22,10000002,34,3.46,3.5,3.44,28093359131,2753
2011-07-22,10000002,35,4.41,4.6,4.38,6784876195,2087
2011-07-22,10000002,36,28.02,28.19,27.35,1967492811,1885
2011-07-22,10000002,37,59.85,60,58.43,521454047,1477
2011-07-22,10000002,38,399.36,400,392,99250162,1488
2011-07-22,10000002,39,741.23,748,739,40544043,1230
2011-07-22,10000002,40,2721.95,2734.61,2656.01,12214754,1197
2011-07-22,10000002,11399,3585.72,3585.76,3585.69,1092080,391
2011-07-23,10000002,34,3.48,3.53,3.47,31604236680,3251
2011-07-23,10000002,35,4.4,4.46,4.39,5858884860,2277
2011-07-23,10000002,36,28,28.45,27.39,2421724100,2158
2011-07-23,10000002,37,60.65,61.74,58.12,458106359,1600
2011-07-23,10000002,38,395,399.85,393.02,130714393,1663
2011-07-23,10000002,39,755,756.72,736.07,47828122,1342
2011-07-23,10000002,40,2695.35,2698.31,2663,14166224,1260
2011-07-23,10000002,11399,3579.95,3585.2,3413.06,1514546,383
2011-07-24,10000002,34,3.47,3.54,3.44,38539160994,3541
2011-07-24,10000002,35,4.5,4.55,4.41,8700267064,2621
2011-07-24,10000002,36,27.68,28.83,27.53,1821988101,2249
2011-07-24,10000002,37,61.07,61.76,59,410330045,1837
2011-07-24,10000002,38,388.96,399.5,375.55,138661041,1898
2011-07-24,10000002,39,745.03,769.99,736,37617442,1487
2011-07-24,10000002,40,2644.97,2692.53,2555.07,15916993,1570
2011-07-24,10000002,11399,3416.17,3584.78,3416.03,2398282,463
2011-07-25,10000002,34,3.46,3.49,3.39,29700632145,2974
2011-07-25,10000002,35,4.4,4.48,4.32,5565428424,2054
2011-07-25,10000002,36,27.6,27.94,27.44,2076789806,1893
2011-07-25,10000002,37,60.96,61.99,60.01,436019361,1546
2011-07-25,10000002,38,395.95,399.11,385.01,106349555,1649
2011-07-25,10000002,39,745.1,766.67,737.14,30703408,1292
2011-07-25,10000002,40,2680,2721.89,2566,11898756,1285
2011-07-25,10000002,11399,3421.08,3569.9,3420.06,1562905,413
2011-07-26,10000002,34,3.48,3.5,3.44,32201979122,2768
2011-07-26,10000002,35,4.42,4.45,4.41,5151530631,2028
2011-07-26,10000002,36,27.86,27.94,27.67,1781430925,1895
2011-07-26,10000002,37,61.69,61.81,61.05,314521167,1457
2011-07-26,10000002,38,391.83,394.72,386.25,95681315,1552
2011-07-26,10000002,39,762,764.14,752.7,18436885,1248
2011-07-26,10000002,40,2709.94,2711.97,2663.03,9624458,1231
2011-07-26,10000002,11399,3416.02,3559.82,3412.74,1928008,383
2011-07-27,10000002,34,3.39,3.43,3.37,28112752357,2581
2011-07-27,10000002,35,4.3,4.32,4.29,4333276001,1838
2011-07-27,10000002,36,28.16,28.85,27.75,1377027891,1756
2011-07-27,10000002,37,61.08,61.44,60.94,334849653,1300
2011-07-27,10000002,38,390.72,390.96,385.28,60967634,1314
2011-07-27,10000002,39,758,759.06,742.09,29097117,1125
2011-07-27,10000002,40,2665.22,2700.01,2649,10629906,1056
2011-07-27,10000002,11399,3549.59,3549.83,3549,1545107,321
2011-07-28,10000002,34,3.39,3.41,3.38,31711761278,2577
2011-07-28,10000002,35,4.25,4.26,4.24,6110191782,1774
2011-07-28,10000002,36,28.89,29.14,28.06,1794427809,1693
2011-07-28,10000002,37,61.13,61.15,61,393377245,1350
2011-07-28,10000002,38,390.87,391,389.99,107426112,1380
2011-07-28,10000002,39,755.92,758,741.81,33101098,1140
2011-07-28,10000002,40,2649,2695.9,2643.99,11249614,1112
2011-07-28,10000002,11399,3540.98,3544.95,3422.11,1041591,324
2011-07-29,10000002,34,3.42,3.43,3.38,29566602101,2675
2011-07-29,10000002,35,4.25,4.27,4.23,6036158850,1907
2011-07-29,10000002,36,28.6,28.8,28.03,1476724311,1763
2011-07-29,10000002,37,61.51,61.63,61.12,346215445,1411
2011-07-29,10000002,38,390.69,390.87,387.17,108509532,1440
2011-07-29,10000002,39,756.99,757.89,737.13,37513454,1211
2011-07-29,10000002,40,2660,2693.99,2618.01,14369032,1168
2011-07-29,10000002,11399,3326.02,3422,3325,2648271,360
2011-07-30,10000002,34,3.42,3.43,3.4,27373123664,3070
2011-07-30,10000002,35,4.24,4.25,4.23,6118475629,2245
2011-07-30,10000002,36,28.41,28.55,28.36,2271267311,2029
2011-07-30,10000002,37,61.41,61.49,61.33,426154940,1713
2011-07-30,10000002,38,389.98,390,389.89,110290093,1657
2011-07-30,10000002,39,754.98,755.83,736,35170553,1414
2011-07-30,10000002,40,2654.91,2690.08,2587.07,16794593,1414
2011-07-30,10000002,11399,3514.96,3517.63,3400.12,2227188,490
2011-07-31,10000002,34,3.44,3.48,3.43,26698186288,3135
2011-07-31,10000002,35,4.39,4.45,4.33,6502989561,2232
2011-07-31,10000002,36,28.53,28.6,28.03,1535208190,2016
2011-07-31,10000002,37,61.52,63.56,60.71,418762583,1643
2011-07-31,10000002,38,390.12,395.96,387.11,94984402,1694
2011-07-31,10000002,39,755.7,756.97,742.01,30459574,1370
2011-07-31,10000002,40,2704.99,2720.48,2690,10943697,1392
2011-07-31,10000002,11399,3340,3513.67,3331.01,2117435,438
2011-08-01,10000002,34,3.44,3.46,3.42,24062147460,2793
2011-08-01,10000002,35,4.28,4.29,4.28,6563593770,1986
2011-08-01,10000002,36,28.24,28.37,27.99,1151758121,1856
2011-08-01,10000002,37,62.82,62.89,60.39,217447380,1544
2011-08-01,10000002,38,388.8,390.84,381.34,74416294,1549
2011-08-01,10000002,39,738.7,752.95,731.24,40952379,1288
2011-08-01,10000002,40,2640.54,2702.85,2604,11861518,1230
2011-08-01,10000002,11399,3344,3489.86,3342.01,2108036,402
2011-08-02,10000002,34,3.45,3.47,3.43,27987157763,2787
2011-08-02,10000002,35,4.3,4.34,4.26,6325736942,1935
2011-08-02,10000002,36,28.07,28.32,27.7,1783769804,1784
2011-08-02,10000002,37,60.57,62.88,60.4,377499855,1390
2011-08-02,10000002,38,382.25,389.48,381.63,115832413,1460
2011-08-02,10000002,39,727.46,750.94,727.05,41036200,1151
2011-08-02,10000002,40,2646.08,2689.99,2600,14654517,1098
2011-08-02,10000002,11399,3341.01,3444.69,3340.45,1719084,363
2011-08-03,10000002,34,3.44,3.46,3.42,23941078896,2563
2011-08-03,10000002,35,4.31,4.34,4.28,3761818518,1848
2011-08-03,10000002,36,27.69,28.05,27.64,1092595757,1653
2011-08-03,10000002,37,62.36,62.89,60.27,203545330,1353
2011-08-03,10000002,38,386,387,384,82351852,1409
2011-08-03,10000002,39,722.16,745.93,721.29,23202314,1121
2011-08-03,10000002,40,2591.17,2692,2586.02,15377430,1118
2011-08-03,10000002,11399,3437,3437.71,3419.93,1024601,359
2011-08-04,10000002,34,3.46,3.48,3.43,30861687287,2597
2011-08-04,10000002,35,4.35,4.35,4.34,6223182158,1807
2011-08-04,10000002,36,28.06,28.47,27.95,2192953698,1712
2011-08-04,10000002,37,62.47,62.85,60.62,391651110,1307
2011-08-04,10000002,38,384.88,388.88,380.12,102060152,1429
2011-08-04,10000002,39,724.09,739.89,722.12,40920789,1172
2011-08-04,10000002,40,2647.34,2649.55,2613.15,11142275,1104
2011-08-04,10000002,11399,3335.33,3409.75,3330.01,1971563,368
2011-08-05,10000002,34,3.45,3.48,3.43,21764697405,2623
2011-08-05,10000002,35,4.34,4.35,4.3,5030578789,1863
2011-08-05,10000002,36,29.08,29.52,28.71,1488968587,1744
2011-08-05,10000002,37,62.78,62.91,61.5,238763437,1409
2011-08-05,10000002,38,386.16,386.92,385.04,87837598,1397
2011-08-05,10000002,39,740,742.33,726.3,29026003,1167
2011-08-05,10000002,40,2699.95,2721.5,2653,12545226,1154
2011-08-05,10000002,11399,3342.03,3401.67,3342.03,1722979,342
2011-08-06,10000002,34,3.49,3.52,3.46,20978637482,2951
2011-08-06,10000002,35,4.33,4.35,4.28,4863996333,2108
2011-08-06,10000002,36,29.08,29.41,28.75,1445349627,1998
2011-08-06,10000002,37,62.88,62.91,61.98,463561143,1607
2011-08-06,10000002,38,384.99,385.1,383.21,122830034,1626
2011-08-06,10000002,39,739.39,740.88,726.3,36299836,1309
2011-08-06,10000002,40,2697.89,2709.02,2638.02,16833693,1276
2011-08-06,10000002,11399,3399.83,3399.85,3342.03,1764716,425
2011-08-07,10000002,34,3.46,3.54,3.44,35170238103,3316
2011-08-07,10000002,35,4.29,4.34,4.24,7637867524,2421
2011-08-07,10000002,36,28.77,28.98,28.75,2203698798,2152
2011-08-07,10000002,37,62.93,63.05,62.85,793813378,1801
2011-08-07,10000002,38,383.2,386.76,381.71,135501573,1768
2011-08-07,10000002,39,739.8,739.95,722.22,34679273,1458
2011-08-07,10000002,40,2716.99,2721.02,2651.2,13781223,1382
2011-08-07,10000002,11399,3342.08,3399.9,3302.21,1912861,461
2011-08-08,10000002,34,3.5,3.6,3.43,27893775133,2833
2011-08-08,10000002,35,4.26,4.28,4.23,3700149918,1909
2011-08-08,10000002,36,28.79,28.95,28.74,1609802222,1851
2011-08-08,10000002,37,67.29,68.73,64.23,281153432,1440
2011-08-08,10000002,38,351,374.89,341,149667929,1565
2011-08-08,10000002,39,737.5,738.89,720,34053491,1224
2011-08-08,10000002,40,2721.17,2779.4,2667,16336929,1184
2011-08-08,10000002,11399,3400,3400,3399.99,2147862,351
2011-08-09,10000002,34,3.52,3.64,3.49,30335287206,2929
2011-08-09,10000002,35,4.26,4.29,4.24,8382014939,1916
2011-08-09,10000002,36,28.92,29.51,28.39,2227268901,1787
2011-08-09,10000002,37,66.53,66.84,64.76,494084892,1470
2011-08-09,10000002,38,370,381.78,349.51,134338934,1542
2011-08-09,10000002,39,735.77,736.99,718.52,37624747,1204
2011-08-09,10000002,40,2809.89,2815.92,2780.03,13334659,1165
2011-08-09,10000002,11399,3228.07,3388.98,3226.24,1213927,368
2011-08-10,10000002,34,3.53,3.58,3.46,26181341729,2556
2011-08-10,10000002,35,4.3,4.33,4.26,5547803540,1824
2011-08-10,10000002,36,29.44,29.51,28.61,1150668872,1577
2011-08-10,10000002,37,65.63,65.78,64.91,370191082,1333
2011-08-10,10000002,38,378.87,381,376,77650238,1369
2011-08-10,10000002,39,721.01,733.82,719.23,34231040,1116
2011-08-10,10000002,40,2775,2795,2730.03,11142519,1090
2011-08-10,10000002,11399,3376.98,3377,3376.95,3535679,395
2011-08-11,10000002,34,3.54,3.55,3.52,24570641680,2482
2011-08-11,10000002,35,4.35,4.35,4.35,6778040157,1835
2011-08-11,10000002,36,29.53,29.56,29,2284440379,1616
2011-08-11,10000002,37,66.19,66.24,64.84,493378485,1306
2011-08-11,10000002,38,378.82,379,378,169275249,1306
2011-08-11,10000002,39,732,732,731.98,31945585,1051
2011-08-11,10000002,40,2782.98,2785.84,2703.64,14003274,1084
2011-08-11,10000002,11399,3400,3404.94,3378.97,1384025,335
2011-08-12,10000002,34,3.51,3.55,3.47,33720760600,2629
2011-08-12,10000002,35,4.45,4.5,4.41,4677462835,1825
2011-08-12,10000002,36,29.39,29.52,28.93,1895115139,1663
2011-08-12,10000002,37,64.1,64.63,63,328489116,1339
2011-08-12,10000002,38,379,386.49,375.19,123392413,1443
2011-08-12,10000002,39,720.05,730.99,717.01,61712156,1162
2011-08-12,10000002,40,2704.19,2780.26,2701.53,11990483,1118
2011-08-12,10000002,11399,3274.13,3374.01,3274.07,2685003,380
2011-08-13,10000002,34,3.51,3.55,3.47,29422063070,2900
2011-08-13,10000002,35,4.45,4.49,4.43,5747720420,2044
2011-08-13,10000002,36,29.45,29.53,28.99,2009927461,1864
2011-08-13,10000002,37,62,62.66,61,706872890,1533
2011-08-13,10000002,38,389.85,390.05,380.22,101294652,1629
2011-08-13,10000002,39,712.01,732.63,706.75,33362487,1258
2011-08-13,10000002,40,2750.02,2798.91,2702.2,14082582,1235
2011-08-13,10000002,11399,3300.16,3406.86,3273.08,2044619,388
2011-08-14,10000002,34,3.5,3.53,3.48,20871778770,3009
2011-08-14,10000002,35,4.41,4.46,4.38,5135329594,2199
2011-08-14,10000002,36,29.4,29.52,28.94,1710738810,2017
2011-08-14,10000002,37,61.95,61.96,61.81,372036092,1635
2011-08-14,10000002,38,395,396.88,390.05,121643341,1698
2011-08-14,10000002,39,721.08,729.93,707.02,36325520,1381
2011-08-14,10000002,40,2764.46,2893.25,2715.47,15164924,1272
2011-08-14,10000002,11399,3342.03,3348,3273.08,2471369,424
2011-08-15,10000002,34,3.52,3.54,3.48,34479402394,2800
2011-08-15,10000002,35,4.46,4.48,4.38,7944230873,2092
2011-08-15,10000002,36,29.71,30.26,29.24,2027943263,1927
2011-08-15,10000002,37,64.07,64.6,62.93,522606501,1520
2011-08-15,10000002,38,391.92,395.14,390,113063216,1584
2011-08-15,10000002,39,726.75,728.91,722,38781886,1294
2011-08-15,10000002,40,2778.99,2844.81,2733,16009041,1280
2011-08-15,10000002,11399,3347.96,3403.84,3226.25,3498716,431
2011-08-16,10000002,34,3.48,3.52,3.47,34088669713,2728
2011-08-16,10000002,35,4.4,4.46,4.38,5522857890,1930
2011-08-16,10000002,36,29,29.33,28.81,1453779933,1804
2011-08-16,10000002,37,63.04,64.03,62.92,386047486,1435
2011-08-16,10000002,38,392.99,394.93,385.79,83090598,1429
2011-08-16,10000002,39,707,723.99,706.85,42769356,1221
2011-08-16,10000002,40,2710.27,2746,2651,18330463,1233
2011-08-16,10000002,11399,3339,3399.98,3251.03,1875826,419
2011-08-17,10000002,34,3.47,3.49,3.43,23919042840,2489
2011-08-17,10000002,35,4.36,4.39,4.3,5346634955,1745
2011-08-17,10000002,36,28.33,29,28,1737634997,1607
2011-08-17,10000002,37,62.99,63.36,61.45,249896112,1312
2011-08-17,10000002,38,385.81,392.83,385,84029725,1413
2011-08-17,10000002,39,715,724.89,707.78,30545625,1160
2011-08-17,10000002,40,2650.02,2713.99,2626.23,13870488,1186
2011-08-17,10000002,11399,3224,3338.91,3222,2318300,389
2011-08-18,10000002,34,3.45,3.47,3.44,23699332653,2333
2011-08-18,10000002,35,4.35,4.37,4.32,4776096899,1687
2011-08-18,10000002,36,28.11,29.17,27.54,1147698759,1557
2011-08-18,10000002,37,62,62.34,61.56,435737656,1279
2011-08-18,10000002,38,383.6,385,376.06,86471126,1279
2011-08-18,10000002,39,719.84,721,709.02,28296428,1090
2011-08-18,10000002,40,2699.98,2714.81,2630.58,11785186,1093
2011-08-18,10000002,11399,3320.84,3321,3213.01,1973015,346
2011-08-19,10000002,34,3.5,3.51,3.48,24805669109,2397
2011-08-19,10000002,35,4.37,4.39,4.29,5996864449,1763
2011-08-19,10000002,36,29.14,29.4,28.98,1556845288,1627
2011-08-19,10000002,37,61.97,62.37,61,396298241,1335
2011-08-19,10000002,38,384.11,391,383.6,86852547,1410
2011-08-19,10000002,39,718.99,719.89,708.65,36186869,1157
2011-08-19,10000002,40,2652.09,2709.93,2634.02,14759491,1094
2011-08-19,10000002,11399,3317.93,3319.93,3195.54,2696721,402
2011-08-20,10000002,34,3.49,3.51,3.46,17992398577,2669
2011-08-20,10000002,35,4.28,4.37,4.23,5729781019,1981
2011-08-20,10000002,36,29.29,29.46,28.65,1448926413,1864
2011-08-20,10000002,37,61.42,61.85,60.7,266004471,1478
2011-08-20,10000002,38,390.94,391,386.17,93517762,1524
2011-08-20,10000002,39,718.89,723,712,24485783,1248
2011-08-20,10000002,40,2698.94,2701.77,2630,10203857,1221
2011-08-20,10000002,11399,3316.99,3318.01,3314,1882638,409
2011-08-21,10000002,34,3.49,3.5,3.45,26589241339,3070
2011-08-21,10000002,35,4.41,4.43,4.35,7234901473,2296
2011-08-21,10000002,36,28.91,29.26,28.64,2581841607,2187
2011-08-21,10000002,37,61.81,62.32,61.31,523609897,1653
2011-08-21,10000002,38,390.95,394.66,385.01,125348433,1657
2011-08-21,10000002,39,714.01,723.86,711.02,33109595,1420
2011-08-21,10000002,40,2642,2706.85,2620.06,20197797,1451
2011-08-21,10000002,11399,3240,3335.89,3236.18,2059028,430
2011-08-22,10000002,34,3.49,3.51,3.45,18707090880,2385
2011-08-22,10000002,35,4.43,4.44,4.37,4838709155,1760
2011-08-22,10000002,36,28.79,28.82,28.2,1208674252,1566
2011-08-22,10000002,37,62.2,62.36,60.79,266383870,1274
2011-08-22,10000002,38,391.36,391.77,376.38,103991662,1314
2011-08-22,10000002,39,715.23,723.8,708.5,31057404,1098
2011-08-22,10000002,40,2610.45,2670,2564.8,9878788,1019
2011-08-22,10000002,11399,3387.71,3387.72,3237.02,1880249,369
2011-08-23,10000002,34,3.48,3.49,3.44,25706220266,2297
2011-08-23,10000002,35,4.39,4.42,4.37,4712574993,1665
2011-08-23,10000002,36,28.83,29,28.34,1392082162,1480
2011-08-23,10000002,37,62.91,63.35,61.04,367424243,1213
2011-08-23,10000002,38,386.5,391.57,376.54,135039675,1316
2011-08-23,10000002,39,718,723.39,718,34368092,994
2011-08-23,10000002,40,2675.99,2678.99,2576.01,11676698,1025
2011-08-23,10000002,11399,3379.98,3387.78,3287.77,1090179,359
2011-08-24,10000002,34,3.48,3.5,3.46,23408282574,2331
2011-08-24,10000002,35,4.39,4.39,4.38,5312358624,1641
2011-08-24,10000002,36,29.35,29.48,29.22,1412219215,1508
2011-08-24,10000002,37,62.9,62.98,61.77,334061492,1170
2011-08-24,10000002,38,391.79,392,385.62,55293443,1257
2011-08-24,10000002,39,720,722.85,712,22791363,1011
2011-08-24,10000002,40,2615.1,2707.72,2612.33,10844705,959
2011-08-24,10000002,11399,3374,3378.43,3251.08,1229401,310
2011-08-25,10000002,34,3.46,3.48,3.44,26037367322,2230
2011-08-25,10000002,35,4.33,4.35,4.31,5056419661,1658
2011-08-25,10000002,36,29.53,29.56,29.1,1528173178,1505
2011-08-25,10000002,37,62.82,62.88,61.61,339813626,1249
2011-08-25,10000002,38,392.99,393,392.85,93490662,1255
2011-08-25,10000002,39,711.45,716.94,710,32399341,1068
2011-08-25,10000002,40,2700.86,2702.8,2630,10485820,992
2011-08-25,10000002,11399,3260.02,3366.87,3256.01,1626110,311
2011-08-26,10000002,34,3.46,3.47,3.43,22887866077,2264
2011-08-26,10000002,35,4.33,4.34,4.32,3062811913,1630
2011-08-26,10000002,36,29.14,29.35,28.91,884491729,1486
2011-08-26,10000002,37,61.79,61.98,60.25,181699144,1182
2011-08-26,10000002,38,387.01,391.8,380.67,56191283,1212
2011-08-26,10000002,39,709.06,716.14,707.12,23444343,1011
2011-08-26,10000002,40,2623.03,2698,2621.02,11421485,1040
2011-08-26,10000002,11399,3361.39,3361.43,3251.2,2774618,364
2011-08-27,10000002,34,3.47,3.48,3.45,22950768727,2686
2011-08-27,10000002,35,4.28,4.29,4.25,4329484703,1976
2011-08-27,10000002,36,29.31,29.38,28.83,1550535393,1813
2011-08-27,10000002,37,61.83,62.06,60.78,296930157,1436
2011-08-27,10000002,38,390.55,390.75,386.9,66008491,1519
2011-08-27,10000002,39,715,715.75,710.09,34004015,1267
2011-08-27,10000002,40,2695.2,2696.87,2611.22,11294567,1223
2011-08-27,10000002,11399,3359.28,3359.75,3138.28,1923643,397
2011-08-28,10000002,34,3.48,3.49,3.45,28265346614,2817
2011-08-28,10000002,35,4.31,4.35,4.23,5719604811,2001
2011-08-28,10000002,36,29.32,29.4,29.1,2157726499,1889
2011-08-28,10000002,37,62.54,62.57,61.01,412514327,1521
2011-08-28,10000002,38,387.01,390.96,386.31,131842504,1606
2011-08-28,10000002,39,714.99,716,700,32490826,1312
2011-08-28,10000002,40,2693.14,2695.5,2618.13,17692197,1318
2011-08-28,10000002,11399,3358.75,3358.95,3358.6,2907722,415
2011-08-29,10000002,34,3.44,3.46,3.42,23632781434,2323
2011-08-29,10000002,35,4.29,4.32,4.23,4356305267,1668
2011-08-29,10000002,36,29.38,29.45,28.72,1154314345,1510
2011-08-29,10000002,37,62.39,62.54,61.24,247896675,1222
2011-08-29,10000002,38,391,393.39,386.3,86097367,1294
2011-08-29,10000002,39,704.51,715,703.99,27796819,1086
2011-08-29,10000002,40,2698,2706,2633.03,14322002,1075
2011-08-29,10000002,11399,3221.01,3359.91,3217.02,2634494,359
2011-08-30,10000002,34,3.43,3.44,3.4,34842009652,2295
2011-08-30,10000002,35,4.24,4.29,4.18,6768584616,1609
2011-08-30,10000002,36,29.21,29.36,28.9,1368247472,1405
2011-08-30,10000002,37,61.85,61.93,61.4,492809674,1194
2011-08-30,10000002,38,392.98,392.98,392.98,154183243,1214
2011-08-30,10000002,39,709.83,714.91,698.02,38890732,1091
2011-08-30,10000002,40,2677,2705,2633.13,13442691,1016
2011-08-30,10000002,11399,3359.92,3359.93,3348.9,1954288,374
2011-08-31,10000002,34,3.42,3.44,3.38,22702653864,2234
2011-08-31,10000002,35,4.22,4.24,4.19,5690529957,1580
2011-08-31,10000002,36,29.15,29.21,29.1,1632690493,1459
2011-08-31,10000002,37,61.53,61.93,61.5,350659726,1159
2011-08-31,10000002,38,389.8,390,386.72,83556834,1202
2011-08-31,10000002,39,706.72,713.91,705.16,26176302,990
2011-08-31,10000002,40,2692.99,2697,2676.06,8882815,969
2011-08-31,10000002,11399,3230.18,3329.1,3229.2,2348155,394
2011-09-01,10000002,34,3.42,3.43,3.34,26749793344,1693
2011-09-01,10000002,35,4.27,4.28,4.25,4947908859,1245
2011-09-01,10000002,36,29.18,29.18,29.17,1385835084,1133
2011-09-01,10000002,37,61.88,61.99,61.5,262584156,934
2011-09-01,10000002,38,385.92,385.99,381.96,68993645,936
2011-09-01,10000002,39,713.46,713.5,705.2,31401640,780
2011-09-01,10000002,40,2699.48,2704.88,2679,8405271,797
2011-09-01,10000002,11399,3331.31,3376.95,3329.15,1775529,263
2011-09-02,10000002,34,3.39,3.41,3.36,28484667808,2090
2011-09-02,10000002,35,4.22,4.22,4.21,5978895911,1568
2011-09-02,10000002,36,29.12,29.13,29.11,1357898657,1377
2011-09-02,10000002,37,61.24,61.97,61.1,366302394,1099
2011-09-02,10000002,38,384,384,384,77616929,1148
2011-09-02,10000002,39,710.92,712.82,708.18,43052092,961
2011-09-02,10000002,40,2720.04,2787.99,2683.5,13213223,933
2011-09-02,10000002,11399,3430,3585.82,3393.98,3210332,338
2011-09-03,10000002,34,3.37,3.39,3.35,22267253881,2569
2011-09-03,10000002,35,4.22,4.24,4.2,4538902954,1790
2011-09-03,10000002,36,29.9,29.97,29.49,1605178342,1684
2011-09-03,10000002,37,60.02,61.81,60,414326545,1380
2011-09-03,10000002,38,389.62,391.49,380.41,117192898,1387
2011-09-03,10000002,39,712.94,713.38,705.79,35298273,1111
2011-09-03,10000002,40,2753.13,2969.98,2735.43,11201880,1140
2011-09-03,10000002,11399,3695.08,3879.82,3573.48,3540194,431
2011-09-04,10000002,34,3.39,3.4,3.37,28427957475,2728
2011-09-04,10000002,35,4.3,4.35,4.26,8358514733,2020
2011-09-04,10000002,36,30.6,31.47,29.61,2358380295,1842
2011-09-04,10000002,37,61.39,61.52,61.19,492168427,1453
2011-09-04,10000002,38,391.2,391.3,387,142708979,1553
2011-09-04,10000002,39,709.99,713.88,703.01,34606308,1244
2011-09-04,10000002,40,2775.02,2864.99,2735.15,16302523,1295
2011-09-04,10000002,11399,3700.01,3799,3700.01,1760616,376
2011-09-05,10000002,34,3.36,3.38,3.34,30219848903,2564
2011-09-05,10000002,35,4.27,4.29,4.23,5029588983,1867
2011-09-05,10000002,36,29.52,29.8,28.68,1813433761,1772
2011-09-05,10000002,37,60.86,61.06,59.8,293936341,1406
2011-09-05,10000002,38,379.01,386.92,373.94,161978739,1502
2011-09-05,10000002,39,709.8,711,703.05,36510547,1265
2011-09-05,10000002,40,2627.04,2725.88,2602.19,17136230,1265
2011-09-05,10000002,11399,3695.08,3764.76,3695.08,2102407,437
2011-09-06,10000002,34,3.37,3.38,3.35,16247102351,2172
2011-09-06,10000002,35,4.25,4.28,4.23,3493127572,1629
2011-09-06,10000002,36,29.06,29.46,28.98,1530444298,1509
2011-09-06,10000002,37,60.72,60.79,60.65,354509064,1247
2011-09-06,10000002,38,383.6,384,376.32,92320697,1328
2011-09-06,10000002,39,714.84,714.99,703.48,37081060,1112
2011-09-06,10000002,40,2676.73,2720,2630.13,16623799,1131
2011-09-06,10000002,11399,3774.98,3879.66,3763.99,3525748,450
2011-09-07,10000002,34,3.35,3.37,3.33,27137815061,2235
2011-09-07,10000002,35,4.26,4.28,4.24,4419085351,1610
2011-09-07,10000002,36,29.08,29.13,28.9,1331772858,1445
2011-09-07,10000002,37,60.74,60.8,59.81,534538160,1165
2011-09-07,10000002,38,383.97,383.98,381.9,83486800,1271
2011-09-07,10000002,39,715,715.93,707.01,47538171,1094
2011-09-07,10000002,40,2736,2739,2640.41,11696538,1027
2011-09-07,10000002,11399,3998,3999.98,3650,1992038,359
2011-09-08,10000002,34,3.37,3.39,3.34,24657449798,2094
2011-09-08,10000002,35,4.26,4.27,4.25,5166068118,1583
2011-09-08,10000002,36,29.4,29.77,29.28,1178360110,1499
2011-09-08,10000002,37,60.41,60.55,59.34,235020770,1144
2011-09-08,10000002,38,384.01,384.88,383.08,93150591,1225
2011-09-08,10000002,39,739.84,741,736.95,37012542,1084
2011-09-08,10000002,40,2685,2741,2653.59,11196144,1006
2011-09-08,10000002,11399,3974,3994,3718.19,1659222,362
2011-09-09,10000002,34,3.38,3.39,3.35,19633050447,2006
2011-09-09,10000002,35,4.28,4.29,4.27,4860139115,1499
2011-09-09,10000002,36,29.78,29.8,29.57,1668513515,1365
2011-09-09,10000002,37,60.72,60.75,60.58,394989764,1095
2011-09-09,10000002,38,384.83,384.86,383.05,89635986,1172
2011-09-09,10000002,39,735.1,762.92,729.04,33778757,908
2011-09-09,10000002,40,2670.16,2727.76,2665.05,12744434,948
2011-09-09,10000002,11399,3818.96,3926.94,3815.68,3629692,362
2011-09-10,10000002,34,3.38,3.39,3.36,28538267168,2500
2011-09-10,10000002,35,4.29,4.3,4.28,6901108942,1801
2011-09-10,10000002,36,29.73,29.73,29.67,1897793305,1575
2011-09-10,10000002,37,60.78,60.79,60.73,393136294,1286
2011-09-10,10000002,38,385,385.87,384.8,122736418,1381
2011-09-10,10000002,39,760,763.8,730.1,39077206,1180
2011-09-10,10000002,40,2689,2689.99,2615.02,17297693,1174
2011-09-10,10000002,11399,3719.33,3750.25,3605.2,3951884,473
2011-09-11,10000002,34,3.39,3.42,3.38,45241298956,2829
2011-09-11,10000002,35,4.34,4.39,4.27,7809697612,1992
2011-09-11,10000002,36,29.79,29.82,29.11,2013632526,1773
2011-09-11,10000002,37,61,61.21,60.44,556398175,1448
2011-09-11,10000002,38,393,394.92,386,110509374,1493
2011-09-11,10000002,39,755.86,759,739.02,39778757,1237
2011-09-11,10000002,40,2700,2722.98,2689.98,11105816,1152
2011-09-11,10000002,11399,3650.75,3871.96,3579.34,3257899,447
2011-09-12,10000002,34,3.38,3.44,3.36,27007761758,2316
2011-09-12,10000002,35,4.26,4.29,4.23,5527933501,1620
2011-09-12,10000002,36,29.8,30.1,29.67,1667479569,1514
2011-09-12,10000002,37,60.78,60.87,60.09,370097598,1181
2011-09-12,10000002,38,394.73,395.89,388.44,90924822,1193
2011-09-12,10000002,39,740.19,751.95,740.06,31895979,1036
2011-09-12,10000002,40,2722.9,2743,2687.44,15324418,1024
2011-09-12,10000002,11399,3782.14,3863.3,3650.67,1504172,358
2011-09-13,10000002,34,3.37,3.39,3.36,26839071458,1951
2011-09-13,10000002,35,4.23,4.24,4.21,5620844813,1380
2011-09-13,10000002,36,30.45,30.48,30.28,1319978315,1281
2011-09-13,10000002,37,60.76,60.79,60.64,346772688,1014
2011-09-13,10000002,38,398.94,398.94,390.21,61493330,1050
2011-09-13,10000002,39,747.3,747.47,739.08,20465511,873
2011-09-13,10000002,40,2763.97,2764.7,2680.13,13673520,922
2011-09-13,10000002,11399,3817.92,3828.99,3584.63,1721718,320
2011-09-14,10000002,34,3.43,3.44,3.4,22683337473,2096
2011-09-14,10000002,35,4.28,4.29,4.26,6649468416,1517
2011-09-14,10000002,36,31.18,31.34,30.98,1590028713,1453
2011-09-14,10000002,37,60.56,60.63,60.2,504565036,1114
2011-09-14,10000002,38,429.4,437.78,395.33,90403425,1246
2011-09-14,10000002,39,739.17,746.75,739.09,52803205,1020
2011-09-14,10000002,40,2752.28,2752.52,2670.05,12156740,974
2011-09-14,10000002,11399,3586.07,3780.97,3585.03,1937858,330
2011-09-15,10000002,34,3.42,3.43,3.41,26837821066,2140
2011-09-15,10000002,35,4.35,4.36,4.33,5873495419,1467
2011-09-15,10000002,36,31.46,32.2,31.15,2199369060,1430
2011-09-15,10000002,37,61.3,61.35,60,382030675,1139
2011-09-15,10000002,38,418.79,420,406.9,106975102,1235
2011-09-15,10000002,39,737.99,739.91,720.33,36397042,1008
2011-09-15,10000002,40,2671.4,2752.38,2669.17,16588277,1071
2011-09-15,10000002,11399,3601,3758,3586.05,4140853,377
2011-09-16,10000002,34,3.42,3.44,3.39,35320813485,2105
2011-09-16,10000002,35,4.34,4.38,4.31,6466639061,1551
2011-09-16,10000002,36,32.18,32.41,31.4,1638263020,1436
2011-09-16,10000002,37,62.8,63.19,61.35,474407191,1154
2011-09-16,10000002,38,418.92,428.75,417.95,126427774,1295
2011-09-16,10000002,39,738.87,739.73,723,32592309,958
2011-09-16,10000002,40,2759.92,2786.7,2711,13012999,965
2011-09-16,10000002,11399,3720,3728.9,3584.65,2184578,377
2011-09-17,10000002,34,3.38,3.43,3.37,22523902407,2429
2011-09-17,10000002,35,4.32,4.37,4.3,4198498258,1778
2011-09-17,10000002,36,31.33,31.96,31.3,1610552114,1733
2011-09-17,10000002,37,62,64.01,61.32,263707909,1307
2011-09-17,10000002,38,420.14,425.99,415.03,82683788,1451
2011-09-17,10000002,39,735,739.49,727.07,18978513,1112
2011-09-17,10000002,40,2797.7,2829.96,2733.86,8227287,1087
2011-09-17,10000002,11399,3714.49,3714.91,3585.79,1361899,380
2011-09-18,10000002,34,3.43,3.44,3.4,24106349716,2513
2011-09-18,10000002,35,4.34,4.36,4.25,4648631542,1776
2011-09-18,10000002,36,31.43,31.95,30.07,1401775753,1664
2011-09-18,10000002,37,62.09,63.38,61.06,257368491,1361
2011-09-18,10000002,38,415.32,425.99,415.27,76423907,1459
2011-09-18,10000002,39,726.61,729.99,723.39,24986639,1154
2011-09-18,10000002,40,2740.01,2828.2,2737.13,19511424,1194
2011-09-18,10000002,11399,3650,3699.27,3586.6,2122382,414
2011-09-19,10000002,34,3.39,3.43,3.36,29105997086,2120
2011-09-19,10000002,35,4.31,4.35,4.28,4041834915,1510
2011-09-19,10000002,36,29.97,30.69,29.46,928773957,1384
2011-09-19,10000002,37,60.05,60.84,60,248985080,1111
2011-09-19,10000002,38,412.15,417.49,405.29,65626654,1241
2011-09-19,10000002,39,720,725,717.01,32849808,996
2011-09-19,10000002,40,2790.19,2817.93,2785,6137487,950
2011-09-19,10000002,11399,3578.47,3598.97,3578.46,3151735,360
2011-09-20,10000002,34,3.41,3.45,3.39,35909289965,2146
2011-09-20,10000002,35,4.32,4.34,4.29,8509254394,1467
2011-09-20,10000002,36,30.4,30.42,29.97,1641900148,1316
2011-09-20,10000002,37,60.38,60.43,59.82,407208745,1101
2011-09-20,10000002,38,412.04,413,406.02,79724511,1127
2011-09-20,10000002,39,716,724.97,714,31758255,954
2011-09-20,10000002,40,2800,2829.96,2785.5,18650307,995
2011-09-20,10000002,11399,3596,3617.83,3578.46,2157183,376
2011-09-21,10000002,34,3.38,3.44,3.37,27338588419,1951
2011-09-21,10000002,35,4.3,4.31,4.3,4378833334,1334
2011-09-21,10000002,36,30.6,30.99,30.42,1483029925,1305
2011-09-21,10000002,37,60.05,60.22,59.87,358312700,1000
2011-09-21,10000002,38,413,418.99,410.03,67332844,1106
2011-09-21,10000002,39,724.91,729.38,711.12,20742796,842
2011-09-21,10000002,40,2861.19,2979.96,2850.6,9538614,903
2011-09-21,10000002,11399,3617.85,3628.1,3572,1366289,304
2011-09-22,10000002,34,3.4,3.41,3.37,43213925739,2010
2011-09-22,10000002,35,4.31,4.35,4.29,10879879356,1394
2011-09-22,10000002,36,30.97,31.1,30.77,1975893499,1377
2011-09-22,10000002,37,60.02,60.77,59.99,588786632,1129
2011-09-22,10000002,38,416.97,418.4,410.06,123092799,1152
2011-09-22,10000002,39,725.44,725.79,712.36,32596324,909
2011-09-22,10000002,40,2825.01,2899.95,2810.55,16033674,942
2011-09-22,10000002,11399,3580,3627.79,3453.29,1696522,371
2011-09-23,10000002,34,3.41,3.44,3.37,29537945506,2036
2011-09-23,10000002,35,4.35,4.36,4.32,6035293462,1522
2011-09-23,10000002,36,32.48,32.68,31.71,1828502149,1505
2011-09-23,10000002,37,62.05,63,59.96,337740122,1184
2011-09-23,10000002,38,414.65,414.99,410.05,92068634,1123
2011-09-23,10000002,39,714.25,724.89,714.22,53842970,983
2011-09-23,10000002,40,2820,2900.01,2810.09,13639090,1001
2011-09-23,10000002,11399,3619.9,3626,3500.04,1733325,368
2011-09-24,10000002,34,3.43,3.45,3.37,29268451041,2474
2011-09-24,10000002,35,4.39,4.41,4.34,7597784043,1876
2011-09-24,10000002,36,33,33.7,32.23,1922894427,1759
2011-09-24,10000002,37,63.05,64.18,61.8,305968781,1352
2011-09-24,10000002,38,413.87,417.87,408.01,93990040,1421
2011-09-24,10000002,39,719.99,723.5,715,34283473,1160
2011-09-24,10000002,40,2840,2904.94,2818,12973514,1133
2011-09-24,10000002,11399,3478.07,3625,3451.01,2575225,415
2011-09-25,10000002,34,3.42,3.45,3.39,27086856342,2718
2011-09-25,10000002,35,4.46,4.55,4.41,4532165514,2005
2011-09-25,10000002,36,32.5,32.82,32.36,2054982447,1850
2011-09-25,10000002,37,62.98,63.12,62.01,403539324,1524
2011-09-25,10000002,38,414,414.5,413.15,103686849,1483
2011-09-25,10000002,39,725.89,736.96,721,29264500,1251
2011-09-25,10000002,40,2850.02,2899.63,2822.38,10876235,1681
2011-09-25,10000002,11399,3452.3,3594.31,3451.26,2412261,460
2011-09-26,10000002,34,3.46,3.47,3.38,32816880611,2095
2011-09-26,10000002,35,4.38,4.44,4.37,5146658730,1524
2011-09-26,10000002,36,32.71,33.25,32.17,2359253419,1464
2011-09-26,10000002,37,62.51,63.62,62.01,307883174,1102
2011-09-26,10000002,38,414,414.27,410.07,133401878,1252
2011-09-26,10000002,39,730.98,734.8,721,60662644,1056
2011-09-26,10000002,40,2807.03,2891.94,2805,12106301,990
2011-09-26,10000002,11399,3410.02,3499.79,3405.42,2218790,369
2011-09-27,10000002,34,3.44,3.45,3.38,33952296530,1889
2011-09-27,10000002,35,4.36,4.39,4.32,6000577097,1354
2011-09-27,10000002,36,32.18,35.99,31.21,1694035928,1277
2011-09-27,10000002,37,63.2,64.33,61.79,452210757,1040
2011-09-27,10000002,38,423.33,434.17,408.84,109583432,1094
2011-09-27,10000002,39,739,755,731.59,45709869,901
2011-09-27,10000002,40,2879.48,2879.99,2807.03,18305338,911
2011-09-27,10000002,11399,3406,3494.9,3302.13,2397964,349
2011-09-28,10000002,34,3.44,3.45,3.4,23637919683,2078
2011-09-28,10000002,35,4.37,4.37,4.36,4103378632,1478
2011-09-28,10000002,36,32.13,32.38,32.05,1509571286,1411
2011-09-28,10000002,37,63.26,63.5,62.08,329612842,1086
2011-09-28,10000002,38,427.44,428.83,415.76,73130832,1217
2011-09-28,10000002,39,737.4,746.97,737.05,26085616,939
2011-09-28,10000002,40,2812.03,2945.96,2811.35,11695781,958
2011-09-28,10000002,11399,3443.86,3486.85,3301.28,1366491,332
2011-09-29,10000002,34,3.4,3.44,3.39,20510484139,2033
2011-09-29,10000002,35,4.35,4.35,4.34,4372339967,1428
2011-09-29,10000002,36,32.6,33.99,32.41,1911260325,1448
2011-09-29,10000002,37,62,62.93,61.61,220797230,1117
2011-09-29,10000002,38,426.74,427,421,64498145,1148
2011-09-29,10000002,39,731.72,737.24,721.06,41395297,963
2011-09-29,10000002,40,2812,2892.99,2800.03,10478896,948
2011-09-29,10000002,11399,3412.64,3412.8,3310,1795083,340
2011-09-30,10000002,34,3.4,3.44,3.39,30025893140,2102
2011-09-30,10000002,35,4.35,4.36,4.3,7510436171,1436
2011-09-30,10000002,36,32.76,33.63,32.62,1582739977,1382
2011-09-30,10000002,37,62.37,62.84,61.07,428533676,1084
2011-09-30,10000002,38,421.05,430,418,120981468,1148
2011-09-30,10000002,39,721.44,730.56,714.85,43038544,898
2011-09-30,10000002,40,2796.05,2845.86,2790.03,13832994,929
2011-09-30,10000002,11399,3306.33,3412.52,3306.11,1932857,334
2011-10-01,10000002,34,3.39,3.43,3.38,28581701082,2413
2011-10-01,10000002,35,4.34,4.38,4.3,4293591857,1722
2011-10-01,10000002,36,32.97,33.43,32.68,1931041727,1795
2011-10-01,10000002,37,63.51,63.73,61.89,292591351,1314
2011-10-01,10000002,38,432,438.75,419.02,75834888,1389
2011-10-01,10000002,39,729.98,730,715.16,32425839,1106
2011-10-01,10000002,40,2810.78,2811.99,2710.07,13573286,1136
2011-10-01,10000002,11399,3349.97,3400.19,3238.95,2617974,409
2011-10-02,10000002,34,3.42,3.43,3.39,29696556580,2560
2011-10-02,10000002,35,4.36,4.36,4.34,6986547036,1840
2011-10-02,10000002,36,33.08,33.12,32.71,1726304333,1682
2011-10-02,10000002,37,64.47,65,63.04,332732334,1341
2011-10-02,10000002,38,431.95,436.69,420.8,94831288,1495
2011-10-02,10000002,39,730.35,730.55,718.82,34855214,1242
2011-10-02,10000002,40,2828.2,2850.06,2803,17543344,1210
2011-10-02,10000002,11399,3339,3340.18,3246.43,1685071,416
2011-10-03,10000002,34,3.43,3.44,3.39,47523922239,2228
2011-10-03,10000002,35,4.32,4.34,4.31,6256094239,1534
2011-10-03,10000002,36,32.52,32.77,32.48,2186528662,1481
2011-10-03,10000002,37,64.88,64.95,63,438284576,1199
2011-10-03,10000002,38,428.93,429.92,421.98,134703198,1258
2011-10-03,10000002,39,738,742.49,733.1,50852998,1051
2011-10-03,10000002,40,2873.99,2875.95,2793,13718736,1008
2011-10-03,10000002,11399,3337.99,3338,3245,1960766,395
2011-10-04,10000002,34,3.38,3.42,3.35,21711986229,1962
2011-10-04,10000002,35,4.34,4.35,4.33,5249042944,1413
2011-10-04,10000002,36,33.08,33.36,32.2,1313752315,1382
2011-10-04,10000002,37,64.6,64.87,62.94,413332655,1079
2011-10-04,10000002,38,430.2,432.57,422.07,104451984,1144
2011-10-04,10000002,39,722.01,731.11,718,50424421,968
2011-10-04,10000002,40,2792.01,2879.92,2791,13756727,956
2011-10-04,10000002,11399,3216.11,3338.49,3211,1698920,278
2011-10-05,10000002,34,3.39,3.41,3.38,24065853732,1968
2011-10-05,10000002,35,4.32,4.34,4.3,4589354600,1495
2011-10-05,10000002,36,32.92,32.96,32.37,1314975977,1357
2011-10-05,10000002,37,63.59,63.93,63.26,309768898,1100
2011-10-05,10000002,38,430.48,430.54,425.31,104146871,1155
2011-10-05,10000002,39,729.19,730,717.27,27027007,939
2011-10-05,10000002,40,2825,2849.83,2805.21,11663780,942
2011-10-05,10000002,11399,3412.15,3412.45,3338.99,3643798,400
2011-10-06,10000002,34,3.41,3.42,3.38,21296681783,1811
2011-10-06,10000002,35,4.34,4.35,4.33,4507054136,1317
2011-10-06,10000002,36,32.4,32.82,32.35,1181091780,1262
2011-10-06,10000002,37,63.31,64.59,63.13,498924293,999
2011-10-06,10000002,38,422.08,426.05,422,73357439,1057
2011-10-06,10000002,39,724.88,729.01,718.54,35449777,919
2011-10-06,10000002,40,2807.55,2824.95,2807.52,11457770,854
2011-10-06,10000002,11399,3580,3709.28,3550,1976382,332
2011-10-07,10000002,34,3.4,3.42,3.36,26621967212,2088
2011-10-07,10000002,35,4.39,4.44,4.32,9072184499,1508
2011-10-07,10000002,36,32.54,32.56,32.41,1494835701,1338
2011-10-07,10000002,37,63.25,63.97,63.15,323489657,1083
2011-10-07,10000002,38,425,425.53,424.94,73940756,1145
2011-10-07,10000002,39,730.1,731.8,729.05,31086309,930
2011-10-07,10000002,40,2845.95,2877.83,2800.13,10649153,925
2011-10-07,10000002,11399,3709.99,3745,3630.22,1356584,336
2011-10-08,10000002,34,3.4,3.41,3.36,22922810158,2030
2011-10-08,10000002,35,4.31,4.45,4.19,6276885280,1556
2011-10-08,10000002,36,32.05,32.08,31.7,1119444367,1363
2011-10-08,10000002,37,63.5,63.64,61.24,283290085,1106
2011-10-08,10000002,38,420.01,421.91,416.81,94617571,1153
2011-10-08,10000002,39,744.99,749.32,729.61,34984214,1008
2011-10-08,10000002,40,2796,2849.99,2768,10995258,949
2011-10-08,10000002,11399,3630,3748.98,3618.1,1261048,342
2011-10-09,10000002,34,3.41,3.41,3.39,26242436105,2535
2011-10-09,10000002,35,4.46,4.48,4.44,6080780793,1838
2011-10-09,10000002,36,31.99,32.62,31.86,1901431268,1661
2011-10-09,10000002,37,63.04,63.34,62.22,417392877,1359
2011-10-09,10000002,38,419.99,421.47,417.13,119428676,1405
2011-10-09,10000002,39,737.39,747.21,737.36,64429254,1207
2011-10-09,10000002,40,2813.9,2868.94,2792.95,17007721,1150
2011-10-09,10000002,11399,3625.21,3749,3618.71,2022559,415
2011-10-10,10000002,34,3.38,3.39,3.37,24785528194,2119
2011-10-10,10000002,35,4.37,4.38,4.34,6380304559,1553
2011-10-10,10000002,36,32.07,32.22,31.99,1549109730,1396
2011-10-10,10000002,37,62.66,62.75,61.42,330325003,1092
2011-10-10,10000002,38,419.67,419.8,417.1,96970291,1194
2011-10-10,10000002,39,742.99,746.99,738.12,38944258,940
2011-10-10,10000002,40,2821.99,2864.26,2762.02,10876874,978
2011-10-10,10000002,11399,3618.76,3746.9,3618.69,2085166,333
2011-10-11,10000002,34,3.39,3.39,3.38,29822418564,2016
2011-10-11,10000002,35,4.31,4.34,4.27,6202788571,1439
2011-10-11,10000002,36,32.07,32.45,32.01,1534661240,1312
2011-10-11,10000002,37,62.4,62.51,62.2,305227106,1036
2011-10-11,10000002,38,417.94,419.46,412.13,78612410,1094
2011-10-11,10000002,39,745.96,746.92,741,42605897,967
2011-10-11,10000002,40,2800,2859.92,2775,12045464,934
2011-10-11,10000002,11399,3679,3689.97,3509.57,1435117,293
2011-10-12,10000002,34,3.4,3.42,3.39,30635327257,2055
2011-10-12,10000002,35,4.27,4.27,4.27,5079277889,1395
2011-10-12,10000002,36,32.63,32.71,32.61,1211225138,1300
2011-10-12,10000002,37,62.11,62.21,61.85,297986728,1031
2011-10-12,10000002,38,416.99,419.05,412.07,93605038,1172
2011-10-12,10000002,39,739.01,745.78,730.02,36253491,912
2011-10-12,10000002,40,2820,2845.98,2787,12178910,893
2011-10-12,10000002,11399,3648,3687.99,3405.1,3252956,312
2011-10-13,10000002,34,3.34,3.37,3.3,41459562051,2189
2011-10-13,10000002,35,4.21,4.26,4.2,8307460401,1486
2011-10-13,10000002,36,32.7,32.92,32.52,1241092387,1352
2011-10-13,10000002,37,61.3,61.76,60.88,370144209,1085
2011-10-13,10000002,38,415.85,418.98,411,66375910,1134
2011-10-13,10000002,39,729,745.16,725.03,27735133,904
2011-10-13,10000002,40,2787.02,2865,2783.64,10898337,937
2011-10-13,10000002,11399,3361.08,3517.01,3301,2760875,336
2011-10-14,10000002,34,3.36,3.37,3.3,28728632448,2085
2011-10-14,10000002,35,4.25,4.26,4.23,6249782226,1398
2011-10-14,10000002,36,33.07,33.24,32.48,1433706693,1340
2011-10-14,10000002,37,61.9,62.4,61.76,507451804,1034
2011-10-14,10000002,38,418.54,420.97,415,88919639,1091
2011-10-14,10000002,39,726.6,743.57,725.04,51178027,933
2011-10-14,10000002,40,2819.97,2864.75,2782.07,11497329,876
2011-10-14,10000002,11399,3356,3516.43,3355,2117032,351
2011-10-15,10000002,34,3.37,3.38,3.34,28734494602,2512
2011-10-15,10000002,35,4.32,4.34,4.27,6255002244,1829
2011-10-15,10000002,36,33.42,33.71,33.22,1280006512,1710
2011-10-15,10000002,37,62.56,62.76,61,270745418,1310
2011-10-15,10000002,38,421.87,429.99,412.08,63153947,1424
2011-10-15,10000002,39,738,738.22,731.5,35598002,1156
2011-10-15,10000002,40,2818,2861.69,2785.02,14031713,1126
2011-10-15,10000002,11399,3488.97,3568.87,3354.17,3239947,441
2011-10-16,10000002,34,3.36,3.38,3.35,34313248845,2622
2011-10-16,10000002,35,4.33,4.34,4.31,4933107373,1887
2011-10-16,10000002,36,33.59,33.63,33.09,1984190234,1756
2011-10-16,10000002,37,62.57,62.65,61.23,363890500,1422
2011-10-16,10000002,38,429,429.61,417.63,85551258,1528
2011-10-16,10000002,39,736.46,736.9,723.27,32439245,1277
2011-10-16,10000002,40,2820.01,2861.36,2777.71,13386151,1228
2011-10-16,10000002,11399,3555,3578.89,3386.15,2622572,420
2011-10-17,10000002,34,3.38,3.4,3.36,38010120982,2211
2011-10-17,10000002,35,4.31,4.33,4.3,6242975936,1504
2011-10-17,10000002,36,33.28,33.37,32.83,1269004381,1400
2011-10-17,10000002,37,62.26,62.45,61.69,263797276,1134
2011-10-17,10000002,38,426.98,428.69,420.21,92005842,1169
2011-10-17,10000002,39,729.93,734.98,723.84,31135791,1041
2011-10-17,10000002,40,2800.01,2858.49,2778.19,15132242,993
2011-10-17,10000002,11399,3386.34,3569.4,3386.26,1948337,327
2011-10-18,10000002,34,3.4,3.42,3.39,19562248865,2044
2011-10-18,10000002,35,4.32,4.32,4.32,5062138476,1478
2011-10-18,10000002,36,33.18,33.25,33,1921744047,1361
2011-10-18,10000002,37,62.13,62.15,62.13,367857191,1110
2011-10-18,10000002,38,426.53,426.69,422.2,85327510,1133
2011-10-18,10000002,39,724.04,728.95,723.4,35930456,999
2011-10-18,10000002,40,2778.49,2849.97,2777.01,15531409,973
2011-10-18,10000002,11399,3469.99,3488.97,3364.1,1636771,312
2011-10-19,10000002,34,3.42,3.43,3.41,31675632070,2169
2011-10-19,10000002,35,4.32,4.33,4.32,5171580068,1503
2011-10-19,10000002,36,33.75,33.8,33.6,1530434491,1429
2011-10-19,10000002,37,62.58,62.59,62.5,283262362,1110
2011-10-19,10000002,38,425,425.94,422.2,66862659,1128
2011-10-19,10000002,39,725.55,726.99,712.77,32272967,1010
2011-10-19,10000002,40,2722.04,2814.84,2711.17,14247852,964
2011-10-19,10000002,11399,3469.89,3469.98,3357.2,2257015,342
2011-10-20,10000002,34,3.39,3.44,3.35,37432562150,2087
2011-10-20,10000002,35,4.35,4.36,4.31,7478960671,1457
2011-10-20,10000002,36,33.63,34.67,33.54,2102755044,1403
2011-10-20,10000002,37,62.58,62.91,62.5,457611134,1152
2011-10-20,10000002,38,425.48,425.54,425,124497796,1120
2011-10-20,10000002,39,725.37,725.43,717,28278015,913
2011-10-20,10000002,40,2785.9,2786.73,2700.22,14590494,971
2011-10-20,10000002,11399,3378.05,3548.02,3357.18,1349788,320
2011-10-21,10000002,34,3.4,3.43,3.33,26730732337,2209
2011-10-21,10000002,35,4.39,4.44,4.32,4571639301,1490
2011-10-21,10000002,36,34.12,34.44,33.91,1242898758,1357
2011-10-21,10000002,37,63.38,63.88,63.2,246883897,1057
2011-10-21,10000002,38,425.28,425.42,422.4,86650266,1161
2011-10-21,10000002,39,724.92,724.97,717.1,35456419,902
2011-10-21,10000002,40,2779,2780,2705.03,11327126,953
2011-10-21,10000002,11399,3400.01,3553.99,3400,1304880,301
2011-10-22,10000002,34,3.42,3.44,3.34,20381183984,2745
2011-10-22,10000002,35,4.36,4.4,4.22,6717650457,1911
2011-10-22,10000002,36,34.39,34.9,33.82,1447190085,1772
2011-10-22,10000002,37,63.16,63.39,62.53,346729306,1417
2011-10-22,10000002,38,427.99,429.79,423.04,89625012,1432
2011-10-22,10000002,39,723.97,735.11,720.44,72428261,1296
2011-10-22,10000002,40,2735.06,2781.96,2723,23499099,1187
2011-10-22,10000002,11399,3539,3539.97,3400.11,1722450,415
2011-10-23,10000002,34,3.4,3.45,3.37,26318884868,2941
2011-10-23,10000002,35,4.36,4.37,4.34,5654528610,2070
2011-10-23,10000002,36,34.51,34.81,33.82,1526307569,1966
2011-10-23,10000002,37,62.85,62.94,62.64,405095833,1514
2011-10-23,10000002,38,440,440,439.98,156574863,1650
2011-10-23,10000002,39,730.78,789.49,729.08,35114747,1353
2011-10-23,10000002,40,2799.9,2805,2745.01,16003771,1290
2011-10-23,10000002,11399,3538,3539.99,3418.19,2247457,485
2011-10-24,10000002,34,3.42,3.44,3.41,22114544742,2391
2011-10-24,10000002,35,4.33,4.35,4.31,6176511229,1682
2011-10-24,10000002,36,34.16,34.69,34.02,1562847660,1535
2011-10-24,10000002,37,62.24,62.63,62,338099380,1210
2011-10-24,10000002,38,445,453.94,440.02,95127072,1338
2011-10-24,10000002,39,749.95,749.95,749.84,58932438,1150
2011-10-24,10000002,40,2810,2847.34,2754.1,17511237,1086
2011-10-24,10000002,11399,3423,3543.09,3419.14,1490988,359
2011-10-25,10000002,34,3.42,3.44,3.39,37145484733,2157
2011-10-25,10000002,35,4.31,4.33,4.28,5800164113,1490
2011-10-25,10000002,36,33.64,33.8,33.35,2382948978,1468
2011-10-25,10000002,37,61.97,62.14,60.44,432061993,1141
2011-10-25,10000002,38,451.01,458.15,450.03,144275583,1281
2011-10-25,10000002,39,750.02,755,736.33,61163701,988
2011-10-25,10000002,40,2767.65,2847.21,2765.05,20606807,1025
2011-10-25,10000002,11399,3412.05,3421,3355,2556851,362
2011-10-26,10000002,34,3.42,3.43,3.41,28048049682,2175
2011-10-26,10000002,35,4.35,4.36,4.34,5119612783,1502
2011-10-26,10000002,36,33.38,33.5,32.82,1308871413,1374
2011-10-26,10000002,37,61.58,61.88,61.45,441423615,1079
2011-10-26,10000002,38,450.02,460,440.07,113671328,1246
2011-10-26,10000002,39,739.04,744.98,736.53,28598833,928
2011-10-26,10000002,40,2809.95,2813,2721.21,12316358,901
2011-10-26,10000002,11399,3299,3299,3299,5328953,323
2011-10-27,10000002,34,3.44,3.46,3.41,31592040055,2107
2011-10-27,10000002,35,4.36,4.39,4.32,5497297946,1485
2011-10-27,10000002,36,33.41,33.69,33.05,1195188962,1311
2011-10-27,10000002,37,61.32,61.53,61.21,263808962,1076
2011-10-27,10000002,38,455.01,459.94,453.2,92298168,1184
2011-10-27,10000002,39,743.97,744.28,741.06,32752991,934
2011-10-27,10000002,40,2813.85,2813.89,2770.48,13139175,921
2011-10-27,10000002,11399,3273,3273,3273,5795193,349
2011-10-28,10000002,34,3.44,3.47,3.42,27051796302,2233
2011-10-28,10000002,35,4.44,4.47,4.39,7769402739,1588
2011-10-28,10000002,36,33.71,33.81,33.4,1483377115,1384
2011-10-28,10000002,37,61.2,61.21,61.04,317058135,1109
2011-10-28,10000002,38,456.99,459.95,455,91684118,1166
2011-10-28,10000002,39,745.99,750,745.65,48511066,972
2011-10-28,10000002,40,2813.89,2825,2772.11,11710751,958
2011-10-28,10000002,11399,3191.12,3398.31,3183.1,1984006,329
2011-10-29,10000002,34,3.39,3.44,3.36,33781561532,2402
2011-10-29,10000002,35,4.41,4.44,4.36,5827255341,1724
2011-10-29,10000002,36,33.74,34.33,33.62,1822205109,1599
2011-10-29,10000002,37,62,62.84,61.76,467383278,1236
2011-10-29,10000002,38,465.27,465.47,462,143882042,1375
2011-10-29,10000002,39,773,793.95,754.89,53440832,1132
2011-10-29,10000002,40,2775.01,2830,2770,17214252,1160
2011-10-29,10000002,11399,3309.92,3398,3221,1798560,398
2011-10-30,10000002,34,3.42,3.44,3.4,27500911462,2531
2011-10-30,10000002,35,4.39,4.41,4.31,6163896790,1834
2011-10-30,10000002,36,34.11,34.88,33.73,1793873038,1765
2011-10-30,10000002,37,62.5,62.62,62.07,461688304,1464
2011-10-30,10000002,38,483,483.56,471.06,113437485,1480
2011-10-30,10000002,39,802.73,830,779.27,37802643,1238
2011-10-30,10000002,40,2747,2829,2735.56,14196417,1180
2011-10-30,10000002,11399,3234.12,3431,3233.14,2151236,447
2011-10-31,10000002,34,3.42,3.43,3.4,32838211784,2201
2011-10-31,10000002,35,4.36,4.37,4.35,5324098282,1587
2011-10-31,10000002,36,34.1,34.14,33.79,1196376592,1429
2011-10-31,10000002,37,62.74,62.79,62,409082176,1200
2011-10-31,10000002,38,480,483,471.53,76690246,1304
2011-10-31,10000002,39,788.78,811.07,786.9,37633735,1066
2011-10-31,10000002,40,2749.02,2807.97,2748.75,10997942,1035
2011-10-31,10000002,11399,3408.99,3429.95,3258.03,1113882,386
2011-11-01,10000002,34,3.41,3.42,3.39,23047127061,2059
2011-11-01,10000002,35,4.31,4.32,4.31,5601471538,1487
2011-11-01,10000002,36,33.52,33.59,33.41,1825518058,1433
2011-11-01,10000002,37,61.79,62.59,61.57,543328396,1213
2011-11-01,10000002,38,490,495,477.82,118226770,1322
2011-11-01,10000002,39,804.4,804.44,787.01,64171667,1053
2011-11-01,10000002,40,2750,2800.61,2748.44,15157314,969
2011-11-01,10000002,11399,3396.15,3396.31,3270.04,1781879,369
2011-11-02,10000002,34,3.37,3.37,3.36,36870965175,2053
2011-11-02,10000002,35,4.34,4.35,4.33,3590889641,1386
2011-11-02,10000002,36,33.37,33.4,33.22,1473835797,1363
2011-11-02,10000002,37,62.23,62.33,60.73,175303243,1064
2011-11-02,10000002,38,490.99,499.84,486,101821133,1238
2011-11-02,10000002,39,804.37,810.79,788.11,31511560,954
2011-11-02,10000002,40,2774.99,2791.01,2755.44,11753863,915
2011-11-02,10000002,11399,3396.5,3399.98,3271.62,1177031,336
2011-11-03,10000002,34,3.37,3.39,3.33,32027112494,2113
2011-11-03,10000002,35,4.33,4.35,4.3,7174900201,1501
2011-11-03,10000002,36,33.24,33.39,33.08,1614205594,1404
2011-11-03,10000002,37,61.75,61.94,60.39,301548302,1078
2011-11-03,10000002,38,508.99,524.92,495.07,100449637,1205
2011-11-03,10000002,39,786.7,789.07,784.93,49625310,981
2011-11-03,10000002,40,2701,2749.96,2677.03,19329963,892
2011-11-03,10000002,11399,3274.03,3299.99,3252,1602038,366
2011-11-04,10000002,34,3.37,3.39,3.32,25905017216,2244
2011-11-04,10000002,35,4.34,4.36,4.31,6608281370,1618
2011-11-04,10000002,36,33.43,33.86,32.76,1803917522,1476
2011-11-04,10000002,37,61.71,61.8,61.06,405064293,1214
2011-11-04,10000002,38,520.01,521.98,519.96,96136011,1246
2011-11-04,10000002,39,793,793.6,778.1,47808393,1079
2011-11-04,10000002,40,2745.95,2749.96,2710,13039565,989
2011-11-04,10000002,11399,3289.17,3289.99,3191.19,1357347,327
2011-11-05,10000002,34,3.33,3.35,3.31,35141133149,2397
2011-11-05,10000002,35,4.34,4.35,4.34,7057255487,1776
2011-11-05,10000002,36,33.33,33.49,32.86,1430560613,1641
2011-11-05,10000002,37,60.99,61.09,59.56,283668373,1330
2011-11-05,10000002,38,511.33,514.36,506,93667606,1409
2011-11-05,10000002,39,790.95,792,764.04,27276656,1171
2011-11-05,10000002,40,2741.91,2744.96,2697,10325354,1141
2011-11-05,10000002,11399,3429.81,3440.94,3284.9,3757709,415
2011-11-06,10000002,34,3.35,3.36,3.33,24670160409,2646
2011-11-06,10000002,35,4.35,4.35,4.34,5521813676,1936
2011-11-06,10000002,36,33.11,33.13,33,1793172316,1817
2011-11-06,10000002,37,60.69,60.78,60.68,421685354,1424
2011-11-06,10000002,38,507.09,509.65,500.22,98185710,1492
2011-11-06,10000002,39,787.19,787.22,782,36612813,1288
2011-11-06,10000002,40,2783.33,2799.57,2710.13,12029689,1220
2011-11-06,10000002,11399,3499,3564.23,3233.06,2425923,441
2011-11-07,10000002,34,3.35,3.37,3.31,44433193031,2385
2011-11-07,10000002,35,4.35,4.36,4.34,5579192725,1698
2011-11-07,10000002,36,33.41,33.44,33.32,1270549691,1557
2011-11-07,10000002,37,61,61.24,60.41,290521342,1245
2011-11-07,10000002,38,502.17,507.41,500.61,110012539,1338
2011-11-07,10000002,39,790.01,793.8,788,39320853,1118
2011-11-07,10000002,40,2710.1,2799.34,2707.06,14543726,1153
2011-11-07,10000002,11399,3496.97,3498.64,3252.04,1985185,384
2011-11-08,10000002,34,3.35,3.36,3.33,45946803965,2301
2011-11-08,10000002,35,4.37,4.38,4.36,6433202811,1665
2011-11-08,10000002,36,33.13,33.19,33.04,1708535735,1490
2011-11-08,10000002,37,60.99,61.03,60.97,334946015,1208
2011-11-08,10000002,38,499.99,502.89,490,153356873,1349
2011-11-08,10000002,39,809.65,811.08,793.11,44255088,1095
2011-11-08,10000002,40,2710.01,2798.99,2708.2,20082189,1102
2011-11-08,10000002,11399,3292.01,3438.92,3290.09,2300972,342
2011-11-09,10000002,34,3.33,3.34,3.31,29056170571,1981
2011-11-09,10000002,35,4.32,4.33,4.31,9487679260,1475
2011-11-09,10000002,36,32.85,33.1,32.74,1807540449,1451
2011-11-09,10000002,37,60.65,60.72,60.51,447023538,1069
2011-11-09,10000002,38,496.35,499.91,485.31,83164682,1129
2011-11-09,10000002,39,800.4,814.97,800.01,22585748,886
2011-11-09,10000002,40,2717.06,2799.92,2711.23,12318331,929
2011-11-09,10000002,11399,3279.99,3416.99,3279.98,1914596,288
2011-11-10,10000002,34,3.31,3.32,3.3,50678483786,2109
2011-11-10,10000002,35,4.29,4.31,4.27,8256537333,1473
2011-11-10,10000002,36,32.33,32.58,32.09,2360329735,1426
2011-11-10,10000002,37,61.02,61.72,60.51,627487175,1210
2011-11-10,10000002,38,486.01,490.39,482.11,99629493,1186
2011-11-10,10000002,39,800,807.98,794.56,28386789,940
2011-11-10,10000002,40,2769.89,2789.99,2720.01,11293657,909
2011-11-10,10000002,11399,3252.1,3350,3252.05,2594858,355
2011-11-11,10000002,34,3.32,3.33,3.29,43540032394,2021
2011-11-11,10000002,35,4.26,4.28,4.24,6514733673,1430
2011-11-11,10000002,36,31.86,32.21,31.55,1095039773,1297
2011-11-11,10000002,37,61.06,61.75,59.13,323808805,1009
2011-11-11,10000002,38,487,489.91,485.95,73380550,1093
2011-11-11,10000002,39,794.03,799.97,793.7,27085945,904
2011-11-11,10000002,40,2792.08,2793.83,2743.02,7597174,824
2011-11-11,10000002,11399,3397.85,3398.35,3251.03,2355451,350
2011-11-12,10000002,34,3.32,3.33,3.28,28126362997,2296
2011-11-12,10000002,35,4.28,4.29,4.27,4469092654,1596
2011-11-12,10000002,36,31.53,31.86,31.43,1686475558,1499
2011-11-12,10000002,37,60.91,60.98,60.88,370437329,1213
2011-11-12,10000002,38,482.79,486.55,479.99,130685548,1321
2011-11-12,10000002,39,793,798.29,771.01,46162964,1102
2011-11-12,10000002,40,2741,2789.98,2720.25,15597203,1055
2011-11-12,10000002,11399,3349.98,3396.95,3200.46,1974919,342
2011-11-13,10000002,34,3.32,3.33,3.31,22817996442,2304
2011-11-13,10000002,35,4.28,4.3,4.25,5946025289,1613
2011-11-13,10000002,36,32.22,32.31,31.99,1595136223,1536
2011-11-13,10000002,37,60.88,60.9,60.75,324160985,1241
2011-11-13,10000002,38,483.8,484.36,481,90875795,1297
2011-11-13,10000002,39,793,796,772,40922828,1170
2011-11-13,10000002,40,2777.96,2794.99,2720,13050214,1072
2011-11-13,10000002,11399,3390.46,3396.94,3389.97,3840645,434
2011-11-14,10000002,34,3.31,3.32,3.29,52453313018,1962
2011-11-14,10000002,35,4.2,4.24,4.16,5982260637,1280
2011-11-14,10000002,36,32.19,32.26,32,1145274522,1231
2011-11-14,10000002,37,60.2,60.37,59.91,259448742,937
2011-11-14,10000002,38,482.4,482.83,479.31,88883122,1062
2011-11-14,10000002,39,780,791.85,767.2,52982827,938
2011-11-14,10000002,40,2713.07,2793.98,2710,18482685,876
2011-11-14,10000002,11399,3410,3412.36,3281.78,959155,290
2011-11-15,10000002,34,3.3,3.31,3.27,38668877346,1926
2011-11-15,10000002,35,4.21,4.21,4.2,7687593292,1336
2011-11-15,10000002,36,32.49,32.73,31.94,2206392723,1322
2011-11-15,10000002,37,60.79,60.88,59.92,325707005,1009
2011-11-15,10000002,38,481,481.73,475.03,90990161,1050
2011-11-15,10000002,39,784.96,788.65,770.36,37391835,918
2011-11-15,10000002,40,2775,2783.02,2713.15,10893065,847
2011-11-15,10000002,11399,3300.28,3410.87,3282.07,1980999,322
2011-11-16,10000002,34,3.28,3.29,3.25,31659705980,1809
2011-11-16,10000002,35,4.19,4.2,4.17,5669431795,1230
2011-11-16,10000002,36,32.6,32.67,32.44,1128468955,1180
2011-11-16,10000002,37,60.24,60.41,60.12,425513240,984
2011-11-16,10000002,38,480.97,481.12,480.92,116996192,1001
2011-11-16,10000002,39,770,770.2,769.8,53780477,890
2011-11-16,10000002,40,2715.89,2780.04,2715.11,11978298,818
2011-11-16,10000002,11399,3349.99,3407.99,3257.17,1070086,288
2011-11-17,10000002,34,3.27,3.29,3.26,37009988431,1817
2011-11-17,10000002,35,4.24,4.25,4.22,7765323746,1263
2011-11-17,10000002,36,32.46,32.58,32.4,1198523898,1175
2011-11-17,10000002,37,60.5,60.67,60.22,250232636,883
2011-11-17,10000002,38,479.87,480.7,475.91,83094257,962
2011-11-17,10000002,39,765.04,775,761,39714783,836
2011-11-17,10000002,40,2748,2750,2720.05,15550188,810
2011-11-17,10000002,11399,3255.34,3332,3255.16,2332824,331
2011-11-18,10000002,34,3.25,3.3,3.24,40155414093,1961
2011-11-18,10000002,35,4.25,4.29,4.23,4856182970,1295
2011-11-18,10000002,36,32.99,33.85,32.75,1554889376,1311
2011-11-18,10000002,37,60.64,61.72,60.61,437222641,1009
2011-11-18,10000002,38,480.69,481.36,475.42,112251084,1136
2011-11-18,10000002,39,780.6,787.81,759.43,25148293,912
2011-11-18,10000002,40,2796.5,2845.85,2725.66,12604071,963
2011-11-18,10000002,11399,3331.95,3341.95,3331.91,1933690,311
2011-11-19,10000002,34,3.3,3.32,3.27,37406962416,2296
2011-11-19,10000002,35,4.3,4.31,4.3,4107834270,1499
2011-11-19,10000002,36,34.98,35.5,34.24,1830468638,1588
2011-11-19,10000002,37,62.4,62.51,62.34,284528735,1132
2011-11-19,10000002,38,484.99,486.48,477.05,77874708,1237
2011-11-19,10000002,39,782.21,787.18,767.49,24937105,1050
2011-11-19,10000002,40,2841.88,2859.74,2758.81,11177197,1089
2011-11-19,10000002,11399,3222.06,3320.99,3222,1875037,393
2011-11-20,10000002,34,3.32,3.36,3.29,28087700708,2350
2011-11-20,10000002,35,4.3,4.32,4.28,6801008877,1705
2011-11-20,10000002,36,35,35.3,34.33,1670381491,1696
2011-11-20,10000002,37,62.05,62.4,61.2,315928653,1283
2011-11-20,10000002,38,488.99,493.8,485.04,80210952,1414
2011-11-20,10000002,39,788,798.38,782.37,41511366,1223
2011-11-20,10000002,40,2824.98,2854.73,2773,19964354,1209
2011-11-20,10000002,11399,3318,3333,3203.02,6993091,539
2011-11-21,10000002,34,3.34,3.36,3.29,40972473218,1965
2011-11-21,10000002,35,4.23,4.24,4.23,7130038596,1330
2011-11-21,10000002,36,34.49,34.79,34.28,1341635599,1320
2011-11-21,10000002,37,61.11,61.55,61.05,358389462,1027
2011-11-21,10000002,38,483.2,486.93,483.09,77925358,1073
2011-11-21,10000002,39,780.01,794.88,775.05,36288803,951
2011-11-21,10000002,40,2854,2877.99,2771.24,19048427,976
2011-11-21,10000002,11399,3204.25,3397.9,3198.8,1488518,301
2011-11-22,10000002,34,3.36,3.38,3.33,32756677501,1837
2011-11-22,10000002,35,4.25,4.25,4.25,8940162695,1308
2011-11-22,10000002,36,34.33,34.35,33.81,1932148320,1258
2011-11-22,10000002,37,61.19,61.2,60.8,420174754,935
2011-11-22,10000002,38,484.03,486.06,481.04,180095166,1095
2011-11-22,10000002,39,790.09,793.6,780.45,41570408,904
2011-11-22,10000002,40,2771.21,2867.97,2767.02,18109912,919
2011-11-22,10000002,11399,3194.52,3204.44,3193.85,2674893,341
2011-11-23,10000002,34,3.38,3.39,3.32,29086982013,1808
2011-11-23,10000002,35,4.3,4.32,4.27,6335852842,1265
2011-11-23,10000002,36,34.06,34.29,33.94,1902589403,1189
2011-11-23,10000002,37,62.29,62.41,60.72,368473734,953
2011-11-23,10000002,38,484,490.62,472.51,124314563,1126
2011-11-23,10000002,39,783.03,792,777,37593440,852
2011-11-23,10000002,40,2800,2856.87,2767.16,14071525,818
2011-11-23,10000002,11399,3108.01,3189.98,3107.02,1986044,295
2011-11-24,10000002,34,3.37,3.37,3.34,19844104097,1876
2011-11-24,10000002,35,4.31,4.34,4.3,4701167156,1337
2011-11-24,10000002,36,34.22,34.55,34.15,1389977282,1249
2011-11-24,10000002,37,61.57,61.87,61.03,285904649,1019
2011-11-24,10000002,38,480.59,482.95,480.44,82587017,1094
2011-11-24,10000002,39,779.18,787.69,776.57,59897203,947
2011-11-24,10000002,40,2803.7,2807,2766.91,10545829,857
2011-11-24,10000002,11399,3155,3294.91,3120,1962063,278
2011-11-25,10000002,34,3.35,3.35,3.33,21310836743,1872
2011-11-25,10000002,35,4.29,4.29,4.28,6028094521,1283
2011-11-25,10000002,36,34.35,34.39,34.15,1628120011,1277
2011-11-25,10000002,37,61.29,61.43,61.03,483239127,1021
2011-11-25,10000002,38,479.43,480.39,479.23,109211860,1043
2011-11-25,10000002,39,778.56,779.84,765.57,51761177,916
2011-11-25,10000002,40,2805.83,2805.88,2766.41,14353051,831
2011-11-25,10000002,11399,3293.15,3293.48,3156.4,1610595,340
2011-11-26,10000002,34,3.3,3.35,3.28,35014598170,2247
2011-11-26,10000002,35,4.32,4.33,4.3,4852101670,1527
2011-11-26,10000002,36,34.77,34.8,34.33,1670028790,1458
2011-11-26,10000002,37,60.54,61.41,59.43,325717080,1204
2011-11-26,10000002,38,489.8,490,480.92,84547807,1268
2011-11-26,10000002,39,779.86,779.98,770.1,36625756,1049
2011-11-26,10000002,40,2803.85,2805.84,2767.28,15415996,1007
2011-11-26,10000002,11399,3249.59,3250,3123.04,2776786,398
2011-11-27,10000002,34,3.33,3.34,3.29,35482442247,2181
2011-11-27,10000002,35,4.29,4.3,4.28,5437249089,1505
2011-11-27,10000002,36,35,35.22,34.61,1348111671,1501
2011-11-27,10000002,37,61.08,61.09,60.8,229050048,1120
2011-11-27,10000002,38,484.02,489.99,483,106461870,1256
2011-11-27,10000002,39,770.15,777.87,770.1,36206043,1064
2011-11-27,10000002,40,2789.99,2900,2730,18117607,1034
2011-11-27,10000002,11399,3320.3,3320.3,3249.95,5195527,429
2011-11-28,10000002,34,3.34,3.35,3.3,35645203186,1944
2011-11-28,10000002,35,4.36,4.37,4.33,8398735753,1432
2011-11-28,10000002,36,35.81,35.92,35.09,1951765891,1352
2011-11-28,10000002,37,61.38,62.02,61.01,467055757,1096
2011-11-28,10000002,38,490.36,490.97,481,113528402,1147
2011-11-28,10000002,39,777.29,778.89,759.34,45819021,1000
2011-11-28,10000002,40,2727.11,2803,2727,17145191,981
2011-11-28,10000002,11399,3125,3299.28,3124.01,2508719,318
2011-11-29,10000002,34,3.35,3.37,3.32,33823593803,1902
2011-11-29,10000002,35,4.35,4.35,4.35,7555547042,1453
2011-11-29,10000002,36,39,53.32,35.98,1908499674,1571
2011-11-29,10000002,37,61.87,61.88,61.84,354435547,1103
2011-11-29,10000002,38,481.86,489.97,468.2,114841298,1059
2011-11-29,10000002,39,788.98,789.98,788.91,40619664,1156
2011-11-29,10000002,40,2819.99,2887.99,2818.85,17939873,1192
2011-11-29,10000002,11399,3124,3289.6,3122.13,1522332,229
2011-11-30,10000002,34,3.37,3.37,3.36,33994159680,2645
2011-11-30,10000002,35,4.45,4.49,4.43,7841002753,2026
2011-11-30,10000002,36,37.69,39.82,37.08,2571090597,2069
2011-11-30,10000002,37,61.68,62.03,60,412492684,1559
2011-11-30,10000002,38,479.89,481.46,471.2,107577587,1556
2011-11-30,10000002,39,820,828.84,775.1,71212855,1576
2011-11-30,10000002,40,2892.45,2927.52,2805,17433364,1552
2011-11-30,10000002,11399,3242.99,3244.96,3124.06,1177054,409
2011-12-01,10000002,34,3.38,3.38,3.37,49494669803,2568
2011-12-01,10000002,35,5.2,5.48,4.95,12774260457,2038
2011-12-01,10000002,36,40.36,43.6,39,2858420050,1944
2011-12-01,10000002,37,61.93,62.38,60.86,594801193,1436
2011-12-01,10000002,38,479.72,483.99,475.1,171789070,1542
2011-12-01,10000002,39,810.67,812.23,798,49532160,1380
2011-12-01,10000002,40,2920.01,2995.87,2900,27844325,1428
2011-12-01,10000002,11399,3240,3367.63,3238.85,4711973,456
2011-12-02,10000002,34,3.36,3.38,3.3,43662324967,2501
2011-12-02,10000002,35,4.6,4.69,4.54,8481512265,1822
2011-12-02,10000002,36,42.34,44,41.08,1996631461,1807
2011-12-02,10000002,37,61.82,61.88,59.3,683150872,1340
2011-12-02,10000002,38,480,483.98,465,116679639,1461
2011-12-02,10000002,39,807.97,809.73,780.5,62842134,1238
2011-12-02,10000002,40,2902.43,2989.44,2820.03,20316588,1219
2011-12-02,10000002,11399,3355,3367.9,3131.57,3176139,401
2011-12-03,10000002,34,3.35,3.37,3.3,34439357338,3029
2011-12-03,10000002,35,4.63,4.65,4.59,6595571446,2204
2011-12-03,10000002,36,42.86,42.99,42.03,1628699958,2084
2011-12-03,10000002,37,61.58,61.82,61,473327830,1720
2011-12-03,10000002,38,477.95,478.87,476.09,153440509,1708
2011-12-03,10000002,39,803,808.15,793.13,46796671,1448
2011-12-03,10000002,40,2873.02,2934.95,2799.44,23440408,1546
2011-12-03,10000002,11399,3349.45,3398.99,3180.12,1679006,532
2011-12-04,10000002,34,3.37,3.37,3.36,33101268518,3185
2011-12-04,10000002,35,4.5,4.53,4.45,8340831707,2245
2011-12-04,10000002,36,41,42.03,40.32,2839301903,2302
2011-12-04,10000002,37,61.95,62.34,61.43,596171070,1734
2011-12-04,10000002,38,474.89,476.97,464.09,159646907,1797
2011-12-04,10000002,39,799.94,801.63,787.01,61778316,1563
2011-12-04,10000002,40,2909.8,2909.84,2860,14237908,1449
2011-12-04,10000002,11399,3300.51,3377.97,3170.02,3274331,520
2011-12-05,10000002,34,3.37,3.38,3.34,33044604113,2896
2011-12-05,10000002,35,4.7,4.75,4.68,5639225425,2049
2011-12-05,10000002,36,41.08,41.36,40.64,1950705284,1922
2011-12-05,10000002,37,62.38,62.51,61.05,377052927,1499
2011-12-05,10000002,38,469.49,469.99,467,112375020,1575
2011-12-05,10000002,39,799.57,799.75,785.1,42601853,1379
2011-12-05,10000002,40,2912.88,2942,2890.15,19012085,1384
2011-12-05,10000002,11399,3348.76,3376.9,3159.04,1970775,414
2011-12-06,10000002,34,3.36,3.37,3.34,31675386423,2391
2011-12-06,10000002,35,4.77,5,4.7,8538064262,1771
2011-12-06,10000002,36,41.4,41.53,40.08,1447294359,1637
2011-12-06,10000002,37,62.17,62.26,60.28,502256104,1308
2011-12-06,10000002,38,474.4,475,467.11,108073221,1350
2011-12-06,10000002,39,780,795.96,767.14,56879559,1203
2011-12-06,10000002,40,2891.59,2990.04,2850,21233926,1175
2011-12-06,10000002,11399,3288.97,3358.9,3160.3,2323242,354
2011-12-07,10000002,34,3.37,3.37,3.36,33963699331,2617
2011-12-07,10000002,35,5.06,5.07,5.04,7673041493,1973
2011-12-07,10000002,36,41.22,41.28,41.2,1741359926,1790
2011-12-07,10000002,37,61.91,62.11,60.71,383340695,1451
2011-12-07,10000002,38,474.86,476.85,470.08,77725660,1411
2011-12-07,10000002,39,786.77,788.95,767.72,67423580,1286
2011-12-07,10000002,40,2830.21,2946.86,2827.13,14614851,1174
2011-12-07,10000002,11399,3375.95,3376.93,3349.95,3528108,399
2011-12-08,10000002,34,3.36,3.37,3.36,27153773911,2660
2011-12-08,10000002,35,5.04,5.08,4.99,6253615824,1993
2011-12-08,10000002,36,41.28,41.32,41.24,2141206712,1799
2011-12-08,10000002,37,61.75,61.83,61.66,385434938,1447
2011-12-08,10000002,38,474.01,474.4,470.22,133986360,1488
2011-12-08,10000002,39,762,773.95,757.58,69221669,1318
2011-12-08,10000002,40,2914.87,2915,2868.29,14058644,1282
2011-12-08,10000002,11399,3420.17,3420.19,3389.73,1156431,393
2011-12-09,10000002,34,3.37,3.38,3.34,31320653357,2624
2011-12-09,10000002,35,4.94,4.95,4.86,6668332349,1843
2011-12-09,10000002,36,41.46,42.36,41.18,1685743521,1780
2011-12-09,10000002,37,61.86,61.87,61.18,433843432,1410
2011-12-09,10000002,38,475.9,480.02,474.36,90672608,1436
2011-12-09,10000002,39,779.98,780,761.39,34927073,1226
2011-12-09,10000002,40,2930,2948.43,2880.11,13618552,1227
2011-12-09,10000002,11399,3295.64,3295.64,3295.64,1739786,349
2011-12-10,10000002,34,3.38,3.39,3.36,20303908634,3025
2011-12-10,10000002,35,4.89,4.93,4.82,4090478339,2208
2011-12-10,10000002,36,43.38,43.8,43.05,1118549376,2052
2011-12-10,10000002,37,61.03,61.92,60.88,401297956,1651
2011-12-10,10000002,38,480.92,484.46,480.03,82993209,1657
2011-12-10,10000002,39,790,795.25,780.92,45662096,1382
2011-12-10,10000002,40,2937.09,2955,2908.04,12066772,1342
2011-12-10,10000002,11399,3413.49,3413.84,3178.02,1701959,417
2011-12-11,10000002,34,3.38,3.38,3.38,33958877294,3273
2011-12-11,10000002,35,4.87,4.88,4.86,7297322893,2339
2011-12-11,10000002,36,42.74,43.04,42.41,2419776069,2239
2011-12-11,10000002,37,61.5,61.65,60.99,505633446,1882
2011-12-11,10000002,38,478.7,480,474.4,139614547,1801
2011-12-11,10000002,39,777.98,793.19,776,106431528,1638
2011-12-11,10000002,40,2861.39,2920.92,2842,18942696,1537
2011-12-11,10000002,11399,3413.73,3413.99,3387.99,4046284,507
2011-12-12,10000002,34,3.35,3.37,3.34,28257015282,2750
2011-12-12,10000002,35,4.88,4.92,4.87,5012672041,1955
2011-12-12,10000002,36,42.52,42.93,42.43,1315259264,1831
2011-12-12,10000002,37,61.9,61.92,61.74,326316747,1460
2011-12-12,10000002,38,482.6,483.02,478.94,69599197,1440
2011-12-12,10000002,39,765.24,789.47,758.6,37804060,1295
2011-12-12,10000002,40,2900.02,2939.72,2841.42,20441584,1305
2011-12-12,10000002,11399,3201.1,3420.05,3197.49,1761928,344
2011-12-13,10000002,34,3.39,3.39,3.39,31337150651,2598
2011-12-13,10000002,35,4.9,5,4.87,4883222218,1816
2011-12-13,10000002,36,42.99,43.21,42.61,1597578227,1787
2011-12-13,10000002,37,61.91,62,61.7,396572433,1364
2011-12-13,10000002,38,476.93,478.52,473.03,96310260,1381
2011-12-13,10000002,39,774.98,776.91,764.04,43290138,1245
2011-12-13,10000002,40,2850.57,2926.99,2780.01,22669582,1255
2011-12-13,10000002,11399,3413.94,3414.5,3365.6,1353628,350
2011-12-14,10000002,34,3.43,3.45,3.41,32335574658,2375
2011-12-14,10000002,35,5.19,5.2,5.18,5540058479,1690
2011-12-14,10000002,36,43.23,45.17,43.18,2051915969,1628
2011-12-14,10000002,37,62.5,62.54,62.49,364413572,1249
2011-12-14,10000002,38,477.75,477.89,473.06,82173148,1247
2011-12-14,10000002,39,776.97,783.6,751.15,45367204,1160
2011-12-14,10000002,40,2870.62,2911.02,2772.25,14879871,1112
2011-12-14,10000002,11399,3372,3412.01,3370.04,1258858,317
2011-12-15,10000002,34,3.42,3.52,3.4,42378217049,2588
2011-12-15,10000002,35,5.23,5.23,5.22,4914333053,1790
2011-12-15,10000002,36,45.61,46.46,44.29,1471658436,1714
2011-12-15,10000002,37,62.48,62.5,61.85,310955318,1288
2011-12-15,10000002,38,471.84,476.88,462.05,141079046,1357
2011-12-15,10000002,39,753.01,781.95,752.2,27087682,1074
2011-12-15,10000002,40,2890.29,2894.99,2810.38,11580925,1080
2011-12-15,10000002,11399,3391.9,3398.96,3252,1698415,346
2011-12-16,10000002,34,3.46,3.51,3.44,32038164069,2518
2011-12-16,10000002,35,5.22,5.24,5.19,4337521036,1739
2011-12-16,10000002,36,45.89,46.38,45.08,1455418752,1673
2011-12-16,10000002,37,62.46,62.48,61.73,316578477,1260
2011-12-16,10000002,38,461.13,474.99,455.3,93365163,1341
2011-12-16,10000002,39,755,767.31,752.21,37406677,1152
2011-12-16,10000002,40,2812.02,2855.83,2811.1,15382722,1061
2011-12-16,10000002,11399,3400,3419.99,3260.25,1355921,363
2011-12-17,10000002,34,3.4,3.42,3.38,39309973456,2753
2011-12-17,10000002,35,5.13,5.21,5.12,7406486180,2000
2011-12-17,10000002,36,46.39,47.64,46.3,2433529347,2121
2011-12-17,10000002,37,62.51,62.67,61.91,547363998,1435
2011-12-17,10000002,38,469,472,460.06,111899768,1580
2011-12-17,10000002,39,764.97,764.99,752.12,43567557,1286
2011-12-17,10000002,40,2855.97,2863.99,2813.38,14722250,1212
2011-12-17,10000002,11399,3448.49,3449,3263.07,1840171,399
2011-12-18,10000002,34,3.43,3.44,3.42,36551378492,3192
2011-12-18,10000002,35,5.24,5.27,5.19,8007562241,2383
2011-12-18,10000002,36,49,50.96,47,2557947598,2606
2011-12-18,10000002,37,62.41,62.54,62.05,550836808,1671
2011-12-18,10000002,38,474.35,474.58,470,119182883,1892
2011-12-18,10000002,39,765.13,766.97,752,69796451,1485
2011-12-18,10000002,40,2869.9,2910.11,2832,22148835,1496
2011-12-18,10000002,11399,3446.95,3448.43,3446.9,2229509,422
2011-12-19,10000002,34,3.47,3.5,3.39,24344264085,2390
2011-12-19,10000002,35,5.3,5.33,5.21,4895489029,1764
2011-12-19,10000002,36,49.86,50.58,49.2,1620290130,1881
2011-12-19,10000002,37,62.57,63,62.22,352869982,1361
2011-12-19,10000002,38,475.36,475.89,464.15,95995064,1397
2011-12-19,10000002,39,732.02,750,720.71,52516942,1270
2011-12-19,10000002,40,2831.13,2899.95,2820,18355898,1222
2011-12-19,10000002,11399,3400,3446.95,3351.45,1636732,306
2011-12-20,10000002,34,3.52,3.54,3.49,31571729982,2630
2011-12-20,10000002,35,5.39,5.4,5.37,4987493877,1911
2011-12-20,10000002,36,50.84,51.29,50.55,1521206934,1990
2011-12-20,10000002,37,64.39,64.65,63.95,318340089,1328
2011-12-20,10000002,38,476.9,482,470.06,83343224,1525
2011-12-20,10000002,39,752,759.8,749.03,41257561,1261
2011-12-20,10000002,40,2814.06,2868.93,2785.57,21245248,1246
2011-12-20,10000002,11399,3351.39,3442.99,3301.11,1810039,383
2011-12-21,10000002,34,3.51,3.56,3.49,25767668782,2673
2011-12-21,10000002,35,5.29,5.32,5.22,5770843862,1916
2011-12-21,10000002,36,50.49,51,49.25,2168445959,1865
2011-12-21,10000002,37,64.01,64.21,62.18,389693512,1393
2011-12-21,10000002,38,478.82,479.09,470.38,95718711,1440
2011-12-21,10000002,39,740.97,745,733.29,41720088,1191
2011-12-21,10000002,40,2796.02,2858.09,2793.02,12383250,1152
2011-12-21,10000002,11399,3301.17,3438,3301.1,1468942,347
2011-12-22,10000002,34,3.54,3.55,3.52,25220677553,2542
2011-12-22,10000002,35,5.29,5.31,5.24,5371340650,1911
2011-12-22,10000002,36,52.76,53,51.8,1987426953,1921
2011-12-22,10000002,37,63.55,63.82,62.32,324785680,1395
2011-12-22,10000002,38,477.09,478.89,471.04,96104050,1474
2011-12-22,10000002,39,741,743.97,735.01,30464959,1172
2011-12-22,10000002,40,2829.87,2846.5,2797.15,19110283,1142
2011-12-22,10000002,11399,3435.9,3437.67,3301.67,1157085,358
2011-12-23,10000002,34,3.53,3.54,3.48,17242715417,2634
2011-12-23,10000002,35,5.27,5.28,5.24,4623874394,1936
2011-12-23,10000002,36,51.43,51.78,50.1,1366186185,1969
2011-12-23,10000002,37,63.44,63.68,63.4,334906843,1461
2011-12-23,10000002,38,474,478.88,469.65,107642019,1488
2011-12-23,10000002,39,722.26,740.93,717.52,44696933,1224
2011-12-23,10000002,40,2794,2839.97,2774.16,18058104,1201
2011-12-23,10000002,11399,3351.58,3430,3302.53,2248535,383
2011-12-24,10000002,34,3.59,3.6,3.56,31919245173,2532
2011-12-24,10000002,35,5.36,5.41,5.29,7836117993,1885
2011-12-24,10000002,36,50.99,51.37,49.83,1411123883,1787
2011-12-24,10000002,37,63.82,64.31,62.17,280549533,1358
2011-12-24,10000002,38,467.02,481.44,465,71494710,1398
2011-12-24,10000002,39,737.25,742.6,728.11,29813643,1132
2011-12-24,10000002,40,2799.87,2838.94,2732.11,12132568,1092
2011-12-24,10000002,11399,3304,3400,3303.04,1813219,314
2011-12-25,10000002,34,3.62,3.67,3.55,20377534078,2365
2011-12-25,10000002,35,5.25,5.33,5.24,3889915937,1696
2011-12-25,10000002,36,49.44,50.32,48.17,1257298363,1635
2011-12-25,10000002,37,63.81,63.82,62.18,209546139,1242
2011-12-25,10000002,38,474.23,474.36,474.2,45560450,1257
2011-12-25,10000002,39,735.84,736.52,722.18,23939248,1070
2011-12-25,10000002,40,2799.82,2800,2737.11,10524017,1082
2011-12-25,10000002,11399,3387.5,3387.95,3387.5,1435582,304
2011-12-26,10000002,34,3.55,3.59,3.51,38880418011,2808
2011-12-26,10000002,35,5.19,5.25,5,8940866788,1985
2011-12-26,10000002,36,48.15,48.99,47.83,1783484775,1879
2011-12-26,10000002,37,63.79,63.89,61.88,353323659,1459
2011-12-26,10000002,38,468,469.9,464.55,75032524,1477
2011-12-26,10000002,39,725.87,730.95,712.03,44615551,1240
2011-12-26,10000002,40,2800,2838.95,2737.56,11594655,1159
2011-12-26,10000002,11399,3326.03,3369.96,3326.03,2071614,338
2011-12-27,10000002,34,3.57,3.6,3.53,31556645719,2641
2011-12-27,10000002,35,5.2,5.34,5.1,6319623257,2028
2011-12-27,10000002,36,48.34,48.49,46.94,2114831719,1940
2011-12-27,10000002,37,64.15,64.21,63,356618077,1366
2011-12-27,10000002,38,465.77,469.19,455,96712363,1480
2011-12-27,10000002,39,722.43,730.7,716.33,34895163,1184
2011-12-27,10000002,40,2824.96,2846.34,2739.19,15005508,1240
2011-12-27,10000002,11399,3369.5,3374.79,3333,2205216,372
2011-12-28,10000002,34,3.68,3.7,3.62,26320667833,2511
2011-12-28,10000002,35,5.32,5.35,5.28,5133748867,1794
2011-12-28,10000002,36,49.73,49.75,49.24,1768771952,1662
2011-12-28,10000002,37,64.3,64.83,62.85,352423619,1296
2011-12-28,10000002,38,459.72,465.71,454.58,93024176,1320
2011-12-28,10000002,39,729.89,731.95,718.05,42717460,1145
2011-12-28,10000002,40,2813.01,2878.89,2770.4,13857535,1136
2011-12-28,10000002,11399,3386.27,3389.99,3376,4089524,406
2011-12-29,10000002,34,3.72,3.82,3.69,27277179329,2624
2011-12-29,10000002,35,5.31,5.35,5.27,5947708400,1839
2011-12-29,10000002,36,49.35,49.6,49.32,1862528904,1774
2011-12-29,10000002,37,65.9,65.94,64.97,477170753,1352
2011-12-29,10000002,38,468.77,468.79,462.02,102357982,1393
2011-12-29,10000002,39,731.91,731.91,731,55415675,1239
2011-12-29,10000002,40,2815.19,2884,2801,13176329,1183
2011-12-29,10000002,11399,3426.41,3426.52,3300.1,2275238,359
2011-12-30,10000002,34,3.73,3.78,3.65,26554671985,2572
2011-12-30,10000002,35,5.26,5.34,5.17,4891474373,1821
2011-12-30,10000002,36,48.78,48.93,48.16,1416456209,1639
2011-12-30,10000002,37,64,65.18,63.8,550170499,1395
2011-12-30,10000002,38,462.56,469.88,462.33,127489939,1438
2011-12-30,10000002,39,742.26,742.54,725.45,37103190,1242
2011-12-30,10000002,40,2790.1,2868.78,2780.23,21697304,1195
2011-12-30,10000002,11399,3389.88,3399.12,3389.79,2099336,390
2011-12-31,10000002,34,3.8,3.84,3.72,20645410775,2431
2011-12-31,10000002,35,5.28,5.29,5.19,4629965407,1723
2011-12-31,10000002,36,48.93,48.99,47.76,1197962139,1611
2011-12-31,10000002,37,65.12,65.39,63.72,306590365,1272
2011-12-31,10000002,38,480,481,463.75,91200747,1392
2011-12-31,10000002,39,733,748.62,730.83,36884309,1109
2011-12-31,10000002,40,2808.67,2860,2757.06,16222306,1083
2011-12-31,10000002,11399,3426.26,3426.5,3302.09,1237214,337
2012-01-01,10000002,34,3.85,3.92,3.81,17616017417,2578
2012-01-01,10000002,35,5.21,5.22,5.17,5150561570,1745
2012-01-01,10000002,36,48.29,48.44,47.73,1098763452,1599
2012-01-01,10000002,37,64.81,64.95,63.59,357972686,1228
2012-01-01,10000002,38,466.78,484.99,464.24,55149634,1316
2012-01-01,10000002,39,748.05,748.62,740,29517228,1047
2012-01-01,10000002,40,2840,2846,2756,7909930,988
2012-01-01,10000002,11399,3303.91,3303.91,3303.91,3721489,312
2012-01-02,10000002,34,3.84,3.86,3.83,23166708718,3190
2012-01-02,10000002,35,5.18,5.22,5.16,5763818133,2215
2012-01-02,10000002,36,48.4,48.43,48.27,1252897416,2029
2012-01-02,10000002,37,64.66,64.88,64,318045357,1669
2012-01-02,10000002,38,477.97,479.94,471,71208576,1725
2012-01-02,10000002,39,739.97,748.76,733.05,39939851,1340
2012-01-02,10000002,40,2845.47,2848,2768.26,16417195,1335
2012-01-02,10000002,11399,3425.85,3426.46,3303.32,1576716,407
2012-01-03,10000002,34,3.84,3.84,3.83,34579159274,2877
2012-01-03,10000002,35,5.18,5.18,5.18,8167168780,2086
2012-01-03,10000002,36,48.71,48.77,48.25,1712595742,1841
2012-01-03,10000002,37,64.38,64.44,63.64,432313092,1486
2012-01-03,10000002,38,475,478.47,472.12,111843393,1505
2012-01-03,10000002,39,734.44,741,732.2,40630915,1217
2012-01-03,10000002,40,2770.05,2844.79,2765.66,16009342,1175
2012-01-03,10000002,11399,3423.98,3424.95,3423.97,1526686,331
2012-01-04,10000002,34,3.74,3.76,3.72,25704288906,2600
2012-01-04,10000002,35,5.03,5.08,5.01,7002335580,1940
2012-01-04,10000002,36,48.22,48.5,48.17,2477788616,1783
2012-01-04,10000002,37,63.44,63.44,63.42,1117054677,1385
2012-01-04,10000002,38,471.34,474.48,471.04,120616154,1470
2012-01-04,10000002,39,725.47,727.2,718.18,53187993,1260
2012-01-04,10000002,40,2717.06,2799.9,2700.73,18737913,1223
2012-01-04,10000002,11399,3423.54,3423.88,3289.17,2265031,376
2012-01-05,10000002,34,3.77,3.79,3.75,25794672409,2622
2012-01-05,10000002,35,5.02,5.03,5,5909259817,1903
2012-01-05,10000002,36,49,49.23,48.75,1468547065,1827
2012-01-05,10000002,37,63.6,63.69,62.86,242403265,1384
2012-01-05,10000002,38,474.1,475,472.05,92986083,1458
2012-01-05,10000002,39,727.97,731.39,720,25851172,1216
2012-01-05,10000002,40,2784.72,2787.76,2746,14056211,1206
2012-01-05,10000002,11399,3422.99,3423.57,3266.1,1286170,345
2012-01-06,10000002,34,3.8,3.87,3.77,31060518674,2922
2012-01-06,10000002,35,5.11,5.13,5.04,6365326379,2037
2012-01-06,10000002,36,49,49.21,48.56,1912170877,1953
2012-01-06,10000002,37,63.4,63.42,63.1,309128594,1492
2012-01-06,10000002,38,475,476.74,470.16,95541739,1625
2012-01-06,10000002,39,720.44,728.27,714.36,48446042,1337
2012-01-06,10000002,40,2779.84,2780,2746.07,11059483,1235
2012-01-06,10000002,11399,3423.44,3423.47,3270.02,1005444,355
2012-01-07,10000002,34,3.86,3.9,3.84,27480872633,3145
2012-01-07,10000002,35,5.16,5.23,5.14,6085043245,2288
2012-01-07,10000002,36,49.28,49.3,48.9,1768014719,2060
2012-01-07,10000002,37,63.75,63.95,63.05,424028825,1677
2012-01-07,10000002,38,476,476.9,471.64,108160473,1707
2012-01-07,10000002,39,716.98,719.97,715.06,51548265,1449
2012-01-07,10000002,40,2746.09,2769.96,2723.01,22444753,1449
2012-01-07,10000002,11399,3423,3423.55,3273.2,1708942,431
2012-01-08,10000002,34,4.04,4.07,3.99,24693704126,3376
2012-01-08,10000002,35,5.26,5.29,5.2,5436487915,2355
2012-01-08,10000002,36,49.87,50.09,49.22,1542528281,2241
2012-01-08,10000002,37,64,64.06,63.08,347681950,1684
2012-01-08,10000002,38,483.13,484.9,477.04,88561945,1755
2012-01-08,10000002,39,712.87,715.89,710,52752364,1499
2012-01-08,10000002,40,2757.8,2759.97,2679,18924939,1463
2012-01-08,10000002,11399,3430,3574.84,3290.06,2102972,481
2012-01-09,10000002,34,4.01,4.09,3.96,36161310837,2865
2012-01-09,10000002,35,5.11,5.16,5.08,5785370935,1980
2012-01-09,10000002,36,49.34,49.92,49.13,1590652228,1829
2012-01-09,10000002,37,63.35,63.69,62.81,427893907,1416
2012-01-09,10000002,38,477.12,479.75,476.75,119286947,1540
2012-01-09,10000002,39,709.35,728,709.19,37245934,1186
2012-01-09,10000002,40,2680,2755.78,2675.38,14738984,1229
2012-01-09,10000002,11399,3459.9,3568.6,3305.02,1115341,335
2012-01-10,10000002,34,4,4.06,3.94,26570232135,2611
2012-01-10,10000002,35,5.02,5.08,4.98,7130445414,1893
2012-01-10,10000002,36,48.62,48.66,48.36,1604620384,1763
2012-01-10,10000002,37,62.82,62.87,62.6,349391756,1391
2012-01-10,10000002,38,480.87,481.45,475,50226473,1397
2012-01-10,10000002,39,711.13,720,711.06,37237204,1165
2012-01-10,10000002,40,2696,2700,2675.88,17766700,1157
2012-01-10,10000002,11399,3499.5,3568,3310.1,1149546,335
2012-01-11,10000002,34,3.92,3.99,3.89,36543447416,2623
2012-01-11,10000002,35,5,5.06,4.98,9201912356,1887
2012-01-11,10000002,36,48.58,48.93,48.45,1893137927,1722
2012-01-11,10000002,37,62.43,62.5,62.03,398231150,1349
2012-01-11,10000002,38,474.99,475,474.35,102309616,1393
2012-01-11,10000002,39,701.7,718.86,701.5,45537240,1134
2012-01-11,10000002,40,2652.88,2688,2569.02,22924682,1207
2012-01-11,10000002,11399,3499.55,3568.81,3380.18,3614171,391
2012-01-12,10000002,34,3.94,3.99,3.9,33336630932,2739
2012-01-12,10000002,35,5,5.02,4.97,6487422015,1935
2012-01-12,10000002,36,48.6,48.65,48.31,1390142456,1791
2012-01-12,10000002,37,62.35,62.39,62.3,449689536,1446
2012-01-12,10000002,38,480,481.2,472.33,99604856,1482
2012-01-12,10000002,39,715.43,718.52,706.11,50706881,1236
2012-01-12,10000002,40,2687.99,2699,2639.15,11486734,1150
2012-01-12,10000002,11399,3679.88,3680.8,3367.24,1058320,334
2012-01-13,10000002,34,3.94,3.99,3.92,18632003648,2606
2012-01-13,10000002,35,5.07,5.09,4.96,4325234773,1893
2012-01-13,10000002,36,48.7,48.83,48.64,1492071764,1749
2012-01-13,10000002,37,63,64.07,62.84,424396588,1442
2012-01-13,10000002,38,483,484,480.01,88684784,1451
2012-01-13,10000002,39,711.05,718.95,710,40200798,1207
2012-01-13,10000002,40,2650.14,2690,2650,12452214,1120
2012-01-13,10000002,11399,3649.91,3649.99,3599,887528,344
2012-01-14,10000002,34,3.98,4,3.92,25317804087,3043
2012-01-14,10000002,35,4.99,5.03,4.94,4693637797,2242
2012-01-14,10000002,36,48.7,48.9,48.58,1663414946,1985
2012-01-14,10000002,37,64.49,64.5,62.95,321764093,1554
2012-01-14,10000002,38,473.05,477.98,469.04,133688950,1641
2012-01-14,10000002,39,710.42,732.66,707.84,77992055,1603
2012-01-14,10000002,40,2661.75,2678.8,2596.05,18390506,1390
2012-01-14,10000002,11399,3636,3647.92,3419,1908460,474
2012-01-15,10000002,34,3.96,3.98,3.9,21707020498,3129
2012-01-15,10000002,35,4.94,4.95,4.94,6915383549,2263
2012-01-15,10000002,36,48.29,48.42,47.48,1492511024,2130
2012-01-15,10000002,37,64.21,64.97,63.97,389109484,1793
2012-01-15,10000002,38,472.88,473.7,464.5,89093396,1785
2012-01-15,10000002,39,714,714,714,79561384,1467
2012-01-15,10000002,40,2602.95,2668.21,2590.29,16185044,1466
2012-01-15,10000002,11399,3634.59,3634.81,3432,1713665,455
2012-01-16,10000002,34,3.92,3.93,3.89,27926214763,2780
2012-01-16,10000002,35,4.93,4.97,4.88,7917122455,2051
2012-01-16,10000002,36,48.31,48.37,47.97,1706191121,1885
2012-01-16,10000002,37,64.87,65.31,63.07,463073503,1607
2012-01-16,10000002,38,471.84,472,467.01,87373147,1477
2012-01-16,10000002,39,720.05,725.95,712.14,29254011,1292
2012-01-16,10000002,40,2665.74,2666.11,2595,15144867,1259
2012-01-16,10000002,11399,3452,3634.27,3433,1532054,351
2012-01-17,10000002,34,3.89,3.92,3.83,28081762001,2574
2012-01-17,10000002,35,4.89,4.91,4.86,5450957953,1787
2012-01-17,10000002,36,48.11,48.24,47.96,1861938262,1698
2012-01-17,10000002,37,63.86,63.98,63.41,226411741,1353
2012-01-17,10000002,38,470.97,471.6,467.51,116753278,1404
2012-01-17,10000002,39,720,723.91,711.05,49972721,1243
2012-01-17,10000002,40,2600,2662.72,2581.12,19522275,1264
2012-01-17,10000002,11399,3500,3520,3453.2,1298289,421
2012-01-18,10000002,34,3.9,3.92,3.86,26418755440,2473
2012-01-18,10000002,35,4.88,4.89,4.87,5092680422,1689
2012-01-18,10000002,36,48.08,48.15,47.82,1286844035,1563
2012-01-18,10000002,37,63.68,63.71,63.6,528225231,1327
2012-01-18,10000002,38,487.86,488.6,473.91,110411734,1410
2012-01-18,10000002,39,723.77,723.93,710.15,47900351,1105
2012-01-18,10000002,40,2600,2662.7,2571.08,12899368,1105
2012-01-18,10000002,11399,3528.46,3528.74,3457.03,1180902,330
2012-01-19,10000002,34,3.94,3.95,3.91,31656583311,2560
2012-01-19,10000002,35,4.92,4.95,4.9,4867771234,1738
2012-01-19,10000002,36,48.24,48.85,48.1,1690406810,1700
2012-01-19,10000002,37,64.42,67.2,64.15,324287842,1370
2012-01-19,10000002,38,475.35,487.34,472.52,136877885,1515
2012-01-19,10000002,39,727.66,728.91,725.84,71908307,1141
2012-01-19,10000002,40,2665.42,2668.03,2582.47,20304249,1152
2012-01-19,10000002,11399,3430,3456.38,3312,3935701,372
2012-01-20,10000002,34,3.95,3.96,3.94,28700689060,2661
2012-01-20,10000002,35,4.93,4.96,4.92,6745213442,1863
2012-01-20,10000002,36,49.07,49.08,48.92,1722581591,1747
2012-01-20,10000002,37,65.93,66.48,65.32,370162304,1367
2012-01-20,10000002,38,471.01,483.99,470.88,135395682,1434
2012-01-20,10000002,39,729.91,730.46,712.04,61832033,1181
2012-01-20,10000002,40,2615.52,2654,2592.01,17096598,1145
2012-01-20,10000002,11399,3267,3267.03,3265.55,4562571,327
2012-01-21,10000002,34,4,4.02,3.94,33912761208,3203
2012-01-21,10000002,35,4.99,5,4.96,6624642203,2280
2012-01-21,10000002,36,49.28,49.44,48.67,2147055244,2162
2012-01-21,10000002,37,65.01,65.06,64.87,488735850,1734
2012-01-21,10000002,38,478,483.96,471.11,132715137,1821
2012-01-21,10000002,39,727.98,728.3,720.09,32939956,1383
2012-01-21,10000002,40,2647,2649.78,2580.02,16819027,1468
2012-01-21,10000002,11399,3392.94,3393.45,3213.41,3134919,416
2012-01-22,10000002,34,3.98,4,3.94,40618889327,3446
2012-01-22,10000002,35,4.98,5,4.97,7218668346,2455
2012-01-22,10000002,36,48.9,49.04,48.79,2559967288,2302
2012-01-22,10000002,37,64.88,64.9,64.7,547984149,1766
2012-01-22,10000002,38,481.86,482,479.11,151919727,1965
2012-01-22,10000002,39,728.23,729.56,717.08,93769233,1649
2012-01-22,10000002,40,2653.47,2658.99,2586.19,21001260,1513
2012-01-22,10000002,11399,3374.22,3392.07,3226.05,2677059,436
2012-01-23,10000002,34,4.05,4.07,3.95,43122234918,2943
2012-01-23,10000002,35,5.01,5.06,4.99,5449762466,2055
2012-01-23,10000002,36,49.11,49.66,48.69,1711562958,1951
2012-01-23,10000002,37,64.31,64.57,64.25,404622162,1478
2012-01-23,10000002,38,483,483.95,475,93996065,1556
2012-01-23,10000002,39,723,739.98,717.81,37056420,1217
2012-01-23,10000002,40,2590.05,2664.92,2583.13,20629686,1284
2012-01-23,10000002,11399,3390.47,3390.52,3231.01,2129219,392
2012-01-24,10000002,34,4.04,4.1,4,29853485834,2398
2012-01-24,10000002,35,4.98,5.04,4.95,4696858347,1613
2012-01-24,10000002,36,49.25,49.55,48.54,1627744996,1528
2012-01-24,10000002,37,64.66,64.7,64.35,363980397,1190
2012-01-24,10000002,38,483.49,484,478.04,89225116,1275
2012-01-24,10000002,39,734.5,734.85,725.25,40188408,1046
2012-01-24,10000002,40,2592.05,2662.39,2583.02,13782549,1023
2012-01-24,10000002,11399,3260.05,3342.04,3259.84,1518809,288
2012-01-25,10000002,34,4.05,4.07,4.02,32141799755,2709
2012-01-25,10000002,35,4.96,4.97,4.94,6804456922,1929
2012-01-25,10000002,36,49.11,49.23,48.58,1666560509,1727
2012-01-25,10000002,37,64.96,65.49,64.61,298975727,1372
2012-01-25,10000002,38,479.01,483.99,478.36,74378263,1425
2012-01-25,10000002,39,726.41,734.4,726.25,50122283,1181
2012-01-25,10000002,40,2629.06,2660.9,2591.55,17135269,1116
2012-01-25,10000002,11399,3341.96,3375,3341.16,1343800,408
2012-01-26,10000002,34,4.08,4.12,4.06,36143933001,2672
2012-01-26,10000002,35,5.06,5.11,5.05,5174945934,1844
2012-01-26,10000002,36,49.12,49.21,49.11,1833377171,1810
2012-01-26,10000002,37,66.49,69.67,66.42,557728403,1458
2012-01-26,10000002,38,482.58,487.81,480,129050534,1480
2012-01-26,10000002,39,743,743,742.89,54155575,1184
2012-01-26,10000002,40,2646.81,2646.9,2581.15,15608897,1163
2012-01-26,10000002,11399,3377,3390.52,3376.99,2690039,365
2012-01-27,10000002,34,4.16,4.21,4.11,20216759119,2651
2012-01-27,10000002,35,5.08,5.09,5.07,4782244446,1836
2012-01-27,10000002,36,52,52.82,51.26,1475072631,1975
2012-01-27,10000002,37,68.55,69.85,66.43,381029447,1369
2012-01-27,10000002,38,487.77,490,479.15,119222271,1465
2012-01-27,10000002,39,742.98,743.98,730.14,48495901,1185
2012-01-27,10000002,40,2636.96,2646.9,2603.06,13115033,1106
2012-01-27,10000002,11399,3494.95,3495.88,3400.02,3312004,395
2012-01-28,10000002,34,4.21,4.26,4.15,33634900025,3324
2012-01-28,10000002,35,5.11,5.14,5.05,5384047292,2281
2012-01-28,10000002,36,51.11,52.24,50.32,1595927102,2305
2012-01-28,10000002,37,69.25,69.65,67.98,386738803,1747
2012-01-28,10000002,38,489.88,489.99,480.66,118003038,1692
2012-01-28,10000002,39,732.06,742.97,725.52,51481650,1421
2012-01-28,10000002,40,2581.38,2595.85,2518.02,20419588,1413
2012-01-28,10000002,11399,3622.55,3623.29,3387.07,1452783,413
2012-01-29,10000002,34,4.2,4.26,4.15,37725898397,3477
2012-01-29,10000002,35,5.11,5.15,5.09,6016554579,2482
2012-01-29,10000002,36,51.02,52.21,50.74,2793450972,2416
2012-01-29,10000002,37,69.04,69.35,68.07,514879323,1830
2012-01-29,10000002,38,486,488.9,483,112131341,1868
2012-01-29,10000002,39,744.73,749.9,726.5,46848291,1563
2012-01-29,10000002,40,2614.9,2640.1,2518,20047693,1547
2012-01-29,10000002,11399,3307.04,3605.88,3306.67,3591847,496
2012-01-30,10000002,34,4.09,4.21,3.99,36715063281,2886
2012-01-30,10000002,35,5.2,5.21,5.19,7337219137,2017
2012-01-30,10000002,36,51.32,52.05,51.3,1832185337,1995
2012-01-30,10000002,37,68.19,68.67,66.45,318813951,1468
2012-01-30,10000002,38,489,489.67,487.14,93847039,1508
2012-01-30,10000002,39,739,749.78,732.24,32623048,1200
2012-01-30,10000002,40,2614.95,2619.96,2551.79,19214063,1255
2012-01-30,10000002,11399,3602.52,3602.7,3602.45,2228907,435
2012-01-31,10000002,34,4.22,4.25,4.14,27343113680,2792
2012-01-31,10000002,35,5.18,5.2,5.12,3794097290,1989
2012-01-31,10000002,36,52.23,52.75,51.51,1736357356,2110
2012-01-31,10000002,37,68.25,68.26,66.86,373305126,1551
2012-01-31,10000002,38,489.67,490.9,487.91,96896283,1591
2012-01-31,10000002,39,736.99,737.81,732.56,57505687,1319
2012-01-31,10000002,40,2558.1,2620,2550.3,12122898,1275
2012-01-31,10000002,11399,3598.97,3599.78,3403.02,1164529,392
2012-02-01,10000002,34,4.26,4.32,4.19,41994785230,2760
2012-02-01,10000002,35,5.13,5.18,5.1,5671022261,1869
2012-02-01,10000002,36,53.3,53.6,52.15,1902998133,1978
2012-02-01,10000002,37,68.43,68.48,66.72,394694560,1422
2012-02-01,10000002,38,489.99,490.99,478.05,87102846,1499
2012-02-01,10000002,39,737.85,749.81,730.2,39916386,1211
2012-02-01,10000002,40,2558,2608.34,2557.09,15477952,1175
2012-02-01,10000002,11399,3595.95,3597,3435.28,1708228,383
2012-02-02,10000002,34,4.39,4.43,4.37,30957578316,2635
2012-02-02,10000002,35,5.08,5.1,5.07,6609407857,1805
2012-02-02,10000002,36,53.32,53.46,52.76,1924796006,1821
2012-02-02,10000002,37,68.29,68.48,66.84,561749079,1394
2012-02-02,10000002,38,484,486.99,482,118147968,1470
2012-02-02,10000002,39,729.04,748.93,725.71,43440905,1213
2012-02-02,10000002,40,2606.48,2610,2561.18,18399891,1141
2012-02-02,10000002,11399,3582.98,3587.47,3508,1697292,381
2012-02-03,10000002,34,4.37,4.4,4.31,25109192007,2793
2012-02-03,10000002,35,5.1,5.11,5.09,5913000632,1951
2012-02-03,10000002,36,54.5,54.67,54.12,1728980161,1902
2012-02-03,10000002,37,67.13,68.28,66.01,338631974,1407
2012-02-03,10000002,38,486.83,486.92,481.75,59173803,1439
2012-02-03,10000002,39,738.01,749.9,731.63,42345040,1263
2012-02-03,10000002,40,2551.09,2619.97,2550.53,24520200,1261
2012-02-03,10000002,11399,3480.05,3578.93,3435.32,1450290,398
2012-02-04,10000002,34,4.56,4.59,4.49,42418904134,3584
2012-02-04,10000002,35,5.11,5.13,5.06,10275118522,2548
2012-02-04,10000002,36,54.57,55.53,54.34,1765943726,2462
2012-02-04,10000002,37,67.85,67.89,66.22,364671704,1841
2012-02-04,10000002,38,489.31,490.48,483.17,141484249,1936
2012-02-04,10000002,39,744.9,754.97,734.06,40852439,1596
2012-02-04,10000002,40,2612,2623.86,2553.13,15107835,1597
2012-02-04,10000002,11399,3577.97,3578.53,3562.01,1624797,443
2012-02-05,10000002,34,4.47,4.5,4.41,32966167644,3453
2012-02-05,10000002,35,5.08,5.14,4.99,6065492454,2466
2012-02-05,10000002,36,53.8,54.74,53.64,1646897640,2455
2012-02-05,10000002,37,67.47,67.5,67.36,460836334,1868
2012-02-05,10000002,38,490.89,491.49,483.4,104360648,1936
2012-02-05,10000002,39,754.99,774.23,739,46027876,1548
2012-02-05,10000002,40,2554.1,2618.22,2553.4,16552703,1536
2012-02-05,10000002,11399,3576.87,3578.17,3450,1296598,470
2012-02-06,10000002,34,4.37,4.42,4.3,22585931320,2717
2012-02-06,10000002,35,5.1,5.11,5.06,6225280714,1922
2012-02-06,10000002,36,53.52,53.66,52.64,1293295650,1871
2012-02-06,10000002,37,67.47,68.14,67.24,377413540,1492
2012-02-06,10000002,38,491.49,491.5,483.07,77281464,1550
2012-02-06,10000002,39,760,779.4,747,21852353,1226
2012-02-06,10000002,40,2555.01,2615.61,2531.01,20282626,1241
2012-02-06,10000002,11399,3578.05,3578.08,3578,1064214,399
2012-02-07,10000002,34,4.45,4.49,4.43,29318986452,2748
2012-02-07,10000002,35,5.14,5.16,5.13,5390745835,1942
2012-02-07,10000002,36,54.38,54.64,53.43,2159581500,1968
2012-02-07,10000002,37,68.2,68.24,67.99,355366885,1384
2012-02-07,10000002,38,509.82,510.06,492,117147014,1645
2012-02-07,10000002,39,755.39,773.84,750.16,48912369,1218
2012-02-07,10000002,40,2581.72,2613.77,2537.23,23059253,1211
2012-02-07,10000002,11399,3530,3578.88,3486.55,1975405,392
2012-02-08,10000002,34,4.45,4.48,4.43,24315696154,2669
2012-02-08,10000002,35,5.17,5.19,5.15,3499694205,1903
2012-02-08,10000002,36,54.66,54.8,53.79,1451932552,1827
2012-02-08,10000002,37,68.66,70.71,68.29,354865512,1514
2012-02-08,10000002,38,524.49,533.38,522,102631416,1631
2012-02-08,10000002,39,744,750,740,39383631,1216
2012-02-08,10000002,40,2518.02,2580.88,2479.95,17433879,1289
2012-02-08,10000002,11399,3572.97,3573.99,3410.01,1614563,370
2012-02-09,10000002,34,4.47,4.49,4.43,30506897128,2751
2012-02-09,10000002,35,5.19,5.2,5.17,5392773401,1908
2012-02-09,10000002,36,54.26,54.45,54.02,1737190611,1849
2012-02-09,10000002,37,69.86,69.9,68.1,281445048,1398
2012-02-09,10000002,38,503.06,514.12,497.99,81002535,1460
2012-02-09,10000002,39,750.38,755.95,750.36,30447733,1138
2012-02-09,10000002,40,2600,2616.9,2552.15,17728906,1233
2012-02-09,10000002,11399,3569,3570.87,3406,1424728,391
2012-02-10,10000002,34,4.44,4.48,4.42,32390971005,2911
2012-02-10,10000002,35,5.16,5.18,5.15,5628736109,2059
2012-02-10,10000002,36,54.06,54.56,54,1826189995,2009
2012-02-10,10000002,37,68.42,69.85,68.27,323533893,1487
2012-02-10,10000002,38,503.34,514.24,501.52,89037906,1668
2012-02-10,10000002,39,750.33,755.99,750.31,52590516,1285
2012-02-10,10000002,40,2551.33,2609.9,2521,15420648,1307
2012-02-10,10000002,11399,3625,3781.75,3571,3502813,431
2012-02-11,10000002,34,4.46,4.47,4.44,33565791000,3351
2012-02-11,10000002,35,5.21,5.22,5.17,7257899809,2407
2012-02-11,10000002,36,54.79,55.08,54.22,2271504750,2273
2012-02-11,10000002,37,68.91,69.89,68.89,414449632,1709
2012-02-11,10000002,38,509.66,509.81,502.01,136457092,1870
2012-02-11,10000002,39,762.9,764,746,51333742,1553
2012-02-11,10000002,40,2598.94,2605.93,2551.47,22699658,1577
2012-02-11,10000002,11399,3781.68,3781.73,3605,3114798,485
2012-02-12,10000002,34,4.5,4.54,4.49,44112084301,3700
2012-02-12,10000002,35,5.23,5.26,5.2,9613483016,2726
2012-02-12,10000002,36,55,55.38,54.55,2391836037,2610
2012-02-12,10000002,37,70.32,70.43,69.74,646964743,1997
2012-02-12,10000002,38,523.92,539.44,514.09,160087773,2270
2012-02-12,10000002,39,784.83,793.84,765,66629432,1744
2012-02-12,10000002,40,2618.96,2624.69,2613.89,25143999,1699
2012-02-12,10000002,11399,3782.98,3782.98,3782.97,7138346,534
2012-02-13,10000002,34,4.6,4.65,4.57,39577904751,3128
2012-02-13,10000002,35,5.36,5.38,5.32,5821108139,2235
2012-02-13,10000002,36,55.46,55.83,54.92,2110556398,2095
2012-02-13,10000002,37,70.43,70.68,70.21,632634743,1640
2012-02-13,10000002,38,533,544.08,523.33,119142039,1905
2012-02-13,10000002,39,798.61,800.5,776.03,56174125,1402
2012-02-13,10000002,40,2675.03,2708.98,2620.09,19132312,1451
2012-02-13,10000002,11399,3995.98,3999.95,3700.15,1669499,414
2012-02-14,10000002,34,4.62,4.67,4.59,31510388234,2894
2012-02-14,10000002,35,5.4,5.43,5.33,5176752359,2043
2012-02-14,10000002,36,56.67,57,55.38,1652776232,2071
2012-02-14,10000002,37,72.91,76.08,70.93,487092137,1520
2012-02-14,10000002,38,542.3,542.56,532.01,83856955,1635
2012-02-14,10000002,39,778.02,788.55,761.05,44040008,1325
2012-02-14,10000002,40,2615.2,2684.9,2612.5,22730430,1338
2012-02-14,10000002,11399,3661.3,3802.66,3661.1,2687495,458
2012-02-15,10000002,34,4.56,4.59,4.52,29994562318,2829
2012-02-15,10000002,35,5.45,5.51,5.4,5552610733,1916
2012-02-15,10000002,36,56.31,56.64,56.04,2304980999,1891
2012-02-15,10000002,37,73.68,74,72.35,374549566,1440
2012-02-15,10000002,38,557.03,574.97,552,127643043,1637
2012-02-15,10000002,39,752.1,764.59,751.06,55163814,1239
2012-02-15,10000002,40,2598.87,2622.02,2521.87,20621817,1236
2012-02-15,10000002,11399,3778.75,3778.81,3777.99,3456543,407
2012-02-16,10000002,34,4.54,4.57,4.46,26742969478,2648
2012-02-16,10000002,35,5.43,5.45,5.4,4653282001,1868
2012-02-16,10000002,36,56.13,56.53,55.05,1597388107,1754
2012-02-16,10000002,37,73.66,73.68,72.34,371977961,1424
2012-02-16,10000002,38,555.15,568.97,532.55,116748147,1528
2012-02-16,10000002,39,759.15,767.83,741.01,24829346,1154
2012-02-16,10000002,40,2669.72,2705.74,2651.13,17203888,1182
2012-02-16,10000002,11399,3777.85,3802.62,3770.57,2703129,382
2012-02-17,10000002,34,4.42,4.49,4.4,31551953927,2729
2012-02-17,10000002,35,5.3,5.34,5.2,6110439224,1995
2012-02-17,10000002,36,55,55.42,53.87,1298638840,1881
2012-02-17,10000002,37,70.05,71.6,69.67,364891649,1423
2012-02-17,10000002,38,520.85,528.15,520,108761522,1570
2012-02-17,10000002,39,758.86,767.65,754.53,57876283,1292
2012-02-17,10000002,40,2660.47,2736.73,2651.36,19083541,1268
2012-02-17,10000002,11399,4151.22,4158.57,3692.05,1963361,402
2012-02-18,10000002,34,4.37,4.39,4.34,30504921294,3211
2012-02-18,10000002,35,5.09,5.15,5.06,8145725599,2352
2012-02-18,10000002,36,54.5,54.58,54,2281557220,2243
2012-02-18,10000002,37,69.78,69.92,68.23,388801553,1786
2012-02-18,10000002,38,515,522.88,512.05,150857983,1984
2012-02-18,10000002,39,754.82,763.68,753.73,53705895,1511
2012-02-18,10000002,40,2560.12,2657.18,2550.59,18554294,1556
2012-02-18,10000002,11399,3712.05,3850.65,3405,6525247,568
2012-02-19,10000002,34,4.33,4.35,4.3,37791593401,3313
2012-02-19,10000002,35,5.03,5.06,5.01,10055846114,2446
2012-02-19,10000002,36,54.21,54.5,54.06,2345127136,2305
2012-02-19,10000002,37,68.25,68.75,68,705187901,1834
2012-02-19,10000002,38,505,509,498.67,170407348,1921
2012-02-19,10000002,39,745,751.89,743.11,37352353,1596
2012-02-19,10000002,40,2581.85,2584.92,2512.2,18349375,1662
2012-02-19,10000002,11399,3810,3836.86,3701,2428223,545
2012-02-20,10000002,34,4.39,4.42,4.36,32448739136,3091
2012-02-20,10000002,35,5.16,5.21,5.08,5233121532,2224
2012-02-20,10000002,36,55.25,55.88,54.9,1258616391,2073
2012-02-20,10000002,37,67.6,67.9,67.06,440369920,1613
2012-02-20,10000002,38,504.88,504.9,500.79,104474666,1696
2012-02-20,10000002,39,750.86,750.96,740.17,97131191,1439
2012-02-20,10000002,40,2518.97,2524.71,2488.01,25343554,1493
2012-02-20,10000002,11399,3780.02,3807.29,3705.06,1828128,454
2012-02-21,10000002,34,4.43,4.46,4.36,33577096983,2747
2012-02-21,10000002,35,5.11,5.16,5,6429891593,2023
2012-02-21,10000002,36,55.88,55.94,55.7,2249930913,1949
2012-02-21,10000002,37,68.55,68.74,68,450854833,1466
2012-02-21,10000002,38,509.93,529.23,504.86,133052685,1779
2012-02-21,10000002,39,761.56,764.75,741.03,31952948,1320
2012-02-21,10000002,40,2518,2579.95,2517.95,17724201,1303
2012-02-21,10000002,11399,3777.43,3779.03,3682.12,1793260,424
2012-02-22,10000002,34,4.37,4.38,4.35,36528921073,2808
2012-02-22,10000002,35,5.03,5.07,4.97,5907018084,1994
2012-02-22,10000002,36,56.06,56.67,55.88,1616900565,1898
2012-02-22,10000002,37,67.8,68.13,67.08,396788214,1479
2012-02-22,10000002,38,522.98,524.99,515,59918281,1571
2012-02-22,10000002,39,743.12,754.01,742.64,32546190,1500
2012-02-22,10000002,40,2582.15,2584.87,2506,13176107,1326
2012-02-22,10000002,11399,3771.97,3773.9,3682.12,1592527,405
2012-02-23,10000002,34,4.41,4.42,4.4,26315616835,2819
2012-02-23,10000002,35,5.08,5.1,5.06,6688742621,2075
2012-02-23,10000002,36,56.65,57.6,56.5,1866935586,2080
2012-02-23,10000002,37,67.84,68.05,67.3,391755160,1498
2012-02-23,10000002,38,524.7,525,516.18,100021162,1662
2012-02-23,10000002,39,753.7,753.87,743.18,37500059,1288
2012-02-23,10000002,40,2550,2577.54,2510,16900611,1277
2012-02-23,10000002,11399,3769.97,3769.98,3682.07,2015876,400
2012-02-24,10000002,34,4.46,4.5,4.42,22069356219,2899
2012-02-24,10000002,35,5.04,5.1,4.99,5115483783,2063
2012-02-24,10000002,36,56.81,58.14,56.51,1514618103,2117
2012-02-24,10000002,37,67.62,67.67,66.01,366224499,1511
2012-02-24,10000002,38,513.71,518.05,501,114282090,1678
2012-02-24,10000002,39,753.97,758.86,745,29909471,1321
2012-02-24,10000002,40,2555.92,2577.19,2549.99,11152534,1274
2012-02-24,10000002,11399,3758.9,3759,3696.2,1209346,369
2012-02-25,10000002,34,4.5,4.51,4.45,28632777524,3406
2012-02-25,10000002,35,5.07,5.09,4.99,7237593603,2461
2012-02-25,10000002,36,56.55,57.4,56.35,2191686188,2394
2012-02-25,10000002,37,67.54,67.63,65.9,446791108,1753
2012-02-25,10000002,38,512.92,514.75,500.27,131716398,1918
2012-02-25,10000002,39,744.11,757.9,743.89,48167459,1476
2012-02-25,10000002,40,2549.99,2584.76,2521.11,23279461,1474
2012-02-25,10000002,11399,3758,3758.9,3710.52,1883142,494
2012-02-26,10000002,34,4.51,4.52,4.48,34092740452,3560
2012-02-26,10000002,35,5.11,5.13,5.08,7462308240,2613
2012-02-26,10000002,36,57.51,58.08,56.53,2193568959,2521
2012-02-26,10000002,37,67.93,67.95,67.14,567798727,1859
2012-02-26,10000002,38,514,514.89,505.22,87075594,1960
2012-02-26,10000002,39,743.02,756.58,741.07,31433307,1608
2012-02-26,10000002,40,2600,2629,2555,19942670,1625
2012-02-26,10000002,11399,3769.76,3769.83,3699.33,2821105,503
2012-02-27,10000002,34,4.43,4.49,4.41,29212918568,2811
2012-02-27,10000002,35,5.05,5.06,5.01,4757266874,1990
2012-02-27,10000002,36,56.35,56.62,56.15,1774225337,1873
2012-02-27,10000002,37,67.49,68.5,66.74,266416994,1450
2012-02-27,10000002,38,513,514.38,505.18,84317051,1551
2012-02-27,10000002,39,743,756.97,741.07,42958813,1290
2012-02-27,10000002,40,2555,2605.66,2532.62,14484106,1239
2012-02-27,10000002,11399,3769.76,3769.77,3768,2570194,396
2012-02-28,10000002,34,4.52,4.53,4.48,24806888070,2816
2012-02-28,10000002,35,5.16,5.2,5.04,5739245966,1984
2012-02-28,10000002,36,57.18,57.72,56.01,2225176956,1984
2012-02-28,10000002,37,72.51,72.76,70.9,295188786,1493
2012-02-28,10000002,38,513.97,513.98,513,103820491,1611
2012-02-28,10000002,39,750.01,760,740.1,50991669,1336
2012-02-28,10000002,40,2558,2608.79,2533,18991183,1373
2012-02-28,10000002,11399,3750,3769.75,3671.04,1671770,434
2012-02-29,10000002,34,4.57,4.63,4.46,30353936301,2936
2012-02-29,10000002,35,5.21,5.24,5.06,7043190360,1911
2012-02-29,10000002,36,57.09,57.41,56.01,1556785449,1855
2012-02-29,10000002,37,71.08,71.46,70.12,340139770,1410
2012-02-29,10000002,38,514.86,527.89,513.55,112402242,1616
2012-02-29,10000002,39,755.01,774.45,751.2,34242421,1218
2012-02-29,10000002,40,2603.06,2606.34,2560.03,18459440,1231
2012-02-29,10000002,11399,3769.58,3769.71,3701,4164320,408
2012-03-01,10000002,34,4.58,4.59,4.57,27375134713,2836
2012-03-01,10000002,35,5.2,5.24,5.14,5409578138,2013
2012-03-01,10000002,36,57.24,57.37,56.88,2041833434,1917
2012-03-01,10000002,37,72.81,73.43,71.12,294101490,1458
2012-03-01,10000002,38,523.71,525.99,513.01,104292183,1571
2012-03-01,10000002,39,743.47,758.86,738.29,54929296,1263
2012-03-01,10000002,40,2503.97,2531.03,2500.6,23832954,1247
2012-03-01,10000002,11399,3831.18,4089.87,3829.15,2205773,406
2012-03-02,10000002,34,4.65,4.7,4.57,25929404195,2967
2012-03-02,10000002,35,5.37,5.43,5.3,5015961635,2132
2012-03-02,10000002,36,57.5,57.9,57.24,2289579566,2041
2012-03-02,10000002,37,73.9,74,72.04,356408255,1521
2012-03-02,10000002,38,515.05,524.93,513.19,87977650,1658
2012-03-02,10000002,39,758,758.99,739.57,47551643,1332
2012-03-02,10000002,40,2539.94,2559.02,2511.15,17811192,1252
2012-03-02,10000002,11399,3831.1,3939.88,3761.08,2348609,382
2012-03-03,10000002,34,4.58,4.63,4.56,29602343183,3503
2012-03-03,10000002,35,5.45,5.51,5.41,6317988292,2596
2012-03-03,10000002,36,57.5,57.6,57.01,1954268564,2364
2012-03-03,10000002,37,72.42,72.82,72.02,412821657,1822
2012-03-03,10000002,38,515.01,523.42,513.3,111681964,1904
2012-03-03,10000002,39,760,769.01,750,60102666,1606
2012-03-03,10000002,40,2503.11,2558.37,2499.05,30939060,1605
2012-03-03,10000002,11399,3760.67,3838.34,3561,3196411,531
2012-03-04,10000002,34,4.55,4.59,4.52,25711371817,3673
2012-03-04,10000002,35,5.41,5.44,5.35,4348684620,2536
2012-03-04,10000002,36,56.78,56.97,55.93,1611927616,2362
2012-03-04,10000002,37,72.92,73,72.25,555512199,1896
2012-03-04,10000002,38,520.72,520.95,512.45,108435734,1971
2012-03-04,10000002,39,760.25,783.71,760.02,92849177,1656
2012-03-04,10000002,40,2550.76,2556.69,2512,20829520,1560
2012-03-04,10000002,11399,3845.5,4294.9,3749.97,5445097,534
2012-03-05,10000002,34,4.57,4.61,4.53,24035302871,2753
2012-03-05,10000002,35,5.4,5.42,5.37,4813075444,2006
2012-03-05,10000002,36,56.5,56.85,56.07,1522597841,1837
2012-03-05,10000002,37,72.33,73.28,72,255641391,1419
2012-03-05,10000002,38,514.86,515.95,505.73,88398698,1549
2012-03-05,10000002,39,755,768.85,750.51,32959710,1269
2012-03-05,10000002,40,2544.37,2554.22,2497,18805994,1246
2012-03-05,10000002,11399,3855.38,4082.02,3852.89,2241655,406
2012-03-06,10000002,34,4.56,4.59,4.54,24289373015,2930
2012-03-06,10000002,35,5.31,5.33,5.28,4081774771,2034
2012-03-06,10000002,36,56.1,56.69,56.05,1203163394,1866
2012-03-06,10000002,37,73.17,73.2,71.51,376640076,1475
2012-03-06,10000002,38,516.98,517.48,509,110680144,1625
2012-03-06,10000002,39,755.24,765.26,750.26,45608784,1297
2012-03-06,10000002,40,2535.99,2551.85,2492,17172573,1218
2012-03-06,10000002,11399,4077.86,4079.7,3876.09,1216788,367
2012-03-07,10000002,34,4.64,4.68,4.6,18776162735,3016
2012-03-07,10000002,35,5.37,5.4,5.34,5198249413,2062
2012-03-07,10000002,36,56.28,56.55,56.13,1314296655,1897
2012-03-07,10000002,37,72.12,73.09,71.82,298243335,1511
2012-03-07,10000002,38,515.96,518.95,505,82152323,1605
2012-03-07,10000002,39,758.92,763.86,746.19,28468689,1330
2012-03-07,10000002,40,2548.99,2550,2510.5,15237444,1235
2012-03-07,10000002,11399,3989.99,3994.75,3900.06,1386747,397
2012-03-08,10000002,34,4.73,4.8,4.67,25438876415,2764
2012-03-08,10000002,35,5.4,5.51,5.36,8230366093,1995
2012-03-08,10000002,36,56.27,57.15,56.22,2402000153,1868
2012-03-08,10000002,37,72.96,72.99,71.89,484487427,1387
2012-03-08,10000002,38,512.99,518.89,507.01,117848626,1599
2012-03-08,10000002,39,746.21,758.91,744,46322567,1279
2012-03-08,10000002,40,2510,2554.15,2500.19,20034935,1244
2012-03-08,10000002,11399,3902.34,4073.99,3902.08,1429859,380
2012-03-09,10000002,34,4.82,4.9,4.74,36776915717,2917
2012-03-09,10000002,35,5.56,5.57,5.41,4883935386,1995
2012-03-09,10000002,36,57.36,57.68,56.24,1564523700,1875
2012-03-09,10000002,37,72.38,72.99,69.05,511230287,1534
2012-03-09,10000002,38,522.4,522.45,512,93719840,1626
2012-03-09,10000002,39,752,774.94,742.03,37263844,1346
2012-03-09,10000002,40,2540,2574.95,2493.25,18379661,1289
2012-03-09,10000002,11399,3902.2,3985.97,3902.16,2247406,404
2012-03-10,10000002,34,4.7,4.76,4.67,23711358593,3078
2012-03-10,10000002,35,5.48,5.56,5.44,6475800536,2158
2012-03-10,10000002,36,56.25,56.96,56.16,1569329618,2032
2012-03-10,10000002,37,70.89,71.97,69.23,492605029,1630
2012-03-10,10000002,38,510.01,520.72,504.14,107183549,1765
2012-03-10,10000002,39,744.61,752.22,741.66,36431634,1399
2012-03-10,10000002,40,2505,2559.66,2500.13,23033927,1369
2012-03-10,10000002,11399,3877.12,3979.97,3875.25,1942587,452
2012-03-11,10000002,34,4.69,4.72,4.66,37669689897,3497
2012-03-11,10000002,35,5.56,5.65,5.45,11850045122,2552
2012-03-11,10000002,36,56.68,57.09,56,2651038436,2381
2012-03-11,10000002,37,73.1,73.21,73.09,1013612214,1979
2012-03-11,10000002,38,550.1,574.26,522.45,299198188,2315
2012-03-11,10000002,39,1009.95,1198.99,954,542367056,2864
2012-03-11,10000002,40,2597.19,2668.49,2559.85,50495734,1809
2012-03-11,10000002,11399,3969.88,3975.98,3969.83,4737809,582
2012-03-12,10000002,34,4.72,4.79,4.7,24169919401,2940
2012-03-12,10000002,35,5.56,5.7,5.46,5123803817,1992
2012-03-12,10000002,36,56.03,56.85,55.72,2444636158,1938
2012-03-12,10000002,37,73.34,74.05,72.73,404465068,1540
2012-03-12,10000002,38,564,584.85,562.99,141429826,1744
2012-03-12,10000002,39,945.96,1028.39,870.01,171284158,1800
2012-03-12,10000002,40,2634,2690.98,2632.96,25502486,1284
2012-03-12,10000002,11399,4462,5298,4445,7680801,486
2012-03-13,10000002,34,4.88,4.96,4.82,34391458423,2629
2012-03-13,10000002,35,5.58,5.74,5.47,3682187887,1683
2012-03-13,10000002,36,56.32,56.55,55.44,1277988344,1582
2012-03-13,10000002,37,76.03,78.9,74.89,292761225,1256
2012-03-13,10000002,38,557.11,558.94,550.24,108996148,1419
2012-03-13,10000002,39,981.98,1039.99,940,123744584,1271
2012-03-13,10000002,40,2685.79,2689.92,2606,12865784,1031
2012-03-13,10000002,11399,4999,5249.99,4900,1708082,382
2012-03-14,10000002,34,4.93,4.95,4.9,21694044943,2733
2012-03-14,10000002,35,5.6,5.66,5.5,4577712890,1908
2012-03-14,10000002,36,55.58,55.71,55.5,1482061740,1707
2012-03-14,10000002,37,76.34,77.91,75.28,372538461,1444
2012-03-14,10000002,38,520.51,528.97,515.26,77688035,1420
2012-03-14,10000002,39,974.4,984.98,970.86,95974245,1317
2012-03-14,10000002,40,2609.1,2650.99,2608.2,18997682,1109
2012-03-14,10000002,11399,4667.03,4744.91,4663.1,2771820,416
2012-03-15,10000002,34,4.91,4.95,4.89,43674517475,2884
2012-03-15,10000002,35,5.53,5.55,5.5,5177580297,1953
2012-03-15,10000002,36,55.59,56.08,55.4,1371301369,1847
2012-03-15,10000002,37,75.4,77.89,75.23,439255662,1561
2012-03-15,10000002,38,535.75,541.9,530.71,107616124,1681
2012-03-15,10000002,39,989.92,994.8,969.89,69939127,1410
2012-03-15,10000002,40,2608.73,2672.99,2606.61,22273139,1301
2012-03-15,10000002,11399,4680,4684.99,4665.38,4610544,428
2012-03-16,10000002,34,4.94,4.96,4.93,40603486677,2886
2012-03-16,10000002,35,5.49,5.49,5.49,10606592996,1931
2012-03-16,10000002,36,55.74,55.75,55.72,2987016612,1833
2012-03-16,10000002,37,77.4,78,75.71,409455480,1508
2012-03-16,10000002,38,555.27,560.09,543.19,93793765,1591
2012-03-16,10000002,39,1030,1043.35,1006,86354348,1360
2012-03-16,10000002,40,2737,2751,2680,22429860,1286
2012-03-16,10000002,11399,5219.97,5237.08,4902.7,1434689,377
2012-03-17,10000002,34,4.92,4.96,4.9,27900650673,3404
2012-03-17,10000002,35,5.58,5.62,5.53,7554636575,2463
2012-03-17,10000002,36,55.79,56.1,55.76,1566113725,2264
2012-03-17,10000002,37,77.5,80.51,77.17,403326964,1838
2012-03-17,10000002,38,550.27,550.27,550.27,269061237,1968
2012-03-17,10000002,39,1065.86,1141.68,1031.13,88859128,1639
2012-03-17,10000002,40,2799.98,2840,2757.33,24186219,1523
2012-03-17,10000002,11399,5213.78,5213.78,5000,4492295,445
2012-03-18,10000002,34,4.91,4.94,4.89,25340156320,3783
2012-03-18,10000002,35,5.51,5.54,5.49,8293571095,2760
2012-03-18,10000002,36,55.06,55.36,55,1741951316,2490
2012-03-18,10000002,37,77.41,79.88,77.2,448923098,2103
2012-03-18,10000002,38,550.27,557,534,141518100,2010
2012-03-18,10000002,39,1010.67,1091.53,970.08,113924332,1823
2012-03-18,10000002,40,2758.81,2819,2757.96,26322284,1600
2012-03-18,10000002,11399,4883.78,5039.99,4881.23,2648062,510
2012-03-19,10000002,34,4.91,4.93,4.89,26475740219,3154
2012-03-19,10000002,35,5.99,6.97,5.64,7564482327,2477
2012-03-19,10000002,36,55.26,55.36,54.15,1809895656,2134
2012-03-19,10000002,37,77.23,79.86,77.19,585658821,1759
2012-03-19,10000002,38,534.41,544,534.19,95969319,1763
2012-03-19,10000002,39,1000,1010.55,981.28,83399516,1537
2012-03-19,10000002,40,2757.73,2808.9,2755.06,21443880,1522
2012-03-19,10000002,11399,4663.29,4859.96,4465.13,1973917,421
2012-03-20,10000002,34,4.88,4.9,4.84,28451610959,2807
2012-03-20,10000002,35,5.99,6.08,5.8,4841238674,2052
2012-03-20,10000002,36,55,55.22,54.08,1833234236,1833
2012-03-20,10000002,37,79.61,79.66,77.34,300908573,1520
2012-03-20,10000002,38,534.23,537.99,523.07,95475447,1547
2012-03-20,10000002,39,996,997,969,55052896,1347
2012-03-20,10000002,40,2756.04,2800,2755.04,17248554,1228
2012-03-20,10000002,11399,4495,4594.96,4494.97,1417423,360
2012-03-21,10000002,34,4.85,4.87,4.77,25010101923,2965
2012-03-21,10000002,35,6.26,6.32,5.97,6314997230,2228
2012-03-21,10000002,36,55.25,55.56,54.61,1399041719,2056
2012-03-21,10000002,37,78.04,79.55,78.01,527165048,1649
2012-03-21,10000002,38,531.01,542.31,526.57,81883561,1624
2012-03-21,10000002,39,993.9,995.72,966.4,73273965,1438
2012-03-21,10000002,40,2758.05,2809,2757.27,25578536,1323
2012-03-21,10000002,11399,4870,4871.5,4749.99,2522463,446
2012-03-22,10000002,34,4.86,4.9,4.83,26519297602,3287
2012-03-22,10000002,35,5.84,5.9,5.68,4999716355,2234
2012-03-22,10000002,36,55.4,55.54,54.66,1683553203,2153
2012-03-22,10000002,37,79.35,79.5,78.08,484651852,1689
2012-03-22,10000002,38,532,541.82,524.28,74406140,1733
2012-03-22,10000002,39,981.2,994.85,964.17,43906643,1418
2012-03-22,10000002,40,2759.1,2834.76,2758.01,10620421,1293
2012-03-22,10000002,11399,4985.4,4987,4950,1117793,381
2012-03-23,10000002,34,4.9,4.96,4.88,22448611664,3062
2012-03-23,10000002,35,5.8,5.87,5.69,4435507108,2122
2012-03-23,10000002,36,54.47,55.56,54.43,1238853800,1938
2012-03-23,10000002,37,78.2,80.71,78.15,614253670,1549
2012-03-23,10000002,38,529,535,524.97,81040849,1657
2012-03-23,10000002,39,1007.03,1076.97,995.14,56115830,1418
2012-03-23,10000002,40,2758.06,2797.94,2758.04,14160320,1210
2012-03-23,10000002,11399,4605,4935.99,4508.09,2588792,419
2012-03-24,10000002,34,4.94,5.02,4.92,28461189837,3528
2012-03-24,10000002,35,5.79,5.87,5.71,5308042988,2444
2012-03-24,10000002,36,54.93,55.52,54.52,1530019430,2268
2012-03-24,10000002,37,80.76,80.89,78.24,510720188,1815
2012-03-24,10000002,38,537,542.91,530.35,116896722,1867
2012-03-24,10000002,39,1069.87,1145.51,1002.29,162919843,1741
2012-03-24,10000002,40,2834.66,2999.5,2761.17,35223397,1463
2012-03-24,10000002,11399,4897.56,4953.97,4700,6404604,533
2012-03-25,10000002,34,4.94,4.97,4.93,28761836807,3703
2012-03-25,10000002,35,5.8,5.84,5.7,5667662692,2591
2012-03-25,10000002,36,54.75,54.92,54.69,1606019955,2371
2012-03-25,10000002,37,79.16,79.28,78.52,364537526,1973
2012-03-25,10000002,38,554.48,556.73,539.78,136231740,2170
2012-03-25,10000002,39,1320,1398.05,1225,112892889,1973
2012-03-25,10000002,40,3200,3213.59,3025.03,24913466,1700
2012-03-25,10000002,11399,5189.96,5242.84,4960.43,3171396,523
2012-03-26,10000002,34,4.96,5,4.93,35337057567,3480
2012-03-26,10000002,35,5.88,5.9,5.79,7765127124,2459
2012-03-26,10000002,36,54,54.9,53.55,1727467827,2210
2012-03-26,10000002,37,79.36,81.34,79.03,472014868,1771
2012-03-26,10000002,38,579.94,583.9,567.64,266909546,2362
2012-03-26,10000002,39,1668.94,1740,1575,164011602,2217
2012-03-26,10000002,40,3074,3109,3052.17,22571647,1532
2012-03-26,10000002,11399,6770,6787.88,6292.13,4129756,596
2012-03-27,10000002,34,4.96,5,4.95,26961822099,3095
2012-03-27,10000002,35,5.86,5.87,5.86,7819148510,2265
2012-03-27,10000002,36,54.16,54.5,53.08,1645413099,1992
2012-03-27,10000002,37,79.53,79.55,79.43,698473012,1704
2012-03-27,10000002,38,579.98,597.39,557,138539983,1911
2012-03-27,10000002,39,1534.95,1590,1505.35,111466675,1972
2012-03-27,10000002,40,3200.07,3207.2,3200.06,28012966,1420
2012-03-27,10000002,11399,6922.12,6999.72,6670,3356368,474
2012-03-28,10000002,34,5,5.04,4.97,24246356846,3072
2012-03-28,10000002,35,6,6.35,5.95,6461989193,2273
2012-03-28,10000002,36,54.32,54.74,53.49,1507370798,2016
2012-03-28,10000002,37,80.25,81.23,79.9,421176336,1658
2012-03-28,10000002,38,605.13,632.01,597.03,253022082,1975
2012-03-28,10000002,39,1650,1700.01,1613.01,83849712,1612
2012-03-28,10000002,40,3125.07,3172,3120.01,12283368,1287
2012-03-28,10000002,11399,6888.26,6894,6367.04,4802244,485
2012-03-29,10000002,34,5.05,5.06,5.03,19784324843,3289
2012-03-29,10000002,35,6.19,6.22,6.13,4065734610,2410
2012-03-29,10000002,36,54.21,54.85,53.88,1385018610,2157
2012-03-29,10000002,37,81.14,81.29,81.1,516206281,1798
2012-03-29,10000002,38,560,570.07,553.7,168296282,1920
2012-03-29,10000002,39,1608.31,1641,1599,92981320,1731
2012-03-29,10000002,40,3173.98,3248,3125.04,31463282,1600
2012-03-29,10000002,11399,8200.05,8999.98,7999.99,8660851,479
2012-03-30,10000002,34,5.11,5.38,5.09,32986114837,3317
2012-03-30,10000002,35,6.4,6.57,6.19,7370864161,2481
2012-03-30,10000002,36,55.12,55.89,55.02,2258322214,2339
2012-03-30,10000002,37,87.59,88.6,84.68,575853534,1746
2012-03-30,10000002,38,554.1,569.5,535,214220860,1838
2012-03-30,10000002,39,1550.02,1597.72,1525.27,72191798,1615
2012-03-30,10000002,40,3250.12,3400,3211.04,13206614,1389
2012-03-30,10000002,11399,8680.03,8685.02,8539.89,2324671,465
2012-03-31,10000002,34,5.38,5.47,5.36,39858015228,4054
2012-03-31,10000002,35,6.64,6.66,6.54,7062412746,2832
2012-03-31,10000002,36,55.32,55.48,54.53,2366145813,2558
2012-03-31,10000002,37,86.07,86.19,84.1,571457465,2042
2012-03-31,10000002,38,544.16,573.62,537.67,283621484,2272
2012-03-31,10000002,39,1549.79,1589,1502.95,75739100,1770
2012-03-31,10000002,40,3252.5,3279.95,3228,13904412,1693
2012-03-31,10000002,11399,8498.97,8537.99,8252.34,1878384,526
2012-04-01,10000002,34,5.36,5.39,5.3,36711762838,4545
2012-04-01,10000002,35,6.5,6.58,6.45,6903221168,3234
2012-04-01,10000002,36,55.28,55.66,54.45,2245985397,3016
2012-04-01,10000002,37,84.86,85.24,84.09,641711673,2416
2012-04-01,10000002,38,744.46,779.33,615,615325530,3298
2012-04-01,10000002,39,1515.5,1591.95,1500.62,79359994,2051
2012-04-01,10000002,40,3217,3277,3201.03,22046516,1868
2012-04-01,10000002,11399,8252.62,8486.75,8000.58,3141574,576
2012-04-02,10000002,34,5.3,5.35,5.26,38650711796,3895
2012-04-02,10000002,35,6.49,6.52,6.45,6308831047,2787
2012-04-02,10000002,36,55.42,55.95,55.32,1728068925,2484
2012-04-02,10000002,37,81.73,83.74,81,454663259,1974
2012-04-02,10000002,38,724.44,755.51,719.13,166844876,2199
2012-04-02,10000002,39,1501.15,1549.75,1482,59022498,1800
2012-04-02,10000002,40,3106,3245,3101.01,19957009,1604
2012-04-02,10000002,11399,8100.21,8439.73,8060.42,3205873,466
2012-04-03,10000002,34,5.48,5.73,5.39,38519017222,4128
2012-04-03,10000002,35,6.64,6.67,6.5,7899393835,2707
2012-04-03,10000002,36,55.76,56.15,55.36,2007393327,2406
2012-04-03,10000002,37,86.89,89.21,82.45,728421211,2000
2012-04-03,10000002,38,723.83,727,711.01,144694839,2077
2012-04-03,10000002,39,1502.23,1533.99,1500,67608088,1720
2012-04-03,10000002,40,3218.48,3250,3075.03,19685793,1540
2012-04-03,10000002,11399,8243.74,8297.98,7802,2871762,449
2012-04-04,10000002,34,5.56,5.64,5.52,29093184411,3874
2012-04-04,10000002,35,6.56,6.7,6.45,5820661415,2802
2012-04-04,10000002,36,55.16,56.1,55.05,2005951942,2579
2012-04-04,10000002,37,83,84.46,82.88,600098220,1979
2012-04-04,10000002,38,800,900,761.99,306041509,2609
2012-04-04,10000002,39,1599.27,1650,1532.01,106335024,1936
2012-04-04,10000002,40,3149.97,3279.97,3099.99,43864853,1739
2012-04-04,10000002,11399,8151,8151,8151,3150479,518
2012-04-05,10000002,34,5.54,5.59,5.49,42139538128,3888
2012-04-05,10000002,35,7,7.09,6.81,13174756414,2947
2012-04-05,10000002,36,55.2,55.49,54.35,2619976553,2548
2012-04-05,10000002,37,88.9,89.09,86.42,852785487,2023
2012-04-05,10000002,38,935.03,961.45,915.07,263941025,2682
2012-04-05,10000002,39,1800,1811.88,1755.11,94849245,1970
2012-04-05,10000002,40,3499,3650.04,3400,26434971,1800
2012-04-05,10000002,11399,8610.88,8798.85,8400,4209071,517
2012-04-06,10000002,34,5.8,5.85,5.69,45077165838,4528
2012-04-06,10000002,35,6.8,6.86,6.74,6759059974,3129
2012-04-06,10000002,36,55.25,55.28,54.64,2778936959,2913
2012-04-06,10000002,37,85.86,87.71,83.03,733494832,2353
2012-04-06,10000002,38,999.12,1022,965.08,225586410,2792
2012-04-06,10000002,39,1907.9,1948.66,1873.01,117686733,2302
2012-04-06,10000002,40,3829.71,3911.03,3522.57,40910187,2145
2012-04-06,10000002,11399,10999.45,12655.07,9000,9753250,751
2012-04-07,10000002,34,6.09,6.19,5.97,37243427477,4707
2012-04-07,10000002,35,7.02,7.26,7,12007027308,3527
2012-04-07,10000002,36,55.49,56.63,54.73,2952387339,3204
2012-04-07,10000002,37,89.96,90,87.41,809821918,2550
2012-04-07,10000002,38,914.1,949.89,896.1,209049357,2878
2012-04-07,10000002,39,1944.91,1957.81,1874.31,80555571,2209
2012-04-07,10000002,40,3687.39,3760,3569.49,22839985,2094
2012-04-07,10000002,11399,10999.9,11923.19,10500,4597782,598
2012-04-08,10000002,34,6.06,6.21,5.93,30969513070,4740
2012-04-08,10000002,35,7.02,7.05,6.94,5326211777,3417
2012-04-08,10000002,36,54.71,55.27,53.1,2068899412,3096
2012-04-08,10000002,37,88.8,89.94,87.81,521368415,2441
2012-04-08,10000002,38,940,950,929.38,203073391,2657
2012-04-08,10000002,39,1890.27,1966,1878.18,98993189,2186
2012-04-08,10000002,40,3459,3566.17,3402.03,21663535,2131
2012-04-08,10000002,11399,10897.61,10966.76,10004.27,2742790,613
2012-04-09,10000002,34,5.94,5.99,5.84,40054385349,4460
2012-04-09,10000002,35,6.99,7.01,6.92,7884607159,3137
2012-04-09,10000002,36,55.5,56.05,54.61,2053725292,2872
2012-04-09,10000002,37,90.44,90.62,90.28,891219967,2260
2012-04-09,10000002,38,882,889.99,870.04,145300406,2405
2012-04-09,10000002,39,1770,1839.99,1706.08,56241202,1957
2012-04-09,10000002,40,3469,3476,3406.66,24786065,1884
2012-04-09,10000002,11399,10887.97,10888,10400.5,4399041,629
2012-04-10,10000002,34,5.89,5.92,5.8,27543206291,3791
2012-04-10,10000002,35,6.9,6.97,6.8,5627393464,2796
2012-04-10,10000002,36,54.64,55.79,53.54,1766566547,2715
2012-04-10,10000002,37,89.9,90.91,89.12,496803844,1995
2012-04-10,10000002,38,903.95,912,891.05,136463412,2311
2012-04-10,10000002,39,1769.99,1778.01,1704.02,62629015,1945
2012-04-10,10000002,40,3459.72,3466.92,3301,16120900,1713
2012-04-10,10000002,11399,10106.91,10770.26,10106.34,2696964,523
2012-04-11,10000002,34,6.03,6.15,5.97,27021985653,3973
2012-04-11,10000002,35,7,7.05,6.98,6048466816,2728
2012-04-11,10000002,36,54.45,55.03,54.26,1622078918,2445
2012-04-11,10000002,37,90.92,91.01,89.67,839226634,1906
2012-04-11,10000002,38,896.67,910,895.01,114332307,2134
2012-04-11,10000002,39,1770,1791.98,1744,63517559,1705
2012-04-11,10000002,40,3300.02,3379.83,3276.01,21064482,1608
2012-04-11,10000002,11399,10064,10199.97,9800,3051011,522
2012-04-12,10000002,34,6.24,6.29,6.21,30375510126,3851
2012-04-12,10000002,35,7.05,7.14,7.03,7410243931,2732
2012-04-12,10000002,36,54.52,55.59,54.44,1312763640,2463
2012-04-12,10000002,37,94,98.31,93.27,377469210,1975
2012-04-12,10000002,38,898,908,895.02,112353478,2138
2012-04-12,10000002,39,1802.34,1810,1785,51368628,1686
2012-04-12,10000002,40,3374.83,3377.9,3305.06,20290509,1528
2012-04-12,10000002,11399,10599.97,11000.02,10588.97,4964805,624
2012-04-13,10000002,34,6.15,6.21,6.08,40055894988,3743
2012-04-13,10000002,35,6.97,6.99,6.9,9386065737,2653
2012-04-13,10000002,36,53.97,54.52,53.6,2315120315,2401
2012-04-13,10000002,37,92.71,92.86,90,723787011,1936
2012-04-13,10000002,38,900.01,905,895.03,90927676,2081
2012-04-13,10000002,39,1841.13,1869.85,1800,67019486,1694
2012-04-13,10000002,40,3377.88,3398.99,3360.92,21758537,1572
2012-04-13,10000002,11399,13215.06,13500,12487.68,11287616,618
2012-04-14,10000002,34,6,6.04,5.95,35397609735,3963
2012-04-14,10000002,35,7.16,7.18,7.11,5998961409,2890
2012-04-14,10000002,36,53.52,53.96,52,2013192511,2654
2012-04-14,10000002,37,92.5,92.84,90.99,559312785,2085
2012-04-14,10000002,38,920,1018,905.89,347470530,2788
2012-04-14,10000002,39,1829.94,1846.94,1790.01,73543444,1843
2012-04-14,10000002,40,3394.95,3400,3325.8,20474340,1637
2012-04-14,10000002,11399,16796,17548,15900.16,9072565,803
2012-04-15,10000002,34,6.04,6.1,6,25674714763,4396
2012-04-15,10000002,35,7.06,7.16,6.99,6699524947,3213
2012-04-15,10000002,36,53,53.53,52.07,1650808512,2911
2012-04-15,10000002,37,96.93,98.75,95.1,551648263,2523
2012-04-15,10000002,38,988.89,996.77,975,169956307,2684
2012-04-15,10000002,39,1790,1802.87,1781.02,42701187,1990
2012-04-15,10000002,40,3332,3384.98,3325.85,18351727,1908
2012-04-15,10000002,11399,16870,17398.99,16623.94,6156429,772
2012-04-16,10000002,34,6.1,6.16,6.06,29566559735,3620
2012-04-16,10000002,35,7.02,7.15,6.98,7327812878,2560
2012-04-16,10000002,36,52.02,53.02,51.91,1790797184,2399
2012-04-16,10000002,37,97.63,97.98,96.29,529111793,1959
2012-04-16,10000002,38,941.5,962.64,939.45,104802451,2058
2012-04-16,10000002,39,1700,1755,1685.05,65363526,1744
2012-04-16,10000002,40,3329.05,3386.99,3300.58,18116087,1542
2012-04-16,10000002,11399,15994.92,16651.67,14500.03,6875298,693
2012-04-17,10000002,34,6.12,6.2,6.06,23437107626,3632
2012-04-17,10000002,35,7.07,7.12,7.01,4343826204,2542
2012-04-17,10000002,36,53.08,53.28,51.96,1159365475,2269
2012-04-17,10000002,37,93.6,94.3,92.97,495360128,1833
2012-04-17,10000002,38,941.04,964.99,940.51,112247724,2031
2012-04-17,10000002,39,1685.17,1722.01,1681.55,44739292,1627
2012-04-17,10000002,40,3275.26,3332.84,3268.64,22551973,1562
2012-04-17,10000002,11399,14702.04,15741.29,14652.01,2383834,567
2012-04-18,10000002,34,6.08,6.16,6.07,21223176631,3460
2012-04-18,10000002,35,7.15,7.22,7.09,4377214371,2363
2012-04-18,10000002,36,52.54,53.23,52.14,1514367205,2201
2012-04-18,10000002,37,93.91,95.69,93.12,464040661,1771
2012-04-18,10000002,38,940.16,964.73,936.78,115763580,1934
2012-04-18,10000002,39,1619.02,1699.11,1615.53,52285608,1647
2012-04-18,10000002,40,3204.06,3275,3000,18446110,1494
2012-04-18,10000002,11399,14650,15083.77,14250,3086401,557
2012-04-19,10000002,34,6.09,6.18,6.08,16648548489,3482
2012-04-19,10000002,35,7.13,7.18,7.07,4921052743,2495
2012-04-19,10000002,36,52.38,52.89,51.38,1238155944,2259
2012-04-19,10000002,37,96.39,96.99,93.15,427054326,1903
2012-04-19,10000002,38,964.44,968.47,946.11,133038492,2018
2012-04-19,10000002,39,1630.92,1689.99,1621.34,47007574,1655
2012-04-19,10000002,40,3274,3292.51,3202.36,23168550,1559
2012-04-19,10000002,11399,13612.03,14398.8,13402.53,3419372,568
2012-04-20,10000002,34,6.07,6.11,6.05,24874183921,3273
2012-04-20,10000002,35,7.11,7.17,7.08,3722616455,2335
2012-04-20,10000002,36,52.07,53.03,52,1420950400,2198
2012-04-20,10000002,37,93.62,96.72,93.27,226356399,1677
2012-04-20,10000002,38,990,1004.96,984.07,95323334,1917
2012-04-20,10000002,39,1691.65,1700,1670.3,51664909,1487
2012-04-20,10000002,40,3328.99,3345.71,3235.23,15533361,1377
2012-04-20,10000002,11399,13407,14398.8,13387,6843750,621
2012-04-21,10000002,34,6.06,6.1,5.99,26805852059,3777
2012-04-21,10000002,35,7.18,7.23,7.07,5393218418,2656
2012-04-21,10000002,36,53.07,53.3,52.01,1425236588,2534
2012-04-21,10000002,37,95.59,95.68,93.11,450518274,1933
2012-04-21,10000002,38,999.81,1009.97,981,124583404,2267
2012-04-21,10000002,39,1740,1750,1710,50418848,1670
2012-04-21,10000002,40,3308.97,3344.45,3239.06,19422406,1509
2012-04-21,10000002,11399,14900,15599.95,14108,4030604,663
2012-04-22,10000002,34,6.05,6.08,6.01,23665848365,4217
2012-04-22,10000002,35,7.1,7.16,7.08,6806165268,2952
2012-04-22,10000002,36,53.04,53.41,52.15,1574320809,2773
2012-04-22,10000002,37,97.3,97.79,95.91,399018347,2149
2012-04-22,10000002,38,971.1,990,960,108324694,2419
2012-04-22,10000002,39,1785,1818,1783.08,77524884,1902
2012-04-22,10000002,40,3350,3511.05,3344.72,25039455,1743
2012-04-22,10000002,11399,14499,14986.83,14198.69,2720042,589
2012-04-23,10000002,34,6.14,6.15,6.06,24176587472,3509
2012-04-23,10000002,35,7.26,7.27,7.15,4303160734,2344
2012-04-23,10000002,36,53.69,54.82,52.12,1694778722,2330
2012-04-23,10000002,37,97.95,98.2,95.9,527770616,1775
2012-04-23,10000002,38,969.97,993.75,945.03,87608930,1949
2012-04-23,10000002,39,1754.99,1789.87,1725,55111591,1582
2012-04-23,10000002,40,3434.5,3520,3414.16,26043189,1458
2012-04-23,10000002,11399,14699.89,15000,14330.81,4223585,636
2012-04-24,10000002,34,6.1,6.14,6,25290800867,3290
2012-04-24,10000002,35,7.1,7.15,7.03,5440950789,2184
2012-04-24,10000002,36,51.63,52.17,49.18,2009243035,2158
2012-04-24,10000002,37,97.42,98.03,95.8,374531666,1627
2012-04-24,10000002,38,951.47,979.99,948.77,121661479,1925
2012-04-24,10000002,39,1723,1780.49,1684.83,49190442,1475
2012-04-24,10000002,40,3552.96,3728.95,3352,35192461,1470
2012-04-24,10000002,11399,15059.96,15345.7,14696.92,3369282,550
2012-04-25,10000002,34,6.15,6.18,6.1,30619706217,3637
2012-04-25,10000002,35,7.04,7.05,7.04,7124714253,2359
2012-04-25,10000002,36,52.48,52.86,51.28,1219604091,2327
2012-04-25,10000002,37,95.82,96.8,93.72,336751468,1721
2012-04-25,10000002,38,960,975,959.27,79636007,1833
2012-04-25,10000002,39,1691.57,1718,1688.15,58138331,1627
2012-04-25,10000002,40,3670.06,3800,3565.64,15935748,1477
2012-04-25,10000002,11399,15957,15961,15747.9,3569101,585
2012-04-26,10000002,34,6.17,6.22,6.13,24294701786,3323
2012-04-26,10000002,35,7.04,7.04,7.04,5621220748,2122
2012-04-26,10000002,36,52.89,53.07,51.74,1156189552,2086
2012-04-26,10000002,37,94.94,95.41,93.93,229605143,1542
2012-04-26,10000002,38,965.56,974.95,959.22,86418411,1749
2012-04-26,10000002,39,1653.26,1656.01,1639.73,46517965,1443
2012-04-26,10000002,40,3445,3565,3356,14144830,1294
2012-04-26,10000002,11399,15523.04,15985,14948.03,2981860,490
2012-04-27,10000002,34,6.11,6.21,6.06,16719316346,2577
2012-04-27,10000002,35,7,7.09,6.99,1834187437,1514
2012-04-27,10000002,36,52.04,52.7,51.7,325881375,1364
2012-04-27,10000002,37,95.24,95.29,95,279774890,1077
2012-04-27,10000002,38,945.19,959.98,940.42,21825199,1064
2012-04-27,10000002,39,1659.99,1659.99,1659.99,18186062,914
2012-04-27,10000002,40,3361.17,3370.05,3361,5789227,761
2012-04-27,10000002,11399,15841.13,15898.48,14704.01,900379,194
2012-04-28,10000002,34,6.12,6.22,6.09,13730143871,2661
2012-04-28,10000002,35,7.04,7.05,7.03,2846257748,1641
2012-04-28,10000002,36,52,52.22,51.58,425533549,1482
2012-04-28,10000002,37,94.85,94.99,93.53,95938442,1122
2012-04-28,10000002,38,937.09,941,922.14,33134464,1117
2012-04-28,10000002,39,1626.05,1680.82,1624.83,19435550,929
2012-04-28,10000002,40,3294.19,3369.99,3290.06,7544407,788
2012-04-28,10000002,11399,14850.66,15550,14850.65,1999233,231
2012-04-29,10000002,34,6.12,6.16,6.1,16906379040,3190
2012-04-29,10000002,35,7.08,7.1,6.96,3733851447,1993
2012-04-29,10000002,36,52.83,53.39,52.76,1307584921,1769
2012-04-29,10000002,37,93,93.65,93,254093869,1396
2012-04-29,10000002,38,925.14,931.56,925,75554133,1442
2012-04-29,10000002,39,1567.35,1626.22,1480,51223472,1261
2012-04-29,10000002,40,3244.23,3300,3200,12793358,1020
2012-04-29,10000002,11399,13011,13999.99,13010.2,5393050,356
2012-04-30,10000002,34,6.11,6.17,6.07,17426467134,2983
2012-04-30,10000002,35,7.07,7.08,7.04,2718388342,1983
2012-04-30,10000002,36,52.3,53.23,51.97,733604119,1819
2012-04-30,10000002,37,94.36,94.54,91.8,303503533,1504
2012-04-30,10000002,38,925,929.91,907.57,67721629,1535
2012-04-30,10000002,39,1500.01,1559,1325,74362341,1368
2012-04-30,10000002,40,3302.04,3302.54,3224.15,21175517,1135
2012-04-30,10000002,11399,15000,15040.84,14500,2039206,348
2012-05-01,10000002,34,6.09,6.1,6.06,30121635722,3462
2012-05-01,10000002,35,7.01,7.06,6.92,3533611102,2339
2012-05-01,10000002,36,51.87,52.38,51.48,1266062349,2271
2012-05-01,10000002,37,91.27,93.88,90.05,544830347,1863
2012-05-01,10000002,38,904.98,908.01,877,127657132,1938
2012-05-01,10000002,39,1380,1419.95,1372.06,74449714,1624
2012-05-01,10000002,40,3250,3294.71,3207.07,24537302,1413
2012-05-01,10000002,11399,11506,13016.05,8500,14273087,688
2012-05-02,10000002,34,6.06,6.07,6.05,23684759256,3442
2012-05-02,10000002,35,6.93,6.99,6.91,4648799877,2084
2012-05-02,10000002,36,50.66,50.97,50.51,1106644317,1906
2012-05-02,10000002,37,87.34,88.53,85.41,417819675,1665
2012-05-02,10000002,38,877.02,897.93,874.45,127822207,1707
2012-05-02,10000002,39,1417,1420,1376.21,56849999,1468
2012-05-02,10000002,40,3132.01,3155,3130.07,16036384,1239
2012-05-02,10000002,11399,10492.11,10800,9531.2,8035607,550
2012-05-03,10000002,34,5.99,6.07,5.92,31160465108,3330
2012-05-03,10000002,35,6.97,7.07,6.86,4606229214,2163
2012-05-03,10000002,36,50.16,51,49.76,1912025388,2097
2012-05-03,10000002,37,88,88.5,86,408729569,1606
2012-05-03,10000002,38,880,884.99,854.83,127055695,1778
2012-05-03,10000002,39,1419.01,1475.99,1370,108845465,1625
2012-05-03,10000002,40,2920.16,3122.98,2857.06,26261408,1386
2012-05-03,10000002,11399,8499.68,10000,8007.18,6073978,546
2012-05-04,10000002,34,5.99,6.04,5.91,24269194249,3014
2012-05-04,10000002,35,7.04,7.07,7,5242342646,2054
2012-05-04,10000002,36,52.01,52.33,51.42,1592046024,1973
2012-05-04,10000002,37,88.58,88.69,88.33,309280884,1509
2012-05-04,10000002,38,863.02,890.9,861.71,104179363,1752
2012-05-04,10000002,39,1566,1600,1516.18,114082488,1688
2012-05-04,10000002,40,2917.03,3045.96,2894.2,22590435,1456
2012-05-04,10000002,11399,9999.46,10800,9560.01,4818010,426
2012-05-05,10000002,34,5.95,6.02,5.92,23160179368,3573
2012-05-05,10000002,35,7.08,7.1,6.98,3352834265,2348
2012-05-05,10000002,36,52,53,51.95,1445585574,2196
2012-05-05,10000002,37,87.87,89.88,87.43,384421318,1747
2012-05-05,10000002,38,861.33,879.45,860.82,112495811,1932
2012-05-05,10000002,39,1499.97,1499.99,1440,68650713,1682
2012-05-05,10000002,40,2900,2917.99,2778,25459569,1464
2012-05-05,10000002,11399,9508.84,9510,9008.58,4856501,606
2012-05-06,10000002,34,5.82,5.85,5.74,32325900592,3932
2012-05-06,10000002,35,7.02,7.12,6.79,5778564391,2731
2012-05-06,10000002,36,52.37,53.11,51.88,1545546186,2617
2012-05-06,10000002,37,85.16,88.25,80.51,522793936,1973
2012-05-06,10000002,38,870,879.97,829.34,94956415,2139
2012-05-06,10000002,39,1474.9,1475,1400.01,61840310,1710
2012-05-06,10000002,40,2849.97,2881.99,2776.22,26601546,1514
2012-05-06,10000002,11399,9220.02,9489.24,9220,2246435,437
2012-05-07,10000002,34,5.84,5.87,5.82,36423845047,3373
2012-05-07,10000002,35,7.01,7.11,6.84,7566144749,2282
2012-05-07,10000002,36,51.14,51.36,50.51,1207805831,2017
2012-05-07,10000002,37,85.37,85.85,82.37,509963364,1670
2012-05-07,10000002,38,829.3,844.06,822.84,89020857,1737
2012-05-07,10000002,39,1356.23,1391.41,1329.95,64677610,1584
2012-05-07,10000002,40,2649.84,2701.1,2610,28137648,1388
2012-05-07,10000002,11399,8006.01,8297.65,7600.03,5458802,515
2012-05-08,10000002,34,5.93,5.95,5.83,20279854228,3266
2012-05-08,10000002,35,7.08,7.1,7.05,4502690330,2154
2012-05-08,10000002,36,52.12,52.3,51.02,1586762154,1993
2012-05-08,10000002,37,83.2,84.63,80.96,389072815,1624
2012-05-08,10000002,38,804.44,807.82,804.44,169271106,1719
2012-05-08,10000002,39,1267.11,1308.98,1265.06,54205027,1419
2012-05-08,10000002,40,2649.98,2713.99,2556.01,29202868,1378
2012-05-08,10000002,11399,7700,7849.99,7600.32,3065612,443
2012-05-09,10000002,34,5.87,5.92,5.86,33113456291,3333
2012-05-09,10000002,35,7.09,7.11,7.02,3344713961,2160
2012-05-09,10000002,36,51.87,53.11,50.91,951826848,2118
2012-05-09,10000002,37,82.84,83.08,80,254209367,1614
2012-05-09,10000002,38,803.11,820.51,792.23,104693120,1688
2012-05-09,10000002,39,1300.01,1304.97,1290.01,36470078,1367
2012-05-09,10000002,40,2734.94,2739.88,2675,14823178,1274
2012-05-09,10000002,11399,7840.78,7847.04,7251.83,2017282,437
2012-05-10,10000002,34,5.9,5.93,5.86,25095644553,3247
2012-05-10,10000002,35,7.14,7.15,7.12,5792499351,2241
2012-05-10,10000002,36,53.31,55.1,52.62,2095356358,2119
2012-05-10,10000002,37,82.97,84.5,82.12,323851495,1634
2012-05-10,10000002,38,804.1,814.94,786.4,113151387,1771
2012-05-10,10000002,39,1298.98,1309.78,1249.99,57663769,1475
2012-05-10,10000002,40,2738.69,2800,2715.54,29494050,1357
2012-05-10,10000002,11399,7648.7,7649.95,7000,2516941,400
2012-05-11,10000002,34,5.91,5.97,5.85,34413582254,3344
2012-05-11,10000002,35,7.32,7.39,7.24,5572385185,2293
2012-05-11,10000002,36,53.62,54.43,53.28,1565634241,2099
2012-05-11,10000002,37,86.32,87.99,85.32,415088450,1706
2012-05-11,10000002,38,811.98,816.56,791.06,102932160,1791
2012-05-11,10000002,39,1354.98,1399.98,1301.01,41559544,1504
2012-05-11,10000002,40,2848.86,2849,2838.94,30574910,1413
2012-05-11,10000002,11399,7698.1,7847.04,7450.08,3101480,416
2012-05-12,10000002,34,5.94,6,5.92,16999067349,3651
2012-05-12,10000002,35,7.2,7.3,7.16,4253926812,2390
2012-05-12,10000002,36,52.57,53.24,52.01,1490781175,2190
2012-05-12,10000002,37,85.75,87.86,85.57,231805551,1747
2012-05-12,10000002,38,801.29,809.52,794.44,99368116,1869
2012-05-12,10000002,39,1399.98,1428.04,1373.16,58123487,1658
2012-05-12,10000002,40,2915.25,3024.96,2865.22,17767013,1402
2012-05-12,10000002,11399,7510.1,7985.92,7504.17,2663961,392
2012-05-13,10000002,34,5.97,6.12,5.92,25139773517,3882
2012-05-13,10000002,35,7.19,7.32,7.11,7927506048,2609
2012-05-13,10000002,36,51.14,51.89,50.35,1675396987,2380
2012-05-13,10000002,37,82.06,86,81.21,450357576,1942
2012-05-13,10000002,38,784.43,787.05,756.15,126210686,2050
2012-05-13,10000002,39,1380.46,1411.15,1373.33,64518059,1717
2012-05-13,10000002,40,2927.62,2928.52,2913.5,28008223,1518
2012-05-13,10000002,11399,7499.87,7550,7456.09,2520684,451
2012-05-14,10000002,34,6.15,6.21,6.11,28046529532,3170
2012-05-14,10000002,35,7.35,7.46,7.29,7570416495,2225
2012-05-14,10000002,36,51.4,52.61,50.36,1412288500,2033
2012-05-14,10000002,37,85.48,86.97,85,325878909,1608
2012-05-14,10000002,38,781.05,785,775.13,132429605,1749
2012-05-14,10000002,39,1389.11,1398.74,1350,70879745,1521
2012-05-14,10000002,40,2720.12,2796.91,2718,14910474,1265
2012-05-14,10000002,11399,7393,7461.31,7251.03,1233092,330
2012-05-15,10000002,34,6.1,6.14,6.07,29871749151,2843
2012-05-15,10000002,35,7.3,7.32,7.23,4876662340,1919
2012-05-15,10000002,36,51.5,52.1,51.07,1064587059,1664
2012-05-15,10000002,37,84.39,85.24,83.39,299040299,1386
2012-05-15,10000002,38,765.12,798.38,759.33,70445474,1480
2012-05-15,10000002,39,1317.97,1338.99,1316.27,32415452,1252
2012-05-15,10000002,40,2688.06,2731.95,2616.24,15696434,1136
2012-05-15,10000002,11399,7251.24,7369.99,7251.01,1676871,300
2012-05-16,10000002,34,6.13,6.18,6.1,32875465179,2795
2012-05-16,10000002,35,7.51,7.57,7.5,6403426667,1892
2012-05-16,10000002,36,52.75,53.77,51.98,1307275939,1685
2012-05-16,10000002,37,85.17,85.23,83.89,209603768,1287
2012-05-16,10000002,38,789.96,796.54,772.48,77555025,1458
2012-05-16,10000002,39,1319.99,1335.19,1316.26,31689950,1155
2012-05-16,10000002,40,2697.98,2713.96,2644.18,16642135,1104
2012-05-16,10000002,11399,7473.99,7650.01,7392.97,3142846,377
2012-05-17,10000002,34,6.07,6.16,6.03,25333282848,2832
2012-05-17,10000002,35,7.66,7.69,7.53,3822424718,1908
2012-05-17,10000002,36,53.99,55.12,52.9,1225844070,1767
2012-05-17,10000002,37,84.33,84.94,83.89,301753300,1352
2012-05-17,10000002,38,777.42,799,775.2,66843067,1489
2012-05-17,10000002,39,1307,1328.97,1299.98,38993002,1254
2012-05-17,10000002,40,2643.05,2699.05,2639.27,15541571,1066
2012-05-17,10000002,11399,7521.98,7705.97,7406,1511903,348
2012-05-18,10000002,34,6.08,6.16,6.03,27547021985,2738
2012-05-18,10000002,35,7.6,7.62,7.51,2722359806,1863
2012-05-18,10000002,36,53.43,54.2,53.03,894714853,1690
2012-05-18,10000002,37,83.91,84.33,83.33,183213892,1306
2012-05-18,10000002,38,779.99,799.65,776.12,75619439,1493
2012-05-18,10000002,39,1232.01,1252.58,1215.02,49126101,1183
2012-05-18,10000002,40,2640.19,2680,2593,13847094,1008
2012-05-18,10000002,11399,6997,7256,6815.02,6562589,406
2012-05-19,10000002,34,6.11,6.18,6.06,37131788209,3139
2012-05-19,10000002,35,7.6,7.8,7.5,6485590899,2176
2012-05-19,10000002,36,54.08,55.41,53.42,2176887515,2013
2012-05-19,10000002,37,85.62,87.08,84.95,248470210,1474
2012-05-19,10000002,38,796.01,803.79,785.67,78770048,1662
2012-05-19,10000002,39,1210,1254.13,1205.01,78283912,1292
2012-05-19,10000002,40,2540.26,2599.54,2514,23763935,1162
2012-05-19,10000002,11399,7009.99,7256.1,6900.17,1890361,304
2012-05-20,10000002,34,6.2,6.38,6.17,33470302707,3560
2012-05-20,10000002,35,7.85,8,7.72,4657748927,2356
2012-05-20,10000002,36,54.25,55.37,52.29,1489841351,2261
2012-05-20,10000002,37,86.23,88.09,82.93,328469670,1682
2012-05-20,10000002,38,785.75,799.36,785.01,85033370,1848
2012-05-20,10000002,39,1159.84,1174.45,1146.12,55933665,1487
2012-05-20,10000002,40,2516,2590.3,2485.81,15494244,1280
2012-05-20,10000002,11399,6912.14,7221,6911.16,1770748,389
2012-05-21,10000002,34,6.18,6.23,6.14,22992864579,2961
2012-05-21,10000002,35,7.78,7.93,7.57,3368224985,1954
2012-05-21,10000002,36,53.37,53.71,52.2,912622591,1798
2012-05-21,10000002,37,85.75,88.73,85.31,213505655,1392
2012-05-21,10000002,38,801,801.89,793.11,101344319,1553
2012-05-21,10000002,39,1166.36,1198,1130.28,50056847,1200
2012-05-21,10000002,40,2481.01,2534.81,2476.13,16965957,1090
2012-05-21,10000002,11399,6977.01,7215.47,6966.17,1653763,274
2012-05-22,10000002,34,6.18,6.21,6.16,18293015206,2267
2012-05-22,10000002,35,7.77,7.83,7.67,3287964691,1560
2012-05-22,10000002,36,53.42,53.49,52.73,719169510,1405
2012-05-22,10000002,37,84.64,84.79,83.32,189628398,1127
2012-05-22,10000002,38,804.81,807.4,793.17,52505315,1143
2012-05-22,10000002,39,1130.3,1167.24,1130.25,35746454,987
2012-05-22,10000002,40,2475,2524.5,2465.18,16082975,906
2012-05-22,10000002,11399,6980.01,7205.95,6973.36,916731,225
2012-05-23,10000002,34,6.09,6.15,6.08,17344694072,2827
2012-05-23,10000002,35,7.68,7.77,7.67,2360938728,1826
2012-05-23,10000002,36,52.59,53.16,52,773825665,1696
2012-05-23,10000002,37,84.56,84.8,83.78,207426507,1307
2012-05-23,10000002,38,774.51,785.48,757,75186246,1433
2012-05-23,10000002,39,1125.03,1130.01,1120.12,28331177,1094
2012-05-23,10000002,40,2525.18,2533.99,2427.96,24428000,1100
2012-05-23,10000002,11399,6973.36,7150,6973.23,1663579,344
2012-05-24,10000002,34,5.87,6.05,5.8,20324537861,2971
2012-05-24,10000002,35,7.66,7.69,7.48,3310077029,1959
2012-05-24,10000002,36,52.18,52.26,52.02,952818025,1762
2012-05-24,10000002,37,79.52,83.12,75.9,254853784,1389
2012-05-24,10000002,38,739.08,740.4,710.25,85505559,1525
2012-05-24,10000002,39,1081,1099,1005.8,41764406,1238
2012-05-24,10000002,40,2351.01,2399.55,2321,22798971,1131
2012-05-24,10000002,11399,6973.28,6973.28,6973.28,1508060,327
2012-05-25,10000002,34,6.08,6.1,6.04,20191187945,2950
2012-05-25,10000002,35,7.75,7.87,7.7,2971703882,1895
2012-05-25,10000002,36,53.41,53.92,53.27,921948334,1794
2012-05-25,10000002,37,82.9,83.29,81.6,248538098,1420
2012-05-25,10000002,38,712.26,739.35,711.16,72892655,1496
2012-05-25,10000002,39,1033.97,1065.91,1028.04,49849392,1247
2012-05-25,10000002,40,2450.05,2537.86,2405,15969505,1109
2012-05-25,10000002,11399,7099.99,7199.97,6990.46,861691,298
2012-05-26,10000002,34,6.14,6.19,6.11,23573061039,3665
2012-05-26,10000002,35,7.98,8.1,7.88,9435079713,2534
2012-05-26,10000002,36,53.97,55,53.45,1481961941,2273
2012-05-26,10000002,37,83.18,83.25,81.17,311655467,1735
2012-05-26,10000002,38,735.95,739.83,717.72,93629026,1837
2012-05-26,10000002,39,1016.24,1065.73,1014.44,36982822,1520
2012-05-26,10000002,40,2435,2468.59,2364.36,21570245,1345
2012-05-26,10000002,11399,7199.99,7212.8,7061,1672491,396
2012-05-27,10000002,34,6.13,6.19,6.1,18413956818,3810
2012-05-27,10000002,35,8.04,8.16,8.01,4479969142,2659
2012-05-27,10000002,36,55.24,56.9,54.5,2079805188,2408
2012-05-27,10000002,37,82.93,83.55,81.23,235240707,1793
2012-05-27,10000002,38,725,738.98,717,68818386,1874
2012-05-27,10000002,39,1049.74,1057.91,1014.46,56203986,1596
2012-05-27,10000002,40,2434.67,2434.83,2366.06,17086848,1411
2012-05-27,10000002,11399,7215,7389.8,7012,2891670,377
2012-05-28,10000002,34,6.22,6.27,6.2,26161280234,3602
2012-05-28,10000002,35,8.07,8.13,8.04,5899252639,2302
2012-05-28,10000002,36,56.2,56.58,55.11,1187081598,2105
2012-05-28,10000002,37,82.87,83.15,81.65,274742871,1622
2012-05-28,10000002,38,728.33,733.49,717.61,70559958,1680
2012-05-28,10000002,39,1014.58,1049.79,1014.44,60545644,1397
2012-05-28,10000002,40,2367.31,2395.17,2365.06,17367707,1256
2012-05-28,10000002,11399,7211,7391.99,7056.15,1625697,389
2012-05-29,10000002,34,6.29,6.34,6.23,30729636272,3365
2012-05-29,10000002,35,8.3,8.44,8.25,5826534150,2185
2012-05-29,10000002,36,55.2,55.6,55.07,1406550376,1931
2012-05-29,10000002,37,82.8,82.91,81.98,285935268,1488
2012-05-29,10000002,38,728.19,729.99,719.8,85121260,1561
2012-05-29,10000002,39,1060.99,1099.99,1015,55977899,1346
2012-05-29,10000002,40,2439.59,2460,2333.03,16568890,1183
2012-05-29,10000002,11399,7056.08,7289.7,7003.27,1264267,301
2012-05-30,10000002,34,6.19,6.24,6.15,15466522035,3166
2012-05-30,10000002,35,8.9,9.09,8.81,3890207588,2169
2012-05-30,10000002,36,54.86,55.53,54.7,1101258933,1899
2012-05-30,10000002,37,82.05,82.92,81.97,262828884,1503
2012-05-30,10000002,38,714.1,729.96,702.98,49571246,1493
2012-05-30,10000002,39,1074.5,1150.73,1039.5,34433899,1294
2012-05-30,10000002,40,2488.99,2504.96,2442.02,30518228,1240
2012-05-30,10000002,11399,7209.85,7289.6,7100.95,844464,313
2012-05-31,10000002,34,6.13,6.17,6.1,24515458997,3253
2012-05-31,10000002,35,8.96,9,8.95,4057513566,2167
2012-05-31,10000002,36,55.52,56.35,55.36,1051446701,1893
2012-05-31,10000002,37,82.06,83.08,81.99,265019160,1416
2012-05-31,10000002,38,702.28,708,678.88,65097097,1491
2012-05-31,10000002,39,1015.5,1015.95,1014,55936304,1280
2012-05-31,10000002,40,2450.04,2499.99,2446,19228610,1180
2012-05-31,10000002,11399,7111,7287.98,7101.06,1649817,337
2012-06-01,10000002,34,6.23,6.3,6.21,23734702757,3103
2012-06-01,10000002,35,8.82,8.97,8.8,4053885420,2130
2012-06-01,10000002,36,55.5,56.22,55.23,921383626,1935
2012-06-01,10000002,37,82.77,82.95,81.5,185012532,1447
2012-06-01,10000002,38,702.03,704.8,678.02,66496570,1544
2012-06-01,10000002,39,961.54,988.8,958.31,29773799,1237
2012-06-01,10000002,40,2446.23,2529.95,2443.57,11860511,1129
2012-06-01,10000002,11399,7000,7088.06,6251.05,1251526,294
2012-06-02,10000002,34,6.21,6.3,6.19,24160952072,3672
2012-06-02,10000002,35,9.08,9.1,9.01,5244919144,2534
2012-06-02,10000002,36,56,56.26,55.61,1211730989,2266
2012-06-02,10000002,37,82.96,83.19,81.62,211414197,1717
2012-06-02,10000002,38,700,705,683.15,62317906,1821
2012-06-02,10000002,39,999.83,1018.26,999,37835764,1496
2012-06-02,10000002,40,2499.07,2512,2450.14,23057207,1365
2012-06-02,10000002,11399,7049.98,7249.99,6858.07,1325176,368
2012-06-03,10000002,34,6.21,6.35,6.17,20100189453,4175
2012-06-03,10000002,35,9.14,9.3,9.09,6271895516,2756
2012-06-03,10000002,36,55.44,56.14,55.31,1231697321,2501
2012-06-03,10000002,37,82.81,83.27,82.33,281318414,1869
2012-06-03,10000002,38,698.86,702.6,678.36,79453610,1929
2012-06-03,10000002,39,1014.48,1025,1001.5,34091175,1627
2012-06-03,10000002,40,2500.01,2568,2462.07,22681719,1489
2012-06-03,10000002,11399,7190,7299.96,6915.1,1566464,414
2012-06-04,10000002,34,6.34,6.46,6.31,22679633647,3571
2012-06-04,10000002,35,9.66,9.75,9.47,4889876304,2447
2012-06-04,10000002,36,55.88,56.25,55.49,1265583669,2143
2012-06-04,10000002,37,83.7,85.06,83.15,325617974,1684
2012-06-04,10000002,38,697.96,699,678.59,149517280,1748
2012-06-04,10000002,39,982,1010.66,960.21,33192301,1447
2012-06-04,10000002,40,2593.87,2649.68,2552.05,13676433,1336
2012-06-04,10000002,11399,7283.97,7300,6917.05,1310329,328
2012-06-05,10000002,34,6.5,6.64,6.43,20539303858,3765
2012-06-05,10000002,35,10.03,10.19,9.94,4521916560,2687
2012-06-05,10000002,36,56.7,57,56.31,1341023249,2271
2012-06-05,10000002,37,83.88,83.98,83.42,294438740,1722
2012-06-05,10000002,38,681.04,698.58,680.94,61538415,1767
2012-06-05,10000002,39,980.03,998.84,962.04,24669828,1447
2012-06-05,10000002,40,2586.89,2593.84,2553.89,16653529,1365
2012-06-05,10000002,11399,7280.96,7282.9,7021.09,1006203,334
2012-06-06,10000002,34,6.6,6.62,6.57,26144554200,3458
2012-06-06,10000002,35,10.21,10.36,10.11,5981956057,2317
2012-06-06,10000002,36,55.72,56.32,55.51,1587184845,2028
2012-06-06,10000002,37,84.44,85.69,83.51,285100105,1530
2012-06-06,10000002,38,680.85,688,660,105763956,1709
2012-06-06,10000002,39,993.91,995,941.27,35501723,1316
2012-06-06,10000002,40,2537.99,2550,2451.38,13332216,1158
2012-06-06,10000002,11399,7326.02,7614,7282,2399483,308
2012-06-07,10000002,34,6.39,6.51,6.18,31894113308,3387
2012-06-07,10000002,35,10.04,10.05,9.88,5353595235,2177
2012-06-07,10000002,36,55.3,55.8,54.16,1070762549,2001
2012-06-07,10000002,37,83.63,85.69,83.41,254300428,1421
2012-06-07,10000002,38,671,671.81,646.31,73717902,1576
2012-06-07,10000002,39,991.96,993.75,965.25,30663386,1248
2012-06-07,10000002,40,2500,2524.34,2460.17,9441403,1095
2012-06-07,10000002,11399,8000,8347.86,7800.06,2425688,357
2012-06-08,10000002,34,6.21,6.28,6.16,22915370231,3093
2012-06-08,10000002,35,9.61,9.61,9.5,6675833284,2081
2012-06-08,10000002,36,55.18,55.68,54.78,1537148719,1888
2012-06-08,10000002,37,84.49,85.31,83.08,327160723,1461
2012-06-08,10000002,38,671.82,675,671.33,85062466,1512
2012-06-08,10000002,39,1075,1100,1030,32662700,1252
2012-06-08,10000002,40,2499.98,2524.42,2460.23,16992802,1137
2012-06-08,10000002,11399,8341.68,8399.98,8335.94,1659941,321
2012-06-09,10000002,34,6.25,6.37,6.21,23576358275,3401
2012-06-09,10000002,35,9.64,10,9.55,3888278507,2302
2012-06-09,10000002,36,55.3,55.95,54.11,831948835,2072
2012-06-09,10000002,37,82.18,83.32,82.15,190157578,1575
2012-06-09,10000002,38,665,679.78,664.06,55983030,1687
2012-06-09,10000002,39,975,1007.45,970.82,36275250,1439
2012-06-09,10000002,40,2470,2536.8,2461.06,12782854,1246
2012-06-09,10000002,11399,8449.06,8695.99,8448.68,2633229,371
2012-06-10,10000002,34,6.23,6.3,6.19,20849048436,3669
2012-06-10,10000002,35,9.47,9.62,9.35,5350625478,2361
2012-06-10,10000002,36,55.48,55.55,54.44,1266644444,2148
2012-06-10,10000002,37,81.8,82,81.72,299616322,1664
2012-06-10,10000002,38,665.58,675,660.08,102204125,1738
2012-06-10,10000002,39,934.06,989.82,930.02,35787429,1420
2012-06-10,10000002,40,2530.67,2534,2465.03,26028015,1306
2012-06-10,10000002,11399,8955.09,9479.69,8955,2654242,413
2012-06-11,10000002,34,6.26,6.32,6.23,27590117744,3218
2012-06-11,10000002,35,9.56,9.77,9.5,3596745908,2161
2012-06-11,10000002,36,54.88,55.54,54.42,1127944988,1947
2012-06-11,10000002,37,82.44,83.32,81.62,274073309,1475
2012-06-11,10000002,38,684.01,697.99,672.47,79377825,1698
2012-06-11,10000002,39,988.48,988.5,955.78,47470369,1262
2012-06-11,10000002,40,2502.03,2590,2480.07,14989085,1152
2012-06-11,10000002,11399,8190.29,8989.73,8010.39,2213322,353
2012-06-12,10000002,34,6.39,6.48,6.34,22329856874,3328
2012-06-12,10000002,35,9.81,9.97,9.65,3852024173,2243
2012-06-12,10000002,36,56.67,57,55.6,1927566050,1992
2012-06-12,10000002,37,83.15,83.38,81,279984914,1498
2012-06-12,10000002,38,691.25,694.6,676.34,71226195,1640
2012-06-12,10000002,39,949.25,978.99,928.1,30883119,1329
2012-06-12,10000002,40,2506,2590.42,2476.01,15201852,1197
2012-06-12,10000002,11399,8230.5,8740.92,8188.12,2175574,387
2012-06-13,10000002,34,6.42,6.47,6.41,18077794323,3042
2012-06-13,10000002,35,9.69,9.78,9.61,2730778223,1943
2012-06-13,10000002,36,55.5,56.69,55.47,792612423,1794
2012-06-13,10000002,37,80.29,82.35,80.2,182855866,1293
2012-06-13,10000002,38,689.86,691.25,676.69,73499651,1507
2012-06-13,10000002,39,968.99,972.9,926.12,33641965,1169
2012-06-13,10000002,40,2476.48,2569.43,2476.22,8685786,1035
2012-06-13,10000002,11399,8488.85,8492,7801,1205956,313
2012-06-14,10000002,34,6.33,6.46,6.11,32485122430,2872
2012-06-14,10000002,35,10.01,10.11,9.85,5550953728,1945
2012-06-14,10000002,36,56.75,57.1,55.85,965926022,1760
2012-06-14,10000002,37,82.22,82.32,80.72,152562416,1299
2012-06-14,10000002,38,690.23,701,676.74,78516490,1489
2012-06-14,10000002,39,973.94,979.91,927.11,60570207,1241
2012-06-14,10000002,40,2482.13,2483,2465.31,19302118,1031
2012-06-14,10000002,11399,8400,8488.49,8014.74,1035615,305
2012-06-15,10000002,34,6.26,6.37,6.18,14746248437,3084
2012-06-15,10000002,35,9.82,9.98,9.7,2322848018,2140
2012-06-15,10000002,36,57.07,57.9,55.94,838745428,1907
2012-06-15,10000002,37,81.99,82.29,81.53,159736938,1498
2012-06-15,10000002,38,671,680,663.5,38271057,1513
2012-06-15,10000002,39,936,949,936,32046556,1264
2012-06-15,10000002,40,2460.32,2489.99,2450.06,16432983,1229
2012-06-15,10000002,11399,8020.41,8445.05,8020.13,1922518,304
2012-06-16,10000002,34,6.15,6.23,6,31520517490,3528
2012-06-16,10000002,35,9.74,9.81,9.67,5595409492,2402
2012-06-16,10000002,36,56.69,57.99,56.5,1626313511,2192
2012-06-16,10000002,37,82.14,85.99,81.58,374824659,1715
2012-06-16,10000002,38,665.46,671.99,652.21,72565008,1690
2012-06-16,10000002,39,925.56,954.98,916.09,30883855,1456
2012-06-16,10000002,40,2485.92,2500,2408.01,19395761,1347
2012-06-16,10000002,11399,8199.99,8284.97,7600.34,1658504,384
2012-06-17,10000002,34,6.08,6.2,6.04,26819031554,3630
2012-06-17,10000002,35,9.57,9.61,9.2,4879321141,2482
2012-06-17,10000002,36,56.08,57.35,55.95,1516271234,2286
2012-06-17,10000002,37,83.7,84.97,82.39,312249255,1722
2012-06-17,10000002,38,655.41,660,650.77,84564816,1891
2012-06-17,10000002,39,916,954.71,915.1,53585150,1624
2012-06-17,10000002,40,2411.08,2439.99,2371.11,23103323,1431
2012-06-17,10000002,11399,7899.97,7999.98,7621.34,1644858,419
2012-06-18,10000002,34,6.22,6.27,6.13,16767896359,3160
2012-06-18,10000002,35,9.79,9.99,9.71,4713393830,2275
2012-06-18,10000002,36,57.26,59.38,56.42,1426746033,2025
2012-06-18,10000002,37,83.96,84.03,82.38,236846744,1510
2012-06-18,10000002,38,634.44,659.9,632.35,76224825,1634
2012-06-18,10000002,39,915.04,938.84,862,39767084,1392
2012-06-18,10000002,40,2399.89,2400.95,2280,18342200,1213
2012-06-18,10000002,11399,7620,7996,7600.91,1656348,378
2012-06-19,10000002,34,6.28,6.3,6.21,20043842612,3365
2012-06-19,10000002,35,9.88,10.19,9.82,3890749386,2373
2012-06-19,10000002,36,56.8,58,55.5,1609217372,2188
2012-06-19,10000002,37,84.05,84.07,82.61,233658587,1618
2012-06-19,10000002,38,635,650.48,634.02,90087427,1672
2012-06-19,10000002,39,875.8,890,836.11,53973319,1362
2012-06-19,10000002,40,2276.44,2374.98,2149.23,20384988,1259
2012-06-19,10000002,11399,7105,7799,7019,2234767,389
2012-06-20,10000002,34,6.38,6.44,6.36,22983175372,3154
2012-06-20,10000002,35,9.87,9.95,9.54,2997517192,2016
2012-06-20,10000002,36,57.77,58,55.02,1197180126,1998
2012-06-20,10000002,37,83.78,84.1,82.8,275859842,1423
2012-06-20,10000002,38,624.95,627.93,609.41,72819193,1492
2012-06-20,10000002,39,834.99,838,806.41,52857394,1290
2012-06-20,10000002,40,2170,2249,2068.82,24059325,1250
2012-06-20,10000002,11399,7550,7600,7545,1244904,320
2012-06-21,10000002,34,6.39,6.51,6.31,29483821191,3192
2012-06-21,10000002,35,10.04,10.08,9.82,3134740411,2054
2012-06-21,10000002,36,58.94,59.36,56.04,1374228828,1935
2012-06-21,10000002,37,82.86,84.16,82.78,353699707,1496
2012-06-21,10000002,38,611.01,639.99,610.24,73686846,1546
2012-06-21,10000002,39,815,836.7,801.12,39500616,1294
2012-06-21,10000002,40,2151.03,2234.46,2117.34,16500452,1207
2012-06-21,10000002,11399,7488.82,7586.75,6926.01,2372723,361
2012-06-22,10000002,34,6.35,6.39,6.33,19804083831,3024
2012-06-22,10000002,35,10.01,10.07,9.91,3811739083,2070
2012-06-22,10000002,36,57.85,58.74,56.86,1082802665,1954
2012-06-22,10000002,37,86.34,87.2,83.82,244678356,1487
2012-06-22,10000002,38,620.49,636.4,610.51,75413813,1547
2012-06-22,10000002,39,833.99,834.53,820,46031748,1284
2012-06-22,10000002,40,2217.99,2236,2217.44,28343927,1232
2012-06-22,10000002,11399,7523.92,7574.83,6952.55,1353360,304
2012-06-23,10000002,34,6.39,6.47,6.36,18383184887,3451
2012-06-23,10000002,35,10.1,10.21,10,3238584270,2188
2012-06-23,10000002,36,58.72,60.4,57.7,1214755037,2145
2012-06-23,10000002,37,87.37,87.71,84.5,274577595,1670
2012-06-23,10000002,38,634.94,637.85,619.64,72015400,1697
2012-06-23,10000002,39,828.07,849,825,36483523,1353
2012-06-23,10000002,40,2300,2394.45,2226,13186577,1292
2012-06-23,10000002,11399,7387.69,7387.7,7377.8,1784124,379
2012-06-24,10000002,34,6.49,6.55,6.41,21161288460,3811
2012-06-24,10000002,35,10.29,10.49,10.21,4946927092,2552
2012-06-24,10000002,36,58.04,59.57,57.98,1220331183,2284
2012-06-24,10000002,37,84.62,87.25,84.35,268541325,1729
2012-06-24,10000002,38,617.97,624.06,613.16,79553101,1849
2012-06-24,10000002,39,848.99,849.09,836.03,56230804,1494
2012-06-24,10000002,40,2211,2224.89,2209,16196905,1321
2012-06-24,10000002,11399,7255.02,7358.85,7150.4,2750489,388
2012-06-25,10000002,34,6.43,6.51,6.38,16647692214,2874
2012-06-25,10000002,35,10.75,10.83,10.33,3152293560,1942
2012-06-25,10000002,36,59.06,59.63,58.56,960890557,1845
2012-06-25,10000002,37,85.2,86.75,84.14,170909898,1387
2012-06-25,10000002,38,600,609.98,571.76,61656037,1450
2012-06-25,10000002,39,816.25,830,816.09,36848005,1189
2012-06-25,10000002,40,2250,2267.56,2235,16186016,1037
2012-06-25,10000002,11399,7319.8,7349.98,7012.57,1570027,306
2012-06-26,10000002,34,6.5,6.57,6.45,19031419238,3184
2012-06-26,10000002,35,10.99,11.19,10.92,6162381496,2138
2012-06-26,10000002,36,58.71,59.23,57.83,1050093429,1926
2012-06-26,10000002,37,86.31,86.44,84.11,251455139,1424
2012-06-26,10000002,38,608.96,615,587.01,74795832,1562
2012-06-26,10000002,39,811,816.24,794.24,37303593,1267
2012-06-26,10000002,40,2237.01,2391.97,2235.18,20303882,1131
2012-06-26,10000002,11399,7001,7308.79,6920.2,2461252,330
2012-06-27,10000002,34,6.5,6.6,6.46,15855734716,3324
2012-06-27,10000002,35,12.09,12.56,11.55,4175431457,2365
2012-06-27,10000002,36,58.5,59.32,57.44,970922439,2074
2012-06-27,10000002,37,85.61,86.36,84.63,183708506,1541
2012-06-27,10000002,38,599.32,613.36,590.26,64420922,1630
2012-06-27,10000002,39,802.05,829.11,800.09,36963817,1313
2012-06-27,10000002,40,2260.01,2371,2256.06,10443308,1190
2012-06-27,10000002,11399,7294.99,7307.1,7010,1041534,287
2012-06-28,10000002,34,6.55,6.65,6.52,20102709719,2999
2012-06-28,10000002,35,12.23,12.54,12.12,3756049553,2074
2012-06-28,10000002,36,58.85,59.98,57.34,901334740,1777
2012-06-28,10000002,37,84.63,87.16,84.28,161341069,1342
2012-06-28,10000002,38,601.02,609.92,590.2,73361408,1433
2012-06-28,10000002,39,810.79,824,796.21,24866501,1125
2012-06-28,10000002,40,2259.12,2365,2259,10708553,1017
2012-06-28,10000002,11399,7100,7281.44,7011.54,1290549,287
2012-06-29,10000002,34,6.67,6.76,6.61,25668315615,3292
2012-06-29,10000002,35,12.47,12.57,12.2,3851403254,2212
2012-06-29,10000002,36,60.44,60.68,58.04,1430332174,1960
2012-06-29,10000002,37,87.13,87.34,86.67,298154543,1532
2012-06-29,10000002,38,596.03,609.71,591.33,79679224,1658
2012-06-29,10000002,39,815.55,822.78,796.27,25512992,1247
2012-06-29,10000002,40,2261,2312.95,2259.13,8793434,1146
2012-06-29,10000002,11399,7275.74,7278.92,7275.57,1059292,338
2012-06-30,10000002,34,6.7,6.74,6.63,21342748129,3764
2012-06-30,10000002,35,12.33,12.42,12.25,4311039343,2523
2012-06-30,10000002,36,58.68,60.23,58.18,1145961688,2172
2012-06-30,10000002,37,88.48,89.78,88,277840473,1656
2012-06-30,10000002,38,606.05,614.97,593.11,70770168,1843
2012-06-30,10000002,39,821.97,823.46,816.54,27372404,1437
2012-06-30,10000002,40,2309.98,2323.48,2263.49,13654954,1301
2012-06-30,10000002,11399,7285.68,7298.95,7011.36,1183524,350
2012-07-01,10000002,34,6.64,6.73,6.61,24165874370,4005
2012-07-01,10000002,35,12.36,12.47,11.88,5222554846,2708
2012-07-01,10000002,36,58.97,60.24,58.8,1528024487,2346
2012-07-01,10000002,37,89.3,89.88,87.58,473762286,1842
2012-07-01,10000002,38,607.81,612.82,595.1,101379033,2000
2012-07-01,10000002,39,823.92,834.96,815,56884654,1594
2012-07-01,10000002,40,2324.8,2380.94,2295.01,24277892,1421
2012-07-01,10000002,11399,7300,7307.06,7095.02,1582042,405
2012-07-02,10000002,34,6.73,6.76,6.61,34588020160,3618
2012-07-02,10000002,35,12.29,12.5,12.05,2984159147,2379
2012-07-02,10000002,36,59,59.94,58.81,1015062024,2017
2012-07-02,10000002,37,88.4,89.33,87.63,193564275,1532
2012-07-02,10000002,38,640,678.61,624.98,128517169,1807
2012-07-02,10000002,39,803.01,807.48,796.1,50445343,1328
2012-07-02,10000002,40,2340,2353.75,2285.2,27807839,1243
2012-07-02,10000002,11399,7108,7294,7091.03,1292837,291
2012-07-03,10000002,34,6.66,6.8,6.51,20522655618,3394
2012-07-03,10000002,35,12.16,12.39,11.97,4416294170,2272
2012-07-03,10000002,36,60.19,61.49,59.28,1336823714,2219
2012-07-03,10000002,37,88.87,92.89,87.81,291466633,1610
2012-07-03,10000002,38,650.97,667.69,631.03,74745575,1697
2012-07-03,10000002,39,807.48,848.4,807.27,39397594,1330
2012-07-03,10000002,40,2423.75,2429.02,2334.08,13653775,1219
2012-07-03,10000002,11399,7293.48,7293.69,7014.27,1495984,343
2012-07-04,10000002,34,6.75,6.79,6.73,30751341634,3467
2012-07-04,10000002,35,12.53,12.7,12.23,2838992251,2304
2012-07-04,10000002,36,60.15,61.54,59.91,1637813001,2139
2012-07-04,10000002,37,91.95,92,88.86,233209463,1509
2012-07-04,10000002,38,631.61,645.87,630.4,69034935,1767
2012-07-04,10000002,39,835,839.98,825,23088963,1240
2012-07-04,10000002,40,2400,2426.97,2343.07,10198580,1115
2012-07-04,10000002,11399,7016.11,7207.8,6997.3,2064355,341
2012-07-05,10000002,34,6.65,6.81,6.49,24813470784,3096
2012-07-05,10000002,35,12.52,12.61,12.36,3247496393,2127
2012-07-05,10000002,36,60.4,62.15,59.63,966255013,2014
2012-07-05,10000002,37,92.99,94.69,92,286307772,1525
2012-07-05,10000002,38,622.24,636.99,617.98,75231462,1692
2012-07-05,10000002,39,853,869.48,840.48,45640997,1262
2012-07-05,10000002,40,2343.24,2380,2341.31,16629726,1111
2012-07-05,10000002,11399,7198.81,7199.27,6803.27,1732020,332
2012-07-06,10000002,34,6.69,6.83,6.6,33622402914,3324
2012-07-06,10000002,35,13.11,13.59,12.63,9267965315,2391
2012-07-06,10000002,36,63,64.34,61.97,1456893262,2206
2012-07-06,10000002,37,99.86,103.81,97.88,815562325,1629
2012-07-06,10000002,38,620.06,638.48,610.15,79338484,1780
2012-07-06,10000002,39,889.87,900,852.07,42850455,1337
2012-07-06,10000002,40,2406.95,2427.96,2346.01,17933296,1226
2012-07-06,10000002,11399,7195.68,7196.97,7129.05,1220155,318
2012-07-07,10000002,34,6.66,6.7,6.64,28143293606,3669
2012-07-07,10000002,35,12.44,12.78,12.3,4475255043,2547
2012-07-07,10000002,36,64,66.97,62.91,1944972933,2348
2012-07-07,10000002,37,105.69,109.05,103.38,723453523,1830
2012-07-07,10000002,38,629.57,644.69,627.69,87546176,1842
2012-07-07,10000002,39,881.23,900,872.05,34266709,1423
2012-07-07,10000002,40,2400.15,2411.87,2360,21380977,1248
2012-07-07,10000002,11399,7195.18,7195.25,6899.65,1157097,313
2012-07-08,10000002,34,6.63,6.74,6.6,23115152317,3973
2012-07-08,10000002,35,12.55,12.79,12.39,5386870397,2857
2012-07-08,10000002,36,62.79,63.93,62.31,1651085092,2573
2012-07-08,10000002,37,100.44,100.8,98,454533071,1984
2012-07-08,10000002,38,624.77,633.26,621.49,135655820,2147
2012-07-08,10000002,39,874.79,877.99,840.01,37422278,1630
2012-07-08,10000002,40,2359.98,2380.99,2352.07,19379512,1433
2012-07-08,10000002,11399,7195.14,7195.16,6860.32,1540197,374
2012-07-09,10000002,34,6.55,6.7,6.52,22407965664,3180
2012-07-09,10000002,35,12.75,12.9,12.65,3495028467,2252
2012-07-09,10000002,36,62.97,63.79,62.62,1224375144,2006
2012-07-09,10000002,37,101.13,104.6,100,302106170,1552
2012-07-09,10000002,38,621.22,633.2,620.03,74146811,1661
2012-07-09,10000002,39,864.98,873.42,846,35065405,1380
2012-07-09,10000002,40,2300,2329.47,2279.98,18684437,1300
2012-07-09,10000002,11399,7167.48,7167.5,7150,966529,318
2012-07-10,10000002,34,6.74,6.8,6.65,30858934399,3530
2012-07-10,10000002,35,13.21,13.5,12.81,5937072467,2393
2012-07-10,10000002,36,63.95,65,62.55,1635666690,2199
2012-07-10,10000002,37,101.97,107.34,98.08,336767536,1694
2012-07-10,10000002,38,639.99,644.96,635.11,119376431,1832
2012-07-10,10000002,39,872,873.62,851.01,44697040,1430
2012-07-10,10000002,40,2326.91,2336.68,2268.13,21786132,1282
2012-07-10,10000002,11399,7120,7147.99,6955.06,1855143,337
2012-07-11,10000002,34,6.88,6.97,6.8,35024185721,3447
2012-07-11,10000002,35,13.66,13.82,13.18,5209722708,2335
2012-07-11,10000002,36,62.61,63.95,62.53,1172500767,2015
2012-07-11,10000002,37,98.13,101.43,98,312395997,1596
2012-07-11,10000002,38,637.01,650,635.02,89154174,1717
2012-07-11,10000002,39,853,860.01,846,35382992,1384
2012-07-11,10000002,40,2329.8,2334.68,2281.23,21645703,1241
2012-07-11,10000002,11399,7146.87,7146.88,6955.04,1888606,344
2012-07-12,10000002,34,6.84,6.88,6.8,19764486518,3365
2012-07-12,10000002,35,13.08,13.15,13.02,4110775779,2177
2012-07-12,10000002,36,61,62.42,59.17,910289545,1903
2012-07-12,10000002,37,96,98,95.97,324117372,1501
2012-07-12,10000002,38,630.85,633.93,620,69957962,1595
2012-07-12,10000002,39,857.77,858.89,846.7,37771808,1259
2012-07-12,10000002,40,2338.49,2338.82,2307,9854409,1094
2012-07-12,10000002,11399,7146.74,7146.77,7146.57,954217,327
2012-07-13,10000002,34,7.02,7.04,6.98,24825147096,3348
2012-07-13,10000002,35,13.29,13.31,13.28,3316281889,2192
2012-07-13,10000002,36,61.13,61.17,61.02,1148609902,1918
2012-07-13,10000002,37,96.02,97.02,96.01,194244611,1492
2012-07-13,10000002,38,627.03,627.31,619.8,95088519,1559
2012-07-13,10000002,39,848.4,857.04,815.29,34927324,1247
2012-07-13,10000002,40,2262,2310,2235.08,26046839,1132
2012-07-13,10000002,11399,6949.03,7145.94,6858.25,1603865,323
2012-07-14,10000002,34,7.05,7.07,7.03,23937316085,3667
2012-07-14,10000002,35,13.28,13.59,13.2,4152704995,2475
2012-07-14,10000002,36,61.3,61.99,61.24,1351785868,2161
2012-07-14,10000002,37,93.46,95.01,93.36,283659718,1652
2012-07-14,10000002,38,602.05,606.07,601.73,117283159,1783
2012-07-14,10000002,39,840.7,840.95,816.81,40970169,1418
2012-07-14,10000002,40,2280.01,2299.79,2201,23659543,1253
2012-07-14,10000002,11399,6990,6999.8,6505.85,4121169,366
2012-07-15,10000002,34,7.04,7.07,7.03,30872185408,3976
2012-07-15,10000002,35,13.49,13.8,13.26,4443566247,2620
2012-07-15,10000002,36,62.93,64.19,61.2,1452413214,2356
2012-07-15,10000002,37,95.45,97.33,94.99,334617302,1762
2012-07-15,10000002,38,595.39,608.21,590,102496824,1807
2012-07-15,10000002,39,839.89,848.92,826.01,54827895,1519
2012-07-15,10000002,40,2309.52,2319.84,2222.25,13820391,1359
2012-07-15,10000002,11399,6998.99,6999.81,6850.1,1575466,383
2012-07-16,10000002,34,7.04,7.05,7.04,28771818212,3338
2012-07-16,10000002,35,13.6,13.67,13.49,3761718822,2241
2012-07-16,10000002,36,62.79,63.4,62.45,1332807995,2054
2012-07-16,10000002,37,95.66,96.6,95.5,370017884,1585
2012-07-16,10000002,38,582.12,603.29,575.75,101246260,1650
2012-07-16,10000002,39,855.95,858,835,52915218,1221
2012-07-16,10000002,40,2268,2310,2225.32,16188079,1141
2012-07-16,10000002,11399,6750.11,6856.12,6506,4543647,415
2012-07-17,10000002,34,6.89,6.95,6.74,31586457162,3247
2012-07-17,10000002,35,13.35,13.65,13.18,3445705204,2159
2012-07-17,10000002,36,62.05,64.01,61.92,1002664327,1961
2012-07-17,10000002,37,95.06,97.76,94.32,306539946,1575
2012-07-17,10000002,38,570.16,597,568.28,102434099,1667
2012-07-17,10000002,39,823.11,838.01,818.93,28892141,1240
2012-07-17,10000002,40,2250.01,2311.87,2225.03,18164454,1098
2012-07-17,10000002,11399,6996.68,6997.28,6209,1394591,361
2012-07-18,10000002,34,6.82,6.99,6.79,30504561453,3262
2012-07-18,10000002,35,13.05,13.2,13.04,8332143532,2150
2012-07-18,10000002,36,62.03,62.82,61.77,1098081888,1896
2012-07-18,10000002,37,92.3,94,91.97,306366224,1459
2012-07-18,10000002,38,585,589.36,571.18,72233787,1586
2012-07-18,10000002,39,820,838,819.01,26980313,1265
2012-07-18,10000002,40,2226,2265.01,2225.05,14400007,1178
2012-07-18,10000002,11399,6849.95,6980.42,6650,1387289,359
2012-07-19,10000002,34,6.78,6.89,6.76,26995069121,2945
2012-07-19,10000002,35,13.2,13.45,12.69,4177684596,2054
2012-07-19,10000002,36,62.68,63,61,1539104294,1888
2012-07-19,10000002,37,94.87,95.62,93.44,340846904,1424
2012-07-19,10000002,38,587.8,589.3,574.43,127211291,1490
2012-07-19,10000002,39,830.89,841.07,820.1,50188129,1217
2012-07-19,10000002,40,2311.96,2338.98,2264.98,20560546,1249
2012-07-19,10000002,11399,6799.76,6844.86,6571.83,2266860,347
2012-07-20,10000002,34,6.75,6.8,6.66,32048625501,3038
2012-07-20,10000002,35,13.28,13.55,13.03,3015669083,2055
2012-07-20,10000002,36,62.37,63.45,61.78,1384046749,1861
2012-07-20,10000002,37,95.97,97.98,92.6,223132521,1407
2012-07-20,10000002,38,577.04,589.22,575,103282358,1488
2012-07-20,10000002,39,864.99,868.57,832.46,22053778,1229
2012-07-20,10000002,40,2300.09,2398.13,2293.14,12516626,1109
2012-07-20,10000002,11399,6797.71,6798.75,6548.48,3689599,340
2012-07-21,10000002,34,6.76,6.82,6.63,25318862087,3482
2012-07-21,10000002,35,13.27,13.49,13.16,4678534715,2348
2012-07-21,10000002,36,62.07,63.87,61.83,1188753024,2112
2012-07-21,10000002,37,96,97.9,93.54,223918476,1666
2012-07-21,10000002,38,578.64,583.87,563.01,86723623,1653
2012-07-21,10000002,39,840.02,857.12,821.03,33164808,1346
2012-07-21,10000002,40,2339.97,2348,2294.78,18950522,1214
2012-07-21,10000002,11399,6777.68,6778.91,6375.8,1551497,351
2012-07-22,10000002,34,6.65,6.7,6.6,20796532725,3552
2012-07-22,10000002,35,13.09,13.28,13.06,5148129208,2557
2012-07-22,10000002,36,61.03,62.11,59.5,1679603978,2288
2012-07-22,10000002,37,93.83,94.92,92.86,325304006,1691
2012-07-22,10000002,38,562.11,567.59,551,130104181,1961
2012-07-22,10000002,39,820,835.86,815,98255810,1498
2012-07-22,10000002,40,2298.81,2329.65,2201,24672956,1363
2012-07-22,10000002,11399,6589.75,6590,6375.51,2530101,435
2012-07-23,10000002,34,6.81,6.89,6.71,29151767657,3370
2012-07-23,10000002,35,13.29,13.43,13.11,3825538098,2196
2012-07-23,10000002,36,62.14,66.33,60.42,1326540952,2030
2012-07-23,10000002,37,92.5,92.93,89.02,305818672,1624
2012-07-23,10000002,38,540.05,569.97,534.6,78191900,1704
2012-07-23,10000002,39,796.9,797.02,788.34,43266914,1359
2012-07-23,10000002,40,2285,2299.98,2255,17738843,1200
2012-07-23,10000002,11399,6325.03,6543.27,6275.31,2398643,348
2012-07-24,10000002,34,6.73,6.87,6.68,40213632287,3285
2012-07-24,10000002,35,13.03,13.07,12.82,4066744323,2151
2012-07-24,10000002,36,61.83,63.46,60.02,1323223807,1983
2012-07-24,10000002,37,88.03,90.92,86.94,381185313,1478
2012-07-24,10000002,38,540,553.97,532,147786755,1661
2012-07-24,10000002,39,784.99,796.96,778.15,57832841,1396
2012-07-24,10000002,40,2268,2270,2201,15132259,1221
2012-07-24,10000002,11399,6498.46,6499.92,6250.23,1206468,323
2012-07-25,10000002,34,6.61,6.64,6.53,30186784532,2899
2012-07-25,10000002,35,12.95,13,12.81,3758988871,1879
2012-07-25,10000002,36,61.75,62.59,60.39,1704256738,1803
2012-07-25,10000002,37,88.31,90.88,88.1,234405765,1365
2012-07-25,10000002,38,512.28,526.81,497.55,163836394,1623
2012-07-25,10000002,39,792.02,794.89,770.42,30603461,1244
2012-07-25,10000002,40,2250.01,2254.04,2250.01,20145464,1137
2012-07-25,10000002,11399,6449.93,6450,6250.19,2126952,338
2012-07-26,10000002,34,6.17,6.27,6.09,30996835815,2870
2012-07-26,10000002,35,12.79,12.86,12.58,5592668338,1871
2012-07-26,10000002,36,59.5,59.9,59.44,1920576598,1724
2012-07-26,10000002,37,89.89,90.83,88.1,478003852,1357
2012-07-26,10000002,38,517.98,527.2,500.12,79805843,1463
2012-07-26,10000002,39,794.95,810.03,794,37744756,1188
2012-07-26,10000002,40,2218.04,2270.17,2203.03,15805083,1077
2012-07-26,10000002,11399,6469.66,6469.73,6450,994558,300
2012-07-27,10000002,34,6.44,6.49,6.29,27934116576,3001
2012-07-27,10000002,35,12.67,12.74,12.46,5478655667,2045
2012-07-27,10000002,36,59.99,61,59.94,1680900905,1892
2012-07-27,10000002,37,88.98,90.44,87.84,431579668,1415
2012-07-27,10000002,38,526.96,540,520.6,112278647,1628
2012-07-27,10000002,39,786.6,800,783.05,40403175,1226
2012-07-27,10000002,40,2270.15,2289,2210.04,22694519,1191
2012-07-27,10000002,11399,6289.97,6369.99,6252.2,1271131,346
2012-07-28,10000002,34,6.5,6.58,6.37,22513492523,3445
2012-07-28,10000002,35,12.85,12.93,12.54,3879176374,2359
2012-07-28,10000002,36,60.82,62.34,60.71,1062593226,2055
2012-07-28,10000002,37,83.5,84.99,80.33,422880778,1711
2012-07-28,10000002,38,537,550,525.14,93417583,1730
2012-07-28,10000002,39,806.83,806.97,777.11,49718935,1432
2012-07-28,10000002,40,2383.84,2396.49,2234,19628323,1257
2012-07-28,10000002,11399,6467.9,6493.98,6254.01,1981805,394
2012-07-29,10000002,34,6.21,6.31,6.17,21631139561,3562
2012-07-29,10000002,35,12.9,12.98,12.49,4263351287,2475
2012-07-29,10000002,36,60.31,60.79,59.16,975459722,2064
2012-07-29,10000002,37,87.25,87.5,81.72,231189449,1660
2012-07-29,10000002,38,535.98,547.38,525.37,59234002,1748
2012-07-29,10000002,39,789.85,808.65,761.39,36822455,1406
2012-07-29,10000002,40,2320.18,2378.79,2300.08,12414722,1275
2012-07-29,10000002,11399,6488.66,6489.8,6220.02,1617321,435
2012-07-30,10000002,34,6.22,6.28,6.02,19037940391,3296
2012-07-30,10000002,35,12.67,12.83,12.63,4066322995,2344
2012-07-30,10000002,36,59.94,60.28,59.03,1361689189,2095
2012-07-30,10000002,37,84.02,87,83.01,323626694,1716
2012-07-30,10000002,38,505.57,520,504.87,98734827,1724
2012-07-30,10000002,39,761.51,793.85,754.85,51052654,1471
2012-07-30,10000002,40,2275.1,2320.18,2255,21016414,1343
2012-07-30,10000002,11399,6212.17,6484.92,6208.19,1505492,353
2012-07-31,10000002,34,6.35,6.53,6.27,38072639992,3426
2012-07-31,10000002,35,13.07,13.24,12.74,5436018792,2425
2012-07-31,10000002,36,60.74,61.21,58.35,1408209894,2159
2012-07-31,10000002,37,86.58,86.99,85,353951081,1633
2012-07-31,10000002,38,521.1,521.1,521.1,150600399,1825
2012-07-31,10000002,39,764.5,788.72,762,60718349,1434
2012-07-31,10000002,40,2220.9,2279.17,2204,23674205,1365
2012-07-31,10000002,11399,6300.06,6486.24,6208.14,2247659,386
2012-08-01,10000002,34,6.61,6.86,6.53,25803289740,3287
2012-08-01,10000002,35,13.67,13.76,13.5,4483419695,2234
2012-08-01,10000002,36,61.02,61.43,59.63,1173713263,1840
2012-08-01,10000002,37,87,88.7,86.03,295849567,1450
2012-08-01,10000002,38,517,521.94,501.01,86206793,1574
2012-08-01,10000002,39,766,782.1,762.09,34774288,1234
2012-08-01,10000002,40,2249.97,2268.92,2205.03,14963543,1150
2012-08-01,10000002,11399,6477,6479.19,6289,1487130,352
2012-08-02,10000002,34,6.75,6.97,6.68,27109601445,3729
2012-08-02,10000002,35,13,13.46,12.95,3397986660,2475
2012-08-02,10000002,36,60.45,61.08,59.94,1565638562,2150
2012-08-02,10000002,37,87.07,88.72,86.59,446355669,1750
2012-08-02,10000002,38,502.54,517,497.56,85114943,1812
2012-08-02,10000002,39,767.2,778,762,49664974,1508
2012-08-02,10000002,40,2200.18,2270,2183.7,19136702,1360
2012-08-02,10000002,11399,6100,6288,5655.95,2164057,371
2012-08-03,10000002,34,6.86,6.89,6.77,25571424469,3133
2012-08-03,10000002,35,13.02,13.12,12.97,3281187021,1997
2012-08-03,10000002,36,57.99,58.99,57.29,1183181267,1852
2012-08-03,10000002,37,85.94,87.18,83.38,230432046,1396
2012-08-03,10000002,38,494.93,499.99,490.01,85246841,1471
2012-08-03,10000002,39,777.48,780.64,766.21,37093610,1192
2012-08-03,10000002,40,2270,2271.97,2200.24,16434650,1091
2012-08-03,10000002,11399,5999.95,6397.38,5672,1699237,343
2012-08-04,10000002,34,6.92,7.04,6.89,32212245086,3683
2012-08-04,10000002,35,13.01,13.13,12.82,3779959503,2437
2012-08-04,10000002,36,59.24,60.77,57.94,1217275054,2241
2012-08-04,10000002,37,86.57,88.57,85.24,286286269,1655
2012-08-04,10000002,38,510.95,512.99,504.01,107302131,1824
2012-08-04,10000002,39,772,785.9,771.12,38955573,1402
2012-08-04,10000002,40,2191.09,2269.79,2190.12,21588954,1302
2012-08-04,10000002,11399,5894.52,6100,5880,2614684,455
2012-08-05,10000002,34,7,7.09,6.88,28485199874,3739
2012-08-05,10000002,35,12.95,13.17,12.68,4178387653,2504
2012-08-05,10000002,36,59.55,61.12,59.33,1379279354,2245
2012-08-05,10000002,37,88.59,88.84,86.73,294666040,1726
2012-08-05,10000002,38,514.1,517.27,495.5,81911149,1811
2012-08-05,10000002,39,770.06,790.77,760.13,29222926,1497
2012-08-05,10000002,40,2190.26,2229.98,2190.2,18920703,1406
2012-08-05,10000002,11399,5810.12,5811.46,5676.03,4696738,481
2012-08-06,10000002,34,7.12,7.18,7.07,24388212150,3593
2012-08-06,10000002,35,12.82,13.15,12.64,4232057711,2263
2012-08-06,10000002,36,60.89,61.12,59.65,1476999650,2049
2012-08-06,10000002,37,86.98,88.73,86.42,394230992,1605
2012-08-06,10000002,38,500,505.81,495.51,94599847,1592
2012-08-06,10000002,39,760.33,768,757.74,44249885,1385
2012-08-06,10000002,40,2190.1,2229.94,2182.02,19145785,1286
2012-08-06,10000002,11399,5698.97,5799.99,5500.08,2794160,433
2012-08-07,10000002,34,7.2,7.31,7.17,27094234943,3418
2012-08-07,10000002,35,12.57,12.71,12.35,4771689411,2148
2012-08-07,10000002,36,61.48,61.85,60,1338805070,2013
2012-08-07,10000002,37,85.99,87.07,85.55,299188189,1504
2012-08-07,10000002,38,504.38,508.77,495.48,94508548,1605
2012-08-07,10000002,39,754.46,772.14,750.3,41053704,1308
2012-08-07,10000002,40,2182,2228.48,2181.78,13687282,1171
2012-08-07,10000002,11399,5598.89,5649.96,5380.07,3092045,420
2012-08-08,10000002,34,7.19,7.41,6.95,31017489559,3408
2012-08-08,10000002,35,12.19,12.71,12.03,4440961786,2034
2012-08-08,10000002,36,60.12,61.92,59.09,1328847077,1861
2012-08-08,10000002,37,84.75,86,82.99,295307682,1325
2012-08-08,10000002,38,497.28,500,480.78,99442740,1512
2012-08-08,10000002,39,762,771,751.21,42560166,1132
2012-08-08,10000002,40,2182,2229,2150,16492723,1051
2012-08-08,10000002,11399,5299,5498.72,4808.34,1997329,371
2012-08-09,10000002,34,6.81,6.97,6.7,30472436620,3625
2012-08-09,10000002,35,12.16,12.27,11.76,4227459058,2280
2012-08-09,10000002,36,59.38,59.4,58.03,1099923784,2037
2012-08-09,10000002,37,85.39,85.53,82.43,225773226,1486
2012-08-09,10000002,38,500.47,501.98,478.21,68015127,1631
2012-08-09,10000002,39,781.63,781.97,765.02,39541120,1285
2012-08-09,10000002,40,2199.93,2231,2112.02,20492986,1130
2012-08-09,10000002,11399,5198.99,5339.62,4822.45,3359946,449
2012-08-10,10000002,34,6.96,7.06,6.91,26412112026,3260
2012-08-10,10000002,35,12.38,12.46,12.13,3210121341,2003
2012-08-10,10000002,36,58.17,59.99,57.58,1178474903,1841
2012-08-10,10000002,37,85.26,85.37,84.07,243511878,1320
2012-08-10,10000002,38,489.75,491.98,485,74934847,1459
2012-08-10,10000002,39,771.14,772,771.05,32541670,1062
2012-08-10,10000002,40,2200.07,2249.73,2119.01,19759319,1042
2012-08-10,10000002,11399,4900.68,5052.49,4841.52,2094124,450
2012-08-11,10000002,34,6.72,6.86,6.55,31429038513,3818
2012-08-11,10000002,35,12.16,12.28,12.01,3378965244,2313
2012-08-11,10000002,36,57.58,59.78,57.22,1433942729,2082
2012-08-11,10000002,37,83.34,84.37,82.54,243117772,1548
2012-08-11,10000002,38,464.78,472.49,453.57,102002553,1677
2012-08-11,10000002,39,775,775,775,66750667,1247
2012-08-11,10000002,40,2140,2197.89,2129.46,23479881,1166
2012-08-11,10000002,11399,5047.22,5269.85,4900.28,2656732,387
2012-08-12,10000002,34,6.37,6.48,6.23,22767439540,3617
2012-08-12,10000002,35,12.36,12.45,12.21,4387555147,2412
2012-08-12,10000002,36,57.56,58.91,56.21,1320762286,2280
2012-08-12,10000002,37,84.99,85.12,82.95,236430256,1680
2012-08-12,10000002,38,436.22,449.4,424.99,127875722,1946
2012-08-12,10000002,39,780,784.79,775.01,42079285,1380
2012-08-12,10000002,40,2198.38,2199.99,2197.94,21228815,1349
2012-08-12,10000002,11399,4700.06,5179.52,4604.87,1685537,386
2012-08-13,10000002,34,6.47,6.53,6.4,18365762415,3215
2012-08-13,10000002,35,12.69,12.75,12.55,5023635092,2186
2012-08-13,10000002,36,59.08,60,58.71,1586466267,1980
2012-08-13,10000002,37,84.35,84.97,82.37,301136110,1453
2012-08-13,10000002,38,438.45,441.47,430,116021963,1598
2012-08-13,10000002,39,777.18,780,775.01,44138143,1256
2012-08-13,10000002,40,2146.43,2178.96,2130.16,25043818,1198
2012-08-13,10000002,11399,4690.08,5046.92,4600.1,2607374,414
2012-08-14,10000002,34,6.57,6.67,6.49,22151834781,3320
2012-08-14,10000002,35,12.75,12.9,12.69,4468424302,2303
2012-08-14,10000002,36,60.06,60.79,59.43,1298576194,2007
2012-08-14,10000002,37,84.38,87.98,83.96,280011249,1518
2012-08-14,10000002,38,477.04,493,445.44,128137104,1766
2012-08-14,10000002,39,776.01,784.46,775,46020354,1260
2012-08-14,10000002,40,2138.03,2178.82,2129.55,17895122,1186
2012-08-14,10000002,11399,4979.96,4983.88,4650,2552143,456
2012-08-15,10000002,34,6.46,6.63,6.44,26980656021,3308
2012-08-15,10000002,35,13.03,13.2,12.9,4974042523,2327
2012-08-15,10000002,36,61.3,63.45,60.34,1865968629,2108
2012-08-15,10000002,37,88.89,90,86.39,356573699,1478
2012-08-15,10000002,38,498.85,500,479.01,93004695,1752
2012-08-15,10000002,39,820,840.09,807.5,57699627,1300
2012-08-15,10000002,40,2194.96,2210.62,2160.03,18657425,1205
2012-08-15,10000002,11399,4794.9,4797.86,4544,2005300,394
2012-08-16,10000002,34,6.32,6.54,6.27,26520873520,3302
2012-08-16,10000002,35,12.75,12.96,12.62,3941312275,2208
2012-08-16,10000002,36,58.92,61.07,58.44,1186559350,2010
2012-08-16,10000002,37,87.25,89.68,84.86,289727195,1470
2012-08-16,10000002,38,476,483.96,468.69,85652530,1586
2012-08-16,10000002,39,790.1,827,779.19,33238514,1186
2012-08-16,10000002,40,2157,2204.95,2125,12803457,1106
2012-08-16,10000002,11399,4524.11,4779.85,4506,3034577,384
2012-08-17,10000002,34,6.24,6.35,6.19,21842848734,3170
2012-08-17,10000002,35,12.5,12.79,12.39,4533059380,2247
2012-08-17,10000002,36,59.75,60.96,57.92,1473977631,2054
2012-08-17,10000002,37,88.97,89.42,87.35,320634330,1425
2012-08-17,10000002,38,472.5,474.9,460,94304094,1620
2012-08-17,10000002,39,800.01,801.98,791,23758699,1192
2012-08-17,10000002,40,2202.82,2204.68,2199.89,21429627,1187
2012-08-17,10000002,11399,4689.93,4689.99,4689.9,2092033,353
2012-08-18,10000002,34,6.25,6.31,6.22,21560260229,3499
2012-08-18,10000002,35,12.82,13,12.69,4792551066,2457
2012-08-18,10000002,36,59.93,60.49,58.5,1483770614,2199
2012-08-18,10000002,37,88.48,88.8,86.09,258842988,1629
2012-08-18,10000002,38,473.94,474.69,456.94,89235006,1696
2012-08-18,10000002,39,800,800.98,781.58,36366841,1340
2012-08-18,10000002,40,2133.29,2199.69,2131.1,26465482,1239
2012-08-18,10000002,11399,4669.65,4688.98,4556.89,2486044,438
2012-08-19,10000002,34,6.25,6.28,6.19,28593109291,3725
2012-08-19,10000002,35,12.95,13.1,12.79,4707684439,2545
2012-08-19,10000002,36,59.73,60.12,58.21,1588684376,2271
2012-08-19,10000002,37,86,87.38,82.4,412807073,1677
2012-08-19,10000002,38,466.78,468.94,449.99,109462154,1890
2012-08-19,10000002,39,785,785,785,67318009,1417
2012-08-19,10000002,40,2133.22,2199.46,2122.05,21825843,1352
2012-08-19,10000002,11399,4688.87,4688.95,4460.71,2207327,434
2012-08-20,10000002,34,6.23,6.27,6.18,20022144906,3256
2012-08-20,10000002,35,12.59,12.82,12.5,3850655366,2273
2012-08-20,10000002,36,57.66,58.25,57.32,1155625309,2012
2012-08-20,10000002,37,86.5,88.47,84.21,195835128,1426
2012-08-20,10000002,38,466.3,474.95,463.28,67841230,1719
2012-08-20,10000002,39,771.23,799,755.01,47267200,1296
2012-08-20,10000002,40,2111.04,2181.91,2104,22867230,1234
2012-08-20,10000002,11399,4500.03,4667.94,4306.54,2432482,392
2012-08-21,10000002,34,6.24,6.29,6.18,28389802203,3246
2012-08-21,10000002,35,12.72,12.83,12.59,5492365535,2218
2012-08-21,10000002,36,58.95,59.16,57.3,1715878309,2037
2012-08-21,10000002,37,84,86.59,83.2,354663244,1439
2012-08-21,10000002,38,484.99,489.92,476.3,121852595,1719
2012-08-21,10000002,39,773.5,787.79,766.5,36122520,1282
2012-08-21,10000002,40,2180.98,2195.73,2148,24708907,1213
2012-08-21,10000002,11399,4657.74,4664.87,4404.11,1645893,350
2012-08-22,10000002,34,6.2,6.26,6.17,18067486152,3097
2012-08-22,10000002,35,12.79,12.86,12.71,4676968502,2139
2012-08-22,10000002,36,58.74,58.95,57.82,1231531666,1987
2012-08-22,10000002,37,84.19,84.71,83.04,178312174,1351
2012-08-22,10000002,38,479.81,494.87,469.61,66427076,1502
2012-08-22,10000002,39,770.96,771.41,752.3,29051958,1212
2012-08-22,10000002,40,2110.02,2191.88,2103.06,13740128,1104
2012-08-22,10000002,11399,4655.9,4655.99,4470.2,1154545,335
2012-08-23,10000002,34,6.3,6.47,6.27,37734114377,3414
2012-08-23,10000002,35,12.87,13.29,12.81,6858230767,2266
2012-08-23,10000002,36,61.33,63.33,59.34,2223376229,2149
2012-08-23,10000002,37,86.88,89.7,85.6,436651245,1554
2012-08-23,10000002,38,500,506.79,485.19,114661759,1662
2012-08-23,10000002,39,775.16,800,770.85,36577183,1314
2012-08-23,10000002,40,2200,2226.98,2191.62,24607632,1155
2012-08-23,10000002,11399,4656.5,4656.92,4480.14,1605122,313
2012-08-24,10000002,34,6.25,6.29,6.22,22728122553,3202
2012-08-24,10000002,35,12.78,12.86,12.67,4100830659,2227
2012-08-24,10000002,36,63.24,64.58,61.45,1572423243,2110
2012-08-24,10000002,37,89.81,90.37,87.57,310157150,1531
2012-08-24,10000002,38,491.04,498.49,490.09,84609755,1646
2012-08-24,10000002,39,773.54,787.99,773.1,30429327,1248
2012-08-24,10000002,40,2205.15,2272.66,2205.06,14003422,1154
2012-08-24,10000002,11399,4657.98,4657.99,4655.63,1477296,340
2012-08-25,10000002,34,6.28,6.44,6.2,36634359617,3839
2012-08-25,10000002,35,13.04,13.15,12.64,5551501840,2635
2012-08-25,10000002,36,62.04,63,59.72,1804622924,2515
2012-08-25,10000002,37,92.98,94.9,89.29,420551652,1763
2012-08-25,10000002,38,500,505.9,491,106273692,1856
2012-08-25,10000002,39,755.86,781.98,752.27,39114748,1440
2012-08-25,10000002,40,2135.59,2210.04,2111.76,19828894,1403
2012-08-25,10000002,11399,4650,4658,4480.32,1811873,392
2012-08-26,10000002,34,6.23,6.33,6.18,24546356184,3675
2012-08-26,10000002,35,13.09,13.65,12.71,6270172275,2646
2012-08-26,10000002,36,62,63.27,60.11,1768687519,2612
2012-08-26,10000002,37,92.2,93.44,89.28,332012813,1774
2012-08-26,10000002,38,488.98,501.78,482.24,94486601,1870
2012-08-26,10000002,39,752.17,768.45,747.39,53373826,1512
2012-08-26,10000002,40,2113,2194.17,2102.4,24268541,1381
2012-08-26,10000002,11399,4469.95,4469.95,4469.94,4061782,429
2012-08-27,10000002,34,6.28,6.38,6.21,27390282237,3277
2012-08-27,10000002,35,13.09,13.29,12.9,5128184030,2254
2012-08-27,10000002,36,60.73,62.79,60.49,1481084330,2026
2012-08-27,10000002,37,89.95,91.8,89.07,274278361,1492
2012-08-27,10000002,38,488.98,502.16,473,82583127,1637
2012-08-27,10000002,39,747.74,760.01,738.02,70187151,1228
2012-08-27,10000002,40,2121.01,2196.4,2104.01,16642703,1138
2012-08-27,10000002,11399,4469,4469.93,4319.35,2480640,412
2012-08-28,10000002,34,6.21,6.26,6.19,19877467820,2991
2012-08-28,10000002,35,12.89,13.06,12.67,3974150620,2074
2012-08-28,10000002,36,60.8,61.85,59.68,1412749429,1847
2012-08-28,10000002,37,91.99,92.99,89.02,262287455,1326
2012-08-28,10000002,38,492.96,499.84,477.9,70862307,1479
2012-08-28,10000002,39,758,759.95,746.88,35638997,1174
2012-08-28,10000002,40,2167.99,2172,2122,14962220,1069
2012-08-28,10000002,11399,4469.93,4469.94,4469.93,1057359,299
2012-08-29,10000002,34,6.15,6.2,6.05,22423374254,2914
2012-08-29,10000002,35,12.55,12.72,12.47,3897445625,1834
2012-08-29,10000002,36,60.99,61.5,59.95,1246713670,1745
2012-08-29,10000002,37,90.69,91.98,90.67,305069440,1261
2012-08-29,10000002,38,503.34,509.51,482.56,65035671,1384
2012-08-29,10000002,39,739.09,770.74,737.71,29123258,1088
2012-08-29,10000002,40,2113.1,2170.87,2111.58,14468098,983
2012-08-29,10000002,11399,4469.95,4469.95,4469.95,1346875,268
2012-08-30,10000002,34,6.12,6.22,6.06,22274624505,2711
2012-08-30,10000002,35,12.59,12.73,12.49,4297000014,1854
2012-08-30,10000002,36,61.47,61.88,60.2,1611615764,1798
2012-08-30,10000002,37,91.81,93.55,89.45,374404907,1196
2012-08-30,10000002,38,507.24,507.99,487.69,59660913,1321
2012-08-30,10000002,39,742.23,769.51,740.02,30153099,1019
2012-08-30,10000002,40,2111.52,2170,2104.01,17858192,908
2012-08-30,10000002,11399,4355.02,4469.8,4329.58,1888763,296
2012-08-31,10000002,34,6.06,6.08,6.06,22582623247,2668
2012-08-31,10000002,35,12.55,12.63,12.49,4746321946,1847
2012-08-31,10000002,36,60.2,61.46,59.92,1870626769,1779
2012-08-31,10000002,37,91.16,92.98,89.75,376612569,1221
2012-08-31,10000002,38,499.68,505.52,495.01,71205389,1298
2012-08-31,10000002,39,754.65,766.99,745.69,30118872,1006
2012-08-31,10000002,40,2140,2160,2107.04,11949183,972
2012-08-31,10000002,11399,4450,4469.75,4430.11,1126340,267
2012-09-01,10000002,34,6.09,6.14,6.04,19300348036,3049
2012-09-01,10000002,35,12.6,12.67,12.37,4093091778,2117
2012-09-01,10000002,36,60.1,61.36,59.98,1345535557,1888
2012-09-01,10000002,37,91.67,93.25,89.88,334934634,1424
2012-09-01,10000002,38,503,506.27,496.62,87024070,1592
2012-09-01,10000002,39,745.69,763.54,732.33,54188182,1271
2012-09-01,10000002,40,2102.17,2125.51,2100.01,28684732,1207
2012-09-01,10000002,11399,4299.87,4300,4103.16,2456881,387
2012-09-02,10000002,34,6.14,6.19,6.08,32468444650,3715
2012-09-02,10000002,35,12.55,12.89,12.44,5738709716,2543
2012-09-02,10000002,36,60.34,60.99,58.98,2018271376,2312
2012-09-02,10000002,37,89.73,91.49,89.14,396353565,1629
2012-09-02,10000002,38,510,514.97,497.08,127917733,1843
2012-09-02,10000002,39,738.29,763.98,735.6,47030088,1425
2012-09-02,10000002,40,2149.93,2157.85,2081.14,25028885,1392
2012-09-02,10000002,11399,4268.99,4299,4266.98,1824340,382
2012-09-03,10000002,34,6.08,6.16,6.06,24050386686,3231
2012-09-03,10000002,35,12.85,13.07,12.71,4042166176,2215
2012-09-03,10000002,36,60.79,60.99,60.03,1381363267,2026
2012-09-03,10000002,37,92.13,92.24,89.27,300945171,1434
2012-09-03,10000002,38,520.77,530,511.03,93676842,1602
2012-09-03,10000002,39,734.51,757.31,732.55,33257033,1203
2012-09-03,10000002,40,2156.91,2156.93,2080.05,14726520,1172
2012-09-03,10000002,11399,4469,4469.06,4261.41,1703390,369
2012-09-04,10000002,34,6.15,6.24,6.1,21068852361,3131
2012-09-04,10000002,35,13.17,13.25,13.1,5064669852,2167
2012-09-04,10000002,36,61.77,63.06,60.83,1495270645,1942
2012-09-04,10000002,37,94.98,97.53,93.3,458086625,1467
2012-09-04,10000002,38,539.07,569.96,519.02,90805956,1515
2012-09-04,10000002,39,734.07,744.98,732.19,39906909,1121
2012-09-04,10000002,40,2168.9,2198.87,2100.59,31458080,1064
2012-09-04,10000002,11399,4469,4469.95,4272.67,2337666,332
2012-09-05,10000002,34,6.12,6.16,6.06,28079137953,3055
2012-09-05,10000002,35,13.24,13.38,13.2,5705948299,2091
2012-09-05,10000002,36,62.08,62.9,61.05,1774715177,1920
2012-09-05,10000002,37,93.49,94.97,93.12,374125722,1294
2012-09-05,10000002,38,527.7,544.96,525.75,115796958,1518
2012-09-05,10000002,39,729.97,734.61,715,55945898,1196
2012-09-05,10000002,40,2110.29,2179.92,2101.96,17763167,1001
2012-09-05,10000002,11399,4469.91,4469.95,4300.03,1904259,339
2012-09-06,10000002,34,6.17,6.26,6.14,22553303458,3080
2012-09-06,10000002,35,13.5,13.73,13.41,6890598197,2290
2012-09-06,10000002,36,62.35,63.51,62.15,1654664308,2007
2012-09-06,10000002,37,94.38,95.69,92.9,240110375,1305
2012-09-06,10000002,38,532.08,537.05,531.02,102007628,1510
2012-09-06,10000002,39,725.08,739.91,724.96,39195751,1077
2012-09-06,10000002,40,2174.65,2179.98,2110,10493667,969
2012-09-06,10000002,11399,4455.2,4468.86,4399.98,1188066,289
2012-09-07,10000002,34,6.12,6.16,6.1,24420005520,3018
2012-09-07,10000002,35,13.6,13.84,13.23,4581692895,2154
2012-09-07,10000002,36,61.91,62.14,61.03,1497703666,1905
2012-09-07,10000002,37,92.9,94.98,92.69,252529890,1329
2012-09-07,10000002,38,525.54,533.98,519.59,105508504,1519
2012-09-07,10000002,39,738.9,740,707.5,26656315,1167
2012-09-07,10000002,40,2138.81,2173.87,2104,21046242,1062
2012-09-07,10000002,11399,4658,4787.97,4551.24,1295920,307
2012-09-08,10000002,34,6.09,6.17,6.07,31421083090,3411
2012-09-08,10000002,35,13.86,14.11,13.74,5917267336,2481
2012-09-08,10000002,36,62.5,64,61.31,2061008680,2255
2012-09-08,10000002,37,94.88,94.92,93.02,378379417,1535
2012-09-08,10000002,38,527.48,527.99,515.09,124559584,1760
2012-09-08,10000002,39,731.91,738.98,722.37,27960030,1258
2012-09-08,10000002,40,2159.75,2169.99,2100.02,15380183,1182
2012-09-08,10000002,11399,4783.81,4788.86,4618.42,1412064,392
2012-09-09,10000002,34,6.12,6.18,6.06,22571657656,3566
2012-09-09,10000002,35,13.97,14.03,13.83,5864833580,2581
2012-09-09,10000002,36,62.31,63.92,62,1775543481,2241
2012-09-09,10000002,37,94.48,95,93.39,323729110,1589
2012-09-09,10000002,38,520,523.99,515.01,121236803,1818
2012-09-09,10000002,39,731.75,733,715.71,61177534,1337
2012-09-09,10000002,40,2082.03,2152.49,2080.69,19912664,1239
2012-09-09,10000002,11399,4781.9,4783.82,4666.05,1738386,349
2012-09-10,10000002,34,6.12,6.2,6.1,26053904782,3218
2012-09-10,10000002,35,13.82,14,13.2,5973317671,2297
2012-09-10,10000002,36,63.28,63.8,62.33,2177359540,2067
2012-09-10,10000002,37,95,96.5,93.73,380454601,1433
2012-09-10,10000002,38,529.5,530.9,514.82,98479467,1515
2012-09-10,10000002,39,715.48,720,708.69,46835985,1155
2012-09-10,10000002,40,2078.36,2080.91,2077.24,21248236,1106
2012-09-10,10000002,11399,4800.12,4899.99,4800.03,2271575,331
2012-09-11,10000002,34,6.2,6.27,6.17,28636580621,3205
2012-09-11,10000002,35,13.18,13.43,13.13,5304373920,2065
2012-09-11,10000002,36,62.13,62.98,62.08,1513323539,1882
2012-09-11,10000002,37,93.97,96,91,442179128,1347
2012-09-11,10000002,38,531.63,533.92,517,66868162,1436
2012-09-11,10000002,39,719.97,724.85,704.09,27136623,1124
2012-09-11,10000002,40,2076.99,2120.33,2002.08,12857419,1021
2012-09-11,10000002,11399,5180,5342.79,5179,1463853,311
2012-09-12,10000002,34,6.04,6.13,6.01,19815568790,2812
2012-09-12,10000002,35,13.15,13.3,13.04,7381045085,1991
2012-09-12,10000002,36,62.1,63,62.05,1159757400,1784
2012-09-12,10000002,37,93.98,95,91.66,185543857,1198
2012-09-12,10000002,38,524.55,528,517.9,83767718,1432
2012-09-12,10000002,39,701.73,722.17,697.29,35470592,1008
2012-09-12,10000002,40,2124,2124.45,2083.22,23984501,961
2012-09-12,10000002,11399,5990,6255.81,5498,1421848,291
2012-09-13,10000002,34,6.04,6.1,5.99,20127158550,2739
2012-09-13,10000002,35,12.81,13.13,12.78,3154478610,1905
2012-09-13,10000002,36,62.04,62.77,61.85,1243465630,1794
2012-09-13,10000002,37,94.11,94.18,91.98,352507698,1195
2012-09-13,10000002,38,525.8,532.9,515.01,76458003,1369
2012-09-13,10000002,39,718.98,720.87,701.12,30713392,978
2012-09-13,10000002,40,2055.03,2119.37,2012.14,18553553,881
2012-09-13,10000002,11399,5369.19,5370,5369.19,2723005,291
2012-09-14,10000002,34,6.07,6.13,6.02,30096059332,2973
2012-09-14,10000002,35,12.92,13.05,12.88,4901137543,2013
2012-09-14,10000002,36,61.84,62.7,61.46,1455808653,1874
2012-09-14,10000002,37,96.02,96.52,96,270715214,1296
2012-09-14,10000002,38,546.76,560,526.41,102301605,1530
2012-09-14,10000002,39,705.16,717.39,703,38370874,1041
2012-09-14,10000002,40,2080.11,2118.65,2018.18,18480163,1051
2012-09-14,10000002,11399,5546.99,5548,5368.04,2154612,334
2012-09-15,10000002,34,6.12,6.21,6.05,29856534558,3604
2012-09-15,10000002,35,12.9,13.01,12.88,4390927199,2276
2012-09-15,10000002,36,62.2,62.4,61.73,1302025330,2195
2012-09-15,10000002,37,92.9,94.49,92.76,211545051,1502
2012-09-15,10000002,38,554.77,568.58,540.44,84940821,1829
2012-09-15,10000002,39,715.84,716.55,698.12,29765397,1286
2012-09-15,10000002,40,2100.98,2117.59,2087.02,15575677,1194
2012-09-15,10000002,11399,5546.99,5547.86,5480.03,1743961,401
2012-09-16,10000002,34,6.1,6.18,6.06,24794968364,3710
2012-09-16,10000002,35,12.95,13.02,12.91,5884095148,2571
2012-09-16,10000002,36,62.5,63.47,62.06,1524927476,2327
2012-09-16,10000002,37,96.96,98.99,94.25,303130278,1604
2012-09-16,10000002,38,559.49,573.14,550.66,133835215,1931
2012-09-16,10000002,39,696.05,708.98,695.55,55483958,1349
2012-09-16,10000002,40,2071.2,2097.8,2030.07,17026667,1201
2012-09-16,10000002,11399,5524.98,5524.99,5524.95,2524373,428
2012-09-17,10000002,34,6.15,6.21,6.05,30808436434,3366
2012-09-17,10000002,35,13,13.2,12.93,5868605923,2292
2012-09-17,10000002,36,63.58,63.73,62.68,2144009586,2099
2012-09-17,10000002,37,99.76,99.94,97.07,346747800,1466
2012-09-17,10000002,38,585.01,599.39,570,139235464,1735
2012-09-17,10000002,39,699.99,708,650.03,36114540,1121
2012-09-17,10000002,40,2055.01,2100.9,2030.05,16800011,1046
2012-09-17,10000002,11399,5325.01,5379.65,4975,2504872,426
2012-09-18,10000002,34,6.04,6.09,6.01,22839933663,2957
2012-09-18,10000002,35,12.89,12.97,12.72,4509634343,2026
2012-09-18,10000002,36,62.76,63.62,62.54,1328409618,1894
2012-09-18,10000002,37,97,99,96.42,208832190,1253
2012-09-18,10000002,38,572.74,579.99,568.33,94956281,1592
2012-09-18,10000002,39,667.07,677.99,652.61,82458293,1185
2012-09-18,10000002,40,2030.56,2055,2030.52,23203938,1019
2012-09-18,10000002,11399,5001.17,5060.16,5000.71,2994203,373
2012-09-19,10000002,34,6.07,6.12,6.03,23395721760,2994
2012-09-19,10000002,35,12.87,12.9,12.77,4789076793,2092
2012-09-19,10000002,36,63,63.36,62.86,1696955227,1942
2012-09-19,10000002,37,96.79,99,96,256603705,1330
2012-09-19,10000002,38,577.31,588.44,568.42,84862291,1548
2012-09-19,10000002,39,674,679.59,666,31785025,1141
2012-09-19,10000002,40,2069.73,2069.93,2031.08,13569874,999
2012-09-19,10000002,11399,5001,5258.74,4999.95,935511,287
2012-09-20,10000002,34,6.07,6.12,6,19596002840,2763
2012-09-20,10000002,35,12.81,12.89,12.72,3637532620,1993
2012-09-20,10000002,36,63.19,63.86,63.01,1301228194,1833
2012-09-20,10000002,37,97.95,100,97.5,235043371,1278
2012-09-20,10000002,38,585.01,589.93,578,69572939,1418
2012-09-20,10000002,39,657.02,678.88,655.17,56498458,1110
2012-09-20,10000002,40,2004.41,2030.2,1957.18,34469215,975
2012-09-20,10000002,11399,5119.71,5119.99,4853.63,1462244,295
2012-09-21,10000002,34,5.93,6.04,5.92,15358779344,2789
2012-09-21,10000002,35,12.76,12.8,12.6,3751758565,1936
2012-09-21,10000002,36,62.3,62.86,62.27,1254762285,1791
2012-09-21,10000002,37,99.95,101.94,99.46,277612233,1302
2012-09-21,10000002,38,585.04,592.9,581.54,90214048,1462
2012-09-21,10000002,39,653.14,672,651,35317883,1063
2012-09-21,10000002,40,1956.3,2023.99,1956.11,15679851,966
2012-09-21,10000002,11399,4900.34,5082.78,4853.2,1705997,316
2012-09-22,10000002,34,6.05,6.09,6.01,19694820437,3221
2012-09-22,10000002,35,12.51,12.75,12.43,4248190017,2218
2012-09-22,10000002,36,61.8,62.26,61.09,1213296552,2047
2012-09-22,10000002,37,105.08,106.45,102.04,278364835,1544
2012-09-22,10000002,38,572,578.54,571.33,84914658,1731
2012-09-22,10000002,39,657,666.26,650.25,40906768,1298
2012-09-22,10000002,40,1960.15,2016.46,1960.02,19615217,1208
2012-09-22,10000002,11399,4900,4983.94,4716.19,2033398,402
2012-09-23,10000002,34,6.03,6.1,5.93,24604854275,3571
2012-09-23,10000002,35,12.61,12.73,12.39,3749433142,2414
2012-09-23,10000002,36,62.35,62.66,61.25,1855691441,2330
2012-09-23,10000002,37,106.46,107.06,101.07,402209532,1691
2012-09-23,10000002,38,579.47,590.46,575.41,93534928,1846
2012-09-23,10000002,39,651.02,667.45,650.19,55218944,1383
2012-09-23,10000002,40,1961.12,2004.39,1960.05,23466716,1222
2012-09-23,10000002,11399,4979.98,4983.94,4877.85,2263475,386
2012-09-24,10000002,34,6.01,6.08,5.97,20411350588,2918
2012-09-24,10000002,35,12.67,12.75,12.55,3848524161,2045
2012-09-24,10000002,36,62.11,62.99,61.59,1686973116,2042
2012-09-24,10000002,37,106.98,109.95,105.89,394977273,1395
2012-09-24,10000002,38,578.12,588.87,575.03,81080296,1560
2012-09-24,10000002,39,649,660,640.99,67208312,1164
2012-09-24,10000002,40,1998.99,1999.96,1913.16,13831312,1080
2012-09-24,10000002,11399,4981.84,4982.99,4881.11,1062135,285
2012-09-25,10000002,34,6.06,6.09,5.98,24315729163,2805
2012-09-25,10000002,35,12.74,12.8,12.64,5554573186,2024
2012-09-25,10000002,36,62.65,62.91,62.22,1261680831,1847
2012-09-25,10000002,37,110.98,110.98,110.98,952171208,1340
2012-09-25,10000002,38,599.24,609.32,587,113896400,1499
2012-09-25,10000002,39,659.93,660.05,639.27,36253989,1092
2012-09-25,10000002,40,1980.03,1999,1935.01,16849708,1011
2012-09-25,10000002,11399,4980.13,4980.13,4980,1609359,317
2012-09-26,10000002,34,6.06,6.09,6.02,21874559981,2927
2012-09-26,10000002,35,13.05,13.14,12.91,5176945003,2094
2012-09-26,10000002,36,62.44,62.76,62.37,1699047205,1921
2012-09-26,10000002,37,116.08,120,116.04,331208692,1346
2012-09-26,10000002,38,627.38,679.69,622.73,83385348,1577
2012-09-26,10000002,39,645.12,659.99,644.03,37024553,1024
2012-09-26,10000002,40,1930.38,1935.09,1930.33,24377867,971
2012-09-26,10000002,11399,4983.94,4989.94,4902.09,2429363,273
2012-09-27,10000002,34,6.04,6.06,6.03,16132679631,2603
2012-09-27,10000002,35,12.94,13.04,12.66,3733507249,1833
2012-09-27,10000002,36,62.96,63,62.41,1585751594,1709
2012-09-27,10000002,37,118.32,121.11,116.2,364749086,1341
2012-09-27,10000002,38,640.16,658.65,638.18,95384299,1434
2012-09-27,10000002,39,653.91,660,652.98,46397365,1070
2012-09-27,10000002,40,1937.18,1937.23,1937.18,27434295,988
2012-09-27,10000002,11399,5199.99,5206.02,4907.51,1633471,310
2012-09-28,10000002,34,6.04,6.06,5.98,15441816287,2654
2012-09-28,10000002,35,12.67,12.74,12.5,3461823873,1784
2012-09-28,10000002,36,61.64,62.48,61.47,1280686686,1744
2012-09-28,10000002,37,124,126,121.25,251575777,1303
2012-09-28,10000002,38,644.19,652.8,644.02,84692800,1421
2012-09-28,10000002,39,647.93,670,644.13,42385231,1040
2012-09-28,10000002,40,1937.12,1973,1930,18199807,995
2012-09-28,10000002,11399,4880.17,5197.87,4877.95,2325733,314
2012-09-29,10000002,34,6,6.1,5.97,28545991053,3089
2012-09-29,10000002,35,12.6,12.79,12.46,5255054755,1998
2012-09-29,10000002,36,62.28,62.55,61.74,1756086567,2011
2012-09-29,10000002,37,118.32,120.52,114.31,337900519,1437
2012-09-29,10000002,38,639.1,652.97,630.44,92976356,1601
2012-09-29,10000002,39,650,659.94,641.05,62755709,1161
2012-09-29,10000002,40,1915,1925.99,1893.4,20479108,1051
2012-09-29,10000002,11399,5149.8,5175.96,4926.01,1558751,331
2012-09-30,10000002,34,6.04,6.15,5.98,25476454190,3279
2012-09-30,10000002,35,12.66,12.79,12.31,4713803404,2252
2012-09-30,10000002,36,62.2,62.94,61.93,1945796962,2168
2012-09-30,10000002,37,128.3,128.52,125.09,339437025,1576
2012-09-30,10000002,38,635,646,621.24,116140460,1786
2012-09-30,10000002,39,630,647.28,623,84031833,1359
2012-09-30,10000002,40,1888,1890.07,1812.11,35269864,1240
2012-09-30,10000002,11399,5149,5176.02,5000,2344902,394
2012-10-01,10000002,34,6.03,6.1,6.01,32158878861,2990
2012-10-01,10000002,35,12.36,12.48,12.2,5556787928,2009
2012-10-01,10000002,36,61.9,62.16,61.48,1427507215,1831
2012-10-01,10000002,37,120.5,121.85,116.41,345639380,1340
2012-10-01,10000002,38,627.95,638,622.23,111599589,1521
2012-10-01,10000002,39,615.04,644.98,613.4,76131442,1194
2012-10-01,10000002,40,1801.99,1884,1791.14,21899102,1081
2012-10-01,10000002,11399,4822.72,5299.96,4822.2,1336445,314
2012-10-02,10000002,34,6.12,6.26,6.02,24628155970,2970
2012-10-02,10000002,35,12.56,13.17,12.39,3939637650,1980
2012-10-02,10000002,36,62.5,63.93,61.81,1565656717,1810
2012-10-02,10000002,37,123.77,131.49,120.56,340179025,1414
2012-10-02,10000002,38,623.17,631.86,613.2,114646113,1554
2012-10-02,10000002,39,639.97,647,617.01,38802413,1102
2012-10-02,10000002,40,1847.99,1864.79,1847.97,13630185,1008
2012-10-02,10000002,11399,5193.76,5193.93,5193.7,993660,252
2012-10-03,10000002,34,6.06,6.22,6,24784854829,2989
2012-10-03,10000002,35,12.2,12.39,11.97,3892730927,2009
2012-10-03,10000002,36,61.74,62.12,61.51,1635639572,1894
2012-10-03,10000002,37,121.99,123.29,121.16,264611878,1392
2012-10-03,10000002,38,618,625.25,613.18,92061836,1548
2012-10-03,10000002,39,625.02,644.75,615.61,27617924,1121
2012-10-03,10000002,40,1863.97,1864.92,1815.03,13985203,994
2012-10-03,10000002,11399,5100,5120.58,4906.49,1373126,351
2012-10-04,10000002,34,6.14,6.17,6.09,18796897750,2803
2012-10-04,10000002,35,12.22,12.41,12.2,3593946783,1838
2012-10-04,10000002,36,60.05,61.46,59.75,1006174475,1649
2012-10-04,10000002,37,121.38,123.73,121.17,276453936,1285
2012-10-04,10000002,38,620,632.35,606.82,62114650,1424
2012-10-04,10000002,39,640,643.61,620.85,30520426,981
2012-10-04,10000002,40,1823,1864.88,1817.97,16744240,937
2012-10-04,10000002,11399,5117.93,5117.99,4960.03,1524203,326
2012-10-05,10000002,34,6.21,6.25,6.12,30013245329,2929
2012-10-05,10000002,35,12.31,12.39,12.28,3830303132,1851
2012-10-05,10000002,36,60.13,60.96,60.03,1254548728,1653
2012-10-05,10000002,37,126,128,123.17,257794818,1278
2012-10-05,10000002,38,615.03,624.14,611.47,82862287,1380
2012-10-05,10000002,39,620.52,633.29,614.18,54560647,1019
2012-10-05,10000002,40,1864,1864.91,1822.24,11466701,927
2012-10-05,10000002,11399,4992.21,5100.29,4960.06,2418416,301
2012-10-06,10000002,34,5.97,6.06,5.95,21370645905,2954
2012-10-06,10000002,35,12.3,12.39,12.15,4218258404,2093
2012-10-06,10000002,36,60.61,61.14,60.41,1487750790,1906
2012-10-06,10000002,37,128.87,131.47,126.41,298366937,1543
2012-10-06,10000002,38,629.94,632.52,625.45,81395555,1644
2012-10-06,10000002,39,623.01,630.89,617.99,23422626,1211
2012-10-06,10000002,40,1899.5,1903.75,1831.72,14343356,1086
2012-10-06,10000002,11399,5298.95,5509.8,5125.05,2196465,354
2012-10-07,10000002,34,5.95,6.02,5.9,23987921670,3346
2012-10-07,10000002,35,12.18,12.28,12.02,4228282239,2286
2012-10-07,10000002,36,60.77,61.11,60.32,1755825900,2183
2012-10-07,10000002,37,126.98,128.37,125.92,367958470,1593
2012-10-07,10000002,38,637.99,644.83,626.04,95662959,1850
2012-10-07,10000002,39,619.09,625.45,610.1,50471632,1315
2012-10-07,10000002,40,1856,1902.91,1850,14276633,1225
2012-10-07,10000002,11399,5542.98,5817.27,5250.13,2106104,374
2012-10-08,10000002,34,5.91,5.96,5.89,22858410846,2817
2012-10-08,10000002,35,12.1,12.2,12.06,5260121159,1901
2012-10-08,10000002,36,60.56,60.94,60.07,1156542199,1735
2012-10-08,10000002,37,119.65,123.61,114,360636975,1403
2012-10-08,10000002,38,625.98,633,619.14,79705223,1526
2012-10-08,10000002,39,605,610,585.05,70568417,1156
2012-10-08,10000002,40,1833.19,1856.21,1829.54,20051026,1041
2012-10-08,10000002,11399,5201.09,5202.29,5126.67,2739867,384
2012-10-09,10000002,34,5.99,6.02,5.94,21821099991,2648
2012-10-09,10000002,35,12.23,12.3,12.08,3608482873,1809
2012-10-09,10000002,36,60.32,60.57,58.32,1194678591,1570
2012-10-09,10000002,37,120.01,121.9,115.5,229386832,1237
2012-10-09,10000002,38,623.49,638.11,619.32,81175497,1334
2012-10-09,10000002,39,598.99,599.89,571.01,34619298,1001
2012-10-09,10000002,40,1879,1897.99,1824.03,13052177,984
2012-10-09,10000002,11399,5179.97,5180.03,5179.95,1328032,280
2012-10-10,10000002,34,5.96,5.99,5.94,17118194760,2604
2012-10-10,10000002,35,12.24,12.28,12.11,3434732573,1763
2012-10-10,10000002,36,59.24,59.59,58.64,1048114398,1544
2012-10-10,10000002,37,116.82,120.94,115.99,304204969,1247
2012-10-10,10000002,38,623.56,635.78,622.5,82382461,1350
2012-10-10,10000002,39,609.9,609.99,609.89,76332975,998
2012-10-10,10000002,40,1897.77,1897.97,1841,16079295,951
2012-10-10,10000002,11399,5500,5698.89,5115.01,1317310,267
2012-10-11,10000002,34,6,6.02,5.99,16904539421,2521
2012-10-11,10000002,35,12.24,12.3,12.17,3481192989,1752
2012-10-11,10000002,36,59.7,59.74,59.05,1504439074,1565
2012-10-11,10000002,37,118.9,119.99,116.11,309528205,1143
2012-10-11,10000002,38,629.25,629.98,625.13,65907691,1255
2012-10-11,10000002,39,612.03,628.39,611.01,42732690,951
2012-10-11,10000002,40,1889.97,1898.75,1870.01,11223179,893
2012-10-11,10000002,11399,5399.91,5498.99,5173.03,1389251,275
2012-10-12,10000002,34,6,6.02,5.97,19550214584,2757
2012-10-12,10000002,35,12.17,12.22,12.16,3931804137,1904
2012-10-12,10000002,36,59.37,60.39,59.32,1230712017,1816
2012-10-12,10000002,37,118.9,119.97,116.34,243519736,1309
2012-10-12,10000002,38,629,629.98,625.34,84303141,1442
2012-10-12,10000002,39,629.81,629.92,615.72,28356575,1072
2012-10-12,10000002,40,1898.02,1898.8,1897.98,15580076,990
2012-10-12,10000002,11399,5398.85,5399,5350.06,1009915,335
2012-10-13,10000002,34,5.91,5.98,5.86,29522740957,3249
2012-10-13,10000002,35,12.23,12.25,12.12,6462047715,2308
2012-10-13,10000002,36,59.9,60.25,59.38,1960790616,2136
2012-10-13,10000002,37,119.92,120.74,118.79,458792521,1588
2012-10-13,10000002,38,628,630.97,623.99,145212974,1709
2012-10-13,10000002,39,627.9,639.87,615.84,44051359,1243
2012-10-13,10000002,40,1901.03,1925.28,1895.12,37470156,1237
2012-10-13,10000002,11399,5398.85,5500,5300.08,2229646,341
2012-10-14,10000002,34,5.89,6,5.85,25894972378,3457
2012-10-14,10000002,35,12.2,12.3,12.11,6922838369,2354
2012-10-14,10000002,36,60.3,61,59.5,2168301207,2221
2012-10-14,10000002,37,126.16,127.48,122.13,441704124,1604
2012-10-14,10000002,38,616.12,634.97,610,124687994,1732
2012-10-14,10000002,39,644,652.84,631,47312756,1342
2012-10-14,10000002,40,1972.8,1973.81,1911.64,24843045,1195
2012-10-14,10000002,11399,5997.43,6189.57,5700.74,2139812,384
2012-10-15,10000002,34,5.95,6,5.9,24208168944,2801
2012-10-15,10000002,35,12.4,12.54,12.2,4949339285,2034
2012-10-15,10000002,36,61.36,62.18,59.63,1584968671,1846
2012-10-15,10000002,37,121.65,122.5,117.13,289389345,1299
2012-10-15,10000002,38,628,633.89,610.53,82979559,1467
2012-10-15,10000002,39,620,625,616.27,50450586,1157
2012-10-15,10000002,40,1934,1937.3,1930,22041242,1054
2012-10-15,10000002,11399,5665.76,5848.08,5500,2584874,319
2012-10-16,10000002,34,5.97,6,5.96,12916577607,2330
2012-10-16,10000002,35,12.4,12.49,12.35,2972741886,1642
2012-10-16,10000002,36,60.51,61.7,60.4,1267903283,1534
2012-10-16,10000002,37,119.99,121.49,118.09,202476536,1048
2012-10-16,10000002,38,622.06,633,620.07,74371920,1167
2012-10-16,10000002,39,623,625,613.26,29235066,831
2012-10-16,10000002,40,1900,1901.01,1892.06,12295240,768
2012-10-16,10000002,11399,5844.65,5845.54,5425.02,1077348,228
2012-10-17,10000002,34,5.99,6.03,5.98,21547032705,2962
2012-10-17,10000002,35,12.45,12.48,12.39,3742851357,1979
2012-10-17,10000002,36,59.94,60.36,59.79,1133846478,1837
2012-10-17,10000002,37,121.6,121.97,119.35,230381924,1350
2012-10-17,10000002,38,621.02,624.99,620.05,58514190,1360
2012-10-17,10000002,39,640.05,650.02,640.02,30071036,1089
2012-10-17,10000002,40,1957,1982.82,1892,12795132,985
2012-10-17,10000002,11399,5834.93,5839.88,5427.02,1994477,282
2012-10-18,10000002,34,6.03,6.05,5.99,20350172930,2872
2012-10-18,10000002,35,12.41,12.44,12.4,4795758596,1950
2012-10-18,10000002,36,59.95,61.08,59.79,1281218023,1783
2012-10-18,10000002,37,125.6,125.66,119.8,202724267,1228
2012-10-18,10000002,38,629,632.5,623.6,68888381,1456
2012-10-18,10000002,39,675.6,723.5,656.99,84463365,1186
2012-10-18,10000002,40,1954.97,1980,1900.11,24165095,989
2012-10-18,10000002,11399,5831,5833.96,5648.5,2086298,293
2012-10-19,10000002,34,5.98,6.01,5.97,21760878092,2775
2012-10-19,10000002,35,12.4,12.43,12.38,4982896720,1952
2012-10-19,10000002,36,59.83,60.96,59.77,1462783179,1750
2012-10-19,10000002,37,120.14,120.21,120.11,336977165,1310
2012-10-19,10000002,38,624.29,632.48,624.18,92876653,1470
2012-10-19,10000002,39,645,702.11,640.02,73108835,1103
2012-10-19,10000002,40,1971.02,2000.13,1965.33,15281618,1000
2012-10-19,10000002,11399,5824.99,5827.98,5645.03,948790,290
2012-10-20,10000002,34,6.01,6.06,5.98,26694924409,3424
2012-10-20,10000002,35,12.4,12.45,12.38,6859162335,2341
2012-10-20,10000002,36,59.79,60.44,59.75,1769774031,2072
2012-10-20,10000002,37,123.96,124.89,119.9,365100090,1533
2012-10-20,10000002,38,624.26,630,620.01,102877147,1624
2012-10-20,10000002,39,708,733.99,689.99,40889996,1260
2012-10-20,10000002,40,2024.97,2074.95,1967.9,12499641,1197
2012-10-20,10000002,11399,5803.24,5806,5565.11,1580304,347
2012-10-21,10000002,34,6,6.05,5.99,22698703969,3470
2012-10-21,10000002,35,12.4,12.47,12.38,4680669093,2388
2012-10-21,10000002,36,59.82,60.03,59.76,1990370305,2152
2012-10-21,10000002,37,120.1,122.77,119.94,333571562,1562
2012-10-21,10000002,38,632.6,633.31,622.05,94655718,1722
2012-10-21,10000002,39,703.05,709.97,702.65,43018495,1238
2012-10-21,10000002,40,2001.05,2064.73,1973.19,14796467,1198
2012-10-21,10000002,11399,5570.15,5795.75,5406.41,1785826,417
2012-10-22,10000002,34,6,6.04,5.99,19366745929,2838
2012-10-22,10000002,35,12.27,12.37,12.15,3893561666,1915
2012-10-22,10000002,36,60.1,60.15,59.75,1502939937,1823
2012-10-22,10000002,37,122.11,122.2,120.02,380817475,1333
2012-10-22,10000002,38,629,632.95,623.08,71060396,1454
2012-10-22,10000002,39,704.01,711,702.63,47377189,1092
2012-10-22,10000002,40,1985,2052.91,1976,21341984,987
2012-10-22,10000002,11399,5570.11,5609.98,5557.54,2378412,356
2012-10-23,10000002,34,6.04,6.05,6.01,27693233433,2877
2012-10-23,10000002,35,12.26,12.27,12.25,4513683473,1895
2012-10-23,10000002,36,59.92,60.31,59.8,1340973731,1737
2012-10-23,10000002,37,120.13,122.3,119.98,302755689,1240
2012-10-23,10000002,38,625,629.48,624.04,80598688,1317
2012-10-23,10000002,39,704.07,712.47,702.7,30163793,1025
2012-10-23,10000002,40,1999.3,2049.98,1987,16181842,1028
2012-10-23,10000002,11399,5599.98,5793.73,5405.51,1222397,293
2012-10-24,10000002,34,6.03,6.06,5.98,22394559207,2956
2012-10-24,10000002,35,12.55,12.61,12.4,6054870010,2102
2012-10-24,10000002,36,60.4,61.62,59.94,1754007823,1910
2012-10-24,10000002,37,124,125.04,122.23,321472289,1366
2012-10-24,10000002,38,628,629.77,625.05,120399711,1502
2012-10-24,10000002,39,747.84,760,739.97,35634247,1158
2012-10-24,10000002,40,2083,2100,2068.89,18580390,1077
2012-10-24,10000002,11399,5759.97,5760,5759.96,1122317,304
2012-10-25,10000002,34,6.01,6.05,5.99,20195234238,2874
2012-10-25,10000002,35,12.5,12.58,12.4,3759022714,2014
2012-10-25,10000002,36,59,60.72,58.32,937243129,1696
2012-10-25,10000002,37,125.3,127.89,124.36,184129170,1343
2012-10-25,10000002,38,625.06,631.77,621.14,68156511,1417
2012-10-25,10000002,39,746.01,759.94,743,20916887,1062
2012-10-25,10000002,40,2050,2104.85,2040.06,14549761,949
2012-10-25,10000002,11399,5644.91,5759.77,5593.3,1441394,327
2012-10-26,10000002,34,5.98,6.05,5.91,24885217857,3025
2012-10-26,10000002,35,12.39,12.5,12.34,4315110740,2056
2012-10-26,10000002,36,58.95,60,58.4,1494529568,1828
2012-10-26,10000002,37,126.02,127.1,121.58,420947317,1391
2012-10-26,10000002,38,629.87,633,621.01,74972824,1537
2012-10-26,10000002,39,763,774.82,745.34,22610791,1082
2012-10-26,10000002,40,2104.83,2113.91,2101.02,10822147,990
2012-10-26,10000002,11399,5756.8,5756.97,5593.2,1610839,348
2012-10-27,10000002,34,5.96,6.05,5.94,23424433942,3095
2012-10-27,10000002,35,12.37,12.41,12.27,4925197345,2123
2012-10-27,10000002,36,59.91,60.36,58.5,1837040828,2050
2012-10-27,10000002,37,121.44,124.9,120,424217994,1447
2012-10-27,10000002,38,621.06,634.75,621,141606197,1638
2012-10-27,10000002,39,744.12,762.9,726.71,33673306,1208
2012-10-27,10000002,40,2135.97,2182.75,2061,26871817,1220
2012-10-27,10000002,11399,5757,5832,5581.34,2246583,359
2012-10-28,10000002,34,6,6.04,5.93,24664266811,3596
2012-10-28,10000002,35,12.34,12.4,12.23,5164140214,2526
2012-10-28,10000002,36,59.56,60.31,58.53,1695906910,2293
2012-10-28,10000002,37,120.5,121.98,119.93,416095929,1561
2012-10-28,10000002,38,637.26,644.73,624.99,100330244,1774
2012-10-28,10000002,39,728.05,739,712.86,39299024,1320
2012-10-28,10000002,40,2131.01,2171,2111.03,16278917,1196
2012-10-28,10000002,11399,6000.46,6000.47,6000.43,1046195,349
2012-10-29,10000002,34,6.02,6.06,6,20915520971,3009
2012-10-29,10000002,35,12.38,12.42,12.26,3957117054,1991
2012-10-29,10000002,36,58.92,59.6,58.77,1152459400,1824
2012-10-29,10000002,37,120.77,120.88,119.91,320094133,1352
2012-10-29,10000002,38,632.13,644.45,625.4,69721890,1470
2012-10-29,10000002,39,716.42,738,715.82,38205642,1139
2012-10-29,10000002,40,2141.02,2198.93,2111.22,13435465,1077
2012-10-29,10000002,11399,5822.6,5999.99,5821.04,1946826,303
2012-10-30,10000002,34,6.02,6.08,5.98,26766740946,2862
2012-10-30,10000002,35,12.46,12.56,12.4,5965147382,1993
2012-10-30,10000002,36,59.74,60.07,59.21,1880605285,1755
2012-10-30,10000002,37,120.93,121.9,119.91,435784025,1321
2012-10-30,10000002,38,644.37,646.99,639.32,103821234,1453
2012-10-30,10000002,39,719.58,726.84,719.58,52254467,1070
2012-10-30,10000002,40,2189.73,2195.83,2112.25,17139780,1015
2012-10-30,10000002,11399,5900.01,5964.98,5823.05,1148615,305
2012-10-31,10000002,34,6.02,6.06,5.98,21622405252,2880
2012-10-31,10000002,35,12.45,12.53,12.42,4756304369,2006
2012-10-31,10000002,36,59.89,60,59.29,1763984550,1867
2012-10-31,10000002,37,121.75,122.83,120.64,393437916,1372
2012-10-31,10000002,38,639.78,648.89,632.85,129749627,1435
2012-10-31,10000002,39,751,778,730,62739137,1081
2012-10-31,10000002,40,2120.06,2197.75,2114.14,17421191,989
2012-10-31,10000002,11399,5889.95,5890,5830.01,1790488,274
2012-11-01,10000002,34,6.01,6.08,5.99,21244088045,2896
2012-11-01,10000002,35,12.71,12.75,12.63,4507434194,2106
2012-11-01,10000002,36,59.75,60.1,59.28,1436207471,1894
2012-11-01,10000002,37,121.86,121.99,120.86,276514400,1352
2012-11-01,10000002,38,628,640.68,625.01,73991501,1439
2012-11-01,10000002,39,757.03,774.06,755.98,31545801,1091
2012-11-01,10000002,40,2121.99,2174.92,2115.82,13564110,1009
2012-11-01,10000002,11399,5964.97,5965,5954.91,2363527,305
2012-11-02,10000002,34,5.95,6.01,5.92,23208983559,2786
2012-11-02,10000002,35,12.8,12.94,12.77,4128902273,1944
2012-11-02,10000002,36,59.72,60.42,59.47,1474835065,1767
2012-11-02,10000002,37,120.99,121,120.94,277294787,1321
2012-11-02,10000002,38,633.46,640.82,627,67552796,1465
2012-11-02,10000002,39,760.23,773.84,756.18,22067362,1098
2012-11-02,10000002,40,2152.21,2197.9,2116.01,11890075,980
2012-11-02,10000002,11399,5925.01,6190,5902.1,1740563,319
2012-11-03,10000002,34,6,6.06,5.93,19684272084,3306
2012-11-03,10000002,35,12.51,12.6,12.45,4684837010,2258
2012-11-03,10000002,36,58.78,60.09,58.17,1362617341,2040
2012-11-03,10000002,37,119.94,121.98,119.89,552739692,1582
2012-11-03,10000002,38,640.95,642.69,634.55,79530596,1767
2012-11-03,10000002,39,789.3,798.04,772,28290109,1390
2012-11-03,10000002,40,2261.01,2287.91,2230.15,11848052,1184
2012-11-03,10000002,11399,6500,6997.47,6112.1,1503612,346
2012-11-04,10000002,34,6.01,6.04,6,19171285090,3360
2012-11-04,10000002,35,12.48,12.54,12.42,5109311376,2291
2012-11-04,10000002,36,59,59.96,58.96,1399286039,2050
2012-11-04,10000002,37,120.87,120.96,120,322734970,1505
2012-11-04,10000002,38,635.05,647.8,634.67,126141544,1651
2012-11-04,10000002,39,798.18,812.05,775.15,79811828,1352
2012-11-04,10000002,40,2262,2287.83,2200,17249018,1145
2012-11-04,10000002,11399,6580.02,6996.98,6155.12,1450189,306
2012-11-05,10000002,34,6.02,6.04,6,23930695133,3254
2012-11-05,10000002,35,12.53,12.55,12.51,5439256441,2221
2012-11-05,10000002,36,60,60.06,59.55,1702305365,2040
2012-11-05,10000002,37,120.9,122.95,120,295786945,1468
2012-11-05,10000002,38,647.22,647.38,638.4,81426093,1610
2012-11-05,10000002,39,850,869,827.01,46216948,1268
2012-11-05,10000002,40,2205,2225,2181,11591664,1082
2012-11-05,10000002,11399,6968.96,6978.36,6592.07,1098122,298
2012-11-06,10000002,34,6.05,6.06,5.99,22185936760,3039
2012-11-06,10000002,35,12.58,12.8,12.49,4303969653,2137
2012-11-06,10000002,36,60.22,60.32,60.1,1907482268,2057
2012-11-06,10000002,37,122.86,122.9,121.1,242475630,1454
2012-11-06,10000002,38,653.32,653.4,645.21,93969476,1616
2012-11-06,10000002,39,887.67,908.92,880.03,50014219,1253
2012-11-06,10000002,40,2193.02,2227.48,2180.56,10875012,1065
2012-11-06,10000002,11399,6899.97,6965.51,6602.01,2141838,335
2012-11-07,10000002,34,6.03,6.06,6.01,22676910557,2941
2012-11-07,10000002,35,12.78,12.91,12.6,4257586956,1996
2012-11-07,10000002,36,60,60.5,59.9,1468420316,1871
2012-11-07,10000002,37,127.56,128.44,124.97,425125159,1402
2012-11-07,10000002,38,653.6,653.92,651.01,83313959,1486
2012-11-07,10000002,39,883.95,889.42,865,31416531,1065
2012-11-07,10000002,40,2225.01,2225.1,2202.16,12785847,1032
2012-11-07,10000002,11399,6963.11,6964.91,6807.66,2085917,321
2012-11-08,10000002,34,6.06,6.1,6.01,21229311097,2965
2012-11-08,10000002,35,12.73,12.8,12.68,5003118144,2037
2012-11-08,10000002,36,60.01,60.75,59.26,1155249211,1844
2012-11-08,10000002,37,128.05,128.28,127.56,355190787,1380
2012-11-08,10000002,38,678,686.95,662.93,74521102,1479
2012-11-08,10000002,39,863,885.02,862.12,34885866,1092
2012-11-08,10000002,40,2274.95,2280.01,2202.14,20672354,1035
2012-11-08,10000002,11399,6959.97,6964.11,6774.8,1748926,290
2012-11-09,10000002,34,6.16,6.21,6.09,25400332243,2932
2012-11-09,10000002,35,12.87,13,12.76,4290910044,2044
2012-11-09,10000002,36,60.49,61.59,59.98,1830708841,2005
2012-11-09,10000002,37,128.74,130.92,127.7,343544736,1414
2012-11-09,10000002,38,679.96,687,673.24,89793318,1553
2012-11-09,10000002,39,882.11,894.96,870.1,42429753,1136
2012-11-09,10000002,40,2265.09,2300,2251,22181512,1084
2012-11-09,10000002,11399,6800.01,6963.09,6762.39,1944130,313
2012-11-10,10000002,34,6.14,6.18,6.06,25117086139,3404
2012-11-10,10000002,35,12.94,13.03,12.85,5238411114,2360
2012-11-10,10000002,36,60.6,61.34,60.26,1476537994,2116
2012-11-10,10000002,37,129.5,130.44,128.09,269161855,1576
2012-11-10,10000002,38,690.73,696.97,682.1,101994816,1777
2012-11-10,10000002,39,890,893.98,871.09,27064620,1323
2012-11-10,10000002,40,2390.09,2392.9,2310.55,12427120,1220
2012-11-10,10000002,11399,6963.1,7299.99,6827.03,2171603,383
2012-11-11,10000002,34,6.14,6.27,6.08,27716591339,3780
2012-11-11,10000002,35,12.9,13,12.82,4641171109,2545
2012-11-11,10000002,36,61.17,61.5,60.47,1776710683,2410
2012-11-11,10000002,37,130.95,134.53,130.32,413224930,1752
2012-11-11,10000002,38,689,699.95,685.76,74214942,1879
2012-11-11,10000002,39,871.45,888.11,870,32825407,1433
2012-11-11,10000002,40,2300.24,2303.55,2300.24,16037789,1342
2012-11-11,10000002,11399,7102.05,7297.57,7101.05,3483235,436
2012-11-12,10000002,34,6.12,6.23,6.1,24975137095,3307
2012-11-12,10000002,35,12.79,12.86,12.72,4519894887,2253
2012-11-12,10000002,36,61,61.41,60.47,1533282662,2098
2012-11-12,10000002,37,132.49,133.29,132.2,299157752,1538
2012-11-12,10000002,38,689.41,694.93,686.31,112557128,1763
2012-11-12,10000002,39,862.12,862.12,862.12,57445077,1242
2012-11-12,10000002,40,2221.39,2266.16,2217.29,22168687,1141
2012-11-12,10000002,11399,6798.27,7189.16,6700,2300765,355
2012-11-13,10000002,34,6.17,6.27,6.06,27101643245,2986
2012-11-13,10000002,35,12.8,12.91,12.67,5410072209,1964
2012-11-13,10000002,36,61,61.3,59.69,1608497359,1811
2012-11-13,10000002,37,132.92,133.93,129.27,381696790,1383
2012-11-13,10000002,38,723.55,728.96,690.19,96017065,1576
2012-11-13,10000002,39,862.12,862.12,862.12,105105333,1142
2012-11-13,10000002,40,2202.15,2292,2202.13,23809325,1033
2012-11-13,10000002,11399,7168.51,7183.69,6909.03,1737121,311
2012-11-14,10000002,34,6.14,6.19,6.1,20590616523,2896
2012-11-14,10000002,35,12.96,13.03,12.93,4482178231,1956
2012-11-14,10000002,36,60.7,61.22,59.71,1289544080,1844
2012-11-14,10000002,37,131.03,134.66,130.06,294719834,1328
2012-11-14,10000002,38,714.01,728.95,712.8,69372356,1441
2012-11-14,10000002,39,788.01,824.99,787.15,60240281,1176
2012-11-14,10000002,40,2208.74,2286.83,2202.13,17556250,1002
2012-11-14,10000002,11399,6610.31,7139,6610.06,1573484,292
2012-11-15,10000002,34,6.23,6.3,6.19,26343871123,2907
2012-11-15,10000002,35,13.08,13.09,13.06,5230952814,2029
2012-11-15,10000002,36,60.93,61.22,60.11,1671591577,1832
2012-11-15,10000002,37,132.44,137,131.99,304267747,1295
2012-11-15,10000002,38,733.88,734.77,715.65,83962562,1496
2012-11-15,10000002,39,803.19,807.45,775.01,30556927,1053
2012-11-15,10000002,40,2265.97,2274.97,2202.19,13501498,965
2012-11-15,10000002,11399,7137.7,7137.79,7136.71,2445069,313
2012-11-16,10000002,34,6.24,6.29,6.2,22536672566,2890
2012-11-16,10000002,35,13.04,13.09,12.98,4539308109,1930
2012-11-16,10000002,36,60.8,61.84,60.53,1500283158,1846
2012-11-16,10000002,37,139.2,140.5,138.5,359357518,1388
2012-11-16,10000002,38,723.79,726.99,719,91229525,1451
2012-11-16,10000002,39,807.58,819.88,795.14,28033822,1054
2012-11-16,10000002,40,2300,2323.27,2214.09,10193619,934
2012-11-16,10000002,11399,7778.4,7999.91,7183.88,3993737,326
2012-11-17,10000002,34,6.2,6.22,6.1,30532534872,3597
2012-11-17,10000002,35,13.14,13.25,12.96,5029208732,2426
2012-11-17,10000002,36,60.92,61.49,60.79,1665835885,2142
2012-11-17,10000002,37,144,149.96,135.6,517461857,1796
2012-11-17,10000002,38,734.73,735,722.14,84325122,1728
2012-11-17,10000002,39,820.99,822,799.38,41821303,1331
2012-11-17,10000002,40,2269.07,2305.99,2227.08,15743647,1289
2012-11-17,10000002,11399,7306.33,7700,7302.21,2336897,405
2012-11-18,10000002,34,6.11,6.15,6.08,29297176450,3856
2012-11-18,10000002,35,12.88,12.98,12.77,5381105869,2611
2012-11-18,10000002,36,60.6,61.04,60.55,1934393509,2370
2012-11-18,10000002,37,138.26,139.93,137.01,357005097,1868
2012-11-18,10000002,38,750,762.28,731.69,114221908,2104
2012-11-18,10000002,39,815.1,834.99,810,47948417,1370
2012-11-18,10000002,40,2227.19,2293.96,2209.3,20151158,1385
2012-11-18,10000002,11399,7449.96,7699.99,7301.7,3058087,448
2012-11-19,10000002,34,6.15,6.2,6.12,23662925670,3215
2012-11-19,10000002,35,13,13.18,12.85,5421765646,2200
2012-11-19,10000002,36,61.08,61.18,60.21,1838856053,1997
2012-11-19,10000002,37,138.88,139.99,137.45,332850182,1507
2012-11-19,10000002,38,755.15,761.85,750.74,122297407,1652
2012-11-19,10000002,39,834,845.97,827.46,34770982,1225
2012-11-19,10000002,40,2291.92,2293.01,2288.99,13144422,1155
2012-11-19,10000002,11399,7888.02,7888.04,7887.1,1153262,356
2012-11-20,10000002,34,6.16,6.22,6.14,24235231149,3140
2012-11-20,10000002,35,13.12,13.16,12.97,3891463432,2035
2012-11-20,10000002,36,60.39,61.45,60.18,1526394014,1856
2012-11-20,10000002,37,149.14,154.44,145.3,354379115,1448
2012-11-20,10000002,38,792.21,831.85,785,92243380,1668
2012-11-20,10000002,39,826.98,842.07,826.3,34704175,1197
2012-11-20,10000002,40,2241,2280,2236.06,20318739,1207
2012-11-20,10000002,11399,8230.16,8899.98,7998.92,3034130,344
2012-11-21,10000002,34,6.2,6.25,6.12,21022893019,2820
2012-11-21,10000002,35,13.1,13.15,13.08,5485755963,2077
2012-11-21,10000002,36,61.35,61.44,60.34,1628027296,1850
2012-11-21,10000002,37,149.17,150.1,147.01,301237836,1476
2012-11-21,10000002,38,830.86,830.86,830.86,115060283,1499
2012-11-21,10000002,39,843,844,826.27,32155490,1068
2012-11-21,10000002,40,2236.02,2236.02,2236,35745503,1042
2012-11-21,10000002,11399,8800.02,9008.98,8711.03,1331474,300
2012-11-22,10000002,34,6.23,6.29,6.21,31249969088,3122
2012-11-22,10000002,35,13.25,13.35,13.22,5760047374,2023
2012-11-22,10000002,36,61.67,61.86,61.5,1980331843,1808
2012-11-22,10000002,37,154.84,155.92,151.07,448872971,1463
2012-11-22,10000002,38,820.51,832.99,810,92772875,1559
2012-11-22,10000002,39,832.04,845.98,826.59,34177034,1117
2012-11-22,10000002,40,2200,2289.98,2160,13791389,1041
2012-11-22,10000002,11399,8979.97,8995.98,8700.18,1412718,313
2012-11-23,10000002,34,6.23,6.32,6.2,26917373901,3328
2012-11-23,10000002,35,13.31,13.42,13.3,5135284406,2212
2012-11-23,10000002,36,61.61,62.15,61.56,2040865601,1964
2012-11-23,10000002,37,156.04,156.58,155.18,410094486,1498
2012-11-23,10000002,38,814,834.87,812.38,153828564,1814
2012-11-23,10000002,39,846,875.05,839.02,24095021,1168
2012-11-23,10000002,40,2280,2298.69,2243.98,11124032,1133
2012-11-23,10000002,11399,8311.31,8332,8311.31,2060120,288
2012-11-24,10000002,34,6.19,6.22,6.12,24653810600,3425
2012-11-24,10000002,35,13.19,13.22,13.13,6030353862,2269
2012-11-24,10000002,36,61.46,61.9,61.44,1729224047,2056
2012-11-24,10000002,37,155.41,156.01,155.26,398202453,1595
2012-11-24,10000002,38,815.14,817,813.08,143549757,1805
2012-11-24,10000002,39,851.04,870.34,840.33,26275596,1314
2012-11-24,10000002,40,2218,2274.93,2213.63,13107561,1279
2012-11-24,10000002,11399,8297.92,8349.99,8000,2089294,401
2012-11-25,10000002,34,6.21,6.29,6.14,38292691226,3826
2012-11-25,10000002,35,13.24,13.53,13.21,7292369405,2484
2012-11-25,10000002,36,61.51,62.1,60.32,2684077735,2297
2012-11-25,10000002,37,152.5,155.42,149,907793430,1861
2012-11-25,10000002,38,796,816.56,782.19,149158915,2044
2012-11-25,10000002,39,843.52,868.84,841.11,40918793,1405
2012-11-25,10000002,40,2211.75,2274.79,2191,19766665,1329
2012-11-25,10000002,11399,8010.2,8489.95,8000,2364061,405
2012-11-26,10000002,34,6.16,6.2,6.14,27769721735,3069
2012-11-26,10000002,35,13.16,13.21,12.96,5209964905,2113
2012-11-26,10000002,36,61.34,61.53,60.4,1408600591,1897
2012-11-26,10000002,37,166.54,170,160,735183692,1549
2012-11-26,10000002,38,802.5,814.76,800.88,106006173,1638
2012-11-26,10000002,39,848,864.27,840.3,26743698,1123
2012-11-26,10000002,40,2237.85,2273.92,2211.05,14561876,1126
2012-11-26,10000002,11399,8487.99,8497,8200.23,1310550,310
2012-11-27,10000002,34,6.14,6.2,6.09,23287966446,3106
2012-11-27,10000002,35,13.32,13.51,13.24,4052102384,2057
2012-11-27,10000002,36,60.53,61.17,60.49,1872188565,1892
2012-11-27,10000002,37,170.01,171.83,166.03,380344950,1612
2012-11-27,10000002,38,797.03,807.99,790,129783385,1669
2012-11-27,10000002,39,819.86,833.49,799.02,35514009,1255
2012-11-27,10000002,40,2258.06,2269.6,2194.44,14073417,1173
2012-11-27,10000002,11399,8594.84,8595.85,8290.11,948761,310
2012-11-28,10000002,34,6.18,6.22,6.1,34695822799,3114
2012-11-28,10000002,35,13.41,13.48,13.36,6006561807,2142
2012-11-28,10000002,36,60.61,61.35,60.55,1722849556,1936
2012-11-28,10000002,37,170.2,171.9,165.76,441243865,1543
2012-11-28,10000002,38,806.48,807.77,789.12,109589163,1681
2012-11-28,10000002,39,847,849.99,811.58,46698703,1242
2012-11-28,10000002,40,2194.44,2198.22,2192,24313262,1116
2012-11-28,10000002,11399,8291.63,8399.99,8000.02,2523640,340
2012-11-29,10000002,34,6.18,6.22,6.11,27446035342,3041
2012-11-29,10000002,35,13.57,13.84,13.47,4700798498,2055
2012-11-29,10000002,36,61.02,62,60.75,1747601694,1982
2012-11-29,10000002,37,187.13,194.9,181.63,395543300,1538
2012-11-29,10000002,38,807.97,813.46,793.96,96722102,1632
2012-11-29,10000002,39,844.91,847.99,821.03,33621781,1089
2012-11-29,10000002,40,2199.92,2199.98,2130,17509790,1009
2012-11-29,10000002,11399,8376.97,8380,7991.92,1604272,371
2012-11-30,10000002,34,6.19,6.24,6.16,32860521364,3193
2012-11-30,10000002,35,13.62,13.75,13.6,6912064344,2296
2012-11-30,10000002,36,61.73,62.44,60.77,1916209734,2133
2012-11-30,10000002,37,200,209.94,190.08,1053268804,1841
2012-11-30,10000002,38,813.97,814.65,794.94,85052624,1668
2012-11-30,10000002,39,844.44,844.7,840.08,36193101,1227
2012-11-30,10000002,40,2160.25,2246.82,2151.02,14123532,1140
2012-11-30,10000002,11399,8010.04,8365.98,8000.01,1508443,342
2012-12-01,10000002,34,6.17,6.21,6.13,34422849936,3535
2012-12-01,10000002,35,13.63,13.67,13.45,7598790935,2557
2012-12-01,10000002,36,61.01,61.89,60.83,2180202630,2242
2012-12-01,10000002,37,178.82,179.96,170.44,385145198,1707
2012-12-01,10000002,38,810,812.83,800.06,86340316,1721
2012-12-01,10000002,39,849.56,850.01,849.5,31182290,1244
2012-12-01,10000002,40,2234.98,2240,2210.18,11525764,1156
2012-12-01,10000002,11399,8308.11,8308.5,8010.85,1232491,337
2012-12-02,10000002,34,6.21,6.29,6.17,36485243469,3845
2012-12-02,10000002,35,13.5,13.88,13.22,5454652718,2595
2012-12-02,10000002,36,60.99,61.67,59.6,2054874537,2380
2012-12-02,10000002,37,185.77,186.02,180.07,505790272,1892
2012-12-02,10000002,38,798.01,822,796,138411993,2040
2012-12-02,10000002,39,851.23,862,848.7,51378812,1411
2012-12-02,10000002,40,2167.97,2254,2152.01,32688023,1434
2012-12-02,10000002,11399,8150.02,8380,7998.97,5360220,568
2012-12-03,10000002,34,6.17,6.23,6.12,31219673947,3159
2012-12-03,10000002,35,13.67,13.89,13.57,5508392516,2163
2012-12-03,10000002,36,60.85,61.16,60,2055677233,2062
2012-12-03,10000002,37,179.99,186.02,170.28,424179623,1612
2012-12-03,10000002,38,799.98,808.96,792.27,112402413,1615
2012-12-03,10000002,39,864.03,869.01,848.47,35223468,1211
2012-12-03,10000002,40,2240,2259.95,2139.72,12235158,1174
2012-12-03,10000002,11399,7973.21,8098.64,7561.27,1411537,299
2012-12-04,10000002,34,6.26,6.3,6.19,24501201306,3748
2012-12-04,10000002,35,14.43,14.56,14.12,4339647847,2671
2012-12-04,10000002,36,59.58,61.37,59.29,1476214828,2433
2012-12-04,10000002,37,178.89,180.23,172.11,313951054,2226
2012-12-04,10000002,38,804.7,807,782.53,82039040,2198
2012-12-04,10000002,39,837.01,863.78,829.28,36363293,1830
2012-12-04,10000002,40,2135.22,2206.96,2056.09,22009776,1721
2012-12-04,10000002,11399,7560.01,7576,7558.41,2331932,257
2012-12-05,10000002,34,6.19,6.26,6.12,34606054772,3703
2012-12-05,10000002,35,14.06,14.41,13.74,5004035503,2550
2012-12-05,10000002,36,59.73,60.37,59.54,1342365175,2206
2012-12-05,10000002,37,172.33,177.97,172.09,352699981,1864
2012-12-05,10000002,38,795.07,796.92,780.08,82800115,1856
2012-12-05,10000002,39,863.99,865.9,841.02,28171363,1471
2012-12-05,10000002,40,2042.29,2157.56,2031.57,16221868,1366
2012-12-05,10000002,11399,7946,7995.99,7556.41,3137807,359
2012-12-06,10000002,34,6.12,6.18,6.09,30056367166,3866
2012-12-06,10000002,35,13.56,13.66,13.5,4575561366,2529
2012-12-06,10000002,36,59.9,60.08,59.85,1295178376,2161
2012-12-06,10000002,37,170,175.26,166.89,247767915,1589
2012-12-06,10000002,38,793.92,794.85,779.04,62185542,1745
2012-12-06,10000002,39,847.96,855.97,840.06,28853397,1218
2012-12-06,10000002,40,2150,2170,2075,12898356,1173
2012-12-06,10000002,11399,7550.07,7874.27,4873.99,2197303,336
2012-12-07,10000002,34,6.12,6.18,6.11,16745761079,3941
2012-12-07,10000002,35,13.21,13.4,13.06,3798256713,2616
2012-12-07,10000002,36,60.22,60.75,59.92,1698016054,2359
2012-12-07,10000002,37,164.98,168.45,155.33,325117439,1651
2012-12-07,10000002,38,773.01,779.04,753.04,155544243,1743
2012-12-07,10000002,39,835.4,855.9,834.52,44698097,1201
2012-12-07,10000002,40,2150.01,2169.95,2098.41,19004204,1143
2012-12-07,10000002,11399,7303.15,7795.43,7222.66,1993285,359
2012-12-08,10000002,34,6.18,6.2,6.14,27431516690,4632
2012-12-08,10000002,35,13.43,13.46,13.39,4898953471,3159
2012-12-08,10000002,36,60.43,61.32,60.22,1362774457,2695
2012-12-08,10000002,37,167.06,168.9,162.23,355519520,2018
2012-12-08,10000002,38,782.98,788.37,778.01,122032198,2060
2012-12-08,10000002,39,841.62,847.89,825,45934139,1550
2012-12-08,10000002,40,2169.04,2188.76,2108.16,25395919,1419
2012-12-08,10000002,11399,7588.05,7594.98,7246,2516575,407
2012-12-09,10000002,34,6.16,6.2,6.14,25644439748,5094
2012-12-09,10000002,35,13.52,13.66,13.48,5483105119,3477
2012-12-09,10000002,36,60.48,61.25,60.36,2000355416,3094
2012-12-09,10000002,37,168.86,170,164.47,341590819,2198
2012-12-09,10000002,38,789.97,794.93,774.54,105244119,2420
2012-12-09,10000002,39,825,838.96,811.3,42673171,1687
2012-12-09,10000002,40,2198,2201.73,2184.44,15923841,1494
2012-12-09,10000002,11399,7547.67,7560,7311.1,2221996,455
2012-12-10,10000002,34,6.13,6.15,6.12,24524519181,4038
2012-12-10,10000002,35,13.31,13.5,13.2,4317202949,2731
2012-12-10,10000002,36,60.2,60.62,59.94,1312133256,2384
2012-12-10,10000002,37,165.65,167.63,165.55,289256859,1770
2012-12-10,10000002,38,791.24,792.99,784.44,71586798,1879
2012-12-10,10000002,39,817.69,824.83,804,29334534,1292
2012-12-10,10000002,40,2200,2219,2195.11,14025290,1157
2012-12-10,10000002,11399,7247.17,7499.99,7000,2727361,355
2012-12-11,10000002,34,6.07,6.11,6.04,23895474239,3801
2012-12-11,10000002,35,13.35,13.4,13.23,4390960006,2682
2012-12-11,10000002,36,60.09,60.58,59.96,1157897003,2294
2012-12-11,10000002,37,166.62,168.47,166.18,254445514,1599
2012-12-11,10000002,38,778.48,790.76,777.2,71997552,1753
2012-12-11,10000002,39,840.19,841,815.17,48934369,1249
2012-12-11,10000002,40,2210.2,2259.99,2198.3,12387297,1063
2012-12-11,10000002,11399,7251.2,7497.25,7101.11,1910007,360
2012-12-12,10000002,34,6.07,6.11,6.05,29387846989,3996
2012-12-12,10000002,35,13.65,13.98,13.49,5604439016,2779
2012-12-12,10000002,36,60.19,60.43,60.04,1563465331,2463
2012-12-12,10000002,37,167.92,168.48,166.14,300300421,1638
2012-12-12,10000002,38,779.8,789.07,779.37,79803354,1843
2012-12-12,10000002,39,815.8,839.93,807.4,53715083,1287
2012-12-12,10000002,40,2214.1,2260.93,2210.06,10644814,1127
2012-12-12,10000002,11399,7288.71,7488.71,7057.69,1860789,379
2012-12-13,10000002,34,6.13,6.19,6.1,31607863628,3961
2012-12-13,10000002,35,14.2,14.73,14.06,5717435494,2907
2012-12-13,10000002,36,61.52,62,60.34,1860548770,2460
2012-12-13,10000002,37,168.14,173.33,166.26,326251094,1710
2012-12-13,10000002,38,779.4,784.41,776,146136160,1890
2012-12-13,10000002,39,820,823.2,811.01,28556033,1211
2012-12-13,10000002,40,2258.88,2259.87,2253.03,14443897,1148
2012-12-13,10000002,11399,7485.63,7487.99,7478,1017901,334
2012-12-14,10000002,34,6.1,6.12,6.08,25157586638,3798
2012-12-14,10000002,35,14.25,14.49,14.22,5178157722,2672
2012-12-14,10000002,36,60.44,61.5,60.33,1562458134,2242
2012-12-14,10000002,37,168.65,170,166.19,331668264,1617
2012-12-14,10000002,38,774.49,775,774.47,95519243,1722
2012-12-14,10000002,39,807.01,807.04,807.01,53640533,1290
2012-12-14,10000002,40,2210.03,2240,2210.02,20383020,1105
2012-12-14,10000002,11399,7300.23,7479.97,7102.21,1987780,405
2012-12-15,10000002,34,6.13,6.16,6.11,26159404171,4453
2012-12-15,10000002,35,14.61,14.7,14.52,5237663079,2979
2012-12-15,10000002,36,60.23,60.54,60.19,1636605572,2580
2012-12-15,10000002,37,169.4,169.79,167.03,352327770,1864
2012-12-15,10000002,38,764.93,768.88,745.01,114491019,2201
2012-12-15,10000002,39,809.99,810.44,802.2,30768856,1408
2012-12-15,10000002,40,2244.44,2258.35,2210.02,19652735,1277
2012-12-15,10000002,11399,7345.92,7349.67,7000.02,1956288,390
2012-12-16,10000002,34,6.21,6.26,6.17,31467555376,4818
2012-12-16,10000002,35,14.73,14.8,14.66,6504930720,3297
2012-12-16,10000002,36,60.23,60.45,60.22,1993111125,2889
2012-12-16,10000002,37,169.96,173.98,169.64,417884096,2133
2012-12-16,10000002,38,769.99,779.75,768,88449454,2220
2012-12-16,10000002,39,810.56,823.05,795.21,46547685,1591
2012-12-16,10000002,40,2225,2259.58,2220.14,18901551,1417
2012-12-16,10000002,11399,7100.01,7288.88,7010.03,2084743,436
2012-12-17,10000002,34,6.23,6.3,6.19,30820781487,3864
2012-12-17,10000002,35,14.61,14.85,14.5,6199848041,2628
2012-12-17,10000002,36,60.55,61.02,60.33,1680716560,2362
2012-12-17,10000002,37,172.98,175.99,170,402639566,1744
2012-12-17,10000002,38,778.9,781,770.02,83131088,1824
2012-12-17,10000002,39,834.55,838,796.5,28330581,1213
2012-12-17,10000002,40,2220.12,2287.97,2211.02,16135687,1091
2012-12-17,10000002,11399,7165.97,7167,7013,1522536,365
2012-12-18,10000002,34,6.26,6.3,6.24,42548819035,3729
2012-12-18,10000002,35,14.84,14.89,14.83,4755171023,2504
2012-12-18,10000002,36,61.01,61.43,60.98,1881889233,2284
2012-12-18,10000002,37,173.07,173.86,173.06,375457565,1650
2012-12-18,10000002,38,776,785.87,769.67,71857985,1763
2012-12-18,10000002,39,815.35,837.78,815.21,19613245,1245
2012-12-18,10000002,40,2225.35,2269.93,2221.32,10779428,1127
2012-12-18,10000002,11399,7000.03,7163.42,6750.35,1637294,367
2012-12-19,10000002,34,6.18,6.28,6.13,31853950627,3588
2012-12-19,10000002,35,14.65,14.71,14.32,4374020852,2393
2012-12-19,10000002,36,60.55,60.7,60.53,1633997123,2185
2012-12-19,10000002,37,174.4,178.17,174,252581830,1538
2012-12-19,10000002,38,772.1,775.08,769.51,85357151,1642
2012-12-19,10000002,39,830.09,836.63,821,20473304,1147
2012-12-19,10000002,40,2260,2269.85,2221.59,14723119,1086
2012-12-19,10000002,11399,7006.99,7044.24,6795.15,1120022,328
2012-12-20,10000002,34,6.18,6.22,6.16,35845214499,3810
2012-12-20,10000002,35,14,14.16,13.91,4322605465,2484
2012-12-20,10000002,36,60.65,61.24,60.53,2114129084,2398
2012-12-20,10000002,37,177.24,179.99,174.56,387432068,1669
2012-12-20,10000002,38,778.27,784.76,769.21,97778196,1820
2012-12-20,10000002,39,815.25,831.87,800.29,50807346,1257
2012-12-20,10000002,40,2221.47,2287.09,2221,27124185,1184
2012-12-20,10000002,11399,6797,6993.97,6729,2825989,437
2012-12-21,10000002,34,6.12,6.15,6.07,25007943933,3604
2012-12-21,10000002,35,14.07,14.16,13.98,4329452792,2411
2012-12-21,10000002,36,60.1,60.37,59.79,1245680373,2150
2012-12-21,10000002,37,175.16,178.81,175.04,391327319,1681
2012-12-21,10000002,38,776,787.92,769.88,97885000,1781
2012-12-21,10000002,39,816.31,840,795.6,42610121,1296
2012-12-21,10000002,40,2279.99,2295,2210.16,27612441,1120
2012-12-21,10000002,11399,6985.87,6987.96,6451.01,2133538,366
2012-12-22,10000002,34,6.09,6.15,6.06,31572347001,4044
2012-12-22,10000002,35,14.1,14.2,14.01,5568658930,2513
2012-12-22,10000002,36,59.95,60.13,58.61,1775534926,2302
2012-12-22,10000002,37,173,176.51,170.02,430034911,1838
2012-12-22,10000002,38,783.4,793,770.06,99122761,1963
2012-12-22,10000002,39,844.48,846.98,800.24,33002419,1352
2012-12-22,10000002,40,2249.02,2296.23,2210.07,22886484,1289
2012-12-22,10000002,11399,6982.87,6982.99,6700.02,1357424,372
2012-12-23,10000002,34,6.08,6.15,6.06,34541583142,4207
2012-12-23,10000002,35,13.96,14.12,13.79,4532554213,2763
2012-12-23,10000002,36,60.17,60.63,60.03,2035983386,2608
2012-12-23,10000002,37,167.99,170.77,166.1,262878459,1742
2012-12-23,10000002,38,784,792.99,774.75,77414187,1934
2012-12-23,10000002,39,820.01,839.98,808.02,27943415,1318
2012-12-23,10000002,40,2133.92,2264.25,2102,17037330,1244
2012-12-23,10000002,11399,6798,6799.97,6701.01,2070450,404
2012-12-24,10000002,34,6.05,6.07,6.04,23416393968,3452
2012-12-24,10000002,35,13.76,13.79,13.71,4824031988,2378
2012-12-24,10000002,36,60.01,60.11,58.52,1474379895,2127
2012-12-24,10000002,37,165.87,166.17,160.68,297609703,1503
2012-12-24,10000002,38,774.55,785.98,774.47,75278318,1660
2012-12-24,10000002,39,822.02,829.97,815.25,39479858,1158
2012-12-24,10000002,40,2186.38,2199.19,2161,18817462,1127
2012-12-24,10000002,11399,6740.17,6966,6654.01,1270392,310
2012-12-25,10000002,34,6.03,6.08,5.96,24571378406,3246
2012-12-25,10000002,35,13.82,13.95,13.76,4761760953,2222
2012-12-25,10000002,36,58.7,59.45,58.5,1296717724,2001
2012-12-25,10000002,37,162.98,164.63,160.18,263993127,1447
2012-12-25,10000002,38,774.47,783.65,769.01,65665475,1497
2012-12-25,10000002,39,809.12,824.45,800.52,44995731,1085
2012-12-25,10000002,40,2134.44,2195.99,2134.37,14603526,1043
2012-12-25,10000002,11399,6950,6963.97,6702.05,1440020,304
2012-12-26,10000002,34,5.97,6.02,5.85,19837901163,3476
2012-12-26,10000002,35,13.78,13.95,13.7,4848734816,2481
2012-12-26,10000002,36,58.99,59.35,58.75,1304365729,2180
2012-12-26,10000002,37,164.87,165.42,160.57,267242394,1576
2012-12-26,10000002,38,782.06,788.75,770.04,71242026,1707
2012-12-26,10000002,39,816,819.71,796.04,28444595,1236
2012-12-26,10000002,40,2195,2196.77,2106.18,14623608,1128
2012-12-26,10000002,11399,6704,6963.88,6606,1994424,359
2012-12-27,10000002,34,5.97,6,5.91,24182550793,3787
2012-12-27,10000002,35,13.8,13.86,13.75,5195962593,2627
2012-12-27,10000002,36,56.94,57.78,56.76,1792162663,2300
2012-12-27,10000002,37,159.84,164.19,157.8,316025918,1671
2012-12-27,10000002,38,768.31,777.81,757,97048149,1880
2012-12-27,10000002,39,802.73,818.78,798.21,32145112,1360
2012-12-27,10000002,40,2192.98,2197.9,2121.48,14638435,1263
2012-12-27,10000002,11399,6976.93,6985.88,6710.06,2137528,384
2012-12-28,10000002,34,5.92,5.97,5.9,26579246637,3608
2012-12-28,10000002,35,13.64,13.69,13.47,4445866252,2435
2012-12-28,10000002,36,57,57.81,56.64,1525834054,2238
2012-12-28,10000002,37,159.5,159.95,158.09,302894998,1551
2012-12-28,10000002,38,770.45,770.78,760,81718811,1726
2012-12-28,10000002,39,802.1,816,795.22,28843917,1254
2012-12-28,10000002,40,2205,2259.95,2190,16023046,1176
2012-12-28,10000002,11399,6998.94,7000,6850,1855573,348
2012-12-29,10000002,34,5.95,5.98,5.93,28341312516,3974
2012-12-29,10000002,35,13.65,13.69,13.59,5797682402,2744
2012-12-29,10000002,36,57.5,57.75,56.84,1868904091,2467
2012-12-29,10000002,37,159,159.72,157.6,353911675,1800
2012-12-29,10000002,38,769.85,770.93,765.5,93872986,1995
2012-12-29,10000002,39,803.02,818.69,797.41,30167488,1388
2012-12-29,10000002,40,2264,2274.99,2191,13958542,1260
2012-12-29,10000002,11399,7192.78,7323.86,6880.06,2064982,410
2012-12-30,10000002,34,5.91,5.97,5.88,33435489762,4168
2012-12-30,10000002,35,13.63,13.77,13.58,5095357336,2809
2012-12-30,10000002,36,56.94,57.69,56.59,1920660444,2603
2012-12-30,10000002,37,157.45,159,157.29,475782709,1972
2012-12-30,10000002,38,769.9,778,760,124145020,2086
2012-12-30,10000002,39,802.9,804.35,791.39,48358884,1508
2012-12-30,10000002,40,2190.39,2199.02,2103,22987446,1364
2012-12-30,10000002,11399,7229.99,7249.99,7007,1969862,390
2012-12-31,10000002,34,5.96,5.99,5.91,23534815291,3463
2012-12-31,10000002,35,13.56,13.7,13.27,4544216800,2391
2012-12-31,10000002,36,57.18,57.38,56.18,1457002328,2121
2012-12-31,10000002,37,159.5,160.49,155.5,259296637,1622
2012-12-31,10000002,38,770.12,783.51,750.88,68097426,1800
2012-12-31,10000002,39,804.19,804.46,791.97,29574984,1244
2012-12-31,10000002,40,2190,2197.87,2108.19,11294118,1157
2012-12-31,10000002,11399,7100,7200,7009.25,1262794,371
2013-01-01,10000002,34,5.94,5.97,5.92,19573228350,3487
2013-01-01,10000002,35,13.45,13.5,13.41,3734197438,2378
2013-01-01,10000002,36,55.29,56.56,55.02,1217448840,2102
2013-01-01,10000002,37,156.55,158.99,155.67,219341289,1560
2013-01-01,10000002,38,766,770,760.21,80306004,1742
2013-01-01,10000002,39,804.43,804.48,792.52,31834515,1317
2013-01-01,10000002,40,2182,2193.88,2150,13791178,1226
2013-01-01,10000002,11399,7028.02,7244,7012.17,2046347,368
2013-01-02,10000002,34,5.99,6.04,5.94,39274267727,4399
2013-01-02,10000002,35,13.54,13.7,13.51,6065245072,2930
2013-01-02,10000002,36,54.41,55.29,52.4,1652270778,2446
2013-01-02,10000002,37,155.81,157.83,152.15,457354218,1914
2013-01-02,10000002,38,767.34,775.66,764.05,108209859,2043
2013-01-02,10000002,39,804.45,804.49,800,45122288,1543
2013-01-02,10000002,40,2192.77,2193.69,2155.54,14649887,1385
2013-01-02,10000002,11399,7246.98,7249.72,7093.01,1759000,415
2013-01-03,10000002,34,5.98,6.01,5.95,24170324294,3794
2013-01-03,10000002,35,13.66,13.73,13.61,4657627285,2792
2013-01-03,10000002,36,53.6,54.38,53.19,1588914889,2390
2013-01-03,10000002,37,155.99,157.91,154.59,375865729,1797
2013-01-03,10000002,38,765.25,778.02,765.01,78071388,1895
2013-01-03,10000002,39,803.85,804.48,802.08,37228687,1442
2013-01-03,10000002,40,2188.85,2190.97,2153.59,15285031,1325
2013-01-03,10000002,11399,7249.81,7333.96,7133.17,1686064,404
2013-01-04,10000002,34,6.01,6.04,5.99,33219379953,3958
2013-01-04,10000002,35,13.84,13.91,13.79,6962540247,2737
2013-01-04,10000002,36,54.47,55,54.4,2174029467,2435
2013-01-04,10000002,37,155,159,150.18,360995958,1831
2013-01-04,10000002,38,764.1,772.9,747.66,135594300,1993
2013-01-04,10000002,39,795,798.98,792.72,44043949,1384
2013-01-04,10000002,40,2154.89,2188.78,2109.55,23622240,1353
2013-01-04,10000002,11399,7333.94,7333.96,7139.77,4324813,427
2013-01-05,10000002,34,5.98,6.05,5.94,32982039612,4167
2013-01-05,10000002,35,13.84,13.98,13.72,6673098965,2873
2013-01-05,10000002,36,54.78,55.43,54.25,2023177140,2604
2013-01-05,10000002,37,156.94,158.85,153.01,338395523,1926
2013-01-05,10000002,38,771.57,771.91,755.01,108126157,2070
2013-01-05,10000002,39,798.99,799,793.13,55470437,1609
2013-01-05,10000002,40,2190,2255,2161,26181205,1554
2013-01-05,10000002,11399,7138,7185.12,7129.06,3277950,466
2013-01-06,10000002,34,5.99,6.01,5.95,31302011309,4596
2013-01-06,10000002,35,13.75,13.81,13.73,5852282901,2990
2013-01-06,10000002,36,54.9,55.14,54.81,1891015261,2785
2013-01-06,10000002,37,152.87,155.3,151.42,343130816,1976
2013-01-06,10000002,38,760.12,767.92,755.17,101691468,2234
2013-01-06,10000002,39,793.14,808,790.91,47797932,1612
2013-01-06,10000002,40,2178.16,2218.48,2177.44,25357017,1513
2013-01-06,10000002,11399,6997.95,7091.94,6799.98,2154738,451
2013-01-07,10000002,34,6,6.05,5.97,43312658310,4095
2013-01-07,10000002,35,13.8,13.86,13.61,5947033881,2815
2013-01-07,10000002,36,54.87,55.19,54.76,2016578917,2456
2013-01-07,10000002,37,153.98,155.45,151.33,329524920,1873
2013-01-07,10000002,38,767.56,771,761.03,111125175,1976
2013-01-07,10000002,39,790.03,799,776,31620759,1410
2013-01-07,10000002,40,2111.88,2189.9,2110,19825527,1308
2013-01-07,10000002,11399,6710.99,6784.88,6574.03,2807008,460
2013-01-08,10000002,34,6.05,6.08,6,34861594865,3966
2013-01-08,10000002,35,13.91,13.95,13.8,5998449732,2525
2013-01-08,10000002,36,55.51,55.74,54.51,2131529808,2415
2013-01-08,10000002,37,155.36,155.84,153.38,378479934,1770
2013-01-08,10000002,38,777.99,788.99,763.59,124771092,1941
2013-01-08,10000002,39,780.29,796,773.3,42393373,1356
2013-01-08,10000002,40,2115,2188.09,2109.9,19408133,1223
2013-01-08,10000002,11399,6552.01,6709,6500,3319137,416
2013-01-09,10000002,34,6.02,6.07,5.94,32064271116,3443
2013-01-09,10000002,35,14,14.08,13.85,6694774970,2450
2013-01-09,10000002,36,54.66,55.34,54.14,1871914332,2310
2013-01-09,10000002,37,153.91,155,153.61,290826593,1615
2013-01-09,10000002,38,782.74,785.63,776.51,108715632,1772
2013-01-09,10000002,39,793,794.98,791,37318367,1281
2013-01-09,10000002,40,2120.58,2160.46,2109.92,42661345,1161
2013-01-09,10000002,11399,6679.77,6679.87,6400.19,1701351,387
2013-01-10,10000002,34,5.93,6,5.9,22506263816,2822
2013-01-10,10000002,35,14.04,14.14,13.99,4197987583,2004
2013-01-10,10000002,36,54.35,55.53,53.78,1149698324,1746
2013-01-10,10000002,37,153.55,154.13,152.32,214407736,1301
2013-01-10,10000002,38,771.1,789.99,767.54,59511548,1429
2013-01-10,10000002,39,800,805.91,792.1,20138327,1053
2013-01-10,10000002,40,2131.03,2180.22,2051.21,12886099,960
2013-01-10,10000002,11399,6679.77,6704,6500.03,2586897,372
2013-01-11,10000002,34,5.98,6.04,5.96,33900006325,3610
2013-01-11,10000002,35,14.07,14.27,13.95,7074895711,2511
2013-01-11,10000002,36,54.21,54.73,54.06,1761006072,2314
2013-01-11,10000002,37,152,152.39,150.14,327800434,1724
2013-01-11,10000002,38,773.07,780.89,772.02,102615641,1834
2013-01-11,10000002,39,790.14,791.25,787.09,47321427,1331
2013-01-11,10000002,40,2110,2172.81,2070.08,22194038,1266
2013-01-11,10000002,11399,6880.02,7251,6400,3264346,493
2013-01-12,10000002,34,5.9,5.99,5.83,34401627026,4310
2013-01-12,10000002,35,13.94,14.02,13.88,6558681140,3010
2013-01-12,10000002,36,54.85,54.9,53.98,2676047620,2844
2013-01-12,10000002,37,152.39,152.49,151.03,421378667,2078
2013-01-12,10000002,38,774.79,781.06,767.48,106650978,2309
2013-01-12,10000002,39,779.97,789.93,770.44,47426598,1669
2013-01-12,10000002,40,2116.96,2118.77,2074.09,23834684,1512
2013-01-12,10000002,11399,6798.99,6875.98,6610,3649176,532
2013-01-13,10000002,34,6,6.04,5.97,39713626437,4632
2013-01-13,10000002,35,13.98,14.04,13.92,7265893645,3143
2013-01-13,10000002,36,54.7,54.98,53.89,2067284967,2832
2013-01-13,10000002,37,152.52,152.89,152.33,442101924,2156
2013-01-13,10000002,38,781.58,791,777.62,109662663,2375
2013-01-13,10000002,39,784.8,785.71,770.77,37842481,1685
2013-01-13,10000002,40,2080,2112.33,2075,22840180,1683
2013-01-13,10000002,11399,7000,7193.81,6700.07,2638994,478
2013-01-14,10000002,34,5.99,6.01,5.95,35362600483,3649
2013-01-14,10000002,35,13.95,14.04,13.91,5049041717,2476
2013-01-14,10000002,36,54,54.45,53.96,2115379090,2282
2013-01-14,10000002,37,152.68,152.99,152.44,391916557,1732
2013-01-14,10000002,38,781.66,792.19,781.25,106490338,1882
2013-01-14,10000002,39,785.46,785.66,770.03,49941254,1366
2013-01-14,10000002,40,2090,2107.98,2025.11,14772502,1261
2013-01-14,10000002,11399,7074.99,7096.87,6730.25,2415274,439
2013-01-15,10000002,34,5.94,5.97,5.92,22445275739,3318
2013-01-15,10000002,35,13.95,14,13.92,4537258734,2337
2013-01-15,10000002,36,53.79,54.01,53.71,1362471937,2113
2013-01-15,10000002,37,150.38,152.22,150.26,222427826,1598
2013-01-15,10000002,38,776.05,779.66,764.44,76991668,1779
2013-01-15,10000002,39,765.13,782,765.04,57419086,1258
2013-01-15,10000002,40,2083.98,2104.74,2041.03,18077306,1293
2013-01-15,10000002,11399,6860,6948.95,6800,1602349,410
2013-01-16,10000002,34,5.88,5.99,5.86,33093878352,3549
2013-01-16,10000002,35,14.01,14.07,13.9,5338777457,2361
2013-01-16,10000002,36,53.68,53.99,53.47,1772728973,2139
2013-01-16,10000002,37,149.94,152.09,148.03,395486575,1692
2013-01-16,10000002,38,767,768.66,757.67,102517648,1697
2013-01-16,10000002,39,766.07,784.65,765.39,39321224,1221
2013-01-16,10000002,40,2071,2084,2041.65,14938052,1236
2013-01-16,10000002,11399,6831.01,6945.85,6816,2180061,433
2013-01-17,10000002,34,5.91,5.99,5.86,39232550849,3473
2013-01-17,10000002,35,14.08,14.19,14.03,6155348135,2536
2013-01-17,10000002,36,53.02,53.64,52.04,1713925399,2208
2013-01-17,10000002,37,150.21,151.81,150.07,412131480,1767
2013-01-17,10000002,38,766.18,767,760.02,92352001,1798
2013-01-17,10000002,39,781.68,784.56,778.35,27174172,1300
2013-01-17,10000002,40,2046.54,2085,2040,17160209,1252
2013-01-17,10000002,11399,6930.15,6945.2,6805.46,1497649,366
2013-01-18,10000002,34,5.92,6,5.89,33543409361,3517
2013-01-18,10000002,35,14.13,14.21,14.1,5704407089,2530
2013-01-18,10000002,36,51.94,52.42,51.85,1557234822,2190
2013-01-18,10000002,37,150.18,151.72,150.08,338682791,1675
2013-01-18,10000002,38,765.71,766.12,762.01,91776523,1822
2013-01-18,10000002,39,784.59,784.59,784.57,63322550,1364
2013-01-18,10000002,40,2054.99,2089.99,2045.6,17180325,1244
2013-01-18,10000002,11399,6773.25,6929.08,6599.99,1891557,360
2013-01-19,10000002,34,5.91,5.95,5.86,23613132233,3884
2013-01-19,10000002,35,14.25,14.35,14.2,6672042575,2751
2013-01-19,10000002,36,52.2,53,51.51,1793882251,2399
2013-01-19,10000002,37,150,151.91,149.21,316964944,1842
2013-01-19,10000002,38,773.95,779.97,759.58,98301749,2039
2013-01-19,10000002,39,779.98,785.58,741.45,47130805,1497
2013-01-19,10000002,40,2030.03,2089.86,2019.62,27613951,1380
2013-01-19,10000002,11399,6780,6798,6400.01,2615973,461
2013-01-20,10000002,34,5.91,5.94,5.83,46493966425,4465
2013-01-20,10000002,35,14.31,14.82,14.2,10139558359,3183
2013-01-20,10000002,36,51.54,52.17,51.25,2710014243,2764
2013-01-20,10000002,37,151.79,151.93,147.59,347557805,2016
2013-01-20,10000002,38,765,787.21,762.19,109816597,2140
2013-01-20,10000002,39,749.1,780,747.36,61233896,1609
2013-01-20,10000002,40,2079.98,2081.9,2065.89,16792791,1520
2013-01-20,10000002,11399,6793.93,6794.88,6530.39,1810275,461
2013-01-21,10000002,34,5.97,5.98,5.95,44390682618,3925
2013-01-21,10000002,35,15.18,15.22,15.08,7204308850,2633
2013-01-21,10000002,36,51.92,52.16,51.51,2333402803,2381
2013-01-21,10000002,37,150.12,151.66,149.44,483804392,1814
2013-01-21,10000002,38,766.03,778.89,765.16,92460937,1845
2013-01-21,10000002,39,768,773.87,757.21,44428947,1481
2013-01-21,10000002,40,2090.24,2111.29,2082.54,21927567,1413
2013-01-21,10000002,11399,6601,6792.99,6533.66,2208551,430
2013-01-22,10000002,34,5.95,5.98,5.93,26369455555,3700
2013-01-22,10000002,35,14.87,14.98,14.73,5525315778,2467
2013-01-22,10000002,36,52.61,52.86,52,1808727088,2285
2013-01-22,10000002,37,151.26,152,149.03,345145999,1792
2013-01-22,10000002,38,778.11,783.85,778,110084930,1847
2013-01-22,10000002,39,770,773.85,752.01,48248093,1440
2013-01-22,10000002,40,2093.78,2149.76,2092.56,15653915,1250
2013-01-22,10000002,11399,6733,6733.21,6533.69,1776837,405
2013-01-23,10000002,34,5.97,6,5.91,24355143735,3300
2013-01-23,10000002,35,14.99,15.07,14.96,5780360718,2361
2013-01-23,10000002,36,51.9,52.48,51.81,1975562810,2093
2013-01-23,10000002,37,150,151.23,148.12,459876394,1566
2013-01-23,10000002,38,780,783.45,770.07,111228393,1727
2013-01-23,10000002,39,773.38,774.5,765.15,39848470,1298
2013-01-23,10000002,40,2101.02,2147.12,2092.52,13936904,1205
2013-01-23,10000002,11399,6732.2,6732.26,6532.01,1987144,412
2013-01-24,10000002,34,5.98,6.05,5.89,27450692816,3399
2013-01-24,10000002,35,15.13,15.5,14.98,5766421291,2359
2013-01-24,10000002,36,52.12,52.98,52.06,1910376733,2203
2013-01-24,10000002,37,147,148.76,142.03,488480194,1591
2013-01-24,10000002,38,780.29,784.75,768.08,85187752,1710
2013-01-24,10000002,39,782.32,789.57,762.3,33107434,1268
2013-01-24,10000002,40,2102.34,2137.31,1996.69,13588719,1194
2013-01-24,10000002,11399,6728.88,6729.95,6572.96,1878816,367
2013-01-25,10000002,34,5.93,5.98,5.84,25152086223,3478
2013-01-25,10000002,35,14.74,14.92,14.57,4859654376,2554
2013-01-25,10000002,36,52.4,52.98,52,1778526640,2357
2013-01-25,10000002,37,147.96,148.66,145.22,267591874,1692
2013-01-25,10000002,38,780,784.92,766.33,88733430,1777
2013-01-25,10000002,39,784,789.99,780.44,30855089,1324
2013-01-25,10000002,40,2124.74,2129.99,2070.1,15773936,1253
2013-01-25,10000002,11399,6697.79,6715.95,6520.19,1763788,371
2013-01-26,10000002,34,5.91,5.94,5.83,23576277385,3871
2013-01-26,10000002,35,14.77,14.82,14.68,6456219392,2850
2013-01-26,10000002,36,51.49,52.96,50.73,2378027697,2608
2013-01-26,10000002,37,147.47,148.94,146,419699110,2017
2013-01-26,10000002,38,774,783.84,770,146196396,2070
2013-01-26,10000002,39,779.44,785.52,751.54,45189428,1535
2013-01-26,10000002,40,2080.13,2126.61,2053.63,19668536,1432
2013-01-26,10000002,11399,6694,6700,6525.26,2173653,427
2013-01-27,10000002,34,5.96,6.01,5.86,50233669101,4550
2013-01-27,10000002,35,15.06,15.18,15,8734195120,3156
2013-01-27,10000002,36,51.78,52.99,51.25,3130958813,2899
2013-01-27,10000002,37,147.32,149.4,145.59,552661279,2178
2013-01-27,10000002,38,775.26,780,761.2,144648377,2278
2013-01-27,10000002,39,759.98,774.99,736.55,39904884,1732
2013-01-27,10000002,40,2107.98,2124.95,2012.05,21552726,1606
2013-01-27,10000002,11399,6530.01,6715.91,6309.5,2748138,512
2013-01-28,10000002,34,5.9,5.96,5.84,30228851327,3802
2013-01-28,10000002,35,15.02,15.23,14.92,6347075921,2754
2013-01-28,10000002,36,51.62,52.28,51.11,2299782202,2571
2013-01-28,10000002,37,146.73,147.98,145.38,500205682,1952
2013-01-28,10000002,38,780.95,784.71,763.02,111274020,1985
2013-01-28,10000002,39,765,770,745,35263653,1518
2013-01-28,10000002,40,2099.85,2111.96,2025.53,17563627,1417
2013-01-28,10000002,11399,6698,6714.99,6649.97,1599491,438
2013-01-29,10000002,34,5.9,5.95,5.83,30095365908,3722
2013-01-29,10000002,35,15.13,15.37,15.03,6407697544,2634
2013-01-29,10000002,36,51.01,53.1,50.96,1850077673,2322
2013-01-29,10000002,37,145.23,148.24,144.1,388753374,1783
2013-01-29,10000002,38,765.16,782.74,756.97,79453960,1804
2013-01-29,10000002,39,769.93,773.64,747.2,45065192,1477
2013-01-29,10000002,40,2099.87,2129.79,2083.13,23399152,1286
2013-01-29,10000002,11399,6502.01,6697.83,6444.24,1991988,394
2013-01-30,10000002,34,5.94,5.97,5.9,30067935137,3938
2013-01-30,10000002,35,14.97,15.14,14.9,6003380459,2600
2013-01-30,10000002,36,51.28,52.43,51.19,1963098802,2367
2013-01-30,10000002,37,141.44,144.5,141.12,410629358,1745
2013-01-30,10000002,38,768.98,770.9,751.29,98243327,1814
2013-01-30,10000002,39,756.02,773.79,751.36,43746053,1497
2013-01-30,10000002,40,2090.18,2124,2084.7,21241687,1302
2013-01-30,10000002,11399,6351.27,6600,6200.01,2653304,396
2013-01-31,10000002,34,5.94,5.99,5.86,27993207076,3924
2013-01-31,10000002,35,15.28,15.67,15.11,6719307951,2744
2013-01-31,10000002,36,52.17,53,51.43,2455528255,2459
2013-01-31,10000002,37,145.99,146.85,141.89,375633094,1796
2013-01-31,10000002,38,770.01,776.22,757.69,87601019,1874
2013-01-31,10000002,39,760.25,781.97,760,42390429,1388
2013-01-31,10000002,40,2037,2130,2032.19,31484926,1306
2013-01-31,10000002,11399,6500,6547.9,6400,2336331,420
2013-02-01,10000002,34,5.94,5.99,5.9,33495401298,3970
2013-02-01,10000002,35,15.32,15.4,15,6789119673,2733
2013-02-01,10000002,36,51.53,51.99,51.26,1895635359,2408
2013-02-01,10000002,37,144.96,146.97,144,332169747,1742
2013-02-01,10000002,38,763.53,778.69,763.19,99477638,1815
2013-02-01,10000002,39,762.13,777.98,761.92,32699115,1370
2013-02-01,10000002,40,2038.15,2106.92,2034.59,17960538,1301
2013-02-01,10000002,11399,6579.98,6600,6402.67,2007262,431
2013-02-02,10000002,34,5.92,5.96,5.88,27375726055,4453
2013-02-02,10000002,35,14.89,15,14.8,6358661339,3123
2013-02-02,10000002,36,50.8,51.71,50.37,1936869036,2664
2013-02-02,10000002,37,145,146.44,144.62,503329483,2191
2013-02-02,10000002,38,768.46,774.94,768,128829232,2172
2013-02-02,10000002,39,779,780.95,770.17,31793086,1610
2013-02-02,10000002,40,2078.93,2098.98,2040.04,15442541,1543
2013-02-02,10000002,11399,6696,6721.71,6200,2401100,507
2013-02-03,10000002,34,5.92,5.94,5.88,33646686373,4913
2013-02-03,10000002,35,14.85,14.91,14.72,7039071861,3260
2013-02-03,10000002,36,50.57,51.13,50.3,2144918126,2899
2013-02-03,10000002,37,145,146.49,144,440327439,2214
2013-02-03,10000002,38,773,776.3,764.36,131910936,2237
2013-02-03,10000002,39,783.86,785.13,771.95,46394249,1726
2013-02-03,10000002,40,2098.43,2099,2046.09,23178599,1599
2013-02-03,10000002,11399,6949.5,6999.7,6651.1,1914369,451
2013-02-04,10000002,34,5.92,5.95,5.91,32778662464,4316
2013-02-04,10000002,35,14.9,14.99,14.86,6266645735,2953
2013-02-04,10000002,36,51,51.33,50.63,1754827463,2573
2013-02-04,10000002,37,147.81,148.1,144.04,277902460,1776
2013-02-04,10000002,38,766.23,776.19,765.29,80215192,1915
2013-02-04,10000002,39,791.99,792.77,773.21,29194421,1347
2013-02-04,10000002,40,2079,2089.99,2032.19,14665042,1294
2013-02-04,10000002,11399,6946.93,6947.74,6650.01,1762754,422
2013-02-05,10000002,34,5.94,5.98,5.92,24780321424,3913
2013-02-05,10000002,35,15.19,15.25,15.11,6182604049,2701
2013-02-05,10000002,36,51.88,52.11,51.49,2089843171,2500
2013-02-05,10000002,37,147.96,151.45,147.21,435696898,1888
2013-02-05,10000002,38,776.22,776.59,770.09,93814960,1884
2013-02-05,10000002,39,789,789.22,787,36370750,1377
2013-02-05,10000002,40,2099.41,2101.24,2089.87,22966754,1290
2013-02-05,10000002,11399,6700.02,6913.47,6614.33,2209198,444
2013-02-06,10000002,34,5.97,6,5.94,25625345145,3996
2013-02-06,10000002,35,15.14,15.37,15.02,5778431996,2767
2013-02-06,10000002,36,52.7,53.47,52.12,1965792462,2439
2013-02-06,10000002,37,151,152.03,147.69,351967151,1788
2013-02-06,10000002,38,779.57,790,771.81,110626968,2019
2013-02-06,10000002,39,788.01,793.22,773.22,39053019,1376
2013-02-06,10000002,40,2100,2139.99,2071.12,15365324,1245
2013-02-06,10000002,11399,6714,6751.12,6551.1,2084682,413
2013-02-07,10000002,34,5.98,6.01,5.94,32874131621,4116
2013-02-07,10000002,35,15.28,15.39,15.19,6418110017,2846
2013-02-07,10000002,36,52.72,53.24,52.44,2030377543,2518
2013-02-07,10000002,37,149.39,151.3,149.08,368557028,1820
2013-02-07,10000002,38,774.03,788.99,772.34,85781010,1883
2013-02-07,10000002,39,772.06,790,760.3,31442573,1434
2013-02-07,10000002,40,2071,2119.08,2066.13,18022262,1308
2013-02-07,10000002,11399,6615.12,6713,6480.03,2065764,412
2013-02-08,10000002,34,5.96,6.04,5.92,36929781850,4283
2013-02-08,10000002,35,15.78,15.98,15.5,6721271747,2906
2013-02-08,10000002,36,53.04,53.75,52.92,2589017581,2646
2013-02-08,10000002,37,151.5,152.2,149.53,486917418,1876
2013-02-08,10000002,38,787.94,788.96,781.78,101931770,1926
2013-02-08,10000002,39,789.93,795.85,776.02,42384289,1449
2013-02-08,10000002,40,2099.01,2113.99,2072.18,21731044,1346
2013-02-08,10000002,11399,6650,6695.15,6414,1778235,410
2013-02-09,10000002,34,5.92,5.97,5.88,33331775495,4946
2013-02-09,10000002,35,15.88,16,15.7,7361908704,3453
2013-02-09,10000002,36,52.99,53.3,52.63,2269931442,3008
2013-02-09,10000002,37,149.22,149.56,149.17,547177633,2163
2013-02-09,10000002,38,786,798.99,785.02,95872572,2286
2013-02-09,10000002,39,794,795.52,783.23,38211018,1591
2013-02-09,10000002,40,2134.26,2135.98,2065.01,12395332,1480
2013-02-09,10000002,11399,6712.97,6712.99,6711.32,1654895,446
2013-02-10,10000002,34,5.93,5.97,5.92,30907665940,5020
2013-02-10,10000002,35,15.84,15.99,15.81,6667581782,3542
2013-02-10,10000002,36,52.7,53.45,52.01,2445896232,3157
2013-02-10,10000002,37,148.2,150.29,146.94,366152657,2414
2013-02-10,10000002,38,796.1,805.72,789.15,106671378,2484
2013-02-10,10000002,39,804.8,812.99,800,48362894,1866
2013-02-10,10000002,40,2124.99,2127.98,2092.05,13470553,1627
2013-02-10,10000002,11399,7089.99,7228,7024.99,1928667,465
2013-02-11,10000002,34,5.98,6,5.93,33857692641,4569
2013-02-11,10000002,35,15.84,15.95,15.76,6029023552,3007
2013-02-11,10000002,36,52.21,52.86,50.93,1810291822,2695
2013-02-11,10000002,37,149.97,150.23,148.03,490267605,2003
2013-02-11,10000002,38,798,805.68,789.27,139616083,2178
2013-02-11,10000002,39,820.16,836.99,812.56,31052696,1517
2013-02-11,10000002,40,2080.12,2132.04,2067.22,17988627,1400
2013-02-11,10000002,11399,7175.88,7189.87,6871.06,1341728,449
2013-02-12,10000002,34,5.9,5.95,5.87,29632514927,4056
2013-02-12,10000002,35,15.68,15.72,15.58,6394950568,2768
2013-02-12,10000002,36,51.87,52.11,51.12,1748676007,2346
2013-02-12,10000002,37,147.08,148,146.94,307228801,1789
2013-02-12,10000002,38,790.01,814.18,789.2,99514194,1890
2013-02-12,10000002,39,797.66,819,795.21,40201676,1429
2013-02-12,10000002,40,2078.22,2084.96,2078.15,20459632,1280
2013-02-12,10000002,11399,6875.01,7065.86,6870.3,2347276,383
2013-02-13,10000002,34,5.91,5.96,5.87,32898685992,3742
2013-02-13,10000002,35,15.53,15.6,15.48,5015438715,2560
2013-02-13,10000002,36,51.83,52,51.47,1857948187,2319
2013-02-13,10000002,37,147.89,147.99,146.99,320574277,1713
2013-02-13,10000002,38,790,809.67,784,83263243,1851
2013-02-13,10000002,39,817.87,818.74,812.05,28425594,1335
2013-02-13,10000002,40,2075,2113.83,2067.06,16116479,1241
2013-02-13,10000002,11399,6710,6710.1,6710,2350161,361
2013-02-14,10000002,34,5.89,5.96,5.85,28616136861,3666
2013-02-14,10000002,35,15.6,15.78,15.46,5852159982,2644
2013-02-14,10000002,36,51.98,52.45,51.93,1916215085,2418
2013-02-14,10000002,37,146,146.93,144.27,266356101,1672
2013-02-14,10000002,38,785.19,800.21,767.58,91337571,1932
2013-02-14,10000002,39,812.09,827.99,788.29,37016516,1416
2013-02-14,10000002,40,2099,2113.88,2070.26,19515675,1208
2013-02-14,10000002,11399,6820.5,6995.87,6650.41,2084731,455
2013-02-15,10000002,34,5.87,5.95,5.84,32216577366,3598
2013-02-15,10000002,35,15.49,15.75,15.35,6980384551,2498
2013-02-15,10000002,36,51.69,52.15,50.8,1758246573,2225
2013-02-15,10000002,37,147.99,149.01,146.07,467888012,1756
2013-02-15,10000002,38,785.99,789.99,774.52,101882535,1825
2013-02-15,10000002,39,795.1,819.95,791.13,38967303,1341
2013-02-15,10000002,40,2081.06,2113,2071,21392725,1227
2013-02-15,10000002,11399,6500,6698.95,6302.11,1685486,424
2013-02-16,10000002,34,5.92,5.96,5.84,40191675615,4650
2013-02-16,10000002,35,15.69,15.85,15.29,6762063870,3151
2013-02-16,10000002,36,52.56,53.14,51.02,2286965513,2856
2013-02-16,10000002,37,150,151.85,147.1,479671640,2128
2013-02-16,10000002,38,790.84,791.82,775.22,107320659,2179
2013-02-16,10000002,39,819.97,820.23,815,37811546,1579
2013-02-16,10000002,40,2112.95,2113.9,2112.89,21785918,1457
2013-02-16,10000002,11399,6664.9,6665,6660,2296079,481
2013-02-17,10000002,34,5.9,5.93,5.87,35552477995,4930
2013-02-17,10000002,35,15.35,15.42,15.28,7193574322,3393
2013-02-17,10000002,36,51.19,52.22,50.87,2242930477,3234
2013-02-17,10000002,37,147.15,149,146.36,473151606,2305
2013-02-17,10000002,38,789.35,791.88,771.46,121811108,2402
2013-02-17,10000002,39,830.02,851,812.18,44390546,1831
2013-02-17,10000002,40,2118,2190,2112.38,21752660,1680
2013-02-17,10000002,11399,6998.99,7068.87,6602.02,2534576,512
2013-02-18,10000002,34,5.91,5.95,5.87,37099365076,4291
2013-02-18,10000002,35,15.63,15.87,15.32,7465051413,2925
2013-02-18,10000002,36,51.07,51.93,50.91,1984563665,2554
2013-02-18,10000002,37,147.99,149.03,147.13,404083064,1882
2013-02-18,10000002,38,791.94,792.3,782.01,113897261,2040
2013-02-18,10000002,39,822.79,829.63,819.99,48344198,1515
2013-02-18,10000002,40,2113.03,2171.74,2112.13,20749584,1393
2013-02-18,10000002,11399,7169.75,7175.62,6899.02,1554872,433
2013-02-19,10000002,34,5.92,5.95,5.86,27146937038,3492
2013-02-19,10000002,35,15.85,15.89,15.75,6503000376,2487
2013-02-19,10000002,36,51.86,51.95,51.28,1902389917,2295
2013-02-19,10000002,37,147,148.14,145.03,350840458,1570
2013-02-19,10000002,38,793.71,804.98,787.6,91121581,1780
2013-02-19,10000002,39,814.22,834.88,810.21,41473275,1275
2013-02-19,10000002,40,2128.01,2168.94,2111.45,19433377,1211
2013-02-19,10000002,11399,7139,7158.9,6860,1386056,407
2013-02-20,10000002,34,5.9,5.95,5.85,33348855384,3785
2013-02-20,10000002,35,15.97,16.06,15.87,5971243063,2576
2013-02-20,10000002,36,51.85,53.6,51.51,1963268143,2286
2013-02-20,10000002,37,146.66,147.48,144.74,367168685,1597
2013-02-20,10000002,38,800,814,799.22,97442406,1796
2013-02-20,10000002,39,808.29,831.98,807.15,39298928,1282
2013-02-20,10000002,40,2122.39,2158,2122.22,24579518,1167
2013-02-20,10000002,11399,6900.02,7118.64,6725.05,1801768,419
2013-02-21,10000002,34,5.91,5.94,5.85,36932065430,3942
2013-02-21,10000002,35,15.7,15.82,15.41,5730704090,2661
2013-02-21,10000002,36,51.5,52,50.84,1954985909,2439
2013-02-21,10000002,37,142.89,144.5,140.06,459746702,1888
2013-02-21,10000002,38,800.01,811.8,799.82,128086103,2029
2013-02-21,10000002,39,820,827.97,807.19,37631287,1419
2013-02-21,10000002,40,2145,2153.98,2071,20397915,1300
2013-02-21,10000002,11399,6971.56,7026.95,6815.02,1739082,394
2013-02-22,10000002,34,5.89,5.95,5.87,32922534123,3794
2013-02-22,10000002,35,15.58,15.68,15.36,5940307547,2459
2013-02-22,10000002,36,51.92,52.07,51.19,1907142457,2319
2013-02-22,10000002,37,145.78,145.99,142.42,275143000,1652
2013-02-22,10000002,38,814.94,815.83,795.31,90031547,1872
2013-02-22,10000002,39,816.25,821.15,814,28443575,1346
2013-02-22,10000002,40,2133.99,2134,2126.06,15455181,1249
2013-02-22,10000002,11399,6963.97,6968,6790,1534931,378
2013-02-23,10000002,34,5.9,5.95,5.88,41277874911,4728
2013-02-23,10000002,35,15.48,15.56,15.4,6951527740,3225
2013-02-23,10000002,36,51.69,51.96,51.04,2290491947,2818
2013-02-23,10000002,37,146.56,147.66,144.65,372696201,2064
2013-02-23,10000002,38,800,808.99,787,90690657,2260
2013-02-23,10000002,39,823.58,824.56,822.25,31119219,1553
2013-02-23,10000002,40,2167.68,2168.99,2149.43,13651136,1422
2013-02-23,10000002,11399,6957.99,6963.95,6682.41,2940326,450
2013-02-24,10000002,34,5.9,5.94,5.87,38042298834,4860
2013-02-24,10000002,35,15.49,15.55,15.41,6301010069,3234
2013-02-24,10000002,36,51.06,51.56,50.91,2272901869,2894
2013-02-24,10000002,37,146.3,147.75,144.8,528469494,2193
2013-02-24,10000002,38,801.99,811.42,790,121002947,2334
2013-02-24,10000002,39,823.19,831.7,810,40692350,1678
2013-02-24,10000002,40,2166.18,2198.99,2150.67,20168457,1475
2013-02-24,10000002,11399,6898.42,6956.86,6682.55,1952021,430
2013-02-25,10000002,34,5.87,5.93,5.85,35212491942,3913
2013-02-25,10000002,35,15.5,15.58,15.43,5833233634,2803
2013-02-25,10000002,36,50.92,51.47,50.32,1889855873,2370
2013-02-25,10000002,37,146.18,148.37,145.03,361636717,1798
2013-02-25,10000002,38,792.61,801.31,792.28,106914548,1940
2013-02-25,10000002,39,822.99,830.09,812.06,35137019,1407
2013-02-25,10000002,40,2161,2198,2156.04,19254407,1304
2013-02-25,10000002,11399,6955.98,6958.43,6702.52,2416650,439
2013-02-26,10000002,34,5.86,5.91,5.83,26755592563,3735
2013-02-26,10000002,35,15.54,15.58,15.43,5018897923,2592
2013-02-26,10000002,36,51,51.23,50.6,1530260981,2295
2013-02-26,10000002,37,148.48,149.81,145.25,457488159,1787
2013-02-26,10000002,38,801.32,810.6,795,111184765,1925
2013-02-26,10000002,39,813.5,832,812.02,37225913,1365
2013-02-26,10000002,40,2157.01,2199.97,2157.01,21178414,1215
2013-02-26,10000002,11399,6701.04,6995.84,6700.3,2854659,400
2013-02-27,10000002,34,5.85,5.9,5.82,35209119996,3668
2013-02-27,10000002,35,15.48,15.57,15.38,5194740854,2603
2013-02-27,10000002,36,50.08,50.74,48.6,1642082820,2274
2013-02-27,10000002,37,145.2,146,143.34,331506083,1729
2013-02-27,10000002,38,797.14,808.69,794.24,101650222,1858
2013-02-27,10000002,39,819.89,823,813.11,25414966,1314
2013-02-27,10000002,40,2187.9,2188,2154.12,10092286,1228
2013-02-27,10000002,11399,6799.85,6799.91,6799.85,1939421,398
2013-02-28,10000002,34,5.82,5.87,5.79,21149081485,3491
2013-02-28,10000002,35,15.5,15.58,15.4,4889257608,2556
2013-02-28,10000002,36,50.24,50.5,50.03,1757131078,2222
2013-02-28,10000002,37,141.1,144.37,140.54,262432762,1590
2013-02-28,10000002,38,800,803.01,797.4,104746018,1812
2013-02-28,10000002,39,818.01,830,813.64,30779204,1265
2013-02-28,10000002,40,2171.35,2197.94,2152.16,13334508,1174
2013-02-28,10000002,11399,6939.99,6947.3,6780,1877568,408
2013-03-01,10000002,34,5.81,5.85,5.77,31640164641,3725
2013-03-01,10000002,35,15.36,15.4,15.3,4928244738,2532
2013-03-01,10000002,36,50.36,50.64,50.26,1642016182,2269
2013-03-01,10000002,37,141,144.09,140.83,289514488,1705
2013-03-01,10000002,38,797.28,799.97,782.58,120507661,1851
2013-03-01,10000002,39,812,829.96,804.22,44741075,1357
2013-03-01,10000002,40,2165.1,2198.79,2152.44,15976339,1242
2013-03-01,10000002,11399,6946.96,6947.3,6620.2,1914687,399
2013-03-02,10000002,34,5.75,5.78,5.72,28128927398,4181
2013-03-02,10000002,35,15.37,15.4,15.32,6373045101,3006
2013-03-02,10000002,36,50.35,50.71,50.32,2286098929,2709
2013-03-02,10000002,37,141.86,143.62,136.45,306511861,2056
2013-03-02,10000002,38,798,806.94,787.23,80399746,2069
2013-03-02,10000002,39,828.28,830.89,818,29613596,1538
2013-03-02,10000002,40,2165.28,2190.96,2087.03,12251686,1425
2013-03-02,10000002,11399,6945.99,6947.1,6662,2216144,438
2013-03-03,10000002,34,5.65,5.72,5.6,41748864403,4585
2013-03-03,10000002,35,15.14,15.3,14.88,6879479053,3251
2013-03-03,10000002,36,48.38,50,48.1,2261258813,2877
2013-03-03,10000002,37,141.88,142.6,139.42,469191057,2165
2013-03-03,10000002,38,801.43,806.44,790,144068569,2399
2013-03-03,10000002,39,827.79,830.02,825,40010142,1672
2013-03-03,10000002,40,2195.99,2285.99,2186.44,21195012,1563
2013-03-03,10000002,11399,7118.99,7119.77,7037,1592376,460
2013-03-04,10000002,34,5.7,5.75,5.69,27680986690,3700
2013-03-04,10000002,35,15.17,15.22,15.12,7631436024,2602
2013-03-04,10000002,36,48.64,48.87,48.48,1645938165,2160
2013-03-04,10000002,37,140.19,142,140.06,405027009,1654
2013-03-04,10000002,38,789.32,802.93,788.94,85726606,1818
2013-03-04,10000002,39,826.12,827,826.09,36571582,1306
2013-03-04,10000002,40,2189.77,2300.05,2184.1,15043876,1263
2013-03-04,10000002,11399,7110,7110.39,7029.01,1459955,397
2013-03-05,10000002,34,5.77,5.8,5.75,30452607412,3642
2013-03-05,10000002,35,15.2,15.31,15.13,6832579183,2473
2013-03-05,10000002,36,48.73,49.57,48.57,3022556577,2250
2013-03-05,10000002,37,142.49,143.98,140.95,455708877,1755
2013-03-05,10000002,38,799.9,803.32,790.66,109508356,1758
2013-03-05,10000002,39,803.1,824.16,778.02,36223333,1276
2013-03-05,10000002,40,2188.77,2258.96,2170.01,19078334,1234
2013-03-05,10000002,11399,7109.91,7110.01,6781.88,2192928,391
2013-03-06,10000002,34,5.8,5.84,5.77,36932979474,3758
2013-03-06,10000002,35,15.12,15.19,15.1,6491646816,2559
2013-03-06,10000002,36,49.43,49.46,49.41,2898929909,2301
2013-03-06,10000002,37,143.36,146.5,143.13,367582786,1725
2013-03-06,10000002,38,799.17,799.8,799,130583988,1863
2013-03-06,10000002,39,814.36,814.48,800.48,28152658,1294
2013-03-06,10000002,40,2185.07,2243.88,2176.08,13541536,1208
2013-03-06,10000002,11399,7047.99,7109.6,6900.13,1431590,369
2013-03-07,10000002,34,5.8,5.88,5.72,25544021599,3547
2013-03-07,10000002,35,15.21,15.31,15.11,5682802141,2572
2013-03-07,10000002,36,48.31,49.75,48.06,1493745921,2154
2013-03-07,10000002,37,145.99,147.39,143.64,281237612,1589
2013-03-07,10000002,38,799.26,800.89,791,115888254,1808
2013-03-07,10000002,39,802.33,814.18,801.15,30679449,1227
2013-03-07,10000002,40,2243.31,2243.47,2200.56,18071701,1130
2013-03-07,10000002,11399,7109.6,7129,6805.19,2513931,391
2013-03-08,10000002,34,5.71,5.74,5.7,24634196337,3509
2013-03-08,10000002,35,15.08,15.37,15.05,5305417676,2419
2013-03-08,10000002,36,49.38,49.6,47.75,2522598398,2257
2013-03-08,10000002,37,144.03,146.99,143.44,385173399,1642
2013-03-08,10000002,38,793.99,805.95,790,87159037,1741
2013-03-08,10000002,39,812.83,812.92,800.45,33731711,1299
2013-03-08,10000002,40,2188.54,2225,2176.51,17913608,1104
2013-03-08,10000002,11399,7298.88,7300,6823.2,1299665,349
2013-03-09,10000002,34,5.74,5.81,5.63,32727247446,4153
2013-03-09,10000002,35,15.18,15.34,14.91,6299692793,3035
2013-03-09,10000002,36,48.63,49,48.22,1985598765,2650
2013-03-09,10000002,37,145.92,146.29,143.32,396505303,1946
2013-03-09,10000002,38,795.11,803.47,784.51,94259214,2049
2013-03-09,10000002,39,807.97,813.26,799.9,31958410,1469
2013-03-09,10000002,40,2229.89,2233.02,2181.01,26622217,1387
2013-03-09,10000002,11399,7328.54,7500,7003.28,7516141,500
2013-03-10,10000002,34,5.64,5.7,5.63,29367493373,4080
2013-03-10,10000002,35,15.03,15.1,14.97,5443572488,2807
2013-03-10,10000002,36,48.59,48.85,48.55,2080580778,2595
2013-03-10,10000002,37,146.19,146.44,145.04,352083121,1901
2013-03-10,10000002,38,797.23,801.95,795.37,86301580,2056
2013-03-10,10000002,39,806.04,818,788.4,35374009,1443
2013-03-10,10000002,40,2182.89,2255,2170,25338587,1360
2013-03-10,10000002,11399,6902.25,7199,6819.1,3678712,488
2013-03-11,10000002,34,5.67,5.72,5.56,27259243273,3390
2013-03-11,10000002,35,15.03,15.11,14.87,5220866049,2477
2013-03-11,10000002,36,48.46,48.89,48.44,2187579739,2286
2013-03-11,10000002,37,144.85,145.99,143.64,393004780,1660
2013-03-11,10000002,38,803.02,805.12,803,127763701,1865
2013-03-11,10000002,39,796.67,816.9,795,36462682,1334
2013-03-11,10000002,40,2155.01,2229.95,2152.49,22311261,1276
2013-03-11,10000002,11399,7178.97,7204.71,7099.76,3077704,466
2013-03-12,10000002,34,5.62,5.7,5.54,32434081902,3430
2013-03-12,10000002,35,14.96,15.01,14.88,4940603272,2357
2013-03-12,10000002,36,48.49,48.84,47.96,1951073465,2124
2013-03-12,10000002,37,142.98,144.3,141.36,256570254,1545
2013-03-12,10000002,38,798,804.39,785.55,87520643,1677
2013-03-12,10000002,39,786.05,802.86,777.7,35920567,1225
2013-03-12,10000002,40,2119.15,2223.8,2108.01,18458087,1121
2013-03-12,10000002,11399,7000,7155.23,6958,3147115,405
2013-03-13,10000002,34,5.64,5.68,5.58,26786125555,3182
2013-03-13,10000002,35,14.94,14.99,14.85,4273514308,2224
2013-03-13,10000002,36,48,48.28,47.83,1389511812,1972
2013-03-13,10000002,37,142.99,143.87,142.09,247212346,1467
2013-03-13,10000002,38,788.66,789.79,787.22,67976259,1592
2013-03-13,10000002,39,798.95,800,795,29615827,1195
2013-03-13,10000002,40,2206,2210,2139,9248848,1075
2013-03-13,10000002,11399,7000,7144.98,6808.7,2350618,364
2013-03-14,10000002,34,5.62,5.7,5.53,28043963485,3138
2013-03-14,10000002,35,14.97,15.01,14.91,5272586645,2166
2013-03-14,10000002,36,48.05,48.6,47.94,1728215061,1957
2013-03-14,10000002,37,143.84,144.05,143,334901322,1457
2013-03-14,10000002,38,794,798.17,787.4,89157127,1605
2013-03-14,10000002,39,796.95,797.96,782.01,34377878,1192
2013-03-14,10000002,40,2188,2197.99,2151.85,14581106,1053
2013-03-14,10000002,11399,7095,7140.97,6956.19,1805313,361
2013-03-15,10000002,34,5.74,5.77,5.69,44336528844,3548
2013-03-15,10000002,35,14.99,15.02,14.98,8256309922,2340
2013-03-15,10000002,36,48.13,48.5,47.98,2143553171,2090
2013-03-15,10000002,37,144.11,144.94,144.05,447638657,1599
2013-03-15,10000002,38,790.32,807.55,790.19,111063145,1711
2013-03-15,10000002,39,798.89,800,790.94,25406374,1193
2013-03-15,10000002,40,2195,2196,2171.01,18738264,1127
2013-03-15,10000002,11399,7077.78,7077.99,6830.03,1371781,369
2013-03-16,10000002,34,5.61,5.68,5.57,31795195579,3652
2013-03-16,10000002,35,14.95,15.02,14.74,6394413404,2657
2013-03-16,10000002,36,48.09,48.5,47.85,2197002834,2380
2013-03-16,10000002,37,144.53,146.66,144.37,473025482,1772
2013-03-16,10000002,38,804.47,807.66,804.44,140184458,1957
2013-03-16,10000002,39,801.95,806.99,781,46932615,1385
2013-03-16,10000002,40,2195.94,2197.62,2172.11,28911027,1308
2013-03-16,10000002,11399,7001.08,7077.99,6824,5446851,491
2013-03-17,10000002,34,5.56,5.63,5.52,27593280840,3964
2013-03-17,10000002,35,14.37,14.65,14.12,6452216214,2728
2013-03-17,10000002,36,47.78,48.33,47.5,2010865477,2422
2013-03-17,10000002,37,145,147.82,141.16,497347366,1855
2013-03-17,10000002,38,804.9,817.93,804.5,122241298,2011
2013-03-17,10000002,39,785,798.97,775.54,38679718,1387
2013-03-17,10000002,40,2210.9,2229.44,2158.18,21320674,1248
2013-03-17,10000002,11399,7340.43,7342.32,7076.06,1887168,420
2013-03-18,10000002,34,5.59,5.64,5.53,27434769340,3195
2013-03-18,10000002,35,14.33,14.53,14.26,5580834826,2206
2013-03-18,10000002,36,47.48,48,47.44,1912119569,2053
2013-03-18,10000002,37,144.86,147.8,142,301487407,1585
2013-03-18,10000002,38,804.44,807.67,796.52,107838599,1683
2013-03-18,10000002,39,780.45,799.14,772.27,33111426,1243
2013-03-18,10000002,40,2215.5,2291.67,2176.1,20991752,1160
2013-03-18,10000002,11399,7294.02,7339.08,7004.5,2008073,382
2013-03-19,10000002,34,5.59,5.63,5.56,24798924617,3200
2013-03-19,10000002,35,14.54,14.67,14.43,5078693272,2212
2013-03-19,10000002,36,47.82,47.98,47.53,1549382221,2050
2013-03-19,10000002,37,144,144.56,143.51,316803211,1504
2013-03-19,10000002,38,802.84,806.75,800.02,94662222,1748
2013-03-19,10000002,39,789.99,799,774,24098749,1160
2013-03-19,10000002,40,2289.9,2299.88,2200.03,16418095,1112
2013-03-19,10000002,11399,7109.99,7119.99,6963.18,2221750,370
2013-03-20,10000002,34,5.61,5.65,5.58,32927494221,3142
2013-03-20,10000002,35,14.73,14.9,14.65,8126702334,2337
2013-03-20,10000002,36,47.8,48.4,47.6,2999410869,2178
2013-03-20,10000002,37,145.35,146.01,143.9,467976380,1582
2013-03-20,10000002,38,807,815.95,801.55,125605575,1690
2013-03-20,10000002,39,792,799.69,779,25804270,1192
2013-03-20,10000002,40,2219.08,2334.88,2168.32,15943916,1050
2013-03-20,10000002,11399,7218.95,7218.99,7121.06,1403097,365
2013-03-21,10000002,34,5.64,5.68,5.59,24874073135,2990
2013-03-21,10000002,35,14.92,14.99,14.68,4888751040,2106
2013-03-21,10000002,36,47.61,48.39,47.55,1830759359,1952
2013-03-21,10000002,37,146.64,147.23,143.53,252227663,1470
2013-03-21,10000002,38,805,810,794.45,121556976,1529
2013-03-21,10000002,39,785,799,777.44,38028225,1159
2013-03-21,10000002,40,2251.06,2328,2223.07,13068453,1055
2013-03-21,10000002,11399,7120.01,7209.99,6982.68,2031720,372
2013-03-22,10000002,34,5.61,5.67,5.51,33301442708,3162
2013-03-22,10000002,35,14.67,14.87,14.55,5711504519,2108
2013-03-22,10000002,36,47.25,48.18,46.78,1514590492,1896
2013-03-22,10000002,37,146,146.47,143.24,300905859,1498
2013-03-22,10000002,38,796,807.89,794.44,92601079,1577
2013-03-22,10000002,39,789,800.86,771.12,27189837,1146
2013-03-22,10000002,40,2265.12,2300,2196.16,13820312,1076
2013-03-22,10000002,11399,7090.74,7190.08,6600.92,1990960,410
2013-03-23,10000002,34,5.57,5.62,5.51,27196349334,3673
2013-03-23,10000002,35,14.77,14.85,14.56,6885774808,2720
2013-03-23,10000002,36,47.3,47.62,46.73,2314567651,2499
2013-03-23,10000002,37,147,149.72,144.93,525132503,1883
2013-03-23,10000002,38,804.8,816,795,101424085,1972
2013-03-23,10000002,39,810,810.02,810,52322603,1376
2013-03-23,10000002,40,2299.93,2299.96,2298.97,18173012,1329
2013-03-23,10000002,11399,7088.1,7088.11,7084.11,3622009,474
2013-03-24,10000002,34,5.58,5.61,5.55,40694850772,4154
2013-03-24,10000002,35,14.74,14.79,14.6,6205352417,2837
2013-03-24,10000002,36,47.17,47.45,46.29,2212923781,2590
2013-03-24,10000002,37,147.84,149.35,144.78,396228881,1938
2013-03-24,10000002,38,824.99,828.96,801.54,118034926,2056
2013-03-24,10000002,39,819.16,839.93,812.07,53216113,1446
2013-03-24,10000002,40,2300,2327.25,2250.23,15052798,1354
2013-03-24,10000002,11399,7189.99,7189.99,7150,1850813,414
2013-03-25,10000002,34,5.55,5.61,5.53,35546734512,3604
2013-03-25,10000002,35,14.73,14.8,14.67,6119064410,2421
2013-03-25,10000002,36,47.1,47.2,47.01,2186183722,2218
2013-03-25,10000002,37,146.32,147.96,145.04,423997248,1740
2013-03-25,10000002,38,819.91,824.26,803.22,95032341,1795
2013-03-25,10000002,39,811.27,822,809.4,35600210,1302
2013-03-25,10000002,40,2265.56,2327.22,2265.47,17925919,1168
2013-03-25,10000002,11399,7190,7199.5,7100.01,1667783,368
2013-03-26,10000002,34,5.59,5.62,5.57,34632836483,3410
2013-03-26,10000002,35,14.68,14.73,14.66,5556205076,2235
2013-03-26,10000002,36,47.36,47.47,47.32,2216578806,2028
2013-03-26,10000002,37,143.77,145.48,142.06,276275873,1430
2013-03-26,10000002,38,811.03,814.37,803.82,83273139,1597
2013-03-26,10000002,39,786.11,817.95,778.15,30732446,1166
2013-03-26,10000002,40,2300,2320.83,2267.02,12329902,1062
2013-03-26,10000002,11399,7199.99,7219.01,7100.12,1869573,386
2013-03-27,10000002,34,5.58,5.62,5.51,33218228081,3121
2013-03-27,10000002,35,14.71,14.79,14.64,5339455996,2155
2013-03-27,10000002,36,47.51,47.86,47.44,2092170714,2006
2013-03-27,10000002,37,143.5,144.39,143.33,369673152,1456
2013-03-27,10000002,38,804,810,803.72,144281524,1629
2013-03-27,10000002,39,798.01,810.73,783.03,30044931,1153
2013-03-27,10000002,40,2270,2309.95,2267.1,16583158,1093
2013-03-27,10000002,11399,7307.41,7850,7302.16,2417476,376
2013-03-28,10000002,34,5.56,5.62,5.53,34893371379,3135
2013-03-28,10000002,35,14.42,14.62,14.28,4173747599,2035
2013-03-28,10000002,36,46.82,47.15,46.61,1567758963,1916
2013-03-28,10000002,37,142.31,143.81,142.24,320263895,1488
2013-03-28,10000002,38,804.14,811.99,804.02,82190973,1577
2013-03-28,10000002,39,797,800,781.27,23584176,1167
2013-03-28,10000002,40,2297.28,2309.96,2266.01,14073097,1078
2013-03-28,10000002,11399,7408.03,7565.9,7351.18,2194557,350
2013-03-29,10000002,34,5.58,5.62,5.53,39432527497,3584
2013-03-29,10000002,35,14.43,14.52,14.28,5427057461,2314
2013-03-29,10000002,36,46.1,46.45,45.79,1461000008,2062
2013-03-29,10000002,37,142,143.49,141.21,369550447,1623
2013-03-29,10000002,38,808.94,810.52,797.2,77886772,1649
2013-03-29,10000002,39,779.03,804.66,778.45,38683218,1214
2013-03-29,10000002,40,2299.97,2314.94,2257.09,12442264,1108
2013-03-29,10000002,11399,7500,7565.74,7351.31,1960188,429
2013-03-30,10000002,34,5.6,5.62,5.56,30896908935,3523
2013-03-30,10000002,35,14.49,14.64,14.32,7330667886,2489
2013-03-30,10000002,36,46.59,47.01,46.11,2314818145,2231
2013-03-30,10000002,37,142.21,143.48,140.22,347392212,1708
2013-03-30,10000002,38,800.25,811.95,799.11,127402733,1896
2013-03-30,10000002,39,795,804.29,778.96,36152414,1326
2013-03-30,10000002,40,2268.99,2297,2200.16,19431603,1287
2013-03-30,10000002,11399,7700,7784.99,7410.3,1896525,431
2013-03-31,10000002,34,5.54,5.6,5.51,34212413831,3852
2013-03-31,10000002,35,14.45,14.5,14.2,5968066288,2565
2013-03-31,10000002,36,45.98,46.6,45,1470577408,2333
2013-03-31,10000002,37,143.09,143.45,141.05,393933194,1759
2013-03-31,10000002,38,803.83,809.64,797.08,102676537,1851
2013-03-31,10000002,39,780,807,778.98,56210800,1434
2013-03-31,10000002,40,2260,2295.76,2207,23322865,1272
2013-03-31,10000002,11399,7505.03,7780.46,7431.69,3678550,398
2013-04-01,10000002,34,5.55,5.57,5.5,34582366774,3571
2013-04-01,10000002,35,14.22,14.26,14.17,5548822708,2397
2013-04-01,10000002,36,45.64,46,45.55,1768259816,2147
2013-04-01,10000002,37,140.07,142.05,139.94,298037670,1647
2013-04-01,10000002,38,796.06,805,795.22,97386635,1697
2013-04-01,10000002,39,808,808.82,787.32,22174994,1258
2013-04-01,10000002,40,2279.91,2294.89,2219.52,16649491,1122
2013-04-01,10000002,11399,8687,9450,7959.3,3499093,434
2013-04-02,10000002,34,5.5,5.56,5.46,32868563169,3247
2013-04-02,10000002,35,14.11,14.34,14,7021160084,2230
2013-04-02,10000002,36,45.78,46.09,45.55,1872534643,2034
2013-04-02,10000002,37,141.48,142.02,141.1,393807308,1534
2013-04-02,10000002,38,803.34,808,799.09,92409629,1636
2013-04-02,10000002,39,818.78,819.8,799,28269687,1190
2013-04-02,10000002,40,2227.59,2278.94,2206.12,18728450,1160
2013-04-02,10000002,11399,8067.62,8384.08,8011.07,1874136,409
2013-04-03,10000002,34,5.55,5.6,5.49,37496933656,3388
2013-04-03,10000002,35,14.14,14.26,14.05,4808330382,2184
2013-04-03,10000002,36,45.78,46.23,45.71,2150984609,2064
2013-04-03,10000002,37,143.61,143.82,143,370347594,1546
2013-04-03,10000002,38,805,807.77,800.19,107859267,1685
2013-04-03,10000002,39,819.17,819.81,810.69,37998344,1200
2013-04-03,10000002,40,2293.8,2293.84,2210.35,13989504,1092
2013-04-03,10000002,11399,8336.71,8378.21,8149.98,1435254,374
2013-04-04,10000002,34,5.56,5.6,5.53,32308260302,3501
2013-04-04,10000002,35,14.31,14.4,14.22,7814473675,2327
2013-04-04,10000002,36,45.91,46.22,45.85,1763050173,2073
2013-04-04,10000002,37,145.16,146.98,144.99,490762092,1650
2013-04-04,10000002,38,802.09,809.5,795.1,121763345,1695
2013-04-04,10000002,39,812,831.84,811.11,27699639,1144
2013-04-04,10000002,40,2219,2293.22,2216.26,22465276,1130
2013-04-04,10000002,11399,8335.49,8336.58,7832.16,2536492,393
2013-04-05,10000002,34,5.52,5.6,5.48,31644223005,3273
2013-04-05,10000002,35,14.15,14.25,14.08,6883492901,2210
2013-04-05,10000002,36,45.86,46.2,45.76,2066796644,2083
2013-04-05,10000002,37,145.49,168.37,145.01,397555440,1621
2013-04-05,10000002,38,805,814.95,800.01,90486544,1641
2013-04-05,10000002,39,816.07,831.83,811.01,25208633,1185
2013-04-05,10000002,40,2291.97,2292.54,2233.03,10513380,1082
2013-04-05,10000002,11399,7985,8334.01,7930,2120551,406
2013-04-06,10000002,34,5.48,5.49,5.48,40405104328,3767
2013-04-06,10000002,35,14.04,14.11,13.99,5530311985,2492
2013-04-06,10000002,36,45.18,45.69,44.9,1740719580,2329
2013-04-06,10000002,37,143.61,145.89,142,315600968,1795
2013-04-06,10000002,38,796.11,805.1,795.03,86899298,1865
2013-04-06,10000002,39,803.79,816,803.79,52843838,1387
2013-04-06,10000002,40,2250.06,2291.92,2222.35,15835168,1338
2013-04-06,10000002,11399,8330,8333.53,8035.1,1841251,414
2013-04-07,10000002,34,5.45,5.48,5.43,45360668741,3881
2013-04-07,10000002,35,14.05,14.14,13.75,6049807182,2614
2013-04-07,10000002,36,44.85,45.37,44.09,1905063434,2437
2013-04-07,10000002,37,143,145.69,140.9,413939403,1941
2013-04-07,10000002,38,803.87,807.73,792.12,102620421,1985
2013-04-07,10000002,39,820.01,822.82,807,32852234,1439
2013-04-07,10000002,40,2252,2289.44,2221,19780410,1379
2013-04-07,10000002,11399,8319.94,8327.76,8318,2976534,507
2013-04-08,10000002,34,5.48,5.51,5.42,42416344746,3023
2013-04-08,10000002,35,13.97,14.05,13.71,7836503994,2177
2013-04-08,10000002,36,44.99,45.13,44.3,1873521691,2004
2013-04-08,10000002,37,143.94,143.99,141.95,340285369,1477
2013-04-08,10000002,38,808,819.64,796.07,108182277,1583
2013-04-08,10000002,39,820.89,822.2,801.48,54140329,1184
2013-04-08,10000002,40,2286.87,2289.11,2220.61,26914886,1111
2013-04-08,10000002,11399,8001.33,8699,8000,2176741,353
2013-04-09,10000002,34,5.53,5.6,5.51,34523370650,3218
2013-04-09,10000002,35,14.22,14.29,14.2,7855399593,2270
2013-04-09,10000002,36,45.02,45.25,44.68,2146116565,2038
2013-04-09,10000002,37,143.85,143.92,143.03,450959719,1550
2013-04-09,10000002,38,820.13,839.95,818.72,108758505,1677
2013-04-09,10000002,39,833.9,835,816.08,29665377,1181
2013-04-09,10000002,40,2290,2292.53,2219.1,13604872,1071
2013-04-09,10000002,11399,8683.97,8700.89,8008,1904874,387
2013-04-10,10000002,34,5.62,5.67,5.58,39949087718,3181
2013-04-10,10000002,35,14.31,14.46,14.2,7166549516,2221
2013-04-10,10000002,36,45.5,45.78,45.02,2065348335,1983
2013-04-10,10000002,37,144,144.24,143.89,385233997,1522
2013-04-10,10000002,38,836.47,839.84,824.1,125732870,1686
2013-04-10,10000002,39,816.07,835.6,808.2,36504869,1105
2013-04-10,10000002,40,2240.02,2287.68,2218.66,18492255,1075
2013-04-10,10000002,11399,8439.29,8570.99,8438.04,1777765,415
2013-04-11,10000002,34,5.61,5.67,5.59,35894194411,3113
2013-04-11,10000002,35,14.31,14.44,14.25,6950554612,2185
2013-04-11,10000002,36,46.08,46.21,44.86,1853697224,1940
2013-04-11,10000002,37,143.99,145.85,142.15,403917299,1537
2013-04-11,10000002,38,831.05,843.82,826.03,100615384,1622
2013-04-11,10000002,39,830.03,835.96,812.75,27849476,1149
2013-04-11,10000002,40,2287.54,2287.62,2227.7,12551309,1036
2013-04-11,10000002,11399,8438.6,8438.71,8025.36,1574545,400
2013-04-12,10000002,34,5.54,5.59,5.51,27287616060,3067
2013-04-12,10000002,35,14.32,14.38,14.25,5559315789,2209
2013-04-12,10000002,36,45.45,45.54,45.3,1566591478,1977
2013-04-12,10000002,37,146.02,147.97,144.78,337102008,1512
2013-04-12,10000002,38,830,842.73,822.01,97063381,1621
2013-04-12,10000002,39,829,836.95,821.02,27505760,1155
2013-04-12,10000002,40,2244,2287.77,2222.85,26476538,1109
2013-04-12,10000002,11399,8299.5,8437.83,8030.5,1520917,374
2013-04-13,10000002,34,5.53,5.59,5.51,29226922285,3488
2013-04-13,10000002,35,14.36,14.4,14.26,5726473389,2437
2013-04-13,10000002,36,45.35,45.49,45.32,2241268508,2238
2013-04-13,10000002,37,145.22,147.44,145.11,350465430,1643
2013-04-13,10000002,38,831,839.67,823.49,84760318,1746
2013-04-13,10000002,39,836.3,836.5,834,34896767,1294
2013-04-13,10000002,40,2249.01,2290.65,2240.01,13881147,1193
2013-04-13,10000002,11399,8398.19,8399,8051.21,1674932,375
2013-04-14,10000002,34,5.58,5.64,5.52,39575949905,3879
2013-04-14,10000002,35,14.2,14.38,14.13,6025895145,2707
2013-04-14,10000002,36,45.02,45.45,44.91,2420456972,2429
2013-04-14,10000002,37,144.94,146.88,143.04,424907676,1853
2013-04-14,10000002,38,834.89,837.65,830.03,129497215,2043
2013-04-14,10000002,39,900.01,904.01,897,67638073,1472
2013-04-14,10000002,40,2290.5,2290.62,2289.95,21111519,1339
2013-04-14,10000002,11399,8343.74,8346.7,8059,1956219,401
2013-04-15,10000002,34,5.55,5.6,5.5,32438550573,3076
2013-04-15,10000002,35,14.28,14.37,14.17,5938376404,2090
2013-04-15,10000002,36,45.39,46.19,44.45,1947719370,1957
2013-04-15,10000002,37,144.09,146.29,143.63,332888335,1459
2013-04-15,10000002,38,847.94,862.23,830.04,91596484,1535
2013-04-15,10000002,39,900.53,914.97,897.51,42220386,1199
2013-04-15,10000002,40,2318.28,2345,2314.94,32355519,1038
2013-04-15,10000002,11399,8345.83,8346.14,8086.22,1967618,349
2013-04-16,10000002,34,5.56,5.58,5.54,34152974445,3034
2013-04-16,10000002,35,14.27,14.34,14.24,6815354671,2047
2013-04-16,10000002,36,45.1,45.43,44.79,1885957951,1842
2013-04-16,10000002,37,143.23,143.36,140,385587333,1377
2013-04-16,10000002,38,833.07,841.99,830.47,98482862,1545
2013-04-16,10000002,39,868.09,898.91,865.31,31939952,1101
2013-04-16,10000002,40,2310.13,2329.91,2305.48,15209156,1050
2013-04-16,10000002,11399,8327.99,8329.95,8103.53,1733995,404
2013-04-17,10000002,34,5.56,5.62,5.53,29725894571,3031
2013-04-17,10000002,35,14.2,14.32,14.04,4422423694,2126
2013-04-17,10000002,36,45.18,45.3,44.38,1442515907,1951
2013-04-17,10000002,37,142.93,142.98,139.66,268308422,1399
2013-04-17,10000002,38,843.82,844.7,835.71,84818874,1610
2013-04-17,10000002,39,897.96,898.96,882.62,20378298,1123
2013-04-17,10000002,40,2328.9,2328.93,2310,12357418,1075
2013-04-17,10000002,11399,8342,8345.98,8328,1787686,390
2013-04-18,10000002,34,5.55,5.7,5.52,45318918196,3046
2013-04-18,10000002,35,14.33,14.46,14.11,5178115377,2038
2013-04-18,10000002,36,45.17,45.42,44.98,1473899647,1761
2013-04-18,10000002,37,141,142.96,139,416931913,1337
2013-04-18,10000002,38,838.25,858.75,835,131101483,1485
2013-04-18,10000002,39,920,940.94,900,34612952,1088
2013-04-18,10000002,40,2449,2499.82,2393.99,10799839,1016
2013-04-18,10000002,11399,8342,8489.45,8275,2556034,352
2013-04-19,10000002,34,5.51,5.6,5.45,23735043237,2307
2013-04-19,10000002,35,14.11,14.29,14.04,2904558087,1439
2013-04-19,10000002,36,44.99,45.77,44.5,1183925483,1284
2013-04-19,10000002,37,141.99,143.24,139.61,123790846,893
2013-04-19,10000002,38,811.3,827,806,58663152,1004
2013-04-19,10000002,39,1050.03,1103.01,996.98,71930370,824
2013-04-19,10000002,40,2415.02,2497.98,2409.02,8220187,636
2013-04-19,10000002,11399,8734.99,8755.94,8531,680978,223
2013-04-20,10000002,34,5.56,5.65,5.5,20647170579,2495
2013-04-20,10000002,35,14.04,14.16,13.99,1525651370,1474
2013-04-20,10000002,36,45.32,45.54,44.4,1012516296,1425
2013-04-20,10000002,37,140.5,142.97,140.26,128698721,987
2013-04-20,10000002,38,800.63,824.91,800.09,53252392,1108
2013-04-20,10000002,39,1000,1000,963.08,15932074,757
2013-04-20,10000002,40,2492.72,2510,2404.54,16216630,715
2013-04-20,10000002,11399,8734.79,8734.88,8732.89,450283,169
2013-04-21,10000002,34,5.61,5.7,5.56,23699240673,2779
2013-04-21,10000002,35,14.13,14.29,14.02,4066243185,1739
2013-04-21,10000002,36,44.73,45.17,44.52,855117902,1456
2013-04-21,10000002,37,143.47,143.99,143.05,230317553,1099
2013-04-21,10000002,38,815.45,820.64,798.42,46937099,1181
2013-04-21,10000002,39,1019,1040,980.2,87045502,889
2013-04-21,10000002,40,2599.8,2799,2514,23672136,845
2013-04-21,10000002,11399,8779.15,9388.42,8732.8,1143722,210
2013-04-22,10000002,34,5.49,5.61,5.45,24564269372,2809
2013-04-22,10000002,35,14.07,14.29,13.98,4050389267,1766
2013-04-22,10000002,36,45.05,45.39,44.75,992766344,1619
2013-04-22,10000002,37,143,145.93,141.53,183653416,1215
2013-04-22,10000002,38,824.98,837,818.28,54082669,1355
2013-04-22,10000002,39,1126.76,1146.51,1000.08,25029494,968
2013-04-22,10000002,40,2499.13,2545,2425.23,11061649,862
2013-04-22,10000002,11399,9386.94,9386.97,9011.09,1701649,275
2013-04-23,10000002,34,5.53,5.6,5.49,28706356856,2935
2013-04-23,10000002,35,14.22,14.26,14.14,4525474943,2045
2013-04-23,10000002,36,44.87,45.41,44.71,1511105119,1799
2013-04-23,10000002,37,143.45,144.82,141.53,332385676,1423
2013-04-23,10000002,38,837.91,849.24,820.81,70034270,1458
2013-04-23,10000002,39,1072.94,1088.39,989.02,20767218,1075
2013-04-23,10000002,40,2634,2700,2542.99,21589565,976
2013-04-23,10000002,11399,9458.99,9459.48,9130.2,1433875,312
2013-04-24,10000002,34,5.52,5.62,5.43,29272779738,2892
2013-04-24,10000002,35,14.12,14.3,14.06,4923209264,2053
2013-04-24,10000002,36,44.46,45.31,44.17,1805107310,1865
2013-04-24,10000002,37,142.74,143.74,140.17,251331500,1334
2013-04-24,10000002,38,837.99,847.95,819.04,89249189,1488
2013-04-24,10000002,39,1005,1049.91,999.22,43738995,1107
2013-04-24,10000002,40,2550,2555.72,2500.41,21893569,981
2013-04-24,10000002,11399,9399.85,9459.34,9339,3522580,401
2013-04-25,10000002,34,5.51,5.71,5.46,39261629771,3090
2013-04-25,10000002,35,14.1,14.21,14.02,5351956704,2105
2013-04-25,10000002,36,43.46,44.93,43.33,1941587282,1879
2013-04-25,10000002,37,141.14,142.74,140.23,384635891,1494
2013-04-25,10000002,38,820.67,832.74,820.43,113901103,1605
2013-04-25,10000002,39,970,992,960.34,31293255,1146
2013-04-25,10000002,40,2480.78,2483.07,2438.96,27820218,1024
2013-04-25,10000002,11399,9460.31,9500,9250,1654170,347
2013-04-26,10000002,34,5.5,5.59,5.38,35852781445,3055
2013-04-26,10000002,35,13.96,14.1,13.77,6186585501,2083
2013-04-26,10000002,36,44.04,44.54,43.41,1908758351,1952
2013-04-26,10000002,37,141.87,142.92,138.22,381943996,1504
2013-04-26,10000002,38,836.87,838.87,819.24,114844987,1681
2013-04-26,10000002,39,960.07,986.98,920.5,48789693,1294
2013-04-26,10000002,40,2413.02,2512.85,2350,19957098,1167
2013-04-26,10000002,11399,9203.04,9436.32,9101.79,2161231,432
2013-04-27,10000002,34,5.1,5.23,5.06,42776943935,3435
2013-04-27,10000002,35,13.64,13.67,13.57,7868473079,2406
2013-04-27,10000002,36,43.05,43.49,40.49,2486301154,2143
2013-04-27,10000002,37,141.69,143.36,138.16,444923737,1592
2013-04-27,10000002,38,829.78,838.86,819.77,137112042,1804
2013-04-27,10000002,39,921,942.61,895.36,54897420,1355
2013-04-27,10000002,40,2484,2512.26,2379.05,24814839,1238
2013-04-27,10000002,11399,9014.78,9350.11,8500,2420649,412
2013-04-28,10000002,34,5.14,5.18,5.05,32369101103,3844
2013-04-28,10000002,35,13.25,13.38,13.05,8505292190,2562
2013-04-28,10000002,36,40.37,41.1,39.69,2920439792,2335
2013-04-28,10000002,37,138.03,139.89,138,467505612,1767
2013-04-28,10000002,38,805.15,836.5,803.73,121921369,1898
2013-04-28,10000002,39,900.02,926,873.01,89040444,1591
2013-04-28,10000002,40,2361.01,2446,2293,28934419,1361
2013-04-28,10000002,11399,8510.12,8799.97,8220,2870256,462
2013-04-29,10000002,34,5.23,5.27,5.2,43383588696,3349
2013-04-29,10000002,35,13.06,13.15,13,5275418216,2191
2013-04-29,10000002,36,39.89,41,39.76,1644007833,1997
2013-04-29,10000002,37,138.66,138.71,137.56,387090042,1559
2013-04-29,10000002,38,805.21,819.88,800.42,118466270,1636
2013-04-29,10000002,39,872,874.89,840,41868758,1310
2013-04-29,10000002,40,2290.01,2378,2220.56,18788662,1203
2013-04-29,10000002,11399,8100.01,8488.37,8001.11,2357356,411
2013-04-30,10000002,34,5.09,5.19,5.01,31668626813,2943
2013-04-30,10000002,35,13.02,13.19,12.16,5641798560,2073
2013-04-30,10000002,36,40.15,40.21,40.13,1707495581,1832
2013-04-30,10000002,37,132.41,140.5,131.96,319390207,1459
2013-04-30,10000002,38,800.06,808.59,787.3,88877872,1574
2013-04-30,10000002,39,845.23,866.9,830,40203919,1251
2013-04-30,10000002,40,2326.26,2328.93,2225.03,12537502,1095
2013-04-30,10000002,11399,8410,8418.76,8002.2,1474266,382
2013-05-01,10000002,34,4.95,5.02,4.9,37122699092,3327
2013-05-01,10000002,35,12.58,12.81,12.41,8442511025,2340
2013-05-01,10000002,36,39.04,40.25,38.41,2679777637,2135
2013-05-01,10000002,37,138.48,139.29,132.71,482384690,1615
2013-05-01,10000002,38,800.18,817.56,790,191595503,1922
2013-05-01,10000002,39,827.17,860,823,61335709,1362
2013-05-01,10000002,40,2319.47,2324.44,2245.02,24248029,1223
2013-05-01,10000002,11399,8002.08,8394.76,7350,3188397,463
2013-05-02,10000002,34,5.01,5.07,4.99,37608839163,3487
2013-05-02,10000002,35,12.53,12.97,12.16,6775342289,2415
2013-05-02,10000002,36,38.89,39.79,37.21,1954908794,2139
2013-05-02,10000002,37,132.72,136.95,132.55,311623089,1583
2013-05-02,10000002,38,789.18,810.35,785.8,113120575,1804
2013-05-02,10000002,39,857.33,864.93,857.15,62087585,1326
2013-05-02,10000002,40,2317,2318.9,2271.57,13240175,1188
2013-05-02,10000002,11399,8299.98,8393.96,8000.11,1876151,350
2013-05-03,10000002,34,5.17,5.29,5.12,39320066743,3826
2013-05-03,10000002,35,13.13,13.3,13.05,9093825444,2640
2013-05-03,10000002,36,40.01,41,39.58,2690484097,2390
2013-05-03,10000002,37,137.04,137.45,136.93,469221868,1659
2013-05-03,10000002,38,812.5,819.1,798.12,128880202,1915
2013-05-03,10000002,39,884.98,908.87,884.47,47712528,1364
2013-05-03,10000002,40,2324.44,2364.44,2318.96,23334948,1250
2013-05-03,10000002,11399,8347.88,8347.88,8347.87,1625673,351
2013-05-04,10000002,34,5.24,5.38,5.19,39837318558,4159
2013-05-04,10000002,35,13.58,13.74,13.51,7954727187,3135
2013-05-04,10000002,36,41.53,42.72,41.1,3565777537,2932
2013-05-04,10000002,37,141.31,142.99,139.49,530624441,1996
2013-05-04,10000002,38,833.7,837.7,810.17,142627838,2175
2013-05-04,10000002,39,937.49,938.35,910.27,45257933,1470
2013-05-04,10000002,40,2392.01,2444.39,2389.76,19462226,1318
2013-05-04,10000002,11399,8349.47,8349.5,8214.9,2109556,402
2013-05-05,10000002,34,5.26,5.29,5.25,42842282799,4097
2013-05-05,10000002,35,13.54,13.76,13.5,9416986025,2817
2013-05-05,10000002,36,42.09,43.19,42,2614470353,2475
2013-05-05,10000002,37,140.07,145.88,140,549574994,1726
2013-05-05,10000002,38,826.01,840,826,225532639,1950
2013-05-05,10000002,39,921.87,938.35,920.24,62328768,1370
2013-05-05,10000002,40,2350,2350,2350,41442882,1233
2013-05-05,10000002,11399,8698.5,8698.51,8349.98,2682928,345
2013-05-06,10000002,34,5.19,5.25,5.17,22353766536,3075
2013-05-06,10000002,35,13.52,13.8,13.5,5629604872,2146
2013-05-06,10000002,36,42.02,42.9,42,1813852218,1975
2013-05-06,10000002,37,143.98,145.8,141.16,289091597,1398
2013-05-06,10000002,38,840,847.58,829.43,105211797,1622
2013-05-06,10000002,39,949.85,949.85,949,44485390,1144
2013-05-06,10000002,40,2444.23,2480,2444.16,18361404,987
2013-05-06,10000002,11399,8698.55,9155.7,8305.05,1314918,275
2013-05-07,10000002,34,5.26,5.33,5.23,37059836831,3654
2013-05-07,10000002,35,13.62,13.75,13.6,9390908488,2596
2013-05-07,10000002,36,42.66,42.96,42.36,1987111559,2305
2013-05-07,10000002,37,143.54,144.24,142.28,547768687,1699
2013-05-07,10000002,38,831.27,852.59,829.27,202647009,1936
2013-05-07,10000002,39,1047.19,1061.99,1042.14,155177845,1453
2013-05-07,10000002,40,2460,2492.6,2385,34109597,1217
2013-05-07,10000002,11399,8600.6,8904.99,8306,2624931,383
2013-05-08,10000002,34,5.35,5.38,5.32,35332758943,3563
2013-05-08,10000002,35,13.54,13.66,13.5,7048392141,2429
2013-05-08,10000002,36,42.32,42.78,42.17,2022895649,2216
2013-05-08,10000002,37,140.28,142.82,140.15,652398309,1631
2013-05-08,10000002,38,831.11,840,828.62,97261331,1731
2013-05-08,10000002,39,1046,1047.8,1020,40649189,1283
2013-05-08,10000002,40,2405,2444.99,2376.24,15715649,1126
2013-05-08,10000002,11399,8300,8300,8300,3084793,375
2013-05-09,10000002,34,5.4,5.43,5.35,35728536577,3752
2013-05-09,10000002,35,13.71,13.86,13.55,8661877767,2659
2013-05-09,10000002,36,43.06,44.22,42.7,3078854679,2481
2013-05-09,10000002,37,144.78,146.22,141.25,540493254,1785
2013-05-09,10000002,38,847.18,854.63,831.24,141319880,1970
2013-05-09,10000002,39,1013.94,1013.97,990.2,39323847,1433
2013-05-09,10000002,40,2390.35,2437.19,2375,27365162,1288
2013-05-09,10000002,11399,8742.32,8744.89,8644,1296503,406
2013-05-10,10000002,34,5.51,5.58,5.44,39740647561,3756
2013-05-10,10000002,35,13.68,13.83,13.39,6311105706,2540
2013-05-10,10000002,36,43.4,44.13,43,1964152629,2354
2013-05-10,10000002,37,142.06,144.91,141.58,492346191,1636
2013-05-10,10000002,38,858.98,875.62,843,110019223,1810
2013-05-10,10000002,39,1024.97,1038.75,999,32256781,1251
2013-05-10,10000002,40,2375,2375,2375,54446333,1172
2013-05-10,10000002,11399,8630.15,8738.11,8240.3,1526010,393
2013-05-11,10000002,34,5.45,5.51,5.4,32863691953,4091
2013-05-11,10000002,35,13.79,13.98,13.69,6138905637,2881
2013-05-11,10000002,36,44.3,44.8,43.36,2034326570,2591
2013-05-11,10000002,37,145.45,145.65,143.57,462345792,1941
2013-05-11,10000002,38,862.08,867.97,853,116732135,2050
2013-05-11,10000002,39,1002.5,1012,975.22,48166113,1474
2013-05-11,10000002,40,2400,2410.16,2376.28,21761745,1263
2013-05-11,10000002,11399,8624.99,8629,8481.02,2227322,404
2013-05-12,10000002,34,5.41,5.47,5.37,29814369513,4140
2013-05-12,10000002,35,13.61,13.74,13.51,5628225206,2865
2013-05-12,10000002,36,43.09,43.99,42.5,1858128038,2626
2013-05-12,10000002,37,144.5,150.9,143.28,415912189,1951
2013-05-12,10000002,38,883.95,899.97,866.12,127498477,2210
2013-05-12,10000002,39,995.7,997.44,946.42,27720136,1510
2013-05-12,10000002,40,2429,2430.97,2400.06,15394223,1384
2013-05-12,10000002,11399,8699.66,8742.4,8400,1971360,416
2013-05-13,10000002,34,5.39,5.46,5.35,35428764603,3358
2013-05-13,10000002,35,13.46,13.55,13.32,5657581969,2299
2013-05-13,10000002,36,43.09,43.25,42.47,1938140954,2081
2013-05-13,10000002,37,146.51,146.59,143.39,358541136,1561
2013-05-13,10000002,38,899,902.61,881.5,94373257,1765
2013-05-13,10000002,39,977.54,995.32,970.02,37497750,1233
2013-05-13,10000002,40,2382.21,2437.75,2375.12,16974811,1129
2013-05-13,10000002,11399,8741.82,8743,8741.69,2024072,374
2013-05-14,10000002,34,5.43,5.46,5.4,31955652542,3517
2013-05-14,10000002,35,13.47,13.56,13.39,6083286991,2498
2013-05-14,10000002,36,43.26,43.47,42.46,1680789174,2212
2013-05-14,10000002,37,145.98,146.58,143.37,340117107,1664
2013-05-14,10000002,38,895,903.92,890.18,90868935,1831
2013-05-14,10000002,39,981.67,983,970.37,29039285,1319
2013-05-14,10000002,40,2433.99,2434.98,2333.07,15420200,1198
2013-05-14,10000002,11399,8311.13,8695.42,8299.73,2288749,381
2013-05-15,10000002,34,5.44,5.49,5.42,31974268955,3475
2013-05-15,10000002,35,13.46,13.52,13.39,5476999085,2322
2013-05-15,10000002,36,42.9,43.4,42.26,1497959176,2110
2013-05-15,10000002,37,147.37,151,146.07,342179573,1562
2013-05-15,10000002,38,912.01,927.92,905.42,118758009,1834
2013-05-15,10000002,39,982.87,992.4,981.87,28784953,1228
2013-05-15,10000002,40,2420.41,2449.94,2381.06,12547047,1103
2013-05-15,10000002,11399,8741.83,8744.49,8403.06,2317775,386
2013-05-16,10000002,34,5.48,5.53,5.44,29211143328,3410
2013-05-16,10000002,35,13.58,13.65,13.45,5500525908,2411
2013-05-16,10000002,36,42.98,43.7,42.15,1845069155,2172
2013-05-16,10000002,37,150,152.92,147,386917599,1744
2013-05-16,10000002,38,928,929.84,905.5,111773376,1861
2013-05-16,10000002,39,983.85,989.99,958.95,29957629,1266
2013-05-16,10000002,40,2376.15,2449.97,2350,21190331,1086
2013-05-16,10000002,11399,8400.01,8650,8400,2692857,358
2013-05-17,10000002,34,5.39,5.45,5.37,33978612077,3257
2013-05-17,10000002,35,13.56,13.68,13.49,5202614101,2268
2013-05-17,10000002,36,44.06,44.59,44,2114662488,2211
2013-05-17,10000002,37,151.36,154.62,150.14,390950512,1648
2013-05-17,10000002,38,910.34,926.9,910.25,95010174,1778
2013-05-17,10000002,39,985,998.92,972.11,24381260,1278
2013-05-17,10000002,40,2446.43,2449.67,2412,10302831,1082
2013-05-17,10000002,11399,8460.14,8733.57,8401,1792723,350
2013-05-18,10000002,34,5.45,5.53,5.38,39975530832,4132
2013-05-18,10000002,35,13.59,13.72,13.5,7759462840,2986
2013-05-18,10000002,36,45,45,45,3826823663,2749
2013-05-18,10000002,37,154.15,154.86,150.54,447851381,2033
2013-05-18,10000002,38,910.6,924.5,910,125453875,2213
2013-05-18,10000002,39,991.47,998.5,968.19,31371364,1572
2013-05-18,10000002,40,2440.95,2444.87,2377.32,16575340,1412
2013-05-18,10000002,11399,8699.99,8726,8401.07,1937317,407
2013-05-19,10000002,34,5.43,5.48,5.42,29511233670,4351
2013-05-19,10000002,35,13.48,13.68,13.34,5368844300,2955
2013-05-19,10000002,36,44.5,45.01,44.34,2072164356,2751
2013-05-19,10000002,37,151.72,154.98,151.36,398653161,2042
2013-05-19,10000002,38,926,960.7,922.24,88852560,2172
2013-05-19,10000002,39,1008.48,1009.5,990.07,30289647,1567
2013-05-19,10000002,40,2434.89,2446.4,2387.18,11756158,1433
2013-05-19,10000002,11399,8723.98,8724.97,8425.56,1767827,426
2013-05-20,10000002,34,5.41,5.44,5.4,28513687559,3634
2013-05-20,10000002,35,13.51,13.57,13.38,5600482900,2604
2013-05-20,10000002,36,45,45.01,45,2588884159,2440
2013-05-20,10000002,37,155.01,155.35,155,544643725,1852
2013-05-20,10000002,38,926.49,943.28,926.29,118709943,2067
2013-05-20,10000002,39,992.11,1022.81,987,32286743,1451
2013-05-20,10000002,40,2509.97,2519.6,2405.01,14674570,1335
2013-05-20,10000002,11399,8699.91,8708.99,8351.13,1669204,415
2013-05-21,10000002,34,5.42,5.45,5.4,24996494529,3120
2013-05-21,10000002,35,13.41,13.59,13.3,4883500727,2200
2013-05-21,10000002,36,43.94,44.18,42.82,1349529195,1915
2013-05-21,10000002,37,155.03,157.62,155,363629065,1512
2013-05-21,10000002,38,935.15,942.37,935,124495626,1718
2013-05-21,10000002,39,995.44,1007.9,995,47783203,1238
2013-05-21,10000002,40,2449,2489.64,2420.13,18555854,1182
2013-05-21,10000002,11399,8650,8696.99,8462.95,1484127,380
2013-05-22,10000002,34,5.32,5.43,5.24,23335003212,3224
2013-05-22,10000002,35,13.37,13.45,13.24,4108868867,2221
2013-05-22,10000002,36,43.02,43.49,42.82,1558922740,2069
2013-05-22,10000002,37,157.8,157.8,157.8,564840900,1560
2013-05-22,10000002,38,952.99,957.38,929.39,99668124,1734
2013-05-22,10000002,39,1019.98,1022.98,997.02,22867102,1160
2013-05-22,10000002,40,2480,2488.94,2407.03,12465133,1091
2013-05-22,10000002,11399,8508.96,8668.84,8501.05,1881748,351
2013-05-23,10000002,34,5.32,5.37,5.28,23709257045,3287
2013-05-23,10000002,35,13.35,13.44,13.26,4908454523,2325
2013-05-23,10000002,36,42.38,43.35,41.96,1551207563,2076
2013-05-23,10000002,37,155.24,157.24,155,394484882,1538
2013-05-23,10000002,38,931,949.37,926.66,98720791,1732
2013-05-23,10000002,39,1014.99,1022.92,999.58,24587575,1260
2013-05-23,10000002,40,2494.84,2494.91,2445,11388007,1129
2013-05-23,10000002,11399,8501,8668.8,8459,2053479,376
2013-05-24,10000002,34,5.33,5.38,5.24,30520398809,3399
2013-05-24,10000002,35,13.31,13.42,13.23,6326701725,2315
2013-05-24,10000002,36,42.52,43.16,41.57,1709559446,2051
2013-05-24,10000002,37,155.1,157.64,155,494402123,1608
2013-05-24,10000002,38,926.5,953.93,921.67,118538511,1775
2013-05-24,10000002,39,1024,1042,1021.15,48428725,1313
2013-05-24,10000002,40,2519.98,2539.87,2479.29,14787798,1141
2013-05-24,10000002,11399,8550,8663.64,7950.01,2277542,366
2013-05-25,10000002,34,5.37,5.41,5.33,29625381812,3807
2013-05-25,10000002,35,13.42,13.48,13.29,6008018045,2704
2013-05-25,10000002,36,42.57,43.21,41.72,1725632685,2343
2013-05-25,10000002,37,156.3,157.6,152.85,393234464,1846
2013-05-25,10000002,38,935.09,944,928.5,103506732,1982
2013-05-25,10000002,39,1060.02,1078.99,1050,35482005,1464
2013-05-25,10000002,40,2500,2538.59,2473.23,13483495,1333
2013-05-25,10000002,11399,8600,8661.9,8305,1489950,356
2013-05-26,10000002,34,5.29,5.36,5.25,26822165243,4005
2013-05-26,10000002,35,13.27,13.46,13.2,7075413228,2898
2013-05-26,10000002,36,42.05,42.72,41.9,1878602165,2591
2013-05-26,10000002,37,153.75,156.88,153.54,464695009,2046
2013-05-26,10000002,38,935.11,948.77,933.18,135534614,2096
2013-05-26,10000002,39,1033.16,1052.04,1016.01,48036957,1607
2013-05-26,10000002,40,2455.17,2538.54,2450,21242687,1412
2013-05-26,10000002,11399,8661,8661.78,8317.14,1532766,467
2013-05-27,10000002,34,5.29,5.4,5.26,34879302707,3767
2013-05-27,10000002,35,13.31,13.4,13.2,5615841431,2569
2013-05-27,10000002,36,43,43.22,42.31,2520559393,2448
2013-05-27,10000002,37,154.85,156.82,153.23,411080227,1802
2013-05-27,10000002,38,955.77,958.98,940,115692302,1983
2013-05-27,10000002,39,1069.19,1072.84,1048.93,25346803,1428
2013-05-27,10000002,40,2594.7,2595.83,2507.79,11063504,1279
2013-05-27,10000002,11399,8663.71,8700,8659.99,2636668,436
2013-05-28,10000002,34,5.44,5.48,5.4,36794026179,3608
2013-05-28,10000002,35,13.46,13.49,13.41,6200388291,2389
2013-05-28,10000002,36,42.87,43.18,42.77,1593174969,2104
2013-05-28,10000002,37,152.26,153.89,151.54,325387906,1611
2013-05-28,10000002,38,978.88,984.76,971.38,129685093,1836
2013-05-28,10000002,39,1069.88,1072.81,1063.18,28761224,1269
2013-05-28,10000002,40,2587.08,2594.7,2538.12,9852945,1167
2013-05-28,10000002,11399,8904.95,8999.9,8620.01,1579616,360
2013-05-29,10000002,34,5.4,5.43,5.37,31687549880,3534
2013-05-29,10000002,35,13.47,13.5,13.43,6053824177,2422
2013-05-29,10000002,36,42.68,43.05,42.6,2185263625,2227
2013-05-29,10000002,37,152.51,155.33,152.39,320722950,1637
2013-05-29,10000002,38,985.02,991.06,980,150758019,1971
2013-05-29,10000002,39,1094.98,1098.99,1081.16,29102162,1314
2013-05-29,10000002,40,2595.43,2598,2552,18813348,1240
2013-05-29,10000002,11399,8997.48,8998.95,8665,1749560,410
2013-05-30,10000002,34,5.46,5.53,5.41,30475630753,3540
2013-05-30,10000002,35,13.59,13.66,13.51,6924647798,2500
2013-05-30,10000002,36,43,43.51,42.52,1774096820,2224
2013-05-30,10000002,37,155.36,155.7,151.6,379777450,1697
2013-05-30,10000002,38,1028.25,1062.46,1000.28,130243064,2092
2013-05-30,10000002,39,1067.99,1092,1057.01,52377948,1450
2013-05-30,10000002,40,2530,2596.85,2507.83,13547186,1230
2013-05-30,10000002,11399,8999.75,9900,8753.09,1843447,382
2013-05-31,10000002,34,5.44,5.5,5.42,29098321449,3235
2013-05-31,10000002,35,13.65,13.72,13.6,5628263277,2288
2013-05-31,10000002,36,42.25,43.83,42.09,1959378641,2036
2013-05-31,10000002,37,155.6,155.97,152.92,359421733,1578
2013-05-31,10000002,38,1003,1036,995.02,117889519,1755
2013-05-31,10000002,39,1010,1068.03,1000.17,42816246,1272
2013-05-31,10000002,40,2522,2594,2466.05,17235768,1136
2013-05-31,10000002,11399,9010.09,9500,8765.09,3826370,432
2013-06-01,10000002,34,5.54,5.57,5.49,50233211101,4049
2013-06-01,10000002,35,13.65,13.69,13.59,6223326942,2595
2013-06-01,10000002,36,41.88,42.1,40.73,1948986360,2273
2013-06-01,10000002,37,156,156.75,155,458217923,1889
2013-06-01,10000002,38,1033.6,1036.91,1014.24,143168679,2074
2013-06-01,10000002,39,1068,1068.06,1050.8,29427523,1452
2013-06-01,10000002,40,2593.41,2595.75,2501.61,19494473,1300
2013-06-01,10000002,11399,9299.91,9391,8800.08,1820700,372
2013-06-02,10000002,34,5.54,5.6,5.5,16968401497,1852
2013-06-02,10000002,35,13.55,13.69,13.48,2738583519,1223
2013-06-02,10000002,36,41.96,42.14,40.74,1037934906,1138
2013-06-02,10000002,37,157,158.94,152.33,208522370,877
2013-06-02,10000002,38,1048.86,1051.92,1043.11,57204308,997
2013-06-02,10000002,39,1069.8,1089.51,1046.02,24162786,713
2013-06-02,10000002,40,2600,2694.7,2586.6,8190094,640
2013-06-02,10000002,11399,8800.63,9002.07,8773.05,2186899,276
2013-06-03,10000002,34,5.5,5.62,5.41,31499253036,2842
2013-06-03,10000002,35,13.7,13.9,13.6,6256182155,2092
2013-06-03,10000002,36,41.46,42.2,41.07,1969603523,1921
2013-06-03,10000002,37,158.79,159.12,155.21,324091264,1375
2013-06-03,10000002,38,1118.01,1155.48,1050.7,160442836,1837
2013-06-03,10000002,39,1080,1097.14,1062.28,29684377,1095
2013-06-03,10000002,40,2611.84,2692.88,2609,15714401,1092
2013-06-03,10000002,11399,8873.86,8874.71,8235.07,1665015,344
2013-06-04,10000002,34,5.49,5.66,5.43,23393279353,3457
2013-06-04,10000002,35,13.93,14.1,13.69,4577083856,2458
2013-06-04,10000002,36,41.86,43.64,40.38,1467313556,2160
2013-06-04,10000002,37,157,166.12,156.1,303164591,1664
2013-06-04,10000002,38,1090.01,1157,1062.17,84244452,1816
2013-06-04,10000002,39,1043.23,1053.23,981.8,51272140,1219
2013-06-04,10000002,40,2586.83,2607,2412.22,24114588,1214
2013-06-04,10000002,11399,8789.99,8800,8261.02,2578607,400
2013-06-05,10000002,34,5.33,5.41,5.29,28081362414,3978
2013-06-05,10000002,35,13.52,13.69,13.45,4853504543,2691
2013-06-05,10000002,36,41,42.24,40.41,1663094959,2399
2013-06-05,10000002,37,152.3,153.84,146.65,309434925,1853
2013-06-05,10000002,38,969.99,1010,942.03,133039477,2072
2013-06-05,10000002,39,953,984.95,948,38316119,1433
2013-06-05,10000002,40,2403.52,2484.93,2306.56,31138475,1382
2013-06-05,10000002,11399,8523,8649.99,8256.48,2652876,420
2013-06-06,10000002,34,5.26,5.31,5.23,26708735466,3903
2013-06-06,10000002,35,13.45,13.68,13.38,4870859694,2627
2013-06-06,10000002,36,42,42.33,40.94,1546615707,2382
2013-06-06,10000002,37,150.49,151,146.74,282579328,1830
2013-06-06,10000002,38,910,930.01,901.22,137590106,2094
2013-06-06,10000002,39,907.16,910.08,893.01,67290757,1576
2013-06-06,10000002,40,2299,2330,2070,42371897,1509
2013-06-06,10000002,11399,8098.99,8255.1,7930,3615065,428
2013-06-07,10000002,34,5.24,5.31,5.12,37128035061,4012
2013-06-07,10000002,35,13.33,13.42,13.25,5087543351,2752
2013-06-07,10000002,36,40.9,41.75,40.56,1468620948,2506
2013-06-07,10000002,37,149.14,151.98,147.78,344957576,1948
2013-06-07,10000002,38,919.12,929.95,908.14,113888379,1967
2013-06-07,10000002,39,821.08,869.98,800.11,77023290,1617
2013-06-07,10000002,40,2102.03,2311.77,2081,32361807,1494
2013-06-07,10000002,11399,7500,7796.9,7401,4383269,484
2013-06-08,10000002,34,5.31,5.34,5.29,27070021483,4711
2013-06-08,10000002,35,13.25,13.3,13.17,4650130369,2955
2013-06-08,10000002,36,40.72,41.29,40.67,1930384428,2646
2013-06-08,10000002,37,148.06,149.9,144.98,314916818,2120
2013-06-08,10000002,38,919.98,930.08,905.17,98683605,2211
2013-06-08,10000002,39,849,858.59,826,59304109,1770
2013-06-08,10000002,40,2130,2207.04,2118,26714392,1702
2013-06-08,10000002,11399,7798.88,7994.98,7609.18,2079304,451
2013-06-09,10000002,34,5.28,5.33,5.22,28858735036,5283
2013-06-09,10000002,35,13.08,13.14,13,5894764426,3565
2013-06-09,10000002,36,40.71,41.12,40.39,2279585943,3281
2013-06-09,10000002,37,144.09,146.46,143.79,355790958,2421
2013-06-09,10000002,38,912,914.99,900.14,114611917,2561
2013-06-09,10000002,39,829.98,840.2,812.08,60017576,2012
2013-06-09,10000002,40,2144,2195,2131.05,23631085,1873
2013-06-09,10000002,11399,7703.19,8084.92,7504.1,3209448,472
2013-06-10,10000002,34,5.3,5.35,5.26,29712072050,4437
2013-06-10,10000002,35,13.06,13.14,12.97,4418737248,2847
2013-06-10,10000002,36,40.34,40.73,40.25,1584596081,2609
2013-06-10,10000002,37,143.98,146.34,141.27,314560925,2105
2013-06-10,10000002,38,895.99,910.8,864.08,88616504,2178
2013-06-10,10000002,39,833,856.98,816.49,37256988,1657
2013-06-10,10000002,40,2120,2152.03,2068.37,19223992,1544
2013-06-10,10000002,11399,7994.92,7999.97,7730.17,1844103,420
2013-06-11,10000002,34,5.35,5.37,5.33,28760157490,4211
2013-06-11,10000002,35,13.23,13.27,13.14,5642689868,2791
2013-06-11,10000002,36,40.23,40.78,40.13,1664002274,2491
2013-06-11,10000002,37,143.04,144.76,142.52,347094646,2019
2013-06-11,10000002,38,909.98,910.89,904.16,90143237,2064
2013-06-11,10000002,39,834.99,840,834.15,25403182,1586
2013-06-11,10000002,40,2153.14,2167.93,2140,16002878,1561
2013-06-11,10000002,11399,7969.74,7970,7810.09,1621965,384
2013-06-12,10000002,34,5.32,5.33,5.31,30735700888,4201
2013-06-12,10000002,35,13.16,13.22,13.02,4359631139,2848
2013-06-12,10000002,36,39.32,40.22,39.13,1317731320,2499
2013-06-12,10000002,37,141.88,144.69,141.3,320790342,1934
2013-06-12,10000002,38,905.05,909.94,905.02,102506759,2135
2013-06-12,10000002,39,829,838,803.01,31989700,1571
2013-06-12,10000002,40,2125,2160.86,2105.7,20570909,1464
2013-06-12,10000002,11399,7950,7958.94,7812.23,1696214,407
2013-06-13,10000002,34,5.36,5.45,5.31,50332509627,4281
2013-06-13,10000002,35,13.03,13.21,12.99,6206593777,2779
2013-06-13,10000002,36,40.29,40.47,39.43,2091331095,2524
2013-06-13,10000002,37,141.28,143.85,140.35,339732292,1859
2013-06-13,10000002,38,894.2,910,875,108728557,1981
2013-06-13,10000002,39,820,829.29,803,56901027,1575
2013-06-13,10000002,40,2100,2105.65,2075.01,30223634,1430
2013-06-13,10000002,11399,7791.03,7949.99,7721.09,2166836,394
2013-06-14,10000002,34,5.26,5.31,5.23,30531757596,4057
2013-06-14,10000002,35,12.99,13.12,12.93,4092145798,2672
2013-06-14,10000002,36,38.6,39.83,38.32,1336115524,2302
2013-06-14,10000002,37,137.79,140,135.37,330418617,1823
2013-06-14,10000002,38,889.94,894.93,871.09,89128580,1899
2013-06-14,10000002,39,808.97,810,799.97,35332985,1461
2013-06-14,10000002,40,2104.9,2148.74,2065,20839238,1265
2013-06-14,10000002,11399,7848.98,7850,7757.06,1740466,353
2013-06-15,10000002,34,5.18,5.33,5.11,34421932094,4543
2013-06-15,10000002,35,13.01,13.07,12.96,5243634519,3035
2013-06-15,10000002,36,38.89,39.38,38.43,1492364920,2695
2013-06-15,10000002,37,137.51,137.57,133.57,312065981,2142
2013-06-15,10000002,38,891.68,896.99,876.97,82149928,2135
2013-06-15,10000002,39,790.32,809.97,760,52291923,1681
2013-06-15,10000002,40,2100,2102.88,2073.18,17011860,1513
2013-06-15,10000002,11399,7954.67,7954.94,7918.14,1571515,416
2013-06-16,10000002,34,5.15,5.2,5.1,25793412634,4554
2013-06-16,10000002,35,13.07,13.11,13,4779684974,3202
2013-06-16,10000002,36,39.37,39.71,39.15,2032060126,2924
2013-06-16,10000002,37,136,137.65,134.32,311742154,2249
2013-06-16,10000002,38,878.24,885,875.47,108553091,2400
2013-06-16,10000002,39,809.8,811,794.99,46351037,1823
2013-06-16,10000002,40,2069.99,2100,2006.35,21539515,1655
2013-06-16,10000002,11399,7759,7902.99,7226.89,2462443,477
2013-06-17,10000002,34,5.11,5.17,5.08,19955049574,4104
2013-06-17,10000002,35,13.02,13.11,12.98,5222851931,2806
2013-06-17,10000002,36,39.08,39.37,38.58,1482717350,2563
2013-06-17,10000002,37,137,137.86,135.09,332578684,1954
2013-06-17,10000002,38,875.04,890.9,860.25,82944926,2069
2013-06-17,10000002,39,798.99,805,781.39,31776769,1602
2013-06-17,10000002,40,2053.16,2080,2010,16357689,1456
2013-06-17,10000002,11399,7900,7999.92,7400.14,2073322,381
2013-06-18,10000002,34,5.1,5.18,5.05,23662093186,3726
2013-06-18,10000002,35,12.98,13.08,12.63,4752586966,2518
2013-06-18,10000002,36,38.57,39.17,38.05,1551793865,2304
2013-06-18,10000002,37,135.15,137.86,131.29,259434678,1777
2013-06-18,10000002,38,869.87,872.94,852.07,67967830,1881
2013-06-18,10000002,39,801.87,804.96,782.23,44755817,1447
2013-06-18,10000002,40,2073.21,2078.4,2008.4,11457507,1343
2013-06-18,10000002,11399,7996.9,7997.44,7989.4,1044913,351
2013-06-19,10000002,34,5.17,5.19,5.13,20556347388,3710
2013-06-19,10000002,35,13.05,13.1,13,6465512015,2701
2013-06-19,10000002,36,38.54,38.65,38.22,1728830942,2385
2013-06-19,10000002,37,134.44,134.75,131.54,374916854,1879
2013-06-19,10000002,38,858.25,868.85,855.09,99849400,2015
2013-06-19,10000002,39,801.17,830.84,760,34759569,1619
2013-06-19,10000002,40,2008.5,2074.98,2005.03,25504314,1495
2013-06-19,10000002,11399,7995.99,7997,7800,1673756,397
2013-06-20,10000002,34,5.19,5.21,5.16,22581433251,3832
2013-06-20,10000002,35,13.19,13.28,13.13,4310940326,2678
2013-06-20,10000002,36,39.13,39.84,38.57,1751973664,2443
2013-06-20,10000002,37,134.88,136.97,132.7,309678677,1821
2013-06-20,10000002,38,868.34,868.5,856.08,118940420,2009
2013-06-20,10000002,39,815.96,849.01,801.13,39121890,1546
2013-06-20,10000002,40,2049.99,2119.98,2004.5,25916989,1401
2013-06-20,10000002,11399,8347.86,8350,8000.02,1806027,330
2013-06-21,10000002,34,5.19,5.27,5.17,27787120314,3739
2013-06-21,10000002,35,13.55,13.75,13.43,6523721020,2725
2013-06-21,10000002,36,39.75,40.98,39.53,1803142881,2453
2013-06-21,10000002,37,136.25,139.99,134.01,365866399,1853
2013-06-21,10000002,38,857.14,880.97,856.16,103806988,1985
2013-06-21,10000002,39,843.99,850.09,823.17,34330582,1441
2013-06-21,10000002,40,2078,2147.93,2039.06,15562298,1278
2013-06-21,10000002,11399,7919.99,8246.69,7804.2,2263580,368
2013-06-22,10000002,34,5.19,5.25,5.16,21431738638,4094
2013-06-22,10000002,35,13.82,13.84,13.64,5838153642,2989
2013-06-22,10000002,36,39.76,40.47,39.54,2511711981,2720
2013-06-22,10000002,37,136.02,138.92,135.11,297395588,1975
2013-06-22,10000002,38,862.5,875.27,858.63,82592848,2079
2013-06-22,10000002,39,870,889.97,849.25,23527638,1517
2013-06-22,10000002,40,2069.92,2119.98,2011.01,12958921,1417
2013-06-22,10000002,11399,8246,8246.19,8198.87,1435860,399
2013-06-23,10000002,34,5.14,5.19,5.11,24948429086,4627
2013-06-23,10000002,35,13.33,13.36,13.19,5832783375,3234
2013-06-23,10000002,36,39.64,40.14,39.58,1847739474,2982
2013-06-23,10000002,37,137,138.42,136.02,342724957,2220
2013-06-23,10000002,38,860.12,873.99,857.01,105080444,2346
2013-06-23,10000002,39,875.01,889.96,871,26522823,1764
2013-06-23,10000002,40,2096.98,2115.61,2016.38,25380371,1703
2013-06-23,10000002,11399,8198.85,8399.07,7842.04,2231886,481
2013-06-24,10000002,34,5.16,5.18,5.12,26832555034,4093
2013-06-24,10000002,35,13.23,13.38,13.2,7322057030,2950
2013-06-24,10000002,36,39.59,40.01,39.44,2024529289,2545
2013-06-24,10000002,37,135.99,137.23,134.2,386828489,2005
2013-06-24,10000002,38,864.7,884,858.02,171163315,2296
2013-06-24,10000002,39,872.11,894,850,25945148,1545
2013-06-24,10000002,40,2050.02,2107,2015.1,24281656,1487
2013-06-24,10000002,11399,8601.15,8985.84,8291,1886441,457
2013-06-25,10000002,34,5.19,5.25,5.13,35412554649,3981
2013-06-25,10000002,35,13.4,13.82,13.31,9277577840,2710
2013-06-25,10000002,36,39.75,41.25,39.54,3047044804,2529
2013-06-25,10000002,37,137.95,145,132.53,557099374,1893
2013-06-25,10000002,38,870,900,856.53,123522051,2028
2013-06-25,10000002,39,843.2,883.94,828,52925661,1582
2013-06-25,10000002,40,2084.99,2100,2008.83,21939999,1386
2013-06-25,10000002,11399,8373.14,8699.97,8364,1755988,405
2013-06-26,10000002,34,5.13,5.18,5.09,23831036511,3635
2013-06-26,10000002,35,13.27,13.39,13.11,6583759995,2618
2013-06-26,10000002,36,39.31,39.44,38.91,1649183683,2280
2013-06-26,10000002,37,135.32,135.9,133.75,336047859,1814
2013-06-26,10000002,38,860.88,871.75,856.03,104700434,1972
2013-06-26,10000002,39,800.9,810,790,39306179,1476
2013-06-26,10000002,40,2009.03,2069.5,2008,17066805,1313
2013-06-26,10000002,11399,8410.01,8598.96,8373.01,2152344,395
2013-06-27,10000002,34,5.1,5.12,5.08,23030347764,3555
2013-06-27,10000002,35,13.36,13.7,13.31,4397747288,2565
2013-06-27,10000002,36,39.99,40.19,39.8,1755776259,2349
2013-06-27,10000002,37,138.01,138.4,137.13,317300955,1798
2013-06-27,10000002,38,860.88,871.98,858.17,86719233,1869
2013-06-27,10000002,39,802,802.21,782.32,41909185,1496
2013-06-27,10000002,40,2010.25,2072.89,2001.05,19783675,1378
2013-06-27,10000002,11399,8148.84,8298.98,8005.03,1751693,428
2013-06-28,10000002,34,5.08,5.12,5.06,17862926761,3477
2013-06-28,10000002,35,13.16,13.18,13.06,4748416078,2404
2013-06-28,10000002,36,39.95,40.8,39.83,1662854088,2338
2013-06-28,10000002,37,138.23,140.7,138.1,308965579,1786
2013-06-28,10000002,38,860.08,872.85,858.64,72263149,1810
2013-06-28,10000002,39,801.25,810,786.59,32696906,1373
2013-06-28,10000002,40,2013.26,2104.8,2003.09,13903518,1298
2013-06-28,10000002,11399,8100,8148.68,7901.28,1832991,382
2013-06-29,10000002,34,5.07,5.12,5.05,25742659224,3840
2013-06-29,10000002,35,13.05,13.09,12.98,5357560869,2619
2013-06-29,10000002,36,39.97,40.25,39.94,1960220503,2478
2013-06-29,10000002,37,140.75,141.21,138.5,343575342,1918
2013-06-29,10000002,38,868.88,873.9,858.15,113139702,1993
2013-06-29,10000002,39,782,785,782,59662836,1523
2013-06-29,10000002,40,2056.99,2089.85,2020.5,12706855,1375
2013-06-29,10000002,11399,8147.99,8150,8010.14,1665658,430
2013-06-30,10000002,34,5.09,5.12,5.05,27442537729,4424
2013-06-30,10000002,35,12.99,13.03,12.93,6718157363,3144
2013-06-30,10000002,36,38.96,39.43,38.29,2457768513,2732
2013-06-30,10000002,37,139.09,141.16,138.16,578597854,2176
2013-06-30,10000002,38,864.5,873.7,858.33,112687988,2261
2013-06-30,10000002,39,788,807.7,779.03,39614331,1697
2013-06-30,10000002,40,2022.27,2080,2007.59,19276444,1569
2013-06-30,10000002,11399,8499.55,8588.46,8001.38,1963643,463
2013-07-01,10000002,34,5.05,5.09,5.01,25101491169,3600
2013-07-01,10000002,35,12.8,12.89,12.67,4918669163,2439
2013-07-01,10000002,36,37.95,38.37,37.59,1582310251,2200
2013-07-01,10000002,37,138.2,142.8,137.27,415282109,1813
2013-07-01,10000002,38,846.26,858,840.05,105634711,1860
2013-07-01,10000002,39,775,794.68,756.16,47652801,1504
2013-07-01,10000002,40,2020.26,2060.68,2000,23090518,1320
2013-07-01,10000002,11399,8588.79,8982.99,8315.06,1918990,464
2013-07-02,10000002,34,5.07,5.09,5.05,20956955737,3370
2013-07-02,10000002,35,12.85,12.9,12.8,5200265928,2374
2013-07-02,10000002,36,37.97,38.03,37,1283235483,2098
2013-07-02,10000002,37,137.21,141.49,137.03,344128033,1777
2013-07-02,10000002,38,845,850,837.42,71486190,1742
2013-07-02,10000002,39,787.92,789.89,762.51,30063197,1360
2013-07-02,10000002,40,2008.01,2067.25,2006.04,14021149,1262
2013-07-02,10000002,11399,8601.26,8968.68,8600.02,2275890,414
2013-07-03,10000002,34,5.06,5.09,5.05,30103854784,3656
2013-07-03,10000002,35,12.95,12.97,12.9,7334001096,2660
2013-07-03,10000002,36,37.47,38.13,36.75,2931237398,2409
2013-07-03,10000002,37,140.73,141.96,138.55,473262118,1878
2013-07-03,10000002,38,847.93,857.73,841.18,120942832,1987
2013-07-03,10000002,39,789.9,794.48,772.03,34254265,1498
2013-07-03,10000002,40,2080.1,2086.98,2006.31,17488200,1391
2013-07-03,10000002,11399,8799.98,8899.12,8554,2173827,372
2013-07-04,10000002,34,5.08,5.13,5.05,23221575003,3648
2013-07-04,10000002,35,12.94,13.07,12.82,4753801740,2567
2013-07-04,10000002,36,37.96,38.43,37.51,1475387588,2373
2013-07-04,10000002,37,138,139.12,137.22,267676039,1831
2013-07-04,10000002,38,854,859.08,841.23,79539460,1936
2013-07-04,10000002,39,798.99,807.28,775.05,23128834,1383
2013-07-04,10000002,40,2085.51,2087.55,2012.26,15073387,1264
2013-07-04,10000002,11399,8896.75,8897.97,8608.78,2278782,480
2013-07-05,10000002,34,5.12,5.18,5.08,36874266475,3771
2013-07-05,10000002,35,12.93,13.02,12.88,5696859293,2554
2013-07-05,10000002,36,38.5,38.71,37.92,1783200941,2313
2013-07-05,10000002,37,137.31,138.75,137,378576919,1716
2013-07-05,10000002,38,847,847.37,842.43,84449884,1785
2013-07-05,10000002,39,799.95,804.77,791.54,24213327,1394
2013-07-05,10000002,40,2015.43,2084.31,2012.91,15104340,1271
2013-07-05,10000002,11399,8896.7,8998.99,8689.95,1685994,349
2013-07-06,10000002,34,5.11,5.15,5.08,33358105140,4011
2013-07-06,10000002,35,12.92,13.08,12.86,8468803706,2800
2013-07-06,10000002,36,38.71,38.84,38.6,2158980833,2564
2013-07-06,10000002,37,136.98,137.83,136.47,372859069,2087
2013-07-06,10000002,38,844.07,847.47,843.41,111727278,2141
2013-07-06,10000002,39,791.7,800,775,75256797,1711
2013-07-06,10000002,40,2008,2068.94,2005.5,21643125,1549
2013-07-06,10000002,11399,8999,9010,8896.74,2925130,476
2013-07-07,10000002,34,5.1,5.17,5.06,36345452231,4460
2013-07-07,10000002,35,12.89,12.98,12.7,6685542832,3102
2013-07-07,10000002,36,39.13,39.56,38.91,2352523357,2936
2013-07-07,10000002,37,138.47,140.3,137.77,416597413,2231
2013-07-07,10000002,38,856,859.09,850.42,129430258,2326
2013-07-07,10000002,39,776.9,790,763.49,31535664,1713
2013-07-07,10000002,40,2010.01,2048.99,1997.07,18600404,1583
2013-07-07,10000002,11399,9252.09,9789.29,9100,2944762,474
2013-07-08,10000002,34,5.09,5.14,5.05,27263811213,3689
2013-07-08,10000002,35,12.5,12.62,12.43,4988953235,2435
2013-07-08,10000002,36,38.1,38.57,37.07,1855664476,2254
2013-07-08,10000002,37,138.29,139.8,136.05,419308018,1836
2013-07-08,10000002,38,848,850.14,827.46,72248056,1820
2013-07-08,10000002,39,777.77,777.99,767.01,38001620,1440
2013-07-08,10000002,40,1996.98,2000,1995.95,21704599,1373
2013-07-08,10000002,11399,9009.03,9764.99,9008.01,3167275,477
2013-07-09,10000002,34,5.12,5.18,5.08,36679711733,3623
2013-07-09,10000002,35,12.59,12.61,12.56,5536295656,2460
2013-07-09,10000002,36,38.01,38.22,37.52,1882552456,2266
2013-07-09,10000002,37,137,138,135.88,373838412,1810
2013-07-09,10000002,38,840,844.94,829.23,109560278,1844
2013-07-09,10000002,39,742.6,757.23,697,87952697,1453
2013-07-09,10000002,40,1971.04,2020,1965.12,21652523,1275
2013-07-09,10000002,11399,9100.12,9447.94,9010.13,2283134,412
2013-07-10,10000002,34,5.07,5.13,5.03,30025364321,3465
2013-07-10,10000002,35,12.95,13.08,12.7,5827261016,2542
2013-07-10,10000002,36,37.86,38.72,37.21,2207435805,2233
2013-07-10,10000002,37,139.26,139.7,136.87,379394914,1719
2013-07-10,10000002,38,844.9,847.93,831.13,91732171,1806
2013-07-10,10000002,39,770.93,772,765.98,25829838,1272
2013-07-10,10000002,40,2014.6,2014.86,1989.63,14445584,1208
2013-07-10,10000002,11399,9049.83,9096.93,8944.77,1505061,409
2013-07-11,10000002,34,5.11,5.14,5.07,30276788679,3600
2013-07-11,10000002,35,13,13.09,12.7,5868932429,2508
2013-07-11,10000002,36,38.52,38.81,38,2094243213,2347
2013-07-11,10000002,37,138.99,139.39,136.91,408839315,1825
2013-07-11,10000002,38,849.34,849.9,846.28,112628436,1998
2013-07-11,10000002,39,765.93,769.94,752,34252194,1471
2013-07-11,10000002,40,2021.81,2039.89,1998.1,24427207,1341
2013-07-11,10000002,11399,8860,8899.9,8746.06,2459449,410
2013-07-12,10000002,34,5.07,5.1,5.02,21767090459,3452
2013-07-12,10000002,35,12.69,12.87,12.65,4166570880,2522
2013-07-12,10000002,36,38.68,39.62,37.95,1748535367,2282
2013-07-12,10000002,37,136.85,139.93,136.63,320158305,1820
2013-07-12,10000002,38,849.92,853.96,836.24,82749987,1860
2013-07-12,10000002,39,770,777.92,746.13,27295879,1390
2013-07-12,10000002,40,2010.18,2074.88,2001.02,14297080,1229
2013-07-12,10000002,11399,8897.72,8897.81,8692.03,1834062,401
2013-07-13,10000002,34,5.06,5.11,4.99,28310259545,3687
2013-07-13,10000002,35,12.72,12.8,12.53,4661638255,2532
2013-07-13,10000002,36,38.6,38.9,37.98,1729135381,2268
2013-07-13,10000002,37,136.5,138.46,134.36,365010680,1784
2013-07-13,10000002,38,840,848.48,835.6,97544270,1876
2013-07-13,10000002,39,760.06,788.93,754.12,24298723,1321
2013-07-13,10000002,40,2013.09,2068.91,2010.79,13645038,1298
2013-07-13,10000002,11399,8897.81,8899.85,8896.83,1480176,416
2013-07-14,10000002,34,4.99,5.02,4.92,19282749892,4027
2013-07-14,10000002,35,12.64,12.74,12.57,4918013052,2916
2013-07-14,10000002,36,37.6,38.08,37.43,1683058282,2620
2013-07-14,10000002,37,136.46,136.56,134.36,320438674,2094
2013-07-14,10000002,38,841.78,851.22,835.65,81663625,2145
2013-07-14,10000002,39,775.83,777,760,28662857,1664
2013-07-14,10000002,40,2039.93,2047.5,2007.54,16059545,1522
2013-07-14,10000002,11399,8898.8,8899.8,8702.18,2483557,537
2013-07-15,10000002,34,4.99,5.03,4.96,17542832187,3388
2013-07-15,10000002,35,12.56,12.7,12.52,4493275892,2362
2013-07-15,10000002,36,37.28,37.92,37.13,1734538110,2159
2013-07-15,10000002,37,133.06,134.58,132.15,316093417,1659
2013-07-15,10000002,38,836.74,843.93,836.1,87829477,1752
2013-07-15,10000002,39,765,769,759.88,29993766,1319
2013-07-15,10000002,40,2029.25,2046.87,2008.03,14305202,1235
2013-07-15,10000002,11399,8799.97,9040,8667.81,2015906,455
2013-07-16,10000002,34,5,5.03,4.95,20675494642,3209
2013-07-16,10000002,35,12.6,12.65,12.47,4311578855,2228
2013-07-16,10000002,36,37.73,37.83,36.8,1656122934,2061
2013-07-16,10000002,37,132.35,132.58,129.07,234674982,1611
2013-07-16,10000002,38,843,843.49,835.09,86175200,1768
2013-07-16,10000002,39,778.21,778.67,767.12,25500446,1303
2013-07-16,10000002,40,2003,2034.99,1967.98,12751506,1206
2013-07-16,10000002,11399,8632.01,9269.97,8631.45,2517324,428
2013-07-17,10000002,34,4.95,5.02,4.9,22085050298,3078
2013-07-17,10000002,35,12.56,12.64,12.41,3367763019,2214
2013-07-17,10000002,36,37.02,37.53,36.19,1391472884,2120
2013-07-17,10000002,37,134.17,135,133.04,249837989,1660
2013-07-17,10000002,38,830.14,849.9,825.01,81739390,1718
2013-07-17,10000002,39,762.06,778.91,761.82,22098758,1263
2013-07-17,10000002,40,2000.1,2034,1975,9806470,1217
2013-07-17,10000002,11399,9088.98,9199.5,8553.6,1823094,400
2013-07-18,10000002,34,4.97,5,4.94,23742584079,3141
2013-07-18,10000002,35,12.61,12.66,12.56,5456181832,2237
2013-07-18,10000002,36,37.3,37.66,37.02,1543678630,2038
2013-07-18,10000002,37,135.55,135.78,131.76,270487868,1635
2013-07-18,10000002,38,831.13,836.68,820,89180883,1732
2013-07-18,10000002,39,783.26,783.33,763.11,24169014,1309
2013-07-18,10000002,40,1998.23,2000.09,1979,12153571,1186
2013-07-18,10000002,11399,8701.02,9085.93,8655.31,1513031,347
2013-07-19,10000002,34,4.91,4.98,4.87,19580065028,3159
2013-07-19,10000002,35,12.47,12.59,12.42,4283548519,2246
2013-07-19,10000002,36,36.81,37.13,36.44,1372456531,2011
2013-07-19,10000002,37,134.01,135.8,132.49,236326954,1640
2013-07-19,10000002,38,829.98,837,820.05,73254725,1749
2013-07-19,10000002,39,783,783.37,772.37,20170277,1270
2013-07-19,10000002,40,2016,2016.96,1980.27,10358608,1188
2013-07-19,10000002,11399,9077,9080,9076.94,1088950,378
2013-07-20,10000002,34,4.96,4.99,4.9,30079641147,3742
2013-07-20,10000002,35,12.42,12.49,12.22,5355931009,2672
2013-07-20,10000002,36,36.29,36.77,36.25,1908756786,2355
2013-07-20,10000002,37,134.14,135.99,133.55,315523264,1921
2013-07-20,10000002,38,830,836.67,822.06,81504810,1936
2013-07-20,10000002,39,760.05,772.37,760.02,32398966,1485
2013-07-20,10000002,40,1983.01,2013.55,1979,14305878,1385
2013-07-20,10000002,11399,8910.1,9068,8851.07,1937508,428
2013-07-21,10000002,34,4.94,4.97,4.88,24208570096,4015
2013-07-21,10000002,35,12.4,12.46,12.27,4988964286,2770
2013-07-21,10000002,36,36.43,36.7,36.09,1652655600,2468
2013-07-21,10000002,37,131,133.32,129.22,324981644,1889
2013-07-21,10000002,38,823.34,828.5,823.1,95985713,2011
2013-07-21,10000002,39,758.89,762.14,745.16,37849570,1549
2013-07-21,10000002,40,1975.29,1997.98,1909.38,15146418,1378
2013-07-21,10000002,11399,8969.55,8969.87,8621.01,1794614,438
2013-07-22,10000002,34,4.89,4.98,4.83,33525859237,3801
2013-07-22,10000002,35,12.38,12.41,12.31,4444577987,2593
2013-07-22,10000002,36,36.01,36.1,35.81,1382380613,2307
2013-07-22,10000002,37,129.13,131.49,128.25,311164729,1829
2013-07-22,10000002,38,816.5,820.1,803.56,67924452,1878
2013-07-22,10000002,39,748.04,758.91,728.08,29780870,1466
2013-07-22,10000002,40,1982.11,1998.86,1911.1,19344375,1371
2013-07-22,10000002,11399,8949.98,8963.98,8940,1588030,401
2013-07-23,10000002,34,4.87,4.99,4.84,42226841497,3809
2013-07-23,10000002,35,12.17,12.24,12.1,6564171680,2521
2013-07-23,10000002,36,36.13,36.37,35.99,2064077379,2320
2013-07-23,10000002,37,129.09,131.28,128.83,326419580,1771
2013-07-23,10000002,38,803.55,811.92,803.37,111477443,1861
2013-07-23,10000002,39,738,756.68,728.24,48237693,1416
2013-07-23,10000002,40,1925.86,1980.99,1921,20782221,1329
2013-07-23,10000002,11399,8795.99,8963.98,8565,2012941,460
2013-07-24,10000002,34,4.91,4.98,4.88,27923230921,3596
2013-07-24,10000002,35,11.92,12.17,11.83,6714438976,2424
2013-07-24,10000002,36,36.41,36.61,35.45,1859618971,2134
2013-07-24,10000002,37,129.08,130.98,93,767131036,1824
2013-07-24,10000002,38,796.01,811.61,794.81,108247315,1804
2013-07-24,10000002,39,722.11,739.43,702.02,46817979,1370
2013-07-24,10000002,40,1875.03,1937.61,1861.04,19762353,1256
2013-07-24,10000002,11399,8554.38,8817.59,8401.01,2502363,445
2013-07-25,10000002,34,4.9,4.93,4.87,21258727643,3286
2013-07-25,10000002,35,12.06,12.08,11.95,4895637272,2271
2013-07-25,10000002,36,36.28,36.37,35.44,1669198492,2121
2013-07-25,10000002,37,128.91,130,126.06,261651348,1693
2013-07-25,10000002,38,800.06,809.68,794.93,90853327,1756
2013-07-25,10000002,39,731,737.76,718.08,34263093,1347
2013-07-25,10000002,40,1900,1927.63,1875.04,14142800,1254
2013-07-25,10000002,11399,8817.97,8989.98,8575.22,1853300,433
2013-07-26,10000002,34,4.95,4.98,4.92,32525724584,3439
2013-07-26,10000002,35,12,12.1,11.91,5786879881,2368
2013-07-26,10000002,36,36.5,36.76,36.38,1910835307,2236
2013-07-26,10000002,37,129.28,131.53,129.22,381138955,1758
2013-07-26,10000002,38,801.01,809.46,800.47,110117925,1770
2013-07-26,10000002,39,715,735.65,707.05,30152941,1384
2013-07-26,10000002,40,1878.53,1920.13,1876.46,17003410,1244
2013-07-26,10000002,11399,8690.03,8874,8600.01,2281615,378
2013-07-27,10000002,34,4.96,4.99,4.9,30803698527,3678
2013-07-27,10000002,35,11.74,11.94,11.7,5226040982,2505
2013-07-27,10000002,36,36.24,36.67,35.66,1890067373,2338
2013-07-27,10000002,37,131.7,131.9,129.4,364669796,1926
2013-07-27,10000002,38,800.17,808.8,786.24,88246732,1944
2013-07-27,10000002,39,728.14,733.39,711.19,36519396,1556
2013-07-27,10000002,40,1866.08,1909.49,1865.9,20045765,1420
2013-07-27,10000002,11399,8648.99,8667.84,8057.25,1676755,420
2013-07-28,10000002,34,4.92,4.98,4.86,38880694557,3901
2013-07-28,10000002,35,11.69,11.84,11.54,4720088152,2614
2013-07-28,10000002,36,36.19,36.28,36.04,1674769514,2442
2013-07-28,10000002,37,129.39,131.49,126.87,351082406,1955
2013-07-28,10000002,38,797.31,801.98,790.05,97508628,2051
2013-07-28,10000002,39,709.54,716.55,702.44,42295909,1542
2013-07-28,10000002,40,1868.16,1880.42,1820.67,19749182,1400
2013-07-28,10000002,11399,8398.7,8499.93,8056.15,2346491,456
2013-07-29,10000002,34,4.89,4.96,4.84,24365468722,3520
2013-07-29,10000002,35,11.86,11.9,11.79,5493838684,2575
2013-07-29,10000002,36,36.17,36.5,36.13,2168098360,2372
2013-07-29,10000002,37,129.46,131.39,129,405858448,1846
2013-07-29,10000002,38,800.19,803,792.69,89383813,1895
2013-07-29,10000002,39,720.75,720.94,715,26013161,1457
2013-07-29,10000002,40,1880.98,1898.99,1845,18941281,1372
2013-07-29,10000002,11399,8258.99,8359.3,8101.47,2036261,399
2013-07-30,10000002,34,4.88,4.94,4.84,24366159715,3471
2013-07-30,10000002,35,11.88,11.91,11.79,5038348642,2328
2013-07-30,10000002,36,35.68,36.1,35,1671946457,2080
2013-07-30,10000002,37,128.44,128.48,128.44,463485296,1695
2013-07-30,10000002,38,793.14,803.46,792.66,115775942,1791
2013-07-30,10000002,39,713.95,718.71,702.69,32348791,1411
2013-07-30,10000002,40,1840.54,1898,1840.07,17368981,1228
2013-07-30,10000002,11399,8249.85,8299.99,8125.06,1637653,393
2013-07-31,10000002,34,4.92,4.98,4.85,29487902708,3481
2013-07-31,10000002,35,11.85,11.95,11.63,5910907346,2477
2013-07-31,10000002,36,36.22,36.4,35.07,2029638966,2252
2013-07-31,10000002,37,129.59,130.42,128.14,366291202,1810
2013-07-31,10000002,38,803.98,807.43,788.35,116880289,1827
2013-07-31,10000002,39,680.19,699,677.6,90995197,1414
2013-07-31,10000002,40,1893.11,1937.89,1876.39,18434115,1286
2013-07-31,10000002,11399,8128.06,8300,7800,2324069,426
2013-08-01,10000002,34,4.84,4.95,4.81,20685847064,3462
2013-08-01,10000002,35,11.61,11.8,11.5,3956645236,2404
2013-08-01,10000002,36,35.59,35.87,35.56,1605380426,2174
2013-08-01,10000002,37,129.97,130.41,128.11,295024104,1684
2013-08-01,10000002,38,785.53,789.89,778.49,96648727,1747
2013-08-01,10000002,39,698,698.96,651,27280164,1381
2013-08-01,10000002,40,1876.39,1933.99,1842,11495565,1261
2013-08-01,10000002,11399,8102.01,8319.83,7750.28,1413745,382
2013-08-02,10000002,34,4.9,4.95,4.83,30945435337,3406
2013-08-02,10000002,35,11.84,11.91,11.7,5734870285,2521
2013-08-02,10000002,36,35.4,35.94,34.92,1543571007,2192
2013-08-02,10000002,37,128.38,130.2,128.11,336843090,1679
2013-08-02,10000002,38,778.44,784.96,759.55,74074120,1765
2013-08-02,10000002,39,681.18,697.46,671.48,32719535,1376
2013-08-02,10000002,40,1884.47,1918,1849.46,17423410,1238
2013-08-02,10000002,11399,8311.72,8314.9,8100.05,2169613,384
2013-08-03,10000002,34,4.9,4.93,4.89,31575459695,3696
2013-08-03,10000002,35,12.19,12.36,12.02,6288368799,2559
2013-08-03,10000002,36,36.25,36.72,35.54,1648901632,2247
2013-08-03,10000002,37,128.98,129.84,127.48,462499507,1719
2013-08-03,10000002,38,787.49,787.94,770.62,81196591,1803
2013-08-03,10000002,39,671.62,688.83,670.31,57246464,1435
2013-08-03,10000002,40,1909.94,1909.97,1884.19,15164440,1248
2013-08-03,10000002,11399,8199.98,8318,7999.02,1503389,392
2013-08-04,10000002,34,4.9,4.97,4.83,42849429810,4486
2013-08-04,10000002,35,12.36,12.58,12.29,8296777103,3209
2013-08-04,10000002,36,36.62,36.98,36.29,2265244246,2967
2013-08-04,10000002,37,128.99,129.79,127.77,373407868,2231
2013-08-04,10000002,38,788.78,803.98,777.28,137178099,2420
2013-08-04,10000002,39,710,714,684.9,46503525,1690
2013-08-04,10000002,40,1910,1930,1854.04,20745119,1594
2013-08-04,10000002,11399,8102.07,8318.95,7905.08,2814480,562
2013-08-05,10000002,34,4.86,4.92,4.84,25184978848,3465
2013-08-05,10000002,35,12.15,12.26,11.83,5797813182,2572
2013-08-05,10000002,36,36.81,37.34,36.69,2088882040,2393
2013-08-05,10000002,37,127.52,127.99,125.93,354723703,1885
2013-08-05,10000002,38,798.82,813,780.06,131064513,1974
2013-08-05,10000002,39,678.3,708.89,670.26,38982188,1478
2013-08-05,10000002,40,1880.63,1924.8,1865.55,22416012,1427
2013-08-05,10000002,11399,8400.07,8619.94,8200,2459413,456
2013-08-06,10000002,34,4.9,4.94,4.87,22852560284,3424
2013-08-06,10000002,35,12.05,12.19,12,4428635829,2393
2013-08-06,10000002,36,37.02,37.57,36.82,1455078301,2230
2013-08-06,10000002,37,127.73,129.34,127.27,275838581,1713
2013-08-06,10000002,38,810.02,824.76,789.7,83519003,1869
2013-08-06,10000002,39,700.29,705,682.96,34665302,1425
2013-08-06,10000002,40,1903.62,1924,1867,20574223,1322
2013-08-06,10000002,11399,8498.98,8547.98,8151.02,1918413,420
2013-08-07,10000002,34,4.91,4.95,4.87,33536034248,3513
2013-08-07,10000002,35,12.1,12.18,12.05,4580385040,2456
2013-08-07,10000002,36,37.26,37.53,37.14,1581199881,2288
2013-08-07,10000002,37,127.41,129.04,127.37,315678347,1790
2013-08-07,10000002,38,800.26,813.67,796.14,93358679,1907
2013-08-07,10000002,39,684.67,708.98,684.58,38073536,1431
2013-08-07,10000002,40,1851.35,1918.34,1848.02,19992877,1349
2013-08-07,10000002,11399,8100,8498.88,8023.31,1886343,449
2013-08-08,10000002,34,4.95,5.02,4.87,35787150194,3472
2013-08-08,10000002,35,12.12,12.24,12.07,5332749501,2369
2013-08-08,10000002,36,37.92,39.25,37.16,2254699067,2276
2013-08-08,10000002,37,127.49,129,125,479376785,1714
2013-08-08,10000002,38,796.29,800.23,795.44,109594715,1885
2013-08-08,10000002,39,683.2,704.24,683,36487287,1405
2013-08-08,10000002,40,1845.55,1848.95,1801.04,32358133,1375
2013-08-08,10000002,11399,8000,8146.76,7999,2753876,442
2013-08-09,10000002,34,4.87,4.98,4.86,47276098041,3314
2013-08-09,10000002,35,12.08,12.14,12.02,4862496489,2268
2013-08-09,10000002,36,37.59,38.23,37.07,1583619641,2120
2013-08-09,10000002,37,122.99,124.33,120.95,283643313,1571
2013-08-09,10000002,38,775.01,779.79,760.36,97151493,1744
2013-08-09,10000002,39,696.25,701.64,686.22,32992327,1306
2013-08-09,10000002,40,1790.09,1839.99,1787,19517727,1221
2013-08-09,10000002,11399,8054.98,8104.91,7943.01,1990112,389
2013-08-10,10000002,34,4.86,4.89,4.84,27979257424,3708
2013-08-10,10000002,35,12.08,12.18,12.03,6838708383,2574
2013-08-10,10000002,36,37.13,37.38,37.07,2347868716,2354
2013-08-10,10000002,37,125.06,127.79,123.01,367077695,1929
2013-08-10,10000002,38,785,787.08,767.07,111200025,1972
2013-08-10,10000002,39,682.03,697,677,54941827,1562
2013-08-10,10000002,40,1847.84,1895,1830.06,29373637,1566
2013-08-10,10000002,11399,8058.8,8068.83,8049,1621274,442
2013-08-11,10000002,34,4.87,4.9,4.85,25573055523,3899
2013-08-11,10000002,35,12.06,12.15,11.98,6382840379,2753
2013-08-11,10000002,36,36.85,37.07,36.01,1971135089,2562
2013-08-11,10000002,37,126,127.59,125.13,399519151,1955
2013-08-11,10000002,38,770.01,789.97,767.43,113865324,2117
2013-08-11,10000002,39,661.7,680,660.33,38802500,1587
2013-08-11,10000002,40,1861.64,1862.19,1839.08,25453897,1455
2013-08-11,10000002,11399,7800.03,8038.81,7614.05,2885654,465
2013-08-12,10000002,34,4.82,4.92,4.77,32772016782,3415
2013-08-12,10000002,35,11.95,12.03,11.87,4728488223,2365
2013-08-12,10000002,36,35.99,36.88,35.55,1492971200,2200
2013-08-12,10000002,37,123.1,124.2,122.95,270670992,1688
2013-08-12,10000002,38,760.12,778.36,752.7,95311568,1834
2013-08-12,10000002,39,670.57,678.71,666.05,38912691,1438
2013-08-12,10000002,40,1822.4,1859.75,1805.03,33155962,1396
2013-08-12,10000002,11399,7821.59,7997.76,7778.73,1966376,390
2013-08-13,10000002,34,4.88,4.9,4.85,22629204305,3235
2013-08-13,10000002,35,11.99,12.15,11.86,4977227486,2260
2013-08-13,10000002,36,36.64,37.08,35.87,1666036719,2100
2013-08-13,10000002,37,120.32,124,120,308252685,1626
2013-08-13,10000002,38,760.02,765.74,753.27,89657090,1738
2013-08-13,10000002,39,640.09,660.07,634.05,38741469,1371
2013-08-13,10000002,40,1835,1846.97,1797.23,30997859,1287
2013-08-13,10000002,11399,7730,7850,7655,1900779,398
2013-08-14,10000002,34,4.84,4.9,4.78,28034957089,3276
2013-08-14,10000002,35,12.01,12.08,11.93,5883173103,2262
2013-08-14,10000002,36,37.34,37.77,36.09,2114889776,2169
2013-08-14,10000002,37,124.17,126.35,122.99,376690940,1677
2013-08-14,10000002,38,766.24,788.88,753.25,103863103,1815
2013-08-14,10000002,39,645,664.98,640.02,41333663,1406
2013-08-14,10000002,40,1800,1845.98,1788.07,18057772,1249
2013-08-14,10000002,11399,7560,7654.99,7259.99,2212463,393
2013-08-15,10000002,34,4.81,4.89,4.77,20179072564,3129
2013-08-15,10000002,35,11.68,11.9,11.61,5261223806,2237
2013-08-15,10000002,36,37.02,37.82,36.89,1445688670,2093
2013-08-15,10000002,37,121.02,123.79,119.16,330069648,1613
2013-08-15,10000002,38,778.02,781,769.64,77115045,1644
2013-08-15,10000002,39,643,669.99,634.26,55082942,1336
2013-08-15,10000002,40,1830,1845.91,1794.05,19431686,1235
2013-08-15,10000002,11399,7300.25,7968,7226.9,2728849,415
2013-08-16,10000002,34,4.85,4.9,4.8,24404143993,3166
2013-08-16,10000002,35,11.96,12.05,11.76,6297381148,2263
2013-08-16,10000002,36,37.82,38.12,36.87,2516357028,2153
2013-08-16,10000002,37,125,127.88,120.29,473231692,1722
2013-08-16,10000002,38,779.96,791,767.07,119036458,1803
2013-08-16,10000002,39,640,661.74,628,60273234,1333
2013-08-16,10000002,40,1805.01,1844.76,1795.1,26240944,1235
2013-08-16,10000002,11399,7511,7788.98,7233.1,2300758,399
2013-08-17,10000002,34,4.81,4.86,4.76,20695771191,3611
2013-08-17,10000002,35,11.66,11.85,11.53,4223298040,2449
2013-08-17,10000002,36,37.16,37.64,36.95,1600516836,2267
2013-08-17,10000002,37,124.21,125.63,121.44,254255996,1757
2013-08-17,10000002,38,764.07,771,753.01,77567712,1761
2013-08-17,10000002,39,659.99,661.48,652.52,32053035,1401
2013-08-17,10000002,40,1784.99,1806,1782.06,16245602,1280
2013-08-17,10000002,11399,7550,7580,7450,1979045,400
2013-08-18,10000002,34,4.8,4.84,4.76,27928011227,3836
2013-08-18,10000002,35,11.65,11.69,11.54,6705794652,2641
2013-08-18,10000002,36,37.18,37.41,36.85,2179982334,2400
2013-08-18,10000002,37,121.68,124.19,121.41,330519079,1845
2013-08-18,10000002,38,757.93,765.83,752.92,107077094,1913
2013-08-18,10000002,39,668.29,679.95,655.03,46356242,1469
2013-08-18,10000002,40,1810,1819.97,1794.57,16893503,1347
2013-08-18,10000002,11399,7544.91,7549.99,7350.16,2110916,449
2013-08-19,10000002,34,4.83,4.86,4.78,33457428804,3189
2013-08-19,10000002,35,11.6,11.65,11.55,5834116100,2144
2013-08-19,10000002,36,36.88,37.17,36.65,1983653951,2035
2013-08-19,10000002,37,121.75,123,121.03,325784065,1582
2013-08-19,10000002,38,753.11,766.49,752.9,101474860,1653
2013-08-19,10000002,39,648.45,677.81,648.19,43304983,1273
2013-08-19,10000002,40,1800.05,1818.95,1789.65,20043661,1189
2013-08-19,10000002,11399,7300,7548.96,7241.03,2692108,417
2013-08-20,10000002,34,4.84,4.88,4.78,22669249446,3111
2013-08-20,10000002,35,11.63,11.69,11.58,5732063599,2209
2013-08-20,10000002,36,37.5,37.91,36.89,1901041839,2110
2013-08-20,10000002,37,122.91,122.99,121.42,321355277,1580
2013-08-20,10000002,38,759.98,764.99,746,70980507,1607
2013-08-20,10000002,39,666.6,676.75,656.07,29770344,1265
2013-08-20,10000002,40,1805.9,1815.96,1784.05,13650328,1163
2013-08-20,10000002,11399,7544.99,7546.96,7270.09,1417890,353
2013-08-21,10000002,34,4.88,4.91,4.83,37952770585,3051
2013-08-21,10000002,35,11.61,11.67,11.56,4830824935,2059
2013-08-21,10000002,36,37.27,37.75,37.13,1676935993,1965
2013-08-21,10000002,37,123.39,123.54,121.71,386744051,1578
2013-08-21,10000002,38,764,764.94,756.07,121484699,1663
2013-08-21,10000002,39,661,674.78,655.33,34296117,1240
2013-08-21,10000002,40,1815.97,1816,1809.89,15922714,1118
2013-08-21,10000002,11399,7539.97,7540,7285,1394984,351
2013-08-22,10000002,34,4.84,4.89,4.81,23669640763,3076
2013-08-22,10000002,35,11.63,11.69,11.62,5593928568,2141
2013-08-22,10000002,36,37.56,37.74,37.37,1649795542,2014
2013-08-22,10000002,37,124.99,125.45,120.24,302931665,1497
2013-08-22,10000002,38,759.28,762.94,730,97585909,1694
2013-08-22,10000002,39,649.1,673,649,29509109,1213
2013-08-22,10000002,40,1800,1815,1783.4,14705482,1180
2013-08-22,10000002,11399,7539.65,7539.71,7307.1,1439615,347
2013-08-23,10000002,34,4.79,4.84,4.76,23981501401,2906
2013-08-23,10000002,35,11.58,11.6,11.56,4628433534,1935
2013-08-23,10000002,36,37.28,37.36,37.14,1901718976,1862
2013-08-23,10000002,37,123.01,123.99,122.15,244952802,1419
2013-08-23,10000002,38,742.03,758.09,729.57,80196806,1565
2013-08-23,10000002,39,649.96,650.11,645,42071681,1182
2013-08-23,10000002,40,1786,1809.96,1784.03,19577810,1114
2013-08-23,10000002,11399,7316.29,7536.25,7311.01,2182208,364
2013-08-24,10000002,34,4.78,4.87,4.73,26487471744,3237
2013-08-24,10000002,35,11.5,11.61,11.2,4629166740,2157
2013-08-24,10000002,36,37.38,37.75,36.97,1650621355,2048
2013-08-24,10000002,37,124.85,126.66,124.02,324390418,1640
2013-08-24,10000002,38,744.68,751.92,730,81585237,1646
2013-08-24,10000002,39,658,663.87,628.03,40201476,1291
2013-08-24,10000002,40,1809.89,1814.79,1776.11,26717726,1229
2013-08-24,10000002,11399,7533.91,7533.99,7319.74,2817854,393
2013-08-25,10000002,34,4.81,4.85,4.75,26347205026,3691
2013-08-25,10000002,35,11.5,11.58,11.31,5280560278,2585
2013-08-25,10000002,36,37.64,38,37.04,1930852399,2379
2013-08-25,10000002,37,125.15,126.18,124,301999837,1791
2013-08-25,10000002,38,733.9,741.7,730,94737343,1965
2013-08-25,10000002,39,644.99,658.39,630.54,39317916,1501
2013-08-25,10000002,40,1790.34,1832.31,1790.19,21249809,1354
2013-08-25,10000002,11399,7899.99,8393.6,7539.98,5035069,501
2013-08-26,10000002,34,4.79,4.81,4.77,26265307290,3089
2013-08-26,10000002,35,11.55,11.59,11.48,4964598393,2171
2013-08-26,10000002,36,37.06,37.24,36.97,1453804521,1893
2013-08-26,10000002,37,123.54,124.79,121.85,328915047,1517
2013-08-26,10000002,38,730,739.99,715.05,76502950,1578
2013-08-26,10000002,39,647.37,649.99,640.8,29800047,1175
2013-08-26,10000002,40,1800,1820,1782.3,12933499,1086
2013-08-26,10000002,11399,7845.52,7987.12,7520.09,2525112,382
2013-08-27,10000002,34,4.8,4.82,4.77,20613555305,3044
2013-08-27,10000002,35,11.61,11.65,11.59,5646702625,2188
2013-08-27,10000002,36,37.3,37.71,37.13,2040597435,2021
2013-08-27,10000002,37,123.93,125.87,123.2,324251668,1562
2013-08-27,10000002,38,725.05,734.76,722.27,116821685,1630
2013-08-27,10000002,39,632.84,642,631.02,48818733,1223
2013-08-27,10000002,40,1780.09,1785.02,1776.14,23396476,1161
2013-08-27,10000002,11399,7602.04,7895,7500.01,2735469,392
2013-08-28,10000002,34,4.78,4.8,4.75,24066797545,2910
2013-08-28,10000002,35,11.41,11.49,11.28,4195831555,1980
2013-08-28,10000002,36,37.5,37.83,37.01,1615907152,1880
2013-08-28,10000002,37,123.7,124.54,122.21,385881783,1465
2013-08-28,10000002,38,728,733.17,721.09,111097100,1551
2013-08-28,10000002,39,643.99,644.99,633.07,38165288,1157
2013-08-28,10000002,40,1776,1803,1734,11730934,1112
2013-08-28,10000002,11399,7895.99,7896.39,7800,1696491,400
2013-08-29,10000002,34,4.78,4.84,4.71,34237542230,3001
2013-08-29,10000002,35,11.4,11.45,11.33,4536094116,1987
2013-08-29,10000002,36,37.29,37.58,37.2,1400788902,1793
2013-08-29,10000002,37,122.84,123.99,122.3,265837599,1413
2013-08-29,10000002,38,729.85,733.44,723.29,104050041,1574
2013-08-29,10000002,39,642.31,649.83,624.03,29246412,1094
2013-08-29,10000002,40,1755,1801.98,1732.19,15155280,978
2013-08-29,10000002,11399,7860.06,7864.37,7512.41,1296258,342
2013-08-30,10000002,34,4.78,4.82,4.74,21467556079,2903
2013-08-30,10000002,35,11.39,11.49,11.28,4100042774,1999
2013-08-30,10000002,36,37.03,37.56,36.96,1321875574,1833
2013-08-30,10000002,37,123.29,123.63,122.03,238729148,1402
2013-08-30,10000002,38,725.09,733.87,720.31,76361035,1471
2013-08-30,10000002,39,630,644.28,625.01,23905457,1115
2013-08-30,10000002,40,1741.03,1780,1740.02,17612566,1052
2013-08-30,10000002,11399,7859,7860.06,7839.99,1458442,380
2013-08-31,10000002,34,4.78,4.83,4.73,27770289440,3269
2013-08-31,10000002,35,11.49,11.56,11.45,6458399327,2301
2013-08-31,10000002,36,37.77,37.85,37.23,2149978748,2156
2013-08-31,10000002,37,123.62,124.94,123.12,347900160,1655
2013-08-31,10000002,38,736.15,740,724.02,93937352,1791
2013-08-31,10000002,39,625.01,636.9,623.16,43641047,1308
2013-08-31,10000002,40,1773.85,1775.02,1736.07,16541314,1199
2013-08-31,10000002,11399,7837,7860.04,7700,2204780,423
2013-09-01,10000002,34,4.76,4.79,4.71,23658864664,3516
2013-09-01,10000002,35,11.57,11.6,11.51,4799739581,2464
2013-09-01,10000002,36,37.2,37.83,37.11,1924714016,2272
2013-09-01,10000002,37,123.63,124.89,123.45,487614641,1768
2013-09-01,10000002,38,729.99,739,725.12,86404981,1809
2013-09-01,10000002,39,635.01,642.64,624.09,30274079,1351
2013-09-01,10000002,40,1750,1798.8,1735.01,16843704,1316
2013-09-01,10000002,11399,7836.99,7864.43,7617,1887979,453
2013-09-02,10000002,34,4.77,4.81,4.7,26081635456,2975
2013-09-02,10000002,35,11.48,11.53,11.42,4486248313,2000
2013-09-02,10000002,36,37.25,37.59,36.99,2119696791,1925
2013-09-02,10000002,37,123.04,124.44,120.17,281124390,1485
2013-09-02,10000002,38,725.12,730,723.7,98908619,1594
2013-09-02,10000002,39,634,636,624.11,57243615,1153
2013-09-02,10000002,40,1733.11,1792.97,1705.28,22601535,1139
2013-09-02,10000002,11399,7830,7843.92,7601,3178371,388
2013-09-03,10000002,34,4.76,4.8,4.71,25224969049,2547
2013-09-03,10000002,35,11.44,11.48,11.4,3646798847,1701
2013-09-03,10000002,36,37.43,37.6,37.06,1411292940,1660
2013-09-03,10000002,37,121.89,122.48,120.45,234483054,1280
2013-09-03,10000002,38,727,730,722.36,98140419,1366
2013-09-03,10000002,39,630.05,635,620,24744097,1055
2013-09-03,10000002,40,1760.02,1788.98,1707,15228596,1003
2013-09-03,10000002,11399,7843.91,7843.93,7798.9,1292887,334
2013-09-04,10000002,34,4.78,4.8,4.75,18525871780,2587
2013-09-04,10000002,35,11.36,11.43,11.32,4140313160,1773
2013-09-04,10000002,36,37.52,37.67,37.23,1517497702,1663
2013-09-04,10000002,37,122.68,123.35,121.97,359176101,1350
2013-09-04,10000002,38,722.03,735,721.08,83065542,1414
2013-09-04,10000002,39,618.95,630.88,614,31890554,1047
2013-09-04,10000002,40,1752.69,1783.97,1750,13423740,962
2013-09-04,10000002,11399,7843.75,7894.96,7575.63,4885452,431
2013-09-05,10000002,34,4.73,4.8,4.69,28535162227,2792
2013-09-05,10000002,35,11.2,11.25,11.1,4500791788,1875
2013-09-05,10000002,36,37.2,37.42,36.81,1772899742,1790
2013-09-05,10000002,37,122.13,122.51,121.59,364015082,1422
2013-09-05,10000002,38,714,715.9,708.43,67897892,1487
2013-09-05,10000002,39,634.68,634.77,618.33,16350784,1099
2013-09-05,10000002,40,1758.96,1759.99,1706.15,9813133,1028
2013-09-05,10000002,11399,7750.15,8039.95,7601.01,1669190,390
2013-09-06,10000002,34,4.75,4.77,4.69,25810214750,2719
2013-09-06,10000002,35,11.1,11.18,11.02,3559183400,1849
2013-09-06,10000002,36,37.26,37.36,36.57,1355358534,1719
2013-09-06,10000002,37,122.53,122.69,121.66,269978222,1375
2013-09-06,10000002,38,714,714.47,708.42,85339714,1370
2013-09-06,10000002,39,635.33,638.02,619.6,26231222,1089
2013-09-06,10000002,40,1750.02,1765.08,1720.01,10617489,993
2013-09-06,10000002,11399,7899.89,8035.94,7625.05,1640077,353
2013-09-07,10000002,34,4.76,4.78,4.73,22745680083,3125
2013-09-07,10000002,35,11.1,11.15,11.08,4515619251,2130
2013-09-07,10000002,36,37.07,37.24,36.82,1724447623,2047
2013-09-07,10000002,37,121.41,122.95,121.2,254566788,1588
2013-09-07,10000002,38,711.01,714,706.53,92615454,1667
2013-09-07,10000002,39,640.9,642,634,28683616,1308
2013-09-07,10000002,40,1720,1780,1705.29,23690485,1275
2013-09-07,10000002,11399,7849.99,8039.46,7632.02,2188769,407
2013-09-08,10000002,34,4.74,4.76,4.71,31666194252,3429
2013-09-08,10000002,35,11.17,11.2,11.12,5233389914,2263
2013-09-08,10000002,36,37.42,37.49,37.15,2655544031,2254
2013-09-08,10000002,37,122.15,122.79,121.58,312907741,1708
2013-09-08,10000002,38,711.43,712.93,708.76,94978178,1830
2013-09-08,10000002,39,663.25,677,644.34,42539482,1362
2013-09-08,10000002,40,1780.4,1780.4,1780.11,29284672,1345
2013-09-08,10000002,11399,8039,8100.01,7849.95,2597471,461
2013-09-09,10000002,34,4.7,4.77,4.68,23823338659,2809
2013-09-09,10000002,35,11.33,11.35,11.28,4642851586,1997
2013-09-09,10000002,36,37.73,38.77,37.61,1678570210,1855
2013-09-09,10000002,37,121.77,122.87,121.34,309537432,1402
2013-09-09,10000002,38,708.75,712.94,706.2,81302902,1498
2013-09-09,10000002,39,635.27,644.03,634.11,34431735,1161
2013-09-09,10000002,40,1763.8,1779.9,1721.23,18296534,1068
2013-09-09,10000002,11399,7951.42,8338.62,7806.11,3271770,417
2013-09-10,10000002,34,4.73,4.77,4.71,23485896898,2666
2013-09-10,10000002,35,11.41,11.46,11.36,4975144986,1902
2013-09-10,10000002,36,38.57,38.82,37.82,1875653811,1807
2013-09-10,10000002,37,121.85,123.11,121.56,382972033,1416
2013-09-10,10000002,38,710.99,711.99,706.43,93905501,1421
2013-09-10,10000002,39,637,637.05,637,31042851,1096
2013-09-10,10000002,40,1811,1811.98,1780.02,18784652,999
2013-09-10,10000002,11399,8314,8314.11,8313.44,3116612,373
2013-09-11,10000002,34,4.8,4.9,4.75,37392173174,2688
2013-09-11,10000002,35,11.53,11.59,11.46,5449788252,1782
2013-09-11,10000002,36,41.97,44.13,40.56,1739595347,1762
2013-09-11,10000002,37,123,123.8,122.03,279534328,1318
2013-09-11,10000002,38,704.9,713.93,698.93,81886016,1366
2013-09-11,10000002,39,629,636.2,617.73,39118822,1071
2013-09-11,10000002,40,1750,1759.98,1730,30255084,1064
2013-09-11,10000002,11399,7952.2,8314.11,7622,5580668,439
2013-09-12,10000002,34,4.76,4.8,4.73,21789099560,2652
2013-09-12,10000002,35,11.62,11.66,11.47,3521151999,1834
2013-09-12,10000002,36,41.19,42.17,41.1,1544303309,1780
2013-09-12,10000002,37,123.09,124.1,122.16,287844166,1322
2013-09-12,10000002,38,699.99,704.81,688.04,77831785,1393
2013-09-12,10000002,39,640,646.97,626,24534734,988
2013-09-12,10000002,40,1789.99,1800,1751.28,18773229,941
2013-09-12,10000002,11399,7113,7696.93,7019.79,2394226,344
2013-09-13,10000002,34,4.71,4.74,4.68,25496203238,2660
2013-09-13,10000002,35,11.29,11.38,11.24,3802416011,1810
2013-09-13,10000002,36,41.19,41.45,40.52,1651625922,1754
2013-09-13,10000002,37,122.89,123.52,122.27,338039870,1348
2013-09-13,10000002,38,700.9,704.29,691.6,92576967,1461
2013-09-13,10000002,39,641.17,641.17,636.09,38558392,1039
2013-09-13,10000002,40,1786.04,1807.9,1781,12255969,980
2013-09-13,10000002,11399,7598.94,7645,7210,1492215,332
2013-09-14,10000002,34,4.74,4.78,4.7,32070688791,3063
2013-09-14,10000002,35,11.28,11.32,11.12,5064653456,2090
2013-09-14,10000002,36,40.43,41,39.98,1911460978,2016
2013-09-14,10000002,37,123.28,123.38,122.21,384229653,1515
2013-09-14,10000002,38,710.49,715.48,701.78,111783029,1707
2013-09-14,10000002,39,621.02,632.69,616.45,33439440,1166
2013-09-14,10000002,40,1752.25,1802.97,1752.01,15818763,1038
2013-09-14,10000002,11399,7639.97,7639.97,7634.94,4370146,445
2013-09-15,10000002,34,4.69,4.75,4.65,25532642597,3233
2013-09-15,10000002,35,11.18,11.23,11.11,6171106334,2286
2013-09-15,10000002,36,40.13,40.87,40,1724791221,2164
2013-09-15,10000002,37,122,124.86,121.05,369449991,1746
2013-09-15,10000002,38,707,718,701.71,92211615,1823
2013-09-15,10000002,39,611.74,629.65,610.01,34571825,1386
2013-09-15,10000002,40,1732.04,1798,1731.22,16990787,1215
2013-09-15,10000002,11399,7800.11,7963.99,7620,3242184,477
2013-09-16,10000002,34,4.7,4.72,4.68,20559296984,2611
2013-09-16,10000002,35,11.15,11.2,11.03,5058261599,1860
2013-09-16,10000002,36,39.35,40,38.59,1436793788,1765
2013-09-16,10000002,37,118.9,119.44,118.28,243055501,1314
2013-09-16,10000002,38,701.67,708.89,701.55,81543510,1438
2013-09-16,10000002,39,617.23,618.93,600.07,40565473,1096
2013-09-16,10000002,40,1770.23,1788.79,1731.23,12980620,959
2013-09-16,10000002,11399,7555.18,7898.74,7484.01,3234888,349
2013-09-17,10000002,34,4.67,4.7,4.65,16530968708,2492
2013-09-17,10000002,35,11.15,11.17,11,3634543758,1797
2013-09-17,10000002,36,39.59,39.92,39.51,1391563826,1717
2013-09-17,10000002,37,119.82,120.13,119.32,268359618,1364
2013-09-17,10000002,38,700.03,705.81,695.98,75860209,1432
2013-09-17,10000002,39,611.82,618.55,605.04,26282218,1076
2013-09-17,10000002,40,1746.37,1750.5,1740.04,10414540,979
2013-09-17,10000002,11399,7797.84,7844.98,7497.6,1757951,394
2013-09-18,10000002,34,4.69,4.73,4.67,21112151503,2396
2013-09-18,10000002,35,11.15,11.21,11.04,3974028223,1665
2013-09-18,10000002,36,39.65,40,39.59,1496297945,1572
2013-09-18,10000002,37,120.17,121.92,120.03,314923727,1237
2013-09-18,10000002,38,695.9,703.94,675.14,92238934,1304
2013-09-18,10000002,39,591.02,611.53,571.55,36361983,955
2013-09-18,10000002,40,1689.62,1738.5,1688.11,24115125,920
2013-09-18,10000002,11399,7497.54,7690,7296.64,2959099,397
2013-09-19,10000002,34,4.65,4.71,4.62,17855796267,2471
2013-09-19,10000002,35,11.01,11.09,10.92,3158953203,1666
2013-09-19,10000002,36,39.49,39.89,38.54,1164773078,1575
2013-09-19,10000002,37,119.25,119.84,118.59,291755977,1230
2013-09-19,10000002,38,670,673.95,645.53,63908042,1281
2013-09-19,10000002,39,614.72,615.98,585.02,24180724,943
2013-09-19,10000002,40,1698.18,1714.98,1687.94,16123468,893
2013-09-19,10000002,11399,7649,7649.48,7410,1761468,341
2013-09-20,10000002,34,4.71,4.73,4.7,27879595847,2705
2013-09-20,10000002,35,10.95,10.99,10.94,6889952529,1853
2013-09-20,10000002,36,38.86,38.86,38.86,4163801696,1763
2013-09-20,10000002,37,119.61,119.61,119.61,542286524,1360
2013-09-20,10000002,38,650.67,659,647.12,111761528,1459
2013-09-20,10000002,39,609.6,611.63,605.69,32548140,1100
2013-09-20,10000002,40,1624.6,1694.38,1617.31,19406037,982
2013-09-20,10000002,11399,7599.95,7625.99,7300.21,1723501,325
2013-09-21,10000002,34,4.78,4.82,4.74,40017737597,2930
2013-09-21,10000002,35,11.3,11.48,11.14,5688756159,2087
2013-09-21,10000002,36,39.4,39.5,38.81,2004775458,1840
2013-09-21,10000002,37,123.8,125.9,123.11,406927981,1498
2013-09-21,10000002,38,660,667,651.58,106605500,1529
2013-09-21,10000002,39,608.98,609.98,592.42,47108912,1175
2013-09-21,10000002,40,1685,1688.8,1635.3,24729129,1102
2013-09-21,10000002,11399,7624,7624.94,7368.17,2631985,380
2013-09-22,10000002,34,4.79,4.84,4.77,23697356924,3291
2013-09-22,10000002,35,11.68,11.69,11.64,6491102579,2335
2013-09-22,10000002,36,39.2,39.42,39.17,2000165301,2131
2013-09-22,10000002,37,124.12,126.44,123.65,365714044,1673
2013-09-22,10000002,38,667.35,669.87,656.42,90702791,1678
2013-09-22,10000002,39,604.92,609.98,600.13,31030602,1260
2013-09-22,10000002,40,1700,1713.93,1650.41,11782501,1140
2013-09-22,10000002,11399,7625,7625,7625,1913010,420
2013-09-23,10000002,34,4.84,4.88,4.79,34531198523,2785
2013-09-23,10000002,35,11.4,11.44,11.3,6464230556,1903
2013-09-23,10000002,36,39.49,39.9,39.3,2354499277,1908
2013-09-23,10000002,37,126.43,126.81,124.24,420319272,1472
2013-09-23,10000002,38,670.02,671.88,663.26,121547619,1549
2013-09-23,10000002,39,604.93,609,595.05,28168429,1085
2013-09-23,10000002,40,1666.3,1711.98,1648.05,20063887,1055
2013-09-23,10000002,11399,7400.18,7649.42,7388.21,1488429,362
2013-09-24,10000002,34,4.8,4.9,4.78,24384874895,2778
2013-09-24,10000002,35,11.7,11.89,11.63,5233412296,1861
2013-09-24,10000002,36,39.73,40.65,39.23,1480299527,1715
2013-09-24,10000002,37,127.38,129.1,125.01,360409534,1368
2013-09-24,10000002,38,688.98,699.73,669.91,98289226,1485
2013-09-24,10000002,39,608.98,609.46,607,24195082,1057
2013-09-24,10000002,40,1673,1704.9,1662.04,15973147,1018
2013-09-24,10000002,11399,7400,7649.34,7390.62,2505508,366
2013-09-25,10000002,34,4.92,4.98,4.86,33960805410,2616
2013-09-25,10000002,35,11.8,11.82,11.72,8423672519,1727
2013-09-25,10000002,36,39.59,39.97,39.58,2024782052,1612
2013-09-25,10000002,37,127.24,129.13,127.18,386063646,1279
2013-09-25,10000002,38,685.17,697.36,676.06,91738810,1343
2013-09-25,10000002,39,598.53,608.64,595.63,42386992,1042
2013-09-25,10000002,40,1673.98,1674,1651.01,16516677,910
2013-09-25,10000002,11399,7635.99,7649.42,7415.23,1345894,345
2013-09-26,10000002,34,4.89,4.96,4.86,34101995647,2777
2013-09-26,10000002,35,11.57,11.79,11.5,4530352843,1886
2013-09-26,10000002,36,39.77,40.13,39.6,1511402576,1741
2013-09-26,10000002,37,127.97,128.9,127.33,335814377,1429
2013-09-26,10000002,38,686.27,694.8,685.27,78271727,1442
2013-09-26,10000002,39,609.92,611.92,595.03,29128918,1131
2013-09-26,10000002,40,1710.11,1711.76,1692.03,18205347,1020
2013-09-26,10000002,11399,7648.32,7649.44,7500,1766901,339
2013-09-27,10000002,34,4.85,4.94,4.82,31380140386,2643
2013-09-27,10000002,35,11.74,11.77,11.61,6706509311,1899
2013-09-27,10000002,36,39.1,39.3,39,1571181574,1724
2013-09-27,10000002,37,130,131.46,128.38,475891340,1420
2013-09-27,10000002,38,686.99,690.61,686.52,132564313,1442
2013-09-27,10000002,39,609,611.43,597.63,24311296,1074
2013-09-27,10000002,40,1691.54,1710,1677.03,14253087,1038
2013-09-27,10000002,11399,7650,7698.47,7493.66,1468522,368
2013-09-28,10000002,34,4.86,4.9,4.8,25169940690,3099
2013-09-28,10000002,35,11.71,11.76,11.58,4779020452,2126
2013-09-28,10000002,36,39.02,39.29,38.66,1967009042,1926
2013-09-28,10000002,37,131.39,132.66,129.84,429216858,1559
2013-09-28,10000002,38,686.52,690.78,674.99,110029402,1655
2013-09-28,10000002,39,597.93,607.08,595.05,34491167,1209
2013-09-28,10000002,40,1679.01,1731.85,1677.47,18231423,1122
2013-09-28,10000002,11399,7493.36,7647.47,7390.81,3087456,457
2013-09-29,10000002,34,4.84,4.89,4.81,32950023330,3499
2013-09-29,10000002,35,11.68,11.79,11.61,6675653349,2548
2013-09-29,10000002,36,39.31,39.7,38.95,2220352972,2380
2013-09-29,10000002,37,132.73,133.1,132,535130572,1818
2013-09-29,10000002,38,678.9,693.06,670,122845427,1905
2013-09-29,10000002,39,595.02,600.97,590,44197124,1404
2013-09-29,10000002,40,1680,1724.5,1676.46,24278609,1266
2013-09-29,10000002,11399,7422,7588,7421.13,3313986,453
2013-09-30,10000002,34,4.82,4.88,4.8,29393572418,2811
2013-09-30,10000002,35,11.81,11.85,11.75,5462113764,1984
2013-09-30,10000002,36,38.91,39.03,38.79,1683188530,1763
2013-09-30,10000002,37,130.12,130.3,129.8,414572508,1448
2013-09-30,10000002,38,670.47,672.79,665.31,111483438,1524
2013-09-30,10000002,39,575,587,561,51599792,1222
2013-09-30,10000002,40,1625.31,1651.05,1619.18,27002672,1006
2013-09-30,10000002,11399,7180.09,7543.59,7153.09,2094089,416
2013-10-01,10000002,34,4.8,4.84,4.78,22680548241,2595
2013-10-01,10000002,35,11.5,11.57,11.29,4560074055,1882
2013-10-01,10000002,36,39.09,39.88,38.96,1413549809,1684
2013-10-01,10000002,37,129.59,129.82,128.03,359911823,1415
2013-10-01,10000002,38,662.89,663.79,646.14,112085578,1465
2013-10-01,10000002,39,562.87,575,541.2,63273732,1207
2013-10-01,10000002,40,1618.16,1619.97,1456.2,32183259,1070
2013-10-01,10000002,11399,7191,7419.99,7191,2466797,407
2013-10-02,10000002,34,4.85,4.88,4.82,26275976533,2711
2013-10-02,10000002,35,11.59,11.66,11.5,4849839236,1948
2013-10-02,10000002,36,39.5,39.8,39.19,1805601251,1789
2013-10-02,10000002,37,129.95,133.94,127.57,267867006,1417
2013-10-02,10000002,38,663.9,664.83,650.13,68175815,1439
2013-10-02,10000002,39,570.92,582.71,551.14,25248111,1130
2013-10-02,10000002,40,1610,1612.06,1575.15,15714069,1085
2013-10-02,10000002,11399,7397.49,7419,7173.11,2019635,378
2013-10-03,10000002,34,4.82,4.85,4.8,21359872479,2717
2013-10-03,10000002,35,11.52,11.7,11.37,5709136754,1949
2013-10-03,10000002,36,39.81,40.62,39.66,1965665604,1839
2013-10-03,10000002,37,131.7,132.24,128.04,308374443,1432
2013-10-03,10000002,38,663.5,664.71,653.1,87523476,1500
2013-10-03,10000002,39,579.84,581.61,562.6,35795798,1155
2013-10-03,10000002,40,1649.78,1650.45,1612.9,29498113,1140
2013-10-03,10000002,11399,7549.94,7650,7419.47,4869218,458
2013-10-04,10000002,34,4.87,4.9,4.77,22018198582,2626
2013-10-04,10000002,35,11.55,11.8,11.33,3709290795,1851
2013-10-04,10000002,36,40.8,43.92,40.16,1588053489,1787
2013-10-04,10000002,37,131.72,132,127.64,296498610,1355
2013-10-04,10000002,38,660.05,669,653.45,62145747,1324
2013-10-04,10000002,39,586.83,589.99,559.07,18593124,1020
2013-10-04,10000002,40,1671.85,1672,1670.96,15535478,973
2013-10-04,10000002,11399,7701,7997.88,7420.01,1450695,325
2013-10-05,10000002,34,4.84,4.9,4.77,27456235652,3184
2013-10-05,10000002,35,11.41,11.45,11.35,4240319953,2086
2013-10-05,10000002,36,40.43,41.2,40.16,1510290523,2022
2013-10-05,10000002,37,127.72,129.85,125,300049797,1548
2013-10-05,10000002,38,665.74,669.87,650.57,107247881,1645
2013-10-05,10000002,39,592,592.94,582.23,32572629,1242
2013-10-05,10000002,40,1665,1670.97,1610.09,18778220,1094
2013-10-05,10000002,11399,7438.48,7749.97,7207.28,3947909,443
2013-10-06,10000002,34,4.81,4.93,4.77,40124777356,3494
2013-10-06,10000002,35,11.31,11.43,11.26,6387679617,2446
2013-10-06,10000002,36,39.62,40.39,39.26,2015523280,2216
2013-10-06,10000002,37,124.99,126.44,119,338698404,1758
2013-10-06,10000002,38,659.84,664.97,643,96014248,1745
2013-10-06,10000002,39,580,588.82,565.15,37362099,1365
2013-10-06,10000002,40,1612,1659.87,1589.34,51150957,1276
2013-10-06,10000002,11399,7449.97,7692.98,7185.29,3073603,459
2013-10-07,10000002,34,4.8,4.88,4.75,24375831112,2761
2013-10-07,10000002,35,11.35,11.49,11.21,5232485631,1876
2013-10-07,10000002,36,38.75,40,38.31,1647393097,1773
2013-10-07,10000002,37,124.82,126.03,121.49,296038917,1373
2013-10-07,10000002,38,651.89,659.2,644.3,108682238,1426
2013-10-07,10000002,39,571.79,577,566,42080604,1115
2013-10-07,10000002,40,1657.87,1659.98,1610.05,27043901,1064
2013-10-07,10000002,11399,7565,7569.98,7250.3,2573097,361
2013-10-08,10000002,34,4.8,4.83,4.79,19651419342,2543
2013-10-08,10000002,35,11.3,11.51,11.24,3864219593,1776
2013-10-08,10000002,36,39.86,40.2,38.71,1402515285,1667
2013-10-08,10000002,37,125.48,125.92,124.37,320862445,1363
2013-10-08,10000002,38,653.3,657.92,648.17,81618588,1417
2013-10-08,10000002,39,566.75,578,566,33574573,1093
2013-10-08,10000002,40,1608.88,1655,1608,17802147,993
2013-10-08,10000002,11399,7300,7300.02,7200.38,2251068,332
2013-10-09,10000002,34,4.82,4.87,4.73,22379615927,2612
2013-10-09,10000002,35,11.25,11.28,11.21,4262828357,1819
2013-10-09,10000002,36,39.39,39.64,38.82,1450743954,1635
2013-10-09,10000002,37,124.99,125.59,124.72,205011855,1370
2013-10-09,10000002,38,656.61,657.35,649.51,63975632,1379
2013-10-09,10000002,39,572,580,565.02,18253603,1073
2013-10-09,10000002,40,1601.07,1652.99,1600.03,17728580,1052
2013-10-09,10000002,11399,7200.3,7347.98,7200.24,2185478,371
2013-10-10,10000002,34,4.8,4.84,4.74,22272475113,2443
2013-10-10,10000002,35,11.25,11.3,11.21,3486728652,1730
2013-10-10,10000002,36,39.06,39.62,39.02,1275765676,1592
2013-10-10,10000002,37,124.27,124.66,124,298595418,1269
2013-10-10,10000002,38,654.99,656.74,649.81,72155974,1354
2013-10-10,10000002,39,579.75,579.97,566,24063998,1046
2013-10-10,10000002,40,1597.01,1649.99,1591.5,11901242,966
2013-10-10,10000002,11399,7335,7340.93,7192.02,1604051,355
2013-10-11,10000002,34,4.8,4.83,4.73,17997028558,2664
2013-10-11,10000002,35,11.29,11.3,11.21,3801075600,1868
2013-10-11,10000002,36,39.6,39.69,38.73,1411532851,1738
2013-10-11,10000002,37,124.6,124.77,121.41,266799819,1446
2013-10-11,10000002,38,650.58,655.96,650.25,89440066,1441
2013-10-11,10000002,39,565.03,585.99,564.87,42462156,1140
2013-10-11,10000002,40,1592.23,1648.44,1591.47,19556619,1060
2013-10-11,10000002,11399,7340,7448.45,7050.77,5001413,384
2013-10-12,10000002,34,4.78,4.81,4.75,26295023658,3001
2013-10-12,10000002,35,11.21,11.24,11.13,5827745237,2014
2013-10-12,10000002,36,39.73,39.84,39.05,2107323196,1936
2013-10-12,10000002,37,123.64,123.75,123.42,333671474,1559
2013-10-12,10000002,38,654.97,655.99,650.18,88316522,1556
2013-10-12,10000002,39,556.86,561.23,542.31,77282844,1365
2013-10-12,10000002,40,1597.1,1629.84,1591.27,21529807,1198
2013-10-12,10000002,11399,7375.33,7439.98,7101.02,1504392,409
2013-10-13,10000002,34,4.81,4.83,4.76,28662608003,3214
2013-10-13,10000002,35,11.22,11.27,11.17,5240136385,2263
2013-10-13,10000002,36,39.93,40,39.5,1732739890,2076
2013-10-13,10000002,37,124.17,124.4,123.7,358051817,1664
2013-10-13,10000002,38,656.82,656.96,652.06,117493050,1707
2013-10-13,10000002,39,556.84,564.98,541.2,48144036,1408
2013-10-13,10000002,40,1609.94,1620.07,1582.35,18529867,1241
2013-10-13,10000002,11399,7450.54,7700,7250,6287621,476
2013-10-14,10000002,34,4.8,4.84,4.75,31746292457,2935
2013-10-14,10000002,35,11.26,11.29,11.25,6394698756,2085
2013-10-14,10000002,36,40.17,41.67,39.92,1949305269,1940
2013-10-14,10000002,37,125.3,126.34,124.59,486899803,1551
2013-10-14,10000002,38,659.59,661.93,656.1,100219395,1539
2013-10-14,10000002,39,569,580,561.04,29276633,1173
2013-10-14,10000002,40,1604.2,1620.15,1591.01,13767910,1075
2013-10-14,10000002,11399,7798.94,7799,7360.01,1750378,347
2013-10-15,10000002,34,4.79,4.83,4.73,20045360624,2487
2013-10-15,10000002,35,11.3,11.37,11.24,3843440176,1737
2013-10-15,10000002,36,40.55,41.48,40.35,1386482538,1638
2013-10-15,10000002,37,125.99,126.47,125.52,214644617,1263
2013-10-15,10000002,38,660,661,657.27,79058419,1343
2013-10-15,10000002,39,565.41,571.31,561.1,25772348,1024
2013-10-15,10000002,40,1592.01,1617,1585.03,13122271,969
2013-10-15,10000002,11399,7685.99,7689.94,7540.01,1349151,328
2013-10-16,10000002,34,4.77,4.8,4.74,18630151561,2607
2013-10-16,10000002,35,11.29,11.37,11.17,3850897510,1833
2013-10-16,10000002,36,40.91,41.41,40.57,1671834386,1771
2013-10-16,10000002,37,126.15,126.35,125.85,304509491,1391
2013-10-16,10000002,38,657.49,663.2,657.21,72831047,1433
2013-10-16,10000002,39,560.22,567.86,557.15,27183062,1082
2013-10-16,10000002,40,1595,1640.87,1577.01,22962709,1041
2013-10-16,10000002,11399,7600.49,7677.97,7453.51,1393107,330
2013-10-17,10000002,34,4.79,4.8,4.75,23017635415,2493
2013-10-17,10000002,35,11.25,11.26,11.22,4637892121,1724
2013-10-17,10000002,36,40.87,41.05,40.5,1965793788,1632
2013-10-17,10000002,37,126.31,126.35,126.15,391907835,1293
2013-10-17,10000002,38,663.32,663.4,659.18,81150016,1326
2013-10-17,10000002,39,564.74,567.09,559.05,26421132,1004
2013-10-17,10000002,40,1600,1617,1580,17323617,934
2013-10-17,10000002,11399,7568,7583,7497.18,1971136,346
2013-10-18,10000002,34,4.74,4.76,4.73,15080522317,2467
2013-10-18,10000002,35,11.23,11.24,11.16,3788258893,1754
2013-10-18,10000002,36,40.37,41.1,40.18,1368698590,1666
2013-10-18,10000002,37,126.34,126.9,126.21,308365718,1314
2013-10-18,10000002,38,663.41,665.66,662.05,78343399,1390
2013-10-18,10000002,39,571.33,579.69,567,22772827,955
2013-10-18,10000002,40,1600.02,1624.28,1590,15314789,959
2013-10-18,10000002,11399,7580.2,7580.43,7341,1687019,329
2013-10-19,10000002,34,4.76,4.79,4.72,26839025240,3061
2013-10-19,10000002,35,11.23,11.25,11.13,5215980097,2174
2013-10-19,10000002,36,40.71,40.96,39.9,1584464149,1892
2013-10-19,10000002,37,125.98,126.23,124.05,423203809,1541
2013-10-19,10000002,38,664.7,665.76,661.5,80583105,1579
2013-10-19,10000002,39,565.67,580,564.34,31030258,1205
2013-10-19,10000002,40,1600,1617.96,1566.31,14518812,1146
2013-10-19,10000002,11399,7537.9,7544.91,7400,2537949,405
2013-10-20,10000002,34,4.75,4.78,4.72,22773307560,3211
2013-10-20,10000002,35,11.2,11.22,11.11,4583712525,2269
2013-10-20,10000002,36,40.47,40.65,39.8,1403886151,2126
2013-10-20,10000002,37,124.99,125.9,121.33,251564244,1691
2013-10-20,10000002,38,657.7,665.74,651.12,103644150,1779
2013-10-20,10000002,39,557.84,565.63,550.07,55920934,1341
2013-10-20,10000002,40,1565,1579.99,1564.34,25462483,1298
2013-10-20,10000002,11399,7430.99,7478.33,7205.14,2714808,411
2013-10-21,10000002,34,4.75,4.78,4.71,20437521080,2449
2013-10-21,10000002,35,11.2,11.25,11.16,4594091706,1720
2013-10-21,10000002,36,40.63,40.67,40.05,1313575985,1596
2013-10-21,10000002,37,125.79,126.86,124.14,253777476,1256
2013-10-21,10000002,38,667.97,669.58,648.21,71712273,1356
2013-10-21,10000002,39,554.93,559.99,547.12,32665947,1011
2013-10-21,10000002,40,1574.99,1590,1564.11,15866275,948
2013-10-21,10000002,11399,7438.95,7440.36,7210.1,1273463,294
2013-10-22,10000002,34,4.73,4.75,4.71,21770724363,2525
2013-10-22,10000002,35,11.2,11.23,11.14,3836024125,1696
2013-10-22,10000002,36,40.42,40.51,40.07,1589991852,1631
2013-10-22,10000002,37,124.42,126.17,122.75,275048177,1235
2013-10-22,10000002,38,666.94,668.96,649.93,80134478,1323
2013-10-22,10000002,39,569.99,572.97,555.76,34294860,1021
2013-10-22,10000002,40,1590,1596.98,1564.11,13331685,959
2013-10-22,10000002,11399,7434,7439,7270,3193913,357
2013-10-23,10000002,34,4.78,4.79,4.75,27555106827,2687
2013-10-23,10000002,35,11.28,11.28,11.26,4709811264,1934
2013-10-23,10000002,36,40.5,40.69,40.05,1677448581,1728
2013-10-23,10000002,37,125.78,125.9,125.1,305900495,1342
2013-10-23,10000002,38,663.91,664,654.09,89064980,1373
2013-10-23,10000002,39,572.3,580,563.07,70959434,1144
2013-10-23,10000002,40,1540,1584.97,1535.18,25319971,1062
2013-10-23,10000002,11399,7473.99,7536,7281,2317695,385
2013-10-24,10000002,34,4.8,4.83,4.73,30081121144,2624
2013-10-24,10000002,35,11.39,11.46,11.21,4153164650,1792
2013-10-24,10000002,36,40.84,40.98,40.13,1496052240,1675
2013-10-24,10000002,37,125.2,125.6,122.7,320554857,1268
2013-10-24,10000002,38,665,665.46,661,97082173,1414
2013-10-24,10000002,39,565,571.47,557.51,24217877,968
2013-10-24,10000002,40,1586.92,1587.91,1548.15,11449874,947
2013-10-24,10000002,11399,7450,7543.96,7285.22,1154425,316
2013-10-25,10000002,34,4.75,4.79,4.72,23282822596,2693
2013-10-25,10000002,35,11.15,11.23,11.05,4163261285,1791
2013-10-25,10000002,36,41,41.67,39.86,1476159755,1696
2013-10-25,10000002,37,124.49,124.68,121.38,267647271,1323
2013-10-25,10000002,38,661.14,665.15,660.63,96704901,1402
2013-10-25,10000002,39,565,569.95,551.78,30388296,1067
2013-10-25,10000002,40,1550,1593.89,1546.03,29631558,1049
2013-10-25,10000002,11399,7448.95,7543.91,7301,2453373,368
2013-10-26,10000002,34,4.73,4.79,4.71,35326666631,3280
2013-10-26,10000002,35,11.1,11.17,11.01,4983473921,2227
2013-10-26,10000002,36,40.73,40.98,40.4,1762953199,2121
2013-10-26,10000002,37,124.19,125,124.13,454626720,1679
2013-10-26,10000002,38,662.44,664.39,660.05,113691082,1700
2013-10-26,10000002,39,560,564.55,555.51,35259384,1289
2013-10-26,10000002,40,1588,1591,1544,15213496,1230
2013-10-26,10000002,11399,7538.5,7543.78,7262,3835884,434
2013-10-27,10000002,34,4.77,4.79,4.73,28203371566,3475
2013-10-27,10000002,35,11.12,11.17,11.06,6221208617,2307
2013-10-27,10000002,36,40.8,40.95,40.5,2248318617,2069
2013-10-27,10000002,37,125.45,125.88,124.22,485857188,1660
2013-10-27,10000002,38,654.99,661.83,652.59,118838701,1713
2013-10-27,10000002,39,566.58,573.19,560.08,48540489,1291
2013-10-27,10000002,40,1586,1588,1565,20514446,1231
2013-10-27,10000002,11399,7342.82,7512,7236.13,2017538,428
2013-10-28,10000002,34,4.78,4.8,4.75,23762392651,3099
2013-10-28,10000002,35,11.18,11.22,11.15,6442544263,2111
2013-10-28,10000002,36,41,44.23,40.89,2060433782,2038
2013-10-28,10000002,37,124,126.25,122.13,547975810,1530
2013-10-28,10000002,38,658.99,660.9,648.11,120801700,1530
2013-10-28,10000002,39,568.98,577.99,560.48,44766617,1158
2013-10-28,10000002,40,1567.31,1598.31,1536.52,27188965,1071
2013-10-28,10000002,11399,7339.84,7339.93,7240.02,4024091,399
2013-10-29,10000002,34,4.76,4.77,4.73,16150928040,2926
2013-10-29,10000002,35,11.27,11.4,11,4986409763,1958
2013-10-29,10000002,36,41.69,42.91,41.55,1570624788,1793
2013-10-29,10000002,37,122.02,126.31,121.64,333026658,1349
2013-10-29,10000002,38,658.92,661,652.04,74738161,1400
2013-10-29,10000002,39,560,579.98,555.77,33864231,1035
2013-10-29,10000002,40,1528.01,1567.29,1523.05,28164029,1034
2013-10-29,10000002,11399,7379.05,7520.96,7173.14,2319631,326
2013-10-30,10000002,34,4.75,4.77,4.74,21507350042,2611
2013-10-30,10000002,35,11.19,11.39,11,3537512769,1832
2013-10-30,10000002,36,41,41.42,40.48,1247761960,1687
2013-10-30,10000002,37,125.68,126.5,121.53,254222535,1337
2013-10-30,10000002,38,661.47,661.58,652.1,72645503,1340
2013-10-30,10000002,39,562.47,581,557.01,43810247,1052
2013-10-30,10000002,40,1585,1598.89,1533.1,14552227,982
2013-10-30,10000002,11399,7524.88,7524.97,7514,3099507,341
2013-10-31,10000002,34,4.72,4.75,4.7,22719632802,2786
2013-10-31,10000002,35,11.05,11.15,10.92,3421673275,1805
2013-10-31,10000002,36,40.46,40.73,40.42,1118813713,1658
2013-10-31,10000002,37,122.15,124.99,121.15,231232395,1248
2013-10-31,10000002,38,652,661.69,647.31,72045616,1335
2013-10-31,10000002,39,545.16,572.46,537.26,26101991,984
2013-10-31,10000002,40,1553.08,1578.99,1551.23,16085498,873
2013-10-31,10000002,11399,7185.03,7185.06,7173.55,3265646,310
2013-11-01,10000002,34,4.75,4.78,4.7,22450537458,2809
2013-11-01,10000002,35,11.18,11.21,11.07,4358981991,1957
2013-11-01,10000002,36,40.95,40.99,40.69,1738123202,1769
2013-11-01,10000002,37,122.95,123.92,122.03,278622688,1366
2013-11-01,10000002,38,657.4,661.39,645.02,99474203,1480
2013-11-01,10000002,39,568.05,569.99,560.56,50691654,1111
2013-11-01,10000002,40,1560,1599.95,1540.64,23639638,1042
2013-11-01,10000002,11399,7070.98,7446.79,7054.01,2905871,370
2013-11-02,10000002,34,4.75,4.77,4.74,29112987907,3393
2013-11-02,10000002,35,11.19,11.22,11.15,5439856949,2392
2013-11-02,10000002,36,40.8,40.96,40.63,1698459671,2193
2013-11-02,10000002,37,122.99,124.15,122.57,389359829,1630
2013-11-02,10000002,38,658.47,660,640.07,76537532,1689
2013-11-02,10000002,39,562.71,573.97,561.98,37379751,1241
2013-11-02,10000002,40,1584,1586.93,1551.18,12814323,1167
2013-11-02,10000002,11399,7442,7443.7,7149.08,2207287,440
2013-11-03,10000002,34,4.78,4.8,4.74,36693361984,3575
2013-11-03,10000002,35,11.25,11.26,11.24,7484906104,2516
2013-11-03,10000002,36,41.2,41.5,40.96,2057005858,2241
2013-11-03,10000002,37,123.89,124.02,123.35,366602434,1751
2013-11-03,10000002,38,661.81,662.83,658.32,90291145,1823
2013-11-03,10000002,39,562.04,579.01,553.96,30401095,1298
2013-11-03,10000002,40,1582.9,1590.1,1569.45,23390285,1257
2013-11-03,10000002,11399,7427.75,7427.87,7349.99,2638774,440
2013-11-04,10000002,34,4.78,4.79,4.77,23069079781,3014
2013-11-04,10000002,35,11.23,11.26,11.16,5805940485,2098
2013-11-04,10000002,36,41.54,41.75,41.41,2141646346,1912
2013-11-04,10000002,37,123.51,123.78,123.17,365579935,1539
2013-11-04,10000002,38,664.09,669.84,660.78,139778349,1646
2013-11-04,10000002,39,570.01,584.99,570,41543289,1192
2013-11-04,10000002,40,1575.01,1609.99,1566.18,20785644,1117
2013-11-04,10000002,11399,7300,7399.82,7177.61,2197665,390
2013-11-05,10000002,34,4.8,4.82,4.78,26005580179,2887
2013-11-05,10000002,35,11.36,11.38,11.29,4820042221,2046
2013-11-05,10000002,36,41.86,42.28,41.79,1780060626,1883
2013-11-05,10000002,37,123.45,123.63,122.98,429387017,1484
2013-11-05,10000002,38,670.42,684.57,665.09,86821374,1535
2013-11-05,10000002,39,570.12,585.92,560.66,36110979,1144
2013-11-05,10000002,40,1569.29,1616,1568.21,13188221,1034
2013-11-05,10000002,11399,7348.84,7349.95,7178,1622688,357
2013-11-06,10000002,34,4.79,4.82,4.77,23654600552,2688
2013-11-06,10000002,35,11.35,11.39,11.29,4854508069,1937
2013-11-06,10000002,36,41.82,41.87,41.78,2134230957,1736
2013-11-06,10000002,37,123.14,123.59,123.09,401576826,1394
2013-11-06,10000002,38,672.23,675.98,670.03,117336110,1468
2013-11-06,10000002,39,582.94,583.69,573.01,24244245,1066
2013-11-06,10000002,40,1574,1580.02,1570.19,19325118,991
2013-11-06,10000002,11399,7347.91,7431.58,7300,3105084,384
2013-11-07,10000002,34,4.81,4.84,4.78,24645749948,2615
2013-11-07,10000002,35,11.65,11.85,11.32,6178467499,1832
2013-11-07,10000002,36,41.12,41.61,40.12,1334693060,1593
2013-11-07,10000002,37,123.99,124,123.61,321709753,1231
2013-11-07,10000002,38,659.98,664.92,648.16,85365936,1299
2013-11-07,10000002,39,574.21,581,561.14,43911275,1021
2013-11-07,10000002,40,1566.23,1589.89,1566.07,16526981,897
2013-11-07,10000002,11399,7522.65,7689.77,7202.05,6488898,407
2013-11-08,10000002,34,4.8,4.84,4.77,24397879623,2640
2013-11-08,10000002,35,11.53,11.72,11.35,4968875252,1848
2013-11-08,10000002,36,41.73,42.12,41.23,1815704673,1740
2013-11-08,10000002,37,124.1,124.93,123.92,394033824,1376
2013-11-08,10000002,38,661.87,661.88,650.02,110288684,1395
2013-11-08,10000002,39,561.52,581.69,561,33916834,1068
2013-11-08,10000002,40,1567.37,1590.92,1556,22424683,1044
2013-11-08,10000002,11399,7501.06,8100,7309.27,1726317,331
2013-11-09,10000002,34,4.83,4.87,4.79,31235106425,3270
2013-11-09,10000002,35,11.74,11.83,11.65,5726220672,2247
2013-11-09,10000002,36,43.17,43.8,42.95,1709982157,2071
2013-11-09,10000002,37,125.63,126.7,124.58,276318049,1552
2013-11-09,10000002,38,662.59,663.97,653.28,96275393,1716
2013-11-09,10000002,39,587,590.88,567.08,39218109,1226
2013-11-09,10000002,40,1598.03,1598.14,1568.5,14892689,1118
2013-11-09,10000002,11399,7311.07,7497.96,7300,3435019,441
2013-11-10,10000002,34,4.81,4.85,4.76,30529126145,3633
2013-11-10,10000002,35,11.5,11.7,11.42,6997975946,2639
2013-11-10,10000002,36,44,44.15,43.71,2823445209,2470
2013-11-10,10000002,37,126.59,126.64,124.75,504536279,1912
2013-11-10,10000002,38,673.98,676.09,656.83,97946938,1900
2013-11-10,10000002,39,640,652,610,57126005,1513
2013-11-10,10000002,40,1570,1597.95,1568.08,25945643,1344
2013-11-10,10000002,11399,7268.13,7488.92,7250,2812199,448
2013-11-11,10000002,34,4.8,4.82,4.79,22698778748,3035
2013-11-11,10000002,35,11.5,11.54,11.41,5024284529,2108
2013-11-11,10000002,36,43.76,43.89,42.66,1919576513,2015
2013-11-11,10000002,37,126.54,126.59,125.61,336020081,1547
2013-11-11,10000002,38,666.98,672.87,661.18,123014772,1616
2013-11-11,10000002,39,650.05,651.72,624.95,60397774,1217
2013-11-11,10000002,40,1533.31,1547,1533.23,27184463,1175
2013-11-11,10000002,11399,7303.49,7488.39,7239.1,3340501,416
2013-11-12,10000002,34,4.86,4.88,4.84,22413630385,2817
2013-11-12,10000002,35,11.81,11.83,11.67,4557106629,1942
2013-11-12,10000002,36,44.43,44.72,44.1,1435580989,1849
2013-11-12,10000002,37,126.71,127,126.1,303874902,1381
2013-11-12,10000002,38,672.8,672.97,672,89740015,1415
2013-11-12,10000002,39,601.22,612.99,601.07,29847858,1063
2013-11-12,10000002,40,1560,1591.9,1513.15,21764253,1015
2013-11-12,10000002,11399,7152.09,7397.66,7060,2345721,390
2013-11-13,10000002,34,4.87,4.9,4.83,24357785596,2685
2013-11-13,10000002,35,11.9,11.98,11.84,6309845833,1901
2013-11-13,10000002,36,45.69,45.8,45.3,1947553915,1734
2013-11-13,10000002,37,129.33,129.43,126.95,363698030,1373
2013-11-13,10000002,38,668.34,674.82,664.99,93927567,1384
2013-11-13,10000002,39,617,624.92,602.03,41004493,1054
2013-11-13,10000002,40,1513.11,1590,1510,14416649,965
2013-11-13,10000002,11399,7055.21,7299.96,7053.08,2195011,359
2013-11-14,10000002,34,4.78,4.84,4.73,22898083113,2834
2013-11-14,10000002,35,11.77,11.78,11.5,4845592639,2017
2013-11-14,10000002,36,45.38,45.81,44.46,2441884898,1906
2013-11-14,10000002,37,127.64,129.65,127.33,286613693,1432
2013-11-14,10000002,38,670,673,665,82908535,1467
2013-11-14,10000002,39,631.05,631.25,630.59,35544443,1086
2013-11-14,10000002,40,1521.3,1593.11,1512.03,16094302,995
2013-11-14,10000002,11399,7150.09,7293.86,7055.41,2708568,368
2013-11-15,10000002,34,4.83,4.85,4.74,25930441847,2738
2013-11-15,10000002,35,11.79,11.8,11.66,5025184670,1801
2013-11-15,10000002,36,45.55,46.7,43.98,1416574351,1676
2013-11-15,10000002,37,129.64,129.88,127.55,304440978,1336
2013-11-15,10000002,38,672.91,672.97,661.34,81944370,1366
2013-11-15,10000002,39,635.2,655.95,631.4,21311882,952
2013-11-15,10000002,40,1528,1588.49,1521.38,15871698,923
2013-11-15,10000002,11399,7280,7284.3,7005.26,1605399,326
2013-11-16,10000002,34,4.84,4.88,4.79,29777622031,3306
2013-11-16,10000002,35,11.75,11.99,11.56,5029754670,2226
2013-11-16,10000002,36,44.82,45.48,44.22,1968447091,2103
2013-11-16,10000002,37,130,132.98,127.18,416483154,1724
2013-11-16,10000002,38,673.94,679.95,657.1,114109958,1793
2013-11-16,10000002,39,635.3,649.97,633.01,38125052,1351
2013-11-16,10000002,40,1586.89,1596.9,1560.02,31761153,1274
2013-11-16,10000002,11399,7250,7283.94,7014.97,2609440,435
2013-11-17,10000002,34,4.81,4.83,4.78,25492688514,3603
2013-11-17,10000002,35,11.71,11.75,11.6,5035264802,2532
2013-11-17,10000002,36,44.45,44.72,44.31,1832970721,2317
2013-11-17,10000002,37,127.4,129.73,127.31,318496377,1796
2013-11-17,10000002,38,661.53,674,660.61,81779836,1842
2013-11-17,10000002,39,663.49,675,636.25,59819980,1436
2013-11-17,10000002,40,1564.73,1610.7,1556.3,17502541,1341
2013-11-17,10000002,11399,7279.71,7293,7103.35,2590703,511
2013-11-18,10000002,34,4.84,4.85,4.78,23267308672,2832
2013-11-18,10000002,35,11.76,11.77,11.68,5432715934,1979
2013-11-18,10000002,36,44.67,44.91,44.39,1688547049,1871
2013-11-18,10000002,37,128.27,129.04,127.44,359182560,1545
2013-11-18,10000002,38,671.46,672.38,662.26,86616255,1550
2013-11-18,10000002,39,636.84,665,634.28,46999466,1226
2013-11-18,10000002,40,1557.03,1587,1530.4,16179773,1098
2013-11-18,10000002,11399,7278.89,7291.98,7016.51,1599809,406
2013-11-19,10000002,34,4.82,4.84,4.79,18702274437,3176
2013-11-19,10000002,35,11.68,11.71,11.62,3587632568,2371
2013-11-19,10000002,36,44.67,44.94,44.55,1289339400,2012
2013-11-19,10000002,37,127.4,128.63,127.24,243904724,1707
2013-11-19,10000002,38,683.41,683.8,666.4,82877697,1744
2013-11-19,10000002,39,666.94,674.97,634.05,34518132,2206
2013-11-19,10000002,40,1554,1585,1532.01,11945130,1427
2013-11-19,10000002,11399,7050,7291.9,7018,1627536,308
2013-11-20,10000002,34,4.83,4.87,4.78,29861761354,3575
2013-11-20,10000002,35,11.72,11.74,11.63,5813454716,2558
2013-11-20,10000002,36,45.05,45.16,44.91,1631290684,2234
2013-11-20,10000002,37,128,128.63,127.3,303429488,1847
2013-11-20,10000002,38,683.99,684.69,672,81449124,1801
2013-11-20,10000002,39,702,746.99,698.41,82144867,2055
2013-11-20,10000002,40,1567.99,1611.84,1554,21580578,1471
2013-11-20,10000002,11399,7246.9,7280.24,7083.09,1869597,441
2013-11-21,10000002,34,4.81,4.86,4.77,21055486896,3369
2013-11-21,10000002,35,11.56,11.6,11.55,3998007136,2313
2013-11-21,10000002,36,44.95,45.3,44.8,1319679031,2083
2013-11-21,10000002,37,127.61,128.22,127.33,274378848,1686
2013-11-21,10000002,38,673.82,682.27,673.61,75271548,1752
2013-11-21,10000002,39,789.85,799,745.96,67717378,1555
2013-11-21,10000002,40,1607.5,1611.93,1555.56,16896041,1228
2013-11-21,10000002,11399,7290.09,7496.2,7269.99,3746194,449
2013-11-22,10000002,34,4.8,4.85,4.77,15471884772,3282
2013-11-22,10000002,35,11.52,11.57,11.38,3726538917,2392
2013-11-22,10000002,36,45,45.42,44.28,1434709376,2195
2013-11-22,10000002,37,127.26,128.39,126.19,352768670,1793
2013-11-22,10000002,38,675,682.08,674.34,92458727,1784
2013-11-22,10000002,39,800.14,801.49,800.14,84745824,1616
2013-11-22,10000002,40,1611.87,1612.4,1587.4,31810990,1329
2013-11-22,10000002,11399,7402.02,7797.05,7301.23,1632527,375
2013-11-23,10000002,34,4.79,4.82,4.77,24830596182,4001
2013-11-23,10000002,35,11.53,11.63,11.5,6257078999,2748
2013-11-23,10000002,36,44.9,45.47,44.5,2051545670,2431
2013-11-23,10000002,37,128.69,132,128.38,320989492,1953
2013-11-23,10000002,38,680.99,682.16,678.38,105144508,2049
2013-11-23,10000002,39,761,780.15,737.3,53059375,1758
2013-11-23,10000002,40,1618.9,1640.98,1614.98,21121905,1417
2013-11-23,10000002,11399,7766.97,7781.97,7763.69,2195441,441
2013-11-24,10000002,34,4.8,4.83,4.77,27364596015,4373
2013-11-24,10000002,35,11.67,11.7,11.62,5051241429,3133
2013-11-24,10000002,36,45.21,45.73,44.49,1889381109,2807
2013-11-24,10000002,37,137.27,138.89,130.87,337041356,2244
2013-11-24,10000002,38,684.64,687.85,682,127080429,2287
2013-11-24,10000002,39,799.02,810.01,744,70937128,1995
2013-11-24,10000002,40,1657.86,1660,1631.58,38024488,1659
2013-11-24,10000002,11399,7503.15,7754.75,7362,2653589,588
2013-11-25,10000002,34,4.76,4.79,4.75,17866574436,3556
2013-11-25,10000002,35,11.63,11.66,11.56,4964452545,2568
2013-11-25,10000002,36,44.65,45.03,44.27,1374328023,2237
2013-11-25,10000002,37,133.13,137.36,133.02,364681297,1869
2013-11-25,10000002,38,690.8,694.46,681.26,87561487,1842
2013-11-25,10000002,39,814.95,829.77,795.28,21573749,1563
2013-11-25,10000002,40,1678.97,1679.97,1621.11,21281899,1360
2013-11-25,10000002,11399,7603.83,7679.49,7204,1961004,465
2013-11-26,10000002,34,4.76,4.79,4.75,19727693721,3390
2013-11-26,10000002,35,11.58,11.63,11.42,4400501983,2347
2013-11-26,10000002,36,44.3,44.74,43.37,1123593956,2105
2013-11-26,10000002,37,132.09,134.59,131.51,188347928,1693
2013-11-26,10000002,38,691.14,693.98,689.82,77416041,1739
2013-11-26,10000002,39,784,804.99,780,26940621,1445
2013-11-26,10000002,40,1668,1679.92,1632.19,22905738,1231
2013-11-26,10000002,11399,7239.27,7241.04,7200,4028243,507
2013-11-27,10000002,34,4.76,4.77,4.75,18264210919,3233
2013-11-27,10000002,35,11.52,11.55,11.47,4011282966,2259
2013-11-27,10000002,36,43.99,44.06,43.72,1425948056,1969
2013-11-27,10000002,37,130.34,130.93,129.29,386278495,1646
2013-11-27,10000002,38,689.72,690.02,689.35,104564023,1692
2013-11-27,10000002,39,745.51,750,701,72456364,1374
2013-11-27,10000002,40,1632.32,1663.98,1618.83,21208330,1231
2013-11-27,10000002,11399,7200.34,7424.97,7200.05,1914640,446
2013-11-28,10000002,34,4.76,4.8,4.73,23969141777,3306
2013-11-28,10000002,35,11.49,11.57,11.43,3848519020,2262
2013-11-28,10000002,36,44.04,44.54,43.91,1409188129,2021
2013-11-28,10000002,37,129.87,129.9,126.55,266942752,1585
2013-11-28,10000002,38,691.24,693.95,687.6,77117817,1650
2013-11-28,10000002,39,757.9,763.37,747.39,24842430,1332
2013-11-28,10000002,40,1617.31,1664.91,1615.32,16521877,1216
2013-11-28,10000002,11399,7411.36,7417.99,7410.99,1676918,433
2013-11-29,10000002,34,4.76,4.78,4.72,23008027938,3350
2013-11-29,10000002,35,11.54,11.6,11.5,4814216505,2304
2013-11-29,10000002,36,44.08,44.56,44.04,1677544130,1980
2013-11-29,10000002,37,128,128.74,127.91,287972135,1581
2013-11-29,10000002,38,688.24,694,688.01,78095940,1632
2013-11-29,10000002,39,752.84,753,733.52,25398003,1353
2013-11-29,10000002,40,1619.67,1671.6,1619.62,17723124,1219
2013-11-29,10000002,11399,7410.1,7410.63,7275.2,1837737,407
2013-11-30,10000002,34,4.76,4.78,4.72,26238246428,4188
2013-11-30,10000002,35,11.5,11.6,11.46,6938651986,2991
2013-11-30,10000002,36,44.38,44.55,43.98,2142101922,2644
2013-11-30,10000002,37,128.78,129.95,127.91,478172048,2215
2013-11-30,10000002,38,689.99,693.96,687.71,113956545,2086
2013-11-30,10000002,39,728,745.88,670,47071657,1725
2013-11-30,10000002,40,1659.98,1669.96,1619.41,10957818,1451
2013-11-30,10000002,11399,7395.2,7408,7275.04,2813038,448
2013-12-01,10000002,34,4.76,4.8,4.74,23291661308,4246
2013-12-01,10000002,35,11.54,11.62,11.48,5997135152,2837
2013-12-01,10000002,36,44,44.35,43.77,1689209403,2494
2013-12-01,10000002,37,129.39,130.64,127.37,336074180,2048
2013-12-01,10000002,38,691,699.56,687.74,94293088,2039
2013-12-01,10000002,39,734.98,745,711.8,42273901,1801
2013-12-01,10000002,40,1650,1670.43,1619,11886023,1477
2013-12-01,10000002,11399,7395.13,7395.19,7258.72,3227755,466
2013-12-02,10000002,34,4.74,4.75,4.73,18436836953,2911
2013-12-02,10000002,35,11.44,11.51,11.4,5591807156,2069
2013-12-02,10000002,36,43.4,43.9,43.29,1393331592,1803
2013-12-02,10000002,37,128.1,129.14,124.56,252723542,1423
2013-12-02,10000002,38,690.07,694.76,686.72,97485603,1486
2013-12-02,10000002,39,705.23,718.86,695.14,46707933,1346
2013-12-02,10000002,40,1599.9,1615,1570.01,19447945,1183
2013-12-02,10000002,11399,7204.04,7210.01,7150.03,2308630,352
2013-12-03,10000002,34,4.74,4.75,4.72,19368875025,3343
2013-12-03,10000002,35,11.55,11.58,11.51,4317931655,2340
2013-12-03,10000002,36,43.29,43.38,43.18,1461721625,2069
2013-12-03,10000002,37,126.95,128.05,126.74,297878180,1669
2013-12-03,10000002,38,691.27,694.59,681.21,103365167,1732
2013-12-03,10000002,39,703.95,713.96,695.14,31701052,1415
2013-12-03,10000002,40,1618.63,1644.99,1571.01,13484548,1238
2013-12-03,10000002,11399,7399,7404.86,7050.03,2108184,435
2013-12-04,10000002,34,4.75,4.77,4.71,19266546946,3336
2013-12-04,10000002,35,11.58,11.61,11.5,5677350072,2371
2013-12-04,10000002,36,44.07,44.17,43.28,1877983164,2075
2013-12-04,10000002,37,128.4,128.42,126.99,393230210,1760
2013-12-04,10000002,38,694.59,694.94,684.71,94661188,1773
2013-12-04,10000002,39,710,713.78,709.9,23322834,1372
2013-12-04,10000002,40,1668.84,1668.99,1584.86,12770242,1226
2013-12-04,10000002,11399,7404.53,7404.73,7399.99,1377515,383
2013-12-05,10000002,34,4.77,4.79,4.73,20384808691,3253
2013-12-05,10000002,35,11.59,11.61,11.5,3995688698,2275
2013-12-05,10000002,36,43.71,44.49,43.52,1179865942,2041
2013-12-05,10000002,37,129.36,130.54,127.08,222301494,1605
2013-12-05,10000002,38,708,710,691.51,73664296,1732
2013-12-05,10000002,39,719.88,720.98,709.88,21581237,1337
2013-12-05,10000002,40,1668.98,1669.93,1635.2,12923680,1188
2013-12-05,10000002,11399,7399.96,7403,7357.01,1559478,427
2013-12-06,10000002,34,4.72,4.75,4.69,19087431762,3302
2013-12-06,10000002,35,11.45,11.5,11.41,4405123820,2238
2013-12-06,10000002,36,43.81,44,43.75,1736055361,2064
2013-12-06,10000002,37,127.47,130.21,127.26,284708113,1622
2013-12-06,10000002,38,704.48,710,694.12,78535873,1630
2013-12-06,10000002,39,730.4,730.74,728.1,19038909,1273
2013-12-06,10000002,40,1646.51,1669.31,1642.15,12113318,1155
2013-12-06,10000002,11399,7402.46,7402.69,7402.46,1426562,380
2013-12-07,10000002,34,4.75,4.79,4.7,24078634384,3645
2013-12-07,10000002,35,11.45,11.52,11.37,4934928523,2499
2013-12-07,10000002,36,44.08,44.77,43.8,1925532816,2364
2013-12-07,10000002,37,127.45,128.67,126.35,338510729,1846
2013-12-07,10000002,38,695.36,710.79,693.13,102704891,1914
2013-12-07,10000002,39,725,728.12,722.25,32292451,1581
2013-12-07,10000002,40,1671.58,1690,1669.36,26574945,1357
2013-12-07,10000002,11399,7388.99,7400.94,7387.84,1756791,437
2013-12-08,10000002,34,4.73,4.77,4.7,22061592978,3806
2013-12-08,10000002,35,11.46,11.5,11.41,5144754419,2637
2013-12-08,10000002,36,43.99,44.52,43.8,1659428623,2372
2013-12-08,10000002,37,126.7,127.83,126.13,335309797,1926
2013-12-08,10000002,38,705,706.47,692.19,104564160,1935
2013-12-08,10000002,39,716.02,726.93,693.02,37299589,1629
2013-12-08,10000002,40,1652.26,1719.99,1651.05,17599288,1473
2013-12-08,10000002,11399,7250,7379.63,7180.24,2245573,456
2013-12-09,10000002,34,4.72,4.78,4.69,25928168566,3265
2013-12-09,10000002,35,11.43,11.44,11.34,5840108367,2211
2013-12-09,10000002,36,44,44.14,43.87,1856032444,2068
2013-12-09,10000002,37,126.41,127.39,126.15,333623141,1586
2013-12-09,10000002,38,685.92,703.4,685.3,88109232,1624
2013-12-09,10000002,39,700.02,716.71,692.35,67315924,1468
2013-12-09,10000002,40,1651.6,1699,1635.38,17282294,1261
2013-12-09,10000002,11399,7369.29,7379.62,7156.32,2367691,469
2013-12-10,10000002,34,4.73,4.78,4.71,21734250895,2903
2013-12-10,10000002,35,11.43,11.47,11.36,3759941451,1972
2013-12-10,10000002,36,44.5,44.92,44.03,1536728952,1811
2013-12-10,10000002,37,125.93,127.02,125.31,285231659,1451
2013-12-10,10000002,38,687.04,702,685.81,83009003,1494
2013-12-10,10000002,39,690.61,711.86,661.6,35960859,1287
2013-12-10,10000002,40,1634.78,1652.37,1634.78,20145519,1062
2013-12-10,10000002,11399,7161.05,7375.82,7150,1830814,410
2013-12-11,10000002,34,4.77,4.8,4.72,17616206782,2924
2013-12-11,10000002,35,11.46,11.49,11.38,4507833276,2146
2013-12-11,10000002,36,44.52,44.68,44.03,1543016006,1877
2013-12-11,10000002,37,125.27,125.64,123.1,273835994,1526
2013-12-11,10000002,38,695.73,695.75,685.95,88503907,1542
2013-12-11,10000002,39,709.27,709.39,689.53,25688515,1295
2013-12-11,10000002,40,1659.61,1680.43,1602.64,13082009,1164
2013-12-11,10000002,11399,7162,7362.99,7019.93,1603265,412
2013-12-12,10000002,34,4.77,4.81,4.72,25870709323,2991
2013-12-12,10000002,35,11.37,11.55,11.3,3790067787,2049
2013-12-12,10000002,36,44.42,44.95,43.87,1164897626,1897
2013-12-12,10000002,37,123.98,125.62,123.01,273122009,1485
2013-12-12,10000002,38,695.5,695.74,691,62522100,1596
2013-12-12,10000002,39,708.25,711.65,700.16,23098550,1337
2013-12-12,10000002,40,1634.08,1677.99,1603.75,12519956,1099
2013-12-12,10000002,11399,7349,7359,7163.1,1573815,382
2013-12-13,10000002,34,4.75,4.8,4.72,21203261056,3071
2013-12-13,10000002,35,11.49,11.54,11.3,3652609232,2160
2013-12-13,10000002,36,44.37,44.8,43.62,1259198795,1995
2013-12-13,10000002,37,125.6,125.63,124.03,318337623,1655
2013-12-13,10000002,38,695.9,701.99,686,66041416,1704
2013-12-13,10000002,39,723.94,725.85,703.04,23177991,1380
2013-12-13,10000002,40,1635.51,1679,1604.03,15019077,1204
2013-12-13,10000002,11399,7398.95,7398.99,7364.59,1855459,360
2013-12-14,10000002,34,4.77,4.79,4.72,23702103803,3364
2013-12-14,10000002,35,11.42,11.5,11.34,4896753736,2393
2013-12-14,10000002,36,44.07,44.28,43.43,1439196493,2201
2013-12-14,10000002,37,125.94,126.93,125.63,308048161,1834
2013-12-14,10000002,38,698.99,699.91,690.49,88332486,1794
2013-12-14,10000002,39,725.11,726.2,724,32495010,1434
2013-12-14,10000002,40,1678.4,1678.53,1653.1,11416660,1308
2013-12-14,10000002,11399,7398.99,7398.99,7398.99,1866744,430
2013-12-15,10000002,34,4.72,4.8,4.7,26669344849,3671
2013-12-15,10000002,35,11.47,11.51,11.39,5043124716,2654
2013-12-15,10000002,36,43.7,43.88,43.3,1602124951,2413
2013-12-15,10000002,37,126.58,126.61,126.28,309138419,2010
2013-12-15,10000002,38,698.8,699.87,696.03,95144672,2075
2013-12-15,10000002,39,721.92,723.83,715.22,29650399,1674
2013-12-15,10000002,40,1668.08,1670,1637.13,16442246,1473
2013-12-15,10000002,11399,7396.94,7398.99,7200.21,2089574,479
2013-12-16,10000002,34,4.75,4.77,4.73,18600649737,3079
2013-12-16,10000002,35,11.48,11.54,11.41,5324844892,2236
2013-12-16,10000002,36,43.38,43.93,43.1,1202597472,1977
2013-12-16,10000002,37,125.39,126.51,124.59,296927314,1665
2013-12-16,10000002,38,690.02,696,687.05,68172896,1711
2013-12-16,10000002,39,703.88,717,700.1,38732864,1408
2013-12-16,10000002,40,1610.19,1648.99,1606,18999319,1271
2013-12-16,10000002,11399,7392.99,7399,7194.03,1618497,385
2013-12-17,10000002,34,4.77,4.8,4.74,25789107690,2860
2013-12-17,10000002,35,11.55,11.6,11.46,5612550356,2036
2013-12-17,10000002,36,43.95,44.13,43.72,1940794880,1934
2013-12-17,10000002,37,125.98,126.48,123.05,331751249,1554
2013-12-17,10000002,38,691,693.78,687.07,109365846,1599
2013-12-17,10000002,39,700,701.02,700,42778109,1319
2013-12-17,10000002,40,1610.18,1633.94,1600,20067408,1185
2013-12-17,10000002,11399,7375,7400.96,7193,2969825,381
2013-12-18,10000002,34,4.77,4.8,4.74,23490758114,2942
2013-12-18,10000002,35,11.46,11.5,11.42,5415831277,2129
2013-12-18,10000002,36,44.3,44.4,44.13,1884329973,1963
2013-12-18,10000002,37,127,127.15,124.96,354112052,1580
2013-12-18,10000002,38,699.97,702.4,686.04,72695745,1551
2013-12-18,10000002,39,700,709,685.06,26033879,1261
2013-12-18,10000002,40,1609,1631.89,1589.13,15699697,1157
2013-12-18,10000002,11399,7399.75,7399.79,7052.12,2024774,346
2013-12-19,10000002,34,4.77,4.8,4.76,22142644989,2878
2013-12-19,10000002,35,11.48,11.56,11.45,4784017967,2053
2013-12-19,10000002,36,44.3,44.64,44.22,1711965738,1893
2013-12-19,10000002,37,126,126.96,125.09,376751602,1526
2013-12-19,10000002,38,695.26,700.97,685.48,80601751,1580
2013-12-19,10000002,39,708.4,711.88,690.03,24581043,1263
2013-12-19,10000002,40,1624.98,1630,1603.47,12406022,1162
2013-12-19,10000002,11399,7320,7399,7200,1580287,394
2013-12-20,10000002,34,4.77,4.8,4.74,26128646525,2916
2013-12-20,10000002,35,11.58,11.65,11.51,5505783490,2063
2013-12-20,10000002,36,44.34,44.55,44.18,1627654464,1846
2013-12-20,10000002,37,126,126.96,125.08,303164428,1452
2013-12-20,10000002,38,695.25,699,686.29,88294919,1495
2013-12-20,10000002,39,710.25,714.58,695.19,23824342,1305
2013-12-20,10000002,40,1618.8,1619,1607.51,13625215,1187
2013-12-20,10000002,11399,7300,7379.95,7106.03,1857742,388
2013-12-21,10000002,34,4.77,4.8,4.73,28919635402,3407
2013-12-21,10000002,35,11.62,11.67,11.51,5906919780,2451
2013-12-21,10000002,36,44.8,44.94,44.18,1787091961,2140
2013-12-21,10000002,37,126.98,127.5,126.02,362255424,1793
2013-12-21,10000002,38,699.85,702.24,686.16,122702251,1804
2013-12-21,10000002,39,710,719.72,696.57,38282555,1453
2013-12-21,10000002,40,1613.08,1619,1600,22773356,1322
2013-12-21,10000002,11399,7348.89,7379,7107.05,3638059,481
2013-12-22,10000002,34,4.77,4.8,4.75,23924623609,3572
2013-12-22,10000002,35,11.64,11.68,11.51,6101615460,2490
2013-12-22,10000002,36,44.5,44.74,43.84,1516365412,2187
2013-12-22,10000002,37,127.5,127.74,126.36,334624837,1832
2013-12-22,10000002,38,700,700.57,688.26,79968080,1856
2013-12-22,10000002,39,697.49,717.99,695.6,32868820,1498
2013-12-22,10000002,40,1585.33,1622,1582.01,19287617,1380
2013-12-22,10000002,11399,7398.54,7399.65,7127.08,2243663,439
2013-12-23,10000002,34,4.72,4.75,4.7,23237343562,3221
2013-12-23,10000002,35,11.64,11.67,11.58,3923381258,2281
2013-12-23,10000002,36,44.48,44.62,44.29,1595985226,2189
2013-12-23,10000002,37,126.99,127.16,126.14,302691728,1750
2013-12-23,10000002,38,698.87,699.75,690.01,82305671,1743
2013-12-23,10000002,39,700.03,715.87,696.62,23342096,1455
2013-12-23,10000002,40,1587.12,1606.99,1537.04,17138220,1312
2013-12-23,10000002,11399,7395.56,7398.09,7142.12,1882837,413
2013-12-24,10000002,34,4.73,4.79,4.68,23861273904,2875
2013-12-24,10000002,35,11.61,11.69,11.56,4171402560,2017
2013-12-24,10000002,36,44.2,44.34,43.85,1154745521,1771
2013-12-24,10000002,37,125.62,127.09,123.99,181638588,1485
2013-12-24,10000002,38,694.89,699,689.55,59962018,1401
2013-12-24,10000002,39,689.02,713.88,686.8,26223508,1284
2013-12-24,10000002,40,1589.89,1591.96,1536.01,17438936,1188
2013-12-24,10000002,11399,7394.64,7394.73,7155.08,1454568,327
2013-12-25,10000002,34,4.78,4.8,4.69,25385803983,2715
2013-12-25,10000002,35,11.58,11.64,11.55,4768642448,1867
2013-12-25,10000002,36,44.26,44.38,44.09,1623049216,1804
2013-12-25,10000002,37,125.43,125.56,123.59,257739531,1434
2013-12-25,10000002,38,694.88,694.94,689.76,69221079,1394
2013-12-25,10000002,39,711.65,711.72,710,21069329,1115
2013-12-25,10000002,40,1589.47,1589.65,1575,9605258,1047
2013-12-25,10000002,11399,7300.07,7375,7300,1156644,299
2013-12-26,10000002,34,4.72,4.77,4.69,18817958200,2902
2013-12-26,10000002,35,11.62,11.66,11.56,4425606020,1982
2013-12-26,10000002,36,44.41,44.67,43.54,1182185186,1852
2013-12-26,10000002,37,123.99,125.19,122.42,249144019,1452
2013-12-26,10000002,38,694.64,694.86,689.79,95987943,1580
2013-12-26,10000002,39,699,700.11,697.01,27964218,1309
2013-12-26,10000002,40,1579.99,1584.97,1575.02,12802544,1213
2013-12-26,10000002,11399,7394.6,7398.3,7200.06,1924808,393
2013-12-27,10000002,34,4.73,4.76,4.71,18736813589,2845
2013-12-27,10000002,35,11.61,11.69,11.52,4563244958,2064
2013-12-27,10000002,36,44.36,44.57,43.67,1613245726,1861
2013-12-27,10000002,37,124.41,124.94,122.6,256223318,1474
2013-12-27,10000002,38,694.78,694.92,685.71,78244449,1509
2013-12-27,10000002,39,711.44,711.63,710,24325737,1270
2013-12-27,10000002,40,1588.95,1589.43,1580.55,9841933,1135
2013-12-27,10000002,11399,7604.83,7686.96,7410,1404585,338
2013-12-28,10000002,34,4.74,4.76,4.69,24988418384,3208
2013-12-28,10000002,35,11.53,11.57,11.46,4453817838,2235
2013-12-28,10000002,36,44.35,44.47,43.61,1252009137,2038
2013-12-28,10000002,37,123.4,124.35,123.19,288741329,1639
2013-12-28,10000002,38,685.92,696.45,685.82,67360807,1659
2013-12-28,10000002,39,701.28,714,700.03,27421975,1370
2013-12-28,10000002,40,1570.95,1579.97,1555,17880433,1295
2013-12-28,10000002,11399,7400.01,7423.24,7399.97,2456976,480
2013-12-29,10000002,34,4.73,4.76,4.7,25932266857,3531
2013-12-29,10000002,35,11.5,11.53,11.42,5502895113,2443
2013-12-29,10000002,36,44.33,44.48,43.66,2007386665,2301
2013-12-29,10000002,37,124.05,124.19,123.52,438715797,1872
2013-12-29,10000002,38,695.96,696.3,686.76,106461089,1858
2013-12-29,10000002,39,714.17,714.25,703.01,34028443,1595
2013-12-29,10000002,40,1586.99,1587.93,1540,16584713,1371
2013-12-29,10000002,11399,7379.97,7599.99,7200.21,2223444,449
2013-12-30,10000002,34,4.76,4.77,4.75,29013734235,3192
2013-12-30,10000002,35,11.6,11.6,11.59,6130808530,2265
2013-12-30,10000002,36,44.47,44.52,44.18,1580449723,2069
2013-12-30,10000002,37,123.71,124.06,123.65,343367422,1698
2013-12-30,10000002,38,695.03,697.73,694.07,125634345,1747
2013-12-30,10000002,39,704.02,719.48,703.1,31112286,1382
2013-12-30,10000002,40,1588.96,1593.35,1555.01,16473664,1261
2013-12-30,10000002,11399,7686.36,7686.9,7252.34,2403817,441
2013-12-31,10000002,34,4.75,4.77,4.73,16150371001,2352
2013-12-31,10000002,35,11.65,11.71,11.63,3920187910,1687
2013-12-31,10000002,36,44.6,44.8,44.34,1213781406,1547
2013-12-31,10000002,37,124.33,124.54,123.25,235147141,1242
2013-12-31,10000002,38,699.92,705.95,695.06,73794965,1318
2013-12-31,10000002,39,710,720.97,702,23242110,1018
2013-12-31,10000002,40,1599.06,1599.07,1560.76,17562971,935
2013-12-31,10000002,11399,7300.1,7649.89,7300.02,1631974,331
2014-01-01,10000002,34,4.77,4.79,4.75,24534077271,3021
2014-01-01,10000002,35,11.77,11.87,11.75,6200418437,2202
2014-01-01,10000002,36,44.83,45.14,44.54,2205435023,1993
2014-01-01,10000002,37,124.13,124.17,123.44,357914827,1493
2014-01-01,10000002,38,699,711.83,693.85,114361378,1563
2014-01-01,10000002,39,702.23,711.99,681.1,37356476,1292
2014-01-01,10000002,40,1555.02,1584.33,1540.06,22344899,1124
2014-01-01,10000002,11399,7262.2,7379.99,7260.75,3430736,460
2014-01-02,10000002,34,4.76,4.79,4.74,25218703263,3252
2014-01-02,10000002,35,11.81,11.86,11.76,6158010353,2355
2014-01-02,10000002,36,45.11,45.38,44.71,1955050768,2094
2014-01-02,10000002,37,124,124.2,123.44,332753094,1632
2014-01-02,10000002,38,705.99,707.8,696.97,80686498,1654
2014-01-02,10000002,39,709.89,710.4,689.04,29623955,1389
2014-01-02,10000002,40,1579.98,1585,1545,14283599,1271
2014-01-02,10000002,11399,7105.33,7298,7105.05,2070739,436
2014-01-03,10000002,34,4.73,4.77,4.71,26527879320,3218
2014-01-03,10000002,35,11.66,11.76,11.52,5689236953,2282
2014-01-03,10000002,36,45.75,46.26,45.34,2251044093,2115
2014-01-03,10000002,37,123.8,124.4,123.57,345945180,1692
2014-01-03,10000002,38,700,704.81,698.23,115289705,1736
2014-01-03,10000002,39,739.99,741.98,710,29163274,1372
2014-01-03,10000002,40,1590,1599.11,1550.13,15008445,1263
2014-01-03,10000002,11399,7246,7295.99,7108,2326756,449
2014-01-04,10000002,34,4.79,4.8,4.76,28890807749,3391
2014-01-04,10000002,35,11.68,11.77,11.63,6784889848,2360
2014-01-04,10000002,36,46.15,46.53,45.91,2040097659,2240
2014-01-04,10000002,37,124.38,124.54,124.07,499048105,1816
2014-01-04,10000002,38,704.99,707.43,701,120267149,1768
2014-01-04,10000002,39,729.05,742.89,720.05,41844450,1483
2014-01-04,10000002,40,1587,1589.99,1553,26651572,1408
2014-01-04,10000002,11399,7330.02,7597.82,7110.42,2923946,466
2014-01-05,10000002,34,4.75,4.78,4.72,26060029595,3493
2014-01-05,10000002,35,11.74,11.77,11.64,5809693774,2421
2014-01-05,10000002,36,45.65,46.29,45.5,2057109210,2237
2014-01-05,10000002,37,125.98,126.88,124.5,401567978,1850
2014-01-05,10000002,38,707.83,707.93,702.5,111016147,1840
2014-01-05,10000002,39,699.22,739.98,693.6,37554442,1487
2014-01-05,10000002,40,1555,1596.99,1552.11,20372865,1419
2014-01-05,10000002,11399,7590.8,7595,7356.49,2460241,483
2014-01-06,10000002,34,4.78,4.8,4.77,32084326047,3229
2014-01-06,10000002,35,11.85,11.89,11.8,5492745292,2299
2014-01-06,10000002,36,47.33,48.33,47.11,2002809721,2202
2014-01-06,10000002,37,126.57,127.29,124.59,293513927,1655
2014-01-06,10000002,38,707.97,711.85,704.03,94064548,1744
2014-01-06,10000002,39,702.3,718.99,701.23,28743634,1403
2014-01-06,10000002,40,1570.04,1592.76,1540.52,17746465,1310
2014-01-06,10000002,11399,7126.18,7528.6,7120.01,2359960,425
2014-01-07,10000002,34,4.75,4.79,4.72,30456647977,2895
2014-01-07,10000002,35,11.84,11.87,11.72,5245657125,2100
2014-01-07,10000002,36,47.41,48.15,47.26,1523554603,1916
2014-01-07,10000002,37,127,127.37,126.8,292540544,1601
2014-01-07,10000002,38,708,711.69,704.08,94058838,1541
2014-01-07,10000002,39,713.98,716.8,703.02,38967516,1337
2014-01-07,10000002,40,1582,1591.42,1555.01,22571730,1184
2014-01-07,10000002,11399,7298.95,7500,7132.14,2596980,482
2014-01-08,10000002,34,4.75,4.8,4.73,23426924929,2666
2014-01-08,10000002,35,11.83,11.9,11.72,5140008503,1967
2014-01-08,10000002,36,47.44,48.04,47.4,1808590960,1947
2014-01-08,10000002,37,126.95,127.25,126.85,324094879,1487
2014-01-08,10000002,38,705,706,700.33,88112054,1513
2014-01-08,10000002,39,716.8,721.87,705.46,32060548,1262
2014-01-08,10000002,40,1552,1590.58,1535.95,13342045,1119
2014-01-08,10000002,11399,7297.84,7297.94,7135.02,1380220,389
2014-01-09,10000002,34,4.81,4.84,4.77,25661484368,2935
2014-01-09,10000002,35,12.13,12.98,11.89,5819915076,2160
2014-01-09,10000002,36,48.1,49.45,47.47,1888364137,1954
2014-01-09,10000002,37,128.42,128.71,127.32,360476444,1444
2014-01-09,10000002,38,709.5,710.51,700.61,107545501,1531
2014-01-09,10000002,39,739.94,742.94,711.17,26409167,1242
2014-01-09,10000002,40,1585.97,1589.97,1552.02,14774713,1147
2014-01-09,10000002,11399,7469,7470.99,7296.96,2090965,408
2014-01-10,10000002,34,4.83,4.86,4.78,26382784178,2849
2014-01-10,10000002,35,12.49,12.64,12.36,5152949135,2084
2014-01-10,10000002,36,48.15,48.76,48.13,1563936057,1858
2014-01-10,10000002,37,127.83,131.94,127.49,370495157,1565
2014-01-10,10000002,38,712.75,712.83,701.68,94600988,1527
2014-01-10,10000002,39,744.87,750,732.3,24808244,1241
2014-01-10,10000002,40,1589.97,1595,1552.06,14009721,1143
2014-01-10,10000002,11399,7289.99,7534.61,7233,2050811,352
2014-01-11,10000002,34,4.84,4.86,4.82,26195170843,3361
2014-01-11,10000002,35,12.54,12.72,12.42,6204527874,2427
2014-01-11,10000002,36,48.83,49.78,48.26,1949554431,2219
2014-01-11,10000002,37,132,133.52,128.02,363648902,1720
2014-01-11,10000002,38,721.06,732.97,714.99,108226540,1799
2014-01-11,10000002,39,754.06,759.9,743.01,31705632,1340
2014-01-11,10000002,40,1596,1599.98,1552.14,15542074,1208
2014-01-11,10000002,11399,7500,7526.99,7235.6,2232089,462
2014-01-12,10000002,34,4.76,4.8,4.74,23664599414,3283
2014-01-12,10000002,35,12.35,12.55,12.16,6130274698,2385
2014-01-12,10000002,36,48.81,49.07,48.31,2245143899,2274
2014-01-12,10000002,37,130.95,132.2,128,412314530,1772
2014-01-12,10000002,38,729.93,730.96,722.15,99063840,1800
2014-01-12,10000002,39,746.3,760,744.13,34772067,1410
2014-01-12,10000002,40,1579,1600.98,1569.72,14169641,1267
2014-01-12,10000002,11399,7443.96,7445.97,7196.35,2647669,549
2014-01-13,10000002,34,4.78,4.8,4.77,21259152565,2824
2014-01-13,10000002,35,12.28,12.51,12.24,4700892885,1957
2014-01-13,10000002,36,48.27,48.34,48.17,2499648818,1740
2014-01-13,10000002,37,127.49,129.46,127.22,217388899,1400
2014-01-13,10000002,38,705,709.93,703.62,76745825,1385
2014-01-13,10000002,39,733.71,738,733.61,29607457,1117
2014-01-13,10000002,40,1579.87,1600,1552.51,15288429,1108
2014-01-13,10000002,11399,7429.96,7437.91,7290.16,1596460,401
2014-01-14,10000002,34,4.79,4.81,4.77,18563109243,2846
2014-01-14,10000002,35,12.36,12.4,12.29,5317440017,2010
2014-01-14,10000002,36,47.18,47.69,45.45,1279958833,1807
2014-01-14,10000002,37,127.61,129.62,127.39,300200331,1513
2014-01-14,10000002,38,707.89,709.89,704.1,106050186,1536
2014-01-14,10000002,39,739.95,750,735.06,33051041,1207
2014-01-14,10000002,40,1582.08,1604.99,1559.59,16938074,1132
2014-01-14,10000002,11399,7400.53,7400.99,7249.84,1770831,431
2014-01-15,10000002,34,4.8,4.89,4.78,32524139701,2903
2014-01-15,10000002,35,12.52,12.62,12.48,6448084711,2067
2014-01-15,10000002,36,47.59,47.77,46.72,1752019150,1870
2014-01-15,10000002,37,128.92,130.5,127.5,333647186,1454
2014-01-15,10000002,38,710.08,724.5,704.4,75205738,1530
2014-01-15,10000002,39,745,754.99,742,18166712,1181
2014-01-15,10000002,40,1580.25,1609.95,1562.08,13435802,1074
2014-01-15,10000002,11399,7389.99,7400.96,7211.51,1744670,406
2014-01-16,10000002,34,4.81,4.86,4.79,17370351340,2633
2014-01-16,10000002,35,12.83,12.93,12.69,4247606866,1922
2014-01-16,10000002,36,47.87,48.29,47.76,1644997297,1717
2014-01-16,10000002,37,127.77,129.86,127.56,281974321,1328
2014-01-16,10000002,38,714.98,730.08,705.25,81156510,1426
2014-01-16,10000002,39,748.98,751.59,743.39,33080420,1065
2014-01-16,10000002,40,1562.18,1609.4,1560.33,14391764,1015
2014-01-16,10000002,11399,7425,7429,7212.45,2320601,415
2014-01-17,10000002,34,4.81,4.85,4.78,16407639687,2969
2014-01-17,10000002,35,12.76,12.78,12.75,4304769678,2104
2014-01-17,10000002,36,48.16,48.6,48.11,1307823547,1959
2014-01-17,10000002,37,128.4,129.82,127.63,273660652,1518
2014-01-17,10000002,38,714.48,720,707.84,77393932,1618
2014-01-17,10000002,39,769.97,772,761.09,21561538,1232
2014-01-17,10000002,40,1603.49,1609.41,1561.07,10577128,1197
2014-01-17,10000002,11399,7428,7429.92,7329.01,1485283,360
2014-01-18,10000002,34,4.8,4.84,4.76,25179386213,3053
2014-01-18,10000002,35,12.66,12.8,12.39,4781072730,2120
2014-01-18,10000002,36,48.17,48.42,48.13,1746851032,2005
2014-01-18,10000002,37,128.68,130.94,127.47,343972734,1650
2014-01-18,10000002,38,720,729.82,711.09,100922685,1629
2014-01-18,10000002,39,761.14,768.22,746.27,35440136,1329
2014-01-18,10000002,40,1599.96,1605,1565.04,17566649,1200
2014-01-18,10000002,11399,7328.95,7429.87,7300.06,2280280,469
2014-01-19,10000002,34,4.77,4.83,4.74,25967484390,3340
2014-01-19,10000002,35,12.57,12.71,12.43,5451738643,2333
2014-01-19,10000002,36,48.11,49.36,47.94,2128783655,2193
2014-01-19,10000002,37,124.04,127.7,123.01,393924434,1730
2014-01-19,10000002,38,711.02,727.81,710,112018931,1817
2014-01-19,10000002,39,743.04,764.15,742.31,28996140,1347
2014-01-19,10000002,40,1566.11,1610.9,1565.53,15739532,1247
2014-01-19,10000002,11399,7330,7330,7330,2828234,441
2014-01-20,10000002,34,4.85,4.87,4.83,22145851186,3037
2014-01-20,10000002,35,12.67,12.8,12.62,5377612636,2182
2014-01-20,10000002,36,48,48.78,47.67,1672264964,1951
2014-01-20,10000002,37,124.89,125.9,122.34,315767454,1475
2014-01-20,10000002,38,718.87,725.98,711.3,116412746,1636
2014-01-20,10000002,39,759.98,760.84,743.05,37894836,1286
2014-01-20,10000002,40,1565.07,1609.93,1536,20828652,1149
2014-01-20,10000002,11399,7523.76,7686.99,7499.98,2139237,449
2014-01-21,10000002,34,4.86,4.88,4.84,20314229431,2629
2014-01-21,10000002,35,12.94,12.98,12.83,6027513503,2011
2014-01-21,10000002,36,48.46,48.79,48.01,1819490035,1782
2014-01-21,10000002,37,124.38,125.73,122.82,246538542,1388
2014-01-21,10000002,38,712.88,727.7,710.36,80238877,1432
2014-01-21,10000002,39,739.02,756.96,737.58,28993103,1111
2014-01-21,10000002,40,1556.04,1607.96,1550,18126327,1024
2014-01-21,10000002,11399,7365.1,8119.99,7364.82,2358197,407
2014-01-22,10000002,34,4.85,4.89,4.81,21693296565,2662
2014-01-22,10000002,35,13.13,13.43,13.11,5452170535,1894
2014-01-22,10000002,36,48.94,49.41,48.26,1869313147,1710
2014-01-22,10000002,37,124.95,125.98,123.35,386245564,1356
2014-01-22,10000002,38,710.66,727.34,710.6,110721731,1514
2014-01-22,10000002,39,749.5,755.45,732.04,29906958,1109
2014-01-22,10000002,40,1603.39,1603.97,1567,13094009,1003
2014-01-22,10000002,11399,7543.82,7900.19,7541.46,2089051,374
2014-01-23,10000002,34,4.87,4.9,4.85,20807135977,2742
2014-01-23,10000002,35,13.37,13.51,13.24,5049156218,1937
2014-01-23,10000002,36,49.01,49.41,48.54,1745390181,1888
2014-01-23,10000002,37,127.99,131.79,126.29,364717139,1448
2014-01-23,10000002,38,724,728.94,709.74,98780417,1468
2014-01-23,10000002,39,752.99,755.92,741.23,22992290,1178
2014-01-23,10000002,40,1575.27,1607.8,1570.04,14681029,1095
2014-01-23,10000002,11399,7542.79,7599.84,7542.77,2655431,429
2014-01-24,10000002,34,4.86,4.89,4.84,24042576827,2724
2014-01-24,10000002,35,13.18,13.2,13.1,6087765454,1889
2014-01-24,10000002,36,48.44,48.75,47.34,1853182809,1712
2014-01-24,10000002,37,126.51,127.83,124.61,279394090,1355
2014-01-24,10000002,38,700.19,708,700.01,100932212,1357
2014-01-24,10000002,39,741.26,748.54,728.95,38810389,1117
2014-01-24,10000002,40,1563.11,1588.13,1552.3,17827759,1031
2014-01-24,10000002,11399,7401.03,7588.79,7237.04,1525174,405
2014-01-25,10000002,34,4.94,5,4.84,19787210465,3165
2014-01-25,10000002,35,13.35,13.93,13.1,5968071613,2222
2014-01-25,10000002,36,48.7,49,48.56,1529215297,1932
2014-01-25,10000002,37,129.47,131.22,127.78,440909688,1561
2014-01-25,10000002,38,707.88,708.47,700.36,92274139,1593
2014-01-25,10000002,39,742.83,746.94,742.07,31788204,1200
2014-01-25,10000002,40,1594.6,1595.94,1551.25,14168528,1107
2014-01-25,10000002,11399,7581.99,7588.46,7457.49,1937391,459
2014-01-26,10000002,34,4.93,4.96,4.89,24987553317,3441
2014-01-26,10000002,35,13.28,13.44,13.24,5322037607,2295
2014-01-26,10000002,36,48.82,49.7,48.3,2052890663,2152
2014-01-26,10000002,37,128.86,129.24,126.39,331893990,1670
2014-01-26,10000002,38,707.31,719.93,702.6,86390184,1756
2014-01-26,10000002,39,738.27,741.59,731.33,33917420,1391
2014-01-26,10000002,40,1574,1610,1552.41,19142305,1274
2014-01-26,10000002,11399,7838.35,7939.96,7500,1864396,448
2014-01-27,10000002,34,5.02,5.49,4.93,49495906753,3543
2014-01-27,10000002,35,13.35,13.77,13.28,9005526342,2212
2014-01-27,10000002,36,48.47,49.67,48.04,2506152976,1958
2014-01-27,10000002,37,128.49,128.96,126.57,448287439,1534
2014-01-27,10000002,38,717.83,725.47,704.08,109412495,1512
2014-01-27,10000002,39,743,747.97,731.17,36681760,1209
2014-01-27,10000002,40,1576.5,1608.88,1553.23,22068821,1132
2014-01-27,10000002,11399,7441.2,7994.96,7432.78,3704906,420
2014-01-28,10000002,34,5.83,6.01,5.24,70739309589,3783
2014-01-28,10000002,35,13,13.9,12.93,6158900018,2101
2014-01-28,10000002,36,49.03,49.95,48.61,1927687782,1894
2014-01-28,10000002,37,127.99,128.38,126.71,310326575,1454
2014-01-28,10000002,38,708,724,705.16,68149808,1483
2014-01-28,10000002,39,762,768,751.14,37368065,1284
2014-01-28,10000002,40,1609,1610.72,1580,20269275,1147
2014-01-28,10000002,11399,7979.97,7984.77,7445.11,2094041,382
2014-01-29,10000002,34,5.07,5.2,4.93,37690511119,3414
2014-01-29,10000002,35,13.49,13.67,12.94,8064590283,2366
2014-01-29,10000002,36,49.19,49.48,48.5,1989835940,2100
2014-01-29,10000002,37,128.36,128.38,127.66,384552433,1664
2014-01-29,10000002,38,710.43,715.9,706.01,92687934,1677
2014-01-29,10000002,39,759.99,767.84,753,36097064,1300
2014-01-29,10000002,40,1612.94,1613.93,1597,20104813,1188
2014-01-29,10000002,11399,7744.45,7839.71,7491.85,2169306,450
2014-01-30,10000002,34,5.1,5.17,5.05,26336297274,3356
2014-01-30,10000002,35,13.85,13.92,13.66,6674954833,2365
2014-01-30,10000002,36,49.06,49.47,48.54,1580980209,2027
2014-01-30,10000002,37,128.99,131.19,128.4,436831281,1586
2014-01-30,10000002,38,725.7,739.99,719.91,111231076,1719
2014-01-30,10000002,39,765.97,768.49,756.3,23222458,1294
2014-01-30,10000002,40,1613.94,1613.99,1613.94,17906021,1135
2014-01-30,10000002,11399,7522.17,7729.15,7491.53,2893301,427
2014-01-31,10000002,34,5,5.03,4.99,21014270330,3414
2014-01-31,10000002,35,13.6,13.61,13.54,5054320834,2297
2014-01-31,10000002,36,48.95,49.26,48.58,1681672567,2060
2014-01-31,10000002,37,128.61,131.89,128.47,295225104,1592
2014-01-31,10000002,38,716.49,726.92,716.11,97573412,1650
2014-01-31,10000002,39,753.32,777.77,743.72,30948250,1334
2014-01-31,10000002,40,1606.18,1643.99,1606.01,19324630,1147
2014-01-31,10000002,11399,7450.08,7699.89,7433.16,2632398,456
2014-02-01,10000002,34,5,5.04,4.98,28662910175,4312
2014-02-01,10000002,35,13.33,13.49,13.19,7188537173,2976
2014-02-01,10000002,36,49.41,49.6,49.07,2500905227,2570
2014-02-01,10000002,37,129,130.29,128.74,404284226,1946
2014-02-01,10000002,38,725.19,728.09,716.33,120699850,2005
2014-02-01,10000002,39,750.13,773.85,744.12,31601926,1575
2014-02-01,10000002,40,1610,1644.78,1597,20241343,1431
2014-02-01,10000002,11399,7497.99,7575.04,7204.47,2334922,479
2014-02-02,10000002,34,5.08,5.1,5.06,37304339299,5101
2014-02-02,10000002,35,13.48,13.51,13.41,7522827479,3365
2014-02-02,10000002,36,49.53,49.98,49.2,2123220544,2893
2014-02-02,10000002,37,129.94,129.97,128.62,381175202,2188
2014-02-02,10000002,38,726.98,727.98,716.4,122953674,2210
2014-02-02,10000002,39,777.76,778.39,769.05,40875051,1764
2014-02-02,10000002,40,1669.98,1694.99,1656.51,22164023,1592
2014-02-02,10000002,11399,7464.95,7467.98,7261.01,2232024,499
2014-02-03,10000002,34,5.15,5.16,5.11,28226703108,4233
2014-02-03,10000002,35,13.46,13.49,13.44,5361884393,2818
2014-02-03,10000002,36,49.75,50.11,49.73,2356895749,2424
2014-02-03,10000002,37,129.25,130.5,129.03,679489444,1868
2014-02-03,10000002,38,725.98,734.99,717.12,102399521,1884
2014-02-03,10000002,39,760.21,778,760,35553764,1421
2014-02-03,10000002,40,1700.76,1721.04,1700.54,23881447,1375
2014-02-03,10000002,11399,7379.98,7466,7257.81,2368042,474
2014-02-04,10000002,34,5.2,5.24,5.15,32321768703,4272
2014-02-04,10000002,35,13.46,13.56,13.42,6386129949,2825
2014-02-04,10000002,36,49.75,50.04,49.46,2352693284,2526
2014-02-04,10000002,37,126.69,129.21,122.03,419769122,1896
2014-02-04,10000002,38,718.01,724.66,716.6,151572765,1885
2014-02-04,10000002,39,755.3,765.28,742,39510075,1419
2014-02-04,10000002,40,1653.05,1680.05,1651.05,27044683,1377
2014-02-04,10000002,11399,7376.96,7380,7257.57,2469402,411
2014-02-05,10000002,34,5.12,5.16,5.1,23580973271,4357
2014-02-05,10000002,35,13.41,13.54,13.27,6397370402,2871
2014-02-05,10000002,36,49.6,50.13,48.74,1486001414,2443
2014-02-05,10000002,37,129,129.9,123.16,291025771,1869
2014-02-05,10000002,38,724,731.83,711.13,88904843,1913
2014-02-05,10000002,39,741.09,757.79,731.01,52957649,1523
2014-02-05,10000002,40,1670.16,1694.02,1630.08,22752555,1376
2014-02-05,10000002,11399,7258.01,7349.97,7257.51,3438524,478
2014-02-06,10000002,34,5.02,5.09,5,28205494569,4024
2014-02-06,10000002,35,13.2,13.27,13.13,5927992873,2757
2014-02-06,10000002,36,49.06,49.33,48.97,1954283920,2471
2014-02-06,10000002,37,128.66,128.7,128.26,369761984,1833
2014-02-06,10000002,38,716.51,720.99,711.2,105444364,1856
2014-02-06,10000002,39,745.99,749.89,724.56,23914594,1403
2014-02-06,10000002,40,1713.79,1729.99,1679,10908961,1295
2014-02-06,10000002,11399,7340.07,7340.1,7340,1123965,422
2014-02-07,10000002,34,5.03,5.05,4.97,19484315832,3875
2014-02-07,10000002,35,12.94,13.12,12.88,5049849270,2665
2014-02-07,10000002,36,49,49.43,48.71,1592279096,2342
2014-02-07,10000002,37,125.66,127.32,125.45,382968629,1828
2014-02-07,10000002,38,714.98,718.01,712.09,119510494,1921
2014-02-07,10000002,39,730,737.99,726.26,29250731,1452
2014-02-07,10000002,40,1660,1705,1659.81,15235022,1290
2014-02-07,10000002,11399,7339,7339.97,7338.9,1585534,431
2014-02-08,10000002,34,5.1,5.13,5.07,33026302355,4533
2014-02-08,10000002,35,12.76,12.91,12.66,8418212466,3014
2014-02-08,10000002,36,49.35,51,49.08,3685797317,2754
2014-02-08,10000002,37,128.34,130.49,127.29,587486359,2092
2014-02-08,10000002,38,717.81,720,712.52,153630820,2194
2014-02-08,10000002,39,732.17,732.17,732.17,140878739,1664
2014-02-08,10000002,40,1667.01,1674.94,1665.03,24908215,1446
2014-02-08,10000002,11399,7339.9,7339.96,7200.01,2718780,538
2014-02-09,10000002,34,5.06,5.07,5.05,27531368897,4878
2014-02-09,10000002,35,12.77,12.88,12.73,6690853802,3190
2014-02-09,10000002,36,51.18,52,51.02,2313932684,2935
2014-02-09,10000002,37,140,140.01,136,577837648,2291
2014-02-09,10000002,38,730.01,737.95,721.23,116301421,2226
2014-02-09,10000002,39,728.98,732.1,722.09,47040634,1710
2014-02-09,10000002,40,1667.01,1667.01,1662,48802531,1601
2014-02-09,10000002,11399,7339.99,7435.22,7169.05,2745417,463
2014-02-10,10000002,34,5.04,5.09,5.02,24324711901,3829
2014-02-10,10000002,35,12.96,12.99,12.71,5030775318,2615
2014-02-10,10000002,36,50.89,51.14,49.6,1518700763,2316
2014-02-10,10000002,37,133.72,137.75,132.28,405993636,1914
2014-02-10,10000002,38,714.95,729.89,712.38,121656641,1779
2014-02-10,10000002,39,710.4,724.95,708.95,48612493,1475
2014-02-10,10000002,40,1597.22,1662.89,1575.83,28240289,1365
2014-02-10,10000002,11399,7199.95,7298.99,7168.92,2690159,436
2014-02-11,10000002,34,5.01,5.03,4.98,28227558013,3636
2014-02-11,10000002,35,12.88,12.99,12.77,6611791981,2501
2014-02-11,10000002,36,50.07,50.6,49.52,2288947243,2290
2014-02-11,10000002,37,134.29,136,133.15,546742614,1768
2014-02-11,10000002,38,718.42,729.61,715.59,115450029,1715
2014-02-11,10000002,39,703.12,706.02,703.12,56971672,1378
2014-02-11,10000002,40,1599.02,1630.9,1594.83,18513748,1271
2014-02-11,10000002,11399,6950,7179.94,6900.25,2180142,437
2014-02-12,10000002,34,5.03,5.11,4.98,29104156709,3662
2014-02-12,10000002,35,13.22,13.33,13.09,6930278628,2395
2014-02-12,10000002,36,50.97,51.39,50.01,2183375546,2267
2014-02-12,10000002,37,135.02,136.29,132.43,575482100,1695
2014-02-12,10000002,38,728.98,734,726.86,120867785,1766
2014-02-12,10000002,39,703.12,703.12,703.12,54454886,1398
2014-02-12,10000002,40,1600,1600.02,1575.29,22039474,1222
2014-02-12,10000002,11399,7169.89,7179.91,7099.99,1672473,432
2014-02-13,10000002,34,5.07,5.1,5.06,21832589964,3556
2014-02-13,10000002,35,13.19,13.24,13.13,5686337477,2513
2014-02-13,10000002,36,51,51.7,50.65,1672227095,2219
2014-02-13,10000002,37,134.96,136.1,133.01,335659031,1708
2014-02-13,10000002,38,726.36,738.96,726.22,73238887,1681
2014-02-13,10000002,39,703.12,703.12,703.12,103594944,1370
2014-02-13,10000002,40,1600,1600.02,1590.01,18672497,1216
2014-02-13,10000002,11399,7179.96,7187.42,7179.95,1640784,441
2014-02-14,10000002,34,5.09,5.2,5.06,25866443216,3844
2014-02-14,10000002,35,13.25,13.33,13.19,6636085422,2623
2014-02-14,10000002,36,51.31,52.11,51.24,1905340450,2340
2014-02-14,10000002,37,135.55,136.83,134.6,488492689,1883
2014-02-14,10000002,38,736.98,738.94,726.32,110340582,1816
2014-02-14,10000002,39,708,724.22,704.47,34908772,1372
2014-02-14,10000002,40,1594.99,1600.02,1582,18120362,1271
2014-02-14,10000002,11399,7296.83,7298,7001.22,1677833,444
2014-02-15,10000002,34,5.03,5.11,5.01,22520337128,3877
2014-02-15,10000002,35,13.21,13.34,13.17,6793344957,2639
2014-02-15,10000002,36,51.88,52.7,51.34,2026915060,2398
2014-02-15,10000002,37,136.95,138.9,134.97,495630895,1826
2014-02-15,10000002,38,734.95,737.45,726.27,132609113,1907
2014-02-15,10000002,39,708.91,723.77,706.07,37998197,1407
2014-02-15,10000002,40,1575.19,1599.99,1575.03,23567906,1334
2014-02-15,10000002,11399,7294.97,7349.99,7289.99,2769134,449
2014-02-16,10000002,34,5.02,5.03,5.01,27085524152,4300
2014-02-16,10000002,35,13.11,13.19,12.99,6507968680,2962
2014-02-16,10000002,36,52.12,52.43,51.56,2574019239,2773
2014-02-16,10000002,37,136.18,136.78,135.07,522804227,2058
2014-02-16,10000002,38,727.06,740.95,726.27,138183676,2142
2014-02-16,10000002,39,712.98,720.94,706,38599257,1628
2014-02-16,10000002,40,1589.96,1599.99,1556.01,20583629,1464
2014-02-16,10000002,11399,7434.76,7434.76,7434.74,1769989,486
2014-02-17,10000002,34,5.01,5.02,4.98,22336301949,3801
2014-02-17,10000002,35,13.06,13.13,12.95,5016061330,2614
2014-02-17,10000002,36,51.51,52.2,51.42,1777362091,2362
2014-02-17,10000002,37,135.12,136.54,134.74,409185464,1836
2014-02-17,10000002,38,728.8,738.99,726.9,88732226,1805
2014-02-17,10000002,39,710.05,723.24,706.65,39926305,1379
2014-02-17,10000002,40,1580.03,1600,1542.05,17624488,1279
2014-02-17,10000002,11399,7220.1,7434.9,7220,1737178,404
2014-02-18,10000002,34,5,5.03,4.96,19357907214,3464
2014-02-18,10000002,35,12.97,13.01,12.92,4651411325,2442
2014-02-18,10000002,36,51.45,51.59,51.44,2074240396,2273
2014-02-18,10000002,37,134.84,137.16,134.73,342762099,1736
2014-02-18,10000002,38,726.98,728.7,726.92,110308284,1699
2014-02-18,10000002,39,704.57,717.55,704.51,30342028,1324
2014-02-18,10000002,40,1542.51,1599.96,1542.18,17283310,1217
2014-02-18,10000002,11399,7329.91,7342.64,7141.02,1884495,438
2014-02-19,10000002,34,4.98,4.99,4.95,20643327672,3274
2014-02-19,10000002,35,12.99,12.99,12.98,5186532855,2179
2014-02-19,10000002,36,51.47,51.9,51.46,1844214209,2037
2014-02-19,10000002,37,136.05,136.95,134.93,248994580,1545
2014-02-19,10000002,38,728.74,736.87,727.05,108085437,1676
2014-02-19,10000002,39,710.99,714.67,696.03,33834238,1228
2014-02-19,10000002,40,1550,1576.85,1543.13,20301877,1233
2014-02-19,10000002,11399,7140.32,7295.35,7115.51,2376599,463
2014-02-20,10000002,34,5,5.02,4.93,20420364746,3220
2014-02-20,10000002,35,13.05,13.1,13,4648697924,2201
2014-02-20,10000002,36,51.81,52.13,51.46,1804182323,2040
2014-02-20,10000002,37,136.94,137.16,136.44,397329562,1639
2014-02-20,10000002,38,734.97,736.91,727.24,95952515,1621
2014-02-20,10000002,39,705.75,709.4,691.44,23849442,1238
2014-02-20,10000002,40,1573.37,1573.39,1569.99,18988400,1197
2014-02-20,10000002,11399,7229.62,7233.91,7013,1672646,416
2014-02-21,10000002,34,4.92,5,4.88,19314574062,3404
2014-02-21,10000002,35,12.98,13.07,12.91,5144641758,2330
2014-02-21,10000002,36,51.47,51.91,51.44,1787950584,2182
2014-02-21,10000002,37,136.51,137.52,136.48,329955820,1673
2014-02-21,10000002,38,727.32,734.76,727,118900375,1752
2014-02-21,10000002,39,691.4,704.78,685.46,41055033,1337
2014-02-21,10000002,40,1567.67,1573.38,1549.86,21046575,1270
2014-02-21,10000002,11399,7200,7229.61,6975.96,1591630,413
2014-02-22,10000002,34,4.92,4.97,4.89,20945413801,3935
2014-02-22,10000002,35,12.95,13,12.9,5301974730,2695
2014-02-22,10000002,36,51.44,51.74,51.42,1925607447,2437
2014-02-22,10000002,37,136.4,136.6,132.4,351427260,1871
2014-02-22,10000002,38,732.3,736.92,726.93,117051299,2035
2014-02-22,10000002,39,703.88,704.49,688.57,39215588,1458
2014-02-22,10000002,40,1546.28,1573.41,1543.23,18689544,1330
2014-02-22,10000002,11399,7199.99,7229.63,7003.72,3253113,532
2014-02-23,10000002,34,4.94,4.97,4.88,22778398115,3962
2014-02-23,10000002,35,12.94,13,12.8,5308504503,2621
2014-02-23,10000002,36,50.4,50.95,49.7,1321951922,2263
2014-02-23,10000002,37,132.83,132.99,131.43,343252064,1860
2014-02-23,10000002,38,712.5,725.7,711.31,106960035,1884
2014-02-23,10000002,39,695,701.39,690.34,40764046,1468
2014-02-23,10000002,40,1550,1573.25,1543.04,16915684,1372
2014-02-23,10000002,11399,7150,7198.84,6985,2256206,440
2014-02-24,10000002,34,4.85,4.9,4.83,22603363043,3315
2014-02-24,10000002,35,12.7,12.8,12.63,5389322217,2151
2014-02-24,10000002,36,50.19,50.32,49.95,2077597432,1986
2014-02-24,10000002,37,131.75,132.49,131.04,371883519,1554
2014-02-24,10000002,38,711.47,716.89,709.99,96929681,1657
2014-02-24,10000002,39,695.84,700.25,695.01,38626860,1283
2014-02-24,10000002,40,1559.95,1561.92,1543.82,11300410,1140
2014-02-24,10000002,11399,7185.82,7190,7100.11,1630037,431
2014-02-25,10000002,34,4.91,4.94,4.89,22184773407,3189
2014-02-25,10000002,35,12.73,12.76,12.69,5298576039,2179
2014-02-25,10000002,36,49.75,49.79,49.3,1769130624,1947
2014-02-25,10000002,37,130.98,131.74,129.02,293141195,1504
2014-02-25,10000002,38,715,720.99,701.35,83259854,1620
2014-02-25,10000002,39,680.2,695.98,678.56,34356176,1254
2014-02-25,10000002,40,1557.25,1559.96,1547.53,14196302,1195
2014-02-25,10000002,11399,7100,7185.95,7000,1484601,414
2014-02-26,10000002,34,4.91,4.92,4.89,21007707968,3280
2014-02-26,10000002,35,12.76,12.82,12.68,5216595847,2307
2014-02-26,10000002,36,49.77,49.88,49.39,1505551270,2065
2014-02-26,10000002,37,130.88,131.25,129.39,267789527,1638
2014-02-26,10000002,38,716,720.53,703.01,132797903,1804
2014-02-26,10000002,39,685,686.02,685,39716005,1327
2014-02-26,10000002,40,1542.01,1543,1542.01,21866069,1280
2014-02-26,10000002,11399,6975.66,7182.92,6700.1,3364584,440
2014-02-27,10000002,34,4.89,4.91,4.86,19870659631,3267
2014-02-27,10000002,35,12.72,12.77,12.65,5683972505,2358
2014-02-27,10000002,36,49.7,49.8,49.38,1789590713,2133
2014-02-27,10000002,37,130.26,130.95,129.85,389269260,1747
2014-02-27,10000002,38,720.42,720.86,708.43,123684731,1832
2014-02-27,10000002,39,680.37,687.84,680,40941742,1371
2014-02-27,10000002,40,1528.09,1563,1525.25,19161706,1210
2014-02-27,10000002,11399,6950.08,7181.89,6725.4,2355199,404
2014-02-28,10000002,34,4.88,4.92,4.82,26504149462,3210
2014-02-28,10000002,35,12.54,12.7,12.46,4674990771,2274
2014-02-28,10000002,36,49.54,49.65,49.31,1471177365,2001
2014-02-28,10000002,37,130.76,131.33,128.32,347870645,1611
2014-02-28,10000002,38,717.91,719.89,703.27,79091036,1606
2014-02-28,10000002,39,680.69,681.99,660.23,28996157,1270
2014-02-28,10000002,40,1570,1572.99,1525.38,12096438,1168
2014-02-28,10000002,11399,7181.99,7183.8,6816.3,1846711,448
2014-03-01,10000002,34,4.86,4.89,4.84,23555310963,3514
2014-03-01,10000002,35,12.54,12.58,12.47,6181184428,2553
2014-03-01,10000002,36,49.02,49.47,48.85,1847356130,2253
2014-03-01,10000002,37,130,131.26,129.34,316426075,1729
2014-03-01,10000002,38,713.9,715.97,705.01,121483684,1887
2014-03-01,10000002,39,679.94,679.97,670.32,42592030,1480
2014-03-01,10000002,40,1530.41,1573.85,1528.03,14390400,1329
2014-03-01,10000002,11399,6903.16,7149.97,6903.14,2499231,467
2014-03-02,10000002,34,4.9,4.91,4.88,33723124817,4100
2014-03-02,10000002,35,12.7,12.73,12.66,6437835948,2794
2014-03-02,10000002,36,48.94,49.2,48.1,1908334205,2441
2014-03-02,10000002,37,130.33,130.44,129.25,344939231,1894
2014-03-02,10000002,38,713.7,716.95,705.69,123980474,2151
2014-03-02,10000002,39,680.8,680.92,672.75,34335668,1519
2014-03-02,10000002,40,1533.29,1533.55,1533.29,24355027,1395
2014-03-02,10000002,11399,7182.48,7182.66,6911.01,2399205,462
2014-03-03,10000002,34,4.88,4.9,4.81,19935563110,3254
2014-03-03,10000002,35,12.69,12.7,12.61,5691414100,2290
2014-03-03,10000002,36,48.28,48.33,48.25,2451924803,2099
2014-03-03,10000002,37,129.38,130.24,129.33,420218810,1633
2014-03-03,10000002,38,710.03,716.46,707,93409832,1705
2014-03-03,10000002,39,685.99,686.27,674,27771145,1303
2014-03-03,10000002,40,1536.03,1569.78,1533.36,12063602,1174
2014-03-03,10000002,11399,7177.98,7178.98,6914.05,1842093,423
2014-03-04,10000002,34,4.84,4.88,4.8,18186753053,2947
2014-03-04,10000002,35,12.51,12.59,12.42,4200313954,2128
2014-03-04,10000002,36,47.82,48.1,47.71,1478188671,1884
2014-03-04,10000002,37,129.24,130.1,128.07,350806126,1629
2014-03-04,10000002,38,708.16,716,707.47,106984583,1616
2014-03-04,10000002,39,690.9,695.75,678.45,61052531,1304
2014-03-04,10000002,40,1600.02,1600.02,1600.02,76990015,1169
2014-03-04,10000002,11399,7177.37,7182.53,6920.03,3358791,484
2014-03-05,10000002,34,4.9,4.94,4.85,29996422596,3005
2014-03-05,10000002,35,12.61,12.66,12.56,6073426641,2149
2014-03-05,10000002,36,48,48.14,47.88,2172669643,1949
2014-03-05,10000002,37,130.02,130.14,127.55,340939265,1401
2014-03-05,10000002,38,714.78,716.37,707.18,126502356,1632
2014-03-05,10000002,39,680.08,699.94,676.55,36521533,1209
2014-03-05,10000002,40,1569.51,1607.88,1550.4,18860661,1146
2014-03-05,10000002,11399,7149.99,7158.84,6906.21,2028462,408
2014-03-06,10000002,34,4.86,4.88,4.84,17735319041,2943
2014-03-06,10000002,35,12.58,12.64,12.56,3955746590,2076
2014-03-06,10000002,36,48.05,48.13,47.86,1243826361,1876
2014-03-06,10000002,37,127.72,127.88,127.41,281247169,1471
2014-03-06,10000002,38,708,712.95,706.09,81692151,1605
2014-03-06,10000002,39,695.99,696.66,680.23,27135192,1224
2014-03-06,10000002,40,1575.01,1600.01,1550,10637277,1150
2014-03-06,10000002,11399,7147.92,7149.86,6916.1,1338246,404
2014-03-07,10000002,34,4.88,4.9,4.83,17934028447,2729
2014-03-07,10000002,35,12.61,12.63,12.57,4687207651,1967
2014-03-07,10000002,36,48.15,48.17,47.9,1814877351,1860
2014-03-07,10000002,37,129.99,130.11,127.29,295086098,1506
2014-03-07,10000002,38,718,719,706.09,101354545,1704
2014-03-07,10000002,39,677.45,696.24,676.18,35502922,1179
2014-03-07,10000002,40,1555,1589.78,1537.44,17762327,1096
2014-03-07,10000002,11399,7158.85,7187.97,7002,2372891,386
2014-03-08,10000002,34,4.87,4.88,4.86,22978981353,3449
2014-03-08,10000002,35,12.6,12.62,12.56,6329191907,2559
2014-03-08,10000002,36,47.93,48.25,47.75,1549336986,2313
2014-03-08,10000002,37,130,130.43,129.23,366075979,1853
2014-03-08,10000002,38,719.99,726.88,710.13,100238248,1884
2014-03-08,10000002,39,695.73,698.73,677.95,48188679,1444
2014-03-08,10000002,40,1559.34,1608,1555.57,18581921,1344
2014-03-08,10000002,11399,7240,7298.99,6985.46,2912835,423
2014-03-09,10000002,34,4.92,4.95,4.87,30206260725,3789
2014-03-09,10000002,35,12.64,12.65,12.63,8604677830,2690
2014-03-09,10000002,36,48.43,48.5,48.19,2135668092,2442
2014-03-09,10000002,37,128.63,129,128.23,425000215,1903
2014-03-09,10000002,38,727.94,734.95,718.2,111750777,2058
2014-03-09,10000002,39,686.03,697.94,675.95,49987039,1542
2014-03-09,10000002,40,1552.01,1590,1548.05,22331034,1451
2014-03-09,10000002,11399,7318.54,7318.62,7189.99,1674902,472
2014-03-10,10000002,34,4.9,4.92,4.89,26527880758,3207
2014-03-10,10000002,35,12.65,12.66,12.64,6977550484,2319
2014-03-10,10000002,36,48.42,48.54,48.38,2814702259,2151
2014-03-10,10000002,37,128.95,129,128.56,397962614,1652
2014-03-10,10000002,38,726,728.74,721.13,120887328,1732
2014-03-10,10000002,39,694.99,697,684.18,29350287,1332
2014-03-10,10000002,40,1599,1601.78,1561.2,15505700,1230
2014-03-10,10000002,11399,7100.03,7200.01,7081.24,2570011,446
2014-03-11,10000002,34,4.96,4.99,4.92,22489232512,2966
2014-03-11,10000002,35,12.55,12.6,12.51,5561344814,2041
2014-03-11,10000002,36,48.5,49.27,48.43,1741452067,1902
2014-03-11,10000002,37,128.73,130.01,128.61,357835575,1473
2014-03-11,10000002,38,722.05,728.77,721.67,69416320,1551
2014-03-11,10000002,39,680.21,700.71,675.21,26674473,1236
2014-03-11,10000002,40,1597.93,1598.99,1557.16,15895293,1121
2014-03-11,10000002,11399,7100,7288,7100,1773950,376
2014-03-12,10000002,34,4.99,5,4.95,18343182419,2709
2014-03-12,10000002,35,12.54,12.57,12.48,4137529774,1853
2014-03-12,10000002,36,49.02,49.57,48.49,1463062196,1718
2014-03-12,10000002,37,130.87,130.9,129.29,346315809,1381
2014-03-12,10000002,38,727.49,728.79,722.17,92233731,1389
2014-03-12,10000002,39,680.09,700,677,20617492,1072
2014-03-12,10000002,40,1585,1610,1565.07,14251402,1051
2014-03-12,10000002,11399,7288,7290.08,7250.05,1332207,342
2014-03-13,10000002,34,5,5.03,4.97,22513728414,2843
2014-03-13,10000002,35,12.57,12.6,12.51,4816144265,1974
2014-03-13,10000002,36,49.39,49.55,48.49,1557042114,1893
2014-03-13,10000002,37,130.53,130.88,129.44,360457169,1483
2014-03-13,10000002,38,723.16,728.34,722.42,98065619,1514
2014-03-13,10000002,39,699.74,699.95,676.07,25471321,1154
2014-03-13,10000002,40,1610,1645,1588.03,9792223,1066
2014-03-13,10000002,11399,7105.52,7200.01,6979.04,2528039,408
2014-03-14,10000002,34,4.98,5,4.97,20920346183,2819
2014-03-14,10000002,35,12.56,12.59,12.54,4708072036,2022
2014-03-14,10000002,36,48.56,49.26,48.5,1691004670,1928
2014-03-14,10000002,37,128.83,130.89,128.68,242186543,1469
2014-03-14,10000002,38,722.41,729.04,722.25,87618393,1558
2014-03-14,10000002,39,699,700.74,684.34,29840182,1150
2014-03-14,10000002,40,1611.31,1648.88,1601,10402471,1072
2014-03-14,10000002,11399,6979.1,7185.98,6753.05,2870972,381
2014-03-15,10000002,34,4.95,4.99,4.9,23362327609,3150
2014-03-15,10000002,35,12.54,12.57,12.49,4992755375,2188
2014-03-15,10000002,36,48.98,49.29,48.21,1904326506,2019
2014-03-15,10000002,37,130.63,130.96,129.07,367578891,1673
2014-03-15,10000002,38,724.96,728.92,722.02,88523233,1701
2014-03-15,10000002,39,700,701.97,692.1,35002696,1357
2014-03-15,10000002,40,1611.01,1648.61,1602.68,18697122,1251
2014-03-15,10000002,11399,7059.99,7176.81,6728.36,2419400,479
2014-03-16,10000002,34,4.98,5,4.96,35663393835,3495
2014-03-16,10000002,35,12.52,12.54,12.49,7491997273,2503
2014-03-16,10000002,36,48.09,48.49,47.99,2050339890,2280
2014-03-16,10000002,37,129.48,130.2,129.15,377256733,1836
2014-03-16,10000002,38,722.99,727.42,721.1,104609571,2003
2014-03-16,10000002,39,686.06,703.38,679.33,32016435,1395
2014-03-16,10000002,40,1614.95,1628.95,1603.19,14165860,1317
2014-03-16,10000002,11399,7115.92,7116,7100,2083370,489
2014-03-17,10000002,34,4.98,5,4.97,24715091526,3039
2014-03-17,10000002,35,12.45,12.49,12.38,5741710931,2116
2014-03-17,10000002,36,48.66,48.79,48.6,1994087885,1973
2014-03-17,10000002,37,129.5,130.01,129.47,409697036,1576
2014-03-17,10000002,38,724.95,729.05,721.15,143855032,1708
2014-03-17,10000002,39,694.88,697.65,688.18,27421270,1277
2014-03-17,10000002,40,1603.18,1609.89,1601.33,16950676,1182
2014-03-17,10000002,11399,7092.96,7105,6826.29,1873055,460
2014-03-18,10000002,34,4.98,5.03,4.93,19938234753,2783
2014-03-18,10000002,35,12.45,12.51,12.38,5162232034,1982
2014-03-18,10000002,36,49.1,49.21,48.71,1595395004,1846
2014-03-18,10000002,37,129.08,130,128.66,372769992,1534
2014-03-18,10000002,38,731.69,733.96,718.38,85057419,1608
2014-03-18,10000002,39,688.88,689.88,682.25,42813361,1266
2014-03-18,10000002,40,1586.42,1609.08,1586.33,17058512,1110
2014-03-18,10000002,11399,7044.88,7044.98,6827.17,2675183,456
2014-03-19,10000002,34,4.99,5.02,4.98,19237118534,2545
2014-03-19,10000002,35,12.52,12.55,12.5,4025018754,1771
2014-03-19,10000002,36,49.08,49.16,48.68,1575566159,1701
2014-03-19,10000002,37,129.69,129.96,128.76,349147788,1390
2014-03-19,10000002,38,720.81,729.99,720.56,90988511,1444
2014-03-19,10000002,39,680.87,693,680.28,28069330,1089
2014-03-19,10000002,40,1570.48,1606.83,1567.01,14607971,1009
2014-03-19,10000002,11399,6821,7044.75,6750,2580990,431
2014-03-20,10000002,34,5,5.05,4.95,25204973210,2648
2014-03-20,10000002,35,12.54,12.57,12.46,4958565625,1899
2014-03-20,10000002,36,48.87,49.09,48.71,1462562166,1786
2014-03-20,10000002,37,130.92,131.6,129.15,355921860,1403
2014-03-20,10000002,38,725.93,730,721.17,104389535,1522
2014-03-20,10000002,39,691.45,693,688.33,42429732,1148
2014-03-20,10000002,40,1597.78,1598.75,1560,25331928,1076
2014-03-20,10000002,11399,6590,7041.56,6566.16,3044157,373
2014-03-21,10000002,34,5.03,5.05,5,19280655593,2584
2014-03-21,10000002,35,12.56,12.59,12.42,5848701139,1874
2014-03-21,10000002,36,48.95,49.2,48.9,1788963855,1770
2014-03-21,10000002,37,132.06,133.17,132.02,363738648,1423
2014-03-21,10000002,38,726,733.87,725.14,81282170,1478
2014-03-21,10000002,39,703.42,707.96,703.4,28818743,1084
2014-03-21,10000002,40,1550.11,1609.42,1531,28990926,1050
2014-03-21,10000002,11399,7041.3,7041.3,7041.14,2734008,420
2014-03-22,10000002,34,5,5.08,4.95,26767413118,3113
2014-03-22,10000002,35,12.51,12.6,12.35,6329085513,2216
2014-03-22,10000002,36,48.8,49.25,48.62,1975344362,2057
2014-03-22,10000002,37,132.35,134.37,132.16,384268918,1643
2014-03-22,10000002,38,730.96,742,725.33,100095942,1745
2014-03-22,10000002,39,715.6,728.84,712.8,25156443,1233
2014-03-22,10000002,40,1594,1614.99,1580.18,17266194,1165
2014-03-22,10000002,11399,7150,7179.97,7100,1987948,439
2014-03-23,10000002,34,5.09,5.15,5.02,28745192871,3506
2014-03-23,10000002,35,12.63,12.66,12.58,6444363466,2437
2014-03-23,10000002,36,49.07,49.2,49,2422063182,2269
2014-03-23,10000002,37,133.73,134.4,133,429100531,1815
2014-03-23,10000002,38,728.04,737.96,727.69,116113832,1884
2014-03-23,10000002,39,727.68,727.81,711.45,37276872,1419
2014-03-23,10000002,40,1592.03,1622.99,1585.16,13808977,1276
2014-03-23,10000002,11399,7288.66,7297,7180.11,3577954,459
2014-03-24,10000002,34,5.09,5.14,5.03,26169960145,3022
2014-03-24,10000002,35,12.67,12.71,12.64,6820401230,2094
2014-03-24,10000002,36,49.08,49.48,48.82,2313812967,1957
2014-03-24,10000002,37,133.96,135.74,133.76,441421268,1659
2014-03-24,10000002,38,737.86,738.99,728,126462639,1624
2014-03-24,10000002,39,725.95,728.4,711.38,70685556,1289
2014-03-24,10000002,40,1591.01,1621.97,1578.03,20762602,1190
2014-03-24,10000002,11399,7308.03,7496.9,7200,4592731,450
2014-03-25,10000002,34,5.17,5.2,5.1,22102951781,2616
2014-03-25,10000002,35,12.69,12.78,12.62,5392365525,1827
2014-03-25,10000002,36,49.09,49.41,48.83,1795492001,1707
2014-03-25,10000002,37,135,135.72,134.2,382051500,1266
2014-03-25,10000002,38,744.44,746.8,736.2,102600574,1391
2014-03-25,10000002,39,730.6,736.68,711.31,26004504,1052
2014-03-25,10000002,40,1618.72,1621,1581.09,19203721,1010
2014-03-25,10000002,11399,7250.04,7491.46,7110,1913200,412
2014-03-26,10000002,34,5.15,5.21,5.11,22933667390,2566
2014-03-26,10000002,35,12.58,12.67,12.51,4729966569,1780
2014-03-26,10000002,36,48.95,49.71,48.78,1427964645,1735
2014-03-26,10000002,37,135.44,136.09,134.02,410793752,1449
2014-03-26,10000002,38,749.98,758.65,745.19,89225190,1519
2014-03-26,10000002,39,730,736.77,723.15,19038649,1054
2014-03-26,10000002,40,1621.2,1623.88,1587,15794317,1038
2014-03-26,10000002,11399,7389.56,7409.98,7200,1592089,385
2014-03-27,10000002,34,5.16,5.2,5.13,30521667262,2687
2014-03-27,10000002,35,12.6,12.62,12.58,5867308998,1790
2014-03-27,10000002,36,48.67,48.94,48.32,2029186433,1635
2014-03-27,10000002,37,137.8,138.3,135.48,405565451,1335
2014-03-27,10000002,38,746.22,752.97,746.09,152729152,1424
2014-03-27,10000002,39,722.42,735,721.16,39808072,1053
2014-03-27,10000002,40,1561.19,1565.05,1532,35323483,985
2014-03-27,10000002,11399,7061.78,7125,7061,4404190,424
2014-03-28,10000002,34,5.15,5.21,5.11,25138587463,2589
2014-03-28,10000002,35,12.52,12.59,12.34,5039866552,1742
2014-03-28,10000002,36,48.32,48.62,48.02,1624926050,1572
2014-03-28,10000002,37,135.7,137.95,135.45,356156749,1341
2014-03-28,10000002,38,732.33,750.99,731.05,76136463,1376
2014-03-28,10000002,39,735.04,744.96,724.98,25284619,1038
2014-03-28,10000002,40,1590.77,1595,1556.02,20815847,989
2014-03-28,10000002,11399,7000.06,7297.92,6996.01,2354950,402
2014-03-29,10000002,34,5.23,5.32,5.16,36766621232,3021
2014-03-29,10000002,35,12.55,12.78,12.45,7919996586,2124
2014-03-29,10000002,36,49.84,51,49.04,2250768170,1972
2014-03-29,10000002,37,136.94,138.19,134.57,412973186,1576
2014-03-29,10000002,38,747.94,751.46,742.04,104671648,1611
2014-03-29,10000002,39,743.91,744.84,727.6,23858872,1155
2014-03-29,10000002,40,1617.99,1622.87,1606.55,16231539,1066
2014-03-29,10000002,11399,7148.83,7148.99,6900.07,2605127,375
2014-03-30,10000002,34,5.15,5.18,5.13,25911467695,3103
2014-03-30,10000002,35,12.6,12.68,12.54,7769024191,2171
2014-03-30,10000002,36,49.99,50.19,49.5,2044316588,2000
2014-03-30,10000002,37,136.49,139.78,135.56,503625034,1699
2014-03-30,10000002,38,747,747.9,743.4,99829510,1659
2014-03-30,10000002,39,728.04,729.19,727.75,42515291,1278
2014-03-30,10000002,40,1570.18,1600.02,1548.05,25923852,1216
2014-03-30,10000002,11399,7283.1,7293.98,6906.41,1812613,461
2014-03-31,10000002,34,5.13,5.14,5.11,22078577139,2580
2014-03-31,10000002,35,12.52,12.55,12.51,5369164582,1846
2014-03-31,10000002,36,49.95,50.05,49.92,2376045001,1797
2014-03-31,10000002,37,136.99,138.57,136.1,325855269,1340
2014-03-31,10000002,38,744,747.22,743.97,89532839,1432
2014-03-31,10000002,39,715,720.48,709.02,19291510,1038
2014-03-31,10000002,40,1590,1598.96,1562.11,11218773,972
2014-03-31,10000002,11399,7249.54,7275.97,7110.13,2063986,423
2014-04-01,10000002,34,5.1,5.15,5.08,25421139190,2234
2014-04-01,10000002,35,12.54,12.58,12.48,4801441059,1617
2014-04-01,10000002,36,49.06,49.73,48.32,1644974235,1484
2014-04-01,10000002,37,136.42,137.19,135.86,373093236,1232
2014-04-01,10000002,38,744.06,746.97,744.01,101424948,1285
2014-04-01,10000002,39,710.13,716.92,708.95,27610726,937
2014-04-01,10000002,40,1588.97,1589.91,1562.77,15199369,882
2014-04-01,10000002,11399,7247.92,7247.99,7015.02,2142252,360
2014-04-02,10000002,34,5.1,5.12,5.08,27084439721,2223
2014-04-02,10000002,35,12.49,12.5,12.46,5474532463,1523
2014-04-02,10000002,36,48.55,48.55,48.55,2198200511,1356
2014-04-02,10000002,37,135.77,135.81,135.54,448022843,1174
2014-04-02,10000002,38,743.99,744.03,743.21,118608262,1214
2014-04-02,10000002,39,709.01,716.89,708.19,52666580,917
2014-04-02,10000002,40,1553.19,1589.97,1551.01,31245025,882
2014-04-02,10000002,11399,6902.08,7238.12,6875.04,2305423,366
2014-04-03,10000002,34,5.08,5.17,5.05,27326841740,2344
2014-04-03,10000002,35,12.4,12.43,12.32,5903373505,1572
2014-04-03,10000002,36,48.32,48.44,48.23,1537690051,1445
2014-04-03,10000002,37,135.04,135.81,133.52,304255682,1183
2014-04-03,10000002,38,735.95,743.78,735.88,113555286,1240
2014-04-03,10000002,39,717.88,717.93,705.33,32420275,1030
2014-04-03,10000002,40,1597.97,1609.85,1561,12182681,889
2014-04-03,10000002,11399,7237.77,7237.95,7229.97,1276571,342
2014-04-04,10000002,34,5.08,5.13,5.06,27489519421,2290
2014-04-04,10000002,35,12.29,12.32,12.27,5556776055,1644
2014-04-04,10000002,36,47.72,48.05,47.5,2509395518,1481
2014-04-04,10000002,37,133.51,134.48,133.22,716042085,1300
2014-04-04,10000002,38,733.06,740.99,733,121596880,1335
2014-04-04,10000002,39,714,715.5,710,25898148,997
2014-04-04,10000002,40,1599.92,1605,1585.08,14501958,947
2014-04-04,10000002,11399,7231,7237.65,6980.45,2408610,375
2014-04-05,10000002,34,5.15,5.19,5.13,39774964175,3066
2014-04-05,10000002,35,12.44,12.46,12.38,7596364245,2092
2014-04-05,10000002,36,47.5,47.5,47.5,2341053997,1875
2014-04-05,10000002,37,133.2,133.22,132,460107259,1509
2014-04-05,10000002,38,732.99,733,732.15,137573919,1681
2014-04-05,10000002,39,713.33,720.99,710.99,49061788,1214
2014-04-05,10000002,40,1597,1598.99,1592.03,17274483,1125
2014-04-05,10000002,11399,7200,7226.9,6986.05,1865128,446
2014-04-06,10000002,34,5.2,5.25,5.19,34157964336,3058
2014-04-06,10000002,35,12.71,12.72,12.67,10138178126,2260
2014-04-06,10000002,36,47.84,48.34,47.6,2143599207,2053
2014-04-06,10000002,37,132.8,133.2,132.33,532807510,1606
2014-04-06,10000002,38,732.94,733,726.91,131009132,1629
2014-04-06,10000002,39,719,719.88,702.11,36218181,1274
2014-04-06,10000002,40,1614.62,1614.87,1581.14,16647540,1171
2014-04-06,10000002,11399,7199,7224,7175,1477038,447
2014-04-07,10000002,34,5.24,5.25,5.23,26382043981,2493
2014-04-07,10000002,35,12.44,12.45,12.42,4028623344,1675
2014-04-07,10000002,36,48.12,48.83,47.95,1433949364,1594
2014-04-07,10000002,37,133.17,133.22,132.54,398611681,1255
2014-04-07,10000002,38,728,742.82,727,83148803,1316
2014-04-07,10000002,39,719.88,722.91,707.15,31753130,1060
2014-04-07,10000002,40,1592.19,1623.95,1592.01,15277270,944
2014-04-07,10000002,11399,7179.99,7189.84,6981.26,1410265,360
2014-04-08,10000002,34,5.17,5.21,5.15,20039078949,2557
2014-04-08,10000002,35,12.35,12.42,12.32,4156873588,1749
2014-04-08,10000002,36,49.11,49.4,48.76,1623673513,1660
2014-04-08,10000002,37,133.21,133.22,132.81,366133143,1275
2014-04-08,10000002,38,742.75,750,728.55,102644471,1414
2014-04-08,10000002,39,724,728.5,715.57,14057169,1020
2014-04-08,10000002,40,1624.94,1643.92,1599.32,10549049,973
2014-04-08,10000002,11399,7184.94,7188.59,6960.08,1605279,380
2014-04-09,10000002,34,5.28,5.36,5.18,24700469120,2316
2014-04-09,10000002,35,12.43,12.44,12.36,5413915401,1625
2014-04-09,10000002,36,49.35,50.55,48.73,1512953864,1540
2014-04-09,10000002,37,133.22,133.22,133.21,463510282,1226
2014-04-09,10000002,38,734.98,742.97,729.38,76760669,1291
2014-04-09,10000002,39,722.29,723,720.13,20252323,971
2014-04-09,10000002,40,1599.04,1605.05,1597.01,17827476,953
2014-04-09,10000002,11399,7181.95,7184.89,7180,1296474,324
2014-04-10,10000002,34,5.23,5.28,5.2,29023411676,2199
2014-04-10,10000002,35,12.47,12.56,12.44,4559758902,1546
2014-04-10,10000002,36,49.58,50.07,49.13,1828449689,1508
2014-04-10,10000002,37,132.61,133.9,131.16,456475706,1215
2014-04-10,10000002,38,735,739.62,730.13,90710465,1223
2014-04-10,10000002,39,715,720.95,709.06,42331308,1007
2014-04-10,10000002,40,1553,1579.5,1505,28851248,997
2014-04-10,10000002,11399,6912.31,7155.87,6800.69,2270227,394
2014-04-11,10000002,34,5.25,5.32,5.21,35195861457,2303
2014-04-11,10000002,35,12.38,12.44,12.34,4551010219,1515
2014-04-11,10000002,36,50.19,50.5,49.52,1757185020,1440
2014-04-11,10000002,37,134.21,135,130,290369033,1142
2014-04-11,10000002,38,735.45,738.48,731.02,83531188,1209
2014-04-11,10000002,39,716,721.85,706.24,24277257,929
2014-04-11,10000002,40,1553.11,1598.99,1550.02,15385304,853
2014-04-11,10000002,11399,6853.07,7123.37,6850.02,2361471,353
2014-04-12,10000002,34,5.54,5.62,5.41,32524317021,2747
2014-04-12,10000002,35,12.47,12.52,12.47,7395623109,1854
2014-04-12,10000002,36,50.21,50.78,49.99,2663548125,1708
2014-04-12,10000002,37,135.51,138.5,132.23,605808644,1433
2014-04-12,10000002,38,743,777.79,741.73,128698552,1445
2014-04-12,10000002,39,719.49,721.85,710.01,27551224,1057
2014-04-12,10000002,40,1609.72,1610,1580,18885281,1023
2014-04-12,10000002,11399,7100,7118.35,6998.35,2049836,385
2014-04-13,10000002,34,5.36,5.41,5.3,25082662148,2701
2014-04-13,10000002,35,12.41,12.47,12.39,5491028866,1862
2014-04-13,10000002,36,50.06,50.22,50,1681717430,1791
2014-04-13,10000002,37,132.45,135.46,132.23,276890374,1364
2014-04-13,10000002,38,754.98,759.86,742.34,92494524,1520
2014-04-13,10000002,39,723.98,728.84,709.19,27343392,1158
2014-04-13,10000002,40,1608.66,1610.78,1557.17,16675929,1086
2014-04-13,10000002,11399,7117.55,7117.98,6900.05,1930211,381
2014-04-14,10000002,34,5.3,5.3,5.3,27358931146,2217
2014-04-14,10000002,35,12.46,12.55,12.39,3939906420,1611
2014-04-14,10000002,36,50.12,50.23,50.1,1829541615,1504
2014-04-14,10000002,37,133.25,134.15,133.12,297801722,1125
2014-04-14,10000002,38,745.21,753.74,744.02,104581665,1246
2014-04-14,10000002,39,710.05,719,710,38531571,931
2014-04-14,10000002,40,1560.21,1594.97,1520.19,16794619,912
2014-04-14,10000002,11399,6900.03,7018.99,6877.51,1862169,367
2014-04-15,10000002,34,5.3,5.3,5.29,28062085074,2369
2014-04-15,10000002,35,12.65,12.69,12.59,4280530766,1645
2014-04-15,10000002,36,50.27,50.66,50.12,1427196542,1535
2014-04-15,10000002,37,134.31,135.3,132.93,309463935,1250
2014-04-15,10000002,38,757.4,764.95,751.31,104506563,1287
2014-04-15,10000002,39,718.93,719.1,710.02,33101324,968
2014-04-15,10000002,40,1570.01,1591.99,1540,15210096,881
2014-04-15,10000002,11399,6878.34,7092,6876.05,2116784,372
2014-04-16,10000002,34,5.28,5.32,5.21,21214501790,2194
2014-04-16,10000002,35,12.55,12.67,12.4,4331738728,1525
2014-04-16,10000002,36,50.28,50.48,49.54,1322649311,1418
2014-04-16,10000002,37,133.94,135.11,133.04,305984613,1192
2014-04-16,10000002,38,759.98,760.64,751.32,72173623,1235
2014-04-16,10000002,39,716,717,710,23868320,927
2014-04-16,10000002,40,1550.06,1589.63,1519.05,17771972,885
2014-04-16,10000002,11399,7094.98,7118,7093.99,2078772,354
2014-04-17,10000002,34,5.33,5.39,5.29,21017256675,2331
2014-04-17,10000002,35,12.55,12.73,12.51,4452765039,1638
2014-04-17,10000002,36,50.48,50.81,49.93,1391195660,1522
2014-04-17,10000002,37,135,135.5,133,357685586,1184
2014-04-17,10000002,38,751.41,762.97,750.12,97708515,1308
2014-04-17,10000002,39,710.03,717.84,710,50168923,989
2014-04-17,10000002,40,1593.99,1597,1530.05,30527674,926
2014-04-17,10000002,11399,7117,7117.93,6860.26,1751000,353
2014-04-18,10000002,34,5.23,5.28,5.19,22684499925,2618
2014-04-18,10000002,35,12.5,12.52,12.44,4966963903,1714
2014-04-18,10000002,36,50.2,50.93,50.03,1762368672,1636
2014-04-18,10000002,37,135.22,135.53,132.75,300609232,1266
2014-04-18,10000002,38,753.39,753.47,745.16,81975588,1295
2014-04-18,10000002,39,712.21,725.76,710,23814158,935
2014-04-18,10000002,40,1600,1606.7,1535.61,12621296,876
2014-04-18,10000002,11399,7116.77,7116.79,7114.99,1859209,363
2014-04-19,10000002,34,5.3,5.34,5.22,31578624592,2801
2014-04-19,10000002,35,12.49,12.53,12.47,5014985679,1831
2014-04-19,10000002,36,50.5,50.99,50.11,1866543244,1736
2014-04-19,10000002,37,135.28,135.36,132.59,297277767,1332
2014-04-19,10000002,38,753.42,756,745.22,87628768,1415
2014-04-19,10000002,39,710,710,710,36681738,1026
2014-04-19,10000002,40,1571.77,1599.89,1560.01,20719371,1044
2014-04-19,10000002,11399,6876.25,7114.98,6876,2450750,312
2014-04-20,10000002,34,5.22,5.24,5.2,23347864081,2460
2014-04-20,10000002,35,12.35,12.41,12.33,3719403065,1739
2014-04-20,10000002,36,49.32,50.61,49.18,1117987650,1585
2014-04-20,10000002,37,134.99,135.78,134.1,350775907,1323
2014-04-20,10000002,38,757.8,762,747.25,70214327,1321
2014-04-20,10000002,39,723.6,723.77,713.01,25883580,1022
2014-04-20,10000002,40,1613.95,1614,1610,16664731,1001
2014-04-20,10000002,11399,6863.83,7098.95,6860.68,2063098,337
2014-04-21,10000002,34,5.27,5.29,5.25,22603261287,2438
2014-04-21,10000002,35,12.5,12.54,12.44,4629072103,1760
2014-04-21,10000002,36,50.15,50.17,49.85,1409713700,1568
2014-04-21,10000002,37,135.55,135.69,135.01,283643747,1252
2014-04-21,10000002,38,747.56,755,747.5,77141374,1309
2014-04-21,10000002,39,718.1,719.17,717.98,29063624,1043
2014-04-21,10000002,40,1618.05,1635,1615,15243962,897
2014-04-21,10000002,11399,7034,7039.95,6900,1667749,384
2014-04-22,10000002,34,5.35,5.42,5.3,31616665650,2583
2014-04-22,10000002,35,12.65,12.7,12.55,6862386475,1827
2014-04-22,10000002,36,50.25,51.25,49.42,2127033918,1675
2014-04-22,10000002,37,135.76,135.92,134.8,395895558,1322
2014-04-22,10000002,38,754.91,756.91,747.4,119560764,1449
2014-04-22,10000002,39,723.46,724.62,714.35,26676846,995
2014-04-22,10000002,40,1635.98,1637.79,1620,12699973,924
2014-04-22,10000002,11399,7048.8,7048.83,6921,1460183,402
2014-04-23,10000002,34,5.31,5.39,5.3,21218353247,2211
2014-04-23,10000002,35,12.53,12.87,12.47,2863923696,1555
2014-04-23,10000002,36,50.72,50.99,49.85,1071038888,1460
2014-04-23,10000002,37,135.04,137.03,134.75,222682995,1130
2014-04-23,10000002,38,747.31,760,747.03,72207608,1208
2014-04-23,10000002,39,710,710,710,40203178,924
2014-04-23,10000002,40,1618.01,1618.01,1618.01,12342709,813
2014-04-23,10000002,11399,7049,7095.94,6906,1877427,362
2014-04-24,10000002,34,5.32,5.35,5.3,20076902554,2026
2014-04-24,10000002,35,12.49,12.54,12.47,4308073475,1404
2014-04-24,10000002,36,49.94,50.59,49.25,987878182,1240
2014-04-24,10000002,37,134.76,136.58,134.65,209734259,987
2014-04-24,10000002,38,745.02,753.4,730.14,59251767,1091
2014-04-24,10000002,39,710.04,725.35,710,27414897,794
2014-04-24,10000002,40,1580.13,1618,1573.58,10316362,752
2014-04-24,10000002,11399,7049.98,7049.98,7049.98,1490277,353
2014-04-25,10000002,34,5.31,5.33,5.3,15868819267,1527
2014-04-25,10000002,35,12.19,12.38,12.14,3847841031,944
2014-04-25,10000002,36,49.42,49.89,49.38,671558229,842
2014-04-25,10000002,37,134.96,134.98,134.81,174965176,696
2014-04-25,10000002,38,734,741.99,730.2,29325694,663
2014-04-25,10000002,39,724.86,724.86,711.26,10148009,518
2014-04-25,10000002,40,1591.03,1616.95,1584.02,4775428,468
2014-04-25,10000002,11399,6901.12,7074.98,6900.02,829759,149
2014-04-26,10000002,34,5.35,5.38,5.32,19751825240,1647
2014-04-26,10000002,35,12.38,12.42,12.33,1719092600,1010
2014-04-26,10000002,36,49.81,49.82,49.58,808581766,864
2014-04-26,10000002,37,134.87,135.08,134.87,150325309,687
2014-04-26,10000002,38,738.74,738.9,732,47263281,687
2014-04-26,10000002,39,724.94,725,724.94,13348170,504
2014-04-26,10000002,40,1600,1617.06,1600,5697812,453
2014-04-26,10000002,11399,7094.81,7094.81,7094.81,299179,123
2014-04-27,10000002,34,5.42,5.49,5.34,19717966122,1761
2014-04-27,10000002,35,12.47,12.56,12.44,3170129303,1165
2014-04-27,10000002,36,49.87,50.42,49.8,1143967825,1074
2014-04-27,10000002,37,134.86,135.01,134.82,125066554,816
2014-04-27,10000002,38,738,739.99,736.12,26201277,798
2014-04-27,10000002,39,723.88,723.92,723.85,14202243,651
2014-04-27,10000002,40,1635.56,1635.56,1635.56,9937827,594
2014-04-27,10000002,11399,6903.56,7096.09,6862.05,569474,153
2014-04-28,10000002,34,5.44,5.8,5.37,12689875544,1749
2014-04-28,10000002,35,12.72,12.85,12.52,3724851227,1145
2014-04-28,10000002,36,50.12,51,49.89,788365747,1008
2014-04-28,10000002,37,135.9,135.91,135,150921206,834
2014-04-28,10000002,38,740,742.01,739.68,57113285,864
2014-04-28,10000002,39,725.4,725.55,724.99,15786022,675
2014-04-28,10000002,40,1635.56,1638,1631.05,7069018,614
2014-04-28,10000002,11399,7096.01,7096.03,6878.01,961918,217
2014-04-29,10000002,34,5.48,5.62,5.46,18378100109,2417
2014-04-29,10000002,35,12.58,12.9,12.53,4361061145,1702
2014-04-29,10000002,36,51,52,49.89,1731722545,1578
2014-04-29,10000002,37,135.39,135.85,134.63,455483517,1255
2014-04-29,10000002,38,740.24,744.95,740.18,94294666,1269
2014-04-29,10000002,39,723.05,725.55,719.25,35436516,986
2014-04-29,10000002,40,1615.05,1641.91,1610.19,16460874,910
2014-04-29,10000002,11399,6828.04,7095.16,6750,2635263,375
2014-04-30,10000002,34,5.52,5.62,5.49,39687759232,2736
2014-04-30,10000002,35,12.57,12.71,12.54,8317047151,1893
2014-04-30,10000002,36,50.07,50.41,49.97,2951307740,1796
2014-04-30,10000002,37,134.74,135.82,134.63,473830220,1443
2014-04-30,10000002,38,742,744.88,741.16,133186275,1444
2014-04-30,10000002,39,719.04,725.9,710.02,48717055,1110
2014-04-30,10000002,40,1610.15,1644.57,1608.07,24496345,1046
2014-04-30,10000002,11399,6762.14,7081,6522.16,3062343,427
2014-05-01,10000002,34,5.59,5.68,5.5,31483686046,3030
2014-05-01,10000002,35,12.51,12.6,12.46,7648539074,1990
2014-05-01,10000002,36,49.94,50.58,48.98,2399818304,1832
2014-05-01,10000002,37,131.47,134.18,131.23,506296953,1396
2014-05-01,10000002,38,741.43,743.93,741.23,159988307,1552
2014-05-01,10000002,39,707.51,710.13,695,52723966,1175
2014-05-01,10000002,40,1604.1,1619.98,1560,26822997,1073
2014-05-01,10000002,11399,6900,7077.37,6601.05,2420516,427
2014-05-02,10000002,34,5.51,5.59,5.47,28792081138,2646
2014-05-02,10000002,35,12.33,12.37,12.18,4359964377,1688
2014-05-02,10000002,36,48.87,49.13,48.53,2314423825,1592
2014-05-02,10000002,37,133,133.84,131.19,375242263,1247
2014-05-02,10000002,38,735.39,740.66,731.2,91888575,1341
2014-05-02,10000002,39,700,716.46,692.49,25289657,1006
2014-05-02,10000002,40,1574.99,1613.85,1560.07,15899532,916
2014-05-02,10000002,11399,6999.89,7051.92,6899.98,1487329,358
2014-05-03,10000002,34,5.6,5.68,5.51,49263223812,3000
2014-05-03,10000002,35,12.53,12.7,12.49,8415417527,2057
2014-05-03,10000002,36,51,52,49.27,2703963714,1919
2014-05-03,10000002,37,135,137.1,130.31,594516289,1468
2014-05-03,10000002,38,743.98,745.9,731.27,164594716,1518
2014-05-03,10000002,39,710,714.95,685.43,44175718,1192
2014-05-03,10000002,40,1588,1600,1537.01,25654253,1057
2014-05-03,10000002,11399,7029,7051.77,7019.7,4072823,414
2014-05-04,10000002,34,5.54,5.6,5.44,26598395580,3221
2014-05-04,10000002,35,12.7,12.75,12.62,6048122300,2213
2014-05-04,10000002,36,50.1,50.48,49.8,1927211323,1933
2014-05-04,10000002,37,132,133.21,131.18,321003695,1525
2014-05-04,10000002,38,734.89,740.99,729.51,92574910,1627
2014-05-04,10000002,39,685.07,703.95,681.13,39344009,1297
2014-05-04,10000002,40,1544,1579.99,1543.56,21435476,1131
2014-05-04,10000002,11399,6666.7,7052.4,6650.28,2714930,453
2014-05-05,10000002,34,5.52,5.57,5.48,28767840484,2961
2014-05-05,10000002,35,12.62,12.65,12.56,4950525911,2020
2014-05-05,10000002,36,50.17,50.42,50.02,1709343241,1790
2014-05-05,10000002,37,132,133.09,131.62,271075422,1373
2014-05-05,10000002,38,738.59,745,732.45,82866974,1408
2014-05-05,10000002,39,689.04,699.99,683.01,34072227,1161
2014-05-05,10000002,40,1554.8,1582.59,1552.01,26388565,1060
2014-05-05,10000002,11399,6700,6870,6655.56,3722924,410
2014-05-06,10000002,34,5.53,5.59,5.49,24205889565,2786
2014-05-06,10000002,35,12.47,12.54,12.42,4891343955,1843
2014-05-06,10000002,36,49.95,50.13,49.52,1680335983,1691
2014-05-06,10000002,37,134.09,134.15,132.37,282798237,1358
2014-05-06,10000002,38,739.99,744.87,732.75,102005094,1460
2014-05-06,10000002,39,683,694.94,650,44114843,1153
2014-05-06,10000002,40,1571.97,1581.81,1555.01,17505564,1012
2014-05-06,10000002,11399,6660.06,6999,6656.14,4250020,405
2014-05-07,10000002,34,5.51,5.56,5.45,25127889179,2840
2014-05-07,10000002,35,12.47,12.49,12.4,4486645383,1985
2014-05-07,10000002,36,49.5,50.1,49.22,1546734723,1777
2014-05-07,10000002,37,133.96,134,132.68,323939657,1484
2014-05-07,10000002,38,742,744.44,735.22,101850568,1533
2014-05-07,10000002,39,681,691.76,670.13,31134996,1166
2014-05-07,10000002,40,1555.79,1569.94,1537,18420035,1033
2014-05-07,10000002,11399,6985.96,6993,6901.01,2337936,360
2014-05-08,10000002,34,5.58,5.63,5.45,28126040970,2823
2014-05-08,10000002,35,12.53,12.54,12.47,8432535985,2034
2014-05-08,10000002,36,50.37,50.68,49.26,2358084310,1882
2014-05-08,10000002,37,135.25,138.8,134.28,405280470,1428
2014-05-08,10000002,38,745,748.8,737.53,131465367,1504
2014-05-08,10000002,39,694.9,695,680,34074168,1161
2014-05-08,10000002,40,1565,1568.98,1561.93,20656105,1078
2014-05-08,10000002,11399,6901.03,6960,6901.01,2261103,398
2014-05-09,10000002,34,5.6,5.69,5.58,23530260103,2747
2014-05-09,10000002,35,12.46,12.53,12.44,6339656218,1796
2014-05-09,10000002,36,50.49,50.8,49.9,1896659739,1681
2014-05-09,10000002,37,139.09,139.44,136.1,444505543,1319
2014-05-09,10000002,38,744,746.89,737.12,85519119,1333
2014-05-09,10000002,39,674.01,694.8,673.48,30608303,1064
2014-05-09,10000002,40,1537.09,1559.81,1537.02,17015889,956
2014-05-09,10000002,11399,6775.07,6949.4,6774,1994979,371
2014-05-10,10000002,34,5.75,5.87,5.7,45031252819,3342
2014-05-10,10000002,35,12.59,12.6,12.57,7462955187,2263
2014-05-10,10000002,36,51.1,51.4,50.66,2568011509,2076
2014-05-10,10000002,37,139.5,140.06,138.64,585109924,1651
2014-05-10,10000002,38,746.92,749.85,744.25,99416557,1668
2014-05-10,10000002,39,694,694.89,689.75,32357831,1268
2014-05-10,10000002,40,1569,1572.97,1560,16875337,1162
2014-05-10,10000002,11399,6943.61,6944,6675.01,1852973,403
2014-05-11,10000002,34,5.75,5.79,5.7,33255468493,3629
2014-05-11,10000002,35,12.59,12.61,12.58,7929825051,2354
2014-05-11,10000002,36,50.69,50.73,50.62,3194959249,2126
2014-05-11,10000002,37,138.56,139,138.5,448547923,1656
2014-05-11,10000002,38,749.81,755.42,745.05,132856703,1813
2014-05-11,10000002,39,690.03,704.94,689.82,37093777,1307
2014-05-11,10000002,40,1580,1593.89,1565.26,18409131,1212
2014-05-11,10000002,11399,6943.62,6943.98,6805.19,2261074,414
2014-05-12,10000002,34,5.82,5.87,5.79,26992224002,2875
2014-05-12,10000002,35,12.65,12.74,12.53,7489612407,1974
2014-05-12,10000002,36,50.54,50.66,50.45,2064737901,1711
2014-05-12,10000002,37,138.29,139.72,138.19,360542541,1352
2014-05-12,10000002,38,758.39,759.87,748.05,129976419,1490
2014-05-12,10000002,39,702.98,705,685.17,29587559,1097
2014-05-12,10000002,40,1570.05,1580,1566.13,16551980,980
2014-05-12,10000002,11399,6939.96,6942.21,6684,1736245,448
2014-05-13,10000002,34,5.82,5.87,5.8,22443629534,2876
2014-05-13,10000002,35,12.59,12.65,12.4,4841176661,1944
2014-05-13,10000002,36,50.29,50.76,50.11,1416523888,1768
2014-05-13,10000002,37,140.08,141.47,139.97,303988925,1393
2014-05-13,10000002,38,755,763.6,752.27,100445869,1443
2014-05-13,10000002,39,705.86,713.6,685.67,22252975,1087
2014-05-13,10000002,40,1597.99,1608.97,1551.12,11172775,993
2014-05-13,10000002,11399,6942.32,6944.9,6942,849864,374
2014-05-14,10000002,34,5.74,5.78,5.71,24690359582,2562
2014-05-14,10000002,35,12.45,12.52,12.41,4967029080,1751
2014-05-14,10000002,36,50.4,50.8,50.27,1628312396,1599
2014-05-14,10000002,37,139.91,140.12,139.8,404872079,1275
2014-05-14,10000002,38,752.44,761.96,752.25,99734238,1346
2014-05-14,10000002,39,691.17,715.8,690.15,25701345,1041
2014-05-14,10000002,40,1588.99,1607.84,1567.01,11741844,935
2014-05-14,10000002,11399,6939,6944.9,6790.01,1847711,375
2014-05-15,10000002,34,5.73,5.8,5.71,29586754844,2613
2014-05-15,10000002,35,12.51,12.64,12.48,7074451984,1765
2014-05-15,10000002,36,50.52,50.88,50.45,2287322108,1623
2014-05-15,10000002,37,139.52,141.25,138.53,372800060,1259
2014-05-15,10000002,38,752.97,753.47,748.07,82112318,1359
2014-05-15,10000002,39,698.97,699,694.49,35032985,1050
2014-05-15,10000002,40,1589,1589,1589,10538692,864
2014-05-15,10000002,11399,6900,6938.98,6687.54,1788211,343
2014-05-16,10000002,34,5.86,5.89,5.83,25088482376,2722
2014-05-16,10000002,35,12.7,12.71,12.66,4847405963,1822
2014-05-16,10000002,36,50.95,51.38,50.87,1514895054,1666
2014-05-16,10000002,37,140.62,141.3,140.02,403141626,1334
2014-05-16,10000002,38,749.02,756,748.37,99890851,1324
2014-05-16,10000002,39,691,692,688.66,35100623,1034
2014-05-16,10000002,40,1577.44,1591.99,1575.31,14948984,940
2014-05-16,10000002,11399,6938,6938.92,6900,935046,368
2014-05-17,10000002,34,5.83,5.91,5.81,20930590363,2988
2014-05-17,10000002,35,12.36,12.5,12.2,5052564725,2069
2014-05-17,10000002,36,51,51.4,50.86,2140812605,1960
2014-05-17,10000002,37,136.93,138.93,135.01,261476340,1479
2014-05-17,10000002,38,748.33,751.7,748.02,96506498,1574
2014-05-17,10000002,39,694.99,698.97,660,43677179,1252
2014-05-17,10000002,40,1570.38,1589.98,1566.43,18992221,1102
2014-05-17,10000002,11399,6938.96,6949,6755.11,2388761,411
2014-05-18,10000002,34,5.87,5.97,5.77,32583377240,3377
2014-05-18,10000002,35,12.45,12.48,12.43,6596197863,2260
2014-05-18,10000002,36,50.52,50.73,49.94,2030274789,2061
2014-05-18,10000002,37,134.51,136.83,134.26,392136044,1662
2014-05-18,10000002,38,751.47,755.3,748.4,111627187,1772
2014-05-18,10000002,39,697.93,698,695,22400280,1312
2014-05-18,10000002,40,1592.98,1594.51,1560,15574013,1239
2014-05-18,10000002,11399,6998.9,6999.98,6692.22,1705812,441
2014-05-19,10000002,34,6,6.13,5.94,24316158028,2745
2014-05-19,10000002,35,12.43,12.5,12.38,4566582620,1771
2014-05-19,10000002,36,50.32,50.99,49.97,1835381101,1633
2014-05-19,10000002,37,136.28,136.69,134.66,364525012,1298
2014-05-19,10000002,38,752.39,755.06,752.17,99554375,1414
2014-05-19,10000002,39,693.52,702.94,686,40135118,1064
2014-05-19,10000002,40,1564.68,1600,1560,18610274,946
2014-05-19,10000002,11399,6697.74,6936.96,6697.35,3569764,425
2014-05-20,10000002,34,6.05,6.16,5.93,23326783244,2627
2014-05-20,10000002,35,12.39,12.44,12.33,3963322731,1706
2014-05-20,10000002,36,50.1,50.2,49.97,1419117198,1571
2014-05-20,10000002,37,135.11,136.97,135.03,320223990,1306
2014-05-20,10000002,38,758,759.98,749.7,90662571,1364
2014-05-20,10000002,39,703,703.82,683.01,27521033,1097
2014-05-20,10000002,40,1599,1599.99,1550.11,13044687,1029
2014-05-20,10000002,11399,6691.99,6933.99,6689.16,2046348,433
2014-05-21,10000002,34,6.06,6.14,5.94,25162151991,2564
2014-05-21,10000002,35,12.48,12.55,12.4,4749168020,1693
2014-05-21,10000002,36,50.52,50.77,50,1992943985,1662
2014-05-21,10000002,37,137.89,139.03,135.13,360834289,1324
2014-05-21,10000002,38,750.94,758.1,750.05,96051862,1394
2014-05-21,10000002,39,683.18,700,682.99,29164846,1074
2014-05-21,10000002,40,1545.33,1546.94,1545.25,18970509,983
2014-05-21,10000002,11399,6689.75,6800,6655.17,2949867,404
2014-05-22,10000002,34,6.03,6.2,5.9,22736343782,2587
2014-05-22,10000002,35,12.47,12.54,12.44,4804029037,1730
2014-05-22,10000002,36,51.49,52.26,50.15,1123550854,1463
2014-05-22,10000002,37,139.49,141,135.08,284233461,1172
2014-05-22,10000002,38,755.83,755.89,750.1,64512497,1279
2014-05-22,10000002,39,695.93,696.99,676,33129564,989
2014-05-22,10000002,40,1590,1591.91,1538.02,10744092,862
2014-05-22,10000002,11399,6935.91,6937.25,6725,1077667,322
2014-05-23,10000002,34,5.94,6,5.92,21198099562,2569
2014-05-23,10000002,35,12.44,12.45,12.39,3817546126,1829
2014-05-23,10000002,36,50.27,50.56,50.22,1616113512,1684
2014-05-23,10000002,37,136.71,137.78,136.04,320222540,1345
2014-05-23,10000002,38,754,757.88,751.11,90592824,1430
2014-05-23,10000002,39,695,695.37,672.4,29922748,1110
2014-05-23,10000002,40,1550.37,1576.97,1546.28,13239706,987
2014-05-23,10000002,11399,6923.95,6933.96,6918.9,1081305,341
2014-05-24,10000002,34,5.86,5.9,5.82,19703089491,2682
2014-05-24,10000002,35,12.27,12.36,12.23,5216832235,1905
2014-05-24,10000002,36,49.98,50.35,49.84,1466275797,1721
2014-05-24,10000002,37,135.82,140.2,135.3,404291491,1470
2014-05-24,10000002,38,751.09,757.22,747.38,119727624,1403
2014-05-24,10000002,39,688.08,696.73,675.31,27095115,1079
2014-05-24,10000002,40,1576.96,1577.01,1539.01,13671304,1010
2014-05-24,10000002,11399,6912.94,6912.97,6735.07,2143839,357
2014-05-25,10000002,34,5.88,5.93,5.84,28110143527,3122
2014-05-25,10000002,35,12.18,12.25,12.14,4666133358,2142
2014-05-25,10000002,36,49.84,50.09,49.63,1238559987,1904
2014-05-25,10000002,37,135.27,135.58,132.2,293638066,1649
2014-05-25,10000002,38,739,749.4,730,93002900,1437
2014-05-25,10000002,39,688,690.99,681.3,29290830,1113
2014-05-25,10000002,40,1570,1573.93,1541.32,11904946,949
2014-05-25,10000002,11399,6906.97,6906.99,6906.96,1691813,384
2014-05-26,10000002,34,5.98,6.08,5.83,38837125490,3077
2014-05-26,10000002,35,12.14,12.25,12.1,6843762857,1991
2014-05-26,10000002,36,49.24,49.6,48.84,1578185930,1735
2014-05-26,10000002,37,134.85,135.27,132.1,375603233,1377
2014-05-26,10000002,38,742.99,750.01,729.3,94872754,1407
2014-05-26,10000002,39,685.06,691.82,673.05,36453748,1124
2014-05-26,10000002,40,1540.77,1573.76,1540.55,17665681,966
2014-05-26,10000002,11399,6905.99,6906.99,6652.3,1635314,365
2014-05-27,10000002,34,5.95,6.06,5.91,23286070724,2623
2014-05-27,10000002,35,12.05,12.09,12.01,4563303797,1645
2014-05-27,10000002,36,49.32,49.78,48.98,1561619880,1537
2014-05-27,10000002,37,130.33,134.98,130.05,370804409,1298
2014-05-27,10000002,38,737,744.83,720.08,97507135,1252
2014-05-27,10000002,39,686.61,691.78,663.08,36582032,1030
2014-05-27,10000002,40,1568,1573.57,1536,15104388,918
2014-05-27,10000002,11399,6645,6895.99,6633.99,1877421,361
2014-05-28,10000002,34,6.04,6.08,5.99,22159592834,2452
2014-05-28,10000002,35,11.97,12.03,11.88,3132648913,1621
2014-05-28,10000002,36,49.42,49.52,48.99,990934780,1464
2014-05-28,10000002,37,134.45,134.74,134.18,260981554,1187
2014-05-28,10000002,38,736.86,737.35,732.02,83019334,1237
2014-05-28,10000002,39,686.67,689.97,668.06,37520012,979
2014-05-28,10000002,40,1531.11,1563.99,1501,19571425,884
2014-05-28,10000002,11399,6855,6859.95,6637.05,2260919,363
2014-05-29,10000002,34,6.07,6.18,5.98,28458919677,2752
2014-05-29,10000002,35,12,12.01,11.95,4870865577,1758
2014-05-29,10000002,36,49.6,50,49.51,1923007187,1689
2014-05-29,10000002,37,134.45,134.94,134.06,307101283,1268
2014-05-29,10000002,38,736.02,739.79,735.99,78263858,1411
2014-05-29,10000002,39,680.93,688.88,679.06,41907304,1065
2014-05-29,10000002,40,1541.04,1558,1521,13081303,970
2014-05-29,10000002,11399,6840,6852.98,6641.01,1810850,376
2014-05-30,10000002,34,6.2,6.23,6.09,30027198985,2756
2014-05-30,10000002,35,12.15,12.24,12.1,5917118515,1797
2014-05-30,10000002,36,49.81,50.03,49.7,2026444557,1679
2014-05-30,10000002,37,135.07,135.53,134.55,308646795,1357
2014-05-30,10000002,38,744.5,748.87,736,89618283,1386
2014-05-30,10000002,39,688.96,691.33,680.53,24768281,1035
2014-05-30,10000002,40,1554,1555.69,1505.29,14343303,988
2014-05-30,10000002,11399,6852.63,6852.64,6852.54,1283053,355
2014-05-31,10000002,34,6.09,6.19,5.98,30402477265,2833
2014-05-31,10000002,35,12.11,12.14,12.08,4941412333,1853
2014-05-31,10000002,36,49.83,49.92,49.26,1647306840,1727
2014-05-31,10000002,37,135.96,136.16,134.58,328137523,1386
2014-05-31,10000002,38,748,748.08,747,94536615,1442
2014-05-31,10000002,39,697,703,686.36,20481105,1152
2014-05-31,10000002,40,1550,1553.65,1510.4,9703461,1035
2014-05-31,10000002,11399,6800.85,6852.49,6651.89,1791543,390
2014-06-01,10000002,34,6.19,6.3,6.1,27806661040,3113
2014-06-01,10000002,35,12.13,12.17,12.1,5566965300,2041
2014-06-01,10000002,36,49.89,50.15,49.36,1533216062,1839
2014-06-01,10000002,37,136.28,137.8,132.92,379563811,1406
2014-06-01,10000002,38,744.99,747.99,730.1,119130193,1545
2014-06-01,10000002,39,695.54,704,691.33,32858435,1138
2014-06-01,10000002,40,1547.95,1550,1520.49,21647388,1126
2014-06-01,10000002,11399,6788.97,6790,6652.05,2746949,397
2014-06-02,10000002,34,6.15,6.19,6.13,28626106900,2681
2014-06-02,10000002,35,12.11,12.14,12.08,5913246764,1776
2014-06-02,10000002,36,49.44,49.76,49.42,1773580341,1673
2014-06-02,10000002,37,133.02,134.99,132.53,351683381,1330
2014-06-02,10000002,38,744,745.25,736.05,106316669,1406
2014-06-02,10000002,39,692.04,700,685.09,26207069,1069
2014-06-02,10000002,40,1521.09,1552.96,1518.96,18544709,995
2014-06-02,10000002,11399,6838.5,6845.97,6650.08,1777752,389
2014-06-03,10000002,34,6.1,6.16,6.04,21105062634,2240
2014-06-03,10000002,35,12.03,12.05,11.58,4299312367,1603
2014-06-03,10000002,36,49.38,49.44,48.81,1932048264,1478
2014-06-03,10000002,37,132.29,134.42,132.24,299257562,1181
2014-06-03,10000002,38,736.06,736.08,736.04,86619280,1232
2014-06-03,10000002,39,689.97,702,667.62,56001518,1070
2014-06-03,10000002,40,1518.86,1556.97,1497,18085742,881
2014-06-03,10000002,11399,6837.8,6838.97,6701,1657007,364
2014-06-04,10000002,34,6.21,6.33,6.18,35670587673,2871
2014-06-04,10000002,35,12.04,12.08,11.88,6604503847,1919
2014-06-04,10000002,36,48.8,49.18,48.05,2019438985,1709
2014-06-04,10000002,37,133.95,134.66,132.13,427307936,1451
2014-06-04,10000002,38,740.74,741.98,732.35,149704217,1497
2014-06-04,10000002,39,681,712.11,674.66,36009580,1158
2014-06-04,10000002,40,1531.55,1549.98,1506,18356903,1066
2014-06-04,10000002,11399,6832.65,6833,6829.9,2386450,479
2014-06-05,10000002,34,6.13,6.21,6.08,24385115737,2533
2014-06-05,10000002,35,12,12.05,11.92,5860766998,1728
2014-06-05,10000002,36,48.82,49.03,48.25,1280913679,1589
2014-06-05,10000002,37,133.7,134.42,131.67,321285996,1312
2014-06-05,10000002,38,733.85,735,718.99,107658799,1446
2014-06-05,10000002,39,689.88,704.86,668.12,26989577,1068
2014-06-05,10000002,40,1546.98,1549.95,1508,14002717,995
2014-06-05,10000002,11399,6828,6830.58,6702,1473347,426
2014-06-06,10000002,34,6.32,6.36,6.27,34379501165,2824
2014-06-06,10000002,35,12.01,12.04,11.95,5681153251,1891
2014-06-06,10000002,36,49.1,49.23,48.63,1861160143,1680
2014-06-06,10000002,37,133.9,134,131.03,314109279,1346
2014-06-06,10000002,38,735.09,738.9,718.05,89198054,1395
2014-06-06,10000002,39,675.06,687.85,669.44,29451694,1143
2014-06-06,10000002,40,1503.23,1535.71,1500,16580444,1040
2014-06-06,10000002,11399,6753,6829.81,6650.1,1601133,382
2014-06-07,10000002,34,6.25,6.3,6.16,26564504726,2805
2014-06-07,10000002,35,12.02,12.06,11.97,4609835601,1867
2014-06-07,10000002,36,49.07,49.1,48.99,1807580593,1632
2014-06-07,10000002,37,132.67,132.98,129.54,289228680,1328
2014-06-07,10000002,38,735,736.94,725.04,83087631,1388
2014-06-07,10000002,39,685,688.02,671.05,26861039,1155
2014-06-07,10000002,40,1520,1541.98,1500.05,15871672,1047
2014-06-07,10000002,11399,6555.03,6829.66,6553.03,2709841,435
2014-06-08,10000002,34,6.2,6.23,6.2,39822907896,3161
2014-06-08,10000002,35,12,12.03,11.98,6865833968,2150
2014-06-08,10000002,36,48.38,49.04,48.01,2360755311,1991
2014-06-08,10000002,37,130.99,131.31,129.83,343840181,1557
2014-06-08,10000002,38,733,735.95,723.06,124141787,1635
2014-06-08,10000002,39,683.93,685.86,670.3,37915057,1287
2014-06-08,10000002,40,1519,1541.6,1480.67,31391585,1173
2014-06-08,10000002,11399,6795,6822,6565.34,1835964,415
2014-06-09,10000002,34,6.32,6.34,6.3,32327077602,2965
2014-06-09,10000002,35,12.03,12.13,11.99,6292386436,1943
2014-06-09,10000002,36,48.26,49.57,48.09,2020622699,1702
2014-06-09,10000002,37,130.94,131.24,130.1,526729592,1382
2014-06-09,10000002,38,728.92,734.79,723.59,117742857,1436
2014-06-09,10000002,39,685.86,687.87,670.02,28429855,1167
2014-06-09,10000002,40,1502.26,1547.99,1502.06,15061933,1010
2014-06-09,10000002,11399,6777,6806,6569,1329597,392
2014-06-10,10000002,34,6.35,6.38,6.34,28366675732,2609
2014-06-10,10000002,35,11.99,12.02,11.83,4667642254,1670
2014-06-10,10000002,36,48.96,49,48.13,1466217205,1554
2014-06-10,10000002,37,130.43,131.14,130.05,435789259,1261
2014-06-10,10000002,38,732.18,733.79,725.24,102465944,1312
2014-06-10,10000002,39,685.78,686,658.07,37783634,1074
2014-06-10,10000002,40,1505.17,1536.95,1505.1,12937256,938
2014-06-10,10000002,11399,6767,6772.59,6560.05,2247619,389
2014-06-11,10000002,34,6.44,6.49,6.42,26536235979,2655
2014-06-11,10000002,35,12,12.05,11.93,4894046960,1764
2014-06-11,10000002,36,49.04,49.17,48.04,1763963857,1673
2014-06-11,10000002,37,132.21,133.9,131.86,349951921,1431
2014-06-11,10000002,38,728,731.68,723.12,97792046,1369
2014-06-11,10000002,39,658.5,682.99,657.14,38871799,1101
2014-06-11,10000002,40,1484.03,1500,1481.03,20610510,1021
2014-06-11,10000002,11399,6552.52,6764.95,6552.23,3301846,361
2014-06-12,10000002,34,6.41,6.49,6.36,21836380886,2762
2014-06-12,10000002,35,12.05,12.06,12,4196785618,1849
2014-06-12,10000002,36,49.21,49.25,48.15,1476179904,1682
2014-06-12,10000002,37,133.85,134,131,252928564,1373
2014-06-12,10000002,38,727.35,728,722.53,84342803,1433
2014-06-12,10000002,39,675.69,676.93,674.99,20099001,1057
2014-06-12,10000002,40,1481.99,1493.98,1479.46,11567242,1040
2014-06-12,10000002,11399,6765,6771,6552.23,2284592,384
2014-06-13,10000002,34,6.19,6.26,6.14,20250433517,2505
2014-06-13,10000002,35,12.03,12.06,12,5785839274,1729
2014-06-13,10000002,36,48.37,48.95,48.24,1510457472,1514
2014-06-13,10000002,37,134,134.98,132.42,333385445,1286
2014-06-13,10000002,38,723.74,727.8,721.49,96918538,1349
2014-06-13,10000002,39,657.07,675.56,656.37,45050236,1090
2014-06-13,10000002,40,1440,1493.95,1439.06,17496592,1057
2014-06-13,10000002,11399,6602.01,6772.74,6532.05,1897468,375
2014-06-14,10000002,34,6.22,6.25,6.2,29224652294,2826
2014-06-14,10000002,35,12.06,12.07,12.05,6506531837,1936
2014-06-14,10000002,36,48.69,49.15,48.5,1804253661,1754
2014-06-14,10000002,37,134.73,134.88,133.63,255594044,1403
2014-06-14,10000002,38,725.05,727,723.86,82260407,1387
2014-06-14,10000002,39,670.57,672.83,644.84,36331515,1163
2014-06-14,10000002,40,1437,1486.12,1413.07,21889767,1083
2014-06-14,10000002,11399,6421.7,6759.93,6419.79,2671575,401
2014-06-15,10000002,34,6.29,6.31,6.28,27811252156,3365
2014-06-15,10000002,35,12.05,12.09,12.03,4248035277,2352
2014-06-15,10000002,36,48.63,49.17,48.52,1902121368,2138
2014-06-15,10000002,37,133.66,134.34,132.44,296905700,1694
2014-06-15,10000002,38,724.13,727.4,724.07,90458624,1755
2014-06-15,10000002,39,671.76,671.97,652.55,28719699,1354
2014-06-15,10000002,40,1432.05,1478.99,1430,14582199,1206
2014-06-15,10000002,11399,6400.01,6688.97,6343.01,1905949,438
2014-06-16,10000002,34,6.24,6.27,6.24,21073031952,2607
2014-06-16,10000002,35,11.99,12.01,11.65,3852138971,1878
2014-06-16,10000002,36,48.74,48.95,47.52,1236273795,1710
2014-06-16,10000002,37,132.54,133.39,130.85,292967089,1390
2014-06-16,10000002,38,717,724.33,715.01,93054699,1410
2014-06-16,10000002,39,653.9,667.91,644.01,44693919,1145
2014-06-16,10000002,40,1430,1454,1414.01,25325825,1049
2014-06-16,10000002,11399,6344,6400,6305.01,3574777,438
2014-06-17,10000002,34,6.18,6.24,6.14,15059604380,2455
2014-06-17,10000002,35,11.95,11.99,11.69,2772612340,1654
2014-06-17,10000002,36,48.38,48.73,47.85,1070825760,1537
2014-06-17,10000002,37,131.06,131.9,130.65,219759768,1219
2014-06-17,10000002,38,705.26,720,701.09,63759646,1271
2014-06-17,10000002,39,635.21,646.23,626.11,46017296,1033
2014-06-17,10000002,40,1422.95,1464.79,1404.01,14300835,909
2014-06-17,10000002,11399,6582.19,6582.65,6308,1299213,351
2014-06-18,10000002,34,6.16,6.2,6.12,22298679356,2411
2014-06-18,10000002,35,11.96,11.97,11.78,3696668834,1712
2014-06-18,10000002,36,48.46,48.57,47.9,1409902139,1521
2014-06-18,10000002,37,130.4,131.4,130.36,337966421,1286
2014-06-18,10000002,38,705.46,716.36,699.2,92335281,1316
2014-06-18,10000002,39,613.12,619.19,613.12,61924689,1144
2014-06-18,10000002,40,1403.11,1403.14,1403.01,29621150,974
2014-06-18,10000002,11399,6310.3,6578.99,6308.84,3088230,385
2014-06-19,10000002,34,6.2,6.22,6.15,20916466497,2557
2014-06-19,10000002,35,11.98,12,11.9,4398988157,1754
2014-06-19,10000002,36,48.54,48.88,48.26,1780032948,1646
2014-06-19,10000002,37,132.5,132.59,131.85,303530458,1318
2014-06-19,10000002,38,711.6,713.52,704.3,85980157,1330
2014-06-19,10000002,39,627.57,630,620.11,41881257,1166
2014-06-19,10000002,40,1405.45,1436,1395,22605602,1080
2014-06-19,10000002,11399,6400,6555.6,6305.22,1750265,387
2014-06-20,10000002,34,6.22,6.26,6.18,20187670421,2500
2014-06-20,10000002,35,11.97,11.99,11.92,4585078584,1678
2014-06-20,10000002,36,48.94,49.66,48.38,1420662330,1547
2014-06-20,10000002,37,131.92,132.14,129.45,223562249,1249
2014-06-20,10000002,38,706,710.45,702.01,92543822,1323
2014-06-20,10000002,39,627.41,630,605.03,28229859,1044
2014-06-20,10000002,40,1420,1435,1395.15,22505655,989
2014-06-20,10000002,11399,6480.5,6480.8,6320.07,1500418,361
2014-06-21,10000002,34,6.26,6.27,6.25,22542495923,2650
2014-06-21,10000002,35,11.97,11.99,11.82,4435070042,1791
2014-06-21,10000002,36,49.41,49.6,49.07,1491900409,1666
2014-06-21,10000002,37,131.11,131.83,130.03,309963035,1320
2014-06-21,10000002,38,707.48,709.39,705.17,72544565,1276
2014-06-21,10000002,39,615,618.99,610.09,32571799,1163
2014-06-21,10000002,40,1413.94,1416.64,1358,15059069,1044
2014-06-21,10000002,11399,6389.54,6398,6207.05,2058429,379
2014-06-22,10000002,34,6.25,6.26,6.22,29142558205,2838
2014-06-22,10000002,35,11.83,11.96,11.75,6104214570,1999
2014-06-22,10000002,36,49.18,49.37,49,1808586517,1895
2014-06-22,10000002,37,131.36,131.49,131.13,376591714,1501
2014-06-22,10000002,38,708.32,708.33,706.66,146757727,1507
2014-06-22,10000002,39,622.95,624.92,610.17,41703319,1224
2014-06-22,10000002,40,1391.09,1418.9,1365,22616928,1154
2014-06-22,10000002,11399,6389.09,6389.09,6389.08,2586370,408
2014-06-23,10000002,34,6.22,6.23,6.21,19871326032,2487
2014-06-23,10000002,35,11.56,11.72,11.5,3095042388,1744
2014-06-23,10000002,36,48.79,48.81,48.74,1298822261,1578
2014-06-23,10000002,37,130.74,131.14,129.24,226311958,1241
2014-06-23,10000002,38,691.95,693.99,674.51,70943711,1316
2014-06-23,10000002,39,601.62,623.43,600.77,24296871,993
2014-06-23,10000002,40,1414.97,1414.99,1399.84,15494773,923
2014-06-23,10000002,11399,6389.52,6428.65,6301.07,1839954,373
2014-06-24,10000002,34,6.21,6.23,6.2,21403602189,2170
2014-06-24,10000002,35,11.71,11.79,11.66,6230031171,1564
2014-06-24,10000002,36,48.6,48.74,48.47,1533864477,1400
2014-06-24,10000002,37,130.18,131,130.02,332558346,1150
2014-06-24,10000002,38,691.47,692.83,681.05,109134840,1199
2014-06-24,10000002,39,615.77,617.9,612.99,28364764,917
2014-06-24,10000002,40,1400,1413.45,1382.29,10048008,836
2014-06-24,10000002,11399,6427.98,6428.78,6427.94,876095,291
2014-06-25,10000002,34,6.2,6.23,6.16,21151782942,2303
2014-06-25,10000002,35,11.73,11.77,11.66,4397082584,1591
2014-06-25,10000002,36,48.74,48.97,48.28,1291067659,1439
2014-06-25,10000002,37,129.4,129.51,129.38,360948108,1165
2014-06-25,10000002,38,688.98,694,682.04,100983862,1235
2014-06-25,10000002,39,618.98,619.99,606.18,42130217,1014
2014-06-25,10000002,40,1387.03,1410.9,1387,18807137,921
2014-06-25,10000002,11399,6427.87,6427.89,6381.02,1443476,313
2014-06-26,10000002,34,6.19,6.22,6.15,19214138724,2247
2014-06-26,10000002,35,11.77,11.78,11.69,3306869921,1556
2014-06-26,10000002,36,48.58,48.98,48.28,1150969197,1419
2014-06-26,10000002,37,128.06,129.29,124.37,196859094,1121
2014-06-26,10000002,38,675.22,700,663.99,108318072,1301
2014-06-26,10000002,39,608,622.8,606.18,27059821,918
2014-06-26,10000002,40,1413.92,1438,1401.4,18657476,892
2014-06-26,10000002,11399,6363.01,6427.55,6350.03,2332884,329
2014-06-27,10000002,34,6.19,6.22,6.17,19034135436,2087
2014-06-27,10000002,35,11.83,11.88,11.72,3856205069,1507
2014-06-27,10000002,36,48.78,48.97,48.29,1088626506,1385
2014-06-27,10000002,37,127.54,127.68,125.74,213644827,1091
2014-06-27,10000002,38,690.33,692.97,675.37,65657641,1095
2014-06-27,10000002,39,610.01,627.93,598.01,22791877,921
2014-06-27,10000002,40,1446.88,1446.88,1440.41,21328148,843
2014-06-27,10000002,11399,6425.97,6425.99,6302.16,1657785,318
2014-06-28,10000002,34,6.19,6.23,6.17,24965840992,2592
2014-06-28,10000002,35,11.76,11.88,11.74,6563901905,1800
2014-06-28,10000002,36,48.6,48.71,47.96,1283327812,1623
2014-06-28,10000002,37,126.54,127.09,125.14,419965406,1354
2014-06-28,10000002,38,689.1,691.79,678.7,98844439,1351
2014-06-28,10000002,39,621,621.98,597.14,37643738,1045
2014-06-28,10000002,40,1432,1436,1416.57,21129858,953
2014-06-28,10000002,11399,6304.01,6426,6303.03,2319834,355
2014-06-29,10000002,34,6.22,6.24,6.2,25390819648,2838
2014-06-29,10000002,35,11.83,11.86,11.78,6298898579,1994
2014-06-29,10000002,36,48.17,48.29,48,1781129983,1795
2014-06-29,10000002,37,128.47,128.81,125.67,299572241,1446
2014-06-29,10000002,38,689.07,690.01,688,98443720,1499
2014-06-29,10000002,39,625,629.49,602.24,22187834,1155
2014-06-29,10000002,40,1440,1453.49,1412.91,13652753,1055
2014-06-29,10000002,11399,6300.94,6300.95,6290.02,2043396,376
2014-06-30,10000002,34,6.19,6.2,6.17,20741402565,2511
2014-06-30,10000002,35,11.76,11.8,11.74,5283419485,1730
2014-06-30,10000002,36,48.15,48.27,47.7,1310405996,1549
2014-06-30,10000002,37,127.02,128.44,127,285149960,1253
2014-06-30,10000002,38,684.17,684.92,667.67,77583194,1256
2014-06-30,10000002,39,623.01,638.4,606.32,37798177,1033
2014-06-30,10000002,40,1416,1466.03,1415,18143811,942
2014-06-30,10000002,11399,6265.95,6270.99,6000,2224506,364
2014-07-01,10000002,34,6.15,6.17,6.1,20874594004,2172
2014-07-01,10000002,35,11.42,11.58,11.23,3218596894,1534
2014-07-01,10000002,36,48.03,48.1,47.47,1531015037,1396
2014-07-01,10000002,37,125,127.91,123.82,278732844,1227
2014-07-01,10000002,38,678.9,679.99,663.74,99518160,1288
2014-07-01,10000002,39,621.93,624.99,605.33,44582405,990
2014-07-01,10000002,40,1415,1449.92,1400.22,15467276,943
2014-07-01,10000002,11399,6130,6262.1,6090.1,2006186,352
2014-07-02,10000002,34,6.15,6.18,6.14,27222531283,2222
2014-07-02,10000002,35,11.51,11.58,11.47,5314403077,1594
2014-07-02,10000002,36,48.09,48.15,47.6,1854370945,1478
2014-07-02,10000002,37,127.75,128.05,124.19,377774649,1210
2014-07-02,10000002,38,683.75,684,671.5,102413104,1307
2014-07-02,10000002,39,618.99,623,606,24066740,1011
2014-07-02,10000002,40,1424.49,1446,1408.04,20201017,983
2014-07-02,10000002,11399,6003,6234.99,6002.02,3293893,325
2014-07-03,10000002,34,6.14,6.19,6.13,19127723851,2224
2014-07-03,10000002,35,11.29,11.46,11.22,3315836333,1426
2014-07-03,10000002,36,48,48.28,47.64,1251238773,1365
2014-07-03,10000002,37,124.11,128.03,123.72,261601759,1051
2014-07-03,10000002,38,671.41,683,665.24,88091264,1178
2014-07-03,10000002,39,605.34,621.04,601.15,22975738,876
2014-07-03,10000002,40,1399.99,1417.99,1392.02,12703776,834
2014-07-03,10000002,11399,6100,6232.2,6002.01,1996801,306
2014-07-04,10000002,34,6.17,6.19,6.14,25578397870,2427
2014-07-04,10000002,35,11.43,11.44,11.36,5126367149,1707
2014-07-04,10000002,36,48.33,48.45,48.22,1802525657,1641
2014-07-04,10000002,37,127.21,127.9,124,378358646,1246
2014-07-04,10000002,38,674.83,680,658.99,100556245,1284
2014-07-04,10000002,39,601.93,617.99,601.6,37346264,991
2014-07-04,10000002,40,1400,1400,1399.89,35494049,982
2014-07-04,10000002,11399,5927.88,6001.22,5925.14,1547784,364
2014-07-05,10000002,34,6.12,6.15,6.1,22106979102,2493
2014-07-05,10000002,35,11.39,11.45,11.36,4575819933,1819
2014-07-05,10000002,36,48.48,48.87,47.79,1226712645,1603
2014-07-05,10000002,37,126.57,126.81,124,309185250,1321
2014-07-05,10000002,38,675.39,679.33,666.66,111294069,1353
2014-07-05,10000002,39,601.04,614.99,583.01,41035174,1117
2014-07-05,10000002,40,1363.1,1370.12,1361.11,27036400,992
2014-07-05,10000002,11399,5950.42,6135.8,5911,3973826,376
2014-07-06,10000002,34,6.17,6.22,6.09,33272144078,2797
2014-07-06,10000002,35,11.67,11.74,11.51,5916346363,1991
2014-07-06,10000002,36,48.91,49.5,48.89,2324817246,1916
2014-07-06,10000002,37,126.77,127.13,126.75,457822003,1489
2014-07-06,10000002,38,674,679.72,667.41,120375386,1517
2014-07-06,10000002,39,594.06,608.87,591.11,40764450,1191
2014-07-06,10000002,40,1390,1391.97,1381.33,25171597,1139
2014-07-06,10000002,11399,5810,5954,5700,3689351,475
2014-07-07,10000002,34,6.12,6.16,6.09,22822843375,2485
2014-07-07,10000002,35,11.49,11.53,11.42,3817523897,1737
2014-07-07,10000002,36,48.36,48.84,47.54,1457201006,1604
2014-07-07,10000002,37,125.99,126.87,124,314951476,1247
2014-07-07,10000002,38,670,673.72,660.02,80049007,1315
2014-07-07,10000002,39,589.52,599,580,45957380,1096
2014-07-07,10000002,40,1390.49,1409.88,1359,17109030,974
2014-07-07,10000002,11399,5767.2,5799.18,5759.93,2606570,357
2014-07-08,10000002,34,6.13,6.16,6.09,21406443698,2280
2014-07-08,10000002,35,11.48,11.52,11.38,5515481506,1619
2014-07-08,10000002,36,48.71,49.1,48.05,1510565571,1504
2014-07-08,10000002,37,126.58,126.91,124.33,482061257,1228
2014-07-08,10000002,38,672.96,673.77,660.01,89776146,1269
2014-07-08,10000002,39,599.71,600.54,571.59,29139230,939
2014-07-08,10000002,40,1390.49,1410.05,1355.55,12703980,855
2014-07-08,10000002,11399,5859.29,5893.97,5758.85,1757814,350
2014-07-09,10000002,34,6.07,6.13,6.02,19349260214,2132
2014-07-09,10000002,35,11.31,11.35,11.12,3826165713,1467
2014-07-09,10000002,36,48.2,48.64,48.18,1232777164,1426
2014-07-09,10000002,37,126.54,126.73,124.53,302763749,1146
2014-07-09,10000002,38,645.93,672.13,644.06,78324201,1171
2014-07-09,10000002,39,598.9,600.7,577.1,57944924,978
2014-07-09,10000002,40,1388.97,1389.99,1363.75,23161036,869
2014-07-09,10000002,11399,5758.99,6034.99,5758.83,1739774,299
2014-07-10,10000002,34,6.07,6.09,6.06,29566158301,2235
2014-07-10,10000002,35,11.31,11.32,11.26,5885098609,1640
2014-07-10,10000002,36,48.55,48.69,48.36,1957678319,1570
2014-07-10,10000002,37,126.64,126.74,126.03,441521715,1279
2014-07-10,10000002,38,669.77,671.51,663,95030933,1307
2014-07-10,10000002,39,596.56,615,592.36,40674488,1093
2014-07-10,10000002,40,1391,1397.99,1364.32,16157081,928
2014-07-10,10000002,11399,5900,6032.99,5758.02,3432302,358
2014-07-11,10000002,34,6.06,6.11,6.05,17795412964,2236
2014-07-11,10000002,35,11.37,11.42,11.34,4536669517,1555
2014-07-11,10000002,36,48.44,48.87,48.41,1367730338,1444
2014-07-11,10000002,37,126.06,126.82,125.09,241040527,1158
2014-07-11,10000002,38,664.03,669.98,661.04,91283453,1235
2014-07-11,10000002,39,613.99,614.95,611,26393579,976
2014-07-11,10000002,40,1392.94,1392.97,1389,13956561,910
2014-07-11,10000002,11399,6030.62,6030.62,6030.45,1242422,335
2014-07-12,10000002,34,6.11,6.14,6.04,25336214495,2494
2014-07-12,10000002,35,11.4,11.46,11.2,5099687039,1704
2014-07-12,10000002,36,49.08,49.89,48.75,1758702089,1635
2014-07-12,10000002,37,125.05,126,123.12,359863616,1278
2014-07-12,10000002,38,662.05,671.06,658.02,103422679,1311
2014-07-12,10000002,39,595.04,599,592.32,42300337,1057
2014-07-12,10000002,40,1391.88,1392.85,1346.02,20568815,963
2014-07-12,10000002,11399,5944,5997.79,5712.35,2225498,419
2014-07-13,10000002,34,5.82,5.91,5.7,24259034015,2369
2014-07-13,10000002,35,11.11,11.26,11.07,3725613884,1697
2014-07-13,10000002,36,48.87,49,48.74,1418545074,1619
2014-07-13,10000002,37,124.97,125.17,123.18,265391608,1273
2014-07-13,10000002,38,661,661.69,646.12,84398090,1303
2014-07-13,10000002,39,599.96,600,580.48,41912585,1077
2014-07-13,10000002,40,1360,1389.99,1358.03,18475956,982
2014-07-13,10000002,11399,5801,5938.9,5752.1,2286010,462
2014-07-14,10000002,34,5.8,5.87,5.74,19228485917,2108
2014-07-14,10000002,35,11.08,11.12,11.03,4002402605,1494
2014-07-14,10000002,36,48.38,48.81,48.35,1250185563,1396
2014-07-14,10000002,37,124.08,124.82,123.25,298093892,1146
2014-07-14,10000002,38,654,661.22,650.08,76279962,1147
2014-07-14,10000002,39,599,605.97,585.34,29164163,925
2014-07-14,10000002,40,1384.99,1388.78,1355.39,17712125,879
2014-07-14,10000002,11399,5897,5934.49,5721.47,1871494,375
2014-07-15,10000002,34,5.78,5.81,5.72,16599426420,2128
2014-07-15,10000002,35,11.08,11.1,10.93,3576500202,1654
2014-07-15,10000002,36,48.11,48.56,47.81,1416901087,1539
2014-07-15,10000002,37,123.33,124.34,123.1,237132079,1207
2014-07-15,10000002,38,651.22,659.67,650,83464257,1255
2014-07-15,10000002,39,595,597.89,585.52,26841360,988
2014-07-15,10000002,40,1362.5,1377.49,1355.4,16885326,984
2014-07-15,10000002,11399,5720,5893.84,5718.95,2230230,378
2014-07-16,10000002,34,5.86,5.91,5.8,15163887517,2143
2014-07-16,10000002,35,11.17,11.2,11.01,3474996582,1497
2014-07-16,10000002,36,48.42,48.59,48.08,1324677453,1405
2014-07-16,10000002,37,123.86,124.24,123.31,276969930,1118
2014-07-16,10000002,38,656.7,659.69,646.72,79868594,1135
2014-07-16,10000002,39,596.9,599.98,586.31,32998539,951
2014-07-16,10000002,40,1375.21,1376.99,1356.29,12948457,836
2014-07-16,10000002,11399,5754.98,5892.93,5713.71,1453704,314
2014-07-17,10000002,34,5.79,5.82,5.73,18852500657,2125
2014-07-17,10000002,35,11,11.03,10.86,3854222769,1492
2014-07-17,10000002,36,48.14,48.3,47.6,1313929376,1400
2014-07-17,10000002,37,122.54,122.66,118.97,208662338,1144
2014-07-17,10000002,38,656.68,656.79,647.02,92773950,1176
2014-07-17,10000002,39,604.99,605.99,589.53,23509761,915
2014-07-17,10000002,40,1361.38,1374.14,1351,13566995,870
2014-07-17,10000002,11399,5755.05,5886.95,5705.07,1263349,324
2014-07-18,10000002,34,5.73,5.82,5.71,15819596986,2028
2014-07-18,10000002,35,10.88,11,10.8,3795669971,1440
2014-07-18,10000002,36,47.65,47.83,47.59,876618887,1298
2014-07-18,10000002,37,120.39,122.47,120.36,218138019,1048
2014-07-18,10000002,38,647,648.96,624.95,67211219,1120
2014-07-18,10000002,39,591,592.55,581.5,36794005,883
2014-07-18,10000002,40,1350.01,1360.85,1347.44,12168351,792
2014-07-18,10000002,11399,5800,5886.62,5682.24,1976064,281
2014-07-19,10000002,34,5.72,5.74,5.65,16326528864,2394
2014-07-19,10000002,35,10.8,10.91,10.76,4575010270,1723
2014-07-19,10000002,36,47.6,47.71,47.16,1704140874,1572
2014-07-19,10000002,37,121.74,121.91,120,293961481,1245
2014-07-19,10000002,38,640.21,647.9,627.13,69343719,1303
2014-07-19,10000002,39,593.69,600.91,572.1,26986036,1069
2014-07-19,10000002,40,1357.99,1358.99,1342.02,12300569,975
2014-07-19,10000002,11399,5796.88,5857.86,5682.24,2000108,353
2014-07-20,10000002,34,5.72,5.78,5.64,22823434943,2652
2014-07-20,10000002,35,10.43,10.47,10.3,4141208151,1894
2014-07-20,10000002,36,45.92,46.18,44.7,1463668979,1758
2014-07-20,10000002,37,119.53,120.8,119.37,301696272,1381
2014-07-20,10000002,38,632,640.96,627.59,96372615,1439
2014-07-20,10000002,39,596.99,598,588.99,41474937,1159
2014-07-20,10000002,40,1340.16,1360.92,1340.1,16110510,1061
2014-07-20,10000002,11399,5794,5795.9,5650,1467330,386
2014-07-21,10000002,34,5.51,5.58,5.42,24827181391,2224
2014-07-21,10000002,35,10.35,10.4,10.18,5623967292,1645
2014-07-21,10000002,36,45.75,46,45.23,1660258333,1432
2014-07-21,10000002,37,118.99,119.85,118.16,326515898,1200
2014-07-21,10000002,38,634,637.41,627.02,128964493,1277
2014-07-21,10000002,39,583.25,591,575.32,58187459,1044
2014-07-21,10000002,40,1340,1368,1301.08,23046453,945
2014-07-21,10000002,11399,5794.58,5858,5509.01,7364618,393
2014-07-22,10000002,34,5.37,5.45,5.23,11043171414,2074
2014-07-22,10000002,35,10.2,10.33,10.08,2244279531,1522
2014-07-22,10000002,36,45.44,45.96,44.52,828301611,1493
2014-07-22,10000002,37,118,119.75,115.54,175069962,1274
2014-07-22,10000002,38,628.49,631,622.31,40883148,1182
2014-07-22,10000002,39,566.35,580,552.1,44287849,1043
2014-07-22,10000002,40,1342.02,1362.82,1260.2,11683939,927
2014-07-22,10000002,11399,6165,6498.98,5803.07,3806381,389
2014-07-23,10000002,34,5.36,5.42,5.27,10954281260,2338
2014-07-23,10000002,35,10.21,10.28,10.06,2307313830,1654
2014-07-23,10000002,36,44.95,45.38,44.7,946848434,1478
2014-07-23,10000002,37,116.06,118.87,115,213474821,1250
2014-07-23,10000002,38,617,622.96,615.03,77624192,1294
2014-07-23,10000002,39,572.5,598.9,572.41,31926606,1080
2014-07-23,10000002,40,1304.4,1304.62,1296,24886546,1000
2014-07-23,10000002,11399,6479.97,6493.42,6200,2364630,502
2014-07-24,10000002,34,5.4,5.43,5.3,13583639316,2461
2014-07-24,10000002,35,10.27,10.31,10.1,2865385969,1801
2014-07-24,10000002,36,45.1,45.2,44.13,895642477,1630
2014-07-24,10000002,37,117.44,117.64,115,158541143,1331
2014-07-24,10000002,38,617.08,617.91,605.49,62259450,1400
2014-07-24,10000002,39,587.39,589.8,585,18225914,1108
2014-07-24,10000002,40,1337.72,1346.15,1255.63,8637486,986
2014-07-24,10000002,11399,6300,6463.96,6250.05,3356010,536
2014-07-25,10000002,34,5.5,5.54,5.45,13804737165,2360
2014-07-25,10000002,35,10.34,10.39,10.11,3696213374,1767
2014-07-25,10000002,36,45.15,45.22,44.41,1160976059,1534
2014-07-25,10000002,37,116.95,117,115.1,348563801,1277
2014-07-25,10000002,38,619.59,619.93,590.16,84702818,1366
2014-07-25,10000002,39,589.72,589.84,585,40478511,1039
2014-07-25,10000002,40,1297.98,1298.99,1280.05,21964823,990
2014-07-25,10000002,11399,6250.13,6381.99,6002.66,4025122,523
2014-07-26,10000002,34,5.51,5.59,5.44,12200242628,2571
2014-07-26,10000002,35,10.59,10.77,10.19,3388985713,1960
2014-07-26,10000002,36,44.42,45.46,44,1100995369,1674
2014-07-26,10000002,37,117.04,119.2,114.82,200737182,1348
2014-07-26,10000002,38,604.38,619,591.32,70249292,1388
2014-07-26,10000002,39,586,590.67,575.01,38086410,1163
2014-07-26,10000002,40,1291.03,1300,1260.5,24197178,1105
2014-07-26,10000002,11399,6197,6200,6010.02,4936123,585
2014-07-27,10000002,34,5.45,5.5,5.38,20880385387,2607
2014-07-27,10000002,35,10.49,10.57,10.43,4603658812,1950
2014-07-27,10000002,36,45.53,45.58,44.36,1497184789,1752
2014-07-27,10000002,37,118,119,117.23,321257922,1438
2014-07-27,10000002,38,597.01,600,594.05,119299426,1465
2014-07-27,10000002,39,571.05,580,550.1,59915775,1238
2014-07-27,10000002,40,1256.1,1279.9,1254.14,31096697,1130
2014-07-27,10000002,11399,6326.97,6329.64,6080.1,2341262,563
2014-07-28,10000002,34,5.31,5.38,5.25,12645588190,2708
2014-07-28,10000002,35,10.6,10.7,10.33,3093623685,1997
2014-07-28,10000002,36,44.96,45,44.87,936801700,1795
2014-07-28,10000002,37,118.85,119,115.78,261264091,1456
2014-07-28,10000002,38,607.93,611.91,596.85,71762854,1580
2014-07-28,10000002,39,562,564.82,549.11,36143617,1294
2014-07-28,10000002,40,1272,1275.99,1240.05,18114075,1175
2014-07-28,10000002,11399,6288.97,6320,6160.03,2568989,574
2014-07-29,10000002,34,5.38,5.43,5.27,11564516596,2451
2014-07-29,10000002,35,10.45,10.56,10.1,2640441981,1803
2014-07-29,10000002,36,45.43,45.68,44.91,918340220,1663
2014-07-29,10000002,37,118.98,118.99,117.11,158484843,1334
2014-07-29,10000002,38,630.33,636,604.48,55145960,1270
2014-07-29,10000002,39,550.05,559,537.05,35916153,1144
2014-07-29,10000002,40,1250,1265.99,1220.15,14565196,1056
2014-07-29,10000002,11399,6012.3,6264.88,6000,3370872,538
2014-07-30,10000002,34,5.3,5.38,5.22,9228938863,2334
2014-07-30,10000002,35,10.43,10.49,10.33,2249693770,1715
2014-07-30,10000002,36,45.33,45.59,44.8,699006507,1537
2014-07-30,10000002,37,116.79,116.81,116.71,139930906,1215
2014-07-30,10000002,38,629.48,629.7,611.42,54945674,1271
2014-07-30,10000002,39,554.38,554.86,549.96,31461638,1086
2014-07-30,10000002,40,1251.8,1252.69,1232.33,24639150,1062
2014-07-30,10000002,11399,6196,6196.89,6053.96,2786049,574
2014-07-31,10000002,34,5.39,5.47,5.22,13341962764,2219
2014-07-31,10000002,35,10.49,10.51,10.43,2780827044,1519
2014-07-31,10000002,36,45.57,46,45.31,804248420,1470
2014-07-31,10000002,37,115.7,116.56,113.19,285025526,1138
2014-07-31,10000002,38,610.07,629.65,590.02,92226405,1140
2014-07-31,10000002,39,531,547,529.5,48806581,1045
2014-07-31,10000002,40,1152.59,1221.88,1140.05,30227445,1041
2014-07-31,10000002,11399,5856.29,6179.4,5851.43,3998880,539
2014-08-01,10000002,34,5.33,5.44,5.27,13059833378,2199
2014-08-01,10000002,35,10.43,10.45,10.32,3093082769,1581
2014-08-01,10000002,36,46.18,48.65,45.6,1568492357,1519
2014-08-01,10000002,37,115.84,116.69,113.18,228803668,1197
2014-08-01,10000002,38,627.38,628.1,609.02,50632650,1173
2014-08-01,10000002,39,537.99,543.75,516.05,47485853,1078
2014-08-01,10000002,40,1197.99,1212.82,1175.05,17119106,956
2014-08-01,10000002,11399,6175,6176.38,5988,1632471,515
2014-08-02,10000002,34,5.2,5.29,5.1,17115853239,2349
2014-08-02,10000002,35,10.47,10.51,10.4,2996199277,1699
2014-08-02,10000002,36,47.05,47.36,45.58,1025102429,1537
2014-08-02,10000002,37,116.5,116.55,116.02,202434202,1210
2014-08-02,10000002,38,623.04,627.19,616.55,73993430,1319
2014-08-02,10000002,39,546.47,558.25,527.01,23206878,1129
2014-08-02,10000002,40,1199,1212.78,1195,18284594,1056
2014-08-02,10000002,11399,6174.99,6176.27,5978.01,1954393,513
2014-08-03,10000002,34,5.29,5.32,5.22,10404726926,2495
2014-08-03,10000002,35,10.36,10.45,10.2,3123955574,1871
2014-08-03,10000002,36,46.49,46.9,46.11,1253287864,1695
2014-08-03,10000002,37,113.33,116.53,113.19,206743816,1356
2014-08-03,10000002,38,624.9,626.93,613,66654334,1354
2014-08-03,10000002,39,551.82,553.85,546.06,21207398,1161
2014-08-03,10000002,40,1199.47,1200,1170,17042555,1122
2014-08-03,10000002,11399,6175.74,6175.8,5906.23,2746029,644
2014-08-04,10000002,34,5.27,5.3,5.25,16527947347,2202
2014-08-04,10000002,35,10.45,10.49,10.37,3150184831,1611
2014-08-04,10000002,36,46.52,46.58,46.02,1063426616,1450
2014-08-04,10000002,37,116.1,116.14,114.99,179427761,1188
2014-08-04,10000002,38,623.95,624.47,613.51,60178099,1196
2014-08-04,10000002,39,535.2,546.99,526.56,34543543,1025
2014-08-04,10000002,40,1190.02,1198.9,1168.22,11769160,924
2014-08-04,10000002,11399,6159.9,6159.92,6000,1908577,508
2014-08-05,10000002,34,5.32,5.33,5.24,12983512293,2195
2014-08-05,10000002,35,10.49,10.5,10.47,3796640941,1628
2014-08-05,10000002,36,47.45,47.63,45.94,978724981,1508
2014-08-05,10000002,37,115.9,115.94,114.52,191354082,1230
2014-08-05,10000002,38,619.88,621.97,613.1,61480764,1237
2014-08-05,10000002,39,528.99,532,521.16,45556431,1033
2014-08-05,10000002,40,1175.97,1179.94,1140.05,13226178,901
2014-08-05,10000002,11399,6096.98,6141.99,5920.8,2041722,532
2014-08-06,10000002,34,5.4,5.45,5.34,15755928736,2207
2014-08-06,10000002,35,10.49,10.51,10.38,3403276526,1645
2014-08-06,10000002,36,47.65,48.24,46.63,1207607779,1508
2014-08-06,10000002,37,116.29,116.38,115.01,214542708,1121
2014-08-06,10000002,38,619.99,624.81,607.31,79377244,1245
2014-08-06,10000002,39,532.66,532.75,522.08,33219587,959
2014-08-06,10000002,40,1164,1170.98,1158.92,16007782,881
2014-08-06,10000002,11399,6096,6142.98,6006.05,3145818,582
2014-08-07,10000002,34,5.43,5.48,5.37,8044431068,1959
2014-08-07,10000002,35,10.82,10.98,10.67,2051556001,1503
2014-08-07,10000002,36,48.74,48.88,47.12,773650386,1335
2014-08-07,10000002,37,116.23,116.76,115.31,184014645,1093
2014-08-07,10000002,38,610.5,622.94,610.02,54614284,1101
2014-08-07,10000002,39,522.34,532.56,521.21,32571449,925
2014-08-07,10000002,40,1143,1145.43,1112.11,20544167,870
2014-08-07,10000002,11399,6157.98,6176.35,6157.96,2297738,478
2014-08-08,10000002,34,5.4,5.48,5.38,8708027526,2006
2014-08-08,10000002,35,10.84,10.91,10.74,1993270087,1453
2014-08-08,10000002,36,47.99,48.41,47.31,735016103,1339
2014-08-08,10000002,37,116.3,118.21,116.04,140107930,1095
2014-08-08,10000002,38,613.03,620.82,612,52171470,1122
2014-08-08,10000002,39,520.66,530,505,23865673,914
2014-08-08,10000002,40,1139.99,1142.89,1122.99,11454550,847
2014-08-08,10000002,11399,6176.3,6176.47,6175.97,1870325,516
2014-08-09,10000002,34,5.36,5.45,5.33,13740687597,2303
2014-08-09,10000002,35,10.63,10.8,10.56,2508871206,1649
2014-08-09,10000002,36,47.4,47.97,47.3,1023369607,1563
2014-08-09,10000002,37,116.5,117.9,114.9,183047421,1255
2014-08-09,10000002,38,619.94,620.42,602.4,67113355,1289
2014-08-09,10000002,39,513.24,517.63,508.5,38120621,1124
2014-08-09,10000002,40,1119.98,1123.19,1063.11,21413647,1000
2014-08-09,10000002,11399,6320,6402.01,6200,2942013,519
2014-08-10,10000002,34,5.34,5.37,5.31,10251066600,2295
2014-08-10,10000002,35,10.64,10.72,10.58,2739642219,1680
2014-08-10,10000002,36,47.5,47.66,46.55,850965839,1519
2014-08-10,10000002,37,117.57,117.65,115.03,196745721,1237
2014-08-10,10000002,38,617.98,618.25,604,60475923,1248
2014-08-10,10000002,39,502.8,504.09,499.99,46978131,1100
2014-08-10,10000002,40,1096,1114.99,1070.21,19429152,961
2014-08-10,10000002,11399,6400.95,6439.97,6394,2034002,619
2014-08-11,10000002,34,5.39,5.4,5.33,11637463361,2072
2014-08-11,10000002,35,10.85,10.88,10.64,2789483243,1502
2014-08-11,10000002,36,47.68,47.72,47.25,1461679330,1408
2014-08-11,10000002,37,116.65,116.68,115.01,187035366,1193
2014-08-11,10000002,38,609.99,618.06,605.27,56944591,1118
2014-08-11,10000002,39,501.23,508.9,497,24578266,944
2014-08-11,10000002,40,1091.76,1094.93,1070,24444218,917
2014-08-11,10000002,11399,6262.04,6270.01,6260.24,3512589,545
2014-08-12,10000002,34,5.38,5.4,5.31,9058348696,1634
2014-08-12,10000002,35,10.87,10.89,10.65,2676982127,1219
2014-08-12,10000002,36,48.15,48.81,48.03,1134479590,1124
2014-08-12,10000002,37,116.6,117.66,116.54,195439131,846
2014-08-12,10000002,38,617.9,618,609.99,77218599,875
2014-08-12,10000002,39,503.99,505.39,503.99,36074489,742
2014-08-12,10000002,40,1089.91,1091.63,1089.74,21577455,702
2014-08-12,10000002,11399,6020,6389.41,6016.1,2059409,438
2014-08-13,10000002,34,5.3,5.41,5.28,9832880822,2228
2014-08-13,10000002,35,10.82,10.85,10.53,2115465091,1634
2014-08-13,10000002,36,48.71,48.98,47.72,856548150,1578
2014-08-13,10000002,37,116.46,117.55,115.4,154978568,1189
2014-08-13,10000002,38,609.97,617,605.26,57138450,1196
2014-08-13,10000002,39,499.97,500.99,489.98,26961205,1039
2014-08-13,10000002,40,1089.96,1091.6,1087.99,15202601,902
2014-08-13,10000002,11399,6389.27,6389.36,6369.28,1571689,498
2014-08-14,10000002,34,5.33,5.39,5.29,13128433862,2082
2014-08-14,10000002,35,10.78,10.81,10.54,3474879515,1428
2014-08-14,10000002,36,49.25,49.82,48.2,997529493,1386
2014-08-14,10000002,37,116.96,117,115.51,182954377,1081
2014-08-14,10000002,38,605.02,613.83,600.91,59030724,1045
2014-08-14,10000002,39,489.36,498.38,476,42777218,916
2014-08-14,10000002,40,1048.56,1061.38,1027.07,24074947,867
2014-08-14,10000002,11399,6348.99,6386.58,6071.05,2418369,544
2014-08-15,10000002,34,5.35,5.41,5.32,11626657015,2037
2014-08-15,10000002,35,10.78,10.82,10.6,2476896203,1482
2014-08-15,10000002,36,49.62,49.77,48.81,1157624172,1408
2014-08-15,10000002,37,117.46,117.67,117.36,203040050,1080
2014-08-15,10000002,38,613.99,618.09,613.72,60640424,1140
2014-08-15,10000002,39,484.37,486.9,480.45,36640758,1006
2014-08-15,10000002,40,1069.95,1075.74,1056.01,13038912,838
2014-08-15,10000002,11399,6298.5,6298.96,6101.71,1929614,582
2014-08-16,10000002,34,5.39,5.43,5.33,13554586911,2195
2014-08-16,10000002,35,10.71,10.83,10.64,2277557209,1563
2014-08-16,10000002,36,49.05,49.49,48.99,849111658,1457
2014-08-16,10000002,37,116.17,117.59,116.14,192900947,1150
2014-08-16,10000002,38,608.2,614.99,606.87,65826664,1185
2014-08-16,10000002,39,484.4,487.01,472.77,53321883,1043
2014-08-16,10000002,40,1057.2,1069.93,1032.47,17000024,890
2014-08-16,10000002,11399,6200.02,6297.91,6200,2855054,536
2014-08-17,10000002,34,5.38,5.4,5.31,15247198141,2440
2014-08-17,10000002,35,10.72,10.8,10.49,3804913608,1795
2014-08-17,10000002,36,49.39,49.84,48.67,1058766806,1667
2014-08-17,10000002,37,117.99,118.99,117.58,228407715,1275
2014-08-17,10000002,38,615.05,619.95,602.24,81566121,1335
2014-08-17,10000002,39,479.65,492,469,33470669,1214
2014-08-17,10000002,40,1026.01,1047.94,1013.08,20130122,1051
2014-08-17,10000002,11399,6198,6297.55,6100,2952832,612
2014-08-18,10000002,34,5.38,5.42,5.3,11632210905,1996
2014-08-18,10000002,35,10.59,10.71,10.48,2896377104,1507
2014-08-18,10000002,36,49.89,49.94,49.3,1489984031,1443
2014-08-18,10000002,37,119,119.34,117.83,184281888,1120
2014-08-18,10000002,38,636.5,637.7,622.85,79952970,1196
2014-08-18,10000002,39,494.98,496.88,492,31369735,979
2014-08-18,10000002,40,1021.71,1029.08,1013,18237255,955
2014-08-18,10000002,11399,6136.17,6139,6000.12,2899833,655
2014-08-19,10000002,34,5.37,5.39,5.32,10229873296,2052
2014-08-19,10000002,35,10.63,10.67,10.51,2727705697,1516
2014-08-19,10000002,36,49.88,50,49.17,1610152663,1450
2014-08-19,10000002,37,119.29,119.35,118.98,240638331,1128
2014-08-19,10000002,38,634.97,637.25,622.25,99240897,1128
2014-08-19,10000002,39,487,489.92,480.23,36858413,947
2014-08-19,10000002,40,1001.11,1014.92,976.48,23579998,882
2014-08-19,10000002,11399,6024.98,6049.98,5936.99,2676665,494
2014-08-20,10000002,34,5.31,5.38,5.29,13097816147,2027
2014-08-20,10000002,35,10.6,10.69,10.5,2581566613,1512
2014-08-20,10000002,36,51.33,52.3,51.05,1152982836,1446
2014-08-20,10000002,37,119.39,120.8,118.21,168262255,1078
2014-08-20,10000002,38,630.11,638.43,630.02,60297320,1146
2014-08-20,10000002,39,483.74,484.95,476,30128329,944
2014-08-20,10000002,40,982.48,988,965,22551711,853
2014-08-20,10000002,11399,6111.75,6112,6110.99,1503905,536
2014-08-21,10000002,34,5.36,5.37,5.32,8533648000,1575
2014-08-21,10000002,35,10.66,10.7,10.55,2175193563,1174
2014-08-21,10000002,36,52.5,53,51.79,692635558,1108
2014-08-21,10000002,37,118.58,122.3,118.24,162346971,871
2014-08-21,10000002,38,636.89,638.75,623.35,53902382,904
2014-08-21,10000002,39,474.98,479.97,466.11,31329143,777
2014-08-21,10000002,40,973.36,980,965.3,15847544,682
2014-08-21,10000002,11399,6111.79,6115,5950,1667281,454
2014-08-22,10000002,34,5.38,5.4,5.32,11327164707,1765
2014-08-22,10000002,35,10.7,10.78,10.63,1879236638,1268
2014-08-22,10000002,36,53.37,53.71,52.02,1194363606,1254
2014-08-22,10000002,37,119.86,122.37,119.4,213197854,983
2014-08-22,10000002,38,641,642.99,627.1,50540656,949
2014-08-22,10000002,39,464,469.14,460,50948969,863
2014-08-22,10000002,40,962.3,967.47,959.04,13462513,776
2014-08-22,10000002,11399,6127.84,6135.49,5940.4,1901542,457
2014-08-23,10000002,34,5.37,5.39,5.29,12438051614,2213
2014-08-23,10000002,35,10.83,10.87,10.72,2854364238,1614
2014-08-23,10000002,36,52.5,53.19,51.69,956829448,1490
2014-08-23,10000002,37,122.18,122.34,120.22,185322128,1199
2014-08-23,10000002,38,656.78,689.99,647,80951344,1269
2014-08-23,10000002,39,469.37,471.52,463.01,46430367,1071
2014-08-23,10000002,40,967.44,968.99,960,16412239,941
2014-08-23,10000002,11399,6135.5,6135.98,6002.03,2057592,557
2014-08-24,10000002,34,5.37,5.41,5.3,15371245450,2261
2014-08-24,10000002,35,11.36,11.49,11.19,3558093453,1753
2014-08-24,10000002,36,53.6,53.82,52.35,1307020649,1689
2014-08-24,10000002,37,122.71,123.79,121.79,238247734,1332
2014-08-24,10000002,38,656.06,659.79,654.28,83038420,1312
2014-08-24,10000002,39,463,472.93,462.05,58335480,1100
2014-08-24,10000002,40,930,956,929,38073388,1078
2014-08-24,10000002,11399,6136.75,6137,6000.03,2580741,608
2014-08-25,10000002,34,5.37,5.41,5.31,11962039891,2235
2014-08-25,10000002,35,11.14,11.3,11.04,2881856124,1649
2014-08-25,10000002,36,53.99,54.88,53.12,1549436626,1647
2014-08-25,10000002,37,122.19,123.67,121.99,283541151,1235
2014-08-25,10000002,38,658.8,659.88,642.47,96368664,1309
2014-08-25,10000002,39,468.27,470,467.02,56994916,1070
2014-08-25,10000002,40,950.1,972,932.87,26830588,932
2014-08-25,10000002,11399,6099.98,6142.89,6002.03,2033884,535
2014-08-26,10000002,34,5.38,5.42,5.29,12931803923,1789
2014-08-26,10000002,35,11.1,11.21,11.06,2286478886,1203
2014-08-26,10000002,36,56.11,57.87,55.3,777980995,1147
2014-08-26,10000002,37,124.59,127.73,123.01,111570740,903
2014-08-26,10000002,38,666.5,684.98,645.28,41825184,925
2014-08-26,10000002,39,462.06,467,462.05,22365324,781
2014-08-26,10000002,40,941,961.94,932.75,11825884,697
2014-08-26,10000002,11399,6127.81,6137.82,6020,1779869,463
2014-08-27,10000002,34,5.34,5.4,5.32,9381844993,1982
2014-08-27,10000002,35,11.24,11.31,11.17,1837543942,1408
2014-08-27,10000002,36,57.26,57.68,56.25,869149966,1335
2014-08-27,10000002,37,127.32,127.36,125.12,154805771,1048
2014-08-27,10000002,38,667.99,672.57,653.21,48196211,1075
2014-08-27,10000002,39,457.02,467.59,450.01,32159533,932
2014-08-27,10000002,40,950,957.99,933.26,19561176,846
2014-08-27,10000002,11399,5955.09,6045.81,5940.12,2700279,504
2014-08-28,10000002,34,5.39,5.4,5.35,9290907812,1947
2014-08-28,10000002,35,11.21,11.23,11.08,2547956156,1437
2014-08-28,10000002,36,57.27,57.62,57.03,1309916795,1404
2014-08-28,10000002,37,127.35,127.89,125.2,146438117,1139
2014-08-28,10000002,38,669.87,673.94,665.14,97339034,1098
2014-08-28,10000002,39,448.87,455.3,424.71,50968291,998
2014-08-28,10000002,40,932.61,955.96,932.3,20854127,858
2014-08-28,10000002,11399,6043.95,6045,5850,1818732,425
2014-08-29,10000002,34,5.3,5.34,5.27,11367874425,1940
2014-08-29,10000002,35,11.03,11.14,10.95,2465827696,1437
2014-08-29,10000002,36,58.32,58.39,57.43,1115395782,1276
2014-08-29,10000002,37,126.91,127.8,126.88,156596758,1012
2014-08-29,10000002,38,676,681,675.02,71662030,1062
2014-08-29,10000002,39,426.96,441.13,425.01,54091991,943
2014-08-29,10000002,40,912.93,925,903,32442571,843
2014-08-29,10000002,11399,5920,6030.95,5832.32,3477246,467
2014-08-30,10000002,34,5.31,5.34,5.25,12156042414,2141
2014-08-30,10000002,35,11,11.05,10.86,2767799257,1560
2014-08-30,10000002,36,58.05,58.54,57.81,1256698102,1530
2014-08-30,10000002,37,127.2,127.75,127.07,331270732,1270
2014-08-30,10000002,38,685,688.81,683.03,70355358,1239
2014-08-30,10000002,39,425.86,426,424.92,48815242,1102
2014-08-30,10000002,40,928.95,928.96,927.96,32327691,924
2014-08-30,10000002,11399,5900,5955.04,5900,2819471,520
2014-08-31,10000002,34,5.33,5.35,5.24,13720239866,2391
2014-08-31,10000002,35,11.01,11.03,10.88,2810759350,1811
2014-08-31,10000002,36,57.66,57.94,56.47,1635178811,1643
2014-08-31,10000002,37,127.18,127.94,127.07,262532952,1296
2014-08-31,10000002,38,690,691.13,685.06,88511212,1280
2014-08-31,10000002,39,415.55,429.97,411.01,46096820,1141
2014-08-31,10000002,40,911.56,925,908,24487798,977
2014-08-31,10000002,11399,5843.26,5899.95,5831.2,3533063,564
2014-09-01,10000002,34,5.36,5.43,5.28,11801125334,2038
2014-09-01,10000002,35,11.04,11.08,10.95,2726851845,1488
2014-09-01,10000002,36,56.33,57.87,55.54,1437235496,1347
2014-09-01,10000002,37,127.13,128.32,126.89,216142923,1076
2014-09-01,10000002,38,712.66,712.76,692.11,70484441,1060
2014-09-01,10000002,39,420.06,429.84,412,47227666,956
2014-09-01,10000002,40,925.97,925.99,906.11,24208939,819
2014-09-01,10000002,11399,5889.99,5897.79,5751.1,2985887,511
2014-09-02,10000002,34,5.34,5.36,5.28,9975747463,1927
2014-09-02,10000002,35,11.11,11.26,11.06,2398998333,1368
2014-09-02,10000002,36,57.76,57.96,57.5,1118668454,1321
2014-09-02,10000002,37,127.2,127.89,123.22,182455143,1051
2014-09-02,10000002,38,689.34,693.5,688.92,69773993,1058
2014-09-02,10000002,39,411,424,406.01,61508366,968
2014-09-02,10000002,40,910.04,924.23,905,16883836,798
2014-09-02,10000002,11399,5798.94,5800,5798.93,1659988,479
2014-09-03,10000002,34,5.3,5.38,5.28,8345826827,1796
2014-09-03,10000002,35,11.16,11.23,10.99,2155416143,1396
2014-09-03,10000002,36,58.48,58.72,57.72,986780273,1277
2014-09-03,10000002,37,127.39,128,124.03,213898310,1030
2014-09-03,10000002,38,685.32,688.94,676.06,62443645,1044
2014-09-03,10000002,39,424.94,425.3,414.34,43133879,904
2014-09-03,10000002,40,925.32,925.39,915,11559994,754
2014-09-03,10000002,11399,5752.26,5752.27,5752.2,2973221,562
2014-09-04,10000002,34,5.32,5.36,5.28,10132495894,1802
2014-09-04,10000002,35,11,11.12,10.98,2754626071,1362
2014-09-04,10000002,36,58.95,59.9,58.09,1343648516,1327
2014-09-04,10000002,37,128,128.18,126.02,155574136,1014
2014-09-04,10000002,38,684.99,697,676.03,49952433,1035
2014-09-04,10000002,39,422,423.99,417,22823646,894
2014-09-04,10000002,40,924,925,912.03,15337637,783
2014-09-04,10000002,11399,5745.02,5751.99,5650.09,1886130,488
2014-09-05,10000002,34,5.35,5.36,5.27,9841854993,1822
2014-09-05,10000002,35,11.05,11.14,10.93,2024529530,1371
2014-09-05,10000002,36,60.28,60.44,59.97,1161391758,1336
2014-09-05,10000002,37,128.13,128.15,127.09,242332764,1037
2014-09-05,10000002,38,690.94,696.81,675.82,69752003,1045
2014-09-05,10000002,39,418.02,424,414.63,34756559,902
2014-09-05,10000002,40,912.22,923.99,912.07,18789996,793
2014-09-05,10000002,11399,5749.99,5752.26,5748.97,2818175,548
2014-09-06,10000002,34,5.3,5.38,5.27,12714491235,2120
2014-09-06,10000002,35,10.9,11.05,10.83,3678742684,1525
2014-09-06,10000002,36,61.27,61.78,59.09,1168038784,1409
2014-09-06,10000002,37,127.34,127.96,127.15,216562119,1129
2014-09-06,10000002,38,676.5,689.99,676.01,68649853,1142
2014-09-06,10000002,39,467.98,477.99,431.97,133802781,1076
2014-09-06,10000002,40,924.97,924.99,918,38018991,906
2014-09-06,10000002,11399,5798.91,5957.98,5752.26,1888238,527
2014-09-07,10000002,34,5.38,5.4,5.35,12974787057,2480
2014-09-07,10000002,35,11.09,11.14,11,3151211781,1679
2014-09-07,10000002,36,61.89,62.8,60.96,1595858962,1692
2014-09-07,10000002,37,127.49,127.69,126.3,241985353,1222
2014-09-07,10000002,38,696.75,697.98,679.81,74833997,1229
2014-09-07,10000002,39,450.5,450.58,446.02,36550974,1054
2014-09-07,10000002,40,910.02,930,907.08,17266169,918
2014-09-07,10000002,11399,5956.99,6013.91,5800,2179655,574
2014-09-08,10000002,34,5.34,5.47,5.3,13705316176,1776
2014-09-08,10000002,35,11.06,11.19,10.98,2753586310,1358
2014-09-08,10000002,36,62.29,62.79,61,1204367491,1275
2014-09-08,10000002,37,127.71,128.04,125.12,250422218,998
2014-09-08,10000002,38,682,698.89,679.81,85661319,1024
2014-09-08,10000002,39,446.25,449,446,39756083,836
2014-09-08,10000002,40,913.09,925.24,909.05,18773307,772
2014-09-08,10000002,11399,5718.58,5993.67,5718.02,2866335,504
2014-09-09,10000002,34,5.39,5.46,5.29,9134893327,1723
2014-09-09,10000002,35,10.97,11.21,10.92,2773799093,1322
2014-09-09,10000002,36,63.05,63.21,61.24,1994124850,1295
2014-09-09,10000002,37,127.98,128.08,125.55,242180091,1058
2014-09-09,10000002,38,692.5,698.46,680.08,48512356,1019
2014-09-09,10000002,39,435.2,440.13,429,39525310,839
2014-09-09,10000002,40,903.52,941.72,903.3,25898446,784
2014-09-09,10000002,11399,5774.9,5992.23,5762.05,2425591,484
2014-09-10,10000002,34,5.38,5.45,5.35,6651569991,1769
2014-09-10,10000002,35,10.88,11.11,10.68,2659616582,1292
2014-09-10,10000002,36,62.11,63.33,61.51,1015281505,1228
2014-09-10,10000002,37,124.71,125.05,122.13,183033087,967
2014-09-10,10000002,38,677.07,698.43,676,62858434,978
2014-09-10,10000002,39,418.51,428.81,418,42810695,821
2014-09-10,10000002,40,900,910.01,900,16425096,727
2014-09-10,10000002,11399,5991.89,5991.9,5771.08,1779870,434
2014-09-11,10000002,34,5.44,5.48,5.38,8147338425,1863
2014-09-11,10000002,35,11.06,11.13,10.81,1968059023,1402
2014-09-11,10000002,36,61.55,62,59.52,959899102,1306
2014-09-11,10000002,37,125,127.47,122.5,161069580,1085
2014-09-11,10000002,38,676.02,687.99,675.5,46754019,1061
2014-09-11,10000002,39,427,428.22,415,76652156,918
2014-09-11,10000002,40,921,923.49,902,25278664,866
2014-09-11,10000002,11399,5989,5991.65,5800.12,2157494,519
2014-09-12,10000002,34,5.35,5.45,5.32,10549259297,1792
2014-09-12,10000002,35,11.01,11.11,10.82,1652488716,1250
2014-09-12,10000002,36,60.7,61.82,60.41,743133448,1197
2014-09-12,10000002,37,125,127.2,123.37,156763773,962
2014-09-12,10000002,38,676.04,679.99,651.18,55944331,939
2014-09-12,10000002,39,417.28,428.82,417.01,39907205,898
2014-09-12,10000002,40,905.03,912.3,859.55,17518716,790
2014-09-12,10000002,11399,5900.01,5992.29,5805.11,1807709,461
2014-09-13,10000002,34,5.41,5.48,5.31,9408246021,2136
2014-09-13,10000002,35,11.12,11.14,11.03,2994767174,1638
2014-09-13,10000002,36,61.92,62.2,60.43,1071521247,1570
2014-09-13,10000002,37,127.06,127.2,124.55,226958397,1230
2014-09-13,10000002,38,679.93,679.95,656.57,92177406,1252
2014-09-13,10000002,39,420.4,440.17,420.05,48198270,1061
2014-09-13,10000002,40,872.14,914.98,871.78,28392668,922
2014-09-13,10000002,11399,5992.3,5992.33,5876.3,2434524,539
2014-09-14,10000002,34,5.43,5.47,5.39,9385610951,2174
2014-09-14,10000002,35,11.16,11.31,11.13,2744708864,1607
2014-09-14,10000002,36,62.69,63.53,61.08,1443991715,1560
2014-09-14,10000002,37,127.21,128.6,124.34,417064992,1313
2014-09-14,10000002,38,667.96,689.96,649.15,82652627,1257
2014-09-14,10000002,39,444.3,454.73,433.09,89934485,1091
2014-09-14,10000002,40,889.03,900,881,26379642,888
2014-09-14,10000002,11399,5994,5996.73,5910.02,3145754,580
2014-09-15,10000002,34,5.31,5.33,5.3,8535536009,1803
2014-09-15,10000002,35,11.1,11.13,11.08,3177593794,1300
2014-09-15,10000002,36,62.2,63.02,61.27,939836928,1273
2014-09-15,10000002,37,126.71,129.44,126.45,196896883,977
2014-09-15,10000002,38,652.7,660,652.39,87780334,1050
2014-09-15,10000002,39,427,435.01,425.99,51570979,866
2014-09-15,10000002,40,883.11,883.12,883.01,31884235,804
2014-09-15,10000002,11399,5878.03,5878.05,5878.01,4694770,484
2014-09-16,10000002,34,5.33,5.35,5.31,11561924919,1669
2014-09-16,10000002,35,11.01,11.07,10.97,2378522671,1203
2014-09-16,10000002,36,61.86,62.26,61.8,868105152,1132
2014-09-16,10000002,37,126.99,129.01,126.99,182187982,921
2014-09-16,10000002,38,648.03,657.88,630.38,83048810,986
2014-09-16,10000002,39,439.32,440.08,439.32,57485603,878
2014-09-16,10000002,40,881.24,893.58,881.18,20328927,758
2014-09-16,10000002,11399,5999.93,5999.99,5800.08,2855282,466
2014-09-17,10000002,34,5.39,5.4,5.37,12061899580,1693
2014-09-17,10000002,35,11.2,11.26,11.14,3543090187,1292
2014-09-17,10000002,36,62.1,63.79,61.81,1003439456,1260
2014-09-17,10000002,37,129.15,129.15,129.14,172128747,941
2014-09-17,10000002,38,657.59,660,655.32,54451318,979
2014-09-17,10000002,39,430,447.85,429.31,37527146,803
2014-09-17,10000002,40,880.04,884.99,861.69,23291582,745
2014-09-17,10000002,11399,5806.05,6013.47,5806.04,2150841,441
2014-09-18,10000002,34,5.41,5.44,5.39,12520556274,1789
2014-09-18,10000002,35,11.29,11.39,11.16,2478985100,1212
2014-09-18,10000002,36,62.66,63.47,62.01,818402452,1141
2014-09-18,10000002,37,128.73,129.09,127.03,169317345,926
2014-09-18,10000002,38,644.05,659.99,643.05,76980166,955
2014-09-18,10000002,39,436.53,444,436.02,56103796,819
2014-09-18,10000002,40,865,876.97,860,23693144,749
2014-09-18,10000002,11399,5898.99,6012.22,5806.13,2541863,503
2014-09-19,10000002,34,5.47,5.5,5.33,10931090265,1768
2014-09-19,10000002,35,11.37,11.45,11.09,1805880405,1167
2014-09-19,10000002,36,63.91,64.61,63.12,1090421341,1172
2014-09-19,10000002,37,128.85,128.92,127.04,147212056,972
2014-09-19,10000002,38,650.06,659.93,649.75,70159735,930
2014-09-19,10000002,39,444.33,447.32,436.76,39827311,835
2014-09-19,10000002,40,859.6,870.96,858.82,33126638,792
2014-09-19,10000002,11399,5851.02,5999.89,5810,2637499,498
2014-09-20,10000002,34,5.48,5.5,5.38,11031049751,2001
2014-09-20,10000002,35,11.48,11.5,11.42,4455790090,1507
2014-09-20,10000002,36,64.78,64.93,63.35,1096842699,1390
2014-09-20,10000002,37,129.39,130,128.21,212278462,1164
2014-09-20,10000002,38,661,674.99,645.64,80223278,1177
2014-09-20,10000002,39,443.56,449,440.2,48744801,1053
2014-09-20,10000002,40,857.97,868,836.03,25919306,926
2014-09-20,10000002,11399,5850,5997.97,5806.15,3461428,522
2014-09-21,10000002,34,5.46,5.49,5.4,9614944368,2037
2014-09-21,10000002,35,11.48,11.52,11.35,2889175263,1481
2014-09-21,10000002,36,64.73,65,63.73,1322528353,1480
2014-09-21,10000002,37,132.53,132.65,128.69,265687220,1183
2014-09-21,10000002,38,666.89,669.87,649.95,88063397,1140
2014-09-21,10000002,39,474.99,478.16,464.69,32646270,1008
2014-09-21,10000002,40,849.98,854.97,833.29,21129901,906
2014-09-21,10000002,11399,5800,6009.99,5770.3,4543279,548
2014-09-22,10000002,34,5.4,5.49,5.36,13884361322,1859
2014-09-22,10000002,35,11.38,11.5,11.3,2209064694,1361
2014-09-22,10000002,36,65.14,65.44,64.21,1260215159,1346
2014-09-22,10000002,37,129.32,132.89,129.14,242370052,1029
2014-09-22,10000002,38,650.23,671.89,647.1,64987251,994
2014-09-22,10000002,39,464.06,464.97,464.05,30807915,896
2014-09-22,10000002,40,852.88,853.39,838.07,20992962,776
2014-09-22,10000002,11399,5800.18,5900,5770.1,3468490,546
2014-09-23,10000002,34,5.43,5.49,5.39,9901054602,1753
2014-09-23,10000002,35,11.35,11.39,11.12,1598983644,1269
2014-09-23,10000002,36,66,66.39,65.48,1239686597,1296
2014-09-23,10000002,37,134.47,134.91,129.96,226796779,1037
2014-09-23,10000002,38,669.51,673.87,650.21,91144548,1076
2014-09-23,10000002,39,464.1,469.65,464.04,62306467,889
2014-09-23,10000002,40,838,852.19,824.4,31240629,796
2014-09-23,10000002,11399,5721.04,5942.13,5720,2506772,476
2014-09-24,10000002,34,5.55,5.61,5.4,7580324892,1706
2014-09-24,10000002,35,11.48,11.5,11.17,1935669133,1227
2014-09-24,10000002,36,69.39,69.95,66.47,1483494170,1221
2014-09-24,10000002,37,134.76,134.81,131.08,169718924,942
2014-09-24,10000002,38,674,678.93,666.7,52209062,926
2014-09-24,10000002,39,465.08,465.1,465.07,33629016,771
2014-09-24,10000002,40,847.85,850,824.49,16903158,677
2014-09-24,10000002,11399,5280.44,5875,5277.3,2364104,424
2014-09-25,10000002,34,5.56,5.61,5.55,11451175366,1857
2014-09-25,10000002,35,11.48,11.49,11.44,2049580509,1371
2014-09-25,10000002,36,74.82,77.98,70.1,1154184574,1372
2014-09-25,10000002,37,134.4,134.49,131.49,179413639,1027
2014-09-25,10000002,38,666.89,674.9,666.79,55553452,1005
2014-09-25,10000002,39,465,466.15,464.03,40719110,832
2014-09-25,10000002,40,822,833.03,819.27,25814320,735
2014-09-25,10000002,11399,5500,5787.98,5400.03,3112770,501
2014-09-26,10000002,34,5.46,5.55,5.43,11574115315,1655
2014-09-26,10000002,35,11.35,11.4,11.35,1538021810,1159
2014-09-26,10000002,36,75.08,75.1,74.96,850745397,1148
2014-09-26,10000002,37,134.17,134.33,131.66,147041498,910
2014-09-26,10000002,38,651.03,664.81,645.59,50584528,914
2014-09-26,10000002,39,467.98,468,455.16,28120694,788
2014-09-26,10000002,40,818,829.97,812.68,12943728,724
2014-09-26,10000002,11399,5600.01,5638.1,5600,2493221,513
2014-09-27,10000002,34,5.4,5.48,5.39,11791303731,1911
2014-09-27,10000002,35,11.31,11.33,11.31,2932374737,1342
2014-09-27,10000002,36,70.81,72.26,70.72,1072258743,1267
2014-09-27,10000002,37,131.82,134.52,131.8,197022452,1012
2014-09-27,10000002,38,631.75,658.76,631.6,99798429,1065
2014-09-27,10000002,39,455.27,462.89,455.18,30692677,853
2014-09-27,10000002,40,819,827,815.01,21496340,775
2014-09-27,10000002,11399,5400,5400.88,5400,5032295,586
2014-09-28,10000002,34,5.4,5.48,5.38,12667135663,2209
2014-09-28,10000002,35,11.42,11.5,11.29,3647987603,1639
2014-09-28,10000002,36,70.59,70.65,69.14,1281373500,1529
2014-09-28,10000002,37,131.99,133.96,131.02,275584324,1226
2014-09-28,10000002,38,638.9,640,630,69625593,1233
2014-09-28,10000002,39,442.99,458.9,431.05,44161547,1065
2014-09-28,10000002,40,811.08,824.99,811.03,15579137,919
2014-09-28,10000002,11399,5281.24,5581.89,5280.55,6028568,614
2014-09-29,10000002,34,5.47,5.49,5.4,6422449079,1639
2014-09-29,10000002,35,11.49,11.5,11.48,1854442212,1169
2014-09-29,10000002,36,69.45,70.93,68.15,883858152,1129
2014-09-29,10000002,37,130.19,131.26,130.01,164020865,857
2014-09-29,10000002,38,635.3,638.2,627.99,58529261,913
2014-09-29,10000002,39,432.07,441,431.07,39211286,763
2014-09-29,10000002,40,810.01,822.99,808.14,20496397,699
2014-09-29,10000002,11399,5574.09,5574.96,5283.18,1630340,438
2014-09-30,10000002,34,5.49,5.5,5.44,8969516710,1526
2014-09-30,10000002,35,11.38,11.48,11.35,2711951833,1141
2014-09-30,10000002,36,70,70.9,68.72,807983828,1045
2014-09-30,10000002,37,130.05,130.99,128.1,240703432,830
2014-09-30,10000002,38,621.48,641.99,621.06,68995281,858
2014-09-30,10000002,39,436.07,442.98,433.04,39560634,711
2014-09-30,10000002,40,808.22,809.04,808.17,20339356,631
2014-09-30,10000002,11399,5289.04,5376,5282.76,3438103,435
2014-10-01,10000002,34,5.49,5.61,5.48,10840539361,1726
2014-10-01,10000002,35,11.48,11.5,11.31,2830977428,1224
2014-10-01,10000002,36,72.18,74.28,69.62,1291548264,1282
2014-10-01,10000002,37,130.94,131.09,128.12,226525379,907
2014-10-01,10000002,38,621.23,627.96,616.01,119508902,1025
2014-10-01,10000002,39,433.12,453.98,431.06,65471228,761
2014-10-01,10000002,40,812.99,813,808.08,24395809,694
2014-10-01,10000002,11399,4970,5014.25,4800,3640157,462
2014-10-02,10000002,34,5.47,5.57,5.44,8019680426,1725
2014-10-02,10000002,35,11.12,11.39,11.1,2074173704,1261
2014-10-02,10000002,36,71,71.44,69.9,779984076,1173
2014-10-02,10000002,37,128,128.5,125,144796834,898
2014-10-02,10000002,38,616.03,630.97,611.72,55975564,972
2014-10-02,10000002,39,447,455,442.81,23054837,754
2014-10-02,10000002,40,814,815,806.01,20614472,732
2014-10-02,10000002,11399,4700,4895,4650.03,5281636,494
2014-10-03,10000002,34,5.46,5.58,5.44,11039055927,1858
2014-10-03,10000002,35,11.39,11.48,11.15,2011017464,1329
2014-10-03,10000002,36,70.47,71.09,69.93,824400814,1266
2014-10-03,10000002,37,126,128.24,123.77,103925510,955
2014-10-03,10000002,38,625.06,640,620,78874112,997
2014-10-03,10000002,39,451,455.99,449,58974496,896
2014-10-03,10000002,40,822.92,829.99,815,35645159,815
2014-10-03,10000002,11399,4972.92,4974,4972.89,5712702,554
2014-10-04,10000002,34,5.46,5.5,5.43,11964839000,2063
2014-10-04,10000002,35,11.24,11.3,11.14,2727999419,1502
2014-10-04,10000002,36,69.99,70.15,69.25,973496086,1382
2014-10-04,10000002,37,126.95,127,125.7,199184129,1085
2014-10-04,10000002,38,627.99,634.97,625.03,65590882,1058
2014-10-04,10000002,39,455,464,448.8,88677804,959
2014-10-04,10000002,40,844.88,852.45,840,48451791,858
2014-10-04,10000002,11399,5149,5229,5105.52,4324200,566
2014-10-05,10000002,34,5.48,5.5,5.43,12179560833,2224
2014-10-05,10000002,35,11.35,11.42,11.26,2809170971,1649
2014-10-05,10000002,36,69.9,69.93,69.36,933209333,1440
2014-10-05,10000002,37,125.74,128,125.63,244109999,1182
2014-10-05,10000002,38,634.89,637.79,626.07,71705125,1226
2014-10-05,10000002,39,452.45,470,450.17,62251094,1020
2014-10-05,10000002,40,861.02,874.01,860.05,38753792,916
2014-10-05,10000002,11399,5201.11,5545,5200.11,3149848,575
2014-10-06,10000002,34,5.53,5.54,5.47,11558176515,1985
2014-10-06,10000002,35,11.45,11.5,11.22,2941816931,1445
2014-10-06,10000002,36,70.49,70.8,69.59,946369469,1360
2014-10-06,10000002,37,128.12,128.74,125.93,238041933,1070
2014-10-06,10000002,38,625,633,622.27,74763840,1086
2014-10-06,10000002,39,478.48,487.7,470.01,65812361,924
2014-10-06,10000002,40,870.99,871,861.02,39409061,807
2014-10-06,10000002,11399,5550,5561.95,5351.01,4289329,552
2014-10-07,10000002,34,5.55,5.61,5.5,15251307675,1835
2014-10-07,10000002,35,11.5,11.51,11.32,3974712011,1375
2014-10-07,10000002,36,71.35,73.24,71.01,1078184088,1387
2014-10-07,10000002,37,126.24,129.33,126.22,250947448,954
2014-10-07,10000002,38,629.97,636.99,623.4,89173439,1016
2014-10-07,10000002,39,470,473.01,460.07,57705768,797
2014-10-07,10000002,40,861.09,861.11,859,29115014,753
2014-10-07,10000002,11399,5410,5420,5302,3178711,483
2014-10-08,10000002,34,5.51,5.58,5.45,10235833952,1709
2014-10-08,10000002,35,11.3,11.32,11.28,1808990139,1222
2014-10-08,10000002,36,71.43,72.17,71.4,904374898,1156
2014-10-08,10000002,37,128.89,129.02,126.21,211546568,904
2014-10-08,10000002,38,625.01,635.74,623.4,78455658,953
2014-10-08,10000002,39,461.5,463.99,460.06,25297962,726
2014-10-08,10000002,40,856.99,856.99,853.97,14738474,680
2014-10-08,10000002,11399,5414,5424.9,5225.23,1893312,475
2014-10-09,10000002,34,5.53,5.58,5.47,13070837708,1824
2014-10-09,10000002,35,11.26,11.32,11.25,3522093273,1243
2014-10-09,10000002,36,74.78,75.3,72.15,1274595296,1238
2014-10-09,10000002,37,126.55,128.74,126.21,203464928,908
2014-10-09,10000002,38,625,627.98,579.85,67009361,975
2014-10-09,10000002,39,456,459.86,446.28,76903611,803
2014-10-09,10000002,40,840.16,842,835.33,28204358,667
2014-10-09,10000002,11399,5227,5328,5216.15,3109867,501
2014-10-10,10000002,34,5.49,5.57,5.44,12875202112,1710
2014-10-10,10000002,35,11.26,11.39,11.07,2044925861,1249
2014-10-10,10000002,36,72.17,74.25,71.12,761974320,1149
2014-10-10,10000002,37,126.17,126.2,124,213943044,920
2014-10-10,10000002,38,595.89,610,585.67,54888065,948
2014-10-10,10000002,39,454,457,445.57,60622490,801
2014-10-10,10000002,40,834,834.57,831.06,23174699,688
2014-10-10,10000002,11399,4796,4973.53,4752,3845764,494
2014-10-11,10000002,34,5.51,5.53,5.46,10122357991,2024
2014-10-11,10000002,35,11.29,11.4,11.22,2456027514,1459
2014-10-11,10000002,36,72.7,73.04,72.2,950459325,1439
2014-10-11,10000002,37,121.99,126.34,121.05,233298386,1120
2014-10-11,10000002,38,585.18,591.99,575,167774017,1278
2014-10-11,10000002,39,459.95,460,453.01,88397006,948
2014-10-11,10000002,40,807.99,831.06,805.21,57654181,882
2014-10-11,10000002,11399,4616,4624.95,4611.45,8428714,626
2014-10-12,10000002,34,5.58,5.61,5.55,12374422863,2190
2014-10-12,10000002,35,11.38,11.41,11.24,2579451742,1523
2014-10-12,10000002,36,73.37,74.4,72.44,982827418,1491
2014-10-12,10000002,37,125.6,125.97,120.41,178732377,1086
2014-10-12,10000002,38,590.97,591.99,577.51,49902765,1122
2014-10-12,10000002,39,462.99,471,453.21,27283182,950
2014-10-12,10000002,40,791.02,795.01,791,32118209,901
2014-10-12,10000002,11399,4303,4370,4151.06,4727726,637
2014-10-13,10000002,34,5.57,5.62,5.53,10307106850,1822
2014-10-13,10000002,35,11.38,11.41,11.24,2311379903,1283
2014-10-13,10000002,36,73.13,73.2,72.11,1024890668,1224
2014-10-13,10000002,37,123,125.32,121.87,161449021,933
2014-10-13,10000002,38,595.99,600.98,591.99,55486850,980
2014-10-13,10000002,39,454.02,457.99,451.3,42748998,794
2014-10-13,10000002,40,790.97,799.99,780,29546703,757
2014-10-13,10000002,11399,4152.12,4199.99,4050,5241916,492
2014-10-14,10000002,34,5.53,5.58,5.48,10308307822,1677
2014-10-14,10000002,35,11.28,11.33,11.15,2109654323,1175
2014-10-14,10000002,36,71.98,72.73,71.95,1160707452,1083
2014-10-14,10000002,37,125.19,125.33,123,158378483,889
2014-10-14,10000002,38,612,623.99,610.03,83626707,931
2014-10-14,10000002,39,453.21,457.99,453.16,70281360,801
2014-10-14,10000002,40,782.99,785.04,764.45,41650925,679
2014-10-14,10000002,11399,4185,4194,4109.5,6152274,522
2014-10-15,10000002,34,5.55,5.58,5.45,12071957971,1667
2014-10-15,10000002,35,11.2,11.23,11.11,2873473887,1140
2014-10-15,10000002,36,71.73,71.95,71.18,974585857,1108
2014-10-15,10000002,37,124.98,125.16,123.18,305005763,874
2014-10-15,10000002,38,610.26,619.91,610.07,85655954,826
2014-10-15,10000002,39,451.86,452.09,451.62,36965864,734
2014-10-15,10000002,40,781.76,784,776.02,25431514,685
2014-10-15,10000002,11399,4359.94,4420,4100.01,2928998,466
2014-10-16,10000002,34,5.47,5.55,5.41,7649868427,1626
2014-10-16,10000002,35,11.06,11.25,11,2576579796,1196
2014-10-16,10000002,36,70.37,72.36,68.55,971787819,1134
2014-10-16,10000002,37,122.88,123.44,118.22,201276917,948
2014-10-16,10000002,38,591.04,600,587.3,75102809,922
2014-10-16,10000002,39,449.13,451.57,444.45,46313788,809
2014-10-16,10000002,40,770,775.99,765.85,26675712,674
2014-10-16,10000002,11399,4380.01,4400,4370.9,3164881,504
2014-10-17,10000002,34,5.46,5.56,5.45,11259645249,1756
2014-10-17,10000002,35,11.08,11.12,10.98,2088626351,1237
2014-10-17,10000002,36,69.72,69.99,68.97,734174136,1170
2014-10-17,10000002,37,119.88,119.91,119,167804548,979
2014-10-17,10000002,38,584.98,598.44,580,108487558,939
2014-10-17,10000002,39,440,447.84,435.03,36558925,814
2014-10-17,10000002,40,765.86,767,765.85,17036961,732
2014-10-17,10000002,11399,4371.05,4483,4350,3112094,473
2014-10-18,10000002,34,5.51,5.54,5.46,12925536177,2147
2014-10-18,10000002,35,10.94,11.09,10.89,3037499457,1481
2014-10-18,10000002,36,71.57,71.73,70.16,809961892,1364
2014-10-18,10000002,37,118.97,118.98,118,154993412,1089
2014-10-18,10000002,38,582,584,577.99,52725485,1082
2014-10-18,10000002,39,435,440,434.12,66634498,944
2014-10-18,10000002,40,764,765,752.17,18888924,805
2014-10-18,10000002,11399,4499.97,4499.97,4499.97,5672472,510
2014-10-19,10000002,34,5.48,5.55,5.43,13866506798,2316
2014-10-19,10000002,35,10.98,11.19,10.89,3384615315,1655
2014-10-19,10000002,36,71.6,71.97,70.54,1147336479,1510
2014-10-19,10000002,37,116.5,118.91,116.28,239146078,1242
2014-10-19,10000002,38,583.96,583.99,578.4,67697465,1195
2014-10-19,10000002,39,448.95,450,439.02,65273443,1016
2014-10-19,10000002,40,768.84,773,759.99,26854387,958
2014-10-19,10000002,11399,5244.94,5245,5000.12,4828091,518
2014-10-20,10000002,34,5.53,5.55,5.5,11430195304,2019
2014-10-20,10000002,35,11.04,11.17,11,2625747035,1476
2014-10-20,10000002,36,70.89,71.96,70.65,901893190,1342
2014-10-20,10000002,37,118,118.88,116.45,203218370,1082
2014-10-20,10000002,38,599.78,600,583.86,64051547,1071
2014-10-20,10000002,39,446,456.99,442.15,25962552,951
2014-10-20,10000002,40,757.01,772.99,756.81,9395611,829
2014-10-20,10000002,11399,4755.98,4948.5,4626.18,3986643,494
2014-10-21,10000002,34,5.5,5.5,5.49,8655125843,1869
2014-10-21,10000002,35,10.98,11.12,10.92,1581979417,1342
2014-10-21,10000002,36,71.26,71.9,70.26,715619067,1317
2014-10-21,10000002,37,118,118.58,116.53,131692273,1052
2014-10-21,10000002,38,590.02,598.41,583.85,47383960,995
2014-10-21,10000002,39,442.25,449.93,441.5,33297557,847
2014-10-21,10000002,40,759.85,770.94,756.81,13183773,763
2014-10-21,10000002,11399,4690,4699.99,4611,2223855,439
2014-10-22,10000002,34,5.5,5.53,5.42,9166774536,1857
2014-10-22,10000002,35,11,11.07,11,2591818537,1355
2014-10-22,10000002,36,71.97,72.28,69.95,640981265,1256
2014-10-22,10000002,37,118.5,118.5,118.49,184622449,1060
2014-10-22,10000002,38,590,595,586.54,43331577,983
2014-10-22,10000002,39,450.14,457,441.28,16945703,837
2014-10-22,10000002,40,769.21,770.92,760.02,13421412,756
2014-10-22,10000002,11399,4847,4848,4780.11,1765609,413
2014-10-23,10000002,34,5.54,5.56,5.47,11889511146,2006
2014-10-23,10000002,35,10.96,10.99,10.92,2113203252,1392
2014-10-23,10000002,36,69.89,71.29,69.84,797166585,1314
2014-10-23,10000002,37,118.12,119.16,118.06,178945595,1063
2014-10-23,10000002,38,586.63,590.02,586.51,94160770,1033
2014-10-23,10000002,39,455.22,456.6,455.07,34454611,829
2014-10-23,10000002,40,760,764,755.09,25458055,781
2014-10-23,10000002,11399,4920,5099,4848,1990147,420
2014-10-24,10000002,34,5.56,5.61,5.47,11449260792,1921
2014-10-24,10000002,35,11.05,11.06,11,2619734521,1430
2014-10-24,10000002,36,70.03,71.17,69.93,750216496,1233
2014-10-24,10000002,37,119.02,121.82,118.2,183256871,1001
2014-10-24,10000002,38,580.88,584,572.35,55915920,958
2014-10-24,10000002,39,456.83,458.99,456.68,41813489,830
2014-10-24,10000002,40,757,760,754.34,17222522,728
2014-10-24,10000002,11399,4951.03,5000.05,4950.05,2208039,424
2014-10-25,10000002,34,5.6,5.66,5.51,10979265898,2087
2014-10-25,10000002,35,11.27,11.29,11.1,2606540519,1478
2014-10-25,10000002,36,70.89,71.59,69.17,1097349971,1383
2014-10-25,10000002,37,120,125.35,118.07,174517367,1047
2014-10-25,10000002,38,555.55,576,552.34,127419706,1052
2014-10-25,10000002,39,458.15,465.5,457.12,51438098,945
2014-10-25,10000002,40,755.81,762.99,755.78,29021306,852
2014-10-25,10000002,11399,4921,4978,4785.13,2510737,494
2014-10-26,10000002,34,5.66,5.78,5.6,13986878657,2553
2014-10-26,10000002,35,11.3,11.36,11.13,2845598102,1755
2014-10-26,10000002,36,70,70.99,69.4,904299977,1607
2014-10-26,10000002,37,120.95,124.87,117.32,177600288,1291
2014-10-26,10000002,38,573.64,577.95,557.49,78093368,1275
2014-10-26,10000002,39,456.83,456.83,456.83,54195576,1021
2014-10-26,10000002,40,754.12,759.98,754.06,35509737,943
2014-10-26,10000002,11399,4700,4850,4695.98,3227869,516
2014-10-27,10000002,34,5.71,5.83,5.68,14510989613,1975
2014-10-27,10000002,35,11.11,11.24,11.04,3715403858,1418
2014-10-27,10000002,36,69.44,70.59,68.73,949417346,1293
2014-10-27,10000002,37,122.14,124.99,120.88,227046336,1065
2014-10-27,10000002,38,569.93,576.99,557.24,63206990,1029
2014-10-27,10000002,39,445.75,449,445.27,33672121,853
2014-10-27,10000002,40,744.46,744.46,744,28836083,758
2014-10-27,10000002,11399,4694,4697,4591.85,1959170,419
2014-10-28,10000002,34,5.65,5.78,5.62,13256462532,1813
2014-10-28,10000002,35,11.12,11.26,11.07,3072761830,1333
2014-10-28,10000002,36,70.27,70.39,68.99,1227994930,1250
2014-10-28,10000002,37,121.06,125.06,120.73,209095974,971
2014-10-28,10000002,38,576.87,577.95,560.03,75366654,996
2014-10-28,10000002,39,445.32,445.98,440,39110037,807
2014-10-28,10000002,40,740.9,743.14,720,19339591,724
2014-10-28,10000002,11399,4502,4797.69,4500,3469105,450
2014-10-29,10000002,34,5.48,5.61,5.43,11246050970,1870
2014-10-29,10000002,35,11.09,11.18,11.02,3426836537,1416
2014-10-29,10000002,36,69.98,70.2,68.24,937299300,1326
2014-10-29,10000002,37,119.75,122,118.21,201081790,1047
2014-10-29,10000002,38,559.97,564,552.38,69845849,1015
2014-10-29,10000002,39,443.99,445.71,435.13,66475034,880
2014-10-29,10000002,40,740.88,742,727.01,24641295,783
2014-10-29,10000002,11399,4788.91,4794.95,4560.52,2283117,384
2014-10-30,10000002,34,5.62,5.69,5.51,14610354056,1947
2014-10-30,10000002,35,10.95,11.09,10.92,2637755131,1373
2014-10-30,10000002,36,69,69.71,68.14,932825701,1317
2014-10-30,10000002,37,120.01,122,118.32,189052213,1007
2014-10-30,10000002,38,549,551.25,537.02,65741845,1030
2014-10-30,10000002,39,434.04,440.87,433.17,40161410,859
2014-10-30,10000002,40,728.25,742.89,728.2,19648315,751
2014-10-30,10000002,11399,4500,4729.98,4416.07,2920711,418
2014-10-31,10000002,34,5.5,5.62,5.45,16935147479,1977
2014-10-31,10000002,35,10.97,11.01,10.87,2296008317,1395
2014-10-31,10000002,36,68.99,69.48,68.08,1025421900,1304
2014-10-31,10000002,37,122.15,122.34,118.14,159302640,1086
2014-10-31,10000002,38,549.98,559.99,536,68476599,1085
2014-10-31,10000002,39,437,440.86,435.04,33633810,867
2014-10-31,10000002,40,716.15,738,716.02,17230486,811
2014-10-31,10000002,11399,4560.02,4736.95,4520,3637025,471
2014-11-01,10000002,34,5.5,5.56,5.41,10705199830,2154
2014-11-01,10000002,35,11.07,11.14,10.89,2467320575,1641
2014-11-01,10000002,36,69.41,69.48,68.31,861875074,1408
2014-11-01,10000002,37,122.2,122.28,118.01,206908858,1117
2014-11-01,10000002,38,532.11,549.95,532,66406812,1155
2014-11-01,10000002,39,430,435.02,430,65148081,929
2014-11-01,10000002,40,716.24,732.22,716,22493809,785
2014-11-01,10000002,11399,4722.93,4724.99,4486,3010954,502
2014-11-02,10000002,34,5.49,5.53,5.45,12214346718,2402
2014-11-02,10000002,35,10.98,11.08,10.83,3395580149,1759
2014-11-02,10000002,36,68.57,69.24,68.16,1048354323,1606
2014-11-02,10000002,37,120,121.94,118.9,225216966,1247
2014-11-02,10000002,38,538.89,548.99,531,77866131,1265
2014-11-02,10000002,39,434.96,438.38,423,54223066,1066
2014-11-02,10000002,40,714.44,723.96,713.05,24010355,970
2014-11-02,10000002,11399,4722.85,4722.87,4696.99,2279335,545
2014-11-03,10000002,34,5.5,5.57,5.47,13683140941,2234
2014-11-03,10000002,35,10.97,11.14,10.89,4076927169,1649
2014-11-03,10000002,36,69.17,69.34,68.44,1240351733,1534
2014-11-03,10000002,37,120.09,122,119.19,192070970,1179
2014-11-03,10000002,38,547.43,548,540,73721110,1210
2014-11-03,10000002,39,434.97,435,417.48,38535104,1022
2014-11-03,10000002,40,714.98,721.99,700,18628995,898
2014-11-03,10000002,11399,4697,4699,4536.11,1640924,452
2014-11-04,10000002,34,5.5,5.57,5.48,13555014603,2214
2014-11-04,10000002,35,10.87,10.98,10.78,2526215187,1534
2014-11-04,10000002,36,68.09,68.46,68,872275571,1410
2014-11-04,10000002,37,119.76,122.21,119.12,225550651,1193
2014-11-04,10000002,38,538,548,536.11,61075634,1190
2014-11-04,10000002,39,417.48,433.49,415.29,45762909,1066
2014-11-04,10000002,40,682.06,715,652.01,22222108,1000
2014-11-04,10000002,11399,4719,4719.99,4540.15,3148435,469
2014-11-05,10000002,34,5.51,5.58,5.45,14340989771,2191
2014-11-05,10000002,35,10.94,11,10.87,3149590785,1582
2014-11-05,10000002,36,66.69,67.9,66.5,853222708,1354
2014-11-05,10000002,37,120,122.14,119,187917888,1221
2014-11-05,10000002,38,535,542.65,529,59385370,1137
2014-11-05,10000002,39,428.94,429.96,414.28,26071637,1014
2014-11-05,10000002,40,709.48,712.03,700,21049618,944
2014-11-05,10000002,11399,4721,4722.95,4514.89,2058140,461
2014-11-06,10000002,34,5.5,5.57,5.46,13958524732,2032
2014-11-06,10000002,35,10.99,11.13,10.76,2503985582,1390
2014-11-06,10000002,36,64.35,65.5,63.16,1469976366,1287
2014-11-06,10000002,37,117.21,119.61,116.82,197829553,1080
2014-11-06,10000002,38,529.99,531.84,518.28,68943964,1060
2014-11-06,10000002,39,414.31,427.78,413.24,26895114,955
2014-11-06,10000002,40,703.12,710,702.29,13882952,894
2014-11-06,10000002,11399,4700,4722,4699.97,1873641,484
2014-11-07,10000002,34,5.48,5.56,5.47,10317848636,2159
2014-11-07,10000002,35,11.06,11.08,11.02,2098322480,1517
2014-11-07,10000002,36,63.24,64.91,62.1,853037865,1377
2014-11-07,10000002,37,117.19,119.54,113.08,187495255,1159
2014-11-07,10000002,38,528.66,530.94,518.49,56809181,1112
2014-11-07,10000002,39,426.99,427,416.37,40116507,932
2014-11-07,10000002,40,716.94,717.92,708,17265317,871
2014-11-07,10000002,11399,4898.98,4898.99,4798.99,1878853,458
2014-11-08,10000002,34,5.5,5.56,5.45,12411089185,2416
2014-11-08,10000002,35,11.09,11.14,11.04,2816791154,1731
2014-11-08,10000002,36,62.74,63.28,62.47,1171546332,1548
2014-11-08,10000002,37,118.93,119.27,113.56,165730278,1276
2014-11-08,10000002,38,529,530.91,528,53330061,1268
2014-11-08,10000002,39,426.99,427.99,425,46491473,1052
2014-11-08,10000002,40,716,716.97,716,32177039,992
2014-11-08,10000002,11399,4897.96,4898,4700,3814902,542
2014-11-09,10000002,34,5.48,5.53,5.45,13495706379,2641
2014-11-09,10000002,35,11.15,11.24,11.07,3897671024,1929
2014-11-09,10000002,36,61.97,62.98,60.83,847775168,1711
2014-11-09,10000002,37,118.62,118.72,117.09,201770891,1468
2014-11-09,10000002,38,536.25,542.39,529.25,55350122,1374
2014-11-09,10000002,39,430.94,432.68,422.27,26021794,1216
2014-11-09,10000002,40,712,720.01,711.5,16261054,1093
2014-11-09,10000002,11399,4800.04,4899.8,4702.13,2090504,500
2014-11-10,10000002,34,5.55,5.56,5.53,13317197682,2134
2014-11-10,10000002,35,11.1,11.18,11.04,2038145775,1483
2014-11-10,10000002,36,62.49,62.66,60.66,1141300037,1370
2014-11-10,10000002,37,118.75,118.87,117.08,194578516,1125
2014-11-10,10000002,38,536.2,539.98,528.88,61682219,1093
2014-11-10,10000002,39,431,449.98,430.9,76935086,974
2014-11-10,10000002,40,720.58,720.58,720.58,11356876,850
2014-11-10,10000002,11399,4898.55,4898.55,4898.54,1625434,509
2014-11-11,10000002,34,5.56,5.59,5.45,12724892976,2038
2014-11-11,10000002,35,11.08,11.1,10.95,2261204408,1440
2014-11-11,10000002,36,61.78,61.91,60.98,833743784,1264
2014-11-11,10000002,37,119.54,120.93,117.13,134789615,1096
2014-11-11,10000002,38,539.5,542.39,538.49,43875036,997
2014-11-11,10000002,39,455.89,455.89,455.89,66581048,845
2014-11-11,10000002,40,720.58,723.91,720.57,10676277,793
2014-11-11,10000002,11399,4898.76,4898.78,4898.76,3368114,454
2014-11-12,10000002,34,5.53,5.59,5.46,13411925748,1961
2014-11-12,10000002,35,10.97,10.98,10.96,2434293605,1353
2014-11-12,10000002,36,61.15,61.82,60.62,574916383,1209
2014-11-12,10000002,37,116.95,117.87,115.21,132800267,964
2014-11-12,10000002,38,533.1,549.9,532.7,78368756,1006
2014-11-12,10000002,39,455.75,455.77,435.51,16724783,799
2014-11-12,10000002,40,727,731.5,716,7762171,799
2014-11-12,10000002,11399,4982.09,5239.55,4975,1782199,446
2014-11-13,10000002,34,5.56,5.61,5.52,12489056202,1932
2014-11-13,10000002,35,11.1,11.12,10.93,3177378564,1409
2014-11-13,10000002,36,61.06,61.08,60.61,834346932,1301
2014-11-13,10000002,37,115.43,116.95,115.29,184944491,1122
2014-11-13,10000002,38,533.17,548.93,521.34,51419196,1050
2014-11-13,10000002,39,422.3,435.43,415,62861423,922
2014-11-13,10000002,40,725.82,732.34,725.55,23406018,826
2014-11-13,10000002,11399,5237.33,5237.57,5151.07,5761972,544
2014-11-14,10000002,34,5.62,5.65,5.58,14701989980,2045
2014-11-14,10000002,35,11.18,11.22,11,2459138784,1450
2014-11-14,10000002,36,60.8,61.03,60.67,1023986425,1260
2014-11-14,10000002,37,116.99,117,114.77,162193560,1053
2014-11-14,10000002,38,534.39,547.79,520.04,58434652,1011
2014-11-14,10000002,39,422.01,446.54,411,19617412,812
2014-11-14,10000002,40,728.91,730,722.05,8598636,798
2014-11-14,10000002,11399,5150.41,5237.98,5150.12,1821599,451
2014-11-15,10000002,34,5.62,5.7,5.59,11025087267,2442
2014-11-15,10000002,35,11.05,11.2,10.96,2156338337,1715
2014-11-15,10000002,36,60.7,60.74,60.08,1008027978,1590
2014-11-15,10000002,37,118.81,118.81,115.5,222320643,1345
2014-11-15,10000002,38,535,547.44,534.71,62371824,1255
2014-11-15,10000002,39,425,439.92,424,25578825,1063
2014-11-15,10000002,40,722.51,729.98,718.32,20599931,1002
2014-11-15,10000002,11399,5283.99,5289.84,5182.93,1454268,584
2014-11-16,10000002,34,5.59,5.7,5.57,19357193398,2775
2014-11-16,10000002,35,11,11.04,10.99,3441551039,1991
2014-11-16,10000002,36,59.51,60.84,58.54,1082401929,1731
2014-11-16,10000002,37,118.51,118.63,114.9,180707525,1504
2014-11-16,10000002,38,541.05,547.4,535.06,57119754,1368
2014-11-16,10000002,39,424.01,439.55,405,46811149,1249
2014-11-16,10000002,40,714.52,739.99,714.44,20154082,1120
2014-11-16,10000002,11399,5160,5178.02,5160,2794448,542
2014-11-17,10000002,34,5.64,5.68,5.57,12822076454,2038
2014-11-17,10000002,35,11.1,11.2,10.82,2133796011,1471
2014-11-17,10000002,36,60,60.07,57.84,806668967,1281
2014-11-17,10000002,37,117,118.38,115.03,202153072,1057
2014-11-17,10000002,38,547,547.1,546.92,55129507,1030
2014-11-17,10000002,39,439.89,439.89,439.87,36266584,905
2014-11-17,10000002,40,730,739.92,720,8992773,815
2014-11-17,10000002,11399,5289.91,5299.99,5157.04,2205665,478
2014-11-18,10000002,34,5.56,5.69,5.54,16013237203,2000
2014-11-18,10000002,35,11.18,11.22,11.1,2933349817,1383
2014-11-18,10000002,36,59.97,60.05,57.91,869813811,1279
2014-11-18,10000002,37,118.32,118.41,115.06,164985523,1093
2014-11-18,10000002,38,547.07,547.1,532.07,52107698,1042
2014-11-18,10000002,39,439.64,439.85,407.79,34702475,951
2014-11-18,10000002,40,739.99,739.99,739.97,19894665,880
2014-11-18,10000002,11399,5398.97,5399,5170.08,1769242,409
2014-11-19,10000002,34,5.68,5.72,5.6,11624680170,1851
2014-11-19,10000002,35,11.23,11.27,11.18,2934908837,1361
2014-11-19,10000002,36,59.95,60.02,58.61,602418371,1207
2014-11-19,10000002,37,118.12,118.36,115.13,114223472,1047
2014-11-19,10000002,38,541,546.6,537.01,49742284,1002
2014-11-19,10000002,39,438.94,438.98,437.2,15061836,810
2014-11-19,10000002,40,742.41,749.79,719,8379338,768
2014-11-19,10000002,11399,5170.4,5398.96,5170.08,2575016,406
2014-11-20,10000002,34,5.65,5.68,5.58,11653228043,1776
2014-11-20,10000002,35,11.16,11.28,11.13,2282503941,1307
2014-11-20,10000002,36,58.67,59.89,58.61,975945310,1184
2014-11-20,10000002,37,115.01,115.09,114.99,265878410,1005
2014-11-20,10000002,38,520.29,532.28,520.08,86927917,948
2014-11-20,10000002,39,413,413,413,64662979,810
2014-11-20,10000002,40,712,712,712,49342297,750
2014-11-20,10000002,11399,5160,5374.89,5158,1969677,403
2014-11-21,10000002,34,5.65,5.7,5.53,27476356634,2033
2014-11-21,10000002,35,11.31,11.36,11.12,2899135296,1382
2014-11-21,10000002,36,59.09,59.97,57.32,925119011,1289
2014-11-21,10000002,37,115,115.01,114.14,152729882,1087
2014-11-21,10000002,38,525,536.97,517.24,57623789,1029
2014-11-21,10000002,39,415.4,429.96,409.98,27751945,843
2014-11-21,10000002,40,717,725.88,711.23,13792608,829
2014-11-21,10000002,11399,5364.95,5368.93,5165,1757971,448
2014-11-22,10000002,34,5.51,5.6,5.49,15017288712,2191
2014-11-22,10000002,35,11.18,11.24,11.11,2498238740,1534
2014-11-22,10000002,36,59.23,59.35,58.52,760796623,1418
2014-11-22,10000002,37,116.75,116.83,116.68,120645466,1106
2014-11-22,10000002,38,529.99,534.84,520.02,52470211,1082
2014-11-22,10000002,39,419,419.99,418.99,40346493,938
2014-11-22,10000002,40,713,715,705.69,20472488,908
2014-11-22,10000002,11399,5362.98,5364.87,5172,2397718,462
2014-11-23,10000002,34,5.59,5.61,5.51,10866055797,2599
2014-11-23,10000002,35,11.19,11.2,11.13,3229891492,1924
2014-11-23,10000002,36,59.25,59.35,58.65,859463656,1669
2014-11-23,10000002,37,116.26,116.72,114.3,179717214,1338
2014-11-23,10000002,38,535,541.14,518.09,55249757,1322
2014-11-23,10000002,39,427.98,434.94,420.08,37643035,1072
2014-11-23,10000002,40,709.9,714.82,706.28,20852473,1005
2014-11-23,10000002,11399,5364.73,5364.91,5170.06,2653323,614
2014-11-24,10000002,34,5.56,5.6,5.48,13825223014,2452
2014-11-24,10000002,35,11.18,11.34,10.92,2781628769,1810
2014-11-24,10000002,36,59.3,60.17,58.76,1712484706,1696
2014-11-24,10000002,37,115.99,117.99,115.93,290914278,1288
2014-11-24,10000002,38,538,540.98,521.33,86938586,1234
2014-11-24,10000002,39,428.01,429.64,425.24,24867029,1058
2014-11-24,10000002,40,714.37,714.71,708.15,13389361,954
2014-11-24,10000002,11399,5364.35,5364.37,5363,1102349,496
2014-11-25,10000002,34,5.88,6.75,5.64,39223003021,2787
2014-11-25,10000002,35,11.48,11.72,11.27,4841762520,1695
2014-11-25,10000002,36,61,63.37,59.1,773084319,1434
2014-11-25,10000002,37,120.85,122.26,116.48,322219162,1225
2014-11-25,10000002,38,540,547.2,529.99,45734967,1115
2014-11-25,10000002,39,427.96,429.82,427.95,82583544,1058
2014-11-25,10000002,40,767.98,787.77,724.99,111944034,988
2014-11-25,10000002,11399,5360.77,5360.95,5166,1548222,472
2014-11-26,10000002,34,6.4,6.8,5.99,19023342318,2514
2014-11-26,10000002,35,11.18,11.62,11.1,2971509181,1747
2014-11-26,10000002,36,61.25,62.46,59.39,1150482206,1571
2014-11-26,10000002,37,125.01,127.51,120.1,463451008,1303
2014-11-26,10000002,38,549.86,575,547.23,125860340,1346
2014-11-26,10000002,39,461.29,493.99,460,81165170,1051
2014-11-26,10000002,40,784,799.98,780,22077659,902
2014-11-26,10000002,11399,5500,5500,5364.43,3362850,465
2014-11-27,10000002,34,6.1,6.25,6.03,9849311797,2411
2014-11-27,10000002,35,12.16,12.29,11.66,2751793352,1728
2014-11-27,10000002,36,60.73,62.33,60.55,923420310,1454
2014-11-27,10000002,37,124.99,125.8,122.09,175795573,1148
2014-11-27,10000002,38,580,597.8,563.01,54210909,1143
2014-11-27,10000002,39,475.75,478.54,432.57,25774879,887
2014-11-27,10000002,40,799.96,815,776.19,18681571,822
2014-11-27,10000002,11399,5940.99,5941.99,5504,1379017,391
2014-11-28,10000002,34,6.27,6.48,6.15,11725676176,2402
2014-11-28,10000002,35,12,12.2,11.66,1845851363,1718
2014-11-28,10000002,36,60.71,62,59.47,778060644,1480
2014-11-28,10000002,37,123.45,123.99,122.45,213963744,1168
2014-11-28,10000002,38,561.06,576.99,544,50432881,1161
2014-11-28,10000002,39,477.98,489.99,466.39,32591809,859
2014-11-28,10000002,40,794.19,849.79,783.03,13979055,814
2014-11-28,10000002,11399,5612,5899.9,5516.02,2035119,416
2014-11-29,10000002,34,6.4,6.58,6.3,20423363581,2872
2014-11-29,10000002,35,11.6,11.71,11.56,2164211577,1832
2014-11-29,10000002,36,59.91,61.04,58.95,1264050762,1663
2014-11-29,10000002,37,123.54,124.74,122.43,295939394,1369
2014-11-29,10000002,38,575,576.85,550.63,73841375,1342
2014-11-29,10000002,39,505,517.99,504.5,32146523,1034
2014-11-29,10000002,40,814,826.7,811.02,20260412,990
2014-11-29,10000002,11399,5897.9,5897.99,5605.06,2357214,515
2014-11-30,10000002,34,6.3,6.4,6.21,16151006154,2851
2014-11-30,10000002,35,11.48,11.55,11.4,2739253054,1979
2014-11-30,10000002,36,58.85,60.29,58.79,893062421,1731
2014-11-30,10000002,37,120.85,123.48,118.33,254179439,1479
2014-11-30,10000002,38,579,589.99,570.1,70629706,1443
2014-11-30,10000002,39,507.52,516.87,505.1,18418963,1153
2014-11-30,10000002,40,825,825,825,27159239,1042
2014-11-30,10000002,11399,5895.49,5895.95,5651.11,2090637,506
2014-12-01,10000002,34,6,6.08,5.88,7946054597,2354
2014-12-01,10000002,35,11.41,11.51,11.3,2605819588,1756
2014-12-01,10000002,36,60.06,60.17,59,867822506,1522
2014-12-01,10000002,37,118.82,123.47,118.42,190942001,1331
2014-12-01,10000002,38,590,595.15,577.1,54336125,1226
2014-12-01,10000002,39,510,512.07,509.99,29670970,985
2014-12-01,10000002,40,845,845.89,827.3,14162463,936
2014-12-01,10000002,11399,5887.54,5892,5652.48,1874177,442
2014-12-02,10000002,34,6.19,6.25,6.04,10582436482,2287
2014-12-02,10000002,35,11.5,11.51,11.39,2820948391,1619
2014-12-02,10000002,36,59.86,59.99,58.64,655947812,1399
2014-12-02,10000002,37,123.39,123.86,120.12,145246127,1203
2014-12-02,10000002,38,595,595.25,593,46490649,1117
2014-12-02,10000002,39,505.28,506.09,470.33,32912506,973
2014-12-02,10000002,40,901.09,945,875.55,15495652,926
2014-12-02,10000002,11399,5888.88,5888.99,5752.31,1557446,467
2014-12-03,10000002,34,6.14,6.31,6.06,12896526214,2205
2014-12-03,10000002,35,11.34,11.5,11.24,2025361450,1517
2014-12-03,10000002,36,58.99,59.94,57.72,772452139,1422
2014-12-03,10000002,37,116.27,119.98,116.07,237415753,1102
2014-12-03,10000002,38,580.21,594.49,560,72924134,1084
2014-12-03,10000002,39,467.07,482.98,466.68,31601415,923
2014-12-03,10000002,40,880.07,929.61,877.37,18587971,902
2014-12-03,10000002,11399,5653.07,5653.07,5653.07,5448634,501
2014-12-04,10000002,34,6.1,6.19,6.07,10890731808,2094
2014-12-04,10000002,35,11.41,11.52,11.32,2776624560,1532
2014-12-04,10000002,36,59.15,60.13,57.23,696766521,1372
2014-12-04,10000002,37,120,122.28,117.31,213594696,1120
2014-12-04,10000002,38,579.75,587.04,551.29,62777704,1153
2014-12-04,10000002,39,482.99,487.87,442.16,49205370,1013
2014-12-04,10000002,40,860.05,880,855.6,24112090,901
2014-12-04,10000002,11399,5847.94,5887.91,5600,2607873,474
2014-12-05,10000002,34,6.25,6.3,6.14,12176526028,2222
2014-12-05,10000002,35,11.33,11.51,11.12,2243288951,1569
2014-12-05,10000002,36,59.16,60.12,58.24,935713772,1503
2014-12-05,10000002,37,120.99,121.78,118.1,123429566,1180
2014-12-05,10000002,38,570.31,591.76,570,52902736,1070
2014-12-05,10000002,39,478.94,481,450.37,16813419,915
2014-12-05,10000002,40,827.09,854.65,819.27,15726946,879
2014-12-05,10000002,11399,5799,5799.77,5798.96,1466731,398
2014-12-06,10000002,34,6.12,6.26,6.09,12808056647,2562
2014-12-06,10000002,35,11.32,11.44,11.22,2516244251,1830
2014-12-06,10000002,36,60.94,61.04,60,1124571854,1650
2014-12-06,10000002,37,122.36,122.43,122.32,171204301,1395
2014-12-06,10000002,38,589.89,590,589.84,76932100,1370
2014-12-06,10000002,39,471.44,471.75,468.49,33021249,1081
2014-12-06,10000002,40,850.56,851.56,821.37,17601979,1037
2014-12-06,10000002,11399,5788.89,5789.87,5562.02,2331802,559
2014-12-07,10000002,34,6.14,6.21,6.09,11705315780,2843
2014-12-07,10000002,35,11.25,11.44,11.2,3565253921,2055
2014-12-07,10000002,36,60,62.8,59.69,1148182078,1870
2014-12-07,10000002,37,122.8,124,119.42,207926402,1505
2014-12-07,10000002,38,589.85,595.28,574.31,74719857,1515
2014-12-07,10000002,39,453,468.36,421.08,46984551,1249
2014-12-07,10000002,40,823.96,845.99,818.07,24670315,1107
2014-12-07,10000002,11399,5561,5655.08,5505.23,3529247,555
2014-12-08,10000002,34,6.21,6.27,6.02,22627630040,2291
2014-12-08,10000002,35,11.37,11.4,11.17,2932477368,1593
2014-12-08,10000002,36,61.46,61.54,60.01,990033856,1419
2014-12-08,10000002,37,123.54,123.64,120.8,200308161,1224
2014-12-08,10000002,38,614.42,614.88,602,58000761,1108
2014-12-08,10000002,39,465.4,468.98,454.96,42781100,918
2014-12-08,10000002,40,838.95,838.98,822.06,21408414,896
2014-12-08,10000002,11399,5710,5719.88,5659.83,1194371,453
2014-12-09,10000002,34,6.26,6.34,6.16,12845929621,2066
2014-12-09,10000002,35,11.56,11.59,11.33,4159905672,1449
2014-12-09,10000002,36,61.65,61.71,59.94,790424357,1267
2014-12-09,10000002,37,123.63,123.81,120.99,192310652,1058
2014-12-09,10000002,38,607.92,614.43,593.6,71392475,1055
2014-12-09,10000002,39,449.05,454.53,440,44043765,891
2014-12-09,10000002,40,821.46,838.69,812.61,15541105,774
2014-12-09,10000002,11399,5759.8,5759.97,5749.98,1316700,373
2014-12-10,10000002,34,6.28,6.34,6.11,13784517752,2467
2014-12-10,10000002,35,12.17,12.4,12.02,2728026199,1761
2014-12-10,10000002,36,60.58,61.95,60.47,846060476,1572
2014-12-10,10000002,37,121.67,124.93,121.56,195291835,1279
2014-12-10,10000002,38,586.03,609.98,585.48,52770083,1251
2014-12-10,10000002,39,442.05,442.25,442,82746956,1045
2014-12-10,10000002,40,804.08,832.32,797.16,16917327,997
2014-12-10,10000002,11399,5700.1,5700.1,5625.01,3090324,492
2014-12-11,10000002,34,6.23,6.29,6.16,10780192905,2364
2014-12-11,10000002,35,11.91,12.14,11.75,2638907555,1713
2014-12-11,10000002,36,62,62.75,60.78,821611559,1453
2014-12-11,10000002,37,124.72,124.92,123,132951925,1145
2014-12-11,10000002,38,609.59,610.92,591.19,43028582,1069
2014-12-11,10000002,39,459.87,462.32,458,13390527,863
2014-12-11,10000002,40,810.99,816.99,797.94,23682233,840
2014-12-11,10000002,11399,5600,5710,5525,1603787,440
2014-12-12,10000002,34,6.28,6.35,6.25,15844684830,2602
2014-12-12,10000002,35,11.84,12.07,11.65,2370227165,1772
2014-12-12,10000002,36,62.79,63,61.02,819530719,1588
2014-12-12,10000002,37,124.9,124.93,124.77,167048713,1273
2014-12-12,10000002,38,608.62,608.65,597,58485365,1217
2014-12-12,10000002,39,459.68,459.78,455.09,19291794,981
2014-12-12,10000002,40,797.92,798.61,797.6,14330369,829
2014-12-12,10000002,11399,5658.23,5698.18,5515.3,1323945,428
2014-12-13,10000002,34,6.2,6.38,6.17,15612128216,3027
2014-12-13,10000002,35,12.1,12.39,11.92,1848890867,2079
2014-12-13,10000002,36,62.83,63.2,61.5,1080875241,1795
2014-12-13,10000002,37,124.99,129.48,124.03,151054398,1455
2014-12-13,10000002,38,608.52,614.7,597.01,56079566,1409
2014-12-13,10000002,39,447,453.84,440.05,21758860,1121
2014-12-13,10000002,40,794,798.64,772.78,16251953,1040
2014-12-13,10000002,11399,5650,5658.97,5648.98,1779442,499
2014-12-14,10000002,34,6.27,6.4,6.25,14002882039,3245
2014-12-14,10000002,35,12.1,12.47,11.81,2464200582,2298
2014-12-14,10000002,36,61.2,62.45,60.49,883125355,1989
2014-12-14,10000002,37,126.38,131.84,126.17,274540018,1699
2014-12-14,10000002,38,604,616.76,596,47853873,1533
2014-12-14,10000002,39,448.9,453.29,437.04,27234450,1260
2014-12-14,10000002,40,775.11,787.01,762.66,17316730,1160
2014-12-14,10000002,11399,5600,5657.91,5561.11,2203647,562
2014-12-15,10000002,34,6.36,6.47,6.25,19567852343,2538
2014-12-15,10000002,35,12,12.12,11.93,2774775454,1732
2014-12-15,10000002,36,61.03,62,60.6,1097300809,1549
2014-12-15,10000002,37,128.1,129.8,124.9,240456924,1315
2014-12-15,10000002,38,590.62,603.87,583.74,60885469,1182
2014-12-15,10000002,39,446.95,448.5,418,28886390,986
2014-12-15,10000002,40,789.98,803.41,775,12745983,927
2014-12-15,10000002,11399,5370.78,5514.24,5370.11,4067429,495
2014-12-16,10000002,34,6.29,6.35,6.26,9306212717,2385
2014-12-16,10000002,35,12,12.13,11.79,2290517761,1701
2014-12-16,10000002,36,62,62.47,59.9,922246426,1512
2014-12-16,10000002,37,128,129.19,126.28,108065189,1241
2014-12-16,10000002,38,599,599.68,580.5,34211634,1072
2014-12-16,10000002,39,445,445.92,439.99,16662807,905
2014-12-16,10000002,40,800,802.49,770.92,9051872,864
2014-12-16,10000002,11399,5489.98,5599.99,5250.76,2503605,529
2014-12-17,10000002,34,6.26,6.32,6.23,12419602884,2318
2014-12-17,10000002,35,12.11,12.14,12.05,1619750179,1649
2014-12-17,10000002,36,61.75,61.89,60.62,524512326,1394
2014-12-17,10000002,37,127.88,128.53,126.45,139552488,1180
2014-12-17,10000002,38,598.4,598.93,580.04,35488768,1083
2014-12-17,10000002,39,437.5,442.96,429.9,21909999,921
2014-12-17,10000002,40,799.86,799.88,798.94,11790346,812
2014-12-17,10000002,11399,5489.84,5489.89,5300.09,1876047,466
2014-12-18,10000002,34,6.21,6.28,6.15,8971007696,2234
2014-12-18,10000002,35,12.05,12.13,11.92,2669117145,1548
2014-12-18,10000002,36,62.53,62.85,61.75,978923154,1402
2014-12-18,10000002,37,127.8,127.84,126.15,163129994,1195
2014-12-18,10000002,38,598.46,598.5,586.2,55942530,1114
2014-12-18,10000002,39,440,442.53,439.71,28638432,862
2014-12-18,10000002,40,798.77,798.79,795.72,13618986,857
2014-12-18,10000002,11399,5489.83,5489.83,5489.82,1577173,476
2014-12-19,10000002,34,6.22,6.27,6.12,18891687158,2432
2014-12-19,10000002,35,12.04,12.09,11.56,1938280744,1555
2014-12-19,10000002,36,60.69,62.44,60.42,713481694,1452
2014-12-19,10000002,37,123.5,126.63,122.1,182264550,1197
2014-12-19,10000002,38,599.08,601.87,586.17,47481241,1147
2014-12-19,10000002,39,438.99,439.98,425.02,43539283,923
2014-12-19,10000002,40,798.86,798.87,795.83,20793496,906
2014-12-19,10000002,11399,5489.96,5489.98,5273.1,2352283,426
2014-12-20,10000002,34,6.12,6.23,6.09,17394079859,2597
2014-12-20,10000002,35,12.09,12.15,11.9,2215737148,1845
2014-12-20,10000002,36,62.13,62.35,60.24,922270142,1551
2014-12-20,10000002,37,124.76,124.86,119.38,201339161,1275
2014-12-20,10000002,38,600,601,590,56454121,1213
2014-12-20,10000002,39,440,441.94,439,24376627,1032
2014-12-20,10000002,40,790,798.72,789.99,14256918,977
2014-12-20,10000002,11399,5460,5598,5305.11,3058874,540
2014-12-21,10000002,34,6.22,6.26,6.17,12087856932,2896
2014-12-21,10000002,35,12.65,12.94,12.52,2751398356,1979
2014-12-21,10000002,36,61.98,62.08,61.05,875028536,1716
2014-12-21,10000002,37,124.72,124.79,123.12,211906691,1487
2014-12-21,10000002,38,596,601.41,582,59080099,1370
2014-12-21,10000002,39,439,441,435,55782488,1218
2014-12-21,10000002,40,798,798.77,782.14,13401120,1083
2014-12-21,10000002,11399,5529.9,5535,5380,2081009,549
2014-12-22,10000002,34,6.2,6.25,6.14,13484305296,2587
2014-12-22,10000002,35,12.73,12.92,11.88,4040029348,1806
2014-12-22,10000002,36,61.98,62.06,60.78,964340672,1595
2014-12-22,10000002,37,126.43,127.65,123.82,178389395,1400
2014-12-22,10000002,38,602.69,602.82,593.15,50604655,1219
2014-12-22,10000002,39,442.42,442.48,439,21939079,1056
2014-12-22,10000002,40,801.93,801.95,782.12,8718700,937
2014-12-22,10000002,11399,5529.9,5535,5410.14,1365498,489
2014-12-23,10000002,34,6.2,6.26,6.11,10849310141,2450
2014-12-23,10000002,35,12.69,12.76,12.45,2039875102,1718
2014-12-23,10000002,36,62.34,62.99,61.43,680578720,1561
2014-12-23,10000002,37,127.8,128.65,125.46,172924430,1271
2014-12-23,10000002,38,602,602.6,591,46537059,1217
2014-12-23,10000002,39,444.57,444.88,441.94,34361551,1005
2014-12-23,10000002,40,801.86,801.93,800.85,14833392,921
2014-12-23,10000002,11399,5600.03,5600.05,5600,1563121,466
2014-12-24,10000002,34,6.23,6.26,6.13,17579560773,2230
2014-12-24,10000002,35,12.43,12.55,12.26,2036324797,1433
2014-12-24,10000002,36,62.58,62.91,61,542710327,1274
2014-12-24,10000002,37,127.06,128.7,126.29,172332951,1115
2014-12-24,10000002,38,602.67,602.9,585.27,44535351,1093
2014-12-24,10000002,39,426.37,442.45,425.33,39428058,888
2014-12-24,10000002,40,791.51,801.98,777.08,21951192,812
2014-12-24,10000002,11399,5647.99,5648,5551.03,1375557,449
2014-12-25,10000002,34,6.2,6.25,6.12,13954680387,2142
2014-12-25,10000002,35,12.3,12.37,12.26,1429995096,1426
2014-12-25,10000002,36,62.11,62.15,60.95,462402711,1278
2014-12-25,10000002,37,127.03,127.96,125.74,143077987,1087
2014-12-25,10000002,38,602.89,602.99,585.45,31577078,1010
2014-12-25,10000002,39,441.99,442.47,441.97,15032955,813
2014-12-25,10000002,40,801.97,801.98,801.97,12251382,754
2014-12-25,10000002,11399,5658.99,5659,5500.21,962266,435
2014-12-26,10000002,34,6.29,6.42,6.22,20924671241,2457
2014-12-26,10000002,35,12.35,12.39,12.27,2371223231,1635
2014-12-26,10000002,36,62.32,62.45,61.42,784837811,1423
2014-12-26,10000002,37,127.82,127.83,127.77,187130417,1213
2014-12-26,10000002,38,599.97,602,597.94,43054722,1126
2014-12-26,10000002,39,444.54,444.95,442.87,54237513,987
2014-12-26,10000002,40,801.89,801.89,801.86,19946290,968
2014-12-26,10000002,11399,5789.9,5789.91,5789.9,883335,434
2014-12-27,10000002,34,6.22,6.33,6.17,19449843400,2711
2014-12-27,10000002,35,12.24,12.33,12.16,1846472396,1787
2014-12-27,10000002,36,62.23,62.99,61.5,848091632,1597
2014-12-27,10000002,37,126.61,127.67,124.37,146237663,1340
2014-12-27,10000002,38,588,599.99,585.93,59793342,1286
2014-12-27,10000002,39,453,453.39,439.3,27891215,1046
2014-12-27,10000002,40,807.93,823.99,800,14701789,959
2014-12-27,10000002,11399,5779.9,5779.95,5557.05,1811742,487
2014-12-28,10000002,34,6.2,6.27,6.15,20296277063,2792
2014-12-28,10000002,35,12.13,12.17,12.07,2434846358,1919
2014-12-28,10000002,36,61.7,62.4,61.16,888017549,1712
2014-12-28,10000002,37,124.04,127.38,123.43,179305264,1424
2014-12-28,10000002,38,595.92,598.97,579.29,55898674,1354
2014-12-28,10000002,39,448,451,446,31849595,1088
2014-12-28,10000002,40,811,827.98,803.01,13002807,1006
2014-12-28,10000002,11399,5766.9,5769.99,5431.61,1919061,541
2014-12-29,10000002,34,6.16,6.26,6.14,12610326278,2394
2014-12-29,10000002,35,12.15,12.17,11.89,1701139459,1642
2014-12-29,10000002,36,61.8,61.99,61.13,679533663,1396
2014-12-29,10000002,37,121,125.85,118.31,129368078,1150
2014-12-29,10000002,38,579.38,594.89,575.11,50108013,1118
2014-12-29,10000002,39,436.15,436.15,436.15,47901787,979
2014-12-29,10000002,40,816.25,825,814.03,13663443,900
2014-12-29,10000002,11399,5599,5741.71,5430.55,1649179,493
2014-12-30,10000002,34,6.19,6.27,6.13,20127581625,2329
2014-12-30,10000002,35,12.09,12.21,11.9,2636079742,1545
2014-12-30,10000002,36,61.23,61.93,60.4,592908417,1401
2014-12-30,10000002,37,124.9,124.95,121.62,157054067,1174
2014-12-30,10000002,38,595,599.86,594.88,65678533,1131
2014-12-30,10000002,39,436.16,453,436.15,32131305,932
2014-12-30,10000002,40,810.08,823.94,808.22,11008591,857
2014-12-30,10000002,11399,5599,5600,5550,1254848,446
2014-12-31,10000002,34,6.22,6.25,6.18,7817421817,2028
2014-12-31,10000002,35,12.13,12.2,12.06,2003276453,1529
2014-12-31,10000002,36,61.79,62.02,60.74,624827494,1299
2014-12-31,10000002,37,121.1,124.74,121.03,146752151,1105
2014-12-31,10000002,38,597.98,599.87,586.03,47250897,1119
2014-12-31,10000002,39,436.19,440,436.15,22788158,920
2014-12-31,10000002,40,810,823,803.21,9855051,836
2014-12-31,10000002,11399,5500,5599.92,5450,2141088,424
2015-01-01,10000002,34,6.23,6.25,6.19,11470298527,2325
2015-01-01,10000002,35,12.16,12.2,12.11,2478915076,1661
2015-01-01,10000002,36,61.86,61.89,61.01,789602428,1489
2015-01-01,10000002,37,124.65,124.68,121.71,116683028,1204
2015-01-01,10000002,38,592.67,599,587.49,46530117,1173
2015-01-01,10000002,39,442.42,451.69,436.17,22183810,981
2015-01-01,10000002,40,814.11,820,809.47,12671986,891
2015-01-01,10000002,11399,5589.99,5590,5396.2,1409114,491
2015-01-02,10000002,34,6.19,6.25,6.14,12539570826,2678
2015-01-02,10000002,35,12.12,12.2,12,1967216083,1936
2015-01-02,10000002,36,61.25,62.15,61.11,674994106,1668
2015-01-02,10000002,37,124.85,124.95,122.02,172105314,1471
2015-01-02,10000002,38,600.7,604.2,590.7,51163948,1350
2015-01-02,10000002,39,452.78,453.32,439.5,48911137,1146
2015-01-02,10000002,40,805,821,803.48,9319496,1039
2015-01-02,10000002,11399,5389.99,5576.85,5204.24,1937881,478
2015-01-03,10000002,34,6.22,6.24,6.16,15175098886,2682
2015-01-03,10000002,35,12.13,12.23,12.04,3240461545,1907
2015-01-03,10000002,36,60.98,61.02,60.4,750574153,1679
2015-01-03,10000002,37,124.87,124.93,124.1,184951432,1441
2015-01-03,10000002,38,596.39,596.89,570.55,62390026,1389
2015-01-03,10000002,39,452.11,471.54,433.63,27727340,1123
2015-01-03,10000002,40,815.99,816,800,21225760,1055
2015-01-03,10000002,11399,5576.38,5576.63,5368.14,1878769,545
2015-01-04,10000002,34,6.16,6.21,6.14,8766699266,2791
2015-01-04,10000002,35,12.23,12.28,12.12,1980744719,1927
2015-01-04,10000002,36,61.98,62.14,60.92,645998596,1758
2015-01-04,10000002,37,126.5,126.9,122.85,145589398,1502
2015-01-04,10000002,38,597.7,604.77,592.73,45603692,1409
2015-01-04,10000002,39,451.1,459.74,449.99,26062121,1186
2015-01-04,10000002,40,800,811,790,17917324,1090
2015-01-04,10000002,11399,5570.89,5570.93,5570,1926081,525
2015-01-05,10000002,34,6.18,6.23,6.14,11484894229,2446
2015-01-05,10000002,35,12.24,12.29,12.11,1599648864,1765
2015-01-05,10000002,36,62.02,62.18,60.98,793565733,1597
2015-01-05,10000002,37,126.08,126.3,123.84,157338770,1309
2015-01-05,10000002,38,613.75,626.7,612.04,61291484,1284
2015-01-05,10000002,39,440,446.5,433.09,33659388,1119
2015-01-05,10000002,40,812.97,815,785.31,18253083,966
2015-01-05,10000002,11399,5570.8,5570.94,5503.03,1318873,480
2015-01-06,10000002,34,6.18,6.23,6.14,13643838187,2435
2015-01-06,10000002,35,12.29,12.34,12.13,1970045758,1726
2015-01-06,10000002,36,61.89,61.98,59.91,648525881,1564
2015-01-06,10000002,37,126.13,126.32,125.99,145963522,1329
2015-01-06,10000002,38,617.9,625,605.34,50685577,1204
2015-01-06,10000002,39,438,446.88,425.94,24415916,1097
2015-01-06,10000002,40,804.99,813,791.16,9615519,958
2015-01-06,10000002,11399,5574.95,5575,5421,1269958,474
2015-01-07,10000002,34,6.23,6.25,6.15,10786994581,2215
2015-01-07,10000002,35,12.28,12.3,12.27,2415154525,1621
2015-01-07,10000002,36,61.53,61.81,60.63,741107204,1408
2015-01-07,10000002,37,124.21,125.59,123.97,177460722,1241
2015-01-07,10000002,38,616.83,616.85,606.29,46578598,1120
2015-01-07,10000002,39,464.76,474.66,448.41,23183575,936
2015-01-07,10000002,40,809,812.6,792.64,8569943,874
2015-01-07,10000002,11399,5570,5598.96,5540,2048675,497
2015-01-08,10000002,34,6.15,6.2,6.14,9831689483,2376
2015-01-08,10000002,35,12.23,12.31,12.13,2493923421,1719
2015-01-08,10000002,36,60.86,61.5,60.83,966399579,1514
2015-01-08,10000002,37,126.6,127.26,124.59,188851431,1266
2015-01-08,10000002,38,614.79,617.96,608.57,59782205,1209
2015-01-08,10000002,39,459,459,458.99,23371824,966
2015-01-08,10000002,40,797.99,799,787.12,16294449,969
2015-01-08,10000002,11399,5460.26,5728,5460.1,1702483,446
2015-01-09,10000002,34,6.16,6.23,6.13,14671794342,2475
2015-01-09,10000002,35,12.18,12.26,12.04,1983689435,1696
2015-01-09,10000002,36,61.04,61.5,58.71,655500489,1455
2015-01-09,10000002,37,123.51,124.94,122.78,145907663,1230
2015-01-09,10000002,38,609.97,621,607.16,44511015,1157
2015-01-09,10000002,39,438.18,454.8,435.06,26778403,981
2015-01-09,10000002,40,785,798.89,782.1,12887061,937
2015-01-09,10000002,11399,5700.1,5726.96,5603.1,1501111,451
2015-01-10,10000002,34,6.16,6.22,6.13,13123448501,2859
2015-01-10,10000002,35,12.21,12.31,12.17,2458879059,1921
2015-01-10,10000002,36,60.98,61.08,59.95,780418930,1660
2015-01-10,10000002,37,123.59,123.63,120.4,159166455,1385
2015-01-10,10000002,38,612,614.64,607.29,42969781,1286
2015-01-10,10000002,39,441.9,444.9,428.93,26160343,1154
2015-01-10,10000002,40,786,787.65,785,18925103,1086
2015-01-10,10000002,11399,5603.03,5718.81,5500,2474819,518
2015-01-11,10000002,34,6.17,6.2,6.1,11475962455,2724
2015-01-11,10000002,35,12.21,12.24,12.06,2241882636,1822
2015-01-11,10000002,36,61.13,61.89,61.02,952433305,1692
2015-01-11,10000002,37,124,127.3,123.03,151406600,1382
2015-01-11,10000002,38,612.17,619,607.23,59260541,1332
2015-01-11,10000002,39,433.5,439.8,424.28,33441734,1074
2015-01-11,10000002,40,787,788.87,771.76,13734873,1035
2015-01-11,10000002,11399,5700,5708.82,5697.99,1390459,501
2015-01-12,10000002,34,6.19,6.21,6.11,12091729908,2198
2015-01-12,10000002,35,12.18,12.2,12.09,1932514867,1569
2015-01-12,10000002,36,61.12,62.14,60.65,745431149,1507
2015-01-12,10000002,37,127.4,127.59,125.31,201134942,1255
2015-01-12,10000002,38,623,624.7,609.29,62646896,1116
2015-01-12,10000002,39,428.93,431.28,417.07,32668494,955
2015-01-12,10000002,40,772.19,786.96,771.86,16307584,852
2015-01-12,10000002,11399,5611,5689.99,5530,1700669,495
2015-01-13,10000002,34,6.16,6.2,6.07,10438706256,2221
2015-01-13,10000002,35,12.2,12.21,12.16,1780934466,1601
2015-01-13,10000002,36,60.68,62.06,60.41,607907162,1380
2015-01-13,10000002,37,127.26,127.5,123.17,103592352,1140
2015-01-13,10000002,38,614.97,626.37,606.39,37444357,1059
2015-01-13,10000002,39,406.69,429.17,400,56990220,971
2015-01-13,10000002,40,766.9,771.41,750,16146974,910
2015-01-13,10000002,11399,5470,5589.88,5460,2614261,426
2015-01-14,10000002,34,6.17,6.21,6.1,9496378125,2092
2015-01-14,10000002,35,12.11,12.22,12.07,2108682957,1470
2015-01-14,10000002,36,61.74,61.97,61.09,754223442,1300
2015-01-14,10000002,37,127.26,127.32,125,124786190,1078
2015-01-14,10000002,38,624,625.83,609.15,32875574,1020
2015-01-14,10000002,39,427.3,428,420,16245209,846
2015-01-14,10000002,40,781.93,781.95,781.82,8565681,757
2015-01-14,10000002,11399,5395,5410,5350,1968271,450
2015-01-15,10000002,34,6.16,6.19,6.07,11217281839,2193
2015-01-15,10000002,35,12.17,12.2,12.01,2548428756,1576
2015-01-15,10000002,36,61.75,61.89,60.58,516525447,1382
2015-01-15,10000002,37,126.62,127.15,123.8,154384897,1113
2015-01-15,10000002,38,624,624.94,615.04,36386744,1051
2015-01-15,10000002,39,426.99,427,426.21,23771554,899
2015-01-15,10000002,40,781.95,786.71,764.76,7902102,863
2015-01-15,10000002,11399,5510,5519.96,5400.01,1466108,452
2015-01-16,10000002,34,6.14,6.18,6.04,11106366802,2047
2015-01-16,10000002,35,12.1,12.13,12.05,2330216202,1470
2015-01-16,10000002,36,61.43,61.57,60.29,763102663,1314
2015-01-16,10000002,37,126.78,126.98,124.11,115262597,1067
2015-01-16,10000002,38,624.88,624.95,601.55,43456845,993
2015-01-16,10000002,39,427.36,429.22,423.01,33658064,870
2015-01-16,10000002,40,765.41,786.42,765.04,11440497,764
2015-01-16,10000002,11399,5519.97,5569.94,5330.01,1729236,417
2015-01-17,10000002,34,6.07,6.14,6.05,14847146073,2535
2015-01-17,10000002,35,12.04,12.06,12.03,2386435772,1721
2015-01-17,10000002,36,61.13,61.21,60.11,891086182,1584
2015-01-17,10000002,37,125.74,126.88,125.69,196133911,1344
2015-01-17,10000002,38,613.09,624.73,607.11,72922931,1211
2015-01-17,10000002,39,445.01,465.55,430.23,48222004,1050
2015-01-17,10000002,40,785.98,786.43,765.55,19820350,934
2015-01-17,10000002,11399,5411.43,5553.94,5322.62,2687853,565
2015-01-18,10000002,34,6.09,6.13,6.03,12975020121,2808
2015-01-18,10000002,35,12.04,12.06,12,3619327877,2052
2015-01-18,10000002,36,61,61.83,60.06,1330980727,1822
2015-01-18,10000002,37,126.53,126.57,125.07,229567098,1504
2015-01-18,10000002,38,622.08,623.13,609.14,63103941,1403
2015-01-18,10000002,39,436.3,463.87,432.34,26937570,1158
2015-01-18,10000002,40,786.66,797.78,759.01,18104241,1111
2015-01-18,10000002,11399,5372.5,5553.73,5352.21,2745464,533
2015-01-19,10000002,34,6.12,6.18,6.06,10589964060,2231
2015-01-19,10000002,35,12.1,12.15,12.01,1469067825,1492
2015-01-19,10000002,36,61.9,62.02,60.5,628613600,1377
2015-01-19,10000002,37,126.58,126.83,123.04,181429340,1134
2015-01-19,10000002,38,619.98,623.14,609,62274060,1096
2015-01-19,10000002,39,432.98,439,430,42370581,952
2015-01-19,10000002,40,755,757.7,746.93,30441183,853
2015-01-19,10000002,11399,5352.14,5553.56,5350.44,2285271,467
2015-01-20,10000002,34,6.09,6.11,6.01,8606591938,2059
2015-01-20,10000002,35,12,12.02,11.96,2337999755,1504
2015-01-20,10000002,36,61.31,61.35,60.24,752211398,1282
2015-01-20,10000002,37,124.99,125.7,121.61,117880986,1018
2015-01-20,10000002,38,611.9,615.97,605.7,39833193,974
2015-01-20,10000002,39,415,428.92,413.02,46270397,850
2015-01-20,10000002,40,722,767,720,20673655,840
2015-01-20,10000002,11399,5495,5552.86,5252.21,2072926,492
2015-01-21,10000002,34,6.09,6.1,5.97,12351563967,2072
2015-01-21,10000002,35,12.13,12.15,12.05,2002894263,1499
2015-01-21,10000002,36,61.21,61.47,60.16,973253744,1335
2015-01-21,10000002,37,125.6,125.62,125.48,157499717,1115
2015-01-21,10000002,38,611,611.78,606.23,50051422,1023
2015-01-21,10000002,39,415.99,424.26,410,37776808,898
2015-01-21,10000002,40,757.79,757.88,721.59,19571990,820
2015-01-21,10000002,11399,5450,5494.95,5287.8,1951759,482
2015-01-22,10000002,34,6.08,6.11,5.98,11604533414,2219
2015-01-22,10000002,35,12.11,12.15,12,1649628434,1496
2015-01-22,10000002,36,61.91,61.99,60.93,738113192,1291
2015-01-22,10000002,37,125.6,125.62,125.57,148332125,1133
2015-01-22,10000002,38,619.76,619.78,601.58,32119683,1057
2015-01-22,10000002,39,421.93,422,412.25,31631118,943
2015-01-22,10000002,40,767.99,768.99,725.57,13006686,864
2015-01-22,10000002,11399,5552.87,5554.75,5295,2324460,480
2015-01-23,10000002,34,6.09,6.13,5.96,13984296314,2057
2015-01-23,10000002,35,12.16,12.19,12,1936936433,1379
2015-01-23,10000002,36,61.8,61.9,60.59,505248835,1189
2015-01-23,10000002,37,124.94,124.99,124.56,120542531,1068
2015-01-23,10000002,38,614,614.94,600.07,35577304,993
2015-01-23,10000002,39,429.89,431.24,428.88,54180321,897
2015-01-23,10000002,40,750,774.96,726,9200172,827
2015-01-23,10000002,11399,5549.91,5551.99,5315.11,1542982,421
2015-01-24,10000002,34,5.95,6.04,5.9,12386834097,2397
2015-01-24,10000002,35,12.09,12.11,11.91,3863685132,1659
2015-01-24,10000002,36,61.15,61.42,59.91,1163183864,1469
2015-01-24,10000002,37,125.67,125.96,122.84,239568815,1265
2015-01-24,10000002,38,615,619.78,605.53,60409878,1196
2015-01-24,10000002,39,420.5,420.5,420.5,27863145,991
2015-01-24,10000002,40,769.39,769.56,736.32,8250699,876
2015-01-24,10000002,11399,5545.29,5548.7,5543,1704728,517
2015-01-25,10000002,34,6.06,6.08,6.01,14527007809,2495
2015-01-25,10000002,35,12.21,12.23,12.09,2467468507,1753
2015-01-25,10000002,36,61.37,61.87,60.46,929181642,1594
2015-01-25,10000002,37,126.65,127.05,122.17,220826615,1354
2015-01-25,10000002,38,624.78,643.71,620.1,62449213,1287
2015-01-25,10000002,39,430,435.26,421.55,27325958,1014
2015-01-25,10000002,40,764.99,767,761.01,17444279,975
2015-01-25,10000002,11399,5410.39,5549.8,5343.07,1753839,545
2015-01-26,10000002,34,6.06,6.08,6.02,11853876432,2224
2015-01-26,10000002,35,12.26,12.31,12.22,2011493279,1539
2015-01-26,10000002,36,60.89,61.77,60.81,907682969,1418
2015-01-26,10000002,37,126.92,127.59,122.23,259326095,1216
2015-01-26,10000002,38,641,642.99,635.03,58611989,1121
2015-01-26,10000002,39,427,433.93,423.11,25826565,938
2015-01-26,10000002,40,766.89,766.98,764.92,35048059,871
2015-01-26,10000002,11399,5409,5409.99,5300.02,1715684,480
2015-01-27,10000002,34,6.1,6.12,6.03,13416276372,2163
2015-01-27,10000002,35,12.26,12.3,12.17,2319571924,1518
2015-01-27,10000002,36,61.68,61.81,60.37,978967674,1318
2015-01-27,10000002,37,129.89,132.88,127.52,228578646,1140
2015-01-27,10000002,38,643,652.24,642,83410617,1059
2015-01-27,10000002,39,429.97,433.88,428.7,29023340,884
2015-01-27,10000002,40,777.98,779.93,734.4,14474968,802
2015-01-27,10000002,11399,5549.5,5549.67,5491.01,1008625,464
2015-01-28,10000002,34,6,6.05,5.97,11798272330,2147
2015-01-28,10000002,35,12.17,12.23,12.05,1983210135,1457
2015-01-28,10000002,36,61.41,61.52,60.49,655582598,1300
2015-01-28,10000002,37,130.75,134.89,123.04,187395168,1104
2015-01-28,10000002,38,642.89,643.32,627.75,37793357,1040
2015-01-28,10000002,39,425.76,425.86,420,15758033,879
2015-01-28,10000002,40,736.31,736.31,736.31,10456993,788
2015-01-28,10000002,11399,5549.67,5549.77,5549.4,1196325,420
2015-01-29,10000002,34,6.05,6.07,5.99,9877738352,2051
2015-01-29,10000002,35,12.06,12.1,11.99,2184133746,1445
2015-01-29,10000002,36,61.71,61.77,60.33,946760206,1341
2015-01-29,10000002,37,130.53,132.08,128.2,178778777,1136
2015-01-29,10000002,38,650,650.22,643.44,52495991,1110
2015-01-29,10000002,39,417.42,423.12,409.06,36367563,1001
2015-01-29,10000002,40,741.52,767.88,736.79,15537515,859
2015-01-29,10000002,11399,5490,5549.73,5350.52,1863766,459
2015-01-30,10000002,34,5.99,6.06,5.94,11873463492,1884
2015-01-30,10000002,35,12.06,12.12,12.02,1940471880,1270
2015-01-30,10000002,36,59.36,61.31,59.27,850656139,1139
2015-01-30,10000002,37,128.2,129.06,127.24,184415751,967
2015-01-30,10000002,38,650.23,665,645.37,50107686,965
2015-01-30,10000002,39,409.09,415.48,408.92,33604200,857
2015-01-30,10000002,40,743.47,765.12,742.23,13025548,753
2015-01-30,10000002,11399,5520,5546.92,5350,1766413,424
2015-01-31,10000002,34,6.03,6.06,5.99,10666455502,2331
2015-01-31,10000002,35,12.08,12.13,12.03,2528197215,1644
2015-01-31,10000002,36,60.95,61.12,59.37,728398025,1383
2015-01-31,10000002,37,127,127.05,126.74,158205019,1299
2015-01-31,10000002,38,663.72,663.9,646.51,41866156,1128
2015-01-31,10000002,39,415.45,417.79,415.4,26136884,1042
2015-01-31,10000002,40,745.99,746,745.98,10902850,896
2015-01-31,10000002,11399,5545.84,5546.1,5401.1,1812785,511
2015-02-01,10000002,34,6.01,6.07,5.93,18916082822,2475
2015-02-01,10000002,35,12.17,12.19,12.06,2634168997,1715
2015-02-01,10000002,36,60.66,61,60.4,1032324695,1533
2015-02-01,10000002,37,124.9,126.05,124.21,196315284,1399
2015-02-01,10000002,38,646.3,657.83,630,76675793,1358
2015-02-01,10000002,39,410.91,411.08,405.99,35489328,1096
2015-02-01,10000002,40,749,750,736.72,18221029,966
2015-02-01,10000002,11399,5542,5549.7,5322.99,2160896,515
2015-02-02,10000002,34,5.93,6.02,5.91,7900385284,2026
2015-02-02,10000002,35,12.12,12.15,12.06,1686730762,1468
2015-02-02,10000002,36,60.73,60.96,59.99,629060264,1341
2015-02-02,10000002,37,123.99,125.98,121.45,172051083,1181
2015-02-02,10000002,38,630,651.77,625,39430828,1104
2015-02-02,10000002,39,397.47,410.01,397.44,84814690,986
2015-02-02,10000002,40,740,740,740,44955376,878
2015-02-02,10000002,11399,5546.9,5549.72,5546.89,987664,457
2015-02-03,10000002,34,5.96,6,5.93,11670438557,2004
2015-02-03,10000002,35,12.1,12.11,12.07,2345250864,1456
2015-02-03,10000002,36,60.5,60.77,59.59,751927719,1263
2015-02-03,10000002,37,129.45,132.83,120,214494333,1087
2015-02-03,10000002,38,635.97,637.98,629.22,64778927,1070
2015-02-03,10000002,39,404.06,419.88,400.64,27509865,910
2015-02-03,10000002,40,721.62,721.64,721.62,11116183,769
2015-02-03,10000002,11399,5321,5543.85,5300,3318050,502
2015-02-04,10000002,34,6,6.02,5.94,10002722000,1946
2015-02-04,10000002,35,12.19,12.2,12.17,1963506349,1381
2015-02-04,10000002,36,60.59,60.67,59.48,788782400,1201
2015-02-04,10000002,37,130.9,131.4,130.05,317505444,1137
2015-02-04,10000002,38,642.62,648,642.43,57293478,1019
2015-02-04,10000002,39,416.41,416.49,401.39,27781710,832
2015-02-04,10000002,40,730.02,749.16,703.36,7702178,807
2015-02-04,10000002,11399,5320.83,5537.65,5319.85,2116747,429
2015-02-05,10000002,34,5.99,6.04,5.9,16246708383,2010
2015-02-05,10000002,35,12.05,12.11,12.03,2127656057,1327
2015-02-05,10000002,36,60.35,60.65,58.67,831226112,1217
2015-02-05,10000002,37,127.41,128.32,127.31,249587859,1012
2015-02-05,10000002,38,649.68,649.98,632.37,44910091,933
2015-02-05,10000002,39,406.18,407.27,401.71,39290154,833
2015-02-05,10000002,40,703.38,736,703.2,18009564,777
2015-02-05,10000002,11399,5220,5305,5157.03,3226348,420
2015-02-06,10000002,34,6,6.03,5.93,11159511610,1948
2015-02-06,10000002,35,12.12,12.22,12,2084621561,1378
2015-02-06,10000002,36,60.95,61.27,60.82,744662346,1195
2015-02-06,10000002,37,127.46,127.84,125.11,112752570,978
2015-02-06,10000002,38,650.13,658.28,649.9,56142237,993
2015-02-06,10000002,39,411.94,412.84,404.98,46616743,872
2015-02-06,10000002,40,736.87,736.98,712.34,14150767,779
2015-02-06,10000002,11399,5175,5189.92,4900.01,2097897,424
2015-02-07,10000002,34,6,6.06,5.94,16574013045,2298
2015-02-07,10000002,35,12.26,12.27,12.14,1751065388,1609
2015-02-07,10000002,36,61.11,61.24,59.93,585771973,1408
2015-02-07,10000002,37,126.04,126.22,124.15,189465454,1213
2015-02-07,10000002,38,643.04,678.99,640.7,50475016,1136
2015-02-07,10000002,39,401.7,405.96,400.44,35976110,1024
2015-02-07,10000002,40,709.13,740,709,14391757,958
2015-02-07,10000002,11399,5099.97,5099.99,5075,3710560,565
2015-02-08,10000002,34,5.93,6.03,5.89,17232707785,2371
2015-02-08,10000002,35,12.19,12.23,12.16,2288072630,1673
2015-02-08,10000002,36,61.01,61.1,60.92,848568917,1503
2015-02-08,10000002,37,127.7,127.71,126.99,186473720,1283
2015-02-08,10000002,38,649.89,657.9,648.04,79535986,1264
2015-02-08,10000002,39,409.89,421.94,409.85,45097163,1063
2015-02-08,10000002,40,725,736.38,711.09,19159050,983
2015-02-08,10000002,11399,4910,5149.93,4617.24,2674529,570
2015-02-09,10000002,34,6,6.03,5.92,12910396799,2130
2015-02-09,10000002,35,12.06,12.19,12.01,2051255175,1530
2015-02-09,10000002,36,60.91,60.97,59.16,845280303,1432
2015-02-09,10000002,37,127.69,127.69,127.65,163619354,1200
2015-02-09,10000002,38,659.87,679.97,647,47729505,1197
2015-02-09,10000002,39,408.8,415,395.02,34475576,1015
2015-02-09,10000002,40,704.44,731.75,701.61,11584511,916
2015-02-09,10000002,11399,5149.99,5188.7,5149.94,1956585,457
2015-02-10,10000002,34,6.03,6.04,5.99,13087429405,2099
2015-02-10,10000002,35,12.22,12.23,12.14,1868734903,1382
2015-02-10,10000002,36,60.99,61.17,60.11,676755120,1255
2015-02-10,10000002,37,127.69,129.46,125.33,187536880,1080
2015-02-10,10000002,38,679.6,681.67,657.03,51852302,1070
2015-02-10,10000002,39,420.79,420.8,420.36,35056914,882
2015-02-10,10000002,40,731.73,731.74,713.22,12498406,823
2015-02-10,10000002,11399,5532,5532.31,5417.22,2191156,469
2015-02-11,10000002,34,6.02,6.06,5.92,15041582099,1866
2015-02-11,10000002,35,12.19,12.22,12.07,1495699512,1317
2015-02-11,10000002,36,61.11,61.13,59.85,615711831,1216
2015-02-11,10000002,37,127.04,131.92,126.36,208653219,1055
2015-02-11,10000002,38,666.38,678.99,666.02,40752059,963
2015-02-11,10000002,39,416.12,421.99,410.01,18083059,837
2015-02-11,10000002,40,727.07,731.69,715.21,10173623,787
2015-02-11,10000002,11399,5391,5664.07,5376,1638325,505
2015-02-12,10000002,34,6.06,6.08,5.98,9326196301,1820
2015-02-12,10000002,35,12.21,12.23,12.07,1850067746,1315
2015-02-12,10000002,36,60.82,61.04,59.51,606232424,1118
2015-02-12,10000002,37,131.82,132.09,127.1,115371389,983
2015-02-12,10000002,38,672,677.9,666.86,49815492,970
2015-02-12,10000002,39,423.9,432,410.06,31110595,826
2015-02-12,10000002,40,717.34,727,715.34,11153982,729
2015-02-12,10000002,11399,5674.99,5700,5411.29,2506682,406
2015-02-13,10000002,34,5.98,6.03,5.95,11932158846,1894
2015-02-13,10000002,35,12.28,12.3,12.11,2220546427,1404
2015-02-13,10000002,36,60.48,60.8,59.21,897616643,1216
2015-02-13,10000002,37,131.81,131.84,128.03,184800866,1074
2015-02-13,10000002,38,667.91,681.28,667.27,63590281,1020
2015-02-13,10000002,39,417.43,421.9,395.51,31622216,823
2015-02-13,10000002,40,730,731.74,717.42,20582011,808
2015-02-13,10000002,11399,5724.85,5725,5560,1514885,444
2015-02-14,10000002,34,5.98,6.03,5.92,13585196226,2101
2015-02-14,10000002,35,12.36,12.37,12.18,2662851848,1412
2015-02-14,10000002,36,60.92,61,60.01,783552821,1233
2015-02-14,10000002,37,133.45,135,132.02,436928642,1283
2015-02-14,10000002,38,680.99,683.45,667.08,44500382,1075
2015-02-14,10000002,39,418,421.6,412,20637762,895
2015-02-14,10000002,40,742.94,742.98,742.62,19761804,843
2015-02-14,10000002,11399,5749.98,5798.95,5571.67,2374274,516
2015-02-15,10000002,34,6.03,6.04,5.96,12370860137,2381
2015-02-15,10000002,35,12.38,12.45,12.2,3328874085,1700
2015-02-15,10000002,36,60.53,60.95,58.87,847821704,1453
2015-02-15,10000002,37,141,144.94,136.39,205693026,1331
2015-02-15,10000002,38,682.87,683.5,668.21,65601442,1296
2015-02-15,10000002,39,415.22,417.71,408.06,19517974,1015
2015-02-15,10000002,40,742.88,743.35,732.66,31426375,977
2015-02-15,10000002,11399,6500,6500.11,5999.97,4017236,586
2015-02-16,10000002,34,6,6.04,5.88,17155909867,2073
2015-02-16,10000002,35,12.24,12.24,12.24,3664846789,1408
2015-02-16,10000002,36,60.26,60.51,59.36,675315374,1345
2015-02-16,10000002,37,137.01,139.6,131.4,170643440,1172
2015-02-16,10000002,38,660.97,684.51,650.2,54795148,1096
2015-02-16,10000002,39,400.4,412.76,400.03,30605802,928
2015-02-16,10000002,40,730.02,732.59,725,12943647,873
2015-02-16,10000002,11399,6500,6984.98,5852.14,2086571,523
2015-02-17,10000002,34,5.99,6,5.84,9195967609,1776
2015-02-17,10000002,35,12.23,12.39,12.19,2240861859,1238
2015-02-17,10000002,36,60,60.42,59.04,899357127,1144
2015-02-17,10000002,37,137.99,138.39,131.56,107017147,976
2015-02-17,10000002,38,657.33,676.7,655.77,47476032,938
2015-02-17,10000002,39,411.66,411.7,402.36,21413318,755
2015-02-17,10000002,40,724.99,729.96,707.78,7311313,711
2015-02-17,10000002,11399,6002.2,6004.02,5905.15,3552889,411
2015-02-18,10000002,34,5.93,6.01,5.89,12515966493,1931
2015-02-18,10000002,35,12.36,12.4,12.22,2420170907,1361
2015-02-18,10000002,36,60.54,60.69,59.25,686899152,1199
2015-02-18,10000002,37,135.95,136.99,131.71,136650692,1021
2015-02-18,10000002,38,659.31,669.73,652.06,53866906,993
2015-02-18,10000002,39,402.97,411.15,400.05,24213749,816
2015-02-18,10000002,40,727.95,727.95,725,10187481,749
2015-02-18,10000002,11399,6030,6198.94,6019.18,1147858,470
2015-02-19,10000002,34,5.92,5.96,5.83,7391645748,1888
2015-02-19,10000002,35,12.4,12.44,12.22,1423582924,1384
2015-02-19,10000002,36,60.6,60.87,60.39,622725312,1266
2015-02-19,10000002,37,134.9,135.11,132.15,172948736,1105
2015-02-19,10000002,38,653.95,657.69,640.24,34315253,1068
2015-02-19,10000002,39,400.11,408.88,391.66,17084083,841
2015-02-19,10000002,40,710.21,727.7,710,11738817,823
2015-02-19,10000002,11399,5999.97,6004.99,5886.04,1264851,396
2015-02-20,10000002,34,5.85,5.93,5.77,14997922655,1907
2015-02-20,10000002,35,12.4,12.41,12.29,1860647206,1319
2015-02-20,10000002,36,60.78,60.82,59.73,747023263,1218
2015-02-20,10000002,37,134.67,134.68,134.6,184032635,1010
2015-02-20,10000002,38,653.81,653.94,649,63598617,1006
2015-02-20,10000002,39,408.46,408.56,400.5,23135114,833
2015-02-20,10000002,40,726.99,727,716.11,14258271,767
2015-02-20,10000002,11399,5989.83,5989.91,5605.13,2237142,441
2015-02-21,10000002,34,5.85,5.88,5.81,8406358965,2119
2015-02-21,10000002,35,12.37,12.41,12.33,2148290322,1549
2015-02-21,10000002,36,60.56,60.63,60,772536650,1402
2015-02-21,10000002,37,131.24,131.74,130.15,139832501,1167
2015-02-21,10000002,38,653.88,653.93,646.3,51545306,1140
2015-02-21,10000002,39,401.04,408.37,400,38846259,1033
2015-02-21,10000002,40,716.19,723.7,716.19,18394502,884
2015-02-21,10000002,11399,5954,5988.93,5952,2475075,515
2015-02-22,10000002,34,5.87,5.88,5.84,9272607260,2328
2015-02-22,10000002,35,12.41,12.45,12.36,1900930267,1723
2015-02-22,10000002,36,60.49,60.51,60.14,791158093,1451
2015-02-22,10000002,37,130.74,131,127.61,184737845,1249
2015-02-22,10000002,38,653.98,654,652,51578755,1164
2015-02-22,10000002,39,404.98,408.19,400.19,32390129,1046
2015-02-22,10000002,40,725.95,727.05,711.1,19218070,922
2015-02-22,10000002,11399,5900,5974.88,5899.99,1241451,521
2015-02-23,10000002,34,5.87,5.95,5.81,11778735280,1994
2015-02-23,10000002,35,12.37,12.38,12.34,2187740516,1381
2015-02-23,10000002,36,60.2,60.43,59.75,1063351723,1232
2015-02-23,10000002,37,129.33,129.95,129.14,159691655,1086
2015-02-23,10000002,38,659.38,661.33,653.94,68927038,1041
2015-02-23,10000002,39,404.99,404.99,404.99,59090862,853
2015-02-23,10000002,40,725.99,725.99,725.99,8955282,818
2015-02-23,10000002,11399,5900,5974.74,5763,2264877,497
2015-02-24,10000002,34,5.87,5.89,5.8,8900814775,1918
2015-02-24,10000002,35,12.36,12.39,12.31,2012098280,1334
2015-02-24,10000002,36,60.26,60.33,59.42,762106231,1222
2015-02-24,10000002,37,129.64,133.96,128.57,501927288,1159
2015-02-24,10000002,38,657.99,660,639.14,58031621,1023
2015-02-24,10000002,39,408,409,403.01,24706468,842
2015-02-24,10000002,40,725.99,725.99,725.99,11500950,753
2015-02-24,10000002,11399,5974.62,5974.63,5869.37,1090899,396
2015-02-25,10000002,34,5.89,5.92,5.83,7684761155,2773
2015-02-25,10000002,35,12.41,12.44,12.35,1886776430,1158
2015-02-25,10000002,36,60.4,60.42,59.71,600490063,1098
2015-02-25,10000002,37,144.95,146.51,138.3,166338215,915
2015-02-25,10000002,38,666.89,668.9,658,41923153,877
2015-02-25,10000002,39,410.41,410.42,406.08,10186123,722
2015-02-25,10000002,40,725.96,725.97,725.12,6961204,683
2015-02-25,10000002,11399,5869.3,5869.34,5850,1113753,352
2015-02-26,10000002,34,5.99,6.03,5.84,16260231421,2543
2015-02-26,10000002,35,12.4,12.45,12.35,1843610374,1266
2015-02-26,10000002,36,60.48,60.59,60.38,756599669,1203
2015-02-26,10000002,37,139.21,139.98,138.84,277270982,1030
2015-02-26,10000002,38,676.96,679,657.51,66473764,939
2015-02-26,10000002,39,410.46,410.57,406.06,22169228,785
2015-02-26,10000002,40,725.97,725.98,725.97,13222090,761
2015-02-26,10000002,11399,5849.99,5850.5,5840,1626029,400
2015-02-27,10000002,34,5.92,6,5.82,12848614817,2380
2015-02-27,10000002,35,12.41,12.49,12.36,2720063930,1294
2015-02-27,10000002,36,60.68,60.81,59.82,678716315,1133
2015-02-27,10000002,37,133.59,136.58,133.57,194092375,992
2015-02-27,10000002,38,678.95,679.02,671.07,48745002,993
2015-02-27,10000002,39,404.18,410.3,400.51,20403315,831
2015-02-27,10000002,40,712.3,726.99,712.02,14302191,742
2015-02-27,10000002,11399,5809,5839.98,5808.28,1335055,393
2015-02-28,10000002,34,5.93,6.03,5.84,18525235104,2636
2015-02-28,10000002,35,12.42,12.46,12.39,2922746311,1546
2015-02-28,10000002,36,60.72,60.78,60.41,677111463,1340
2015-02-28,10000002,37,132.39,133.78,131.97,225592870,1171
2015-02-28,10000002,38,695,695.9,671.08,47236092,1143
2015-02-28,10000002,39,406,408.83,401.56,24136863,951
2015-02-28,10000002,40,724.99,726.97,710.03,12990629,868
2015-02-28,10000002,11399,5800,5806.99,5752.12,1731393,530
2015-03-01,10000002,34,5.99,6.05,5.92,16016039000,2760
2015-03-01,10000002,35,12.47,12.5,12.39,2662732470,1621
2015-03-01,10000002,36,60.05,60.77,59.81,882175478,1462
2015-03-01,10000002,37,128.81,130.99,128.23,228283588,1218
2015-03-01,10000002,38,677.03,688.76,676,57219611,1185
2015-03-01,10000002,39,395.87,404.88,394.9,41809573,941
2015-03-01,10000002,40,700,724.9,667.15,20968813,907
2015-03-01,10000002,11399,5560,5825.72,5351.02,3137964,503
2015-03-02,10000002,34,5.93,6.06,5.86,12550569597,2145
2015-03-02,10000002,35,12.3,12.34,12.2,1818383679,1291
2015-03-02,10000002,36,59.78,60.4,59.76,583014755,1150
2015-03-02,10000002,37,127.98,131.46,126.57,117641139,988
2015-03-02,10000002,38,663.3,663.32,663.3,44930194,981
2015-03-02,10000002,39,398.97,399.99,381.82,53366611,889
2015-03-02,10000002,40,675.67,699.99,675.44,14250925,798
2015-03-02,10000002,11399,5620.1,5799.93,5430.13,1445981,402
2015-03-03,10000002,34,5.94,6.05,5.85,17438724682,2155
2015-03-03,10000002,35,12.41,12.54,12.18,2449392664,1406
2015-03-03,10000002,36,60.2,60.26,59.63,515925386,1141
2015-03-03,10000002,37,124.03,127.8,122.57,193414338,993
2015-03-03,10000002,38,677.01,680,666.12,45555108,956
2015-03-03,10000002,39,392.88,395.94,382.1,26340102,812
2015-03-03,10000002,40,694.98,694.99,694,18741244,771
2015-03-03,10000002,11399,5798.96,5799.8,5761.02,1460779,415
2015-03-04,10000002,34,5.97,5.99,5.87,7939885287,2086
2015-03-04,10000002,35,12.59,12.74,12.45,1962313856,1372
2015-03-04,10000002,36,60.1,60.19,59.56,591215330,1147
2015-03-04,10000002,37,128.89,129.29,128,166854480,1012
2015-03-04,10000002,38,678.49,695.92,663,66941333,1029
2015-03-04,10000002,39,393.76,403.93,381.7,39368274,948
2015-03-04,10000002,40,694,704,678.32,18830787,798
2015-03-04,10000002,11399,5797.76,5797.93,5557.35,1624221,432
2015-03-05,10000002,34,5.98,6,5.87,13514238470,2125
2015-03-05,10000002,35,12.81,12.84,12.76,2129180685,1345
2015-03-05,10000002,36,60.08,60.48,59.5,722778586,1255
2015-03-05,10000002,37,128.97,129.15,125.33,124429878,1065
2015-03-05,10000002,38,678,684.95,663.06,36977901,998
2015-03-05,10000002,39,405.31,405.58,382.1,17761889,903
2015-03-05,10000002,40,706.33,707.29,680,8736736,766
2015-03-05,10000002,11399,5772,5773.15,5500,1691728,421
2015-03-06,10000002,34,6,6.03,5.92,8745914257,2083
2015-03-06,10000002,35,12.69,12.76,12.42,2222042957,1363
2015-03-06,10000002,36,60.35,60.46,59.5,711808040,1184
2015-03-06,10000002,37,128.92,128.94,128.02,172695346,1008
2015-03-06,10000002,38,682,684.61,662.03,42974497,1005
2015-03-06,10000002,39,403.37,408.83,384.66,33519491,872
2015-03-06,10000002,40,707.18,707.2,706.4,8906465,776
2015-03-06,10000002,11399,5769.91,5769.98,5568.78,1053879,427
2015-03-07,10000002,34,5.99,6,5.88,9910660575,2315
2015-03-07,10000002,35,12.91,12.97,12.83,2069453690,1498
2015-03-07,10000002,36,60.24,60.48,59.52,772138274,1342
2015-03-07,10000002,37,126.8,128.33,125.23,161626259,1079
2015-03-07,10000002,38,666.03,679.98,648.42,39312666,1099
2015-03-07,10000002,39,408.99,409.79,408.18,45522270,944
2015-03-07,10000002,40,725.87,727,720.77,23773714,849
2015-03-07,10000002,11399,5766,5769.92,5611.01,1999855,457
2015-03-08,10000002,34,5.98,5.99,5.9,9718634278,2494
2015-03-08,10000002,35,12.73,12.76,12.56,1919381982,1550
2015-03-08,10000002,36,59.69,60.02,59,758049593,1432
2015-03-08,10000002,37,126.11,126.84,125.82,149279022,1203
2015-03-08,10000002,38,676.1,677.05,666.57,37706749,1146
2015-03-08,10000002,39,405,408.86,400.05,16162181,1006
2015-03-08,10000002,40,713,727.03,712.9,9811422,915
2015-03-08,10000002,11399,5758.99,5760,5606.8,1903492,454
2015-03-09,10000002,34,5.96,5.99,5.93,8866091010,2231
2015-03-09,10000002,35,12.68,12.72,12.59,2469285336,1527
2015-03-09,10000002,36,59.5,59.84,58.86,647682954,1315
2015-03-09,10000002,37,125.92,126.47,125.2,226271246,1161
2015-03-09,10000002,38,672,676.98,667.13,48630971,1108
2015-03-09,10000002,39,408,408.49,400.08,20038245,920
2015-03-09,10000002,40,726,727.04,715.65,8696291,859
2015-03-09,10000002,11399,5758.94,5758.97,5606,2711101,422
2015-03-10,10000002,34,5.96,6,5.9,10616355530,2023
2015-03-10,10000002,35,12.7,12.74,12.64,2440309743,1398
2015-03-10,10000002,36,59.64,59.7,59.58,804753222,1268
2015-03-10,10000002,37,125.99,126.54,124.72,197021515,1078
2015-03-10,10000002,38,665.02,670.99,657.35,40313850,997
2015-03-10,10000002,39,394.41,408.81,394,26969323,888
2015-03-10,10000002,40,717,726.88,715.77,10756407,757
2015-03-10,10000002,11399,5597.08,5790.58,5569.35,1686177,409
2015-03-11,10000002,34,5.95,6.01,5.89,9211714297,1923
2015-03-11,10000002,35,12.8,12.85,12.74,2005221728,1321
2015-03-11,10000002,36,59.8,59.9,59,627658161,1139
2015-03-11,10000002,37,125.97,126.84,125.49,110892503,932
2015-03-11,10000002,38,669.78,669.88,660.5,23304392,903
2015-03-11,10000002,39,403.71,403.71,403.71,13034891,776
2015-03-11,10000002,40,723.99,724,723.93,8403234,720
2015-03-11,10000002,11399,5787.47,5787.48,5787.47,888252,320
2015-03-12,10000002,34,5.98,6.01,5.9,6844981442,1948
2015-03-12,10000002,35,12.84,12.9,12.67,1398678864,1222
2015-03-12,10000002,36,59.79,59.84,59.42,425172731,1047
2015-03-12,10000002,37,126.8,126.85,126.35,152420452,958
2015-03-12,10000002,38,671.97,671.99,669.99,45940068,902
2015-03-12,10000002,39,405.92,405.97,405.27,24852218,766
2015-03-12,10000002,40,725.87,725.89,718.29,11216250,724
2015-03-12,10000002,11399,5790.49,5796.98,5787.45,1455344,391
2015-03-13,10000002,34,5.99,6.02,5.94,8541193351,1962
2015-03-13,10000002,35,12.8,12.92,12.74,1709456283,1251
2015-03-13,10000002,36,59.57,59.66,58.69,531711813,1121
2015-03-13,10000002,37,126.78,127,124.86,110103998,958
2015-03-13,10000002,38,667.91,669.65,659.17,30475268,927
2015-03-13,10000002,39,406.99,409,391.57,15601064,791
2015-03-13,10000002,40,718.35,723.26,718.29,6100077,717
2015-03-13,10000002,11399,5796.95,5796.98,5796.93,1605381,392
2015-03-14,10000002,34,5.98,6.02,5.97,8524190100,2372
2015-03-14,10000002,35,12.85,12.87,12.7,2157858322,1530
2015-03-14,10000002,36,59.5,59.7,58.83,702569650,1369
2015-03-14,10000002,37,126.74,126.9,125.04,150098687,1120
2015-03-14,10000002,38,667.48,669.94,654.03,48975927,1138
2015-03-14,10000002,39,392.15,417.47,392,17248401,932
2015-03-14,10000002,40,718.04,725.92,716,10834112,851
2015-03-14,10000002,11399,5689.02,5796.94,5689.01,1588949,395
2015-03-15,10000002,34,6.01,6.03,5.95,8911423385,2484
2015-03-15,10000002,35,12.89,12.92,12.83,3010185636,1644
2015-03-15,10000002,36,59,59.56,58.25,1079128450,1420
2015-03-15,10000002,37,124.95,125,124.86,222324395,1227
2015-03-15,10000002,38,654.83,664.45,650.22,65503756,1192
2015-03-15,10000002,39,404.92,409.5,402.98,31415852,1020
2015-03-15,10000002,40,701,719.99,700.1,13521634,900
2015-03-15,10000002,11399,5796.98,5849.99,5790,1770526,500
2015-03-16,10000002,34,5.94,6.03,5.91,8962467580,1929
2015-03-16,10000002,35,12.81,12.83,12.78,1564383348,1268
2015-03-16,10000002,36,59.27,59.31,58.22,465520328,1064
2015-03-16,10000002,37,125.79,125.8,125.5,132661057,950
2015-03-16,10000002,38,660.09,664.32,649.98,52813730,951
2015-03-16,10000002,39,391.49,402.11,380.31,29466904,820
2015-03-16,10000002,40,682.01,717.99,681.4,15666151,782
2015-03-16,10000002,11399,5688.24,5974.71,5682.01,1695701,435
2015-03-17,10000002,34,5.97,5.99,5.91,10537783671,1814
2015-03-17,10000002,35,12.88,12.92,12.82,1654770265,1304
2015-03-17,10000002,36,58.35,59.1,57.99,579620793,1085
2015-03-17,10000002,37,125.4,125.93,123.3,128399967,916
2015-03-17,10000002,38,655.02,663,644.17,37714300,857
2015-03-17,10000002,39,399.93,407.99,380.51,41750953,808
2015-03-17,10000002,40,682,699.99,681.76,21591817,759
2015-03-17,10000002,11399,5818.63,5818.64,5818,1104396,379
2015-03-18,10000002,34,5.93,6.01,5.9,17060500080,1823
2015-03-18,10000002,35,12.83,12.85,12.82,2647968413,1217
2015-03-18,10000002,36,58.45,58.53,57.79,774468754,1074
2015-03-18,10000002,37,125.4,125.98,125.39,175021774,920
2015-03-18,10000002,38,657.9,659.89,653.97,66681467,901
2015-03-18,10000002,39,404.91,404.98,398.88,18509569,723
2015-03-18,10000002,40,717.91,717.96,706.8,6918617,642
2015-03-18,10000002,11399,6000,6017,6000,869664,334
2015-03-19,10000002,34,5.98,6.02,5.9,11690581598,1897
2015-03-19,10000002,35,12.9,12.95,12.81,2322431463,1182
2015-03-19,10000002,36,58.53,58.69,58.4,673387585,1004
2015-03-19,10000002,37,128.17,128.28,126.19,202163276,931
2015-03-19,10000002,38,670.65,680.88,649.36,49551830,864
2015-03-19,10000002,39,472.97,545.44,433.74,173046341,935
2015-03-19,10000002,40,799,850,745,125986925,783
2015-03-19,10000002,11399,5834.11,6198.5,5636.85,3188743,411
2015-03-20,10000002,34,5.99,6.01,5.93,10950880625,1962
2015-03-20,10000002,35,12.91,12.96,12.89,2042369708,1302
2015-03-20,10000002,36,58.8,59,58.7,786015643,1148
2015-03-20,10000002,37,129.42,129.8,126.71,133848091,994
2015-03-20,10000002,38,678.97,680.92,660.62,46117922,939
2015-03-20,10000002,39,599.5,600,556.55,52056594,834
2015-03-20,10000002,40,950,962.1,865.09,41121469,774
2015-03-20,10000002,11399,6819.8,6820.21,6409.75,1259195,398
2015-03-21,10000002,34,5.99,6.01,5.93,13859215962,2342
2015-03-21,10000002,35,13.11,13.39,12.98,2208311536,1496
2015-03-21,10000002,36,58.99,59.04,58.76,617688347,1301
2015-03-21,10000002,37,129.11,129.29,128,140610664,1201
2015-03-21,10000002,38,685,685.14,667.32,32600399,1114
2015-03-21,10000002,39,578.92,587.43,552.5,99165160,1061
2015-03-21,10000002,40,870,897.01,860.34,34900609,994
2015-03-21,10000002,11399,6411,6810,6307.23,1892072,540
2015-03-22,10000002,34,6,6.03,5.92,16301627819,2669
2015-03-22,10000002,35,13.17,13.27,13.11,2221657475,1748
2015-03-22,10000002,36,58.75,58.91,58.25,809586813,1504
2015-03-22,10000002,37,128.25,128.79,127.76,173632510,1343
2015-03-22,10000002,38,681.93,684.4,671.19,58922975,1234
2015-03-22,10000002,39,579.99,579.99,579.99,93174124,1087
2015-03-22,10000002,40,910,915.02,870.33,44023284,1016
2015-03-22,10000002,11399,6302,6806.08,6140.05,2615920,531
2015-03-23,10000002,34,5.96,6.02,5.91,11715749538,2289
2015-03-23,10000002,35,13.06,13.12,13,2388463042,1490
2015-03-23,10000002,36,58.54,58.57,58.49,843834288,1313
2015-03-23,10000002,37,128.43,128.82,126.98,166620401,1108
2015-03-23,10000002,38,683,683.9,668.03,47085932,1106
2015-03-23,10000002,39,572.75,576.74,558.12,34675826,923
2015-03-23,10000002,40,865,904.57,861.19,13034215,819
2015-03-23,10000002,11399,6079.35,6198.9,6079.33,1963079,466
2015-03-24,10000002,34,5.96,6.05,5.89,14895775188,1902
2015-03-24,10000002,35,13.05,13.06,13,1277425071,1192
2015-03-24,10000002,36,58.43,58.5,57.81,528261710,1083
2015-03-24,10000002,37,130.9,130.95,128.64,84149781,918
2015-03-24,10000002,38,680.95,681.92,671,25223787,855
2015-03-24,10000002,39,575.98,575.98,575.98,43172740,791
2015-03-24,10000002,40,865.7,888,865.15,11768600,680
2015-03-24,10000002,11399,6010,6197.93,5999.97,1795245,413
2015-03-25,10000002,34,6.02,6.06,5.92,18778199757,3829
2015-03-25,10000002,35,13.01,13.03,12.85,2320908262,2907
2015-03-25,10000002,36,58.43,58.5,57.54,703669626,2688
2015-03-25,10000002,37,130.2,130.88,130.05,133423943,2582
2015-03-25,10000002,38,680.68,681.9,675,44522757,2407
2015-03-25,10000002,39,567.25,596.03,567.25,22487351,2324
2015-03-25,10000002,40,877,879.72,865.9,27177756,2298
2015-03-25,10000002,11399,5999.96,6194.88,5679.19,1505563,380
2015-03-26,10000002,34,6.04,6.06,5.96,7136262280,3404
2015-03-26,10000002,35,12.99,13,12.78,1818287688,2496
2015-03-26,10000002,36,58.49,58.54,56.91,624596613,2359
2015-03-26,10000002,37,130.8,131.9,128.2,148986292,2242
2015-03-26,10000002,38,680.02,682.99,668.17,36648082,2070
2015-03-26,10000002,39,605,605,605,44975213,2035
2015-03-26,10000002,40,889.92,959.99,879.98,16240641,1992
2015-03-26,10000002,11399,5635.94,6149.98,5585.32,4320080,461
2015-03-27,10000002,34,6.02,6.07,5.97,19934799043,2905
2015-03-27,10000002,35,12.99,13,12.94,2169796064,1990
2015-03-27,10000002,36,58.44,58.55,57.16,796036799,1856
2015-03-27,10000002,37,131.99,132.54,131,109293494,1728
2015-03-27,10000002,38,682.69,682.72,670.2,37313204,1604
2015-03-27,10000002,39,688.59,724.96,650,29383669,1575
2015-03-27,10000002,40,985,987.48,984.78,9692233,1486
2015-03-27,10000002,11399,6134.94,6149.94,6134.71,1080589,345
2015-03-28,10000002,34,5.99,6.09,5.93,22166385368,3408
2015-03-28,10000002,35,12.97,12.98,12.93,2013705605,2297
2015-03-28,10000002,36,58.49,58.5,58.45,583804946,2072
2015-03-28,10000002,37,132,132.3,129.95,195610482,1942
2015-03-28,10000002,38,681.99,682.65,674.02,43401081,1808
2015-03-28,10000002,39,649.9,670,630.49,33637834,1755
2015-03-28,10000002,40,988.99,1000,987.46,29559150,1631
2015-03-28,10000002,11399,6119.64,6124.26,6000,2080924,475
2015-03-29,10000002,34,6.07,6.1,6.02,10026453889,3245
2015-03-29,10000002,35,12.98,12.99,12.96,2805658938,2271
2015-03-29,10000002,36,58.4,58.5,57.75,649345622,2004
2015-03-29,10000002,37,131.88,131.96,130.7,127410158,1904
2015-03-29,10000002,38,681.89,681.95,677.29,46045538,1770
2015-03-29,10000002,39,644.44,649.99,636,31787077,1683
2015-03-29,10000002,40,950.09,980.8,947.37,18622503,1571
2015-03-29,10000002,11399,6080,6114.98,5901.01,1968933,461
2015-03-30,10000002,34,6.05,6.08,5.99,10611992866,2744
2015-03-30,10000002,35,12.99,13.07,12.83,2419395464,1924
2015-03-30,10000002,36,58.3,58.5,58.22,1195338504,1752
2015-03-30,10000002,37,131.26,131.6,130.68,194051832,1560
2015-03-30,10000002,38,679.14,684,678.93,56083217,1472
2015-03-30,10000002,39,638.52,638.52,638.52,62822297,1383
2015-03-30,10000002,40,1028.42,1039.98,982,26177697,1299
2015-03-30,10000002,11399,6110,6119.94,6100,1487262,443
2015-03-31,10000002,34,6.02,6.05,5.94,10202450201,2584
2015-03-31,10000002,35,12.75,12.99,12.53,2260816723,1753
2015-03-31,10000002,36,58.74,58.79,56.55,633292519,1573
2015-03-31,10000002,37,130.49,130.82,125.67,182403281,1386
2015-03-31,10000002,38,649.97,678,644.52,94783069,1398
2015-03-31,10000002,39,640,640.02,611.42,75837390,1262
2015-03-31,10000002,40,990.07,990.07,990.07,41213475,1188
2015-03-31,10000002,11399,6000,6000,6000,1745299,376
2015-04-01,10000002,34,6.01,6.06,5.94,12895689391,2386
2015-04-01,10000002,35,12.76,12.89,12.72,1993605721,1671
2015-04-01,10000002,36,58.54,60,57.56,1074562311,1536
2015-04-01,10000002,37,130.4,130.48,128.16,105365259,1303
2015-04-01,10000002,38,674.95,677.78,651.09,39441909,1231
2015-04-01,10000002,39,998.98,1098.59,717.8,148103494,1415
2015-04-01,10000002,40,1349.97,1499.97,1100,91290390,1252
2015-04-01,10000002,11399,5952.93,5953,5850,3597554,425
2015-04-02,10000002,34,5.98,6.01,5.92,19883741978,2518
2015-04-02,10000002,35,12.72,12.84,12.62,2248456537,1670
2015-04-02,10000002,36,58.62,59.64,58.34,533123390,1528
2015-04-02,10000002,37,130.03,130.06,128,130975699,1396
2015-04-02,10000002,38,652.11,668.47,651.07,45742943,1293
2015-04-02,10000002,39,1010.44,1052.06,1010,153287165,1291
2015-04-02,10000002,40,1699.69,1828.7,1577.88,110420365,1250
2015-04-02,10000002,11399,6000.01,6124.28,5853.68,3901048,392
2015-04-03,10000002,34,6,6.01,5.9,18638521450,2722
2015-04-03,10000002,35,12.65,12.69,12.47,3211937792,1893
2015-04-03,10000002,36,59.25,59.42,57.51,959316992,1686
2015-04-03,10000002,37,127.5,128,124.73,133275893,1457
2015-04-03,10000002,38,652.26,661.6,630.4,55119919,1419
2015-04-03,10000002,39,952,991,939.99,163339724,1382
2015-04-03,10000002,40,1692.47,1966.28,1580,45173763,1306
2015-04-03,10000002,11399,6622.9,6623.8,6336.06,1785337,443
2015-04-04,10000002,34,5.84,5.92,5.81,14850636033,2873
2015-04-04,10000002,35,12.51,12.66,12.46,2180240960,1966
2015-04-04,10000002,36,56.15,58.23,55.67,721444595,1758
2015-04-04,10000002,37,125.77,127.4,124.06,153824453,1583
2015-04-04,10000002,38,635,635,635,97106113,1545
2015-04-04,10000002,39,1148.95,1488.93,1000.21,303389813,1650
2015-04-04,10000002,40,1753.92,2100,1585,145039615,1568
2015-04-04,10000002,11399,6207,6621.16,5918.47,1696056,420
2015-04-05,10000002,34,5.9,6,5.82,20472016262,3127
2015-04-05,10000002,35,12.5,12.52,12.46,2315529734,2056
2015-04-05,10000002,36,56.16,57.4,55.26,841567480,1875
2015-04-05,10000002,37,123.96,124.96,123.88,277836001,1667
2015-04-05,10000002,38,645,654.61,637.01,48634670,1520
2015-04-05,10000002,39,1296.76,1364.99,1230.02,184853243,1679
2015-04-05,10000002,40,1900,1950.15,1861,110005195,1464
2015-04-05,10000002,11399,6395.77,6438,6305.97,2026673,502
2015-04-06,10000002,34,5.84,5.88,5.79,17448545010,2744
2015-04-06,10000002,35,12.51,12.53,12.46,2870808402,1913
2015-04-06,10000002,36,56,56.97,55.53,844309851,1655
2015-04-06,10000002,37,124.69,125.3,123.71,168447879,1432
2015-04-06,10000002,38,637.04,642.88,636.72,49302007,1343
2015-04-06,10000002,39,1292.61,1298.9,1232.56,112074478,1318
2015-04-06,10000002,40,2088.49,2099.97,1950,53289422,1222
2015-04-06,10000002,11399,6395.78,6397.99,6200,1459696,387
2015-04-07,10000002,34,5.84,5.86,5.81,11692418628,2291
2015-04-07,10000002,35,12.62,12.64,12.43,2088637461,1574
2015-04-07,10000002,36,56.52,57.14,56.18,867824435,1473
2015-04-07,10000002,37,125,125.98,124.16,201946202,1267
2015-04-07,10000002,38,636.88,641.9,635,68466359,1200
2015-04-07,10000002,39,1236,1299.78,1210.11,122382097,1125
2015-04-07,10000002,40,1880,1947.8,1854.84,60700510,992
2015-04-07,10000002,11399,6395,6395.83,6302.16,2006057,353
2015-04-08,10000002,34,5.79,5.86,5.74,15265429165,2246
2015-04-08,10000002,35,12.43,12.5,12.4,2569835665,1586
2015-04-08,10000002,36,55.96,56.98,55.64,676625647,1398
2015-04-08,10000002,37,125.93,126.4,123.88,133960635,1199
2015-04-08,10000002,38,636.17,640,636.11,49452336,1197
2015-04-08,10000002,39,1242.8,1317.99,1231,49702220,1118
2015-04-08,10000002,40,1876.01,1936.38,1875.03,22435226,1020
2015-04-08,10000002,11399,6203.01,6397.93,6202.24,2242715,393
2015-04-09,10000002,34,5.8,5.85,5.76,12562471520,2173
2015-04-09,10000002,35,12.36,12.42,12.3,2904820309,1561
2015-04-09,10000002,36,55.68,55.85,55.65,844619394,1282
2015-04-09,10000002,37,124.87,125.39,124.01,167946265,1148
2015-04-09,10000002,38,636.26,643,636.23,57092671,1095
2015-04-09,10000002,39,1460.38,1599.73,1320,66976145,1104
2015-04-09,10000002,40,2100,2220.15,1936.64,55250778,968
2015-04-09,10000002,11399,6397.9,6397.95,6202.32,1539323,375
2015-04-10,10000002,34,5.77,5.81,5.72,9063896766,2107
2015-04-10,10000002,35,12.29,12.39,12.25,1619746262,1493
2015-04-10,10000002,36,54.89,55.3,54.52,728742617,1328
2015-04-10,10000002,37,123.62,124.09,122.93,161746396,1229
2015-04-10,10000002,38,636.24,639.95,621.11,51933195,1142
2015-04-10,10000002,39,1450,1548.94,1429.72,55303206,1187
2015-04-10,10000002,40,2293,2309.75,2260,41886642,1046
2015-04-10,10000002,11399,6619.99,6620.92,6219.26,1278492,362
2015-04-11,10000002,34,5.8,5.83,5.68,13622597804,2561
2015-04-11,10000002,35,12.32,12.4,12.24,2344426794,1747
2015-04-11,10000002,36,54.52,54.7,54.05,734197402,1558
2015-04-11,10000002,37,123.37,123.61,121.65,169418417,1336
2015-04-11,10000002,38,637.75,637.95,629.1,40649075,1352
2015-04-11,10000002,39,1398.91,1450,1305,57046221,1226
2015-04-11,10000002,40,2219.09,2309.99,2206.04,14636901,1100
2015-04-11,10000002,11399,6301,6619.56,6232.4,1397079,425
2015-04-12,10000002,34,5.7,5.79,5.62,13634327570,2705
2015-04-12,10000002,35,12.46,12.67,12.33,2239025588,1964
2015-04-12,10000002,36,54.4,54.41,54.01,832216048,1678
2015-04-12,10000002,37,123.08,123.49,121.05,156530525,1484
2015-04-12,10000002,38,637,638.44,620.06,48025699,1383
2015-04-12,10000002,39,1450,1592.9,1374.88,76926378,1420
2015-04-12,10000002,40,1850,2144.97,1600,96647615,1278
2015-04-12,10000002,11399,6526.04,6600,6506.4,2657397,419
2015-04-13,10000002,34,5.71,5.77,5.64,6794837134,2121
2015-04-13,10000002,35,12.74,12.76,12.4,2006733870,1529
2015-04-13,10000002,36,54.28,54.3,53.89,615386147,1335
2015-04-13,10000002,37,123.2,123.42,123,136037986,1186
2015-04-13,10000002,38,662.99,670,639.86,62696639,1194
2015-04-13,10000002,39,1451.04,1515,1450,39196767,1031
2015-04-13,10000002,40,2246.99,2283.99,2200,25705231,967
2015-04-13,10000002,11399,6506.4,6506.4,6506.4,3840842,363
2015-04-14,10000002,34,5.71,5.8,5.67,11123491844,2042
2015-04-14,10000002,35,12.54,12.6,12.39,1600292710,1446
2015-04-14,10000002,36,54.08,54.17,53.78,701007767,1314
2015-04-14,10000002,37,123,123.4,122,141012541,1162
2015-04-14,10000002,38,641.99,646.93,627.32,43438195,1164
2015-04-14,10000002,39,1460,1549.8,1400,115365941,1171
2015-04-14,10000002,40,2208,2281.33,2000,100383367,1110
2015-04-14,10000002,11399,6596.98,6597.65,6499,2933000,336
2015-04-15,10000002,34,5.62,5.69,5.53,13144377343,1982
2015-04-15,10000002,35,12.45,12.52,12.33,2272434642,1424
2015-04-15,10000002,36,53.96,54.05,53.06,908929001,1276
2015-04-15,10000002,37,121.2,123.1,120.52,212078054,1120
2015-04-15,10000002,38,639.95,641.92,627.22,39671078,1098
2015-04-15,10000002,39,1575.93,1577,1509.07,65735116,972
2015-04-15,10000002,40,2406.27,2417.85,2400,29230245,903
2015-04-15,10000002,11399,6451.01,6451.04,6451,5093130,381
2015-04-16,10000002,34,5.59,5.65,5.45,13704931073,1967
2015-04-16,10000002,35,12.5,12.56,12.42,2191118693,1390
2015-04-16,10000002,36,53.13,53.83,53.1,675364255,1243
2015-04-16,10000002,37,120.47,123.09,116.45,204479559,1152
2015-04-16,10000002,38,637.96,638.99,628.12,51116810,1092
2015-04-16,10000002,39,1510,1510.15,1507,86997712,1013
2015-04-16,10000002,40,2402.07,2480.04,2400.14,37913099,984
2015-04-16,10000002,11399,6451.09,6744.93,6451,2747822,337
2015-04-17,10000002,34,5.49,5.57,5.42,14584096732,2051
2015-04-17,10000002,35,12.39,12.49,12.23,2175668211,1445
2015-04-17,10000002,36,52.79,52.94,51.37,407175903,1248
2015-04-17,10000002,37,116.55,119.94,114.14,137897305,1105
2015-04-17,10000002,38,622,629.61,620,54814983,1107
2015-04-17,10000002,39,1345.09,1401.08,1317.05,87660822,1126
2015-04-17,10000002,40,2227.97,2305,2107.44,47357012,1066
2015-04-17,10000002,11399,6246.4,6246.41,6246.4,5577547,377
2015-04-18,10000002,34,5.44,5.53,5.37,15934047400,2536
2015-04-18,10000002,35,12.29,12.35,12.19,2244584959,1755
2015-04-18,10000002,36,52.53,52.73,51.52,728610988,1512
2015-04-18,10000002,37,119,121.96,116.25,188142469,1390
2015-04-18,10000002,38,619.99,634,607.2,59523805,1314
2015-04-18,10000002,39,1323.11,1379.98,1322,66215157,1193
2015-04-18,10000002,40,2064.45,2065.39,2062,21463798,1148
2015-04-18,10000002,11399,6281.18,6699.66,6281.07,2834580,472
2015-04-19,10000002,34,5.48,5.53,5.38,14965418807,2661
2015-04-19,10000002,35,12.22,12.26,12.18,2252675529,1897
2015-04-19,10000002,36,51.8,51.94,51.52,745042455,1647
2015-04-19,10000002,37,121.85,123.26,117.66,145001582,1471
2015-04-19,10000002,38,631,633,629.96,65265551,1428
2015-04-19,10000002,39,1300.92,1333.98,1300,44113647,1263
2015-04-19,10000002,40,2100.6,2144.78,2086.59,12062463,1145
2015-04-19,10000002,11399,6725.54,6796.95,6599.93,5539877,458
2015-04-20,10000002,34,5.54,5.56,5.45,12808072493,2126
2015-04-20,10000002,35,12.24,12.25,12.11,2259574555,1533
2015-04-20,10000002,36,52.15,52.29,51.7,750512094,1366
2015-04-20,10000002,37,120.92,121.99,120.92,146745025,1166
2015-04-20,10000002,38,600,609.34,550,97880597,1213
2015-04-20,10000002,39,1260,1300,1244.44,63914367,1139
2015-04-20,10000002,40,2064.45,2100,2000,22777005,971
2015-04-20,10000002,11399,7260.11,7449.99,7006.57,2834305,396
2015-04-21,10000002,34,5.39,5.44,5.37,14411922162,2187
2015-04-21,10000002,35,12.27,12.3,12.18,1879855792,1569
2015-04-21,10000002,36,51.74,51.98,50.63,825002255,1391
2015-04-21,10000002,37,121.03,121.8,119.1,108463459,1167
2015-04-21,10000002,38,607.86,608,588.53,56533993,1236
2015-04-21,10000002,39,1124.99,1248,1115,58290179,1148
2015-04-21,10000002,40,1948,1951.94,1947,39228670,1088
2015-04-21,10000002,11399,6256.57,6603.06,6093.38,6447203,407
2015-04-22,10000002,34,5.39,5.44,5.27,12284129577,1935
2015-04-22,10000002,35,12.27,12.3,12.17,2097966772,1345
2015-04-22,10000002,36,51.53,51.55,50.87,514613986,1164
2015-04-22,10000002,37,120.6,120.9,120,119295987,1051
2015-04-22,10000002,38,606,608.46,597.08,35813055,1005
2015-04-22,10000002,39,1210.03,1242.72,1190.53,43162891,1014
2015-04-22,10000002,40,1971,1972.99,1919.37,14955420,925
2015-04-22,10000002,11399,6850.06,6986.9,6758.7,2858000,389
2015-04-23,10000002,34,5.35,5.37,5.23,11029328227,1925
2015-04-23,10000002,35,12.27,12.31,12.24,1758539932,1349
2015-04-23,10000002,36,51.26,51.31,51,605204548,1235
2015-04-23,10000002,37,119.79,120.49,119.5,131078413,1110
2015-04-23,10000002,38,607,609,602.03,55647475,1078
2015-04-23,10000002,39,1242.77,1250.36,1166.18,41120293,1070
2015-04-23,10000002,40,1921.03,1997.89,1917.49,21176226,958
2015-04-23,10000002,11399,7036.89,7037.61,7000,3686208,413
2015-04-24,10000002,34,5.33,5.38,5.24,10078096638,2046
2015-04-24,10000002,35,12.39,12.41,12.15,1976708692,1437
2015-04-24,10000002,36,50.83,51.42,50.65,779957240,1314
2015-04-24,10000002,37,120.65,120.68,118.75,106975069,1103
2015-04-24,10000002,38,608.22,627.14,600.18,57315536,1131
2015-04-24,10000002,39,1329.93,1333,1305.85,38051577,1027
2015-04-24,10000002,40,2036.02,2108.89,2000,23446042,1039
2015-04-24,10000002,11399,7037.61,7037.61,7036.99,2768310,386
2015-04-25,10000002,34,5.38,5.45,5.25,18280274736,2393
2015-04-25,10000002,35,12.34,12.4,12.19,2516566958,1578
2015-04-25,10000002,36,51.29,51.52,50.71,780241545,1432
2015-04-25,10000002,37,119.44,119.97,115.4,151094626,1268
2015-04-25,10000002,38,610,619.95,595.3,66253850,1230
2015-04-25,10000002,39,1306.71,1338,1305.69,63451621,1197
2015-04-25,10000002,40,1960.81,2123.5,1958.19,16700120,1073
2015-04-25,10000002,11399,7199.95,7289.63,7149.49,2928867,426
2015-04-26,10000002,34,5.44,5.48,5.34,14815856080,2520
2015-04-26,10000002,35,12.5,12.63,12.22,2093040651,1777
2015-04-26,10000002,36,51.39,51.51,50.29,771070201,1595
2015-04-26,10000002,37,118.65,119.01,118.27,213030106,1427
2015-04-26,10000002,38,614.53,615,594.01,55575015,1408
2015-04-26,10000002,39,1299.8,1308,1260.01,57896933,1282
2015-04-26,10000002,40,2003.84,2075.98,1976,42828129,1209
2015-04-26,10000002,11399,7450,7500.1,7002.1,1862537,402
2015-04-27,10000002,34,5.34,5.4,5.24,11545537308,2285
2015-04-27,10000002,35,12.57,12.7,12.2,2404642946,1586
2015-04-27,10000002,36,50.48,50.75,49.77,852177902,1414
2015-04-27,10000002,37,120,122.96,118.99,136798240,1265
2015-04-27,10000002,38,615,617,600.4,48499662,1196
2015-04-27,10000002,39,1285.9,1285.97,1285.9,38329759,1134
2015-04-27,10000002,40,2066.92,2066.99,2060,24497637,1036
2015-04-27,10000002,11399,7497.89,7498.88,7474.98,1581403,356
2015-04-28,10000002,34,5.31,5.47,5.26,13687428628,2134
2015-04-28,10000002,35,12.26,12.66,12.18,2133838751,1486
2015-04-28,10000002,36,50,51.25,49.11,562537527,1311
2015-04-28,10000002,37,122.43,122.47,119,131628398,1137
2015-04-28,10000002,38,616,619.83,601.15,54113072,1171
2015-04-28,10000002,39,1258.01,1285.95,1250,70907482,1141
2015-04-28,10000002,40,2066,2077,2000,34777652,1073
2015-04-28,10000002,11399,7474.69,7474.94,7200,1120156,335
2015-04-29,10000002,34,5.39,5.44,5.25,12406009499,2148
2015-04-29,10000002,35,12.28,12.32,12.15,1975207345,1443
2015-04-29,10000002,36,49.18,50.01,48.82,974126241,1287
2015-04-29,10000002,37,119.05,121.46,118.99,149840226,1114
2015-04-29,10000002,38,601.06,617.95,592.1,49003397,1037
2015-04-29,10000002,39,1270,1272.97,1200.26,26196433,1003
2015-04-29,10000002,40,1986.45,2097,1974.47,10599772,966
2015-04-29,10000002,11399,7436.35,7436.77,7202.04,1449231,333
2015-04-30,10000002,34,5.24,5.38,5.18,8304936124,2092
2015-04-30,10000002,35,12.11,12.13,12.07,1667962146,1428
2015-04-30,10000002,36,48.23,48.57,46.11,519384469,1351
2015-04-30,10000002,37,120,120.68,118.73,130202280,1144
2015-04-30,10000002,38,616.48,616.78,589.83,40950133,1105
2015-04-30,10000002,39,1201.17,1209.96,1200,43759545,1108
2015-04-30,10000002,40,1980.02,2019.96,1978.59,14770777,984
2015-04-30,10000002,11399,7100.12,7434.69,7089.09,2204671,378
2015-05-01,10000002,34,5.25,5.27,5.11,16276782035,2267
2015-05-01,10000002,35,11.94,11.96,11.69,1960006597,1626
2015-05-01,10000002,36,47.82,48.05,46.95,754040589,1491
2015-05-01,10000002,37,118.89,120,116.28,197279231,1325
2015-05-01,10000002,38,607.95,612.21,593.57,67643345,1260
2015-05-01,10000002,39,1200,1209.97,1189.91,91311601,1305
2015-05-01,10000002,40,2030.56,2064,2000.02,19938822,1133
2015-05-01,10000002,11399,7434.46,7435,7150.01,2540448,382
2015-05-02,10000002,34,5.22,5.31,5.11,14360030905,2265
2015-05-02,10000002,35,11.62,11.72,11.54,2777403122,1513
2015-05-02,10000002,36,47.3,47.58,47.02,763393821,1319
2015-05-02,10000002,37,118.5,119.2,116.82,166091116,1197
2015-05-02,10000002,38,605,609.3,593.72,48185880,1182
2015-05-02,10000002,39,1296.88,1299.78,1250,53112268,1228
2015-05-02,10000002,40,2064.92,2106,2034,29478116,1085
2015-05-02,10000002,11399,7248.99,7349.92,7114.42,1667559,421
2015-05-03,10000002,34,5.19,5.24,5.12,9928937577,2524
2015-05-03,10000002,35,11.48,11.52,11.32,2833206135,1724
2015-05-03,10000002,36,45.5,46.14,44.46,694534807,1479
2015-05-03,10000002,37,118.49,120.43,117.6,136335976,1340
2015-05-03,10000002,38,595.5,604.94,575.26,67178139,1310
2015-05-03,10000002,39,1271.18,1344.99,1268.05,37628554,1239
2015-05-03,10000002,40,2269.98,2296,2267.93,27231056,1187
2015-05-03,10000002,11399,7230,7248.81,7161.22,2097179,429
2015-05-04,10000002,34,5.21,5.23,5.18,10560292609,2214
2015-05-04,10000002,35,11.43,11.52,11.26,1961622165,1498
2015-05-04,10000002,36,44.92,45,44.8,886918389,1381
2015-05-04,10000002,37,119.75,119.99,119,179071690,1211
2015-05-04,10000002,38,585.85,586.15,563.23,53648727,1211
2015-05-04,10000002,39,1286,1294.37,1256.39,36753322,1120
2015-05-04,10000002,40,2125.26,2218.11,2125.03,24671561,1044
2015-05-04,10000002,11399,7200,7246.99,7029.64,1485643,438
2015-05-05,10000002,34,5.18,5.22,5.17,8985460938,2093
2015-05-05,10000002,35,11.48,11.49,11.45,2421785891,1430
2015-05-05,10000002,36,44.6,44.8,44.09,777353333,1287
2015-05-05,10000002,37,119,119.99,118.23,211114322,1141
2015-05-05,10000002,38,581,584.39,568.54,66150884,1135
2015-05-05,10000002,39,1342.98,1352,1255.02,37257513,1059
2015-05-05,10000002,40,2150,2190,2100.05,13522250,956
2015-05-05,10000002,11399,7243.59,7243.63,7242.99,1619036,396
2015-05-06,10000002,34,5.28,5.31,5.16,11036925092,2362
2015-05-06,10000002,35,11.44,11.53,11.26,2315246472,1606
2015-05-06,10000002,36,44.55,44.64,43.4,733459673,1487
2015-05-06,10000002,37,118,119.07,115.34,153821124,1276
2015-05-06,10000002,38,568.83,584.79,560,66433148,1332
2015-05-06,10000002,39,1250.06,1347.79,1200,35719765,1294
2015-05-06,10000002,40,2044.44,2107.95,2044.04,18667935,1150
2015-05-06,10000002,11399,7240,7245.59,7055,2075960,469
2015-05-07,10000002,34,5.28,5.32,5.23,9308340910,2139
2015-05-07,10000002,35,11.4,11.48,11.22,1312410405,1426
2015-05-07,10000002,36,44.95,45.05,43.65,477284530,1282
2015-05-07,10000002,37,118.89,118.92,117.4,131258858,1134
2015-05-07,10000002,38,585,586,575.14,26763702,1080
2015-05-07,10000002,39,1258.02,1304.6,1220,25664060,1122
2015-05-07,10000002,40,2021.27,2130.1,2000.28,15661515,1065
2015-05-07,10000002,11399,7243.97,7243.98,7243.9,985816,356
2015-05-08,10000002,34,5.32,5.39,5.24,13321208128,2092
2015-05-08,10000002,35,11.39,11.42,11.36,2066722924,1435
2015-05-08,10000002,36,45.38,45.88,44.17,603823149,1254
2015-05-08,10000002,37,118,118.84,115.48,184492580,1127
2015-05-08,10000002,38,581,582.65,580.01,37482036,1021
2015-05-08,10000002,39,1203.02,1255,1200,48742465,1052
2015-05-08,10000002,40,2127,2128,2118.2,19520439,920
2015-05-08,10000002,11399,7238.93,7243.71,7063.17,989996,389
2015-05-09,10000002,34,5.34,5.36,5.24,9740098144,2266
2015-05-09,10000002,35,11.42,11.46,11.21,2243908783,1611
2015-05-09,10000002,36,45.89,45.93,44.27,775598971,1413
2015-05-09,10000002,37,118.88,118.99,113.73,165466154,1266
2015-05-09,10000002,38,574.66,579.97,556,61743778,1247
2015-05-09,10000002,39,1226.59,1229.8,1209.01,30160310,1166
2015-05-09,10000002,40,2102,2112.87,2072.04,11824160,1116
2015-05-09,10000002,11399,7238.72,7238.91,7052,2437069,463
2015-05-10,10000002,34,5.23,5.36,5.19,12277556922,2375
2015-05-10,10000002,35,11.27,11.34,11.19,2108350124,1658
2015-05-10,10000002,36,45.37,45.79,44.72,682237312,1466
2015-05-10,10000002,37,118.26,118.5,114.53,151584894,1278
2015-05-10,10000002,38,572,573.87,557.31,55267515,1243
2015-05-10,10000002,39,1208.25,1219.99,1200,42764589,1178
2015-05-10,10000002,40,2020,2098.99,2000.1,20326225,1119
2015-05-10,10000002,11399,7233.89,7234.99,7233,1358047,440
2015-05-11,10000002,34,5.24,5.28,5.16,10983775297,2274
2015-05-11,10000002,35,11.19,11.22,11.12,2456170267,1466
2015-05-11,10000002,36,45.2,45.25,44.79,856295981,1369
2015-05-11,10000002,37,117.94,117.98,115.54,153601843,1180
2015-05-11,10000002,38,568,568.92,559.03,56417858,1142
2015-05-11,10000002,39,1218,1219.49,1214.97,37847296,1122
2015-05-11,10000002,40,2097,2097.97,2060.03,14891792,1032
2015-05-11,10000002,11399,7232.98,7233,7232.96,1345410,394
2015-05-12,10000002,34,5.29,5.36,5.25,11902916131,2269
2015-05-12,10000002,35,11.09,11.1,11.06,2526407440,1507
2015-05-12,10000002,36,45.15,45.32,44,759995515,1380
2015-05-12,10000002,37,115.54,116.49,112.1,196922141,1155
2015-05-12,10000002,38,551.97,552.88,539.66,76268517,1119
2015-05-12,10000002,39,1219.49,1235,1215.11,42252598,1156
2015-05-12,10000002,40,2087.9,2097,2050,16861279,1056
2015-05-12,10000002,11399,7233.95,7248.6,7233,1397526,373
2015-05-13,10000002,34,5.32,5.4,5.26,12504144226,1943
2015-05-13,10000002,35,11.17,11.18,11.11,2270563098,1290
2015-05-13,10000002,36,44.35,45.25,43.84,491407084,1142
2015-05-13,10000002,37,113.49,114.99,111.45,149601488,978
2015-05-13,10000002,38,536,539.6,529,57159219,989
2015-05-13,10000002,39,1250.95,1252.95,1224.72,19404205,930
2015-05-13,10000002,40,2035.06,2086.07,2030.58,9950296,905
2015-05-13,10000002,11399,7248.9,7420,7248.9,1714780,363
2015-05-14,10000002,34,5.35,5.39,5.28,10853963044,2303
2015-05-14,10000002,35,11.24,11.39,11.11,2694244239,1593
2015-05-14,10000002,36,44.4,44.46,43.88,963867291,1374
2015-05-14,10000002,37,113.9,113.96,113,183961532,1210
2015-05-14,10000002,38,536.97,540,527.08,68966972,1178
2015-05-14,10000002,39,1219.89,1226.02,1190,35914420,1132
2015-05-14,10000002,40,2051.94,2063.85,2031,19679633,1073
2015-05-14,10000002,11399,7885.99,7885.99,7885.96,1762480,377
2015-05-15,10000002,34,5.23,5.31,5.2,10972932972,2075
2015-05-15,10000002,35,11.2,11.5,11.05,1660644860,1429
2015-05-15,10000002,36,44.15,44.3,43.3,494195472,1227
2015-05-15,10000002,37,113.96,114,110.02,143606585,1056
2015-05-15,10000002,38,526,534.88,510.36,42492617,1050
2015-05-15,10000002,39,1218.98,1220,1180.81,30295537,972
2015-05-15,10000002,40,2055,2055,2054,19858695,915
2015-05-15,10000002,11399,7887.83,7887.83,7885.99,1949050,367
2015-05-16,10000002,34,5.28,5.3,5.19,11775537160,2331
2015-05-16,10000002,35,11.42,11.46,11.24,2518710438,1590
2015-05-16,10000002,36,44.14,44.17,43.43,906766308,1381
2015-05-16,10000002,37,113.8,113.96,112.99,167112486,1207
2015-05-16,10000002,38,532.94,534.5,527.51,67501221,1196
2015-05-16,10000002,39,1218.96,1230.84,1212.6,40854247,1088
2015-05-16,10000002,40,2060,2061.77,2027.01,14805159,1039
2015-05-16,10000002,11399,8339,8489.94,8100,1182174,390
2015-05-17,10000002,34,5.27,5.48,5.21,13773067288,2434
2015-05-17,10000002,35,11.41,11.45,11.15,2286849979,1598
2015-05-17,10000002,36,43.21,44.4,43.16,881669802,1383
2015-05-17,10000002,37,111.64,114.5,111,256823619,1293
2015-05-17,10000002,38,513.65,530,513,65092213,1187
2015-05-17,10000002,39,1212,1248.84,1196.96,44948395,1184
2015-05-17,10000002,40,1918.08,2001.26,1917,33265873,1068
2015-05-17,10000002,11399,8489.97,8489.97,8261.45,3018820,505
2015-05-18,10000002,34,5.24,5.32,5.18,12704508009,2106
2015-05-18,10000002,35,11.38,11.45,11.07,2286008553,1430
2015-05-18,10000002,36,43.39,43.92,41.4,730784874,1243
2015-05-18,10000002,37,112,114.17,109.34,240879569,1133
2015-05-18,10000002,38,527,529.85,513.11,64288156,1067
2015-05-18,10000002,39,1238.97,1242.65,1200,59765712,1063
2015-05-18,10000002,40,1997,2009.79,1929.1,28408380,1023
2015-05-18,10000002,11399,8855.25,8869.87,8250.77,1223251,390
2015-05-19,10000002,34,5.26,5.32,5.2,13429445729,2008
2015-05-19,10000002,35,11.4,11.43,11.29,2122023283,1370
2015-05-19,10000002,36,43.53,43.55,42.76,686435854,1196
2015-05-19,10000002,37,112.97,113.97,109.71,125786447,1043
2015-05-19,10000002,38,528.53,528.67,513.04,39903207,1005
2015-05-19,10000002,39,1196.29,1241.78,1174.87,43021557,1062
2015-05-19,10000002,40,1930.01,1992.97,1920.04,21021224,950
2015-05-19,10000002,11399,8405,8699.91,8402.25,2389013,415
2015-05-20,10000002,34,5.3,5.32,5.22,7658695259,1933
2015-05-20,10000002,35,11.43,11.47,11.21,2602635311,1431
2015-05-20,10000002,36,43.59,43.67,43.15,839568033,1341
2015-05-20,10000002,37,112.87,113.3,111.02,132969546,1079
2015-05-20,10000002,38,528,532.79,520.01,54088101,1069
2015-05-20,10000002,39,1174.69,1198.79,1170,40690747,1018
2015-05-20,10000002,40,1927.6,1985.97,1900,19624043,962
2015-05-20,10000002,11399,8639.93,8650,8400.01,1383226,357
2015-05-21,10000002,34,5.22,5.25,5.19,12033275689,1890
2015-05-21,10000002,35,11.18,11.22,11.13,2550553228,1322
2015-05-21,10000002,36,44.4,44.42,44.25,966650736,1241
2015-05-21,10000002,37,111.88,112.9,109.61,278596920,1101
2015-05-21,10000002,38,529.97,530.97,524.94,50889510,1053
2015-05-21,10000002,39,1101.19,1200,900,77516984,1015
2015-05-21,10000002,40,1753.59,1900,1750,57529927,978
2015-05-21,10000002,11399,8372.02,8809.88,8360,2074674,354
2015-05-22,10000002,34,5.4,5.43,5.28,17891402196,1871
2015-05-22,10000002,35,11.24,11.32,11.19,1780131732,1249
2015-05-22,10000002,36,44.9,44.92,44.23,562041804,1153
2015-05-22,10000002,37,107.18,110.25,106.93,256601614,979
2015-05-22,10000002,38,530,530.88,520.01,42113997,907
2015-05-22,10000002,39,1199.99,1208.6,1199.98,22820747,931
2015-05-22,10000002,40,1961.3,1986,1956.19,19600078,874
2015-05-22,10000002,11399,8835,8835.55,8699.99,1235609,322
2015-05-23,10000002,34,5.28,5.3,5.25,8265783740,2058
2015-05-23,10000002,35,11.03,11.19,10.81,2122792665,1481
2015-05-23,10000002,36,44.42,45.04,43.54,965484488,1348
2015-05-23,10000002,37,110.02,110.16,107.51,157794653,1136
2015-05-23,10000002,38,532.98,570,518.7,92480291,1159
2015-05-23,10000002,39,1209.94,1230.58,1208.83,46761632,1142
2015-05-23,10000002,40,1971.39,1978.97,1913.13,12492175,940
2015-05-23,10000002,11399,8836,8837.76,8785,1131350,408
2015-05-24,10000002,34,5.33,5.37,5.26,14854555385,2401
2015-05-24,10000002,35,11.19,11.21,11.17,2283608095,1624
2015-05-24,10000002,36,44.8,44.95,43.84,684237209,1420
2015-05-24,10000002,37,107.95,109.91,107.18,146454282,1248
2015-05-24,10000002,38,573.89,579.77,562.29,61407852,1253
2015-05-24,10000002,39,1226.35,1227.5,1207.1,30389936,1191
2015-05-24,10000002,40,1959.7,1976.49,1927.27,17615653,1105
2015-05-24,10000002,11399,8763.76,8763.98,8663.38,1864137,409
2015-05-25,10000002,34,5.3,5.38,5.27,11492551353,2232
2015-05-25,10000002,35,11.21,11.25,11.07,2452653250,1556
2015-05-25,10000002,36,44.9,45.01,43.82,788293027,1396
2015-05-25,10000002,37,107.15,109.44,106.93,171185295,1173
2015-05-25,10000002,38,546.03,562.25,526.03,59406412,1126
2015-05-25,10000002,39,1224.01,1229.37,1207.07,31196106,1065
2015-05-25,10000002,40,1973.85,1974.99,1932,14568507,975
2015-05-25,10000002,11399,8999.97,8999.98,8769.87,3206720,426
2015-05-26,10000002,34,5.38,5.43,5.32,9639369720,1944
2015-05-26,10000002,35,11.27,11.32,11.08,2055382377,1359
2015-05-26,10000002,36,45.2,45.85,43.89,870985001,1227
2015-05-26,10000002,37,108.47,108.79,107.09,148673185,1051
2015-05-26,10000002,38,529.74,537,525.09,59858247,1029
2015-05-26,10000002,39,1240.99,1246.9,1208.03,27997203,979
2015-05-26,10000002,40,1973,1973.85,1954.01,13255068,913
2015-05-26,10000002,11399,9549.85,9549.85,9549.85,2401567,358
2015-05-27,10000002,34,5.34,5.4,5.27,12648015705,1912
2015-05-27,10000002,35,11.25,11.26,11.18,1897285576,1319
2015-05-27,10000002,36,45.7,45.84,44.53,731320887,1205
2015-05-27,10000002,37,109,112,107,190180302,1057
2015-05-27,10000002,38,534.99,536.98,518.36,71350862,1016
2015-05-27,10000002,39,1258.02,1258.02,1256.99,47017477,1000
2015-05-27,10000002,40,1973,1974.54,1919.28,13887658,850
2015-05-27,10000002,11399,9529.92,9548.97,9400,1238918,408
2015-05-28,10000002,34,5.35,5.43,5.32,13219391934,1945
2015-05-28,10000002,35,11.11,11.21,11.04,2232544836,1316
2015-05-28,10000002,36,44.39,45.78,43.75,717568821,1190
2015-05-28,10000002,37,111.74,112.62,108.52,137081482,1013
2015-05-28,10000002,38,518.71,529.05,502,33382042,962
2015-05-28,10000002,39,1285,1299.93,1261.11,23573805,953
2015-05-28,10000002,40,1969.99,1974.95,1933.33,10140626,855
2015-05-28,10000002,11399,9547.91,9547.96,9304.88,978303,349
2015-05-29,10000002,34,5.33,5.35,5.32,10890493938,1754
2015-05-29,10000002,35,11.11,11.16,11.07,2004239595,1215
2015-05-29,10000002,36,44.41,44.6,43.94,788292055,1085
2015-05-29,10000002,37,109.88,109.99,108.71,138399218,942
2015-05-29,10000002,38,511,520.01,503.02,57694903,1022
2015-05-29,10000002,39,1299.83,1299.93,1258.15,33829250,939
2015-05-29,10000002,40,1979.99,1993.49,1934.23,17066206,871
2015-05-29,10000002,11399,9547.91,9547.93,9546.88,1270907,348
2015-05-30,10000002,34,5.35,5.38,5.26,10328546136,2136
2015-05-30,10000002,35,11.17,11.27,11.04,2364128004,1505
2015-05-30,10000002,36,44.54,44.65,43.99,854697293,1344
2015-05-30,10000002,37,109,109.83,107.88,190860428,1087
2015-05-30,10000002,38,516.42,518.9,510.03,58476577,1060
2015-05-30,10000002,39,1285.87,1299.85,1239.34,22726164,1004
2015-05-30,10000002,40,2048.97,2056.82,1974.12,13062803,916
2015-05-30,10000002,11399,9539.99,9546.76,9303.97,1588088,398
2015-05-31,10000002,34,5.29,5.33,5.26,9179349912,2279
2015-05-31,10000002,35,11.12,11.23,11.02,2061344364,1581
2015-05-31,10000002,36,44.91,45.82,44.16,1162556699,1383
2015-05-31,10000002,37,109.3,109.5,108.15,149200937,1165
2015-05-31,10000002,38,515.98,517.9,510,57836575,1141
2015-05-31,10000002,39,1285,1285.78,1266,33875424,1105
2015-05-31,10000002,40,2053.91,2054.98,1998.2,10673229,950
2015-05-31,10000002,11399,9546.7,9546.74,9546,2159474,429
2015-06-01,10000002,34,5.23,5.33,5.17,25735487080,1964
2015-06-01,10000002,35,11.17,11.21,11.09,2088418002,1326
2015-06-01,10000002,36,44.78,45.41,43.99,554465077,1150
2015-06-01,10000002,37,108.31,109.1,108.1,168238104,1024
2015-06-01,10000002,38,519.97,520,519.97,70296535,1036
2015-06-01,10000002,39,1298.98,1300,1264.01,33908487,955
2015-06-01,10000002,40,2053.89,2053.91,2052.99,10344536,769
2015-06-01,10000002,11399,9546.67,9546.67,9546.67,2075289,350
2015-06-02,10000002,34,5.22,5.26,5.15,9682533406,1816
2015-06-02,10000002,35,11.14,11.17,10.99,1299319182,1176
2015-06-02,10000002,36,44.76,45.03,43.99,570691221,1084
2015-06-02,10000002,37,108,109,103.14,125864088,973
2015-06-02,10000002,38,543,570.8,527.95,61903133,988
2015-06-02,10000002,39,1335.02,1374,1309.83,38682562,954
2015-06-02,10000002,40,2053.91,2055.95,2053.89,11800162,803
2015-06-02,10000002,11399,9546.6,9546.64,9530,1219962,328
2015-06-03,10000002,34,5.21,5.22,5.19,10052537707,1915
2015-06-03,10000002,35,11.1,11.12,10.86,1638572566,1339
2015-06-03,10000002,36,44.48,44.58,43.5,615383592,1199
2015-06-03,10000002,37,108.26,108.33,108,113509524,1019
2015-06-03,10000002,38,559.18,570.05,559.12,66306571,1030
2015-06-03,10000002,39,1375.84,1375.96,1322.05,39738857,937
2015-06-03,10000002,40,2088.99,2102.85,2051.11,10568300,829
2015-06-03,10000002,11399,9546.63,9547.99,9546.61,3940260,322
2015-06-04,10000002,34,5.29,5.3,5.23,8931022330,1943
2015-06-04,10000002,35,11.09,11.11,10.98,2294617949,1323
2015-06-04,10000002,36,44.6,44.71,43.61,824127614,1207
2015-06-04,10000002,37,107.97,108.5,103.9,192140794,1082
2015-06-04,10000002,38,564.99,579.92,542.08,59995420,1036
2015-06-04,10000002,39,1385.27,1424.35,1380.1,45329854,1064
2015-06-04,10000002,40,2102.95,2199.96,2050.02,17144443,945
2015-06-04,10000002,11399,9554.27,10005,9547.99,3135805,360
2015-06-05,10000002,34,5.25,5.3,5.22,10770774290,1915
2015-06-05,10000002,35,11.11,11.14,10.99,1773882007,1314
2015-06-05,10000002,36,44.59,44.61,44,535147848,1155
2015-06-05,10000002,37,108,108.97,104.16,125035592,1054
2015-06-05,10000002,38,540.07,559.96,533.5,42721372,974
2015-06-05,10000002,39,1328.12,1378.91,1322.12,32376940,1053
2015-06-05,10000002,40,2100,2180.98,2060,11301831,914
2015-06-05,10000002,11399,11955.09,11955.1,10999.05,4971781,357
2015-06-06,10000002,34,5.28,5.32,5.23,11901881453,2144
2015-06-06,10000002,35,11.1,11.11,11.02,2401207874,1431
2015-06-06,10000002,36,44.35,44.42,44.19,562360417,1212
2015-06-06,10000002,37,108.37,108.89,105.12,153399769,1106
2015-06-06,10000002,38,535.81,535.89,516.28,36874137,1019
2015-06-06,10000002,39,1372.45,1378.84,1358.98,26260120,1002
2015-06-06,10000002,40,2148.68,2149.99,2086.6,13385460,890
2015-06-06,10000002,11399,13449.67,13565.67,13449.43,5108260,403
2015-06-07,10000002,34,5.29,5.31,5.25,10296599491,2219
2015-06-07,10000002,35,11.1,11.11,11.06,1683237560,1492
2015-06-07,10000002,36,44.19,44.28,43.76,653289333,1297
2015-06-07,10000002,37,108.95,109.18,107,99761638,1120
2015-06-07,10000002,38,532.6,532.91,519.35,48290991,1128
2015-06-07,10000002,39,1376.98,1377.96,1370.01,24012645,1057
2015-06-07,10000002,40,2174,2180.98,2100,13177327,969
2015-06-07,10000002,11399,14372.95,14373.8,13900.01,2095862,445
2015-06-08,10000002,34,5.29,5.35,5.25,15667767517,1917
2015-06-08,10000002,35,11.01,11.04,10.93,1941837627,1353
2015-06-08,10000002,36,44,44.08,43.67,814945806,1173
2015-06-08,10000002,37,105.56,107,105.56,198103751,1079
2015-06-08,10000002,38,530.87,530.99,519.07,59004546,1018
2015-06-08,10000002,39,1375.97,1377.93,1346.15,28215716,939
2015-06-08,10000002,40,2152.78,2165,2102.39,11687515,857
2015-06-08,10000002,11399,13672.04,14358.99,13671,1541248,409
2015-06-09,10000002,34,5.27,5.29,5.2,9487303139,1874
2015-06-09,10000002,35,10.99,11.01,10.92,2562252988,1304
2015-06-09,10000002,36,43.98,44.07,43.93,600002624,1060
2015-06-09,10000002,37,107.5,107.89,104.99,148600963,897
2015-06-09,10000002,38,515.09,530.99,514.65,62530375,948
2015-06-09,10000002,39,1300,1305,1300,50754180,884
2015-06-09,10000002,40,2061,2126,2034,15793503,808
2015-06-09,10000002,11399,14221.93,14256.81,13701.2,2179699,472
2015-06-10,10000002,34,5.26,5.32,5.18,14754142708,1861
2015-06-10,10000002,35,10.95,10.96,10.91,2204083772,1231
2015-06-10,10000002,36,44.03,44.07,43.61,777374461,1091
2015-06-10,10000002,37,105.99,106.91,104.37,202774969,989
2015-06-10,10000002,38,527.98,529.94,515.1,71102405,989
2015-06-10,10000002,39,1315,1324.85,1270.73,36666870,954
2015-06-10,10000002,40,2050,2098.83,1954.11,15981345,797
2015-06-10,10000002,11399,13151.03,13899.98,12899.98,1854027,396
2015-06-11,10000002,34,5.29,5.31,5.18,9804045513,1710
2015-06-11,10000002,35,10.97,10.98,10.9,1805147985,1231
2015-06-11,10000002,36,43.37,44.08,42.05,728926851,1114
2015-06-11,10000002,37,106.4,106.5,103.15,189441897,930
2015-06-11,10000002,38,537.79,541.96,526.02,36197365,931
2015-06-11,10000002,39,1310,1313.89,1299.97,17966519,891
2015-06-11,10000002,40,2040,2047,2002,6724411,766
2015-06-11,10000002,11399,12500.97,12749.97,12000,1699663,379
2015-06-12,10000002,34,5.26,5.3,5.18,7432003757,1769
2015-06-12,10000002,35,10.98,10.99,10.9,1795661431,1224
2015-06-12,10000002,36,43.91,44.02,42.99,574388044,1104
2015-06-12,10000002,37,105.77,105.92,100.67,115255461,924
2015-06-12,10000002,38,540.93,542,530.14,35947467,908
2015-06-12,10000002,39,1309,1312.99,1307,37587874,924
2015-06-12,10000002,40,2035,2038.97,1962.02,12773110,809
2015-06-12,10000002,11399,10992.58,11901.02,10001.03,1538624,341
2015-06-13,10000002,34,5.18,5.27,5.15,15842352002,2051
2015-06-13,10000002,35,10.8,10.87,10.72,1940228480,1387
2015-06-13,10000002,36,43.59,43.73,42.11,705147845,1314
2015-06-13,10000002,37,102.95,103.99,101.32,139861787,1103
2015-06-13,10000002,38,530.44,533.79,516.47,40248722,1076
2015-06-13,10000002,39,1377.5,1379.77,1325.05,38828764,1070
2015-06-13,10000002,40,2045.89,2045.95,2008.03,13867472,975
2015-06-13,10000002,11399,10499.99,10986.94,10499.8,1277308,426
2015-06-14,10000002,34,5.23,5.26,5.15,14849643412,2419
2015-06-14,10000002,35,10.88,10.9,10.84,2597714505,1600
2015-06-14,10000002,36,43.36,43.64,42.69,779527508,1372
2015-06-14,10000002,37,102.99,103.46,100.75,128233431,1225
2015-06-14,10000002,38,525.8,526.09,516,43983138,1125
2015-06-14,10000002,39,1394.95,1395,1380,26021178,1125
2015-06-14,10000002,40,2096.69,2097.92,2082,10667815,1028
2015-06-14,10000002,11399,10600,10947.71,10103.2,1660950,455
2015-06-15,10000002,34,5.21,5.25,5.1,18312411685,1935
2015-06-15,10000002,35,10.77,10.86,10.68,2565631830,1318
2015-06-15,10000002,36,43,43.31,42.67,824910095,1143
2015-06-15,10000002,37,102.45,102.5,101,128942155,962
2015-06-15,10000002,38,509.09,518.74,502,58563415,884
2015-06-15,10000002,39,1346.11,1398.76,1343.33,29467974,934
2015-06-15,10000002,40,2058.2,2180,2050.8,15234399,879
2015-06-15,10000002,11399,10207,10207,10207,2681475,388
2015-06-16,10000002,34,5.22,5.24,5.16,9885712131,1801
2015-06-16,10000002,35,10.8,10.81,10.77,2136944902,1227
2015-06-16,10000002,36,42,42.96,41.47,688361655,1068
2015-06-16,10000002,37,100.51,101.1,99.99,206611887,972
2015-06-16,10000002,38,515.89,516.16,493,38803241,888
2015-06-16,10000002,39,1381.7,1381.82,1299.07,23980089,921
2015-06-16,10000002,40,2060.52,2170.2,2058.4,13094942,887
2015-06-16,10000002,11399,11740.89,11740.93,11740.86,1115350,345
2015-06-17,10000002,34,5.18,5.22,5.16,11659802653,1799
2015-06-17,10000002,35,10.79,10.83,10.78,1373034135,1168
2015-06-17,10000002,36,42.53,42.76,41.95,414955089,995
2015-06-17,10000002,37,101.44,101.52,97.06,93129803,846
2015-06-17,10000002,38,514,515.86,505,36009713,829
2015-06-17,10000002,39,1381.83,1398,1370,24473581,815
2015-06-17,10000002,40,2110.04,2148.14,2081.24,8641388,737
2015-06-17,10000002,11399,11739.49,11739.99,11418.35,1093621,376
2015-06-18,10000002,34,5.16,5.23,5.14,8556071200,1721
2015-06-18,10000002,35,10.79,10.81,10.7,1960261434,1242
2015-06-18,10000002,36,42.53,42.59,42.11,539627601,1099
2015-06-18,10000002,37,100.78,101.2,97.4,244329299,989
2015-06-18,10000002,38,511.89,513,497.09,56972533,932
2015-06-18,10000002,39,1400.02,1424.11,1399,28067446,928
2015-06-18,10000002,40,2129.88,2129.88,2129.87,12488558,835
2015-06-18,10000002,11399,11500,11727,10103.5,1499337,332
2015-06-19,10000002,34,5.15,5.19,5.13,9839020693,1681
2015-06-19,10000002,35,11.03,11.06,10.8,1483574131,1188
2015-06-19,10000002,36,42.45,42.49,42.12,571885246,1031
2015-06-19,10000002,37,101.7,102,101.5,140192831,966
2015-06-19,10000002,38,510.89,511,498.08,41353023,877
2015-06-19,10000002,39,1496,1497.8,1425.88,34188556,864
2015-06-19,10000002,40,2129.88,2129.98,2129,9126086,786
2015-06-19,10000002,11399,11726.92,11726.92,11726.91,759037,297
2015-06-20,10000002,34,5.13,5.15,5.11,10448570052,1913
2015-06-20,10000002,35,10.97,10.99,10.91,1764503445,1307
2015-06-20,10000002,36,42.39,42.4,42.16,767462880,1175
2015-06-20,10000002,37,102.28,105,101.88,170577596,1062
2015-06-20,10000002,38,516.15,522.3,511.5,90509482,1094
2015-06-20,10000002,39,1459.03,1497,1435.09,28964317,982
2015-06-20,10000002,40,2127.93,2127.95,2096.1,12688503,917
2015-06-20,10000002,11399,11740.11,11743.92,11500,2218452,407
2015-06-21,10000002,34,5.14,5.15,5.12,9235457468,2106
2015-06-21,10000002,35,10.94,10.95,10.91,2682624333,1505
2015-06-21,10000002,36,42.3,42.39,42.23,919690770,1340
2015-06-21,10000002,37,105.7,107.77,104,165366215,1163
2015-06-21,10000002,38,524.97,554.79,515.26,38841284,1073
2015-06-21,10000002,39,1530,1539.68,1495.08,29322401,1044
2015-06-21,10000002,40,2148.94,2170.9,2139.99,17921849,949
2015-06-21,10000002,11399,13769.86,13799.96,12400.2,1345427,330
2015-06-22,10000002,34,5.17,5.19,5.12,6529829718,1659
2015-06-22,10000002,35,10.89,10.93,10.77,1893514023,1133
2015-06-22,10000002,36,42.41,42.91,42.3,573267504,1031
2015-06-22,10000002,37,107.88,107.9,104.41,166552294,909
2015-06-22,10000002,38,536.69,537.76,519.41,40301287,829
2015-06-22,10000002,39,1539,1539.56,1538.95,24597022,809
2015-06-22,10000002,40,2170.85,2171,2110.32,13592871,765
2015-06-22,10000002,11399,13689.81,13766.4,12404.14,1280010,366
2015-06-23,10000002,34,5.2,5.22,5.15,9567057812,1649
2015-06-23,10000002,35,10.91,10.93,10.87,2029866587,1142
2015-06-23,10000002,36,43.1,43.24,42.77,435716074,994
2015-06-23,10000002,37,105.63,109.91,105.13,131374577,880
2015-06-23,10000002,38,536,542,521.23,37457428,863
2015-06-23,10000002,39,1514,1560,1501.63,23632716,828
2015-06-23,10000002,40,2247.9,2300,2244,11679549,732
2015-06-23,10000002,11399,11999.97,12583.01,10004,3747842,381
2015-06-24,10000002,34,5.22,5.23,5.2,8343451286,1627
2015-06-24,10000002,35,10.92,10.93,10.87,1918912022,1101
2015-06-24,10000002,36,43.14,43.42,42.91,782288818,967
2015-06-24,10000002,37,108.76,109.16,106.01,172478609,865
2015-06-24,10000002,38,547.87,547.87,546.91,44718824,818
2015-06-24,10000002,39,1558.89,1559.86,1493.03,18273611,822
2015-06-24,10000002,40,2299.4,2299.83,2218.2,9887590,760
2015-06-24,10000002,11399,11899.89,12499.96,11000,1858197,329
2015-06-25,10000002,34,5.22,5.24,5.16,6600928070,1632
2015-06-25,10000002,35,10.89,10.94,10.62,2532455708,1125
2015-06-25,10000002,36,43.5,43.72,42.43,580490402,995
2015-06-25,10000002,37,106.5,108.15,104.37,94855377,861
2015-06-25,10000002,38,532.5,544.82,524.37,29013751,804
2015-06-25,10000002,39,1544.48,1558.73,1510.15,20821824,790
2015-06-25,10000002,40,2288.64,2298.69,2216.01,12082090,772
2015-06-25,10000002,11399,12090.75,12497.97,11899.88,1209199,324
2015-06-26,10000002,34,5.2,5.21,5.15,6805686843,1559
2015-06-26,10000002,35,10.9,10.9,10.88,1575066940,1103
2015-06-26,10000002,36,42.71,42.75,42.52,470770362,976
2015-06-26,10000002,37,104.07,104.07,104.07,132480436,850
2015-06-26,10000002,38,529.9,529.9,529.83,39773488,822
2015-06-26,10000002,39,1526.61,1542,1491.04,19543452,785
2015-06-26,10000002,40,2273.91,2274.07,2215.47,11390559,700
2015-06-26,10000002,11399,12151.01,12450,12150.06,1219212,295
2015-06-27,10000002,34,5.22,5.24,5.16,6610472240,1945
2015-06-27,10000002,35,10.88,10.9,10.75,1193986153,1273
2015-06-27,10000002,36,42.72,42.79,42.34,534059444,1234
2015-06-27,10000002,37,103.5,103.94,102.24,161362002,1090
2015-06-27,10000002,38,531.99,531.99,531,46924838,950
2015-06-27,10000002,39,1535.27,1536.18,1500,21766561,984
2015-06-27,10000002,40,2268.86,2270.09,2215.49,10569137,876
2015-06-27,10000002,11399,12488,12488.98,12002.01,1146841,392
2015-06-28,10000002,34,5.24,5.27,5.2,12175591383,2176
2015-06-28,10000002,35,10.88,10.9,10.81,2316931799,1488
2015-06-28,10000002,36,42.69,42.87,42.24,981627717,1360
2015-06-28,10000002,37,103.84,103.9,102.15,159835068,1151
2015-06-28,10000002,38,532.9,534.36,528.17,38737649,1092
2015-06-28,10000002,39,1535,1537.7,1510.79,28798467,1093
2015-06-28,10000002,40,2200,2266.59,2115,14673680,960
2015-06-28,10000002,11399,11979.97,12497.62,11520,2007902,476
2015-06-29,10000002,34,5.17,5.23,5.15,6510903568,1755
2015-06-29,10000002,35,10.83,10.91,10.7,1430991260,1246
2015-06-29,10000002,36,42.19,42.74,41.62,440051374,1096
2015-06-29,10000002,37,103.39,103.4,101.14,97884919,971
2015-06-29,10000002,38,536.95,538.8,529.3,31841906,899
2015-06-29,10000002,39,1502.31,1543.8,1501.55,34076962,946
2015-06-29,10000002,40,2236,2239.19,2114.09,8152533,800
2015-06-29,10000002,11399,12460.93,12461,11891,1284843,370
2015-06-30,10000002,34,5.21,5.23,5.16,7103563450,1683
2015-06-30,10000002,35,10.84,10.85,10.75,1999192373,1200
2015-06-30,10000002,36,41.97,42.11,41.12,451946521,1069
2015-06-30,10000002,37,100.94,101.06,99.05,126404865,1020
2015-06-30,10000002,38,529.3,534.97,528.26,41529843,928
2015-06-30,10000002,39,1526.99,1528,1479.2,19506147,908
2015-06-30,10000002,40,2176.47,2210.2,2113.27,7734044,812
2015-06-30,10000002,11399,12101,12447.95,12099,1193247,392
2015-07-01,10000002,34,5.23,5.24,5.2,7510383970,1588
2015-07-01,10000002,35,10.74,10.76,10.72,1438838938,1159
2015-07-01,10000002,36,41.89,41.99,41.26,652122429,1064
2015-07-01,10000002,37,101.79,102.2,96.19,147457967,946
2015-07-01,10000002,38,530.88,531,525.6,37987850,883
2015-07-01,10000002,39,1526.95,1527.94,1506.23,24600902,922
2015-07-01,10000002,40,2113.09,2148.49,2062.09,15318332,863
2015-07-01,10000002,11399,12450.27,12492.76,12445.28,1100752,308
2015-07-02,10000002,34,5.22,5.25,5.18,6827871608,1831
2015-07-02,10000002,35,10.75,10.77,10.71,2065258657,1252
2015-07-02,10000002,36,42.12,42.61,41.61,629191915,1101
2015-07-02,10000002,37,101.96,102.3,96.89,141266563,971
2015-07-02,10000002,38,515.58,525.53,497.48,65524546,954
2015-07-02,10000002,39,1525,1527,1481.01,20834129,895
2015-07-02,10000002,40,2127.95,2136.49,2001.4,12769854,840
2015-07-02,10000002,11399,12450.18,12450.26,12191.23,1065244,329
2015-07-03,10000002,34,5.27,5.3,5.14,17084211241,1667
2015-07-03,10000002,35,10.94,10.94,10.86,1586603954,1201
2015-07-03,10000002,36,43.46,43.64,43.4,589465289,1012
2015-07-03,10000002,37,102,102.3,101.98,182413527,919
2015-07-03,10000002,38,525.99,526.5,510,59053347,856
2015-07-03,10000002,39,1500,1539,1470,40983726,845
2015-07-03,10000002,40,2128.77,2139.58,2089.99,15684730,813
2015-07-03,10000002,11399,12500,12500,12499.84,2607037,343
2015-07-04,10000002,34,5.23,5.25,5.15,8281138736,1899
2015-07-04,10000002,35,10.89,10.94,10.85,1934679516,1320
2015-07-04,10000002,36,42.75,43.5,42.2,749991397,1177
2015-07-04,10000002,37,103.2,103.98,100.97,161132502,1048
2015-07-04,10000002,38,528.14,530.69,507.15,40990281,980
2015-07-04,10000002,39,1485.21,1542.95,1484.1,32134706,984
2015-07-04,10000002,40,2110.29,2170.59,2050.28,16948868,929
2015-07-04,10000002,11399,13300,13674.91,12476.16,1242661,318
2015-07-05,10000002,34,5.23,5.25,5.19,9971321365,2039
2015-07-05,10000002,35,10.92,10.95,10.74,1912797794,1357
2015-07-05,10000002,36,43.54,43.57,43.09,656981350,1181
2015-07-05,10000002,37,102.99,103.19,96.23,143130947,1025
2015-07-05,10000002,38,521.15,528.77,498.25,67730008,1024
2015-07-05,10000002,39,1541.95,1543.98,1476.63,27716103,1020
2015-07-05,10000002,40,2140.8,2146.92,2031.14,12822312,976
2015-07-05,10000002,11399,12265.42,13489.49,12261.44,1951848,373
2015-07-06,10000002,34,5.24,5.25,5.21,13862816687,1784
2015-07-06,10000002,35,10.88,10.89,10.76,2261739598,1224
2015-07-06,10000002,36,43.23,43.36,42.12,555003457,1104
2015-07-06,10000002,37,97.86,102.94,97,148482087,976
2015-07-06,10000002,38,517.94,519.89,502.91,31926380,900
2015-07-06,10000002,39,1518,1558.73,1491.09,25604926,885
2015-07-06,10000002,40,2119.57,2139.98,2062.02,8090468,853
2015-07-06,10000002,11399,13000,13398.44,12726,1251101,378
2015-07-07,10000002,34,5.22,5.23,5.2,7700417814,1697
2015-07-07,10000002,35,10.81,10.81,10.75,2094908654,1259
2015-07-07,10000002,36,42.65,42.9,41.89,500988744,1230
2015-07-07,10000002,37,100.5,100.97,99.54,105863299,957
2015-07-07,10000002,38,500.6,512.99,500,40379215,1004
2015-07-07,10000002,39,1505,1529.99,1497.6,34639477,880
2015-07-07,10000002,40,2040,2061.11,2030,14159952,785
2015-07-07,10000002,11399,13104.67,13381.82,12311.1,1089119,325
2015-07-08,10000002,34,5.24,5.26,5.23,11368035209,1689
2015-07-08,10000002,35,10.8,10.83,10.4,1507374439,1204
2015-07-08,10000002,36,42.54,42.6,40.95,470615000,1024
2015-07-08,10000002,37,100.31,100.44,96.77,144922742,957
2015-07-08,10000002,38,498.95,505.88,490.06,41794471,901
2015-07-08,10000002,39,1498.85,1540.98,1450,37200198,960
2015-07-08,10000002,40,2000.18,2097,1979.78,8916801,901
2015-07-08,10000002,11399,12999,13050.75,12600,1254852,411
2015-07-09,10000002,34,5.26,5.28,5.22,10613022188,1757
2015-07-09,10000002,35,10.79,10.8,10.75,1614275989,1226
2015-07-09,10000002,36,42.48,42.53,42,591257086,1040
2015-07-09,10000002,37,99.99,100.19,99.9,118847659,913
2015-07-09,10000002,38,503.99,505,499.84,38127996,847
2015-07-09,10000002,39,1539.59,1540.05,1494.06,26214501,858
2015-07-09,10000002,40,2066.93,2067.79,1979.81,9987122,845
2015-07-09,10000002,11399,12499.98,12993.63,12310,1212524,380
2015-07-10,10000002,34,5.29,5.32,5.24,12580993088,1907
2015-07-10,10000002,35,10.79,10.8,10.78,1733093360,1217
2015-07-10,10000002,36,42.17,42.34,41.08,648012769,1043
2015-07-10,10000002,37,99.46,99.6,97.46,129409627,911
2015-07-10,10000002,38,498.4,498.89,481.82,40812666,901
2015-07-10,10000002,39,1537.92,1539.44,1537.43,28955950,861
2015-07-10,10000002,40,2066.93,2114.75,1989.53,13708467,846
2015-07-10,10000002,11399,12497.99,12498.68,11912.34,824314,318
2015-07-11,10000002,34,5.24,5.27,5.19,7258489923,1991
2015-07-11,10000002,35,10.84,10.86,10.81,1857543666,1314
2015-07-11,10000002,36,42.11,42.14,41.21,489565547,1126
2015-07-11,10000002,37,97.55,99.25,97.18,160994550,968
2015-07-11,10000002,38,491.95,493.02,482.38,44856270,968
2015-07-11,10000002,39,1516.93,1539.37,1492,22345512,924
2015-07-11,10000002,40,2050.07,2135.6,2009.66,28266289,849
2015-07-11,10000002,11399,12251.55,12399.98,11918.3,2617110,428
2015-07-12,10000002,34,5.26,5.27,5.23,11124327785,2219
2015-07-12,10000002,35,10.82,10.88,10.74,2296810536,1558
2015-07-12,10000002,36,42.1,42.13,41.59,455821638,1268
2015-07-12,10000002,37,98.85,99.03,94.03,131035528,1191
2015-07-12,10000002,38,498.45,503,483.58,50315357,1125
2015-07-12,10000002,39,1494.01,1539.25,1482.12,31975560,1146
2015-07-12,10000002,40,2001,2078.67,1965.09,14325145,1012
2015-07-12,10000002,11399,12385.99,12386.52,11853.03,1553064,397
2015-07-13,10000002,34,5.29,5.32,5.17,13486384999,2030
2015-07-13,10000002,35,10.73,10.86,10.67,1692787502,1354
2015-07-13,10000002,36,41.15,41.81,41.13,652752813,1174
2015-07-13,10000002,37,98,98.38,95.56,140796792,1001
2015-07-13,10000002,38,486.21,502.94,484.34,54233910,1022
2015-07-13,10000002,39,1537.03,1539.09,1495.09,24084231,960
2015-07-13,10000002,40,2015,2050.57,1991.56,12610136,946
2015-07-13,10000002,11399,12393,12399,12391.9,1769832,410
2015-07-14,10000002,34,5.22,5.3,5.21,8452722805,1947
2015-07-14,10000002,35,10.76,10.83,10.35,1585737328,1316
2015-07-14,10000002,36,42.15,42.62,41.12,648453153,1156
2015-07-14,10000002,37,97.82,97.84,96.02,149217835,1023
2015-07-14,10000002,38,496,496.84,491.99,50688603,1021
2015-07-14,10000002,39,1539.06,1539.14,1493.68,22492469,961
2015-07-14,10000002,40,2058.49,2058.99,2000,9307594,874
2015-07-14,10000002,11399,12388.96,12399.96,12384.55,1879616,381
2015-07-15,10000002,34,5.21,5.25,5.2,1957364152,763
2015-07-15,10000002,35,10.77,10.78,10.38,458083820,547
2015-07-15,10000002,36,42.56,42.64,41.01,140589736,454
2015-07-15,10000002,37,97.74,97.74,97.74,49423225,404
2015-07-15,10000002,38,494.56,494.86,480.27,11400704,390
2015-07-15,10000002,39,1543.88,1588,1489.29,17314521,416
2015-07-15,10000002,40,1960.11,2057,1876.5,4757269,386
2015-07-15,10000002,11399,12399.96,12399.97,12399.95,777848,162
2015-07-16,10000002,34,5.25,5.27,5.2,11402616738,1976
2015-07-16,10000002,35,10.7,10.8,10.22,1759043019,1416
2015-07-16,10000002,36,42.55,42.69,41.24,590193751,1253
2015-07-16,10000002,37,96.99,97.74,95.45,119687932,1040
2015-07-16,10000002,38,487.88,489.9,456.73,38298318,1047
2015-07-16,10000002,39,1540.6,1593.4,1500,27278212,984
2015-07-16,10000002,40,1999.95,2055.99,1941.04,12828427,961
2015-07-16,10000002,11399,12399.97,12400,12399.97,1529592,362
2015-07-17,10000002,34,5.2,5.25,5.16,10817664726,1789
2015-07-17,10000002,35,10.77,10.78,10.34,1602816491,1270
2015-07-17,10000002,36,42.4,42.54,42.02,612532489,1080
2015-07-17,10000002,37,98.99,99,93.42,186225652,937
2015-07-17,10000002,38,489,490,484.66,53137972,944
2015-07-17,10000002,39,1545.98,1581.95,1500.08,24646375,902
2015-07-17,10000002,40,1999,2006,1922.26,10871569,803
2015-07-17,10000002,11399,12903.91,12903.93,12903.91,1517696,363
2015-07-18,10000002,34,5.21,5.24,5.15,13907569623,2110
2015-07-18,10000002,35,10.81,10.88,10.54,2063100178,1437
2015-07-18,10000002,36,42.2,42.54,41.46,687293701,1200
2015-07-18,10000002,37,98.98,98.99,98.75,125023926,1030
2015-07-18,10000002,38,487.89,488,469.22,49665300,1046
2015-07-18,10000002,39,1575,1579.91,1512.89,28096789,968
2015-07-18,10000002,40,2010,2055,2005.99,21660498,960
2015-07-18,10000002,11399,12861.04,12999.98,12401,1602273,338
2015-07-19,10000002,34,5.19,5.2,5.16,10463162390,2247
2015-07-19,10000002,35,10.79,10.83,10.74,1587271847,1506
2015-07-19,10000002,36,42.65,43.3,41.95,723112023,1416
2015-07-19,10000002,37,98.4,99,98.38,134551048,1204
2015-07-19,10000002,38,489.81,489.99,488.96,46625865,1145
2015-07-19,10000002,39,1577.95,1578.5,1551.09,27394145,1150
2015-07-19,10000002,40,2048.95,2049.64,2010.7,11595902,1006
2015-07-19,10000002,11399,12998.94,12999.96,12860,1415710,388
2015-07-20,10000002,34,5.14,5.21,5.11,11713035315,1880
2015-07-20,10000002,35,10.8,10.81,10.69,1950417030,1278
2015-07-20,10000002,36,43.39,43.41,41.98,509098816,1148
2015-07-20,10000002,37,99.6,99.88,99.58,119250451,1018
2015-07-20,10000002,38,490,490.3,488.99,33459952,947
2015-07-20,10000002,39,1600,1650,1589.99,44064376,1065
2015-07-20,10000002,40,2016.02,2059.79,2012.16,18024003,895
2015-07-20,10000002,11399,12999,13042,12701.16,979922,335
2015-07-21,10000002,34,5.19,5.2,5.1,9553316971,1690
2015-07-21,10000002,35,10.8,10.84,10.71,1563546031,1169
2015-07-21,10000002,36,43.19,43.2,42.1,457188199,1064
2015-07-21,10000002,37,99.88,99.9,98.74,106426172,908
2015-07-21,10000002,38,483.29,485.99,483.24,48667462,880
2015-07-21,10000002,39,1573.16,1659.88,1572,29105686,871
2015-07-21,10000002,40,1925.1,2027.29,1879.04,12110325,829
2015-07-21,10000002,11399,12997.85,13040,12701.3,2061019,359
2015-07-22,10000002,34,5.16,5.18,5.08,7945264861,1791
2015-07-22,10000002,35,10.73,10.75,10.61,1782272019,1204
2015-07-22,10000002,36,43.01,43.05,41.67,577482725,1062
2015-07-22,10000002,37,100.72,102.2,99.7,145024868,945
2015-07-22,10000002,38,485,487,479.18,50501477,960
2015-07-22,10000002,39,1545,1633.68,1536.53,30987844,898
2015-07-22,10000002,40,2000,2022.9,1995,8175513,825
2015-07-22,10000002,11399,12988.94,12995,12800.05,957287,293
2015-07-23,10000002,34,5.16,5.17,5.08,7782073509,1829
2015-07-23,10000002,35,10.69,10.71,10.56,1667274142,1293
2015-07-23,10000002,36,42.94,42.96,42.89,523395814,1131
2015-07-23,10000002,37,103.19,103.63,97.58,125317331,984
2015-07-23,10000002,38,487.84,487.9,480.13,34799396,959
2015-07-23,10000002,39,1589.7,1595,1531,23344913,914
2015-07-23,10000002,40,1900.2,1996.75,1833.48,12482525,825
2015-07-23,10000002,11399,12910,12948.94,12672.02,1460026,372
2015-07-24,10000002,34,5.18,5.19,5.12,10222476251,1960
2015-07-24,10000002,35,10.84,10.89,10.51,2885538705,1414
2015-07-24,10000002,36,42.98,43.21,42.07,610142876,1176
2015-07-24,10000002,37,104,104.31,103.3,166550773,1002
2015-07-24,10000002,38,488,488.8,472.21,39763035,938
2015-07-24,10000002,39,1581.18,1626.9,1525,25044844,975
2015-07-24,10000002,40,1889.15,1985.9,1839.05,19043312,910
2015-07-24,10000002,11399,12946.98,12946.99,12946.94,1054662,362
2015-07-25,10000002,34,5.16,5.18,5.1,11724877170,2001
2015-07-25,10000002,35,10.73,10.76,10.67,1588212846,1339
2015-07-25,10000002,36,42.97,43.05,42.66,549081112,1184
2015-07-25,10000002,37,105.93,106.65,101.16,127695406,969
2015-07-25,10000002,38,484,485,472.7,43202404,962
2015-07-25,10000002,39,1575.77,1575.84,1546.14,21670772,932
2015-07-25,10000002,40,1957.18,1957.45,1840.74,12379891,890
2015-07-25,10000002,11399,12948,12948.96,12947.06,1197075,383
2015-07-26,10000002,34,5.12,5.18,5.1,9612357878,2332
2015-07-26,10000002,35,10.73,10.77,10.61,2450299872,1625
2015-07-26,10000002,36,42.94,43,42.69,805436914,1466
2015-07-26,10000002,37,102.33,105.79,100.11,251728788,1254
2015-07-26,10000002,38,482.92,484.35,477.5,57918444,1247
2015-07-26,10000002,39,1554,1569.94,1525.4,37746440,1193
2015-07-26,10000002,40,1919.87,1939.79,1850.13,14738979,1113
2015-07-26,10000002,11399,12947.84,12948.84,12509.01,1582345,418
2015-07-27,10000002,34,5.13,5.2,5.1,10350989654,1980
2015-07-27,10000002,35,10.69,10.76,10.59,1955288873,1324
2015-07-27,10000002,36,42.4,42.79,41.73,589275114,1149
2015-07-27,10000002,37,103.98,104.1,100.45,123002347,980
2015-07-27,10000002,38,482,484,473.01,63293929,1044
2015-07-27,10000002,39,1529.39,1555.93,1521.99,38120916,954
2015-07-27,10000002,40,1860.26,1912.89,1857,22329092,920
2015-07-27,10000002,11399,12921.08,12943.86,12600,974231,337
2015-07-28,10000002,34,5.18,5.24,5.06,14434996048,1933
2015-07-28,10000002,35,10.72,10.89,10.59,1775160265,1306
2015-07-28,10000002,36,42.25,42.3,41.68,566938026,1114
2015-07-28,10000002,37,99.39,99.97,98.25,163168784,945
2015-07-28,10000002,38,483,484,464.07,55861227,1011
2015-07-28,10000002,39,1495,1513.53,1456.26,37361881,953
2015-07-28,10000002,40,1900,1928.49,1856.4,26877950,857
2015-07-28,10000002,11399,12403.92,12920.15,12369.16,1866138,358
2015-07-29,10000002,34,5.22,5.24,5.1,11419634779,1761
2015-07-29,10000002,35,10.95,10.98,10.94,1929076125,1234
2015-07-29,10000002,36,43,43.4,42.3,535769354,1083
2015-07-29,10000002,37,101.71,102.96,100,202722863,917
2015-07-29,10000002,38,484.37,484.42,481,40638215,868
2015-07-29,10000002,39,1480.25,1520.9,1451.22,36793393,887
2015-07-29,10000002,40,1845.83,1909.85,1830.3,13669081,772
2015-07-29,10000002,11399,12919.41,12919.42,12917.5,913891,293
2015-07-30,10000002,34,5.11,5.23,5.08,15357808877,1797
2015-07-30,10000002,35,10.94,10.98,10.86,1745779930,1263
2015-07-30,10000002,36,43.18,43.28,42.32,574489007,1125
2015-07-30,10000002,37,102.72,102.86,100.7,175853839,959
2015-07-30,10000002,38,484,487.9,480.09,37275206,913
2015-07-30,10000002,39,1458.3,1472.04,1450,56600884,918
2015-07-30,10000002,40,1818.05,1873.97,1814.67,15371824,824
2015-07-30,10000002,11399,12368,12887.9,12242.05,1784955,311
2015-07-31,10000002,34,5.18,5.24,5.08,14283951411,1857
2015-07-31,10000002,35,11.22,11.31,11.02,2053999682,1271
2015-07-31,10000002,36,43.28,43.42,42.46,780676593,1163
2015-07-31,10000002,37,103,103,103,121979113,1009
2015-07-31,10000002,38,485.99,488.89,483.1,51421723,966
2015-07-31,10000002,39,1498.74,1499.08,1436.14,25348719,972
2015-07-31,10000002,40,1814.67,1867.9,1814.44,18882926,852
2015-07-31,10000002,11399,12884.98,12885.44,12883.89,890579,277
2015-08-01,10000002,34,5.11,5.22,5.08,17291438013,2143
2015-08-01,10000002,35,10.78,10.94,10.74,1737478913,1393
2015-08-01,10000002,36,43.11,43.18,42.19,581740393,1234
2015-08-01,10000002,37,109.01,109.98,103.29,404883017,1140
2015-08-01,10000002,38,472.5,484.23,470.71,48140244,1065
2015-08-01,10000002,39,1392.01,1427,1390,40027820,1062
2015-08-01,10000002,40,1825,1864.48,1786.05,15578135,952
2015-08-01,10000002,11399,12201.33,12693.94,12006,2210075,411
2015-08-02,10000002,34,5.18,5.2,5.12,14485811805,2219
2015-08-02,10000002,35,10.81,10.87,10.75,2175413184,1567
2015-08-02,10000002,36,42.62,42.9,41.9,680340099,1300
2015-08-02,10000002,37,102.1,107.99,100.65,390548711,1128
2015-08-02,10000002,38,474.79,478.47,465.39,83224003,1052
2015-08-02,10000002,39,1398.78,1423.89,1366.04,45038163,1040
2015-08-02,10000002,40,1776.3,1814.56,1747.23,23366639,959
2015-08-02,10000002,11399,12007.01,12493,10500,2588480,415
2015-08-03,10000002,34,5.18,5.2,5.07,12764155498,1874
2015-08-03,10000002,35,10.79,10.81,10.69,1849022730,1297
2015-08-03,10000002,36,42.77,42.91,41.98,571696214,1123
2015-08-03,10000002,37,107.77,107.91,105.26,124586863,1030
2015-08-03,10000002,38,474.89,475.18,468,48066752,958
2015-08-03,10000002,39,1399.99,1409.95,1396.23,29190379,906
2015-08-03,10000002,40,1780,1798.86,1740.12,11540223,848
2015-08-03,10000002,11399,12198,12198.96,12169.9,1073212,368
2015-08-04,10000002,34,5.17,5.18,5.05,10981393619,2303
2015-08-04,10000002,35,10.78,10.79,10.63,1992296488,1232
2015-08-04,10000002,36,42.82,42.86,41.79,585481938,1065
2015-08-04,10000002,37,107.78,109.75,107,268273550,936
2015-08-04,10000002,38,472.78,475,459.9,64020374,892
2015-08-04,10000002,39,1440.11,1468.97,1392.71,32633406,848
2015-08-04,10000002,40,1742.31,1761,1740.41,21490151,765
2015-08-04,10000002,11399,11890.64,11899.99,11000.04,2570797,384
2015-08-05,10000002,34,5.18,5.2,5.1,6907304756,1854
2015-08-05,10000002,35,10.78,10.79,10.77,2607698882,1285
2015-08-05,10000002,36,42.85,42.92,42.79,533242781,1124
2015-08-05,10000002,37,113.15,116.75,110.1,152428807,976
2015-08-05,10000002,38,472,474,461.04,49361544,887
2015-08-05,10000002,39,1412,1462.89,1402.12,31459808,840
2015-08-05,10000002,40,1724.16,1765.98,1723.13,11985137,770
2015-08-05,10000002,11399,10600.67,11548.88,10500,1456085,358
2015-08-06,10000002,34,5.2,5.24,5.12,14132744015,1831
2015-08-06,10000002,35,11.05,11.1,10.8,1795735194,1342
2015-08-06,10000002,36,43.1,43.15,42.71,549325437,1126
2015-08-06,10000002,37,114.87,115.55,111.45,114800132,988
2015-08-06,10000002,38,457.99,471.71,450.82,49038928,932
2015-08-06,10000002,39,1412.5,1457.31,1392.1,31068314,921
2015-08-06,10000002,40,1747.86,1757.96,1706.05,9779481,890
2015-08-06,10000002,11399,11189.64,11223.77,10610.06,1332961,326
2015-08-07,10000002,34,5.21,5.23,5.11,11297099383,1715
2015-08-07,10000002,35,11.13,11.21,10.73,1733037586,1240
2015-08-07,10000002,36,43.4,43.44,42.43,639220815,1069
2015-08-07,10000002,37,113.99,114,113,140652569,920
2015-08-07,10000002,38,470,471.92,464.98,62781175,940
2015-08-07,10000002,39,1433.95,1437.95,1395.69,25114244,868
2015-08-07,10000002,40,1743.77,1746.99,1706.19,13994583,814
2015-08-07,10000002,11399,11181.77,11181.83,10738.44,1150282,357
2015-08-08,10000002,34,5.23,5.26,5.2,9642212638,1891
2015-08-08,10000002,35,11.12,11.13,10.98,1474365227,1272
2015-08-08,10000002,36,43.46,43.5,42.14,647762318,1160
2015-08-08,10000002,37,114,115.46,113.28,119144409,1046
2015-08-08,10000002,38,471.11,471.47,447.6,29501412,915
2015-08-08,10000002,39,1438.89,1439.8,1437.96,20930625,880
2015-08-08,10000002,40,1736.63,1738.95,1736.58,12500702,863
2015-08-08,10000002,11399,11188,11188.85,10744.03,1766439,377
2015-08-09,10000002,34,5.24,5.31,5.13,10450929242,2271
2015-08-09,10000002,35,11,11.05,10.65,2334676528,1521
2015-08-09,10000002,36,43.74,43.79,42.09,642825651,1336
2015-08-09,10000002,37,111.81,115.01,110.42,161326591,1185
2015-08-09,10000002,38,468,469.88,455.11,51932477,1130
2015-08-09,10000002,39,1402.02,1428.7,1399.62,40639688,1059
2015-08-09,10000002,40,1725.01,1744.99,1700.26,11843057,952
2015-08-09,10000002,11399,11187.9,11590,11185.95,2582615,386
2015-08-10,10000002,34,5.25,5.28,5.19,7258162218,1755
2015-08-10,10000002,35,10.8,11.08,10.65,1778487217,1140
2015-08-10,10000002,36,43.21,43.73,42.57,534067186,974
2015-08-10,10000002,37,113,114.8,112.02,112160539,913
2015-08-10,10000002,38,470.96,473.81,469,38774642,866
2015-08-10,10000002,39,1419.99,1428.67,1413.99,38239231,844
2015-08-10,10000002,40,1699.99,1704.49,1666.22,11335704,755
2015-08-10,10000002,11399,12179,12185.97,11300.11,1226572,298
2015-08-11,10000002,34,5.22,5.26,5.19,8114046606,1795
2015-08-11,10000002,35,11.06,11.08,10.82,1819715443,1256
2015-08-11,10000002,36,43.73,43.79,43.6,623295291,1110
2015-08-11,10000002,37,113.89,113.98,110.42,119391894,960
2015-08-11,10000002,38,474.9,476,469.14,84775963,868
2015-08-11,10000002,39,1460,1474.59,1452.1,29349136,897
2015-08-11,10000002,40,1677.88,1679.99,1651.09,14440604,828
2015-08-11,10000002,11399,12163.12,12163.43,11800,874940,402
2015-08-12,10000002,34,5.27,5.31,5.17,8432828050,1838
2015-08-12,10000002,35,11.01,11.02,10.96,1196441226,1213
2015-08-12,10000002,36,45,45.9,44,742835399,1111
2015-08-12,10000002,37,112.9,113.04,112.5,94195728,888
2015-08-12,10000002,38,478.99,489.95,469.39,47052596,911
2015-08-12,10000002,39,1433.04,1474.32,1415.18,29757818,847
2015-08-12,10000002,40,1640,1649.97,1576.02,16609847,826
2015-08-12,10000002,11399,11553.12,12159.93,11550.01,1417028,338
2015-08-13,10000002,34,5.23,5.28,5.16,4844232292,1721
2015-08-13,10000002,35,10.99,11.01,10.92,1367997525,1190
2015-08-13,10000002,36,50.5,50.91,48.91,705289705,1201
2015-08-13,10000002,37,109.14,112.32,108.81,128181122,905
2015-08-13,10000002,38,470.16,480.85,470.1,43823057,924
2015-08-13,10000002,39,1430.7,1469.69,1410,35271754,882
2015-08-13,10000002,40,1588.72,1599.97,1542.04,28277045,881
2015-08-13,10000002,11399,11996.9,12000,11995.91,734753,306
2015-08-14,10000002,34,5.16,5.26,5.14,11081331088,1708
2015-08-14,10000002,35,10.9,10.96,10.69,1661601230,1147
2015-08-14,10000002,36,48.7,49.64,48.26,566120204,1012
2015-08-14,10000002,37,111.83,111.88,109.02,92746526,868
2015-08-14,10000002,38,471.02,486.97,469.67,31071503,815
2015-08-14,10000002,39,1407.36,1453,1370,36795625,858
2015-08-14,10000002,40,1542.04,1603.98,1541.06,23504390,811
2015-08-14,10000002,11399,11734.11,11993.2,11525.17,1790704,350
2015-08-15,10000002,34,5.24,5.26,5.2,8640307026,1795
2015-08-15,10000002,35,10.88,10.93,10.68,1501539459,1257
2015-08-15,10000002,36,48.7,48.83,48.22,802003812,1157
2015-08-15,10000002,37,108.81,111.29,108.36,194059201,978
2015-08-15,10000002,38,481.98,484.24,470.56,44721796,937
2015-08-15,10000002,39,1399.99,1416,1390.05,51696390,1000
2015-08-15,10000002,40,1575.99,1588.99,1561.25,19595714,861
2015-08-15,10000002,11399,11986.81,11986.98,11311.28,897451,338
2015-08-16,10000002,34,5.24,5.29,5.17,10634417866,2233
2015-08-16,10000002,35,10.89,10.9,10.87,2246252512,1488
2015-08-16,10000002,36,48.79,48.82,47.75,1079351095,1258
2015-08-16,10000002,37,110.49,110.95,105.52,152435261,1064
2015-08-16,10000002,38,471,484,469.8,45276719,1025
2015-08-16,10000002,39,1400.11,1415.94,1381.46,26039280,932
2015-08-16,10000002,40,1529,1533.97,1478.03,18415712,902
2015-08-16,10000002,11399,11986.77,11987.86,11318.74,2497082,432
2015-08-17,10000002,34,5.21,5.29,5.17,15447480750,1966
2015-08-17,10000002,35,10.89,10.93,10.82,2350721256,1256
2015-08-17,10000002,36,49.38,49.93,49.2,734239295,1148
2015-08-17,10000002,37,110.45,110.45,110.45,207713146,964
2015-08-17,10000002,38,491.23,512.39,487,56696369,950
2015-08-17,10000002,39,1380,1397,1350,35528323,930
2015-08-17,10000002,40,1510,1518.9,1500,18565710,888
2015-08-17,10000002,11399,11799.99,11992.9,11519,2019563,333
2015-08-18,10000002,34,5.24,5.27,5.19,7488883404,1867
2015-08-18,10000002,35,10.9,10.96,10.72,1718540463,1281
2015-08-18,10000002,36,49.91,49.98,48.56,530448249,1146
2015-08-18,10000002,37,110.1,110.2,109.31,121656622,1000
2015-08-18,10000002,38,500.03,511.87,471.05,54759088,960
2015-08-18,10000002,39,1323.03,1362.54,1313.21,29250888,900
2015-08-18,10000002,40,1457.1,1489,1438.02,29362565,826
2015-08-18,10000002,11399,11509.29,11907.93,11412.77,1152022,313
2015-08-19,10000002,34,5.21,5.3,5.18,9599272130,1690
2015-08-19,10000002,35,10.8,10.91,10.6,1646419437,1138
2015-08-19,10000002,36,48.73,48.95,48.56,778606822,998
2015-08-19,10000002,37,110.2,111.35,110.1,166027635,880
2015-08-19,10000002,38,479,484.93,471.92,44276602,880
2015-08-19,10000002,39,1300,1320,1250,41135106,805
2015-08-19,10000002,40,1418,1445.58,1376.17,11067484,723
2015-08-19,10000002,11399,11899.99,11901.63,11400,773444,284
2015-08-20,10000002,34,5.33,5.36,5.27,10718222534,1953
2015-08-20,10000002,35,10.89,10.98,10.82,1563179782,1304
2015-08-20,10000002,36,50.38,50.81,48.49,572441528,1120
2015-08-20,10000002,37,113.48,114.5,110.1,114954719,906
2015-08-20,10000002,38,488,489,470.74,50752717,918
2015-08-20,10000002,39,1253,1259,1250.2,35317085,908
2015-08-20,10000002,40,1322,1376.27,1299.69,30292690,828
2015-08-20,10000002,11399,11866.93,11899,11351.03,2364157,341
2015-08-21,10000002,34,5.39,5.43,5.22,10730475724,1961
2015-08-21,10000002,35,10.93,10.95,10.92,1244223532,1348
2015-08-21,10000002,36,50.48,51.21,48.98,817933713,1206
2015-08-21,10000002,37,113.81,114.46,110.26,132198818,972
2015-08-21,10000002,38,502,502.91,501,31394267,916
2015-08-21,10000002,39,1215.35,1223.59,1200,63090774,943
2015-08-21,10000002,40,1299.46,1299.68,1299.41,23743607,837
2015-08-21,10000002,11399,11907.89,11907.96,11451.02,1565969,380
2015-08-22,10000002,34,5.36,5.39,5.29,7843266807,2019
2015-08-22,10000002,35,10.95,11,10.88,1831507478,1389
2015-08-22,10000002,36,49.75,50.6,48.9,890392831,1238
2015-08-22,10000002,37,112.73,113.43,111.52,150502817,1022
2015-08-22,10000002,38,500.84,500.97,490.03,54044411,999
2015-08-22,10000002,39,1180,1193.13,1179,50496904,980
2015-08-22,10000002,40,1406,1408.98,1405.82,22642575,891
2015-08-22,10000002,11399,12186.99,12188,12184.98,1107353,322
2015-08-23,10000002,34,5.3,5.4,5.24,9131493350,2544
2015-08-23,10000002,35,11.16,11.22,10.87,2067344553,1828
2015-08-23,10000002,36,49.09,50.41,45.5,959726898,1690
2015-08-23,10000002,37,112.89,113,111.42,168723809,1470
2015-08-23,10000002,38,481.51,489.88,477.74,64825510,1445
2015-08-23,10000002,39,1200,1220,1177.02,152283716,1356
2015-08-23,10000002,40,1448.14,1456.99,1413,28822493,1281
2015-08-23,10000002,11399,12050.02,12335,12005.04,1758532,429
2015-08-24,10000002,34,5.37,5.43,5.33,12426299070,1942
2015-08-24,10000002,35,11.24,11.29,11.01,1950440015,1266
2015-08-24,10000002,36,50.33,50.4,49.1,495453245,1156
2015-08-24,10000002,37,111.85,113,111.75,120710460,973
2015-08-24,10000002,38,485.08,489.88,481.59,55544879,911
2015-08-24,10000002,39,1220,1220,1220,63179857,909
2015-08-24,10000002,40,1477.9,1482.96,1387.03,18282455,822
2015-08-24,10000002,11399,11918.04,12201.98,11600,1919738,364
2015-08-25,10000002,34,5.43,5.47,5.34,10112014660,1800
2015-08-25,10000002,35,11.05,11.26,11.02,1685741099,1199
2015-08-25,10000002,36,49.73,50.89,49.6,736685934,1144
2015-08-25,10000002,37,112.06,114.4,111.2,203903418,938
2015-08-25,10000002,38,495.99,496.98,482,41927473,874
2015-08-25,10000002,39,1185,1195.01,1153.4,42980592,954
2015-08-25,10000002,40,1474,1478.92,1472.03,17888149,763
2015-08-25,10000002,11399,12198.96,12200.9,11354.09,798331,333
2015-08-26,10000002,34,5.38,5.49,5.3,15812319754,1736
2015-08-26,10000002,35,11.1,11.12,10.87,2307435974,1168
2015-08-26,10000002,36,50.29,50.4,49.87,532653609,1050
2015-08-26,10000002,37,114.88,114.98,114.12,189325285,892
2015-08-26,10000002,38,497.99,502.99,495.27,62138702,864
2015-08-26,10000002,39,1201,1222.97,1189.98,42809903,840
2015-08-26,10000002,40,1500,1523.69,1450.02,23866120,785
2015-08-26,10000002,11399,11998.86,11999,11998.79,761104,322
2015-08-27,10000002,34,5.42,5.48,5.29,13278624406,1689
2015-08-27,10000002,35,11.1,11.12,11.03,1918733907,1116
2015-08-27,10000002,36,50.27,50.4,49.12,484534639,1064
2015-08-27,10000002,37,119.88,130,115,271951825,1013
2015-08-27,10000002,38,510.67,520.7,499.94,38601435,899
2015-08-27,10000002,39,1230,1230,1230,90211952,880
2015-08-27,10000002,40,1675.01,1741.99,1614.97,16582589,825
2015-08-27,10000002,11399,11999,12097,11705.35,814857,381
2015-08-28,10000002,34,5.4,5.46,5.36,8343174203,1612
2015-08-28,10000002,35,11.11,11.13,11.02,1361795421,1140
2015-08-28,10000002,36,50.19,50.34,49.48,517910103,990
2015-08-28,10000002,37,117.1,129.99,114.92,134355513,878
2015-08-28,10000002,38,513.29,519.84,501.07,35451422,802
2015-08-28,10000002,39,1244.06,1258.34,1230,63420782,779
2015-08-28,10000002,40,1770.99,1789.85,1702.06,19626420,671
2015-08-28,10000002,11399,12017.04,12101.04,12017.04,1550263,318
2015-08-29,10000002,34,5.43,5.47,5.34,8909977008,1872
2015-08-29,10000002,35,11.2,11.63,11.12,2760366243,1322
2015-08-29,10000002,36,50.74,51,49.92,893767393,1167
2015-08-29,10000002,37,118.42,118.71,114.47,117896762,1008
2015-08-29,10000002,38,519.66,526.97,516.97,85149957,987
2015-08-29,10000002,39,1266,1311.97,1260.06,37779823,899
2015-08-29,10000002,40,1663.3,1697.98,1661.73,19283331,807
2015-08-29,10000002,11399,12335,12482.95,11979.98,1573089,416
2015-08-30,10000002,34,5.44,5.48,5.39,9022461858,1900
2015-08-30,10000002,35,11.43,11.64,11.35,1983343818,1296
2015-08-30,10000002,36,51.02,51.23,49.22,556422059,1162
2015-08-30,10000002,37,115.03,115.49,114.15,130813077,1048
2015-08-30,10000002,38,511.85,512.84,498.02,42785082,954
2015-08-30,10000002,39,1301.97,1303.49,1250.02,19088050,913
2015-08-30,10000002,40,1668.48,1669.92,1605,8161864,797
2015-08-30,10000002,11399,12789,12789.83,12002.01,1586005,336
2015-08-31,10000002,34,5.42,5.43,5.36,7307372802,1655
2015-08-31,10000002,35,11.35,11.44,11.3,2276035308,1112
2015-08-31,10000002,36,51.8,55.62,51,854263776,1045
2015-08-31,10000002,37,114.9,115.02,114.51,183647896,873
2015-08-31,10000002,38,503.13,518,495.04,52565767,804
2015-08-31,10000002,39,1264.12,1286.56,1254.09,38693864,768
2015-08-31,10000002,40,1545.07,1586.72,1539.93,17819431,768
2015-08-31,10000002,11399,12002.01,12787.81,11990.26,2277935,384
2015-09-01,10000002,34,5.44,5.49,5.37,10165915071,1755
2015-09-01,10000002,35,11.41,11.43,11.33,2012487539,1137
2015-09-01,10000002,36,54.16,55.58,51.72,1126685020,1139
2015-09-01,10000002,37,113.7,114.24,113.01,177662059,916
2015-09-01,10000002,38,494.13,509.01,493.15,83935772,877
2015-09-01,10000002,39,1187.99,1215.01,1168.1,54800811,903
2015-09-01,10000002,40,1477.9,1549.91,1463.04,23460223,813
2015-09-01,10000002,11399,12664.98,12669.81,12015.69,1599822,324
2015-09-02,10000002,34,5.46,5.5,5.37,7853062942,1604
2015-09-02,10000002,35,11.41,11.42,11.4,1648290262,1094
2015-09-02,10000002,36,52.5,55.19,52.32,894971858,1018
2015-09-02,10000002,37,113.5,113.94,111.12,120182625,901
2015-09-02,10000002,38,481.6,506,478.54,70064111,838
2015-09-02,10000002,39,1183.5,1214,1169,47471048,856
2015-09-02,10000002,40,1474.93,1476.84,1432.2,18392976,795
2015-09-02,10000002,11399,12400.12,12664.91,12004.57,2175333,330
2015-09-03,10000002,34,5.4,5.45,5.34,8028988674,1768
2015-09-03,10000002,35,11.47,11.48,11.39,1721030520,1176
2015-09-03,10000002,36,52.98,53.29,51.93,468985970,1091
2015-09-03,10000002,37,112.5,112.71,111.97,113956179,969
2015-09-03,10000002,38,495.37,497.6,479.31,52763312,908
2015-09-03,10000002,39,1218.05,1247.99,1214,22876552,848
2015-09-03,10000002,40,1453,1479.87,1412.01,11190478,782
2015-09-03,10000002,11399,12574.8,12574.8,12574,656684,270
2015-09-04,10000002,34,5.48,5.5,5.35,11911515764,1728
2015-09-04,10000002,35,11.48,11.51,11.36,2999451136,1183
2015-09-04,10000002,36,51.9,52.7,51.71,957406580,1057
2015-09-04,10000002,37,111.04,112.37,110.93,134085972,826
2015-09-04,10000002,38,495.54,496.24,480.02,36021485,829
2015-09-04,10000002,39,1160,1174.16,1158.2,26059458,824
2015-09-04,10000002,40,1454.94,1469.84,1420.09,11922836,821
2015-09-04,10000002,11399,12400,12574.57,11915.29,2213074,384
2015-09-05,10000002,34,5.59,5.61,5.41,7303741892,1851
2015-09-05,10000002,35,11.42,11.51,11.37,1797860715,1282
2015-09-05,10000002,36,52,52.69,51.25,454704611,1162
2015-09-05,10000002,37,112.59,114,112,121954264,963
2015-09-05,10000002,38,485.71,495.37,478.16,61850829,935
2015-09-05,10000002,39,1129.95,1139.94,1052.24,39301653,923
2015-09-05,10000002,40,1538.96,1539.83,1466.62,9716354,761
2015-09-05,10000002,11399,12574.79,12787.9,12572.99,2049249,373
2015-09-06,10000002,34,5.48,5.56,5.43,8836672775,1939
2015-09-06,10000002,35,11.36,11.47,11.26,2424418539,1375
2015-09-06,10000002,36,51.95,52.27,50.67,411915056,1162
2015-09-06,10000002,37,113.97,113.99,112.34,118096907,1016
2015-09-06,10000002,38,481.2,492.72,477.26,60872974,979
2015-09-06,10000002,39,1105,1107,1080.01,24697143,954
2015-09-06,10000002,40,1487.97,1514.95,1460.4,14314586,841
2015-09-06,10000002,11399,12797.99,12942.9,12200,1019649,395
2015-09-07,10000002,34,5.42,5.47,5.35,10005935231,1817
2015-09-07,10000002,35,11.38,11.45,11.3,2121856142,1312
2015-09-07,10000002,36,51.72,51.79,50.93,553820860,1149
2015-09-07,10000002,37,113.7,113.94,112.95,106937059,1038
2015-09-07,10000002,38,488,488.78,477.74,45754630,979
2015-09-07,10000002,39,999.99,999.99,999.99,125133443,1054
2015-09-07,10000002,40,1514.93,1518.26,1450.44,13325466,862
2015-09-07,10000002,11399,12929.29,12938.97,12124.51,1062462,382
2015-09-08,10000002,34,5.4,5.48,5.35,9831061409,1720
2015-09-08,10000002,35,11.19,11.22,11.04,1617415197,1188
2015-09-08,10000002,36,51.67,51.95,51.03,636400936,1061
2015-09-08,10000002,37,113.5,113.69,112.84,175086926,893
2015-09-08,10000002,38,488,491.94,478.06,52647388,847
2015-09-08,10000002,39,999.73,999.73,999.73,67002737,840
2015-09-08,10000002,40,1527.98,1559.96,1525.07,9691339,776
2015-09-08,10000002,11399,12923.91,12925.83,12159.13,1254090,376
2015-09-09,10000002,34,5.41,5.46,5.35,7044580568,1478
2015-09-09,10000002,35,11.33,11.35,11.08,1850410483,1034
2015-09-09,10000002,36,52.06,52.12,51.05,457573693,917
2015-09-09,10000002,37,113.99,114,111.6,170552377,810
2015-09-09,10000002,38,491.75,491.94,491.67,51559445,788
2015-09-09,10000002,39,1094.63,1094.77,1094.62,25907944,751
2015-09-09,10000002,40,1574.89,1574.94,1555.01,9814637,710
2015-09-09,10000002,11399,12922.2,12922.93,12427,927765,316
2015-09-10,10000002,34,5.41,5.48,5.35,5976845478,1574
2015-09-10,10000002,35,11.24,11.25,11.15,1571092023,1065
2015-09-10,10000002,36,51.88,52.04,51.52,394773764,973
2015-09-10,10000002,37,114.29,115.23,111.51,97963093,871
2015-09-10,10000002,38,489.98,492,478.08,41531963,806
2015-09-10,10000002,39,1061.05,1094.51,1055.08,20253558,822
2015-09-10,10000002,40,1583.55,1586.72,1470.27,12581112,754
2015-09-10,10000002,11399,12662.3,12922.09,12657.06,1665080,362
2015-09-11,10000002,34,5.43,5.5,5.34,6196208853,1597
2015-09-11,10000002,35,11.12,11.17,11.03,1893407872,1095
2015-09-11,10000002,36,51.45,51.75,49.24,625969575,926
2015-09-11,10000002,37,117.23,137.72,114,174064143,863
2015-09-11,10000002,38,491.85,492,478.05,48893897,847
2015-09-11,10000002,39,1060,1094.52,1055.03,35626023,798
2015-09-11,10000002,40,1451.02,1564.72,1446.27,12285641,738
2015-09-11,10000002,11399,12919.88,12920.87,12500.03,1270142,342
2015-09-12,10000002,34,5.5,5.51,5.41,6946998363,1959
2015-09-12,10000002,35,11.29,11.39,11.17,2140312659,1301
2015-09-12,10000002,36,51.8,52.35,51.2,572869176,1156
2015-09-12,10000002,37,123.5,129.64,123,194821414,1070
2015-09-12,10000002,38,490.99,493,485.97,50564022,917
2015-09-12,10000002,39,1095.69,1095.73,1088.5,18525508,962
2015-09-12,10000002,40,1534.87,1536.96,1519.98,8101989,905
2015-09-12,10000002,11399,12918.98,12920,12506.08,986545,453
2015-09-13,10000002,34,5.5,5.53,5.44,10550263095,2115
2015-09-13,10000002,35,11.41,11.46,11.28,2381981495,1430
2015-09-13,10000002,36,52.47,55.03,52.36,951696767,1326
2015-09-13,10000002,37,122,122.62,118,174844311,1122
2015-09-13,10000002,38,497.5,504.92,488.03,56832627,984
2015-09-13,10000002,39,1095.69,1097.86,1079.99,43472499,1044
2015-09-13,10000002,40,1527,1529.27,1464.07,14926099,917
2015-09-13,10000002,11399,12450,12710.85,12188.01,2200169,449
2015-09-14,10000002,34,5.58,5.6,5.51,7819997084,1562
2015-09-14,10000002,35,11.44,11.48,11.36,2490731284,1158
2015-09-14,10000002,36,54.09,54.16,53.9,472797940,959
2015-09-14,10000002,37,118.64,121.28,118.56,125694946,847
2015-09-14,10000002,38,512,512.94,500,37215030,785
2015-09-14,10000002,39,1154.69,1159.83,1150.02,28981572,855
2015-09-14,10000002,40,1522.47,1527.68,1515,9132006,710
2015-09-14,10000002,11399,12709.96,12880,12201.11,2124019,410
2015-09-15,10000002,34,5.76,5.97,5.62,11201108183,1725
2015-09-15,10000002,35,11.42,11.47,11.22,2057393283,1150
2015-09-15,10000002,36,53.78,53.78,53.78,1499394318,1022
2015-09-15,10000002,37,118,119.5,116.87,185684475,848
2015-09-15,10000002,38,499.95,499.95,499.95,112639892,830
2015-09-15,10000002,39,1120.24,1149.79,1120.14,62563955,797
2015-09-15,10000002,40,1470.11,1495.16,1470.06,36131602,765
2015-09-15,10000002,11399,12215.16,12253,12215.04,1912394,352
2015-09-16,10000002,34,5.74,5.8,5.64,6935728038,1627
2015-09-16,10000002,35,11.37,11.41,11.28,1737102661,1129
2015-09-16,10000002,36,54.92,55,53.78,538939836,1009
2015-09-16,10000002,37,119.12,119.29,118.49,90198608,846
2015-09-16,10000002,38,507.12,508.94,499.96,69660492,787
2015-09-16,10000002,39,1120.14,1120.14,1120.14,75011610,846
2015-09-16,10000002,40,1470.1,1498.29,1470.06,24700825,779
2015-09-16,10000002,11399,12459.88,12479,12215.05,1355823,286
2015-09-17,10000002,34,5.62,5.7,5.61,9760313208,1639
2015-09-17,10000002,35,11.39,11.41,11.29,1767895588,1169
2015-09-17,10000002,36,54.68,55.05,52.67,640144416,1063
2015-09-17,10000002,37,118.9,118.99,117.55,141782698,868
2015-09-17,10000002,38,503.92,506.8,500,51368456,751
2015-09-17,10000002,39,1112.16,1118.98,1040,21268182,827
2015-09-17,10000002,40,1500,1508.62,1470.16,12094168,791
2015-09-17,10000002,11399,12596.99,12597,12459.89,1884627,374
2015-09-18,10000002,34,5.74,5.77,5.61,8223464507,1720
2015-09-18,10000002,35,11.49,11.56,11.46,2288534437,1225
2015-09-18,10000002,36,58.97,60,57.21,740571348,1105
2015-09-18,10000002,37,118.05,118.96,117.95,156264266,924
2015-09-18,10000002,38,503,505.97,499.98,58795413,869
2015-09-18,10000002,39,1085.98,1112.97,1077.51,41869597,852
2015-09-18,10000002,40,1482,1508.86,1480.02,12815588,778
2015-09-18,10000002,11399,12459.89,12800,12219.02,1812615,351
2015-09-19,10000002,34,5.73,5.82,5.7,9466677553,1939
2015-09-19,10000002,35,11.51,11.64,11.37,2281349308,1356
2015-09-19,10000002,36,59.09,59.77,57.35,691643969,1200
2015-09-19,10000002,37,118.98,119,117.7,142213413,959
2015-09-19,10000002,38,506,509,491.01,65334420,994
2015-09-19,10000002,39,1078,1080,1042,97151049,955
2015-09-19,10000002,40,1506.95,1508.9,1481.99,16139212,797
2015-09-19,10000002,11399,12459.89,12817.97,12303.16,2547983,413
2015-09-20,10000002,34,5.72,5.82,5.64,11504646239,2079
2015-09-20,10000002,35,11.46,11.51,11.26,2388647553,1402
2015-09-20,10000002,36,58,61.3,57.69,767347077,1327
2015-09-20,10000002,37,119.81,121.5,119,227705059,1117
2015-09-20,10000002,38,497.98,509,477.4,51716618,995
2015-09-20,10000002,39,1085,1098.39,1061.05,34765594,980
2015-09-20,10000002,40,1489.83,1508.89,1457.4,16264916,873
2015-09-20,10000002,11399,12799,12819.17,12226.51,2143732,391
2015-09-21,10000002,34,5.64,5.66,5.57,9563795466,1684
2015-09-21,10000002,35,11.47,11.48,11.32,1700720318,1166
2015-09-21,10000002,36,57.8,60.09,56.5,770165401,1094
2015-09-21,10000002,37,118.35,119.99,118.1,170781984,907
2015-09-21,10000002,38,490,496.88,478.22,59992809,830
2015-09-21,10000002,39,1071.04,1096.8,1071,43110955,850
2015-09-21,10000002,40,1400,1479.91,1303.99,31529359,797
2015-09-21,10000002,11399,12351.01,12699.76,12314.29,1918475,351
2015-09-22,10000002,34,5.7,5.75,5.65,9279923139,1772
2015-09-22,10000002,35,11.44,11.47,11.38,1820377676,1219
2015-09-22,10000002,36,59.12,59.65,58.59,551171481,1116
2015-09-22,10000002,37,116.91,117.92,116.77,165952284,907
2015-09-22,10000002,38,489.98,493.88,485.66,32517156,857
2015-09-22,10000002,39,1078,1082.93,1056.28,27054310,888
2015-09-22,10000002,40,1391.01,1469.98,1311,15855882,807
2015-09-22,10000002,11399,12459.89,12749.8,12257,1197868,368
2015-09-23,10000002,34,5.71,5.76,5.69,8613833428,1740
2015-09-23,10000002,35,11.41,11.43,11.37,1897096308,1175
2015-09-23,10000002,36,60.45,60.67,59.08,778081516,1088
2015-09-23,10000002,37,122.99,125,118.5,183136090,924
2015-09-23,10000002,38,487.92,490,481.52,51555087,842
2015-09-23,10000002,39,1082.31,1082.98,1071,34000794,866
2015-09-23,10000002,40,1477.83,1500.6,1454,18222445,798
2015-09-23,10000002,11399,12300,12739.8,12257.78,1379056,301
2015-09-24,10000002,34,5.83,5.86,5.77,7703197192,1662
2015-09-24,10000002,35,11.43,11.5,11.4,3306308466,1256
2015-09-24,10000002,36,61.42,61.72,61.02,605092972,1091
2015-09-24,10000002,37,122.05,123,120.91,168419690,900
2015-09-24,10000002,38,492.96,492.96,492.46,49899389,848
2015-09-24,10000002,39,1082.94,1082.98,1074.95,35175096,916
2015-09-24,10000002,40,1490,1509.95,1431.45,16312178,818
2015-09-24,10000002,11399,12600,12739.68,12261,1183853,318
2015-09-25,10000002,34,5.94,5.97,5.86,7147833913,1632
2015-09-25,10000002,35,11.72,11.75,11.68,1370156541,1103
2015-09-25,10000002,36,61.12,61.76,61.08,852776824,994
2015-09-25,10000002,37,123.89,124.44,122.14,124146285,816
2015-09-25,10000002,38,481.28,490,453.32,65103244,766
2015-09-25,10000002,39,1068.25,1082.98,1039.08,38768646,809
2015-09-25,10000002,40,1453.18,1491.33,1428.72,15581366,751
2015-09-25,10000002,11399,12400,12549.74,12370.05,1607490,356
2015-09-26,10000002,34,5.93,5.96,5.84,9238371405,2169
2015-09-26,10000002,35,11.72,11.75,11.6,1939664799,1220
2015-09-26,10000002,36,61.75,61.78,61.71,862542448,1128
2015-09-26,10000002,37,123.89,123.9,122.17,116566978,961
2015-09-26,10000002,38,490,490.78,462.16,44797859,898
2015-09-26,10000002,39,1097.89,1098.49,1075,29417977,890
2015-09-26,10000002,40,1479.97,1491.3,1411.26,19920134,842
2015-09-26,10000002,11399,12547.95,12549.04,12547.65,2301297,421
2015-09-27,10000002,34,5.95,5.98,5.87,9504032540,2520
2015-09-27,10000002,35,11.65,11.78,11.57,2412637293,1336
2015-09-27,10000002,36,61.6,61.72,61.1,622058163,1200
2015-09-27,10000002,37,123.68,123.75,121.27,153954325,1007
2015-09-27,10000002,38,490,492,480.9,63443709,995
2015-09-27,10000002,39,1105,1112,1094.96,44834715,997
2015-09-27,10000002,40,1490,1499.95,1435.85,16083190,880
2015-09-27,10000002,11399,12731.86,12734.79,12252.25,1373543,418
2015-09-28,10000002,34,5.91,5.95,5.84,7283627697,1690
2015-09-28,10000002,35,11.77,11.79,11.58,2080413605,1122
2015-09-28,10000002,36,62.02,63.44,61.73,691258545,1065
2015-09-28,10000002,37,122.48,123.8,119.05,172874708,859
2015-09-28,10000002,38,491,495,481.67,58228270,843
2015-09-28,10000002,39,1079.04,1085.99,1042.63,32908099,833
2015-09-28,10000002,40,1452.58,1498,1450.2,13818691,758
2015-09-28,10000002,11399,12500,12730.1,12266.48,1182845,339
2015-09-29,10000002,34,5.96,6,5.9,9275756776,1712
2015-09-29,10000002,35,11.74,11.76,11.46,1661543773,1150
2015-09-29,10000002,36,63.5,64.96,62.46,580762707,1049
2015-09-29,10000002,37,117.06,122.54,116.91,156232484,942
2015-09-29,10000002,38,482.69,493.64,478.04,63156078,865
2015-09-29,10000002,39,1039.15,1040.06,1039.15,51777812,899
2015-09-29,10000002,40,1400,1483.98,1317,23438780,840
2015-09-29,10000002,11399,12269.05,12725.87,12266.49,1260926,317
2015-09-30,10000002,34,6.03,6.08,5.86,12176523823,1738
2015-09-30,10000002,35,11.72,11.75,11.59,1936935682,1142
2015-09-30,10000002,36,64.93,65.08,64.27,761846468,1088
2015-09-30,10000002,37,121.87,122.25,121.45,169009470,911
2015-09-30,10000002,38,488.04,489.9,477.17,38657855,802
2015-09-30,10000002,39,1087.93,1088,1063.05,29423912,880
2015-09-30,10000002,40,1491.81,1493.79,1353.08,9760995,763
2015-09-30,10000002,11399,12649,12714.35,12271,1137060,297
2015-10-01,10000002,34,5.99,6.03,5.87,9762876790,1729
2015-10-01,10000002,35,11.58,11.6,11.52,1654696040,1163
2015-10-01,10000002,36,70.07,71.16,67,883126603,1128
2015-10-01,10000002,37,122.54,125.01,122.47,162789691,881
2015-10-01,10000002,38,476.88,484.96,462.25,51204062,809
2015-10-01,10000002,39,1084,1090,1063.18,36819698,843
2015-10-01,10000002,40,1460,1474.4,1360,10798178,803
2015-10-01,10000002,11399,12275.74,12418.95,12267,1989876,424
2015-10-02,10000002,34,6.19,6.35,6.14,9606057818,1840
2015-10-02,10000002,35,11.54,11.56,11.5,2223201269,1271
2015-10-02,10000002,36,68.99,69.98,66.16,887592640,1230
2015-10-02,10000002,37,123.05,128.86,122.14,115984212,984
2015-10-02,10000002,38,483.43,483.95,473.6,36960128,935
2015-10-02,10000002,39,1114.18,1152.6,1077.02,37959178,981
2015-10-02,10000002,40,1420.12,1472.98,1405.04,15445024,857
2015-10-02,10000002,11399,12290,12299.99,11918.29,1548314,388
2015-10-03,10000002,34,6.24,6.31,6.12,9652225965,2027
2015-10-03,10000002,35,11.48,11.5,11.29,2498029815,1425
2015-10-03,10000002,36,66,67.5,64.33,777818723,1305
2015-10-03,10000002,37,125.05,127.75,123.71,221985683,1137
2015-10-03,10000002,38,479.9,483.04,472.1,49790912,1007
2015-10-03,10000002,39,1123.03,1137.27,1105,35612958,964
2015-10-03,10000002,40,1472.5,1473.76,1412.1,14708428,876
2015-10-03,10000002,11399,11915,12100.93,11551,2632344,457
2015-10-04,10000002,34,6.25,6.3,6.21,14441514686,2266
2015-10-04,10000002,35,11.48,11.52,11.38,2382622670,1491
2015-10-04,10000002,36,66.97,67.4,65,636645064,1392
2015-10-04,10000002,37,125.09,127.37,122.05,174619046,1161
2015-10-04,10000002,38,478.98,479.9,471.11,68816423,1120
2015-10-04,10000002,39,1114.05,1122.91,1090.01,37553237,1082
2015-10-04,10000002,40,1469.84,1469.9,1425.1,13704554,921
2015-10-04,10000002,11399,11855.6,11900,11515,1476244,462
2015-10-05,10000002,34,6.23,6.25,6.13,12589340985,1962
2015-10-05,10000002,36,68.7,68.73,68,680969244,1288
2015-10-05,10000002,37,126,127,123.31,165112245,1070
2015-10-05,10000002,38,471.36,481.8,471.24,84153810,1005
2015-10-05,10000002,39,1091.1,1120.97,1090.15,50472018,1018
2015-10-05,10000002,40,1414.27,1469.96,1413.07,19023587,978
2015-10-05,10000002,11399,12091,12091.91,11789,1420694,431
2015-10-06,10000002,34,6.15,6.23,6.12,9973140718,1788
2015-10-06,10000002,35,11.43,11.73,11.42,2234552283,1253
2015-10-06,10000002,36,69.77,69.99,66.59,706074941,1220
2015-10-06,10000002,37,124.19,127.83,123.46,140804971,977
2015-10-06,10000002,38,472,478.82,465.27,46389816,989
2015-10-06,10000002,39,1109.1,1150.65,1108.6,31872565,885
2015-10-06,10000002,40,1410.55,1468.77,1408.82,15219130,824
2015-10-06,10000002,11399,12088.91,12088.97,12000,3216688,408
2015-10-07,10000002,34,6.2,6.23,6.11,8506283843,1749
2015-10-07,10000002,35,11.69,11.71,11.6,1652467881,1209
2015-10-07,10000002,36,72,72.79,69.53,573506308,1158
2015-10-07,10000002,37,127.75,128.83,124,132695894,956
2015-10-07,10000002,38,474.73,475.22,474.72,42676416,884
2015-10-07,10000002,39,1119.03,1134.23,1113.24,31729028,907
2015-10-07,10000002,40,1467.09,1467.49,1417.07,12869462,750
2015-10-07,10000002,11399,12000,12096.97,11689.92,1816062,361
2015-10-08,10000002,34,6.19,6.22,6.18,8328214921,1601
2015-10-08,10000002,35,11.59,11.66,11.53,2698536563,1174
2015-10-08,10000002,36,69.23,70.93,68.58,689769470,1072
2015-10-08,10000002,37,125.24,127.42,123.91,143304103,890
2015-10-08,10000002,38,473.81,473.82,464.68,61381010,874
2015-10-08,10000002,39,1117.89,1129.99,1103.53,34676309,826
2015-10-08,10000002,40,1459.99,1465.2,1417.07,14439809,798
2015-10-08,10000002,11399,11690.3,11690.4,11565.06,2744432,402
2015-10-09,10000002,34,6.21,6.26,6.18,8599114537,1623
2015-10-09,10000002,35,11.62,11.67,11.38,1075255793,1103
2015-10-09,10000002,36,69.95,70.3,69.07,605750364,1022
2015-10-09,10000002,37,127.25,127.25,127.23,97539058,807
2015-10-09,10000002,38,472,472.8,471.06,51873701,815
2015-10-09,10000002,39,1143,1147.86,1139,28242139,750
2015-10-09,10000002,40,1465.19,1465.97,1464,13444983,655
2015-10-09,10000002,11399,12021.89,12023.95,11406,1227613,340
2015-10-10,10000002,34,6.23,6.33,6.18,9946768199,2065
2015-10-10,10000002,35,11.57,11.62,11.31,1668081405,1428
2015-10-10,10000002,36,69.8,72.37,69.5,771853373,1298
2015-10-10,10000002,37,126.44,127.79,125.48,109745317,1050
2015-10-10,10000002,38,470.1,474,459.21,61902056,1044
2015-10-10,10000002,39,1109,1145.88,1103.16,38145284,942
2015-10-10,10000002,40,1439.57,1464.77,1408.64,17570543,836
2015-10-10,10000002,11399,12012.97,12012.99,12000,1754999,434
2015-10-11,10000002,34,6.1,6.11,6.07,10226927130,2222
2015-10-11,10000002,35,11.5,11.58,11.26,2561971052,1543
2015-10-11,10000002,36,68.98,69.16,66.95,817990406,1408
2015-10-11,10000002,37,126.89,126.97,121.32,160813114,1150
2015-10-11,10000002,38,476,476.98,460.02,61850738,1112
2015-10-11,10000002,39,1145.31,1145.43,1115.13,32349990,1053
2015-10-11,10000002,40,1400.21,1440.88,1357,14526918,991
2015-10-11,10000002,11399,12016.49,12022.85,11915.06,1741357,490
2015-10-12,10000002,34,6.07,6.11,6.02,6528355591,1730
2015-10-12,10000002,35,11.51,11.54,11.4,1494135840,1233
2015-10-12,10000002,36,69,69.12,66.82,563979396,1129
2015-10-12,10000002,37,126.75,127.17,126.5,110318710,973
2015-10-12,10000002,38,475,475.99,465.16,46934535,912
2015-10-12,10000002,39,1120,1138.91,1117.06,43036903,901
2015-10-12,10000002,40,1410,1429.98,1366.6,14877994,809
2015-10-12,10000002,11399,11602,11999.72,11558.02,2290632,420
2015-10-13,10000002,34,6.1,6.11,6.06,7551456174,1806
2015-10-13,10000002,35,11.49,11.5,11.44,1994617862,1317
2015-10-13,10000002,36,69.04,69.09,67.89,996317617,1209
2015-10-13,10000002,37,126.99,127,126.31,215134546,1034
2015-10-13,10000002,38,474.98,475,474.87,96062258,990
2015-10-13,10000002,39,1138.19,1138.69,1101.02,37353004,939
2015-10-13,10000002,40,1422.79,1422.9,1369.1,26334096,877
2015-10-13,10000002,11399,11560,11988,11480,1956523,413
2015-10-14,10000002,35,11.36,11.45,11.3,1561520450,1187
2015-10-14,10000002,36,68.73,69.2,67,755295271,1090
2015-10-14,10000002,37,127.75,127.99,124.46,117459428,930
2015-10-14,10000002,38,472.59,482.93,464.69,31534753,785
2015-10-14,10000002,39,1128.99,1138,1095.02,22449573,816
2015-10-14,10000002,40,1407.13,1419.97,1385.1,9792239,813
2015-10-14,10000002,11399,11406,11971.11,11405.64,1348555,385
2015-10-15,10000002,34,6.17,6.27,6.06,12468896036,1714
2015-10-15,10000002,35,11.4,11.42,11.3,1803870550,1144
2015-10-15,10000002,36,68.1,68.41,66.52,578107233,1027
2015-10-15,10000002,37,125,127.32,123,134181518,907
2015-10-15,10000002,38,479.92,481,465.16,47543326,874
2015-10-15,10000002,39,1127.8,1127.95,1093.79,25337552,816
2015-10-15,10000002,40,1419.93,1423.95,1375.12,10378954,734
2015-10-15,10000002,11399,11406.01,11549.95,11405.43,1139204,322
2015-10-16,10000002,34,6.13,6.14,6.1,11609774132,1805
2015-10-16,10000002,35,11.28,11.31,11.23,2239896590,1234
2015-10-16,10000002,36,68.15,68.36,66.65,813194558,1174
2015-10-16,10000002,37,126.6,126.89,122.41,128583180,1013
2015-10-16,10000002,38,467.11,476.99,461.58,56855119,912
2015-10-16,10000002,39,1100,1104.44,1093.71,50531752,925
2015-10-16,10000002,40,1395,1403.99,1363.6,16771266,858
2015-10-16,10000002,11399,11407.37,11699.9,11202.24,1884420,404
2015-10-17,10000002,34,6.13,6.18,6.07,9360590733,2002
2015-10-17,10000002,35,11.28,11.29,11.26,2277298309,1372
2015-10-17,10000002,36,68.2,68.31,66.79,637900189,1254
2015-10-17,10000002,37,125.91,125.99,124.14,139331618,1045
2015-10-17,10000002,38,477.98,478,477,44509194,996
2015-10-17,10000002,39,1112.03,1127.77,1093.77,38756432,998
2015-10-17,10000002,40,1398.99,1402.78,1353.12,16557999,857
2015-10-17,10000002,11399,11694.99,11695.43,11694,1299622,394
2015-10-18,10000002,34,6.1,6.22,6.06,13426463154,2420
2015-10-18,10000002,35,11.29,11.3,11.25,2169745208,1729
2015-10-18,10000002,36,67.3,67.92,66.25,635165741,1561
2015-10-18,10000002,37,124.53,125.93,124.04,119526799,1284
2015-10-18,10000002,38,473.97,475,466.03,46212780,1173
2015-10-18,10000002,39,1123.95,1124.49,1119.97,43067224,1165
2015-10-18,10000002,40,1403.94,1403.98,1360.05,13221269,1038
2015-10-18,10000002,11399,11692.97,11693,11582,1917589,489
2015-10-19,10000002,34,6.07,6.09,6.03,6544983212,1806
2015-10-19,10000002,35,11.19,11.26,11.1,1910658489,1292
2015-10-19,10000002,36,66.75,67.73,65.17,391382982,1081
2015-10-19,10000002,37,122.61,125.58,118,109386172,931
2015-10-19,10000002,38,466.39,472,460.59,55224914,882
2015-10-19,10000002,39,1084.57,1119.83,1077.27,45352252,885
2015-10-19,10000002,40,1347.68,1398.98,1347.59,27065098,786
2015-10-19,10000002,11399,11300.04,11587.9,11196.2,1484331,403
2015-10-20,10000002,34,6.07,6.09,6.03,7535216897,1662
2015-10-20,10000002,35,11.2,11.26,10.97,2295049696,1223
2015-10-20,10000002,36,65.59,66,65.01,677487100,1044
2015-10-20,10000002,37,117.94,120.99,116.77,228403370,896
2015-10-20,10000002,38,470.98,473,460.25,52975923,787
2015-10-20,10000002,39,1110,1110.97,1070.02,26489902,815
2015-10-20,10000002,40,1404.8,1409.15,1346.01,10967811,737
2015-10-20,10000002,11399,11578.26,11578.3,11569.99,1357872,372
2015-10-21,10000002,34,6,6.03,5.94,9124975890,1782
2015-10-21,10000002,35,11.27,11.27,11.24,1565336858,1258
2015-10-21,10000002,36,63.99,65.7,61.52,728075589,1115
2015-10-21,10000002,37,119.75,120.25,116.67,123338686,939
2015-10-21,10000002,38,473.5,473.97,468.24,38087625,895
2015-10-21,10000002,39,1097.02,1099.99,1072.04,28425354,912
2015-10-21,10000002,40,1404.69,1405.08,1391.87,10514500,772
2015-10-21,10000002,11399,11450,11575.96,11300.06,1400809,331
2015-10-22,10000002,34,6.08,6.1,5.99,9820203169,1857
2015-10-22,10000002,35,11.32,11.4,11.25,2561003687,1415
2015-10-22,10000002,36,64.68,64.85,61.8,647437873,1235
2015-10-22,10000002,37,119.49,119.8,116.53,170483981,1038
2015-10-22,10000002,38,475,484.08,473,61485597,1021
2015-10-22,10000002,39,1056.99,1062,1037.03,67573558,1042
2015-10-22,10000002,40,1378.02,1397.78,1339.17,17854619,859
2015-10-22,10000002,11399,11498,11498.98,11497.99,1207967,375
2015-10-23,10000002,34,6.09,6.1,5.98,8547344996,1854
2015-10-23,10000002,35,11.47,11.48,11.38,1930955661,1368
2015-10-23,10000002,36,63.82,64.63,63.52,589577025,1139
2015-10-23,10000002,37,119.44,119.49,118,129239022,1003
2015-10-23,10000002,38,495.7,497.5,481.88,38419152,910
2015-10-23,10000002,39,1044,1083,1037,55336811,939
2015-10-23,10000002,40,1394.76,1396.65,1366.5,13402193,802
2015-10-23,10000002,11399,11298,11488.01,11297.1,1844945,404
2015-10-24,10000002,34,6.1,6.12,6.04,11662376905,2211
2015-10-24,10000002,35,11.48,11.49,11.46,1748958928,1526
2015-10-24,10000002,36,64.6,64.98,64.1,724282962,1343
2015-10-24,10000002,37,118.83,119,115.01,104617992,1055
2015-10-24,10000002,38,497.99,512.71,485.02,58616810,1037
2015-10-24,10000002,39,1083.99,1084.54,1059.08,29530785,1029
2015-10-24,10000002,40,1349,1349.99,1334.96,12474287,946
2015-10-24,10000002,11399,11497.97,11498.97,11420,1732320,445
2015-10-25,10000002,34,6.12,6.14,6.09,15135848427,2235
2015-10-25,10000002,35,11.44,11.48,11.33,2452944117,1551
2015-10-25,10000002,36,65.44,65.7,64.68,813553776,1437
2015-10-25,10000002,37,117.8,117.85,116.08,161170753,1125
2015-10-25,10000002,38,500.86,502.85,484.35,46329033,1061
2015-10-25,10000002,39,1083.48,1084,1073.71,31055238,1062
2015-10-25,10000002,40,1348.9,1348.93,1335,16870150,948
2015-10-25,10000002,11399,11498,11498.63,11497.41,1032948,498
2015-10-26,10000002,34,6.14,6.17,6.1,14847693378,1903
2015-10-26,10000002,35,11.41,11.45,11.29,2954958218,1222
2015-10-26,10000002,36,65.98,66.21,64.06,658228535,1086
2015-10-26,10000002,37,117.9,118,117,270079290,953
2015-10-26,10000002,38,494.72,497,485.23,111339826,917
2015-10-26,10000002,39,1050.35,1056,1046.4,58321423,917
2015-10-26,10000002,40,1332.2,1347.99,1324.02,24463573,833
2015-10-26,10000002,11399,11497.9,11498.87,10937.04,1637295,428
2015-10-27,10000002,34,6.07,6.13,5.98,12143012688,1818
2015-10-27,10000002,35,11.4,11.49,11.25,5406701938,1294
2015-10-27,10000002,36,65.07,65.47,65,659959117,1211
2015-10-27,10000002,37,116.07,117.85,114.27,156291035,1006
2015-10-27,10000002,38,495.9,496.7,474.05,41445911,890
2015-10-27,10000002,39,1033.33,1048.38,1000.11,53019347,932
2015-10-27,10000002,40,1310,1328.94,1280.01,13459378,841
2015-10-27,10000002,11399,11399.89,11490,10871.06,2077626,444
2015-10-28,10000002,34,6.07,6.1,5.99,18663362419,1772
2015-10-28,10000002,35,11.31,11.34,10.92,1832214000,1205
2015-10-28,10000002,36,63.64,63.78,63.63,561549714,1100
2015-10-28,10000002,37,117.72,118,114.5,171189268,960
2015-10-28,10000002,38,481.25,489,476.47,52344780,850
2015-10-28,10000002,39,1047.74,1047.87,1016.01,26084634,804
2015-10-28,10000002,40,1325.49,1327.75,1318.91,16515417,781
2015-10-28,10000002,11399,11397.82,11397.94,11397.74,1735248,373
2015-10-29,10000002,34,6.09,6.1,6.06,8870143914,1815
2015-10-29,10000002,35,11.27,11.28,10.98,2264493806,1283
2015-10-29,10000002,36,63.76,63.79,63,771287006,1177
2015-10-29,10000002,37,115.54,117,115,179905212,974
2015-10-29,10000002,38,484.06,492.99,480.01,40437451,904
2015-10-29,10000002,39,1046.53,1046.63,1045.07,30291526,860
2015-10-29,10000002,40,1318.93,1349.64,1317.84,15833835,815
2015-10-29,10000002,11399,11395.05,11395.07,11391.96,971769,346
2015-10-30,10000002,34,6.04,6.08,5.97,15558740286,1895
2015-10-30,10000002,35,11.22,11.25,11.14,1570102059,1300
2015-10-30,10000002,36,63.6,63.63,61.87,551015204,1205
2015-10-30,10000002,37,115.43,115.44,115.41,147721678,998
2015-10-30,10000002,38,483,484.05,482,53452107,940
2015-10-30,10000002,39,1043.32,1043.8,1007.02,23748420,879
2015-10-30,10000002,40,1350,1392.45,1348.98,9230404,794
2015-10-30,10000002,11399,11391.89,11391.96,11001.07,1347249,423
2015-10-31,10000002,34,6.1,6.14,6.06,10976821261,2214
2015-10-31,10000002,35,11.21,11.22,11.08,2504647285,1516
2015-10-31,10000002,36,63.32,63.4,62.32,623980553,1371
2015-10-31,10000002,37,116.24,116.46,111.34,151198878,1190
2015-10-31,10000002,38,476.6,490.98,458,50183460,1102
2015-10-31,10000002,39,1042.53,1042.85,1007,53537376,1151
2015-10-31,10000002,40,1389.71,1389.8,1312.42,14863440,958
2015-10-31,10000002,11399,11001.45,11347.95,11000.24,1975739,506
2015-11-01,10000002,34,6.18,6.21,6.11,11428311173,2401
2015-11-01,10000002,35,11.19,11.22,11.17,2291779531,1660
2015-11-01,10000002,36,63.1,63.35,63.04,1068560578,1504
2015-11-01,10000002,37,115.2,116,111.8,201740739,1246
2015-11-01,10000002,38,488,490,478.65,58534605,1174
2015-11-01,10000002,39,1002.13,1041.99,996.01,47337125,1135
2015-11-01,10000002,40,1315.03,1365,1312.06,21048738,1037
2015-11-01,10000002,11399,11001.1,11343.92,11000.32,2743164,597
2015-11-02,10000002,34,6.1,6.14,6.07,16674406056,1928
2015-11-02,10000002,35,11.2,11.24,11.15,2329594111,1376
2015-11-02,10000002,36,61.88,62.49,61.88,929576327,1235
2015-11-02,10000002,37,114.25,114.3,111.8,167974166,1051
2015-11-02,10000002,38,489,489.98,488.99,59115576,994
2015-11-02,10000002,39,1034.64,1034.95,996,31067964,964
2015-11-02,10000002,40,1347.99,1349.68,1304.84,20070023,934
2015-11-02,10000002,11399,11197.7,11197.89,10802.14,1871751,493
2015-11-03,10000002,34,6.17,6.19,6.1,16800871659,1767
2015-11-03,10000002,35,11.27,11.29,11.17,2601507314,1257
2015-11-03,10000002,36,62.67,62.72,61.1,583362218,1155
2015-11-03,10000002,37,113,113.74,112.95,135922246,965
2015-11-03,10000002,38,490,495.97,485.98,58464982,899
2015-11-03,10000002,39,1015,1029,1010.17,26138156,859
2015-11-03,10000002,40,1375.95,1379,1350,7564053,786
2015-11-03,10000002,11399,11204.96,11295.99,11101.07,830744,426
2015-11-04,10000002,34,6.13,6.2,6.03,18175130629,1863
2015-11-04,10000002,35,11.3,11.44,11.26,2023149161,1291
2015-11-04,10000002,36,62.36,62.59,60.76,640538688,1156
2015-11-04,10000002,37,113.71,113.75,112.41,125100533,993
2015-11-04,10000002,38,489,497.78,479.8,40068203,949
2015-11-04,10000002,39,1032.73,1042.55,1025.06,24628433,939
2015-11-04,10000002,40,1372.77,1377.94,1369,10996515,870
2015-11-04,10000002,11399,11198.62,11198.94,11197.99,1063831,414
2015-11-05,10000002,34,6.22,6.28,6.16,9550928858,1795
2015-11-05,10000002,35,11.41,11.43,11.17,1366150200,1213
2015-11-05,10000002,36,62.6,62.72,61.22,487975014,1125
2015-11-05,10000002,37,113.25,113.5,109.6,143511966,938
2015-11-05,10000002,38,480.16,496.96,480,34764501,899
2015-11-05,10000002,39,1011,1012.01,1011,37292880,888
2015-11-05,10000002,40,1358.12,1386.4,1305,15390291,784
2015-11-05,10000002,11399,11097.98,11100,10701,2034516,451
2015-11-06,10000002,34,6.17,6.28,6.1,18677309618,1902
2015-11-06,10000002,35,11.36,11.42,11.1,1990626252,1283
2015-11-06,10000002,36,62.51,62.55,62.4,429077575,1122
2015-11-06,10000002,37,113,113.49,112.3,112861558,1011
2015-11-06,10000002,38,484.02,495.99,479.94,52989845,907
2015-11-06,10000002,39,1018,1046,1010,46546890,933
2015-11-06,10000002,40,1301.61,1357,1295.51,15993945,882
2015-11-06,10000002,11399,10656,11094.97,10462.17,2120288,444
2015-11-07,10000002,34,6.29,6.38,6.15,20748970017,2251
2015-11-07,10000002,35,11.37,11.42,11.25,2144000597,1624
2015-11-07,10000002,36,62.48,62.62,62.4,865655773,1408
2015-11-07,10000002,37,113.5,113.75,113.48,163773143,1190
2015-11-07,10000002,38,495.88,495.92,490.99,36072356,1118
2015-11-07,10000002,39,1046.97,1046.99,1011.8,29194118,1151
2015-11-07,10000002,40,1370,1378.89,1368.95,9049900,998
2015-11-07,10000002,11399,10996.99,10998.97,10600,1584317,471
2015-11-08,10000002,34,6.2,6.37,6.18,18983929196,2368
2015-11-08,10000002,35,11.33,11.39,11.26,2361867472,1573
2015-11-08,10000002,36,63.1,63.2,62.22,631746512,1366
2015-11-08,10000002,37,113.47,113.66,113.1,153813159,1161
2015-11-08,10000002,38,494,494.93,485.12,42029255,1083
2015-11-08,10000002,39,1098.99,1108.9,1049.66,24328931,1028
2015-11-08,10000002,40,1380,1384.99,1360.59,11064560,986
2015-11-08,10000002,11399,11148.09,11198,10998.98,1723631,537
2015-11-09,10000002,34,6.29,6.3,6.24,9270350613,1761
2015-11-09,10000002,35,11.33,11.34,11.3,1659818303,1273
2015-11-09,10000002,36,63.05,63.22,62.89,476457893,1106
2015-11-09,10000002,37,113.5,114,113.25,125265882,961
2015-11-09,10000002,38,493,493,492.99,40132504,855
2015-11-09,10000002,39,1118.48,1118.87,1069.85,18063374,906
2015-11-09,10000002,40,1377,1379.94,1341.18,10932030,800
2015-11-09,10000002,11399,11180,11297,10810.22,1376125,448
2015-11-10,10000002,34,6.26,6.28,6.25,7323530687,1730
2015-11-10,10000002,35,11.37,11.47,11.35,2726736134,1288
2015-11-10,10000002,36,62.72,62.87,62.17,416086989,1081
2015-11-10,10000002,37,114.9,115.99,113.76,88418397,940
2015-11-10,10000002,38,494,494.87,493,34738762,889
2015-11-10,10000002,39,1118.87,1122.99,1090.03,23298242,910
2015-11-10,10000002,40,1360,1392.36,1350.23,6927577,777
2015-11-10,10000002,11399,11149.99,11329.99,10910.02,1324969,442
2015-11-11,10000002,34,6.29,6.35,6.25,10650982222,1709
2015-11-11,10000002,35,11.36,11.53,11.26,2083152106,1185
2015-11-11,10000002,36,62.15,62.54,62.12,746868620,1090
2015-11-11,10000002,37,114.31,115.51,114.12,142503793,919
2015-11-11,10000002,38,488.2,493.54,487.68,44319691,847
2015-11-11,10000002,39,1091.06,1120,1091,20173145,827
2015-11-11,10000002,40,1365.97,1389,1351.2,11015121,763
2015-11-11,10000002,11399,11342.93,11344.98,11000.13,1800810,405
2015-11-12,10000002,34,6.35,6.39,6.22,8339800688,1607
2015-11-12,10000002,35,11.39,11.46,11.27,1722422199,1124
2015-11-12,10000002,36,62.6,62.66,60.2,555707119,991
2015-11-12,10000002,37,113.91,115.18,112.23,159360382,877
2015-11-12,10000002,38,489.99,492.86,478.89,36665301,810
2015-11-12,10000002,39,1082.75,1116.98,1075.01,24020374,795
2015-11-12,10000002,40,1329.99,1350.23,1311.38,11170634,721
2015-11-12,10000002,11399,11342.96,11343.95,11300,773048,367
2015-11-13,10000002,34,6.3,6.34,6.22,7004778050,1524
2015-11-13,10000002,35,11.3,11.32,11.25,1804024425,1157
2015-11-13,10000002,36,62.36,62.4,62.22,445799091,999
2015-11-13,10000002,37,114.73,114.75,114.69,131474518,872
2015-11-13,10000002,38,491.99,492,491.93,35413770,797
2015-11-13,10000002,39,1094,1116.4,1064.78,28942004,839
2015-11-13,10000002,40,1335,1346.88,1264.02,18483012,744
2015-11-13,10000002,11399,11342,11348.98,11103.12,1665039,376
2015-11-14,10000002,34,6.32,6.34,6.25,6391570697,1847
2015-11-14,10000002,35,11.5,11.56,11.41,2226703695,1326
2015-11-14,10000002,36,62.23,62.27,62.16,507471136,1083
2015-11-14,10000002,37,115.61,116.28,114.42,191070469,966
2015-11-14,10000002,38,492.99,495.99,478.83,37070408,921
2015-11-14,10000002,39,1107,1107.5,1066.24,21337603,818
2015-11-14,10000002,40,1346.96,1376.48,1317.1,8240088,716
2015-11-14,10000002,11399,11576.78,11578.64,11500,977831,460
2015-11-15,10000002,34,6.37,6.4,6.3,10207892717,1985
2015-11-15,10000002,35,11.54,11.65,11.3,2848023005,1420
2015-11-15,10000002,37,117.75,118.95,115.76,152968022,1041
2015-11-15,10000002,38,503,508,499.07,59893889,983
2015-11-15,10000002,39,1107,1107.6,1089.5,29369816,977
2015-11-15,10000002,40,1344.07,1376.47,1343.35,13716287,890
2015-11-15,10000002,11399,11449.95,11449.99,11425,1327667,469
2015-11-16,10000002,34,6.31,6.36,6.3,10076904026,1691
2015-11-16,10000002,35,11.47,11.6,11.41,2216594557,1156
2015-11-16,10000002,36,61.99,62.19,61.34,521500732,1069
2015-11-16,10000002,38,504,507.91,499.39,47899442,874
2015-11-16,10000002,39,1014,1070.02,1007.99,46322608,886
2015-11-16,10000002,40,1339,1366.97,1321.25,11744887,745
2015-11-16,10000002,11399,11248.38,11348.87,11000.23,1004862,433
2015-11-17,10000002,34,6.4,6.48,6.32,12099543215,1659
2015-11-17,10000002,35,11.51,11.57,11.42,2254785687,1106
2015-11-17,10000002,36,62,62.13,60.94,506242855,986
2015-11-17,10000002,37,114.45,117.18,114,173142977,820
2015-11-17,10000002,38,503,504,480.07,34380476,755
2015-11-17,10000002,39,1039,1046,1038.99,31723837,799
2015-11-17,10000002,40,1305,1332.23,1256.15,23347775,752
2015-11-17,10000002,11399,11000.48,11243.8,11000.28,1907266,422
2015-11-18,10000002,34,6.46,6.49,6.35,9940652549,1572
2015-11-18,10000002,35,11.53,11.54,11.46,1560239181,1140
2015-11-18,10000002,36,61.98,62,60.9,476267299,1012
2015-11-18,10000002,37,116.64,116.99,111.83,103293851,866
2015-11-18,10000002,38,502.96,503,485.34,32371416,837
2015-11-18,10000002,39,1037.71,1037.73,1010.04,20039041,789
2015-11-18,10000002,40,1330,1331,1329,8793424,730
2015-11-18,10000002,11399,11243.95,11244,11104.09,925019,394
2015-11-19,10000002,34,6.37,6.4,6.29,7039409575,1407
2015-11-19,10000002,35,11.41,11.44,11.37,1171065094,956
2015-11-19,10000002,36,61.06,61.83,60.56,501350357,863
2015-11-19,10000002,37,116.74,116.75,116.46,100085500,760
2015-11-19,10000002,38,502.9,502.98,499,25875133,642
2015-11-19,10000002,39,1016.01,1041.03,1015.62,33795510,754
2015-11-19,10000002,40,1268,1275.14,1252.21,35859696,693
2015-11-19,10000002,11399,11001.32,11243.95,11000.42,1476831,402
2015-11-20,10000002,34,6.36,6.4,6.31,13346963087,1581
2015-11-20,10000002,35,11.42,11.45,11.41,2130430548,1091
2015-11-20,10000002,36,61.65,61.8,60.85,532107218,967
2015-11-20,10000002,37,116.75,116.99,115.53,124387059,794
2015-11-20,10000002,38,502,502.03,500.28,47443073,797
2015-11-20,10000002,39,1047,1068.98,1003.93,29568500,721
2015-11-20,10000002,40,1203,1203.01,1203,28790512,678
2015-11-20,10000002,11399,11101.1,11198.98,10906.19,1017259,362
2015-11-21,10000002,34,6.35,6.46,6.28,10824766394,1850
2015-11-21,10000002,35,11.42,11.45,11.34,2717149054,1295
2015-11-21,10000002,36,61.61,61.78,60.59,785964306,1119
2015-11-21,10000002,37,116.72,116.75,116.7,160646171,960
2015-11-21,10000002,38,501.99,506.99,486.31,64813523,900
2015-11-21,10000002,39,1049.99,1061.92,1011.55,30832404,924
2015-11-21,10000002,40,1295.96,1298.96,1238.12,16817383,874
2015-11-21,10000002,11399,11238.99,11578.62,11150,1585043,485
2015-11-22,10000002,34,6.24,6.35,6.22,10413525370,1903
2015-11-22,10000002,35,11.21,11.33,10.95,2248368761,1308
2015-11-22,10000002,36,61.39,61.87,60.75,726238646,1231
2015-11-22,10000002,37,116.9,116.99,114.24,194264952,1032
2015-11-22,10000002,38,499.4,505,487.46,40157662,898
2015-11-22,10000002,39,945.1,1027.8,939.99,50472438,871
2015-11-22,10000002,40,1287,1287.56,1250.69,12403631,841
2015-11-22,10000002,11399,11914,11947.99,11301,1779589,452
2015-11-23,10000002,34,6.24,6.3,6.13,8274056564,1572
2015-11-23,10000002,35,11.18,11.21,10.99,1689707506,1117
2015-11-23,10000002,36,61.22,61.64,60.81,672817629,1011
2015-11-23,10000002,37,116.39,116.74,115.99,120833905,888
2015-11-23,10000002,38,497.95,504.46,490.88,30968948,845
2015-11-23,10000002,39,953.01,998.19,939.61,54676712,834
2015-11-23,10000002,40,1247.99,1252.19,1206,27678489,766
2015-11-23,10000002,11399,11938.79,11943,11449.24,1476318,384
2015-11-24,10000002,34,6.28,6.35,6.18,7365306345,1444
2015-11-24,10000002,35,11.12,11.18,11.05,1444789147,997
2015-11-24,10000002,36,61.2,61.6,60.78,564510522,893
2015-11-24,10000002,37,117,120.48,116.5,119950460,792
2015-11-24,10000002,38,499.99,504,494.03,35283105,727
2015-11-24,10000002,39,984.65,985.98,940.16,45859299,797
2015-11-24,10000002,40,1249.98,1272.05,1162,17238961,695
2015-11-24,10000002,11399,11933.98,11936.99,11303.05,1244525,389
2015-11-25,10000002,34,6.31,6.36,6.15,10332280976,1589
2015-11-25,10000002,35,11.13,11.15,11.12,1865582594,1115
2015-11-25,10000002,36,61.15,61.3,60.19,475888927,1010
2015-11-25,10000002,37,119.94,120.7,115.1,91753497,829
2015-11-25,10000002,38,499,501.12,491.52,42209883,789
2015-11-25,10000002,39,966.96,977.03,940.12,42161430,828
2015-11-25,10000002,40,1234,1234.95,1164.42,19588974,767
2015-11-25,10000002,11399,11003.01,11101.06,11002.04,2814537,387
2015-11-26,10000002,34,6.25,6.28,6.14,5806371247,1450
2015-11-26,10000002,35,11.13,11.15,11.09,2277316023,1011
2015-11-26,10000002,36,61.3,61.39,60.15,655698851,949
2015-11-26,10000002,37,117.99,118.03,116.38,179370819,819
2015-11-26,10000002,38,498.94,499,498,42844922,741
2015-11-26,10000002,39,969.5,969.94,969.5,49645122,755
2015-11-26,10000002,40,1234.19,1234.21,1234.1,11307859,682
2015-11-26,10000002,11399,11599.97,11599.99,11352.01,967545,388
2015-11-27,10000002,34,6.24,6.26,6.19,7071007970,1581
2015-11-27,10000002,35,11.13,11.19,11.08,2763381716,1082
2015-11-27,10000002,36,60.9,61.1,59.99,391977345,964
2015-11-27,10000002,37,115.33,117.84,113.68,152883224,766
2015-11-27,10000002,38,498.99,499,497.15,45678135,776
2015-11-27,10000002,39,1005,1019.98,937.05,38020920,777
2015-11-27,10000002,40,1198.16,1226.88,1163.79,27687015,731
2015-11-27,10000002,11399,11215.15,11600,11003.2,2328752,400
2015-11-28,10000002,34,6.25,6.29,6.15,9755810011,1775
2015-11-28,10000002,35,11.4,11.49,11.14,1960884359,1227
2015-11-28,10000002,36,60.92,60.97,59.31,591334941,1086
2015-11-28,10000002,37,117.75,117.98,117.73,99223361,930
2015-11-28,10000002,38,499.95,500.67,499.91,55245369,892
2015-11-28,10000002,39,961,1017.01,953.54,52225707,895
2015-11-28,10000002,40,1223.78,1225.51,1165.63,14975139,813
2015-11-28,10000002,11399,11674.93,11690.93,10920,2486873,396
2015-11-29,10000002,34,6.22,6.27,6.11,6623737169,1980
2015-11-29,10000002,35,11.39,11.45,11.13,1719567436,1360
2015-11-29,10000002,36,61.1,61.48,59.74,912071889,1251
2015-11-29,10000002,37,115.98,117.73,114.13,196737124,1043
2015-11-29,10000002,38,492,501,482.63,60340393,952
2015-11-29,10000002,39,951.06,996.6,950,42723049,953
2015-11-29,10000002,40,1219.67,1219.88,1160.8,42589591,931
2015-11-29,10000002,11399,11300,11645.6,11121.9,1506131,481
2015-11-30,10000002,34,6.21,6.23,6.17,6483856395,1658
2015-11-30,10000002,35,11.41,11.42,11.38,1705353983,1165
2015-11-30,10000002,36,61.07,61.16,59.89,486076693,1044
2015-11-30,10000002,37,113.75,116.42,113.12,178307320,901
2015-11-30,10000002,38,482.9,492.55,481.47,57110682,865
2015-11-30,10000002,39,960.03,989.98,930.89,33136977,854
2015-11-30,10000002,40,1131.31,1186.9,1002.27,28913600,806
2015-11-30,10000002,11399,11121.05,11639.93,11118.08,1956086,466
2015-12-01,10000002,34,6.25,6.27,6.13,8177680862,1665
2015-12-01,10000002,35,11.41,11.56,11.38,2677525741,1192
2015-12-01,10000002,36,61.05,61.09,59.05,613273032,1018
2015-12-01,10000002,37,115.99,116.23,113,120295365,869
2015-12-01,10000002,38,497.95,498,475.54,31577908,808
2015-12-01,10000002,39,977.9,978.7,941,49184389,806
2015-12-01,10000002,40,1179,1183.69,1129.86,15193966,771
2015-12-01,10000002,11399,11120,11250.01,10918,3072189,391
2015-12-02,10000002,34,6.18,6.27,6.1,12353441891,1645
2015-12-02,10000002,35,11.47,11.49,11.42,1641167700,1156
2015-12-02,10000002,36,60.84,60.88,59.82,671169128,1029
2015-12-02,10000002,37,115.5,115.93,112.48,147253282,890
2015-12-02,10000002,38,494.98,495.99,472.36,64535571,866
2015-12-02,10000002,39,960,969.99,953,54045440,894
2015-12-02,10000002,40,1123.02,1149.65,1123,22932446,832
2015-12-02,10000002,11399,10971,11200,10949,1758977,444
2015-12-03,10000002,34,6.26,6.29,6.18,6999866923,1697
2015-12-03,10000002,35,11.47,11.48,11.42,2048822998,1207
2015-12-03,10000002,36,60.77,60.79,60.6,447253911,1114
2015-12-03,10000002,37,115.75,115.75,115.74,201976628,948
2015-12-03,10000002,38,493.7,493.95,473.89,62369595,908
2015-12-03,10000002,39,1003,1007.5,930.39,30652964,881
2015-12-03,10000002,40,1131.05,1137.99,1079.1,20187125,857
2015-12-03,10000002,11399,11293.02,11386.98,10975.03,1717457,369
2015-12-04,10000002,34,6.31,6.34,6.2,7942798115,1520
2015-12-04,10000002,35,11.49,11.52,11.44,1832700299,1082
2015-12-04,10000002,36,60.7,61.39,60.6,571064740,1041
2015-12-04,10000002,37,116,116.5,115.92,132151938,821
2015-12-04,10000002,38,492.98,493,480,43861415,751
2015-12-04,10000002,39,997.05,1001.67,947.15,27320719,772
2015-12-04,10000002,40,1104,1129,1090,15646147,743
2015-12-04,10000002,11399,11000.73,11586.99,11000.03,1188629,416
2015-12-05,10000002,34,6.39,6.44,6.26,11540947393,2073
2015-12-05,10000002,35,11.53,11.55,11.51,2199893242,1479
2015-12-05,10000002,36,62.6,63.09,61.01,570383944,1307
2015-12-05,10000002,37,118.24,118.28,113.07,152143862,1096
2015-12-05,10000002,38,485.02,493.16,474.03,80727458,1026
2015-12-05,10000002,39,955.15,996.7,953.03,48161515,1004
2015-12-05,10000002,40,1081.07,1109.95,1076,25585519,916
2015-12-05,10000002,11399,11569.55,11569.72,11567,1989696,522
2015-12-06,10000002,34,6.46,6.52,6.31,9954020310,2230
2015-12-06,10000002,35,11.54,11.55,11.52,1634229455,1432
2015-12-06,10000002,36,61.58,62.5,59.77,714733902,1321
2015-12-06,10000002,37,116,117.31,112.79,184239443,1167
2015-12-06,10000002,38,485,492,477.28,56558775,1049
2015-12-06,10000002,39,936.11,963.99,918.8,84274026,1120
2015-12-06,10000002,40,1100.78,1109,1100,29666055,932
2015-12-06,10000002,11399,11567.99,11568.93,11211.02,1539047,451
2015-12-07,10000002,34,6.31,6.38,6.3,7224808073,1678
2015-12-07,10000002,35,11.47,11.49,11.44,1552645096,1179
2015-12-07,10000002,36,61.94,62.12,61.81,604341676,1062
2015-12-07,10000002,37,116.82,116.86,113.74,112203489,873
2015-12-07,10000002,38,490,490.94,478.11,38412072,838
2015-12-07,10000002,39,960.99,961.6,960.84,25828139,841
2015-12-07,10000002,40,1134.98,1149.89,1129.99,14712886,807
2015-12-07,10000002,11399,11530.99,11541.05,11200.23,1063895,408
2015-12-08,10000002,34,6.34,6.4,6.28,8129988854,1893
2015-12-08,10000002,35,11.41,11.46,11.36,2121907796,1399
2015-12-08,10000002,36,61.07,61.89,59.83,611208313,1307
2015-12-08,10000002,37,113.99,116.48,113.92,145097295,1135
2015-12-08,10000002,38,490,491,477.72,65682091,1093
2015-12-08,10000002,39,953,957.5,918,40737483,1064
2015-12-08,10000002,40,1216.8,1223.55,1180,23472656,922
2015-12-08,10000002,11399,11393,11530,11083,1397646,565
2015-12-09,10000002,34,6.28,6.33,6.23,5020041651,1953
2015-12-09,10000002,35,11.21,11.27,11.06,1349704326,1347
2015-12-09,10000002,36,61.1,61.28,59.69,396113666,1213
2015-12-09,10000002,37,115.51,115.69,113.94,97182298,983
2015-12-09,10000002,38,476.4,488.99,475.25,47903242,924
2015-12-09,10000002,39,906.01,949.83,905.19,40195652,958
2015-12-09,10000002,40,1166.31,1166.36,1164.99,24014250,816
2015-12-09,10000002,11399,11286,11519.97,10987.08,1379775,663
2015-12-10,10000002,34,6.24,6.31,6.16,8530510525,2095
2015-12-10,10000002,35,11.14,11.18,11.01,1902275699,1416
2015-12-10,10000002,36,60.39,60.66,59.01,432263845,1237
2015-12-10,10000002,37,114.92,114.99,112.78,107823697,982
2015-12-10,10000002,38,483.99,484.97,468.01,30724052,957
2015-12-10,10000002,39,942,943.91,905,20762525,958
2015-12-10,10000002,40,1194.47,1199.9,1165.02,11183291,827
2015-12-10,10000002,11399,11490.05,11491.7,11487,810257,598
2015-12-11,10000002,34,6.33,6.34,6.2,6338940978,2147
2015-12-11,10000002,35,11.25,11.27,11.02,2401842487,1463
2015-12-11,10000002,36,60.99,61,59.9,427033895,1259
2015-12-11,10000002,37,114.39,114.45,113.43,96761089,1095
2015-12-11,10000002,38,484,485.69,483.5,31398571,1051
2015-12-11,10000002,39,933.2,933.87,922.08,26618441,998
2015-12-11,10000002,40,1155.1,1193.8,1130.15,19539488,868
2015-12-11,10000002,11399,11477,11483,11311.44,1669909,574
2015-12-12,10000002,34,6.32,6.33,6.22,9296954601,2500
2015-12-12,10000002,35,11.3,11.31,11.28,2041690134,1690
2015-12-12,10000002,36,60.9,60.95,59.95,468012298,1511
2015-12-12,10000002,37,114,114.25,112.26,118372578,1337
2015-12-12,10000002,38,484,485,470.78,45431037,1208
2015-12-12,10000002,39,922.25,941.63,922.14,36989528,1207
2015-12-12,10000002,40,1169.72,1183.73,1100,11770124,1015
2015-12-12,10000002,11399,11343,11398.86,10504.01,1803791,569
2015-12-13,10000002,34,6.29,6.34,6.19,15129290962,2782
2015-12-13,10000002,35,11.2,11.28,11.1,1965304701,1887
2015-12-13,10000002,36,60.7,60.85,60,812810268,1667
2015-12-13,10000002,37,113,114.25,112.19,191670215,1411
2015-12-13,10000002,38,485.96,487.99,470.66,44077817,1300
2015-12-13,10000002,39,905,920.72,892,56127718,1285
2015-12-13,10000002,40,1087.03,1091,1085.95,36739837,1151
2015-12-13,10000002,11399,11318.99,11337.96,10952.15,1605936,562
2015-12-14,10000002,34,6.32,6.33,6.24,7758468849,2232
2015-12-14,10000002,35,11.25,11.26,11.14,2326226478,1600
2015-12-14,10000002,36,60.77,60.79,60.32,575862872,1431
2015-12-14,10000002,37,113.6,113.99,113.5,172645189,1212
2015-12-14,10000002,38,484.96,485.99,477.44,35009565,1071
2015-12-14,10000002,39,920.5,942,901.01,38955760,1062
2015-12-14,10000002,40,1145,1150,1064.33,11431069,943
2015-12-14,10000002,11399,11289,11300.97,11002.96,1773946,561
2015-12-15,10000002,34,6.29,6.33,6.21,9995855748,2162
2015-12-15,10000002,35,11.27,11.29,11.1,1887283051,1471
2015-12-15,10000002,36,60.6,60.77,60.38,632111494,1344
2015-12-15,10000002,37,113.72,113.9,111.1,122774234,1132
2015-12-15,10000002,38,484.5,484.89,477.77,43178618,1058
2015-12-15,10000002,39,944,952.01,915,35066648,1049
2015-12-15,10000002,40,1101.2,1152.93,1100.01,18482387,905
2015-12-15,10000002,11399,10772.69,10800.01,10770,1679360,519
2015-12-16,10000002,34,6.26,6.28,6.19,5994801343,1954
2015-12-16,10000002,35,11.27,11.3,11.01,1703947555,1416
2015-12-16,10000002,36,60.69,60.79,60.16,813353894,1317
2015-12-16,10000002,37,113.06,113.7,112,133033804,1078
2015-12-16,10000002,38,472.4,478.02,461.59,69084783,1023
2015-12-16,10000002,39,915.07,933.06,905,30312891,956
2015-12-16,10000002,40,1103.19,1105,1103.04,28379813,882
2015-12-16,10000002,11399,10551.09,11238.78,10521.2,1848402,492
2015-12-17,10000002,34,6.29,6.3,6.21,7938216763,2050
2015-12-17,10000002,35,11.3,11.35,11.05,1739111206,1601
2015-12-17,10000002,36,60.8,60.97,58.6,538411601,1417
2015-12-17,10000002,37,113.04,113.38,111,140300594,1104
2015-12-17,10000002,38,465,476.99,461.66,47052087,1112
2015-12-17,10000002,39,930.89,931,910.02,28051551,984
2015-12-17,10000002,40,1073.08,1134.88,1070.03,18181384,865
2015-12-17,10000002,11399,11188.98,11243.76,11187,2309982,519
2015-12-18,10000002,34,6.3,6.34,6.25,10688346439,1987
2015-12-18,10000002,35,11.36,11.37,11.34,1877203805,1362
2015-12-18,10000002,36,60.7,60.79,60.44,386348402,1151
2015-12-18,10000002,37,112.64,112.69,112.46,124049305,1057
2015-12-18,10000002,38,475,476,474.93,44492079,1015
2015-12-18,10000002,39,950,952.19,920.2,26157515,941
2015-12-18,10000002,40,1080.97,1088.95,1037.2,16182687,873
2015-12-18,10000002,11399,11334.99,11343.81,10901,1119573,438
2015-12-19,10000002,34,6.32,6.36,6.25,11958657334,2332
2015-12-19,10000002,35,11.3,11.31,11.19,2226049252,1575
2015-12-19,10000002,36,60.3,60.59,60,683488892,1390
2015-12-19,10000002,37,111.97,112.41,109,185322433,1205
2015-12-19,10000002,38,477.89,478.92,463.54,37368021,1115
2015-12-19,10000002,39,937,949.84,905.13,42598312,1110
2015-12-19,10000002,40,1037,1073,1035,18761862,1024
2015-12-19,10000002,11399,10927.08,11342.76,10703.03,3895186,514
2015-12-20,10000002,34,6.3,6.35,6.26,8744952439,2453
2015-12-20,10000002,35,11.18,11.26,11,1634740690,1665
2015-12-20,10000002,36,60.19,60.29,60.01,560241078,1514
2015-12-20,10000002,37,111.62,111.96,108.39,176628906,1329
2015-12-20,10000002,38,476,479,471.18,48400830,1218
2015-12-20,10000002,39,920,935,918,26799464,1164
2015-12-20,10000002,40,1050,1052.98,1038.02,23642677,1060
2015-12-20,10000002,11399,11299.99,11306.93,10987.07,1296970,561
2015-12-21,10000002,34,6.32,6.33,6.29,9222717230,2062
2015-12-21,10000002,35,11.19,11.21,11,1894350939,1398
2015-12-21,10000002,36,60.18,60.23,59.08,559363099,1315
2015-12-21,10000002,37,111.15,111.67,110.88,188116352,1140
2015-12-21,10000002,38,476.99,477.97,463.9,43847536,1041
2015-12-21,10000002,39,914.13,917,900.21,36090766,999
2015-12-21,10000002,40,1040.3,1064.3,1040.09,18461893,946
2015-12-21,10000002,11399,10995,11301.89,10991.25,1954439,494
2015-12-22,10000002,34,6.31,6.33,6.26,9037660675,2195
2015-12-22,10000002,35,11.14,11.2,10.88,1626572245,1506
2015-12-22,10000002,36,60.1,60.26,59.8,616401679,1382
2015-12-22,10000002,37,111.1,111.39,110.29,137220781,1196
2015-12-22,10000002,38,478,479.88,470.07,34439363,1111
2015-12-22,10000002,39,908.99,909,900.2,32207699,1185
2015-12-22,10000002,40,1021.73,1042.98,1021.39,26890915,979
2015-12-22,10000002,11399,11289.04,11293.87,10989.12,1246949,434
2015-12-23,10000002,34,6.29,6.35,6.27,7857029492,2208
2015-12-23,10000002,35,11.04,11.15,10.94,2819540735,1500
2015-12-23,10000002,36,60.15,60.46,60,915762003,1348
2015-12-23,10000002,37,111,111.1,110.7,146106590,1105
2015-12-23,10000002,38,477.42,478.7,467.1,65326604,1067
2015-12-23,10000002,39,909.98,914.95,900.43,36166419,1064
2015-12-23,10000002,40,1021,1031.89,1000,21044329,924
2015-12-23,10000002,11399,10903.02,11284.74,10897,1219697,398
2015-12-24,10000002,34,6.4,6.44,6.3,10945841430,1999
2015-12-24,10000002,35,11.15,11.15,11.14,3474937343,1372
2015-12-24,10000002,36,60.58,60.61,60.06,732246845,1278
2015-12-24,10000002,37,111,111.21,110.58,170603345,1060
2015-12-24,10000002,38,478.5,478.68,461.53,49899247,980
2015-12-24,10000002,39,909.99,914.97,890.61,39925864,948
2015-12-24,10000002,40,996.85,1024,991,24264176,892
2015-12-24,10000002,11399,11284,11284.67,10538,1671551,387
2015-12-25,10000002,34,6.4,6.43,6.33,7719320935,1917
2015-12-25,10000002,35,11.16,11.22,11.11,1695687174,1344
2015-12-25,10000002,36,60.55,60.68,60.24,478083894,1246
2015-12-25,10000002,37,111,111,110.99,122108911,1015
2015-12-25,10000002,38,477.99,478,464.21,43447133,937
2015-12-25,10000002,39,916,916,915.99,25746861,934
2015-12-25,10000002,40,1025,1025,1024.98,14355580,846
2015-12-25,10000002,11399,11148.85,11149.98,10750,792164,334
2015-12-26,10000002,34,6.43,6.46,6.34,10571797831,2418
2015-12-26,10000002,35,11.32,11.33,11.1,1727167421,1620
2015-12-26,10000002,36,61.28,61.29,60.41,562932856,1488
2015-12-26,10000002,37,111.2,111.25,109,141997673,1276
2015-12-26,10000002,38,465,478.96,461.2,61065804,1169
2015-12-26,10000002,39,914.21,925,900.02,34442240,1191
2015-12-26,10000002,40,1025,1027.99,1006.06,20712168,1064
2015-12-26,10000002,11399,10752,10901.01,10750,2258407,390
2015-12-27,10000002,34,6.38,6.42,6.32,8124981070,2369
2015-12-27,10000002,35,11.33,11.34,11.16,1935966751,1715
2015-12-27,10000002,36,60.93,61.07,60.29,613038213,1552
2015-12-27,10000002,37,110,110.89,106.68,121365822,1337
2015-12-27,10000002,38,474,474.75,456.36,40931004,1225
2015-12-27,10000002,39,929.99,930.9,911.08,21115936,1204
2015-12-27,10000002,40,1022,1042.98,1015.02,23521117,1067
2015-12-27,10000002,11399,10998.98,10999.9,10899.97,1925139,432
2015-12-28,10000002,34,6.32,6.35,6.3,11888795998,2031
2015-12-28,10000002,35,11.21,11.24,11.05,2253574166,1429
2015-12-28,10000002,36,60.64,60.89,60.44,722542253,1328
2015-12-28,10000002,37,107.28,110.23,107.08,186324380,1157
2015-12-28,10000002,38,472.95,472.98,457.08,51680428,1064
2015-12-28,10000002,39,929.98,929.99,925,23190780,1023
2015-12-28,10000002,40,1018.03,1042.99,1015,20175564,899
2015-12-28,10000002,11399,10897,10897.97,10751.05,2717144,482
2015-12-29,10000002,34,6.26,6.29,6.21,8682947669,2250
2015-12-29,10000002,35,11.19,11.2,11.15,2255739571,1581
2015-12-29,10000002,36,60.5,60.64,60.4,749213157,1425
2015-12-29,10000002,37,109.99,110.15,107.3,161039420,1268
2015-12-29,10000002,38,472,472.98,461.12,59441149,1241
2015-12-29,10000002,39,929.5,929.98,915,32015653,1116
2015-12-29,10000002,40,1020.06,1039.52,1018.9,11328786,980
2015-12-29,10000002,11399,10889.97,11106,10637.21,1880424,501
2015-12-30,10000002,34,6.28,6.31,6.22,7274203740,2135
2015-12-30,10000002,35,11.18,11.2,11.15,2182740555,1461
2015-12-30,10000002,36,60.52,60.64,60.35,831649788,1287
2015-12-30,10000002,37,107.49,110,107.15,190313932,1158
2015-12-30,10000002,38,470.9,471.98,457.9,53775441,1111
2015-12-30,10000002,39,929.97,929.98,911.06,54089616,1059
2015-12-30,10000002,40,1042,1042,1042,35295763,931
2015-12-30,10000002,11399,10995.1,11142.96,10646.02,2553335,412
2015-12-31,10000002,34,6.27,6.32,6.21,8259134385,1770
2015-12-31,10000002,35,11.09,11.18,10.91,1861374108,1190
2015-12-31,10000002,36,60.44,60.6,60.24,648484033,1091
2015-12-31,10000002,37,107,107.2,106.66,126219570,949
2015-12-31,10000002,38,470.99,471,463.42,41917784,905
2015-12-31,10000002,39,929.97,929.97,929.96,22525800,836
2015-12-31,10000002,40,1041.94,1041.98,1025.11,11353166,778
2015-12-31,10000002,11399,11146.65,11146.68,11145,771046,373
