type_id,blueprint_id,material_type_id,quantity,snapshot
165,681,38,86,2014-07-10
166,682,38,133,2014-07-10
582,683,34,22222,2014-07-10
582,683,35,8000,2014-07-10
582,683,36,2444,2014-07-10
582,683,37,500,2014-07-10
582,683,38,2,2014-07-10
582,683,39,2,2014-07-10
583,684,34,20000,2014-07-10
583,684,35,4444,2014-07-10
583,684,36,2111,2014-07-10
583,684,37,556,2014-07-10
583,684,38,11,2014-07-10
583,684,39,1,2014-07-10
584,685,34,13333,2014-07-10
584,685,35,12778,2014-07-10
584,685,36,1667,2014-07-10
584,685,37,222,2014-07-10
584,685,38,56,2014-07-10
584,685,39,11,2014-07-10
584,685,40,3,2014-07-10
620,686,34,544444,2014-07-10
620,686,35,130000,2014-07-10
620,686,36,31111,2014-07-10
620,686,37,8778,2014-07-10
620,686,38,1556,2014-07-10
620,686,39,444,2014-07-10
620,686,40,89,2014-07-10
621,687,34,544444,2014-07-10
621,687,35,122222,2014-07-10
621,687,36,36667,2014-07-10
621,687,37,10444,2014-07-10
621,687,38,3333,2014-07-10
621,687,39,700,2014-07-10
621,687,40,278,2014-07-10
638,688,34,10608667,2014-07-10
638,688,35,2652667,2014-07-10
638,688,36,664444,2014-07-10
638,688,37,165911,2014-07-10
638,688,38,41422,2014-07-10
638,688,39,9878,2014-07-10
638,688,40,3144,2014-07-10
585,689,34,21111,2014-07-10
585,689,35,5000,2014-07-10
585,689,36,1667,2014-07-10
585,689,37,111,2014-07-10
585,689,38,100,2014-07-10
585,689,40,3,2014-07-10
586,690,34,15556,2014-07-10
586,690,35,10222,2014-07-10
586,690,36,2778,2014-07-10
586,690,37,111,2014-07-10
586,690,38,78,2014-07-10
586,690,39,17,2014-07-10
586,690,40,3,2014-07-10
587,691,34,22778,2014-07-10
587,691,35,6222,2014-07-10
587,691,36,2222,2014-07-10
587,691,37,356,2014-07-10
587,691,38,133,2014-07-10
587,691,39,17,2014-07-10
587,691,40,1,2014-07-10
622,692,34,511111,2014-07-10
622,692,35,188889,2014-07-10
622,692,36,40000,2014-07-10
622,692,37,10333,2014-07-10
622,692,38,2778,2014-07-10
622,692,39,622,2014-07-10
622,692,40,122,2014-07-10
639,693,34,10321889,2014-07-10
639,693,35,2581444,2014-07-10
639,693,36,647667,2014-07-10
639,693,37,161511,2014-07-10
639,693,38,40278,2014-07-10
639,693,39,9500,2014-07-10
639,693,40,2733,2014-07-10
482,784,38,31,2014-07-10
482,784,40,2,2014-07-10
482,784,483,1,2014-07-10
482,784,3689,6,2014-07-10
482,784,11399,2,2014-07-10
482,784,11482,2,2014-07-10
482,784,11541,5,2014-07-10
482,784,11689,2,2014-07-10
483,785,34,1324,2014-07-10
483,785,35,481,2014-07-10
483,785,36,119,2014-07-10
499,786,34,471,2014-07-10
499,786,35,716,2014-07-10
501,788,34,3258,2014-07-10
501,788,35,2926,2014-07-10
501,788,36,107,2014-07-10
503,790,34,122,2014-07-10
503,790,35,1342,2014-07-10
503,790,38,9,2014-07-10
503,790,39,2,2014-07-10
503,790,40,11,2014-07-10
202,803,34,3084,2014-07-10
202,803,35,472,2014-07-10
202,803,36,68,2014-07-10
202,803,39,2,2014-07-10
203,804,34,1867,2014-07-10
203,804,35,144,2014-07-10
203,804,36,17,2014-07-10
203,804,38,2,2014-07-10
203,804,39,2,2014-07-10
204,805,34,1842,2014-07-10
204,805,35,707,2014-07-10
204,805,39,2,2014-07-10
205,806,34,1447,2014-07-10
205,806,36,81,2014-07-10
205,806,37,4,2014-07-10
205,806,39,1,2014-07-10
206,807,34,351,2014-07-10
206,807,35,119,2014-07-10
206,807,38,1,2014-07-10
207,808,34,496,2014-07-10
207,808,35,220,2014-07-10
207,808,38,2,2014-07-10
208,809,34,716,2014-07-10
208,809,35,2,2014-07-10
208,809,36,6,2014-07-10
208,809,38,3,2014-07-10
209,810,34,820,2014-07-10
209,810,38,2,2014-07-10
210,811,34,69,2014-07-10
210,811,35,43,2014-07-10
210,811,36,2,2014-07-10
211,812,34,58,2014-07-10
211,812,35,72,2014-07-10
212,813,34,150,2014-07-10
212,813,35,18,2014-07-10
212,813,36,12,2014-07-10
213,814,34,54,2014-07-10
213,814,35,16,2014-07-10
213,814,36,6,2014-07-10
484,819,34,231,2014-07-10
484,819,35,220,2014-07-10
485,820,34,996,2014-07-10
485,820,35,300,2014-07-10
485,820,39,1,2014-07-10
486,821,34,1667,2014-07-10
486,821,35,144,2014-07-10
486,821,36,83,2014-07-10
486,821,37,22,2014-07-10
487,822,34,1596,2014-07-10
487,822,35,690,2014-07-10
487,822,36,144,2014-07-10
488,823,34,2729,2014-07-10
488,823,35,148,2014-07-10
488,823,36,171,2014-07-10
488,823,39,2,2014-07-10
489,824,34,827,2014-07-10
489,824,35,598,2014-07-10
489,824,36,493,2014-07-10
490,825,34,4453,2014-07-10
490,825,35,1287,2014-07-10
490,825,36,1199,2014-07-10
490,825,40,1,2014-07-10
491,826,34,4529,2014-07-10
491,826,35,1643,2014-07-10
491,826,36,2413,2014-07-10
491,826,38,1,2014-07-10
492,827,34,9089,2014-07-10
492,827,35,2786,2014-07-10
492,827,36,2827,2014-07-10
492,827,37,14,2014-07-10
492,827,38,1,2014-07-10
493,828,34,9133,2014-07-10
493,828,35,2981,2014-07-10
493,828,36,3599,2014-07-10
493,828,37,2,2014-07-10
493,828,38,18,2014-07-10
494,829,34,13684,2014-07-10
494,829,35,4117,2014-07-10
494,829,36,3851,2014-07-10
494,829,39,1,2014-07-10
494,829,40,4,2014-07-10
495,830,34,45551,2014-07-10
495,830,35,12150,2014-07-10
495,830,36,6060,2014-07-10
495,830,37,1596,2014-07-10
495,830,38,126,2014-07-10
495,830,39,8,2014-07-10
496,831,34,68307,2014-07-10
496,831,35,17839,2014-07-10
496,831,36,7197,2014-07-10
496,831,37,1951,2014-07-10
496,831,38,234,2014-07-10
496,831,39,6,2014-07-10
496,831,40,13,2014-07-10
497,832,34,91067,2014-07-10
497,832,35,23527,2014-07-10
497,832,36,8613,2014-07-10
497,832,37,2294,2014-07-10
497,832,38,324,2014-07-10
497,832,39,9,2014-07-10
497,832,40,26,2014-07-10
498,833,34,113880,2014-07-10
498,833,35,29214,2014-07-10
498,833,36,9747,2014-07-10
498,833,37,2650,2014-07-10
498,833,38,411,2014-07-10
498,833,39,21,2014-07-10
498,833,40,37,2014-07-10
450,834,34,231,2014-07-10
450,834,35,220,2014-07-10
451,835,34,1102,2014-07-10
451,835,35,113,2014-07-10
451,835,36,4,2014-07-10
451,835,38,2,2014-07-10
451,835,39,1,2014-07-10
452,836,34,1742,2014-07-10
452,836,35,6,2014-07-10
452,836,36,78,2014-07-10
452,836,37,13,2014-07-10
452,836,39,1,2014-07-10
453,837,34,1556,2014-07-10
453,837,35,1158,2014-07-10
453,837,36,3,2014-07-10
453,837,37,7,2014-07-10
454,838,34,2200,2014-07-10
454,838,35,809,2014-07-10
454,838,36,21,2014-07-10
454,838,37,4,2014-07-10
454,838,39,2,2014-07-10
455,839,34,9,2014-07-10
455,839,35,598,2014-07-10
455,839,36,493,2014-07-10
456,840,34,4453,2014-07-10
456,840,35,1287,2014-07-10
456,840,36,1199,2014-07-10
456,840,40,1,2014-07-10
457,841,34,4529,2014-07-10
457,841,35,1643,2014-07-10
457,841,36,2413,2014-07-10
457,841,38,1,2014-07-10
458,842,34,9089,2014-07-10
458,842,35,2786,2014-07-10
458,842,36,2827,2014-07-10
458,842,37,14,2014-07-10
458,842,38,1,2014-07-10
459,843,34,9133,2014-07-10
459,843,35,2981,2014-07-10
459,843,36,3599,2014-07-10
459,843,37,2,2014-07-10
459,843,38,18,2014-07-10
460,844,34,13684,2014-07-10
460,844,35,4117,2014-07-10
460,844,36,3851,2014-07-10
460,844,39,1,2014-07-10
460,844,40,4,2014-07-10
461,845,34,45551,2014-07-10
461,845,35,12150,2014-07-10
461,845,36,6060,2014-07-10
461,845,37,1596,2014-07-10
461,845,38,126,2014-07-10
461,845,39,8,2014-07-10
462,846,34,68307,2014-07-10
462,846,35,17839,2014-07-10
462,846,36,7197,2014-07-10
462,846,37,1951,2014-07-10
462,846,38,234,2014-07-10
462,846,39,6,2014-07-10
462,846,40,13,2014-07-10
463,847,34,91067,2014-07-10
463,847,35,23527,2014-07-10
463,847,36,8613,2014-07-10
463,847,37,2294,2014-07-10
463,847,38,324,2014-07-10
463,847,39,9,2014-07-10
463,847,40,26,2014-07-10
464,848,34,113880,2014-07-10
464,848,35,29214,2014-07-10
464,848,36,9747,2014-07-10
464,848,37,2650,2014-07-10
464,848,38,411,2014-07-10
464,848,39,21,2014-07-10
464,848,40,37,2014-07-10
178,879,34,27,2014-07-10
178,879,35,21,2014-07-10
179,880,34,38,2014-07-10
179,880,35,32,2014-07-10
180,881,34,58,2014-07-10
180,881,35,23,2014-07-10
180,881,37,1,2014-07-10
181,882,34,118,2014-07-10
181,882,36,1,2014-07-10
181,882,37,2,2014-07-10
182,883,34,58,2014-07-10
182,883,35,64,2014-07-10
182,883,36,1,2014-07-10
183,884,34,162,2014-07-10
183,884,35,3,2014-07-10
183,884,37,3,2014-07-10
184,885,34,164,2014-07-10
184,885,35,17,2014-07-10
184,885,37,3,2014-07-10
185,886,34,204,2014-07-10
185,886,35,17,2014-07-10
185,886,38,1,2014-07-10
186,887,34,164,2014-07-10
186,887,35,17,2014-07-10
186,887,37,3,2014-07-10
187,888,34,116,2014-07-10
187,888,35,129,2014-07-10
187,888,36,2,2014-07-10
188,889,34,139,2014-07-10
188,889,35,194,2014-07-10
189,890,34,290,2014-07-10
189,890,35,119,2014-07-10
189,890,36,14,2014-07-10
189,890,37,2,2014-07-10
190,891,34,288,2014-07-10
190,891,35,254,2014-07-10
191,892,34,239,2014-07-10
191,892,35,318,2014-07-10
191,892,36,1,2014-07-10
192,893,34,668,2014-07-10
192,893,35,36,2014-07-10
192,893,36,4,2014-07-10
192,893,37,14,2014-07-10
193,894,34,449,2014-07-10
193,894,35,417,2014-07-10
193,894,36,7,2014-07-10
194,895,34,249,2014-07-10
194,895,35,198,2014-07-10
194,895,37,1,2014-07-10
195,896,34,520,2014-07-10
195,896,35,100,2014-07-10
195,896,36,2,2014-07-10
195,896,37,2,2014-07-10
195,896,38,2,2014-07-10
196,897,34,511,2014-07-10
196,897,35,428,2014-07-10
197,898,34,458,2014-07-10
197,898,35,580,2014-07-10
198,899,34,1040,2014-07-10
198,899,35,156,2014-07-10
198,899,36,104,2014-07-10
199,900,34,1236,2014-07-10
199,900,35,223,2014-07-10
199,900,36,110,2014-07-10
200,901,34,1529,2014-07-10
200,901,36,89,2014-07-10
200,901,37,23,2014-07-10
201,902,34,1778,2014-07-10
201,902,35,127,2014-07-10
201,902,36,89,2014-07-10
201,902,37,29,2014-07-10
589,936,34,22222,2014-07-10
589,936,35,4444,2014-07-10
589,936,36,1667,2014-07-10
589,936,37,333,2014-07-10
589,936,38,67,2014-07-10
589,936,39,6,2014-07-10
590,937,34,16667,2014-07-10
590,937,35,12222,2014-07-10
590,937,36,2778,2014-07-10
590,937,37,11,2014-07-10
590,937,38,6,2014-07-10
590,937,39,1,2014-07-10
590,937,40,1,2014-07-10
591,938,34,22222,2014-07-10
591,938,35,2444,2014-07-10
591,938,36,4444,2014-07-10
591,938,37,222,2014-07-10
591,938,38,44,2014-07-10
591,938,39,11,2014-07-10
592,939,34,18889,2014-07-10
592,939,35,4667,2014-07-10
592,939,36,3556,2014-07-10
592,939,37,278,2014-07-10
592,939,38,33,2014-07-10
592,939,39,6,2014-07-10
593,940,34,23333,2014-07-10
593,940,35,6333,2014-07-10
593,940,36,3000,2014-07-10
593,940,37,333,2014-07-10
593,940,38,78,2014-07-10
593,940,39,11,2014-07-10
593,940,40,1,2014-07-10
594,941,34,13333,2014-07-10
594,941,35,11111,2014-07-10
594,941,36,4000,2014-07-10
594,941,37,33,2014-07-10
594,941,38,17,2014-07-10
594,941,39,6,2014-07-10
597,944,34,22778,2014-07-10
597,944,35,6111,2014-07-10
597,944,36,2889,2014-07-10
597,944,37,400,2014-07-10
597,944,38,89,2014-07-10
597,944,39,17,2014-07-10
598,945,34,17778,2014-07-10
598,945,35,15000,2014-07-10
598,945,36,2778,2014-07-10
598,945,37,111,2014-07-10
598,945,38,2,2014-07-10
598,945,39,2,2014-07-10
598,945,40,1,2014-07-10
599,946,34,17778,2014-07-10
599,946,35,3333,2014-07-10
599,946,36,4444,2014-07-10
599,946,37,167,2014-07-10
599,946,38,22,2014-07-10
599,946,39,3,2014-07-10
599,946,40,1,2014-07-10
602,949,34,17778,2014-07-10
602,949,35,5556,2014-07-10
602,949,36,2889,2014-07-10
602,949,37,1111,2014-07-10
602,949,38,56,2014-07-10
602,949,39,11,2014-07-10
603,950,34,21111,2014-07-10
603,950,35,8889,2014-07-10
603,950,36,3111,2014-07-10
603,950,37,589,2014-07-10
603,950,38,2,2014-07-10
603,950,39,2,2014-07-10
603,950,40,2,2014-07-10
605,952,34,13333,2014-07-10
605,952,35,11111,2014-07-10
605,952,36,2444,2014-07-10
605,952,37,556,2014-07-10
605,952,38,56,2014-07-10
605,952,39,8,2014-07-10
605,952,40,4,2014-07-10
607,954,34,16667,2014-07-10
607,954,35,10556,2014-07-10
607,954,36,2556,2014-07-10
607,954,37,278,2014-07-10
607,954,38,50,2014-07-10
607,954,39,22,2014-07-10
607,954,40,2,2014-07-10
608,955,34,20556,2014-07-10
608,955,35,3889,2014-07-10
608,955,36,2222,2014-07-10
608,955,37,278,2014-07-10
608,955,38,56,2014-07-10
608,955,39,6,2014-07-10
609,956,34,15556,2014-07-10
609,956,35,13333,2014-07-10
609,956,36,2222,2014-07-10
609,956,37,56,2014-07-10
609,956,38,2,2014-07-10
609,956,39,2,2014-07-10
672,967,34,2778,2014-07-10
623,968,34,611111,2014-07-10
623,968,35,155556,2014-07-10
623,968,36,40000,2014-07-10
623,968,37,9889,2014-07-10
623,968,38,2667,2014-07-10
623,968,39,633,2014-07-10
623,968,40,194,2014-07-10
624,969,34,633333,2014-07-10
624,969,35,144444,2014-07-10
624,969,36,42222,2014-07-10
624,969,37,10000,2014-07-10
624,969,38,2556,2014-07-10
624,969,39,611,2014-07-10
624,969,40,161,2014-07-10
625,970,34,577778,2014-07-10
625,970,35,115556,2014-07-10
625,970,36,33333,2014-07-10
625,970,37,8667,2014-07-10
625,970,38,1444,2014-07-10
625,970,39,389,2014-07-10
625,970,40,67,2014-07-10
626,971,34,622222,2014-07-10
626,971,35,133333,2014-07-10
626,971,36,41111,2014-07-10
626,971,37,10111,2014-07-10
626,971,38,2889,2014-07-10
626,971,39,656,2014-07-10
626,971,40,178,2014-07-10
627,972,34,577778,2014-07-10
627,972,35,144444,2014-07-10
627,972,36,38889,2014-07-10
627,972,37,10556,2014-07-10
627,972,38,3000,2014-07-10
627,972,39,567,2014-07-10
627,972,40,144,2014-07-10
628,973,34,444444,2014-07-10
628,973,35,1e+05,2014-07-10
628,973,36,41111,2014-07-10
628,973,37,8889,2014-07-10
628,973,38,2222,2014-07-10
628,973,39,556,2014-07-10
628,973,40,111,2014-07-10
629,974,34,611111,2014-07-10
629,974,35,166667,2014-07-10
629,974,36,38889,2014-07-10
629,974,37,10222,2014-07-10
629,974,38,2556,2014-07-10
629,974,39,522,2014-07-10
629,974,40,211,2014-07-10
630,975,34,433333,2014-07-10
630,975,35,101111,2014-07-10
630,975,36,43333,2014-07-10
630,975,37,9000,2014-07-10
630,975,38,2222,2014-07-10
630,975,39,500,2014-07-10
630,975,40,89,2014-07-10
631,976,34,533333,2014-07-10
631,976,35,140000,2014-07-10
631,976,36,34444,2014-07-10
631,976,37,8556,2014-07-10
631,976,38,1222,2014-07-10
631,976,39,411,2014-07-10
631,976,40,78,2014-07-10
632,977,34,411111,2014-07-10
632,977,35,95556,2014-07-10
632,977,36,40000,2014-07-10
632,977,37,9444,2014-07-10
632,977,38,2444,2014-07-10
632,977,39,611,2014-07-10
632,977,40,167,2014-07-10
633,978,34,422222,2014-07-10
633,978,35,96667,2014-07-10
633,978,36,43333,2014-07-10
633,978,37,10000,2014-07-10
633,978,38,2111,2014-07-10
633,978,39,544,2014-07-10
633,978,40,100,2014-07-10
634,979,34,566667,2014-07-10
634,979,35,134444,2014-07-10
634,979,36,32222,2014-07-10
634,979,37,8889,2014-07-10
634,979,38,1111,2014-07-10
634,979,39,400,2014-07-10
634,979,40,100,2014-07-10
648,983,34,71111,2014-07-10
648,983,35,12667,2014-07-10
648,983,36,6667,2014-07-10
648,983,37,444,2014-07-10
648,983,38,222,2014-07-10
648,983,39,33,2014-07-10
648,983,40,6,2014-07-10
649,984,34,59444,2014-07-10
649,984,35,15333,2014-07-10
649,984,36,5833,2014-07-10
649,984,37,1389,2014-07-10
649,984,38,278,2014-07-10
649,984,39,44,2014-07-10
649,984,40,7,2014-07-10
650,985,34,53333,2014-07-10
650,985,35,13444,2014-07-10
650,985,36,5111,2014-07-10
650,985,37,356,2014-07-10
650,985,38,244,2014-07-10
650,985,39,28,2014-07-10
650,985,40,11,2014-07-10
651,986,34,90000,2014-07-10
651,986,35,10556,2014-07-10
651,986,36,4111,2014-07-10
651,986,37,578,2014-07-10
651,986,38,200,2014-07-10
651,986,39,17,2014-07-10
651,986,40,13,2014-07-10
652,987,34,73333,2014-07-10
652,987,35,18889,2014-07-10
652,987,36,7333,2014-07-10
652,987,37,1233,2014-07-10
652,987,38,344,2014-07-10
652,987,39,56,2014-07-10
652,987,40,9,2014-07-10
653,988,34,82222,2014-07-10
653,988,35,9333,2014-07-10
653,988,36,3889,2014-07-10
653,988,37,667,2014-07-10
653,988,38,133,2014-07-10
653,988,39,44,2014-07-10
653,988,40,6,2014-07-10
654,989,34,71111,2014-07-10
654,989,35,15889,2014-07-10
654,989,36,4889,2014-07-10
654,989,37,700,2014-07-10
654,989,38,194,2014-07-10
654,989,39,33,2014-07-10
654,989,40,11,2014-07-10
655,990,34,69444,2014-07-10
655,990,35,11667,2014-07-10
655,990,36,4556,2014-07-10
655,990,37,611,2014-07-10
655,990,38,189,2014-07-10
655,990,39,28,2014-07-10
655,990,40,6,2014-07-10
656,991,34,67778,2014-07-10
656,991,35,12222,2014-07-10
656,991,36,5111,2014-07-10
656,991,37,711,2014-07-10
656,991,38,222,2014-07-10
656,991,39,28,2014-07-10
656,991,40,8,2014-07-10
657,992,34,74444,2014-07-10
657,992,35,13778,2014-07-10
657,992,36,8667,2014-07-10
657,992,37,1167,2014-07-10
657,992,38,333,2014-07-10
657,992,39,50,2014-07-10
657,992,40,11,2014-07-10
640,994,34,10649667,2014-07-10
640,994,35,2263111,2014-07-10
640,994,36,607000,2014-07-10
640,994,37,166200,2014-07-10
640,994,38,36011,2014-07-10
640,994,39,8033,2014-07-10
640,994,40,3344,2014-07-10
641,995,34,10321889,2014-07-10
641,995,35,2637000,2014-07-10
641,995,36,646889,2014-07-10
641,995,37,161433,2014-07-10
641,995,38,40300,2014-07-10
641,995,39,9556,2014-07-10
641,995,40,2933,2014-07-10
642,996,34,10608667,2014-07-10
642,996,35,2652667,2014-07-10
642,996,36,664444,2014-07-10
642,996,37,165922,2014-07-10
642,996,38,41467,2014-07-10
642,996,39,10022,2014-07-10
642,996,40,3200,2014-07-10
643,997,34,12090111,2014-07-10
643,997,35,3024444,2014-07-10
643,997,36,762222,2014-07-10
643,997,37,189478,2014-07-10
643,997,38,47256,2014-07-10
643,997,39,11089,2014-07-10
643,997,40,5156,2014-07-10
644,998,34,10279111,2014-07-10
644,998,35,2792889,2014-07-10
644,998,36,624889,2014-07-10
644,998,37,164589,2014-07-10
644,998,38,34656,2014-07-10
644,998,39,9122,2014-07-10
644,998,40,2400,2014-07-10
645,999,34,11564444,2014-07-10
645,999,35,2892889,2014-07-10
645,999,36,728333,2014-07-10
645,999,37,181211,2014-07-10
645,999,38,45133,2014-07-10
645,999,39,10322,2014-07-10
645,999,40,3778,2014-07-10
671,1002,21009,444,2014-07-10
671,1002,21011,444,2014-07-10
671,1002,21013,444,2014-07-10
671,1002,21017,444,2014-07-10
671,1002,21019,556,2014-07-10
671,1002,21021,222,2014-07-10
671,1002,21023,333,2014-07-10
671,1002,21025,556,2014-07-10
671,1002,21035,444,2014-07-10
671,1002,21037,556,2014-07-10
671,1002,24545,556,2014-07-10
671,1002,24547,556,2014-07-10
671,1002,24556,556,2014-07-10
671,1002,24558,556,2014-07-10
671,1002,24560,556,2014-07-10
377,1010,34,916,2014-07-10
377,1010,35,64,2014-07-10
377,1010,36,29,2014-07-10
377,1010,38,4,2014-07-10
380,1013,377,1,2014-07-10
380,1013,3685,3,2014-07-10
380,1013,11399,2,2014-07-10
380,1013,11484,2,2014-07-10
380,1013,11558,3,2014-07-10
393,1026,34,458,2014-07-10
393,1026,35,610,2014-07-10
393,1026,36,51,2014-07-10
393,1026,37,4,2014-07-10
393,1026,38,3,2014-07-10
394,1027,393,1,2014-07-10
394,1027,3685,2,2014-07-10
394,1027,9838,3,2014-07-10
394,1027,11399,2,2014-07-10
394,1027,11484,2,2014-07-10
399,1032,34,1327,2014-07-10
399,1032,35,481,2014-07-10
399,1032,36,113,2014-07-10
400,1033,399,1,2014-07-10
400,1033,9838,2,2014-07-10
400,1033,11399,2,2014-07-10
400,1033,11484,2,2014-07-10
400,1033,11556,3,2014-07-10
434,1067,34,3967,2014-07-10
434,1067,35,2131,2014-07-10
434,1067,36,228,2014-07-10
434,1067,37,13,2014-07-10
434,1067,38,2,2014-07-10
438,1071,439,1,2014-07-10
438,1071,11399,2,2014-07-10
438,1071,11475,2,2014-07-10
438,1071,11530,3,2014-07-10
438,1071,11531,15,2014-07-10
438,1071,11549,8,2014-07-10
439,1072,34,708,2014-07-10
439,1072,35,643,2014-07-10
439,1072,36,1,2014-07-10
439,1072,38,1,2014-07-10
440,1073,434,1,2014-07-10
440,1073,11399,17,2014-07-10
440,1073,11475,2,2014-07-10
440,1073,11530,24,2014-07-10
440,1073,11531,15,2014-07-10
440,1073,11549,8,2014-07-10
442,1074,34,589,2014-07-10
442,1074,35,3,2014-07-10
442,1074,36,14,2014-07-10
443,1075,34,551,2014-07-10
443,1075,36,34,2014-07-10
444,1076,34,1111,2014-07-10
447,1079,34,502,2014-07-10
447,1079,35,297,2014-07-10
447,1079,36,334,2014-07-10
447,1079,37,197,2014-07-10
447,1079,39,2,2014-07-10
448,1080,447,1,2014-07-10
448,1080,9840,6,2014-07-10
448,1080,9842,11,2014-07-10
448,1080,11399,8,2014-07-10
448,1080,11483,2,2014-07-10
448,1080,11534,3,2014-07-10
448,1080,11540,9,2014-07-10
519,1095,520,1,2014-07-10
519,1095,3689,6,2014-07-10
519,1095,9842,2,2014-07-10
519,1095,11399,8,2014-07-10
519,1095,11483,2,2014-07-10
519,1095,11538,8,2014-07-10
520,1096,34,773,2014-07-10
520,1096,35,491,2014-07-10
520,1096,36,518,2014-07-10
520,1096,37,3,2014-07-10
520,1096,39,2,2014-07-10
523,1099,34,858,2014-07-10
523,1099,35,288,2014-07-10
523,1099,40,2,2014-07-10
524,1100,34,470,2014-07-10
524,1100,35,6827,2014-07-10
526,1102,34,862,2014-07-10
526,1102,35,792,2014-07-10
526,1102,36,529,2014-07-10
527,1103,526,1,2014-07-10
527,1103,9840,9,2014-07-10
527,1103,9842,6,2014-07-10
527,1103,11399,8,2014-07-10
527,1103,11483,2,2014-07-10
527,1103,11538,3,2014-07-10
529,1105,34,7396,2014-07-10
529,1105,35,967,2014-07-10
529,1105,38,3,2014-07-10
529,1105,40,1,2014-07-10
530,1106,34,2093,2014-07-10
530,1106,35,1532,2014-07-10
530,1106,36,22,2014-07-10
530,1106,37,138,2014-07-10
530,1106,40,1,2014-07-10
533,1109,34,520,2014-07-10
533,1109,35,39,2014-07-10
533,1109,36,198,2014-07-10
533,1109,37,96,2014-07-10
533,1109,39,1,2014-07-10
533,1109,40,1,2014-07-10
561,1112,34,231,2014-07-10
561,1112,35,220,2014-07-10
562,1113,34,996,2014-07-10
562,1113,35,300,2014-07-10
562,1113,39,1,2014-07-10
563,1114,34,1667,2014-07-10
563,1114,35,144,2014-07-10
563,1114,36,83,2014-07-10
563,1114,37,22,2014-07-10
564,1115,34,1596,2014-07-10
564,1115,35,690,2014-07-10
564,1115,36,144,2014-07-10
565,1116,34,2729,2014-07-10
565,1116,35,148,2014-07-10
565,1116,36,171,2014-07-10
565,1116,39,2,2014-07-10
566,1117,34,4453,2014-07-10
566,1117,35,1287,2014-07-10
566,1117,36,1199,2014-07-10
566,1117,40,1,2014-07-10
567,1118,34,827,2014-07-10
567,1118,35,598,2014-07-10
567,1118,36,493,2014-07-10
568,1119,34,9089,2014-07-10
568,1119,35,2786,2014-07-10
568,1119,36,2827,2014-07-10
568,1119,37,14,2014-07-10
568,1119,38,1,2014-07-10
569,1120,34,4529,2014-07-10
569,1120,35,1643,2014-07-10
569,1120,36,2413,2014-07-10
569,1120,38,1,2014-07-10
570,1121,34,9133,2014-07-10
570,1121,35,2981,2014-07-10
570,1121,36,3599,2014-07-10
570,1121,37,2,2014-07-10
570,1121,38,18,2014-07-10
571,1122,34,45551,2014-07-10
571,1122,35,12150,2014-07-10
571,1122,36,6060,2014-07-10
571,1122,37,1596,2014-07-10
571,1122,38,126,2014-07-10
571,1122,39,8,2014-07-10
572,1123,34,13683,2014-07-10
572,1123,35,4117,2014-07-10
572,1123,36,3851,2014-07-10
572,1123,39,1,2014-07-10
572,1123,40,4,2014-07-10
573,1124,34,91067,2014-07-10
573,1124,35,23527,2014-07-10
573,1124,36,8613,2014-07-10
573,1124,37,2294,2014-07-10
573,1124,38,324,2014-07-10
573,1124,39,9,2014-07-10
573,1124,40,26,2014-07-10
574,1125,34,113880,2014-07-10
574,1125,35,29214,2014-07-10
574,1125,36,9747,2014-07-10
574,1125,37,2650,2014-07-10
574,1125,38,411,2014-07-10
574,1125,39,21,2014-07-10
574,1125,40,37,2014-07-10
575,1126,34,68307,2014-07-10
575,1126,35,17839,2014-07-10
575,1126,36,7197,2014-07-10
575,1126,37,1951,2014-07-10
575,1126,38,234,2014-07-10
575,1126,39,6,2014-07-10
575,1126,40,13,2014-07-10
577,1128,34,242,2014-07-10
577,1128,35,148,2014-07-10
577,1128,36,569,2014-07-10
577,1128,39,1,2014-07-10
577,1128,40,1,2014-07-10
578,1129,34,8071,2014-07-10
578,1129,35,7488,2014-07-10
578,1129,36,219,2014-07-10
578,1129,37,2,2014-07-10
215,1130,34,27,2014-07-10
215,1130,35,21,2014-07-10
216,1131,34,38,2014-07-10
216,1131,35,32,2014-07-10
217,1132,34,58,2014-07-10
217,1132,35,23,2014-07-10
217,1132,37,1,2014-07-10
218,1133,34,118,2014-07-10
218,1133,36,1,2014-07-10
218,1133,37,2,2014-07-10
219,1134,34,58,2014-07-10
219,1134,35,64,2014-07-10
219,1134,36,1,2014-07-10
220,1135,34,69,2014-07-10
220,1135,35,76,2014-07-10
220,1135,36,1,2014-07-10
221,1136,34,164,2014-07-10
221,1136,35,17,2014-07-10
221,1136,37,3,2014-07-10
222,1137,34,204,2014-07-10
222,1137,35,17,2014-07-10
222,1137,38,1,2014-07-10
223,1138,34,164,2014-07-10
223,1138,35,17,2014-07-10
223,1138,37,3,2014-07-10
224,1139,34,224,2014-07-10
224,1139,35,3,2014-07-10
224,1139,36,23,2014-07-10
225,1140,34,136,2014-07-10
225,1140,35,166,2014-07-10
225,1140,36,2,2014-07-10
226,1141,34,412,2014-07-10
226,1141,35,2,2014-07-10
226,1141,36,3,2014-07-10
226,1141,37,3,2014-07-10
226,1141,38,1,2014-07-10
227,1142,34,450,2014-07-10
227,1142,36,32,2014-07-10
227,1142,38,1,2014-07-10
228,1143,34,257,2014-07-10
228,1143,35,300,2014-07-10
228,1143,36,4,2014-07-10
229,1144,34,526,2014-07-10
229,1144,35,133,2014-07-10
229,1144,36,2,2014-07-10
229,1144,37,11,2014-07-10
230,1145,34,449,2014-07-10
230,1145,35,417,2014-07-10
230,1145,36,7,2014-07-10
231,1146,34,249,2014-07-10
231,1146,35,198,2014-07-10
231,1146,37,1,2014-07-10
232,1147,34,520,2014-07-10
232,1147,35,100,2014-07-10
232,1147,36,2,2014-07-10
232,1147,37,2,2014-07-10
232,1147,38,2,2014-07-10
233,1148,34,511,2014-07-10
233,1148,35,428,2014-07-10
234,1149,34,458,2014-07-10
234,1149,35,580,2014-07-10
235,1150,34,1040,2014-07-10
235,1150,35,156,2014-07-10
235,1150,36,104,2014-07-10
236,1151,34,1236,2014-07-10
236,1151,35,223,2014-07-10
236,1151,36,110,2014-07-10
237,1152,34,1529,2014-07-10
237,1152,36,89,2014-07-10
237,1152,37,23,2014-07-10
238,1153,34,1778,2014-07-10
238,1153,35,127,2014-07-10
238,1153,36,89,2014-07-10
238,1153,37,29,2014-07-10
239,1154,35,8,2014-07-10
239,1154,37,3,2014-07-10
239,1154,38,1,2014-07-10
239,1154,39,1,2014-07-10
240,1155,34,4,2014-07-10
240,1155,35,1,2014-07-10
240,1155,36,2,2014-07-10
240,1155,37,3,2014-07-10
240,1155,38,3,2014-07-10
241,1156,34,4,2014-07-10
241,1156,36,3,2014-07-10
241,1156,37,8,2014-07-10
242,1157,34,3,2014-07-10
242,1157,35,1,2014-07-10
242,1157,36,2,2014-07-10
242,1157,37,10,2014-07-10
243,1158,34,2,2014-07-10
243,1158,35,3,2014-07-10
243,1158,36,2,2014-07-10
243,1158,37,12,2014-07-10
244,1159,34,2,2014-07-10
244,1159,36,11,2014-07-10
244,1159,37,1,2014-07-10
244,1159,39,1,2014-07-10
245,1160,34,2,2014-07-10
245,1160,35,6,2014-07-10
245,1160,36,4,2014-07-10
245,1160,37,2,2014-07-10
245,1160,38,2,2014-07-10
245,1160,39,1,2014-07-10
246,1161,35,4,2014-07-10
246,1161,37,3,2014-07-10
246,1161,38,3,2014-07-10
246,1161,39,1,2014-07-10
247,1162,34,27,2014-07-10
247,1162,36,13,2014-07-10
247,1162,37,3,2014-07-10
247,1162,38,19,2014-07-10
247,1162,39,2,2014-07-10
247,1162,40,2,2014-07-10
248,1163,36,59,2014-07-10
248,1163,37,3,2014-07-10
248,1163,38,3,2014-07-10
248,1163,40,2,2014-07-10
249,1164,35,2,2014-07-10
249,1164,36,62,2014-07-10
249,1164,40,1,2014-07-10
250,1165,35,4,2014-07-10
250,1165,36,33,2014-07-10
250,1165,37,27,2014-07-10
250,1165,40,1,2014-07-10
251,1166,35,8,2014-07-10
251,1166,36,3,2014-07-10
251,1166,37,53,2014-07-10
251,1166,38,1,2014-07-10
251,1166,40,1,2014-07-10
252,1167,34,40,2014-07-10
252,1167,36,12,2014-07-10
252,1167,38,18,2014-07-10
252,1167,40,2,2014-07-10
253,1168,35,3,2014-07-10
253,1168,36,46,2014-07-10
253,1168,37,3,2014-07-10
253,1168,38,1,2014-07-10
253,1168,39,4,2014-07-10
253,1168,40,3,2014-07-10
254,1169,34,36,2014-07-10
254,1169,36,18,2014-07-10
254,1169,38,1,2014-07-10
254,1169,39,3,2014-07-10
254,1169,40,4,2014-07-10
255,1170,34,13,2014-07-10
255,1170,35,6,2014-07-10
255,1170,36,6,2014-07-10
255,1170,37,47,2014-07-10
255,1170,38,17,2014-07-10
255,1170,39,9,2014-07-10
255,1170,40,37,2014-07-10
256,1171,36,87,2014-07-10
256,1171,37,3,2014-07-10
256,1171,38,1,2014-07-10
256,1171,39,9,2014-07-10
256,1171,40,24,2014-07-10
257,1172,35,9,2014-07-10
257,1172,36,110,2014-07-10
257,1172,37,4,2014-07-10
257,1172,38,4,2014-07-10
257,1172,39,2,2014-07-10
257,1172,40,12,2014-07-10
258,1173,35,57,2014-07-10
258,1173,36,54,2014-07-10
258,1173,37,3,2014-07-10
258,1173,38,3,2014-07-10
258,1173,39,3,2014-07-10
258,1173,40,16,2014-07-10
259,1174,35,104,2014-07-10
259,1174,37,2,2014-07-10
259,1174,38,3,2014-07-10
259,1174,39,4,2014-07-10
259,1174,40,19,2014-07-10
260,1175,35,2,2014-07-10
260,1175,36,67,2014-07-10
260,1175,37,20,2014-07-10
260,1175,38,4,2014-07-10
260,1175,39,17,2014-07-10
260,1175,40,29,2014-07-10
261,1176,35,51,2014-07-10
261,1176,36,2,2014-07-10
261,1176,37,3,2014-07-10
261,1176,38,20,2014-07-10
261,1176,39,7,2014-07-10
261,1176,40,44,2014-07-10
262,1177,35,36,2014-07-10
262,1177,36,4,2014-07-10
262,1177,37,24,2014-07-10
262,1177,38,3,2014-07-10
262,1177,39,14,2014-07-10
262,1177,40,50,2014-07-10
263,1178,34,173,2014-07-10
263,1178,35,42,2014-07-10
263,1178,36,13,2014-07-10
264,1179,34,500,2014-07-10
264,1179,35,40,2014-07-10
264,1179,36,19,2014-07-10
264,1179,37,7,2014-07-10
1183,1184,523,1,2014-07-10
1183,1184,9848,2,2014-07-10
1183,1184,11399,2,2014-07-10
1183,1184,11475,2,2014-07-10
1183,1184,11539,2,2014-07-10
1185,1186,34,684,2014-07-10
1185,1186,35,427,2014-07-10
1185,1186,36,153,2014-07-10
1185,1186,37,2,2014-07-10
1185,1186,38,2,2014-07-10
1190,1191,529,1,2014-07-10
1190,1191,9838,15,2014-07-10
1190,1191,11399,5,2014-07-10
1190,1191,11482,2,2014-07-10
1190,1191,11539,5,2014-07-10
1190,1191,11554,8,2014-07-10
1195,1196,34,763,2014-07-10
1195,1196,35,321,2014-07-10
1195,1196,36,412,2014-07-10
1195,1196,40,1,2014-07-10
1197,1204,34,666,2014-07-10
1197,1204,35,502,2014-07-10
1197,1204,36,1,2014-07-10
1197,1204,37,1,2014-07-10
1198,1205,1197,1,2014-07-10
1198,1205,11399,2,2014-07-10
1198,1205,11475,2,2014-07-10
1198,1205,11543,2,2014-07-10
1198,1205,11544,2,2014-07-10
1198,1205,11545,3,2014-07-10
1182,1208,34,596,2014-07-10
1182,1208,35,16,2014-07-10
1182,1208,36,3,2014-07-10
1182,1208,37,14,2014-07-10
580,1210,34,538,2014-07-10
580,1210,35,52,2014-07-10
580,1210,36,298,2014-07-10
580,1210,37,9,2014-07-10
580,1210,38,4,2014-07-10
580,1210,39,2,2014-07-10
580,1210,40,3,2014-07-10
581,1212,34,13889,2014-07-10
1201,1214,34,5947,2014-07-10
1201,1214,35,729,2014-07-10
1201,1214,37,47,2014-07-10
1201,1214,38,27,2014-07-10
1201,1214,39,9,2014-07-10
265,1215,34,620,2014-07-10
265,1215,36,13,2014-07-10
265,1215,38,1,2014-07-10
269,1216,34,150,2014-07-10
269,1216,35,18,2014-07-10
269,1216,36,12,2014-07-10
270,1217,34,11,2014-07-10
270,1217,36,2,2014-07-10
270,1217,37,11,2014-07-10
1202,1218,34,56,2014-07-10
1202,1218,37,2,2014-07-10
1202,1218,38,9,2014-07-10
1202,1218,40,1,2014-07-10
266,1220,34,31,2014-07-10
266,1220,35,26,2014-07-10
267,1221,34,1876,2014-07-10
267,1221,39,6,2014-07-10
267,1221,40,2,2014-07-10
1236,1237,40,11,2014-07-10
1236,1237,1244,1,2014-07-10
1236,1237,3689,2,2014-07-10
1236,1237,11399,2,2014-07-10
1236,1237,11475,2,2014-07-10
1236,1237,11530,5,2014-07-10
1244,1245,34,234,2014-07-10
1244,1245,35,3413,2014-07-10
1246,1247,34,507,2014-07-10
1246,1247,35,51,2014-07-10
1246,1247,36,73,2014-07-10
1246,1247,37,7,2014-07-10
1248,1249,1246,1,2014-07-10
1248,1249,9838,5,2014-07-10
1248,1249,11399,2,2014-07-10
1248,1249,11482,2,2014-07-10
1248,1249,11539,2,2014-07-10
1248,1249,11554,5,2014-07-10
1254,1255,34,231,2014-07-10
1254,1255,35,307,2014-07-10
1254,1255,36,18,2014-07-10
1254,1255,37,9,2014-07-10
1256,1257,1254,1,2014-07-10
1256,1257,9838,5,2014-07-10
1256,1257,11399,2,2014-07-10
1256,1257,11482,2,2014-07-10
1256,1257,11539,2,2014-07-10
1256,1257,11554,5,2014-07-10
1264,1265,34,666,2014-07-10
1264,1265,35,502,2014-07-10
1264,1265,36,1,2014-07-10
1264,1265,37,1,2014-07-10
1266,1267,1264,1,2014-07-10
1266,1267,11399,2,2014-07-10
1266,1267,11475,2,2014-07-10
1266,1267,11542,3,2014-07-10
1266,1267,11543,3,2014-07-10
1274,1275,34,666,2014-07-10
1274,1275,35,502,2014-07-10
1274,1275,36,1,2014-07-10
1274,1275,37,1,2014-07-10
1276,1277,1274,1,2014-07-10
1276,1277,11399,2,2014-07-10
1276,1277,11475,2,2014-07-10
1276,1277,11543,3,2014-07-10
1276,1277,11544,3,2014-07-10
1284,1285,34,666,2014-07-10
1284,1285,35,502,2014-07-10
1284,1285,36,1,2014-07-10
1284,1285,37,1,2014-07-10
1286,1287,1284,1,2014-07-10
1286,1287,11399,2,2014-07-10
1286,1287,11475,2,2014-07-10
1286,1287,11542,2,2014-07-10
1286,1287,11544,3,2014-07-10
1286,1287,11545,2,2014-07-10
1294,1295,34,666,2014-07-10
1294,1295,35,502,2014-07-10
1294,1295,36,1,2014-07-10
1294,1295,37,1,2014-07-10
1296,1297,1294,1,2014-07-10
1296,1297,11399,2,2014-07-10
1296,1297,11475,2,2014-07-10
1296,1297,11542,3,2014-07-10
1296,1297,11545,3,2014-07-10
1304,1305,34,896,2014-07-10
1304,1305,35,698,2014-07-10
1304,1305,36,29,2014-07-10
1306,1307,1304,1,2014-07-10
1306,1307,11399,2,2014-07-10
1306,1307,11475,2,2014-07-10
1306,1307,11542,2,2014-07-10
1306,1307,11543,2,2014-07-10
1306,1307,11544,2,2014-07-10
1306,1307,11545,2,2014-07-10
1317,1318,37,10,2014-07-10
1317,1318,38,1,2014-07-10
1319,1320,1317,1,2014-07-10
1319,1320,3828,8,2014-07-10
1319,1320,11399,2,2014-07-10
1319,1320,11475,2,2014-07-10
1319,1320,11538,2,2014-07-10
1319,1320,11545,2,2014-07-10
1333,1334,34,6944,2014-07-10
1335,1336,1333,1,2014-07-10
1335,1336,3828,8,2014-07-10
1335,1336,11399,2,2014-07-10
1335,1336,11475,2,2014-07-10
1353,1354,34,516,2014-07-10
1353,1354,35,67,2014-07-10
1353,1354,36,2,2014-07-10
1353,1354,37,73,2014-07-10
1355,1356,38,2,2014-07-10
1355,1356,40,1,2014-07-10
1355,1356,1353,1,2014-07-10
1355,1356,9838,3,2014-07-10
1355,1356,11399,2,2014-07-10
1355,1356,11482,2,2014-07-10
1355,1356,11539,5,2014-07-10
1355,1356,11554,3,2014-07-10
1403,1404,34,1786,2014-07-10
1403,1404,35,304,2014-07-10
1403,1404,36,1,2014-07-10
1405,1406,1403,1,2014-07-10
1405,1406,3689,3,2014-07-10
1405,1406,11399,2,2014-07-10
1405,1406,11475,2,2014-07-10
1405,1406,11530,3,2014-07-10
1422,1423,2331,1,2014-07-10
1422,1423,9838,8,2014-07-10
1422,1423,11399,2,2014-07-10
1422,1423,11482,2,2014-07-10
1422,1423,11539,2,2014-07-10
1422,1423,11554,2,2014-07-10
1436,1437,1182,1,2014-07-10
1436,1437,9840,3,2014-07-10
1436,1437,9842,8,2014-07-10
1436,1437,11399,3,2014-07-10
1436,1437,11483,2,2014-07-10
1436,1437,11536,3,2014-07-10
1436,1437,11540,2,2014-07-10
1436,1437,11551,2,2014-07-10
1445,1446,34,1116,2014-07-10
1445,1446,35,861,2014-07-10
1445,1446,38,3,2014-07-10
1447,1448,1445,1,2014-07-10
1447,1448,9838,8,2014-07-10
1447,1448,11399,2,2014-07-10
1447,1448,11482,2,2014-07-10
1447,1448,11539,2,2014-07-10
1447,1448,11554,2,2014-07-10
1539,1540,35,658,2014-07-10
1539,1540,36,2,2014-07-10
1539,1540,37,4,2014-07-10
1539,1540,38,1,2014-07-10
1539,1540,39,2,2014-07-10
1541,1542,1539,1,2014-07-10
1541,1542,9838,2,2014-07-10
1541,1542,11399,2,2014-07-10
1541,1542,11482,2,2014-07-10
1541,1542,11539,8,2014-07-10
1541,1542,11554,2,2014-07-10
1547,1548,34,6538,2014-07-10
1547,1548,35,4288,2014-07-10
1547,1548,36,7,2014-07-10
1547,1548,38,2,2014-07-10
1547,1548,39,3,2014-07-10
1549,1550,1547,1,2014-07-10
1549,1550,11399,3,2014-07-10
1549,1550,11482,2,2014-07-10
1549,1550,11692,6,2014-07-10
1551,1552,34,6649,2014-07-10
1551,1552,35,4381,2014-07-10
1551,1552,36,97,2014-07-10
1551,1552,38,1,2014-07-10
1551,1552,40,1,2014-07-10
1553,1554,39,4,2014-07-10
1553,1554,1551,1,2014-07-10
1553,1554,11399,3,2014-07-10
1553,1554,11482,2,2014-07-10
1553,1554,11693,6,2014-07-10
1557,1558,34,7889,2014-07-10
1557,1558,35,4948,2014-07-10
1557,1558,36,51,2014-07-10
1557,1558,38,1,2014-07-10
1557,1558,40,1,2014-07-10
1559,1560,39,4,2014-07-10
1559,1560,1557,1,2014-07-10
1559,1560,11399,3,2014-07-10
1559,1560,11482,2,2014-07-10
1559,1560,11695,6,2014-07-10
1563,1564,34,7884,2014-07-10
1563,1564,35,5283,2014-07-10
1563,1564,36,17,2014-07-10
1563,1564,39,2,2014-07-10
1563,1564,40,1,2014-07-10
1565,1566,38,6,2014-07-10
1565,1566,1563,1,2014-07-10
1565,1566,11399,3,2014-07-10
1565,1566,11482,2,2014-07-10
1565,1566,11694,6,2014-07-10
1808,1809,34,2106,2014-07-10
1808,1809,35,2077,2014-07-10
1810,1811,34,69,2014-07-10
1810,1811,35,43,2014-07-10
1810,1811,36,2,2014-07-10
1814,1815,34,54,2014-07-10
1814,1815,35,16,2014-07-10
1814,1815,36,6,2014-07-10
1816,1817,34,58,2014-07-10
1816,1817,35,72,2014-07-10
1818,1819,34,820,2014-07-10
1818,1819,38,2,2014-07-10
1820,1821,34,496,2014-07-10
1820,1821,35,220,2014-07-10
1820,1821,38,2,2014-07-10
1822,1823,34,351,2014-07-10
1822,1823,35,119,2014-07-10
1822,1823,38,1,2014-07-10
1824,1825,34,716,2014-07-10
1824,1825,35,2,2014-07-10
1824,1825,36,6,2014-07-10
1824,1825,38,3,2014-07-10
1826,1827,34,1867,2014-07-10
1826,1827,35,144,2014-07-10
1826,1827,36,17,2014-07-10
1826,1827,38,2,2014-07-10
1826,1827,39,2,2014-07-10
1828,1829,34,3084,2014-07-10
1828,1829,35,472,2014-07-10
1828,1829,36,68,2014-07-10
1828,1829,39,2,2014-07-10
1830,1831,34,1447,2014-07-10
1830,1831,36,81,2014-07-10
1830,1831,37,4,2014-07-10
1830,1831,39,1,2014-07-10
1832,1833,34,1842,2014-07-10
1832,1833,35,707,2014-07-10
1832,1833,39,2,2014-07-10
1855,1856,35,258,2014-07-10
1855,1856,37,6,2014-07-10
1855,1856,443,1,2014-07-10
1855,1856,9840,2,2014-07-10
1855,1856,9842,3,2014-07-10
1855,1856,11399,2,2014-07-10
1855,1856,11483,2,2014-07-10
1855,1856,11539,5,2014-07-10
1875,1876,34,560,2014-07-10
1875,1876,35,492,2014-07-10
1875,1876,36,92,2014-07-10
1875,1876,37,2,2014-07-10
1875,1876,38,3,2014-07-10
1877,1878,1875,1,2014-07-10
1877,1878,9848,2,2014-07-10
1877,1878,11399,3,2014-07-10
1877,1878,11486,2,2014-07-10
1877,1878,11540,5,2014-07-10
1944,1945,34,80556,2014-07-10
1944,1945,35,18111,2014-07-10
1944,1945,36,5667,2014-07-10
1944,1945,37,556,2014-07-10
1944,1945,38,183,2014-07-10
1944,1945,39,44,2014-07-10
1944,1945,40,10,2014-07-10
2006,2007,34,566667,2014-07-10
2006,2007,35,133333,2014-07-10
2006,2007,36,37778,2014-07-10
2006,2007,37,10667,2014-07-10
2006,2007,38,2889,2014-07-10
2006,2007,39,656,2014-07-10
2006,2007,40,206,2014-07-10
2018,2019,34,1338,2014-07-10
2018,2019,35,1058,2014-07-10
2018,2019,36,493,2014-07-10
2018,2019,37,2,2014-07-10
2018,2019,38,1,2014-07-10
2020,2021,34,4574,2014-07-10
2020,2021,35,1734,2014-07-10
2020,2021,36,1307,2014-07-10
2020,2021,39,2,2014-07-10
2022,2023,34,9148,2014-07-10
2022,2023,35,2908,2014-07-10
2022,2023,36,2260,2014-07-10
2022,2023,37,102,2014-07-10
2022,2023,38,56,2014-07-10
2022,2023,39,9,2014-07-10
2024,2025,577,1,2014-07-10
2024,2025,9838,12,2014-07-10
2024,2025,11399,3,2014-07-10
2024,2025,11482,2,2014-07-10
2024,2025,11539,5,2014-07-10
2024,2025,11554,6,2014-07-10
2032,2033,1195,1,2014-07-10
2032,2033,9838,5,2014-07-10
2032,2033,11399,3,2014-07-10
2032,2033,11482,2,2014-07-10
2032,2033,11539,2,2014-07-10
2032,2033,11554,2,2014-07-10
2038,2039,37,7,2014-07-10
2038,2039,442,1,2014-07-10
2038,2039,9840,2,2014-07-10
2038,2039,9842,3,2014-07-10
2038,2039,11399,2,2014-07-10
2038,2039,11483,2,2014-07-10
2038,2039,11539,5,2014-07-10
2046,2047,34,1062,2014-07-10
2046,2047,35,2,2014-07-10
2046,2047,36,53,2014-07-10
2048,2049,38,4,2014-07-10
2048,2049,2046,1,2014-07-10
2048,2049,3689,3,2014-07-10
2048,2049,3828,3,2014-07-10
2048,2049,11399,2,2014-07-10
2048,2049,11475,2,2014-07-10
2048,2049,11540,2,2014-07-10
2048,2049,11542,2,2014-07-10
2048,2049,11553,2,2014-07-10
2048,2049,11695,2,2014-07-10
2117,2118,580,1,2014-07-10
2117,2118,9840,6,2014-07-10
2117,2118,9842,7,2014-07-10
2117,2118,11399,6,2014-07-10
2117,2118,11483,2,2014-07-10
2117,2118,11534,3,2014-07-10
2117,2118,11535,3,2014-07-10
2117,2118,11536,3,2014-07-10
2117,2118,11537,3,2014-07-10
2117,2118,11541,5,2014-07-10
2161,2162,34,13333,2014-07-10
2161,2162,35,12222,2014-07-10
2161,2162,36,1333,2014-07-10
2161,2162,37,278,2014-07-10
2161,2162,38,83,2014-07-10
2161,2162,39,11,2014-07-10
2161,2162,40,6,2014-07-10
2173,2174,34,3133,2014-07-10
2173,2174,35,160,2014-07-10
2173,2174,36,154,2014-07-10
2173,2174,37,1,2014-07-10
2173,2174,38,8,2014-07-10
2173,2174,39,1,2014-07-10
2175,2176,2173,1,2014-07-10
2175,2176,9834,2,2014-07-10
2175,2176,9848,2,2014-07-10
2175,2176,11399,3,2014-07-10
2175,2176,11481,2,2014-07-10
2175,2176,11689,1,2014-07-10
2165,2179,34,1867,2014-07-10
2165,2179,35,144,2014-07-10
2165,2179,36,17,2014-07-10
2165,2179,38,2,2014-07-10
2165,2179,39,2,2014-07-10
2183,2184,34,3413,2014-07-10
2183,2184,35,2,2014-07-10
2183,2184,36,224,2014-07-10
2183,2184,37,11,2014-07-10
2183,2184,39,2,2014-07-10
2185,2186,2183,1,2014-07-10
2185,2186,9834,2,2014-07-10
2185,2186,9848,2,2014-07-10
2185,2186,11399,3,2014-07-10
2185,2186,11481,2,2014-07-10
2185,2186,11688,1,2014-07-10
2193,2194,34,8516,2014-07-10
2193,2194,36,627,2014-07-10
2193,2194,37,9,2014-07-10
2193,2194,38,2,2014-07-10
2193,2194,39,4,2014-07-10
2193,2194,40,2,2014-07-10
2195,2196,2193,1,2014-07-10
2195,2196,9834,4,2014-07-10
2195,2196,9848,4,2014-07-10
2195,2196,11399,6,2014-07-10
2195,2196,11481,2,2014-07-10
2195,2196,11689,2,2014-07-10
2203,2204,34,471,2014-07-10
2203,2204,36,4,2014-07-10
2203,2204,38,2,2014-07-10
2205,2206,2203,1,2014-07-10
2205,2206,9834,1,2014-07-10
2205,2206,9848,1,2014-07-10
2205,2206,11399,2,2014-07-10
2205,2206,11481,2,2014-07-10
2205,2206,11689,1,2014-07-10
2210,2211,34,1876,2014-07-10
2210,2211,39,6,2014-07-10
2210,2211,40,2,2014-07-10
2212,2213,34,820,2014-07-10
2212,2213,38,2,2014-07-10
2281,2282,40,6,2014-07-10
2281,2282,578,1,2014-07-10
2281,2282,9838,15,2014-07-10
2281,2282,11399,11,2014-07-10
2281,2282,11484,2,2014-07-10
2281,2282,11555,8,2014-07-10
2281,2282,11556,8,2014-07-10
2281,2282,11557,8,2014-07-10
2281,2282,11558,8,2014-07-10
2289,2290,34,8071,2014-07-10
2289,2290,35,7488,2014-07-10
2289,2290,36,219,2014-07-10
2289,2290,37,2,2014-07-10
2291,2292,34,8071,2014-07-10
2291,2292,35,7488,2014-07-10
2291,2292,36,219,2014-07-10
2291,2292,37,2,2014-07-10
2293,2294,34,8071,2014-07-10
2293,2294,35,7488,2014-07-10
2293,2294,36,219,2014-07-10
2293,2294,37,2,2014-07-10
2295,2296,34,8071,2014-07-10
2295,2296,35,7488,2014-07-10
2295,2296,36,219,2014-07-10
2295,2296,37,2,2014-07-10
2297,2298,38,3,2014-07-10
2297,2298,40,3,2014-07-10
2297,2298,2289,1,2014-07-10
2297,2298,9838,9,2014-07-10
2297,2298,11399,8,2014-07-10
2297,2298,11484,2,2014-07-10
2297,2298,11555,24,2014-07-10
2299,2300,40,3,2014-07-10
2299,2300,2291,1,2014-07-10
2299,2300,9838,9,2014-07-10
2299,2300,11399,8,2014-07-10
2299,2300,11484,2,2014-07-10
2299,2300,11558,24,2014-07-10
2301,2302,40,3,2014-07-10
2301,2302,2293,1,2014-07-10
2301,2302,9838,9,2014-07-10
2301,2302,11399,8,2014-07-10
2301,2302,11484,2,2014-07-10
2301,2302,11557,24,2014-07-10
2303,2304,40,3,2014-07-10
2303,2304,2295,1,2014-07-10
2303,2304,9838,9,2014-07-10
2303,2304,11399,8,2014-07-10
2303,2304,11484,2,2014-07-10
2303,2304,11556,24,2014-07-10
2331,2332,34,1116,2014-07-10
2331,2332,35,861,2014-07-10
2331,2332,38,3,2014-07-10
2333,2334,35,146,2014-07-10
2333,2334,444,1,2014-07-10
2333,2334,9840,2,2014-07-10
2333,2334,9842,3,2014-07-10
2333,2334,11399,2,2014-07-10
2333,2334,11483,2,2014-07-10
2333,2334,11539,5,2014-07-10
2341,2342,35,200,2014-07-10
2341,2342,36,3,2014-07-10
2341,2342,37,2,2014-07-10
2341,2342,38,2,2014-07-10
2341,2342,39,1,2014-07-10
2341,2342,581,1,2014-07-10
2341,2342,9840,6,2014-07-10
2341,2342,9842,4,2014-07-10
2341,2342,11399,2,2014-07-10
2341,2342,11483,2,2014-07-10
2341,2342,11536,2,2014-07-10
2341,2342,11538,5,2014-07-10
2355,2356,524,1,2014-07-10
2355,2356,9848,2,2014-07-10
2355,2356,11399,2,2014-07-10
2355,2356,11475,2,2014-07-10
2355,2356,11538,2,2014-07-10
2404,2405,499,1,2014-07-10
2404,2405,9848,2,2014-07-10
2404,2405,11399,3,2014-07-10
2404,2405,11486,2,2014-07-10
2404,2405,11540,6,2014-07-10
2410,2411,501,1,2014-07-10
2410,2411,9848,4,2014-07-10
2410,2411,11399,6,2014-07-10
2410,2411,11486,2,2014-07-10
2410,2411,11540,3,2014-07-10
2420,2421,503,1,2014-07-10
2420,2421,9848,18,2014-07-10
2420,2421,11399,24,2014-07-10
2420,2421,11486,2,2014-07-10
2420,2421,11540,24,2014-07-10
2436,2437,1201,1,2014-07-10
2436,2437,9834,4,2014-07-10
2436,2437,9848,4,2014-07-10
2436,2437,11399,6,2014-07-10
2436,2437,11481,2,2014-07-10
2436,2437,11690,2,2014-07-10
2444,2445,34,258,2014-07-10
2444,2445,35,4964,2014-07-10
2444,2445,38,2,2014-07-10
2444,2445,40,4,2014-07-10
2446,2447,2444,1,2014-07-10
2446,2447,9834,4,2014-07-10
2446,2447,9848,4,2014-07-10
2446,2447,11399,6,2014-07-10
2446,2447,11481,2,2014-07-10
2446,2447,11688,2,2014-07-10
2454,2455,34,509,2014-07-10
2454,2455,35,7,2014-07-10
2454,2455,37,4,2014-07-10
2454,2455,38,2,2014-07-10
2456,2457,2454,1,2014-07-10
2456,2457,9834,1,2014-07-10
2456,2457,9848,1,2014-07-10
2456,2457,11399,2,2014-07-10
2456,2457,11481,2,2014-07-10
2456,2457,11688,1,2014-07-10
2464,2465,34,538,2014-07-10
2464,2465,35,69,2014-07-10
2464,2465,37,4,2014-07-10
2464,2465,38,2,2014-07-10
2466,2467,2464,1,2014-07-10
2466,2467,9834,1,2014-07-10
2466,2467,9848,1,2014-07-10
2466,2467,11399,2,2014-07-10
2466,2467,11481,2,2014-07-10
2466,2467,11690,1,2014-07-10
2476,2477,34,7120,2014-07-10
2476,2477,35,896,2014-07-10
2476,2477,37,73,2014-07-10
2476,2477,38,9,2014-07-10
2476,2477,39,4,2014-07-10
2478,2479,2476,1,2014-07-10
2478,2479,9834,4,2014-07-10
2478,2479,9848,4,2014-07-10
2478,2479,11399,6,2014-07-10
2478,2479,11481,2,2014-07-10
2478,2479,11691,2,2014-07-10
2486,2487,34,951,2014-07-10
2486,2487,35,7,2014-07-10
2486,2487,36,7,2014-07-10
2486,2487,38,4,2014-07-10
2488,2489,2486,1,2014-07-10
2488,2489,9834,1,2014-07-10
2488,2489,9848,1,2014-07-10
2488,2489,11399,2,2014-07-10
2488,2489,11481,2,2014-07-10
2488,2489,11691,1,2014-07-10
2506,2507,34,3924,2014-07-10
2506,2507,35,356,2014-07-10
2506,2507,36,28,2014-07-10
2506,2507,40,3,2014-07-10
2508,2509,34,3729,2014-07-10
2508,2509,35,833,2014-07-10
2508,2509,39,7,2014-07-10
2510,2511,34,3989,2014-07-10
2510,2511,35,2939,2014-07-10
2510,2511,36,29,2014-07-10
2510,2511,37,2,2014-07-10
2510,2511,38,2,2014-07-10
2510,2511,39,1,2014-07-10
2512,2513,34,48,2014-07-10
2512,2513,35,37,2014-07-10
2514,2515,34,33,2014-07-10
2514,2515,35,28,2014-07-10
2516,2517,34,24,2014-07-10
2516,2517,35,19,2014-07-10
2529,2530,34,2106,2014-07-10
2529,2530,35,2077,2014-07-10
2531,2532,37,11,2014-07-10
2531,2532,2529,1,2014-07-10
2531,2532,9838,6,2014-07-10
2531,2532,11399,5,2014-07-10
2531,2532,11484,2,2014-07-10
2531,2532,11555,8,2014-07-10
2537,2538,34,2106,2014-07-10
2537,2538,35,2077,2014-07-10
2539,2540,37,11,2014-07-10
2539,2540,2537,1,2014-07-10
2539,2540,9838,6,2014-07-10
2539,2540,11399,5,2014-07-10
2539,2540,11484,2,2014-07-10
2539,2540,11556,8,2014-07-10
2545,2546,34,2106,2014-07-10
2545,2546,35,2077,2014-07-10
2547,2548,37,11,2014-07-10
2547,2548,2545,1,2014-07-10
2547,2548,9838,6,2014-07-10
2547,2548,11399,5,2014-07-10
2547,2548,11484,2,2014-07-10
2547,2548,11557,8,2014-07-10
2553,2554,37,11,2014-07-10
2553,2554,1808,1,2014-07-10
2553,2554,9838,6,2014-07-10
2553,2554,11399,5,2014-07-10
2553,2554,11484,2,2014-07-10
2553,2554,11558,8,2014-07-10
2603,2604,37,10,2014-07-10
2603,2604,38,1,2014-07-10
2605,2606,2603,1,2014-07-10
2605,2606,3828,8,2014-07-10
2605,2606,11399,2,2014-07-10
2605,2606,11475,2,2014-07-10
2613,2614,34,3324,2014-07-10
2613,2614,36,22,2014-07-10
2613,2614,37,33,2014-07-10
2613,2614,40,4,2014-07-10
2613,2614,9830,12,2014-07-10
2613,2614,11399,2,2014-07-10
2613,2614,11476,2,2014-07-10
2613,2614,11694,3,2014-07-10
2613,2614,16680,12,2014-07-10
2621,2622,34,22311,2014-07-10
2621,2622,36,333,2014-07-10
2621,2622,38,78,2014-07-10
2621,2622,40,39,2014-07-10
2621,2622,9830,129,2014-07-10
2621,2622,11399,15,2014-07-10
2621,2622,11476,2,2014-07-10
2621,2622,11695,14,2014-07-10
2621,2622,16680,59,2014-07-10
2629,2630,34,11236,2014-07-10
2629,2630,38,24,2014-07-10
2629,2630,39,21,2014-07-10
2629,2630,40,33,2014-07-10
2629,2630,9830,126,2014-07-10
2629,2630,11399,8,2014-07-10
2629,2630,11476,2,2014-07-10
2629,2630,11693,14,2014-07-10
2629,2630,16680,18,2014-07-10
2637,2638,34,22311,2014-07-10
2637,2638,36,333,2014-07-10
2637,2638,38,78,2014-07-10
2637,2638,40,39,2014-07-10
2637,2638,9830,129,2014-07-10
2637,2638,11399,15,2014-07-10
2637,2638,11476,2,2014-07-10
2637,2638,11695,14,2014-07-10
2637,2638,16680,59,2014-07-10
2647,2648,34,3324,2014-07-10
2647,2648,36,22,2014-07-10
2647,2648,37,33,2014-07-10
2647,2648,40,4,2014-07-10
2647,2648,9830,12,2014-07-10
2647,2648,11399,2,2014-07-10
2647,2648,11476,2,2014-07-10
2647,2648,11695,3,2014-07-10
2647,2648,16680,12,2014-07-10
2655,2656,34,11236,2014-07-10
2655,2656,38,24,2014-07-10
2655,2656,39,21,2014-07-10
2655,2656,40,33,2014-07-10
2655,2656,9830,126,2014-07-10
2655,2656,11399,8,2014-07-10
2655,2656,11476,2,2014-07-10
2655,2656,11692,14,2014-07-10
2655,2656,16680,18,2014-07-10
2679,2680,34,3524,2014-07-10
2679,2680,36,33,2014-07-10
2679,2680,37,13,2014-07-10
2679,2680,39,1,2014-07-10
2679,2680,40,8,2014-07-10
2679,2680,9830,12,2014-07-10
2679,2680,11399,2,2014-07-10
2679,2680,11476,2,2014-07-10
2679,2680,11693,3,2014-07-10
2679,2680,16680,12,2014-07-10
32458,2735,2867,28,2014-07-10
32458,2735,2868,20,2014-07-10
32458,2735,2869,42,2014-07-10
32458,2735,2870,42,2014-07-10
32458,2735,2871,28,2014-07-10
32458,2735,2872,28,2014-07-10
32458,2735,2875,42,2014-07-10
32458,2735,2876,20,2014-07-10
32458,2735,21037,11,2014-07-10
17181,2736,2867,1,2014-07-10
17181,2736,2876,1,2014-07-10
17181,2736,3242,1,2014-07-10
32226,2737,2867,6,2014-07-10
32226,2737,2868,4,2014-07-10
32226,2737,2869,9,2014-07-10
32226,2737,2870,9,2014-07-10
32226,2737,2871,6,2014-07-10
32226,2737,2872,6,2014-07-10
32226,2737,2875,9,2014-07-10
32226,2737,2876,4,2014-07-10
32226,2737,21037,2,2014-07-10
32250,2738,2867,14,2014-07-10
32250,2738,2868,10,2014-07-10
32250,2738,2869,21,2014-07-10
32250,2738,2870,21,2014-07-10
32250,2738,2871,14,2014-07-10
32250,2738,2872,14,2014-07-10
32250,2738,2875,21,2014-07-10
32250,2738,2876,10,2014-07-10
32250,2738,21037,6,2014-07-10
28668,2739,2348,1,2014-07-10
28668,2739,2463,4,2014-07-10
28668,2739,17392,1,2014-07-10
17182,2740,447,1,2014-07-10
17182,2740,2867,1,2014-07-10
17182,2740,2876,1,2014-07-10
17178,2741,526,1,2014-07-10
17178,2741,2867,1,2014-07-10
17178,2741,2876,1,2014-07-10
25270,2742,34,55556,2014-07-10
25270,2742,38,222,2014-07-10
25270,2742,40,56,2014-07-10
25270,2742,2870,3,2014-07-10
25270,2742,2871,3,2014-07-10
25271,2743,34,55556,2014-07-10
25271,2743,38,222,2014-07-10
25271,2743,40,56,2014-07-10
25271,2743,2870,1,2014-07-10
25271,2743,2871,1,2014-07-10
17982,2744,34,55556,2014-07-10
17982,2744,38,222,2014-07-10
17982,2744,2870,1,2014-07-10
17982,2744,2875,1,2014-07-10
25821,2745,34,55556,2014-07-10
25821,2745,38,222,2014-07-10
25821,2745,40,56,2014-07-10
25821,2745,2870,1,2014-07-10
25821,2745,2871,1,2014-07-10
25280,2746,34,55556,2014-07-10
25280,2746,38,222,2014-07-10
25280,2746,40,56,2014-07-10
25280,2746,2870,4,2014-07-10
25280,2746,2871,4,2014-07-10
30655,2747,34,55556,2014-07-10
30655,2747,38,222,2014-07-10
30655,2747,40,56,2014-07-10
30655,2747,2870,1,2014-07-10
30655,2747,2871,1,2014-07-10
14343,2748,34,55556,2014-07-10
14343,2748,38,222,2014-07-10
14343,2748,40,56,2014-07-10
14343,2748,2871,2,2014-07-10
14343,2748,2875,2,2014-07-10
24657,2749,2867,6,2014-07-10
24657,2749,2868,4,2014-07-10
24657,2749,2869,9,2014-07-10
24657,2749,2870,9,2014-07-10
24657,2749,2871,6,2014-07-10
24657,2749,2872,6,2014-07-10
24657,2749,2875,9,2014-07-10
24657,2749,2876,4,2014-07-10
24657,2749,21037,4,2014-07-10
24646,2750,2867,56,2014-07-10
24646,2750,2868,39,2014-07-10
24646,2750,2869,83,2014-07-10
24646,2750,2870,83,2014-07-10
24646,2750,2871,56,2014-07-10
24646,2750,2872,56,2014-07-10
24646,2750,2875,83,2014-07-10
24646,2750,2876,39,2014-07-10
24646,2750,21037,22,2014-07-10
24655,2751,2867,6,2014-07-10
24655,2751,2868,4,2014-07-10
24655,2751,2869,9,2014-07-10
24655,2751,2870,9,2014-07-10
24655,2751,2871,6,2014-07-10
24655,2751,2872,6,2014-07-10
24655,2751,2875,9,2014-07-10
24655,2751,2876,4,2014-07-10
24655,2751,21037,2,2014-07-10
12237,2752,2867,1,2014-07-10
12237,2752,2870,4,2014-07-10
12237,2752,2872,1,2014-07-10
12237,2752,2875,2,2014-07-10
12237,2752,2876,1,2014-07-10
12237,2752,21037,1,2014-07-10
24653,2753,2867,6,2014-07-10
24653,2753,2868,4,2014-07-10
24653,2753,2869,9,2014-07-10
24653,2753,2870,9,2014-07-10
24653,2753,2871,6,2014-07-10
24653,2753,2872,6,2014-07-10
24653,2753,2875,9,2014-07-10
24653,2753,2876,4,2014-07-10
24653,2753,21037,1,2014-07-10
24658,2754,34,111111,2014-07-10
24658,2754,38,222,2014-07-10
24658,2754,39,111,2014-07-10
24658,2754,40,56,2014-07-10
24658,2754,2867,1,2014-07-10
24658,2754,2869,1,2014-07-10
24658,2754,2876,1,2014-07-10
17184,2755,2291,1,2014-07-10
17184,2755,2867,1,2014-07-10
17184,2755,2868,1,2014-07-10
17184,2755,2869,1,2014-07-10
24575,2756,2867,111,2014-07-10
24575,2756,2868,78,2014-07-10
24575,2756,2869,167,2014-07-10
24575,2756,2870,167,2014-07-10
24575,2756,2871,111,2014-07-10
24575,2756,2872,111,2014-07-10
24575,2756,2875,167,2014-07-10
24575,2756,2876,78,2014-07-10
24575,2756,21037,44,2014-07-10
17185,2757,2289,1,2014-07-10
17185,2757,2867,1,2014-07-10
17185,2757,2868,1,2014-07-10
17185,2757,2870,1,2014-07-10
24660,2758,34,111111,2014-07-10
24660,2758,38,222,2014-07-10
24660,2758,39,111,2014-07-10
24660,2758,40,56,2014-07-10
24660,2758,2867,1,2014-07-10
24660,2758,2869,1,2014-07-10
24660,2758,2870,1,2014-07-10
24660,2758,2876,1,2014-07-10
17186,2759,2295,1,2014-07-10
17186,2759,2867,1,2014-07-10
17186,2759,2868,1,2014-07-10
17186,2759,2870,1,2014-07-10
24659,2760,34,111111,2014-07-10
24659,2760,38,222,2014-07-10
24659,2760,39,111,2014-07-10
24659,2760,40,56,2014-07-10
24659,2760,2867,1,2014-07-10
24659,2760,2869,1,2014-07-10
24659,2760,2876,1,2014-07-10
17187,2761,2293,1,2014-07-10
17187,2761,2867,1,2014-07-10
17187,2761,2868,1,2014-07-10
17187,2761,2870,1,2014-07-10
25305,2762,2868,3,2014-07-10
25305,2762,2869,7,2014-07-10
25305,2762,2870,4,2014-07-10
25305,2762,2871,4,2014-07-10
25305,2762,2872,4,2014-07-10
25305,2762,2875,8,2014-07-10
25305,2762,2876,4,2014-07-10
25305,2762,21037,1,2014-07-10
17180,2763,1968,1,2014-07-10
17180,2763,2867,1,2014-07-10
17180,2763,2876,1,2014-07-10
13780,2764,2867,3,2014-07-10
13780,2764,2869,6,2014-07-10
13780,2764,2870,6,2014-07-10
13780,2764,2871,3,2014-07-10
13780,2764,2872,3,2014-07-10
13780,2764,2875,6,2014-07-10
13780,2764,2876,4,2014-07-10
13780,2764,21037,1,2014-07-10
19470,2765,2867,4,2014-07-10
19470,2765,2869,3,2014-07-10
19470,2765,2870,7,2014-07-10
19470,2765,2871,7,2014-07-10
19470,2765,2872,4,2014-07-10
19470,2765,2875,4,2014-07-10
19470,2765,21037,3,2014-07-10
29613,2766,2867,6,2014-07-10
29613,2766,2868,4,2014-07-10
29613,2766,2869,9,2014-07-10
29613,2766,2870,9,2014-07-10
29613,2766,2871,6,2014-07-10
29613,2766,2872,6,2014-07-10
29613,2766,2875,9,2014-07-10
29613,2766,2876,4,2014-07-10
29613,2766,21037,2,2014-07-10
12239,2767,2867,3,2014-07-10
12239,2767,2869,4,2014-07-10
12239,2767,2870,4,2014-07-10
12239,2767,2871,3,2014-07-10
12239,2767,2872,3,2014-07-10
12239,2767,2875,4,2014-07-10
12239,2767,21037,2,2014-07-10
24654,2768,2867,6,2014-07-10
24654,2768,2868,4,2014-07-10
24654,2768,2869,9,2014-07-10
24654,2768,2870,9,2014-07-10
24654,2768,2871,6,2014-07-10
24654,2768,2872,6,2014-07-10
24654,2768,2875,9,2014-07-10
24654,2768,2876,4,2014-07-10
24654,2768,21037,2,2014-07-10
12238,2769,2867,1,2014-07-10
12238,2769,2869,3,2014-07-10
12238,2769,2870,2,2014-07-10
12238,2769,2871,2,2014-07-10
12238,2769,2872,2,2014-07-10
12238,2769,2875,2,2014-07-10
12238,2769,21037,1,2014-07-10
16220,2770,34,111111,2014-07-10
16220,2770,38,222,2014-07-10
16220,2770,40,56,2014-07-10
16220,2770,2867,3,2014-07-10
16220,2770,2869,6,2014-07-10
16220,2770,2870,6,2014-07-10
16220,2770,2871,3,2014-07-10
16220,2770,2872,3,2014-07-10
16220,2770,2875,6,2014-07-10
16220,2770,2876,4,2014-07-10
24574,2771,2867,6,2014-07-10
24574,2771,2868,4,2014-07-10
24574,2771,2869,9,2014-07-10
24574,2771,2870,9,2014-07-10
24574,2771,2871,6,2014-07-10
24574,2771,2872,6,2014-07-10
24574,2771,2875,9,2014-07-10
24574,2771,2876,4,2014-07-10
24574,2771,21037,2,2014-07-10
30389,2772,2867,6,2014-07-10
30389,2772,2868,4,2014-07-10
30389,2772,2869,9,2014-07-10
30389,2772,2870,9,2014-07-10
30389,2772,2871,6,2014-07-10
30389,2772,2872,6,2014-07-10
30389,2772,2875,9,2014-07-10
30389,2772,2876,4,2014-07-10
30389,2772,21037,2,2014-07-10
24656,2773,2867,6,2014-07-10
24656,2773,2868,4,2014-07-10
24656,2773,2869,9,2014-07-10
24656,2773,2870,9,2014-07-10
24656,2773,2871,6,2014-07-10
24656,2773,2872,6,2014-07-10
24656,2773,2875,9,2014-07-10
24656,2773,2876,4,2014-07-10
24656,2773,21037,11,2014-07-10
12235,2774,2867,20,2014-07-10
12235,2774,2868,36,2014-07-10
12235,2774,2869,29,2014-07-10
12235,2774,2870,31,2014-07-10
12235,2774,2871,20,2014-07-10
12235,2774,2872,20,2014-07-10
12235,2774,2875,31,2014-07-10
12235,2774,2876,13,2014-07-10
12235,2774,21037,9,2014-07-10
20059,2775,2867,10,2014-07-10
20059,2775,2868,18,2014-07-10
20059,2775,2869,16,2014-07-10
20059,2775,2870,16,2014-07-10
20059,2775,2871,10,2014-07-10
20059,2775,2872,10,2014-07-10
20059,2775,2875,16,2014-07-10
20059,2775,2876,7,2014-07-10
20059,2775,21037,4,2014-07-10
20060,2776,2867,4,2014-07-10
20060,2776,2868,9,2014-07-10
20060,2776,2869,7,2014-07-10
20060,2776,2870,7,2014-07-10
20060,2776,2871,4,2014-07-10
20060,2776,2872,4,2014-07-10
20060,2776,2875,7,2014-07-10
20060,2776,2876,4,2014-07-10
20060,2776,21037,2,2014-07-10
16213,2777,2867,20,2014-07-10
16213,2777,2868,36,2014-07-10
16213,2777,2869,29,2014-07-10
16213,2777,2870,31,2014-07-10
16213,2777,2871,20,2014-07-10
16213,2777,2872,20,2014-07-10
16213,2777,2875,31,2014-07-10
16213,2777,2876,13,2014-07-10
16213,2777,21037,9,2014-07-10
20061,2778,2867,10,2014-07-10
20061,2778,2868,18,2014-07-10
20061,2778,2869,16,2014-07-10
20061,2778,2870,16,2014-07-10
20061,2778,2871,10,2014-07-10
20061,2778,2872,10,2014-07-10
20061,2778,2875,16,2014-07-10
20061,2778,2876,7,2014-07-10
20061,2778,21037,4,2014-07-10
20062,2779,2867,4,2014-07-10
20062,2779,2868,9,2014-07-10
20062,2779,2869,7,2014-07-10
20062,2779,2870,7,2014-07-10
20062,2779,2871,4,2014-07-10
20062,2779,2872,4,2014-07-10
20062,2779,2875,7,2014-07-10
20062,2779,2876,4,2014-07-10
20062,2779,21037,2,2014-07-10
12236,2780,2867,20,2014-07-10
12236,2780,2868,36,2014-07-10
12236,2780,2869,29,2014-07-10
12236,2780,2870,31,2014-07-10
12236,2780,2871,20,2014-07-10
12236,2780,2872,20,2014-07-10
12236,2780,2875,31,2014-07-10
12236,2780,2876,13,2014-07-10
12236,2780,21037,9,2014-07-10
20063,2781,2867,10,2014-07-10
20063,2781,2868,18,2014-07-10
20063,2781,2869,16,2014-07-10
20063,2781,2870,16,2014-07-10
20063,2781,2871,10,2014-07-10
20063,2781,2872,10,2014-07-10
20063,2781,2875,16,2014-07-10
20063,2781,2876,7,2014-07-10
20063,2781,21037,4,2014-07-10
20064,2782,2867,4,2014-07-10
20064,2782,2868,9,2014-07-10
20064,2782,2869,7,2014-07-10
20064,2782,2870,7,2014-07-10
20064,2782,2871,4,2014-07-10
20064,2782,2872,4,2014-07-10
20064,2782,2875,7,2014-07-10
20064,2782,2876,4,2014-07-10
20064,2782,21037,2,2014-07-10
16214,2783,2867,20,2014-07-10
16214,2783,2868,36,2014-07-10
16214,2783,2869,29,2014-07-10
16214,2783,2870,31,2014-07-10
16214,2783,2871,20,2014-07-10
16214,2783,2872,20,2014-07-10
16214,2783,2875,31,2014-07-10
16214,2783,2876,13,2014-07-10
16214,2783,21037,9,2014-07-10
20065,2784,2867,10,2014-07-10
20065,2784,2868,18,2014-07-10
20065,2784,2869,16,2014-07-10
20065,2784,2870,16,2014-07-10
20065,2784,2871,10,2014-07-10
20065,2784,2872,10,2014-07-10
20065,2784,2875,16,2014-07-10
20065,2784,2876,7,2014-07-10
20065,2784,21037,4,2014-07-10
20066,2785,2867,4,2014-07-10
20066,2785,2868,9,2014-07-10
20066,2785,2869,7,2014-07-10
20066,2785,2870,7,2014-07-10
20066,2785,2871,4,2014-07-10
20066,2785,2872,4,2014-07-10
20066,2785,2875,7,2014-07-10
20066,2785,2876,4,2014-07-10
20066,2785,21037,2,2014-07-10
16221,2786,2867,4,2014-07-10
16221,2786,2869,2,2014-07-10
16221,2786,2871,2,2014-07-10
16221,2786,2872,2,2014-07-10
16221,2786,21037,1,2014-07-10
17621,2787,34,111111,2014-07-10
17621,2787,38,222,2014-07-10
17621,2787,40,56,2014-07-10
17621,2787,2870,1,2014-07-10
17621,2787,2872,1,2014-07-10
17621,2787,2875,1,2014-07-10
27673,2788,2867,11,2014-07-10
27673,2788,2870,9,2014-07-10
27673,2788,2871,7,2014-07-10
27673,2788,2872,7,2014-07-10
27673,2788,2875,4,2014-07-10
27673,2788,2876,2,2014-07-10
27673,2788,21037,2,2014-07-10
27674,2789,2867,11,2014-07-10
27674,2789,2868,7,2014-07-10
27674,2789,2870,7,2014-07-10
27674,2789,2871,6,2014-07-10
27674,2789,2872,11,2014-07-10
27674,2789,2876,4,2014-07-10
27674,2789,21037,4,2014-07-10
24684,2790,34,55556,2014-07-10
24684,2790,38,111,2014-07-10
24684,2790,40,111,2014-07-10
24684,2790,2867,2,2014-07-10
24684,2790,2868,1,2014-07-10
24684,2790,2869,4,2014-07-10
24684,2790,2870,2,2014-07-10
24684,2790,2871,1,2014-07-10
24684,2790,2876,1,2014-07-10
16869,2791,34,55556,2014-07-10
16869,2791,38,111,2014-07-10
16869,2791,40,111,2014-07-10
16869,2791,2867,3,2014-07-10
16869,2791,2868,1,2014-07-10
16869,2791,2869,2,2014-07-10
16869,2791,2870,3,2014-07-10
16869,2791,2871,1,2014-07-10
16869,2791,2876,1,2014-07-10
17174,2792,1948,1,2014-07-10
17174,2792,2867,1,2014-07-10
17174,2792,2876,1,2014-07-10
22634,2793,34,55556,2014-07-10
22634,2793,38,222,2014-07-10
22634,2793,40,56,2014-07-10
22634,2793,2867,1,2014-07-10
22634,2793,2868,1,2014-07-10
22634,2793,2869,1,2014-07-10
17175,2794,1958,1,2014-07-10
17175,2794,2867,1,2014-07-10
17175,2794,2876,1,2014-07-10
30656,2795,34,55556,2014-07-10
30656,2795,38,222,2014-07-10
30656,2795,40,56,2014-07-10
30656,2795,2867,1,2014-07-10
30656,2795,2868,1,2014-07-10
30656,2795,2869,1,2014-07-10
17176,2796,1955,1,2014-07-10
17176,2796,2867,1,2014-07-10
17176,2796,2876,1,2014-07-10
20175,2797,34,55556,2014-07-10
20175,2797,38,222,2014-07-10
20175,2797,40,56,2014-07-10
20175,2797,2867,1,2014-07-10
20175,2797,2868,1,2014-07-10
20175,2797,2869,1,2014-07-10
17177,2798,1956,1,2014-07-10
17177,2798,2867,1,2014-07-10
17177,2798,2876,1,2014-07-10
27672,2799,2867,1,2014-07-10
27672,2799,2870,1,2014-07-10
27672,2799,12269,1,2014-07-10
27897,2800,2867,6,2014-07-10
27897,2800,2868,4,2014-07-10
27897,2800,2869,9,2014-07-10
27897,2800,2870,9,2014-07-10
27897,2800,2871,6,2014-07-10
27897,2800,2872,6,2014-07-10
27897,2800,2875,9,2014-07-10
27897,2800,2876,4,2014-07-10
27897,2800,21037,4,2014-07-10
2801,2802,34,32800,2014-07-10
2801,2802,36,556,2014-07-10
2801,2802,40,56,2014-07-10
2801,2802,9830,437,2014-07-10
2801,2802,11399,30,2014-07-10
2801,2802,11476,2,2014-07-10
2801,2802,11692,30,2014-07-10
2801,2802,16680,132,2014-07-10
17402,2803,573,1,2014-07-10
17402,2803,2867,1,2014-07-10
17402,2803,2870,1,2014-07-10
17402,2803,2872,1,2014-07-10
16692,2804,574,1,2014-07-10
16692,2804,2867,2,2014-07-10
16692,2804,2870,1,2014-07-10
16692,2804,2872,2,2014-07-10
16689,2805,498,1,2014-07-10
16689,2805,2867,2,2014-07-10
16689,2805,2870,1,2014-07-10
16689,2805,2872,2,2014-07-10
17403,2806,568,1,2014-07-10
17403,2806,2867,1,2014-07-10
17403,2806,2872,1,2014-07-10
17770,2807,496,1,2014-07-10
17770,2807,2867,1,2014-07-10
17770,2807,2870,1,2014-07-10
17770,2807,2872,1,2014-07-10
16691,2808,570,1,2014-07-10
16691,2808,2867,1,2014-07-10
16691,2808,2872,1,2014-07-10
16688,2810,493,1,2014-07-10
16688,2810,2867,1,2014-07-10
16688,2810,2872,1,2014-07-10
2811,2812,34,32800,2014-07-10
2811,2812,36,556,2014-07-10
2811,2812,40,56,2014-07-10
2811,2812,9830,437,2014-07-10
2811,2812,11399,30,2014-07-10
2811,2812,11476,2,2014-07-10
2811,2812,11695,30,2014-07-10
2811,2812,16680,132,2014-07-10
17404,2813,564,1,2014-07-10
17404,2813,2872,1,2014-07-10
17771,2814,491,1,2014-07-10
17771,2814,2867,1,2014-07-10
17771,2814,2872,1,2014-07-10
16690,2815,565,1,2014-07-10
16690,2815,2872,1,2014-07-10
16631,2816,488,1,2014-07-10
16631,2816,2872,1,2014-07-10
2817,2818,34,2711,2014-07-10
2817,2818,35,33,2014-07-10
2817,2818,36,22,2014-07-10
2817,2818,37,11,2014-07-10
2817,2818,40,1,2014-07-10
2817,2818,9830,8,2014-07-10
2817,2818,11399,2,2014-07-10
2817,2818,11476,2,2014-07-10
2817,2818,11694,2,2014-07-10
2817,2818,16672,45,2014-07-10
2817,2818,16680,5,2014-07-10
17772,2819,486,1,2014-07-10
17772,2819,2872,1,2014-07-10
24567,2820,2867,6,2014-07-10
24567,2820,2868,4,2014-07-10
24567,2820,2869,9,2014-07-10
24567,2820,2870,9,2014-07-10
24567,2820,2871,6,2014-07-10
24567,2820,2872,6,2014-07-10
24567,2820,2875,9,2014-07-10
24567,2820,2876,4,2014-07-10
24567,2820,21037,2,2014-07-10
16216,2821,2867,6,2014-07-10
16216,2821,2868,4,2014-07-10
16216,2821,2869,9,2014-07-10
16216,2821,2870,9,2014-07-10
16216,2821,2871,6,2014-07-10
16216,2821,2872,6,2014-07-10
16216,2821,2875,9,2014-07-10
16216,2821,2876,4,2014-07-10
16216,2821,21037,2,2014-07-10
17773,2822,503,1,2014-07-10
17773,2822,2867,2,2014-07-10
17773,2822,2870,2,2014-07-10
17773,2822,2872,2,2014-07-10
16696,2823,501,1,2014-07-10
16696,2823,2872,1,2014-07-10
16697,2824,2867,1,2014-07-10
16697,2824,2872,1,2014-07-10
16697,2824,13320,1,2014-07-10
17408,2825,453,1,2014-07-10
17408,2825,2872,1,2014-07-10
17167,2826,454,1,2014-07-10
17167,2826,2872,1,2014-07-10
17407,2827,458,1,2014-07-10
17407,2827,2867,1,2014-07-10
17407,2827,2872,1,2014-07-10
17168,2828,459,1,2014-07-10
17168,2828,2867,1,2014-07-10
17168,2828,2872,1,2014-07-10
17406,2829,462,1,2014-07-10
17406,2829,2867,1,2014-07-10
17406,2829,2870,1,2014-07-10
17406,2829,2872,1,2014-07-10
16694,2830,464,1,2014-07-10
16694,2830,2867,2,2014-07-10
16694,2830,2870,1,2014-07-10
16694,2830,2872,2,2014-07-10
2834,2835,34,12809,2014-07-10
2834,2835,35,10980,2014-07-10
2834,2835,36,4062,2014-07-10
2834,2835,37,8,2014-07-10
2836,2837,34,582462,2014-07-10
2836,2837,35,145789,2014-07-10
2836,2837,36,37916,2014-07-10
2836,2837,37,9189,2014-07-10
2836,2837,38,2261,2014-07-10
2836,2837,39,567,2014-07-10
2836,2837,40,144,2014-07-10
2838,2839,40,4,2014-07-10
2838,2839,25335,13,2014-07-10
2865,2866,497,1,2014-07-10
2865,2866,9848,10,2014-07-10
2865,2866,11399,36,2014-07-10
2865,2866,11486,2,2014-07-10
2865,2866,11691,26,2014-07-10
2873,2874,484,1,2014-07-10
2873,2874,9848,1,2014-07-10
2873,2874,11399,2,2014-07-10
2873,2874,11486,2,2014-07-10
2873,2874,11691,3,2014-07-10
2889,2890,486,1,2014-07-10
2889,2890,9848,1,2014-07-10
2889,2890,11399,5,2014-07-10
2889,2890,11486,2,2014-07-10
2889,2890,11691,6,2014-07-10
2897,2898,490,1,2014-07-10
2897,2898,9848,3,2014-07-10
2897,2898,11399,15,2014-07-10
2897,2898,11486,2,2014-07-10
2897,2898,11691,11,2014-07-10
2905,2906,487,1,2014-07-10
2905,2906,9848,1,2014-07-10
2905,2906,11399,6,2014-07-10
2905,2906,11486,2,2014-07-10
2905,2906,11691,7,2014-07-10
2913,2914,491,1,2014-07-10
2913,2914,9848,3,2014-07-10
2913,2914,11399,17,2014-07-10
2913,2914,11486,2,2014-07-10
2913,2914,11691,12,2014-07-10
2921,2922,492,1,2014-07-10
2921,2922,9848,3,2014-07-10
2921,2922,11399,18,2014-07-10
2921,2922,11486,2,2014-07-10
2921,2922,11691,13,2014-07-10
2937,2938,489,1,2014-07-10
2937,2938,9848,3,2014-07-10
2937,2938,11399,14,2014-07-10
2937,2938,11486,2,2014-07-10
2937,2938,11691,10,2014-07-10
2945,2946,494,1,2014-07-10
2945,2946,9848,10,2014-07-10
2945,2946,11399,32,2014-07-10
2945,2946,11486,2,2014-07-10
2945,2946,11691,22,2014-07-10
2948,2949,34,1388889,2014-07-10
2948,2949,35,666667,2014-07-10
2948,2949,36,144444,2014-07-10
2948,2949,37,52222,2014-07-10
2948,2949,38,8889,2014-07-10
2948,2949,39,889,2014-07-10
2948,2949,40,2444,2014-07-10
2953,2954,495,1,2014-07-10
2953,2954,9848,10,2014-07-10
2953,2954,11399,33,2014-07-10
2953,2954,11486,2,2014-07-10
2953,2954,11691,23,2014-07-10
2961,2962,498,1,2014-07-10
2961,2962,9848,10,2014-07-10
2961,2962,11399,38,2014-07-10
2961,2962,11486,2,2014-07-10
2961,2962,11691,27,2014-07-10
2969,2970,493,1,2014-07-10
2969,2970,9848,3,2014-07-10
2969,2970,11399,20,2014-07-10
2969,2970,11486,2,2014-07-10
2969,2970,11691,14,2014-07-10
2977,2978,488,1,2014-07-10
2977,2978,9848,1,2014-07-10
2977,2978,11486,2,2014-07-10
2977,2978,11691,8,2014-07-10
2985,2986,40,1,2014-07-10
2985,2986,461,1,2014-07-10
2985,2986,9848,10,2014-07-10
2985,2986,11399,33,2014-07-10
2985,2986,11486,2,2014-07-10
2985,2986,11689,23,2014-07-10
2993,2994,452,1,2014-07-10
2993,2994,9848,1,2014-07-10
2993,2994,11399,5,2014-07-10
2993,2994,11486,2,2014-07-10
2993,2994,11689,6,2014-07-10
3001,3002,451,1,2014-07-10
3001,3002,9848,1,2014-07-10
3001,3002,11399,3,2014-07-10
3001,3002,11486,2,2014-07-10
3001,3002,11689,4,2014-07-10
3009,3010,457,1,2014-07-10
3009,3010,9848,3,2014-07-10
3009,3010,11399,17,2014-07-10
3009,3010,11486,2,2014-07-10
3009,3010,11689,12,2014-07-10
3017,3018,450,1,2014-07-10
3017,3018,9848,3,2014-07-10
3017,3018,11399,2,2014-07-10
3017,3018,11486,2,2014-07-10
3017,3018,11689,3,2014-07-10
3025,3026,459,1,2014-07-10
3025,3026,9848,3,2014-07-10
3025,3026,11399,20,2014-07-10
3025,3026,11486,2,2014-07-10
3025,3026,11689,14,2014-07-10
3033,3034,454,1,2014-07-10
3033,3034,9848,1,2014-07-10
3033,3034,11399,8,2014-07-10
3033,3034,11486,2,2014-07-10
3033,3034,11689,8,2014-07-10
2998,3039,34,3721567,2014-07-10
2998,3039,35,1040048,2014-07-10
2998,3039,36,307707,2014-07-10
2998,3039,37,56348,2014-07-10
2998,3039,38,27367,2014-07-10
2998,3039,39,3820,2014-07-10
2998,3039,40,1756,2014-07-10
3041,3042,453,1,2014-07-10
3041,3042,9848,1,2014-07-10
3041,3042,11399,6,2014-07-10
3041,3042,11486,2,2014-07-10
3041,3042,11689,7,2014-07-10
3049,3050,463,1,2014-07-10
3049,3050,9848,10,2014-07-10
3049,3050,11399,36,2014-07-10
3049,3050,11486,2,2014-07-10
3049,3050,11689,26,2014-07-10
3057,3058,462,1,2014-07-10
3057,3058,9848,10,2014-07-10
3057,3058,11399,35,2014-07-10
3057,3058,11486,2,2014-07-10
3057,3058,11689,24,2014-07-10
3065,3066,464,1,2014-07-10
3065,3066,9848,10,2014-07-10
3065,3066,11399,38,2014-07-10
3065,3066,11486,2,2014-07-10
3065,3066,11689,27,2014-07-10
3074,3075,565,1,2014-07-10
3074,3075,9848,1,2014-07-10
3074,3075,11399,8,2014-07-10
3074,3075,11486,2,2014-07-10
3074,3075,11690,8,2014-07-10
3082,3083,570,1,2014-07-10
3082,3083,9848,3,2014-07-10
3082,3083,11399,20,2014-07-10
3082,3083,11486,2,2014-07-10
3082,3083,11690,14,2014-07-10
3090,3091,574,1,2014-07-10
3090,3091,9848,10,2014-07-10
3090,3091,11399,38,2014-07-10
3090,3091,11486,2,2014-07-10
3090,3091,11690,27,2014-07-10
3098,3099,561,1,2014-07-10
3098,3099,9848,1,2014-07-10
3098,3099,11399,2,2014-07-10
3098,3099,11486,2,2014-07-10
3098,3099,11690,3,2014-07-10
3106,3107,567,1,2014-07-10
3106,3107,9848,3,2014-07-10
3106,3107,11399,15,2014-07-10
3106,3107,11486,2,2014-07-10
3106,3107,11690,11,2014-07-10
3114,3115,572,1,2014-07-10
3114,3115,9848,10,2014-07-10
3114,3115,11399,33,2014-07-10
3114,3115,11486,2,2014-07-10
3114,3115,11690,23,2014-07-10
3122,3123,571,1,2014-07-10
3122,3123,9848,10,2014-07-10
3122,3123,11399,32,2014-07-10
3122,3123,11486,2,2014-07-10
3122,3123,11688,22,2014-07-10
3130,3131,566,1,2014-07-10
3130,3131,9848,3,2014-07-10
3130,3131,11399,14,2014-07-10
3130,3131,11486,2,2014-07-10
3130,3131,11688,10,2014-07-10
3138,3139,569,1,2014-07-10
3138,3139,9848,3,2014-07-10
3138,3139,11399,17,2014-07-10
3138,3139,11486,2,2014-07-10
3138,3139,11688,12,2014-07-10
3146,3147,568,1,2014-07-10
3146,3147,9848,3,2014-07-10
3146,3147,11399,18,2014-07-10
3146,3147,11486,2,2014-07-10
3146,3147,11688,13,2014-07-10
3154,3155,575,1,2014-07-10
3154,3155,9848,10,2014-07-10
3154,3155,11399,33,2014-07-10
3154,3155,11486,2,2014-07-10
3154,3155,11688,24,2014-07-10
3162,3163,562,1,2014-07-10
3162,3163,9848,1,2014-07-10
3162,3163,11399,3,2014-07-10
3162,3163,11486,2,2014-07-10
3162,3163,11688,4,2014-07-10
3170,3171,563,1,2014-07-10
3170,3171,9848,1,2014-07-10
3170,3171,11399,5,2014-07-10
3170,3171,11486,2,2014-07-10
3170,3171,11688,6,2014-07-10
3178,3179,564,1,2014-07-10
3178,3179,9848,1,2014-07-10
3178,3179,11399,6,2014-07-10
3178,3179,11486,2,2014-07-10
3178,3179,11688,7,2014-07-10
3186,3187,573,1,2014-07-10
3186,3187,9848,10,2014-07-10
3186,3187,11399,15,2014-07-10
3186,3187,11486,2,2014-07-10
3186,3187,11688,26,2014-07-10
3242,3243,34,502,2014-07-10
3242,3243,35,297,2014-07-10
3242,3243,36,334,2014-07-10
3242,3243,37,197,2014-07-10
3242,3243,39,2,2014-07-10
3244,3245,3242,1,2014-07-10
3244,3245,9840,11,2014-07-10
3244,3245,9842,6,2014-07-10
3244,3245,11399,8,2014-07-10
3244,3245,11483,2,2014-07-10
3244,3245,11534,6,2014-07-10
3244,3245,11540,5,2014-07-10
3285,3286,455,1,2014-07-10
3285,3286,9848,3,2014-07-10
3285,3286,11399,14,2014-07-10
3285,3286,11486,2,2014-07-10
3285,3286,11689,10,2014-07-10
3472,3473,2022,1,2014-07-10
3472,3473,9838,8,2014-07-10
3472,3473,11399,8,2014-07-10
3472,3473,11482,2,2014-07-10
3472,3473,11539,8,2014-07-10
3472,3473,11554,24,2014-07-10
3488,3489,1185,1,2014-07-10
3488,3489,9838,3,2014-07-10
3488,3489,11399,3,2014-07-10
3488,3489,11482,2,2014-07-10
3488,3489,11539,3,2014-07-10
3488,3489,11554,3,2014-07-10
3496,3497,2018,1,2014-07-10
3496,3497,9838,5,2014-07-10
3496,3497,11399,5,2014-07-10
3496,3497,11482,2,2014-07-10
3496,3497,11539,5,2014-07-10
3496,3497,11554,6,2014-07-10
3504,3505,2020,1,2014-07-10
3504,3505,9838,6,2014-07-10
3504,3505,11399,6,2014-07-10
3504,3505,11482,2,2014-07-10
3504,3505,11539,6,2014-07-10
3504,3505,11554,12,2014-07-10
3512,3513,456,1,2014-07-10
3512,3513,9848,3,2014-07-10
3512,3513,11399,15,2014-07-10
3512,3513,11486,2,2014-07-10
3512,3513,11689,11,2014-07-10
3514,3515,21009,56,2014-07-10
3514,3515,21013,222,2014-07-10
3514,3515,21017,56,2014-07-10
3514,3515,21019,111,2014-07-10
3514,3515,21021,56,2014-07-10
3514,3515,21023,222,2014-07-10
3514,3515,21025,222,2014-07-10
3514,3515,21029,389,2014-07-10
3514,3515,21035,222,2014-07-10
3514,3515,21037,111,2014-07-10
3514,3515,24558,222,2014-07-10
3514,3515,24560,222,2014-07-10
3516,3517,34,23909,2014-07-10
3516,3517,35,6578,2014-07-10
3516,3517,36,3504,2014-07-10
3516,3517,37,468,2014-07-10
3516,3517,38,112,2014-07-10
3516,3517,39,24,2014-07-10
3516,3517,40,2,2014-07-10
3516,3517,3828,28,2014-07-10
3516,3517,11399,33,2014-07-10
3516,3517,11532,17,2014-07-10
3516,3517,11537,22,2014-07-10
3516,3517,11539,100,2014-07-10
3516,3517,11543,667,2014-07-10
3516,3517,11549,6,2014-07-10
3516,3517,11554,67,2014-07-10
3516,3517,11557,22,2014-07-10
3518,3519,34,44904,2014-07-10
3518,3519,35,21081,2014-07-10
3518,3519,36,7764,2014-07-10
3518,3519,37,3674,2014-07-10
3518,3519,39,276,2014-07-10
3518,3519,40,46,2014-07-10
3518,3519,3828,139,2014-07-10
3518,3519,11399,111,2014-07-10
3518,3519,11532,56,2014-07-10
3518,3519,11537,122,2014-07-10
3518,3519,11539,1000,2014-07-10
3518,3519,11543,4167,2014-07-10
3518,3519,11549,33,2014-07-10
3518,3519,11554,444,2014-07-10
3518,3519,11557,333,2014-07-10
3520,3521,458,1,2014-07-10
3520,3521,9848,3,2014-07-10
3520,3521,11399,17,2014-07-10
3520,3521,11486,2,2014-07-10
3520,3521,11689,13,2014-07-10
3528,3529,34,2271,2014-07-10
3528,3529,35,1063,2014-07-10
3528,3529,36,906,2014-07-10
3528,3529,37,1,2014-07-10
3528,3529,38,4,2014-07-10
3530,3531,3528,1,2014-07-10
3530,3531,9848,4,2014-07-10
3530,3531,11399,5,2014-07-10
3530,3531,11475,2,2014-07-10
3530,3531,11539,3,2014-07-10
3534,3535,2867,11,2014-07-10
3534,3535,2868,6,2014-07-10
3534,3535,2869,22,2014-07-10
3534,3535,20701,1,2014-07-10
3536,3537,2867,11,2014-07-10
3536,3537,2868,6,2014-07-10
3536,3537,2869,22,2014-07-10
3536,3537,24569,1,2014-07-10
3538,3539,34,4662,2014-07-10
3538,3539,35,1857,2014-07-10
3538,3539,36,1027,2014-07-10
3538,3539,37,44,2014-07-10
3538,3539,38,51,2014-07-10
3540,3541,3538,1,2014-07-10
3540,3541,9848,9,2014-07-10
3540,3541,11399,8,2014-07-10
3540,3541,11475,2,2014-07-10
3540,3541,11539,6,2014-07-10
3542,3543,2867,11,2014-07-10
3542,3543,2875,22,2014-07-10
3542,3543,2876,6,2014-07-10
3542,3543,20703,1,2014-07-10
3544,3545,2867,11,2014-07-10
3544,3545,2875,22,2014-07-10
3544,3545,2876,6,2014-07-10
3544,3545,3616,1,2014-07-10
3546,3547,2868,6,2014-07-10
3546,3547,2872,11,2014-07-10
3546,3547,2875,22,2014-07-10
3546,3547,20450,1,2014-07-10
3552,3553,34,627,2014-07-10
3552,3553,35,209,2014-07-10
3552,3553,36,47,2014-07-10
3552,3553,37,9,2014-07-10
3554,3555,34,467,2014-07-10
3554,3555,35,326,2014-07-10
3554,3555,36,14,2014-07-10
3554,3555,37,2,2014-07-10
3554,3555,39,3,2014-07-10
3550,3557,2868,6,2014-07-10
3550,3557,2872,11,2014-07-10
3550,3557,2875,22,2014-07-10
3550,3557,20448,1,2014-07-10
3559,3560,2868,6,2014-07-10
3559,3560,2869,22,2014-07-10
3559,3560,2872,11,2014-07-10
3559,3560,20444,1,2014-07-10
3561,3562,2868,6,2014-07-10
3561,3562,2869,22,2014-07-10
3561,3562,2872,11,2014-07-10
3561,3562,20446,1,2014-07-10
3563,3564,2869,22,2014-07-10
3563,3564,2871,11,2014-07-10
3563,3564,2876,6,2014-07-10
3563,3564,32444,1,2014-07-10
3566,3567,34,277,2014-07-10
3566,3567,38,6,2014-07-10
3566,3567,40,1,2014-07-10
3568,3569,3566,1,2014-07-10
3568,3569,9838,6,2014-07-10
3568,3569,11399,3,2014-07-10
3568,3569,11482,2,2014-07-10
3568,3569,11539,3,2014-07-10
3568,3569,11554,3,2014-07-10
3565,3570,2869,22,2014-07-10
3565,3570,2871,11,2014-07-10
3565,3570,2876,6,2014-07-10
3565,3570,20539,1,2014-07-10
3571,3572,2871,11,2014-07-10
3571,3572,2875,22,2014-07-10
3571,3572,2876,6,2014-07-10
3571,3572,20454,1,2014-07-10
3573,3574,2871,11,2014-07-10
3573,3574,2875,22,2014-07-10
3573,3574,2876,6,2014-07-10
3573,3574,20452,1,2014-07-10
3576,3577,34,1677,2014-07-10
3576,3577,35,561,2014-07-10
3576,3577,36,488,2014-07-10
3576,3577,37,404,2014-07-10
3576,3577,38,6,2014-07-10
3578,3579,39,1,2014-07-10
3578,3579,40,1,2014-07-10
3578,3579,3576,1,2014-07-10
3578,3579,9838,24,2014-07-10
3578,3579,11399,6,2014-07-10
3578,3579,11482,2,2014-07-10
3578,3579,11539,6,2014-07-10
3578,3579,11554,12,2014-07-10
3575,3580,2867,11,2014-07-10
3575,3580,2868,6,2014-07-10
3575,3580,2869,22,2014-07-10
3575,3580,12219,1,2014-07-10
3581,3582,3585,1,2014-07-10
3586,3587,34,896,2014-07-10
3586,3587,35,3,2014-07-10
3586,3587,36,112,2014-07-10
3586,3587,37,1,2014-07-10
3588,3589,3586,1,2014-07-10
3588,3589,9840,2,2014-07-10
3588,3589,11399,2,2014-07-10
3588,3589,11484,2,2014-07-10
3588,3589,11557,3,2014-07-10
3585,3590,3583,1,2014-07-10
3585,3590,3584,1,2014-07-10
3585,3590,22175,1,2014-07-10
3596,3597,34,1506,2014-07-10
3596,3597,35,924,2014-07-10
3596,3597,36,108,2014-07-10
3598,3599,3596,1,2014-07-10
3598,3599,9840,4,2014-07-10
3598,3599,11399,3,2014-07-10
3598,3599,11484,2,2014-07-10
3598,3599,11557,6,2014-07-10
3606,3607,34,4318,2014-07-10
3606,3607,35,3256,2014-07-10
3606,3607,36,1,2014-07-10
3608,3609,3606,1,2014-07-10
3608,3609,9840,9,2014-07-10
3608,3609,11399,5,2014-07-10
3608,3609,11484,2,2014-07-10
3608,3609,11557,12,2014-07-10
3616,3617,34,1584252,2014-07-10
3616,3617,35,255562,2014-07-10
3616,3617,36,131202,2014-07-10
3616,3617,37,32193,2014-07-10
3616,3617,38,8680,2014-07-10
3616,3617,39,1086,2014-07-10
3616,3617,40,879,2014-07-10
3618,3619,3616,1,2014-07-10
3618,3619,9840,18,2014-07-10
3618,3619,11399,6,2014-07-10
3618,3619,11484,2,2014-07-10
3618,3619,11557,24,2014-07-10
3653,3654,34,511,2014-07-10
3653,3654,35,6993,2014-07-10
3653,3654,39,4,2014-07-10
3653,3654,40,9,2014-07-10
3655,3656,3653,1,2014-07-10
3655,3656,9848,4,2014-07-10
3655,3656,11399,5,2014-07-10
3655,3656,11475,2,2014-07-10
3655,3656,11538,3,2014-07-10
3663,3664,34,518,2014-07-10
3663,3664,35,7007,2014-07-10
3663,3664,38,2,2014-07-10
3663,3664,39,12,2014-07-10
3663,3664,40,32,2014-07-10
3665,3666,3663,1,2014-07-10
3665,3666,9848,9,2014-07-10
3665,3666,11399,8,2014-07-10
3665,3666,11475,2,2014-07-10
3665,3666,11538,6,2014-07-10
3733,3734,34,11,2014-07-10
3733,3734,36,2,2014-07-10
3733,3734,37,11,2014-07-10
3735,3736,34,11,2014-07-10
3735,3736,36,2,2014-07-10
3735,3736,37,11,2014-07-10
3737,3738,34,11,2014-07-10
3737,3738,36,2,2014-07-10
3737,3738,37,11,2014-07-10
3764,3765,21009,111,2014-07-10
3764,3765,21013,556,2014-07-10
3764,3765,21017,222,2014-07-10
3764,3765,21019,444,2014-07-10
3764,3765,21021,111,2014-07-10
3764,3765,21023,556,2014-07-10
3764,3765,21025,556,2014-07-10
3764,3765,21035,556,2014-07-10
3764,3765,21037,333,2014-07-10
3764,3765,21041,556,2014-07-10
3764,3765,24545,556,2014-07-10
3764,3765,24547,556,2014-07-10
3764,3765,24556,556,2014-07-10
3764,3765,24558,556,2014-07-10
3764,3765,24560,556,2014-07-10
3766,3767,34,14444,2014-07-10
3766,3767,35,5111,2014-07-10
3766,3767,36,2778,2014-07-10
3766,3767,37,278,2014-07-10
3766,3767,38,83,2014-07-10
3766,3767,39,11,2014-07-10
3766,3767,40,4,2014-07-10
3793,3794,34,840,2014-07-10
3793,3794,35,183,2014-07-10
3793,3794,36,470,2014-07-10
3793,3794,37,4,2014-07-10
3793,3794,40,2,2014-07-10
3829,3830,34,1890,2014-07-10
3829,3830,35,456,2014-07-10
3829,3830,36,179,2014-07-10
3829,3830,37,6,2014-07-10
3831,3832,38,4,2014-07-10
3831,3832,3685,6,2014-07-10
3831,3832,3829,1,2014-07-10
3831,3832,11399,5,2014-07-10
3831,3832,11484,2,2014-07-10
3831,3832,11558,6,2014-07-10
3839,3840,34,3383,2014-07-10
3839,3840,35,2769,2014-07-10
3839,3840,36,181,2014-07-10
3841,3842,38,4,2014-07-10
3841,3842,3685,12,2014-07-10
3841,3842,3839,1,2014-07-10
3841,3842,11399,6,2014-07-10
3841,3842,11484,2,2014-07-10
3841,3842,11558,12,2014-07-10
3923,3927,3924,1,2014-07-10
3923,3927,3925,111,2014-07-10
3923,3927,3926,33,2014-07-10
3922,3928,2351,6,2014-07-10
3922,3928,2360,1,2014-07-10
3922,3928,9846,1,2014-07-10
3937,3938,34,18831,2014-07-10
3937,3938,35,15610,2014-07-10
3937,3938,36,4,2014-07-10
3937,3938,38,3,2014-07-10
3937,3938,39,1,2014-07-10
3939,3940,3937,1,2014-07-10
3939,3940,11399,6,2014-07-10
3939,3940,11482,2,2014-07-10
3939,3940,11692,12,2014-07-10
3941,3942,34,19022,2014-07-10
3941,3942,35,13484,2014-07-10
3941,3942,38,27,2014-07-10
3941,3942,39,4,2014-07-10
3941,3942,40,1,2014-07-10
3943,3944,36,222,2014-07-10
3943,3944,3941,1,2014-07-10
3943,3944,11399,6,2014-07-10
3943,3944,11482,2,2014-07-10
3943,3944,11693,12,2014-07-10
3947,3948,34,22160,2014-07-10
3947,3948,36,2402,2014-07-10
3947,3948,38,61,2014-07-10
3947,3948,40,4,2014-07-10
3949,3950,35,8000,2014-07-10
3949,3950,39,9,2014-07-10
3949,3950,3947,1,2014-07-10
3949,3950,11399,6,2014-07-10
3949,3950,11482,2,2014-07-10
3949,3950,11695,12,2014-07-10
3953,3954,34,22764,2014-07-10
3953,3954,35,18344,2014-07-10
3953,3954,36,28,2014-07-10
3953,3954,39,3,2014-07-10
3955,3956,38,11,2014-07-10
3955,3956,3953,1,2014-07-10
3955,3956,11399,6,2014-07-10
3955,3956,11482,2,2014-07-10
3955,3956,11694,12,2014-07-10
3962,3963,2868,6,2014-07-10
3962,3963,2869,11,2014-07-10
3962,3963,2870,11,2014-07-10
3962,3963,2875,16,2014-07-10
3962,3963,21037,1,2014-07-10
3977,3978,34,37951,2014-07-10
3977,3978,35,30339,2014-07-10
3977,3978,36,16,2014-07-10
3977,3978,38,1,2014-07-10
3977,3978,39,7,2014-07-10
3979,3980,3977,1,2014-07-10
3979,3980,11399,12,2014-07-10
3979,3980,11482,2,2014-07-10
3979,3980,11692,24,2014-07-10
3981,3982,34,3600,2014-07-10
3981,3982,35,30887,2014-07-10
3981,3982,38,42,2014-07-10
3981,3982,39,8,2014-07-10
3981,3982,40,8,2014-07-10
3983,3984,36,444,2014-07-10
3983,3984,3981,1,2014-07-10
3983,3984,11399,12,2014-07-10
3983,3984,11482,2,2014-07-10
3983,3984,11693,24,2014-07-10
3987,3988,34,40924,2014-07-10
3987,3988,35,14320,2014-07-10
3987,3988,36,2112,2014-07-10
3987,3988,38,58,2014-07-10
3987,3988,39,1,2014-07-10
3987,3988,40,10,2014-07-10
3989,3990,3987,1,2014-07-10
3989,3990,11399,12,2014-07-10
3989,3990,11482,2,2014-07-10
3989,3990,11695,24,2014-07-10
3986,3991,9848,19,2014-07-10
3986,3991,11399,9,2014-07-10
3986,3991,11475,2,2014-07-10
3986,3991,11538,26,2014-07-10
3986,3991,27904,1,2014-07-10
3993,3994,34,46329,2014-07-10
3993,3994,35,36498,2014-07-10
3993,3994,38,3,2014-07-10
3993,3994,39,2,2014-07-10
3993,3994,40,1,2014-07-10
3995,3996,36,444,2014-07-10
3995,3996,3993,1,2014-07-10
3995,3996,11399,12,2014-07-10
3995,3996,11482,2,2014-07-10
3995,3996,11694,24,2014-07-10
4005,4006,34,1,2014-07-10
4147,4148,460,1,2014-07-10
4147,4148,9848,10,2014-07-10
4147,4148,11399,32,2014-07-10
4147,4148,11486,2,2014-07-10
4147,4148,11689,22,2014-07-10
4248,4249,9840,22,2014-07-10
4248,4249,11399,6,2014-07-10
4248,4249,11483,2,2014-07-10
4248,4249,11536,30,2014-07-10
4248,4249,28654,1,2014-07-10
4250,4251,9840,9,2014-07-10
4250,4251,11399,2,2014-07-10
4250,4251,11482,2,2014-07-10
4250,4251,11689,9,2014-07-10
4250,4251,24348,1,2014-07-10
4252,4253,9840,83,2014-07-10
4252,4253,11399,41,2014-07-10
4252,4253,11482,2,2014-07-10
4252,4253,11689,83,2014-07-10
4252,4253,24644,1,2014-07-10
4254,4255,9838,6,2014-07-10
4254,4255,11399,2,2014-07-10
4254,4255,11482,2,2014-07-10
4254,4255,11539,6,2014-07-10
4254,4255,11563,1,2014-07-10
4256,4257,9848,6,2014-07-10
4256,4257,11399,2,2014-07-10
4256,4257,11486,2,2014-07-10
4256,4257,11540,8,2014-07-10
4256,4257,27914,1,2014-07-10
4258,4259,9834,4,2014-07-10
4258,4259,11399,2,2014-07-10
4258,4259,11483,2,2014-07-10
4258,4259,11540,6,2014-07-10
4258,4259,17938,1,2014-07-10
4260,4261,9834,4,2014-07-10
4260,4261,11399,2,2014-07-10
4260,4261,11483,2,2014-07-10
4260,4261,11540,6,2014-07-10
4260,4261,18639,1,2014-07-10
4262,4263,9840,9,2014-07-10
4262,4263,11399,5,2014-07-10
4262,4263,11483,2,2014-07-10
4262,4263,11539,12,2014-07-10
4262,4263,16681,33,2014-07-10
4262,4263,16682,17,2014-07-10
4262,4263,20069,1,2014-07-10
4264,4265,9840,9,2014-07-10
4264,4265,11399,5,2014-07-10
4264,4265,11483,2,2014-07-10
4264,4265,11539,12,2014-07-10
4264,4265,16681,33,2014-07-10
4264,4265,16682,17,2014-07-10
4264,4265,20409,1,2014-07-10
4266,4267,9840,9,2014-07-10
4266,4267,11399,5,2014-07-10
4266,4267,11483,2,2014-07-10
4266,4267,11539,12,2014-07-10
4266,4267,16681,33,2014-07-10
4266,4267,16682,17,2014-07-10
4266,4267,22227,1,2014-07-10
4268,4269,9840,9,2014-07-10
4268,4269,11399,5,2014-07-10
4268,4269,11483,2,2014-07-10
4268,4269,11541,12,2014-07-10
4268,4269,16681,33,2014-07-10
4268,4269,16682,17,2014-07-10
4268,4269,20406,1,2014-07-10
4270,4271,9840,9,2014-07-10
4270,4271,11399,5,2014-07-10
4270,4271,11483,2,2014-07-10
4270,4271,11541,12,2014-07-10
4270,4271,16681,33,2014-07-10
4270,4271,16682,17,2014-07-10
4270,4271,20405,1,2014-07-10
4272,4273,9840,9,2014-07-10
4272,4273,11052,1,2014-07-10
4272,4273,11399,5,2014-07-10
4272,4273,11483,2,2014-07-10
4272,4273,11541,12,2014-07-10
4272,4273,16681,33,2014-07-10
4272,4273,16682,17,2014-07-10
4274,4275,9840,9,2014-07-10
4274,4275,11399,5,2014-07-10
4274,4275,11483,2,2014-07-10
4274,4275,11541,12,2014-07-10
4274,4275,16681,33,2014-07-10
4274,4275,16682,17,2014-07-10
4274,4275,22553,1,2014-07-10
4276,4277,9840,9,2014-07-10
4276,4277,11399,5,2014-07-10
4276,4277,11483,2,2014-07-10
4276,4277,11541,12,2014-07-10
4276,4277,16681,33,2014-07-10
4276,4277,16682,17,2014-07-10
4276,4277,22557,1,2014-07-10
4278,4279,9840,9,2014-07-10
4278,4279,11399,5,2014-07-10
4278,4279,11483,2,2014-07-10
4278,4279,11541,12,2014-07-10
4278,4279,16681,33,2014-07-10
4278,4279,16682,17,2014-07-10
4278,4279,22555,1,2014-07-10
4280,4281,9840,9,2014-07-10
4280,4281,11399,5,2014-07-10
4280,4281,11483,2,2014-07-10
4280,4281,11540,12,2014-07-10
4280,4281,16681,33,2014-07-10
4280,4281,16682,17,2014-07-10
4280,4281,20124,1,2014-07-10
4282,4283,9840,9,2014-07-10
4282,4283,11399,5,2014-07-10
4282,4283,11483,2,2014-07-10
4282,4283,11540,12,2014-07-10
4282,4283,16681,33,2014-07-10
4282,4283,16682,17,2014-07-10
4282,4283,22228,1,2014-07-10
4284,4285,9840,9,2014-07-10
4284,4285,11399,5,2014-07-10
4284,4285,11483,2,2014-07-10
4284,4285,11540,12,2014-07-10
4284,4285,16681,33,2014-07-10
4284,4285,16682,17,2014-07-10
4284,4285,20514,1,2014-07-10
4286,4287,9840,9,2014-07-10
4286,4287,11399,5,2014-07-10
4286,4287,11483,2,2014-07-10
4286,4287,11538,12,2014-07-10
4286,4287,16681,33,2014-07-10
4286,4287,16682,17,2014-07-10
4286,4287,20070,1,2014-07-10
4288,4289,9840,9,2014-07-10
4288,4289,11017,1,2014-07-10
4288,4289,11399,5,2014-07-10
4288,4289,11483,2,2014-07-10
4288,4289,11538,12,2014-07-10
4288,4289,16681,33,2014-07-10
4288,4289,16682,17,2014-07-10
4290,4291,9840,9,2014-07-10
4290,4291,11399,5,2014-07-10
4290,4291,11483,2,2014-07-10
4290,4291,11538,12,2014-07-10
4290,4291,16681,33,2014-07-10
4290,4291,16682,17,2014-07-10
4290,4291,20408,1,2014-07-10
4292,4293,9842,122,2014-07-10
4292,4293,11399,186,2014-07-10
4292,4293,11483,2,2014-07-10
4292,4293,11540,165,2014-07-10
4292,4293,20280,1,2014-07-10
4294,4295,9842,122,2014-07-10
4294,4295,11399,191,2014-07-10
4294,4295,11483,2,2014-07-10
4294,4295,11540,165,2014-07-10
4294,4295,27951,1,2014-07-10
4296,4298,9848,9,2014-07-10
4296,4298,11399,5,2014-07-10
4296,4298,11475,2,2014-07-10
4296,4298,11538,12,2014-07-10
4296,4298,27930,1,2014-07-10
4299,4300,9848,4,2014-07-10
4299,4300,11399,2,2014-07-10
4299,4300,11475,2,2014-07-10
4299,4300,11538,6,2014-07-10
4299,4300,27932,1,2014-07-10
4302,4305,34,5823060,2014-07-10
4302,4305,35,1245336,2014-07-10
4302,4305,36,312647,2014-07-10
4302,4305,37,50749,2014-07-10
4302,4305,39,4923,2014-07-10
4302,4305,40,1950,2014-07-10
4306,4307,34,4073853,2014-07-10
4306,4307,35,1020117,2014-07-10
4306,4307,36,281076,2014-07-10
4306,4307,37,29112,2014-07-10
4306,4307,38,20607,2014-07-10
4306,4307,39,6006,2014-07-10
4306,4307,40,1399,2014-07-10
4308,4309,34,4808627,2014-07-10
4308,4309,35,1070630,2014-07-10
4308,4309,36,359110,2014-07-10
4308,4309,38,22472,2014-07-10
4308,4309,39,4206,2014-07-10
4308,4309,40,2060,2014-07-10
4310,4311,34,4383367,2014-07-10
4310,4311,35,1093506,2014-07-10
4310,4311,36,264179,2014-07-10
4310,4311,37,78249,2014-07-10
4310,4311,39,4747,2014-07-10
4310,4311,40,1847,2014-07-10
4312,4313,44,4,2014-07-10
4312,4313,3683,22,2014-07-10
4312,4313,3689,4,2014-07-10
4312,4313,9832,9,2014-07-10
4312,4313,9848,1,2014-07-10
4312,4313,16272,167,2014-07-10
4312,4313,16273,167,2014-07-10
4312,4313,17887,444,2014-07-10
4051,4314,44,4,2014-07-10
4051,4314,3683,22,2014-07-10
4051,4314,3689,4,2014-07-10
4051,4314,9832,9,2014-07-10
4051,4314,9848,1,2014-07-10
4051,4314,16272,167,2014-07-10
4051,4314,16273,167,2014-07-10
4051,4314,17888,444,2014-07-10
4247,4315,44,4,2014-07-10
4247,4315,3683,22,2014-07-10
4247,4315,3689,4,2014-07-10
4247,4315,9832,9,2014-07-10
4247,4315,9848,1,2014-07-10
4247,4315,16272,167,2014-07-10
4247,4315,16273,167,2014-07-10
4247,4315,16274,444,2014-07-10
4246,4316,44,4,2014-07-10
4246,4316,3683,22,2014-07-10
4246,4316,3689,4,2014-07-10
4246,4316,9832,9,2014-07-10
4246,4316,9848,1,2014-07-10
4246,4316,16272,167,2014-07-10
4246,4316,16273,167,2014-07-10
4246,4316,17889,444,2014-07-10
4363,4364,34,45636,2014-07-10
4363,4364,35,11911,2014-07-10
4363,4364,36,4932,2014-07-10
4363,4364,37,709,2014-07-10
4363,4364,38,221,2014-07-10
4363,4364,39,27,2014-07-10
4363,4364,40,8,2014-07-10
4369,4370,25597,3,2014-07-10
4369,4370,25599,2,2014-07-10
4369,4370,25600,2,2014-07-10
4383,4384,34,91534,2014-07-10
4383,4384,35,22826,2014-07-10
4383,4384,36,5734,2014-07-10
4383,4384,37,1440,2014-07-10
4383,4384,38,360,2014-07-10
4383,4384,39,87,2014-07-10
4383,4384,40,16,2014-07-10
4386,4387,34,210226,2014-07-10
4386,4387,35,63264,2014-07-10
4386,4387,36,32539,2014-07-10
4386,4387,37,8751,2014-07-10
4386,4387,38,2200,2014-07-10
4386,4387,39,978,2014-07-10
4386,4387,40,244,2014-07-10
4386,4387,447,7,2014-07-10
4386,4387,3687,18,2014-07-10
4388,4389,34,45636,2014-07-10
4388,4389,35,11911,2014-07-10
4388,4389,36,4932,2014-07-10
4388,4389,37,709,2014-07-10
4388,4389,38,221,2014-07-10
4388,4389,39,27,2014-07-10
4388,4389,40,8,2014-07-10
4391,4392,36,1327,2014-07-10
4391,4392,37,481,2014-07-10
4391,4392,38,113,2014-07-10
4393,4394,34,1230,2014-07-10
4393,4394,35,234,2014-07-10
4393,4394,36,380,2014-07-10
4393,4394,37,4,2014-07-10
4393,4394,39,6,2014-07-10
4393,4394,40,2,2014-07-10
4395,4396,25597,18,2014-07-10
4395,4396,25599,22,2014-07-10
4395,4396,25604,9,2014-07-10
4397,4398,25597,89,2014-07-10
4397,4398,25599,111,2014-07-10
4397,4398,25604,44,2014-07-10
4399,4400,11483,2,2014-07-10
4399,4400,25616,5,2014-07-10
4399,4400,25617,6,2014-07-10
4399,4400,25623,3,2014-07-10
4401,4402,11483,2,2014-07-10
4401,4402,25616,24,2014-07-10
4401,4402,25617,30,2014-07-10
4401,4402,25623,12,2014-07-10
4403,4404,34,25649,2014-07-10
4403,4404,35,20583,2014-07-10
4403,4404,38,3,2014-07-10
4403,4404,39,2,2014-07-10
4405,4406,4393,1,2014-07-10
4405,4406,9840,3,2014-07-10
4405,4406,9842,3,2014-07-10
4405,4406,11399,8,2014-07-10
4405,4406,11483,2,2014-07-10
4405,4406,11541,9,2014-07-10
4407,4408,35,4,2014-07-10
4407,4408,37,3,2014-07-10
4407,4408,38,3,2014-07-10
4407,4408,39,1,2014-07-10
4407,4408,40,1,2014-07-10
4409,4410,34,636,2014-07-10
4409,4410,35,62,2014-07-10
4409,4410,36,358,2014-07-10
4409,4410,37,11,2014-07-10
4409,4410,38,6,2014-07-10
4409,4410,39,3,2014-07-10
4409,4410,40,4,2014-07-10
9944,9945,34,8050,2014-07-10
9944,9945,35,1459,2014-07-10
10039,10040,34,71,2014-07-10
10039,10040,35,24,2014-07-10
10039,10040,36,1,2014-07-10
10190,10191,38,2,2014-07-10
10190,10191,3689,6,2014-07-10
10190,10191,9842,2,2014-07-10
10190,10191,9944,1,2014-07-10
10190,10191,11399,5,2014-07-10
10190,10191,11483,2,2014-07-10
10190,10191,11540,8,2014-07-10
10246,10247,34,77,2014-07-10
10246,10247,37,4,2014-07-10
10246,10247,38,13,2014-07-10
10246,10247,40,1,2014-07-10
10250,10251,9848,3,2014-07-10
10250,10251,10246,1,2014-07-10
10250,10251,11399,3,2014-07-10
10250,10251,11481,2,2014-07-10
10250,10251,11541,2,2014-07-10
10250,10251,11689,1,2014-07-10
10629,10630,34,556,2014-07-10
10629,10630,35,278,2014-07-10
10631,10632,9848,1,2014-07-10
10631,10632,10629,1,2014-07-10
10631,10632,11399,2,2014-07-10
10631,10632,11486,2,2014-07-10
10631,10632,11540,2,2014-07-10
10642,10643,34,560,2014-07-10
10642,10643,35,492,2014-07-10
10642,10643,36,92,2014-07-10
10642,10643,37,2,2014-07-10
10642,10643,38,3,2014-07-10
10678,10679,34,1311,2014-07-10
10678,10679,35,473,2014-07-10
10678,10679,36,103,2014-07-10
10678,10679,37,2,2014-07-10
10680,10681,9848,1,2014-07-10
10680,10681,10678,1,2014-07-10
10680,10681,11399,5,2014-07-10
10680,10681,11486,2,2014-07-10
10680,10681,11690,6,2014-07-10
10836,10837,35,1327,2014-07-10
10836,10837,36,481,2014-07-10
10836,10837,37,113,2014-07-10
10838,10839,36,1327,2014-07-10
10838,10839,37,481,2014-07-10
10838,10839,38,113,2014-07-10
10840,10841,37,1327,2014-07-10
10840,10841,38,481,2014-07-10
10840,10841,39,114,2014-07-10
10842,10843,9838,12,2014-07-10
10842,10843,10840,1,2014-07-10
10842,10843,11399,9,2014-07-10
10842,10843,11484,2,2014-07-10
10842,10843,11558,29,2014-07-10
10850,10851,9838,3,2014-07-10
10850,10851,10836,1,2014-07-10
10850,10851,11399,3,2014-07-10
10850,10851,11484,2,2014-07-10
10850,10851,11556,6,2014-07-10
10858,10859,9838,6,2014-07-10
10858,10859,10838,1,2014-07-10
10858,10859,11399,6,2014-07-10
10858,10859,11484,2,2014-07-10
10858,10859,11556,14,2014-07-10
11011,11012,34,341927,2014-07-10
11011,11012,35,85780,2014-07-10
11011,11012,36,29088,2014-07-10
11011,11012,37,5943,2014-07-10
11011,11012,38,1418,2014-07-10
11011,11012,39,290,2014-07-10
11011,11012,40,59,2014-07-10
19534,11074,38,1,2014-07-10
19534,11074,39,1,2014-07-10
19534,11074,40,1,2014-07-10
19534,11074,16682,11,2014-07-10
11129,11130,34,2778,2014-07-10
11132,11133,34,2778,2014-07-10
11134,11135,34,2778,2014-07-10
11172,11173,607,1,2014-07-10
11172,11173,3828,23,2014-07-10
11172,11173,11399,15,2014-07-10
11172,11173,11478,3,2014-07-10
11172,11173,11531,30,2014-07-10
11172,11173,11535,68,2014-07-10
11172,11173,11541,165,2014-07-10
11172,11173,11545,300,2014-07-10
11172,11173,11547,3,2014-07-10
11172,11173,11553,60,2014-07-10
11172,11173,11556,15,2014-07-10
11174,11175,40,1,2014-07-10
11174,11175,609,1,2014-07-10
11174,11175,3828,23,2014-07-10
11174,11175,11399,15,2014-07-10
11174,11175,11478,6,2014-07-10
11174,11175,11531,30,2014-07-10
11174,11175,11535,75,2014-07-10
11174,11175,11541,150,2014-07-10
11174,11175,11545,375,2014-07-10
11174,11175,11547,3,2014-07-10
11174,11175,11553,75,2014-07-10
11174,11175,11556,15,2014-07-10
11176,11177,40,11,2014-07-10
11176,11177,583,1,2014-07-10
11176,11177,3828,15,2014-07-10
11176,11177,11399,8,2014-07-10
11176,11177,11478,2,2014-07-10
11176,11177,11533,45,2014-07-10
11176,11177,11534,30,2014-07-10
11176,11177,11540,120,2014-07-10
11176,11177,11544,450,2014-07-10
11176,11177,11550,5,2014-07-10
11176,11177,11552,75,2014-07-10
11176,11177,11558,23,2014-07-10
11178,11179,40,13,2014-07-10
11178,11179,583,1,2014-07-10
11178,11179,3828,15,2014-07-10
11178,11179,11399,8,2014-07-10
11178,11179,11478,2,2014-07-10
11178,11179,11533,45,2014-07-10
11178,11179,11534,30,2014-07-10
11178,11179,11540,120,2014-07-10
11178,11179,11544,450,2014-07-10
11178,11179,11550,5,2014-07-10
11178,11179,11552,75,2014-07-10
11178,11179,11558,23,2014-07-10
11182,11183,586,1,2014-07-10
11182,11183,3828,23,2014-07-10
11182,11183,11399,15,2014-07-10
11182,11183,11478,3,2014-07-10
11182,11183,11530,30,2014-07-10
11182,11183,11536,68,2014-07-10
11182,11183,11538,165,2014-07-10
11182,11183,11542,300,2014-07-10
11182,11183,11548,3,2014-07-10
11182,11183,11551,60,2014-07-10
11182,11183,11555,15,2014-07-10
11184,11185,40,8,2014-07-10
11184,11185,589,1,2014-07-10
11184,11185,3828,15,2014-07-10
11184,11185,11399,8,2014-07-10
11184,11185,11478,2,2014-07-10
11184,11185,11532,45,2014-07-10
11184,11185,11537,30,2014-07-10
11184,11185,11539,120,2014-07-10
11184,11185,11543,450,2014-07-10
11184,11185,11549,5,2014-07-10
11184,11185,11554,75,2014-07-10
11184,11185,11557,23,2014-07-10
11186,11187,40,12,2014-07-10
11186,11187,589,1,2014-07-10
11186,11187,3828,15,2014-07-10
11186,11187,11399,8,2014-07-10
11186,11187,11478,2,2014-07-10
11186,11187,11532,45,2014-07-10
11186,11187,11537,30,2014-07-10
11186,11187,11539,120,2014-07-10
11186,11187,11543,450,2014-07-10
11186,11187,11549,5,2014-07-10
11186,11187,11554,75,2014-07-10
11186,11187,11557,23,2014-07-10
11188,11189,3828,23,2014-07-10
11188,11189,11399,15,2014-07-10
11188,11189,11478,3,2014-07-10
11188,11189,11532,30,2014-07-10
11188,11189,11537,68,2014-07-10
11188,11189,11539,165,2014-07-10
11188,11189,11543,300,2014-07-10
11188,11189,11549,3,2014-07-10
11188,11189,11554,60,2014-07-10
11188,11189,11557,15,2014-07-10
11188,11189,29248,1,2014-07-10
11190,11191,2161,1,2014-07-10
11190,11191,3828,23,2014-07-10
11190,11191,11399,15,2014-07-10
11190,11191,11478,6,2014-07-10
11190,11191,11532,30,2014-07-10
11190,11191,11537,75,2014-07-10
11190,11191,11539,150,2014-07-10
11190,11191,11543,375,2014-07-10
11190,11191,11549,3,2014-07-10
11190,11191,11554,75,2014-07-10
11190,11191,11557,15,2014-07-10
11192,11193,605,1,2014-07-10
11192,11193,3828,23,2014-07-10
11192,11193,11399,15,2014-07-10
11192,11193,11478,3,2014-07-10
11192,11193,11533,30,2014-07-10
11192,11193,11534,68,2014-07-10
11192,11193,11540,165,2014-07-10
11192,11193,11544,300,2014-07-10
11192,11193,11550,3,2014-07-10
11192,11193,11552,60,2014-07-10
11192,11193,11558,15,2014-07-10
11194,11195,584,1,2014-07-10
11194,11195,3828,23,2014-07-10
11194,11195,11399,15,2014-07-10
11194,11195,11478,6,2014-07-10
11194,11195,11533,30,2014-07-10
11194,11195,11534,75,2014-07-10
11194,11195,11540,150,2014-07-10
11194,11195,11544,375,2014-07-10
11194,11195,11550,3,2014-07-10
11194,11195,11552,75,2014-07-10
11194,11195,11558,15,2014-07-10
11196,11197,39,27,2014-07-10
11196,11197,585,1,2014-07-10
11196,11197,3828,15,2014-07-10
11196,11197,11399,8,2014-07-10
11196,11197,11478,2,2014-07-10
11196,11197,11530,45,2014-07-10
11196,11197,11536,30,2014-07-10
11196,11197,11538,120,2014-07-10
11196,11197,11542,450,2014-07-10
11196,11197,11548,5,2014-07-10
11196,11197,11551,75,2014-07-10
11196,11197,11555,23,2014-07-10
11198,11199,39,41,2014-07-10
11198,11199,585,1,2014-07-10
11198,11199,3828,15,2014-07-10
11198,11199,11399,8,2014-07-10
11198,11199,11478,2,2014-07-10
11198,11199,11530,45,2014-07-10
11198,11199,11536,30,2014-07-10
11198,11199,11538,120,2014-07-10
11198,11199,11542,450,2014-07-10
11198,11199,11548,5,2014-07-10
11198,11199,11551,75,2014-07-10
11198,11199,11555,23,2014-07-10
11200,11201,40,10,2014-07-10
11200,11201,608,1,2014-07-10
11200,11201,3828,15,2014-07-10
11200,11201,11399,8,2014-07-10
11200,11201,11478,2,2014-07-10
11200,11201,11531,45,2014-07-10
11200,11201,11535,30,2014-07-10
11200,11201,11541,120,2014-07-10
11200,11201,11545,450,2014-07-10
11200,11201,11547,5,2014-07-10
11200,11201,11553,75,2014-07-10
11200,11201,11556,23,2014-07-10
11202,11203,40,10,2014-07-10
11202,11203,608,1,2014-07-10
11202,11203,3828,15,2014-07-10
11202,11203,11399,8,2014-07-10
11202,11203,11478,2,2014-07-10
11202,11203,11531,45,2014-07-10
11202,11203,11535,30,2014-07-10
11202,11203,11541,120,2014-07-10
11202,11203,11545,450,2014-07-10
11202,11203,11547,5,2014-07-10
11202,11203,11553,75,2014-07-10
11202,11203,11556,23,2014-07-10
11215,11216,34,6653,2014-07-10
11215,11216,35,2374,2014-07-10
11215,11216,36,1,2014-07-10
11215,11216,37,8,2014-07-10
11217,11218,34,10178,2014-07-10
11217,11218,35,6494,2014-07-10
11217,11218,36,7,2014-07-10
11217,11218,38,3,2014-07-10
11217,11218,40,1,2014-07-10
11219,11220,11217,1,2014-07-10
11219,11220,11399,5,2014-07-10
11219,11220,11475,2,2014-07-10
11219,11220,11543,3,2014-07-10
11219,11220,11544,3,2014-07-10
11219,11220,11554,3,2014-07-10
11225,11226,34,6653,2014-07-10
11225,11226,35,2374,2014-07-10
11225,11226,36,1,2014-07-10
11225,11226,37,8,2014-07-10
11227,11228,34,10178,2014-07-10
11227,11228,35,6494,2014-07-10
11227,11228,36,7,2014-07-10
11227,11228,38,3,2014-07-10
11227,11228,40,1,2014-07-10
11229,11230,11227,1,2014-07-10
11229,11230,11399,5,2014-07-10
11229,11230,11475,2,2014-07-10
11229,11230,11543,5,2014-07-10
11229,11230,11545,5,2014-07-10
11229,11230,11554,3,2014-07-10
11235,11236,34,6653,2014-07-10
11235,11236,35,2374,2014-07-10
11235,11236,36,1,2014-07-10
11235,11236,37,8,2014-07-10
11237,11238,34,10178,2014-07-10
11237,11238,35,6494,2014-07-10
11237,11238,36,7,2014-07-10
11237,11238,38,3,2014-07-10
11237,11238,40,1,2014-07-10
11239,11240,11237,1,2014-07-10
11239,11240,11399,5,2014-07-10
11239,11240,11475,2,2014-07-10
11239,11240,11542,2,2014-07-10
11239,11240,11543,3,2014-07-10
11239,11240,11544,3,2014-07-10
11239,11240,11554,3,2014-07-10
11245,11246,34,6653,2014-07-10
11245,11246,35,2374,2014-07-10
11245,11246,36,1,2014-07-10
11245,11246,37,8,2014-07-10
11247,11248,34,10178,2014-07-10
11247,11248,35,6494,2014-07-10
11247,11248,36,7,2014-07-10
11247,11248,38,3,2014-07-10
11247,11248,40,1,2014-07-10
11249,11250,11247,1,2014-07-10
11249,11250,11399,5,2014-07-10
11249,11250,11475,2,2014-07-10
11249,11250,11542,3,2014-07-10
11249,11250,11544,3,2014-07-10
11249,11250,11545,3,2014-07-10
11249,11250,11554,3,2014-07-10
11255,11256,34,6653,2014-07-10
11255,11256,35,2374,2014-07-10
11255,11256,36,1,2014-07-10
11255,11256,37,8,2014-07-10
11257,11258,34,10178,2014-07-10
11257,11258,35,6494,2014-07-10
11257,11258,36,7,2014-07-10
11257,11258,38,3,2014-07-10
11257,11258,40,1,2014-07-10
11259,11260,11257,1,2014-07-10
11259,11260,11399,5,2014-07-10
11259,11260,11475,2,2014-07-10
11259,11260,11545,6,2014-07-10
11259,11260,11554,3,2014-07-10
11265,11266,34,2350,2014-07-10
11265,11266,35,2530,2014-07-10
11265,11266,36,939,2014-07-10
11265,11266,38,1,2014-07-10
11267,11268,34,6013,2014-07-10
11267,11268,35,4514,2014-07-10
11267,11268,36,1612,2014-07-10
11267,11268,39,1,2014-07-10
11267,11268,40,1,2014-07-10
11269,11270,11267,1,2014-07-10
11269,11270,11399,5,2014-07-10
11269,11270,11475,2,2014-07-10
11269,11270,11542,2,2014-07-10
11269,11270,11543,2,2014-07-10
11269,11270,11544,2,2014-07-10
11269,11270,11545,2,2014-07-10
11269,11270,11554,3,2014-07-10
11277,11278,34,13467,2014-07-10
11277,11278,35,8383,2014-07-10
11277,11278,36,570,2014-07-10
11277,11278,37,18,2014-07-10
11277,11278,38,3,2014-07-10
11277,11278,39,8,2014-07-10
11279,11280,34,18938,2014-07-10
11279,11280,35,18012,2014-07-10
11279,11280,36,13619,2014-07-10
11279,11280,37,877,2014-07-10
11279,11280,39,1,2014-07-10
11279,11280,40,6,2014-07-10
11283,11284,34,331,2014-07-10
11283,11284,35,437,2014-07-10
11283,11284,36,24,2014-07-10
11283,11284,37,7,2014-07-10
11283,11284,38,9,2014-07-10
11283,11284,39,4,2014-07-10
11285,11286,34,1951,2014-07-10
11285,11286,35,398,2014-07-10
11285,11286,36,167,2014-07-10
11285,11286,37,13,2014-07-10
11285,11286,39,2,2014-07-10
11285,11286,40,1,2014-07-10
11287,11288,34,1984,2014-07-10
11287,11288,35,383,2014-07-10
11287,11288,36,371,2014-07-10
11287,11288,39,2,2014-07-10
11287,11288,40,2,2014-07-10
11289,11290,34,1502,2014-07-10
11289,11290,35,440,2014-07-10
11289,11290,36,252,2014-07-10
11289,11290,38,13,2014-07-10
11289,11290,39,3,2014-07-10
11289,11290,40,3,2014-07-10
11291,11292,34,1982,2014-07-10
11291,11292,35,98,2014-07-10
11291,11292,36,181,2014-07-10
11291,11292,38,1,2014-07-10
11293,11294,34,751,2014-07-10
11293,11294,35,226,2014-07-10
11293,11294,36,311,2014-07-10
11293,11294,37,43,2014-07-10
11293,11294,38,2,2014-07-10
11293,11294,39,1,2014-07-10
11295,11296,34,5244,2014-07-10
11295,11296,35,3160,2014-07-10
11295,11296,36,842,2014-07-10
11295,11296,38,20,2014-07-10
11295,11296,39,3,2014-07-10
11295,11296,40,1,2014-07-10
11297,11298,34,10591,2014-07-10
11297,11298,35,6983,2014-07-10
11297,11298,36,2503,2014-07-10
11297,11298,37,1,2014-07-10
11297,11298,39,6,2014-07-10
11297,11298,40,1,2014-07-10
11299,11300,34,12218,2014-07-10
11299,11300,35,11594,2014-07-10
11299,11300,36,8360,2014-07-10
11299,11300,37,231,2014-07-10
11299,11300,38,6,2014-07-10
11299,11300,40,3,2014-07-10
11301,11302,34,12461,2014-07-10
11301,11302,35,5417,2014-07-10
11301,11302,38,3,2014-07-10
11301,11302,39,8,2014-07-10
11303,11304,34,14720,2014-07-10
11303,11304,35,5174,2014-07-10
11303,11304,37,94,2014-07-10
11303,11304,38,13,2014-07-10
11303,11304,39,7,2014-07-10
11303,11304,40,1,2014-07-10
11305,11306,34,12494,2014-07-10
11305,11306,35,6187,2014-07-10
11305,11306,37,2,2014-07-10
11305,11306,38,7,2014-07-10
11305,11306,39,7,2014-07-10
11305,11306,40,1,2014-07-10
11355,11356,34,896,2014-07-10
11355,11356,35,3,2014-07-10
11355,11356,36,112,2014-07-10
11355,11356,37,1,2014-07-10
11357,11358,34,1506,2014-07-10
11357,11358,35,924,2014-07-10
11357,11358,36,108,2014-07-10
11359,11360,34,4318,2014-07-10
11359,11360,35,3256,2014-07-10
11359,11360,36,1,2014-07-10
11365,11366,40,3,2014-07-10
11365,11366,597,1,2014-07-10
11365,11366,3828,38,2014-07-10
11365,11366,11399,45,2014-07-10
11365,11366,11478,6,2014-07-10
11365,11366,11532,30,2014-07-10
11365,11366,11537,30,2014-07-10
11365,11366,11539,135,2014-07-10
11365,11366,11543,750,2014-07-10
11365,11366,11549,8,2014-07-10
11365,11366,11554,90,2014-07-10
11365,11366,11557,30,2014-07-10
11371,11372,587,1,2014-07-10
11371,11372,3828,38,2014-07-10
11371,11372,11399,45,2014-07-10
11371,11372,11478,6,2014-07-10
11371,11372,11530,23,2014-07-10
11371,11372,11536,30,2014-07-10
11371,11372,11538,135,2014-07-10
11371,11372,11542,900,2014-07-10
11371,11372,11548,8,2014-07-10
11371,11372,11551,90,2014-07-10
11371,11372,11555,30,2014-07-10
11373,11374,587,1,2014-07-10
11373,11374,3828,28,2014-07-10
11373,11374,11399,33,2014-07-10
11373,11374,11478,4,2014-07-10
11373,11374,11530,33,2014-07-10
11373,11374,11536,22,2014-07-10
11373,11374,11538,22,2014-07-10
11373,11374,11542,44,2014-07-10
11373,11374,11548,44,2014-07-10
11373,11374,11551,33,2014-07-10
11373,11374,11555,44,2014-07-10
11375,11376,593,1,2014-07-10
11375,11376,3828,22,2014-07-10
11375,11376,11399,39,2014-07-10
11375,11376,11478,1,2014-07-10
11375,11376,11531,22,2014-07-10
11375,11376,11535,56,2014-07-10
11375,11376,11541,39,2014-07-10
11375,11376,11545,28,2014-07-10
11375,11376,11547,22,2014-07-10
11375,11376,11553,22,2014-07-10
11375,11376,11556,22,2014-07-10
11377,11378,593,1,2014-07-10
11377,11378,3828,30,2014-07-10
11377,11378,11399,38,2014-07-10
11377,11378,11478,3,2014-07-10
11377,11378,11531,30,2014-07-10
11377,11378,11535,60,2014-07-10
11377,11378,11541,180,2014-07-10
11377,11378,11545,300,2014-07-10
11377,11378,11547,6,2014-07-10
11377,11378,11553,60,2014-07-10
11377,11378,11556,15,2014-07-10
11379,11380,603,1,2014-07-10
11379,11380,3828,38,2014-07-10
11379,11380,11399,45,2014-07-10
11379,11380,11478,6,2014-07-10
11379,11380,11533,30,2014-07-10
11379,11380,11534,30,2014-07-10
11379,11380,11540,135,2014-07-10
11379,11380,11544,750,2014-07-10
11379,11380,11550,8,2014-07-10
11379,11380,11552,90,2014-07-10
11379,11380,11558,30,2014-07-10
11381,11382,603,1,2014-07-10
11381,11382,3828,38,2014-07-10
11381,11382,11399,45,2014-07-10
11381,11382,11478,6,2014-07-10
11381,11382,11533,23,2014-07-10
11381,11382,11534,30,2014-07-10
11381,11382,11540,135,2014-07-10
11381,11382,11544,900,2014-07-10
11381,11382,11550,8,2014-07-10
11381,11382,11552,90,2014-07-10
11381,11382,11558,30,2014-07-10
11383,11384,34,12889,2014-07-10
11383,11384,35,10953,2014-07-10
11383,11384,36,633,2014-07-10
11383,11384,38,2,2014-07-10
11383,11384,39,6,2014-07-10
11383,11384,40,6,2014-07-10
11383,11384,3828,17,2014-07-10
11383,11384,11478,2,2014-07-10
11383,11384,11532,22,2014-07-10
11383,11384,11537,22,2014-07-10
11383,11384,11539,39,2014-07-10
11383,11384,11543,39,2014-07-10
11383,11384,11549,50,2014-07-10
11383,11384,11554,22,2014-07-10
11383,11384,11557,44,2014-07-10
11387,11388,3766,1,2014-07-10
11387,11388,3828,23,2014-07-10
11387,11388,11399,15,2014-07-10
11387,11388,11478,6,2014-07-10
11387,11388,11530,30,2014-07-10
11387,11388,11536,75,2014-07-10
11387,11388,11538,150,2014-07-10
11387,11388,11542,375,2014-07-10
11387,11388,11548,3,2014-07-10
11387,11388,11551,75,2014-07-10
11387,11388,11555,15,2014-07-10
11389,11390,34,12889,2014-07-10
11389,11390,35,10953,2014-07-10
11389,11390,36,633,2014-07-10
11389,11390,38,2,2014-07-10
11389,11390,39,6,2014-07-10
11389,11390,40,6,2014-07-10
11389,11390,3828,17,2014-07-10
11389,11390,11478,2,2014-07-10
11389,11390,11531,22,2014-07-10
11389,11390,11535,22,2014-07-10
11389,11390,11541,39,2014-07-10
11389,11390,11545,50,2014-07-10
11389,11390,11547,22,2014-07-10
11389,11390,11553,22,2014-07-10
11389,11390,11556,44,2014-07-10
11393,11394,40,2,2014-07-10
11393,11394,597,1,2014-07-10
11393,11394,3828,38,2014-07-10
11393,11394,11399,45,2014-07-10
11393,11394,11478,6,2014-07-10
11393,11394,11532,23,2014-07-10
11393,11394,11537,30,2014-07-10
11393,11394,11539,135,2014-07-10
11393,11394,11543,900,2014-07-10
11393,11394,11549,8,2014-07-10
11393,11394,11554,90,2014-07-10
11393,11394,11557,30,2014-07-10
11400,11401,587,1,2014-07-10
11400,11401,3828,38,2014-07-10
11400,11401,11399,45,2014-07-10
11400,11401,11478,6,2014-07-10
11400,11401,11530,30,2014-07-10
11400,11401,11536,30,2014-07-10
11400,11401,11538,135,2014-07-10
11400,11401,11542,750,2014-07-10
11400,11401,11548,8,2014-07-10
11400,11401,11551,90,2014-07-10
11400,11401,11555,30,2014-07-10
11561,11562,35,23700,2014-07-10
11561,11562,36,574,2014-07-10
11561,11562,38,87,2014-07-10
11561,11562,40,17,2014-07-10
11563,11564,34,9151,2014-07-10
11563,11564,35,2737,2014-07-10
11563,11564,36,988,2014-07-10
11563,11564,37,150,2014-07-10
11563,11564,38,148,2014-07-10
11567,11568,21009,222,2014-07-10
11567,11568,21011,556,2014-07-10
11567,11568,21013,333,2014-07-10
11567,11568,21017,556,2014-07-10
11567,11568,21019,556,2014-07-10
11567,11568,21021,556,2014-07-10
11567,11568,21023,111,2014-07-10
11567,11568,21025,556,2014-07-10
11567,11568,21035,333,2014-07-10
11567,11568,21037,444,2014-07-10
11567,11568,24545,556,2014-07-10
11567,11568,24547,556,2014-07-10
11567,11568,24556,556,2014-07-10
11567,11568,24558,556,2014-07-10
11567,11568,24560,556,2014-07-10
2363,11612,34,676,2014-07-10
2363,11612,36,318,2014-07-10
2363,11612,37,2,2014-07-10
2363,11612,39,3,2014-07-10
2363,11612,40,1,2014-07-10
10998,11613,34,566,2014-07-10
10998,11613,35,504,2014-07-10
10998,11613,36,186,2014-07-10
2108,11614,34,716,2014-07-10
2108,11614,35,154,2014-07-10
2108,11614,36,370,2014-07-10
2108,11614,37,3,2014-07-10
2108,11614,40,2,2014-07-10
1998,11616,34,538,2014-07-10
1998,11616,35,88,2014-07-10
1998,11616,36,369,2014-07-10
1998,11616,37,1,2014-07-10
1998,11616,38,4,2014-07-10
2103,11617,34,3814,2014-07-10
2103,11617,35,3163,2014-07-10
2103,11617,36,3,2014-07-10
2103,11617,37,2,2014-07-10
3887,11619,34,2398,2014-07-10
3887,11619,35,466,2014-07-10
3887,11619,36,179,2014-07-10
3887,11619,37,1,2014-07-10
3887,11619,38,4,2014-07-10
1973,11620,34,5030,2014-07-10
1973,11620,35,78,2014-07-10
1973,11620,37,2,2014-07-10
1977,11621,34,949,2014-07-10
1977,11621,40,1,2014-07-10
2004,11622,34,236,2014-07-10
2004,11622,35,3413,2014-07-10
2002,11623,34,236,2014-07-10
2002,11623,35,3413,2014-07-10
2003,11624,34,236,2014-07-10
2003,11624,35,3413,2014-07-10
1947,11625,34,236,2014-07-10
1947,11625,35,3413,2014-07-10
2005,11626,34,236,2014-07-10
2005,11626,35,3413,2014-07-10
1948,11628,34,2884,2014-07-10
1948,11628,35,919,2014-07-10
1948,11628,40,1,2014-07-10
1957,11629,37,62,2014-07-10
1957,11629,38,49,2014-07-10
1958,11630,34,2884,2014-07-10
1958,11630,35,919,2014-07-10
1958,11630,40,1,2014-07-10
1955,11631,34,2884,2014-07-10
1955,11631,35,919,2014-07-10
1955,11631,40,1,2014-07-10
1956,11632,34,2884,2014-07-10
1956,11632,35,919,2014-07-10
1956,11632,40,1,2014-07-10
1986,11634,34,413,2014-07-10
1986,11634,35,79,2014-07-10
1986,11634,36,148,2014-07-10
1986,11634,37,1,2014-07-10
1986,11634,39,3,2014-07-10
11640,11641,10998,1,2014-07-10
11640,11641,11399,5,2014-07-10
11640,11641,11483,2,2014-07-10
11640,11641,11538,5,2014-07-10
11642,11643,11301,1,2014-07-10
11642,11643,11399,23,2014-07-10
11642,11643,11475,2,2014-07-10
11642,11643,11543,15,2014-07-10
11642,11643,11558,27,2014-07-10
11644,11645,11305,1,2014-07-10
11644,11645,11399,23,2014-07-10
11644,11645,11475,2,2014-07-10
11644,11645,11544,15,2014-07-10
11644,11645,11558,27,2014-07-10
11646,11647,11303,1,2014-07-10
11646,11647,11399,23,2014-07-10
11646,11647,11475,2,2014-07-10
11646,11647,11542,15,2014-07-10
11646,11647,11558,27,2014-07-10
11648,11649,11277,1,2014-07-10
11648,11649,11399,23,2014-07-10
11648,11649,11475,2,2014-07-10
11648,11649,11545,15,2014-07-10
11648,11649,11558,27,2014-07-10
3888,11747,3887,1,2014-07-10
3888,11747,9842,18,2014-07-10
3888,11747,11399,2,2014-07-10
3888,11747,11483,2,2014-07-10
3888,11747,11541,5,2014-07-10
3888,11747,11553,3,2014-07-10
2259,11750,37,27,2014-07-10
2259,11750,2004,1,2014-07-10
2259,11750,9842,7,2014-07-10
2259,11750,11399,5,2014-07-10
2259,11750,11483,2,2014-07-10
2259,11750,11534,6,2014-07-10
2259,11750,11540,5,2014-07-10
2260,11754,37,28,2014-07-10
2260,11754,2002,1,2014-07-10
2260,11754,9842,7,2014-07-10
2260,11754,11399,5,2014-07-10
2260,11754,11483,2,2014-07-10
2260,11754,11536,6,2014-07-10
2260,11754,11538,5,2014-07-10
2261,11758,37,26,2014-07-10
2261,11758,2003,1,2014-07-10
2261,11758,9842,7,2014-07-10
2261,11758,11399,5,2014-07-10
2261,11758,11483,2,2014-07-10
2261,11758,11535,6,2014-07-10
2261,11758,11541,5,2014-07-10
2258,11762,37,33,2014-07-10
2258,11762,2005,1,2014-07-10
2258,11762,9842,10,2014-07-10
2258,11762,11399,5,2014-07-10
2258,11762,11483,2,2014-07-10
2258,11762,11534,2,2014-07-10
2258,11762,11535,2,2014-07-10
2258,11762,11536,2,2014-07-10
2258,11762,11537,2,2014-07-10
2258,11762,11541,5,2014-07-10
2262,11766,37,22,2014-07-10
2262,11766,1947,1,2014-07-10
2262,11766,9842,7,2014-07-10
2262,11766,11399,5,2014-07-10
2262,11766,11483,2,2014-07-10
2262,11766,11537,6,2014-07-10
2262,11766,11539,5,2014-07-10
1959,11770,34,5662,2014-07-10
1959,11770,35,3998,2014-07-10
1959,11770,36,34,2014-07-10
1960,11771,1959,1,2014-07-10
1960,11771,9840,33,2014-07-10
1960,11771,9842,11,2014-07-10
1960,11771,11399,15,2014-07-10
1960,11771,11483,2,2014-07-10
1960,11771,11538,8,2014-07-10
1960,11771,11540,8,2014-07-10
1960,11771,11541,8,2014-07-10
2563,11775,1948,1,2014-07-10
2563,11775,9840,9,2014-07-10
2563,11775,9842,7,2014-07-10
2563,11775,11399,8,2014-07-10
2563,11775,11483,2,2014-07-10
2563,11775,11535,9,2014-07-10
2563,11775,11541,5,2014-07-10
2567,11779,1957,1,2014-07-10
2567,11779,9840,9,2014-07-10
2567,11779,9842,13,2014-07-10
2567,11779,11399,9,2014-07-10
2567,11779,11483,2,2014-07-10
2567,11779,11534,3,2014-07-10
2567,11779,11535,3,2014-07-10
2567,11779,11536,3,2014-07-10
2567,11779,11537,3,2014-07-10
2567,11779,11541,5,2014-07-10
2559,11783,1958,1,2014-07-10
2559,11783,9840,9,2014-07-10
2559,11783,9842,7,2014-07-10
2559,11783,11399,8,2014-07-10
2559,11783,11483,2,2014-07-10
2559,11783,11536,9,2014-07-10
2559,11783,11538,5,2014-07-10
2571,11787,1955,1,2014-07-10
2571,11787,9840,9,2014-07-10
2571,11787,9842,7,2014-07-10
2571,11787,11399,8,2014-07-10
2571,11787,11483,2,2014-07-10
2571,11787,11534,9,2014-07-10
2571,11787,11540,5,2014-07-10
2575,11791,1956,1,2014-07-10
2575,11791,9840,9,2014-07-10
2575,11791,9842,7,2014-07-10
2575,11791,11399,8,2014-07-10
2575,11791,11483,2,2014-07-10
2575,11791,11537,9,2014-07-10
2575,11791,11539,5,2014-07-10
2364,11795,2363,1,2014-07-10
2364,11795,3689,6,2014-07-10
2364,11795,9842,2,2014-07-10
2364,11795,11399,8,2014-07-10
2364,11795,11483,2,2014-07-10
2364,11795,11539,8,2014-07-10
1963,11798,34,5662,2014-07-10
1963,11798,35,3998,2014-07-10
1963,11798,36,34,2014-07-10
1964,11799,37,2,2014-07-10
1964,11799,1963,1,2014-07-10
1964,11799,9840,6,2014-07-10
1964,11799,9842,7,2014-07-10
1964,11799,11399,6,2014-07-10
1964,11799,11483,2,2014-07-10
1964,11799,11534,8,2014-07-10
1964,11799,11540,5,2014-07-10
1968,11803,34,252,2014-07-10
1968,11803,35,766,2014-07-10
1968,11803,36,1053,2014-07-10
1968,11803,37,119,2014-07-10
1969,11804,1968,1,2014-07-10
1969,11804,9840,6,2014-07-10
1969,11804,9842,10,2014-07-10
1969,11804,11399,8,2014-07-10
1969,11804,11483,2,2014-07-10
1969,11804,11534,9,2014-07-10
1969,11804,11540,5,2014-07-10
1952,11808,38,1,2014-07-10
1952,11808,1973,1,2014-07-10
1952,11808,9840,3,2014-07-10
1952,11808,9842,8,2014-07-10
1952,11808,11399,3,2014-07-10
1952,11808,11483,2,2014-07-10
1952,11808,11534,6,2014-07-10
1952,11808,11540,5,2014-07-10
1987,11812,1986,1,2014-07-10
1987,11812,9840,2,2014-07-10
1987,11812,9842,6,2014-07-10
1987,11812,11399,2,2014-07-10
1987,11812,11483,2,2014-07-10
1987,11812,11534,8,2014-07-10
1987,11812,11540,5,2014-07-10
2579,11820,34,2386,2014-07-10
2579,11820,35,143,2014-07-10
2579,11820,36,249,2014-07-10
2580,11821,37,11,2014-07-10
2580,11821,2579,1,2014-07-10
2580,11821,9840,3,2014-07-10
2580,11821,9842,3,2014-07-10
2580,11821,11399,2,2014-07-10
2580,11821,11483,2,2014-07-10
2580,11821,11534,5,2014-07-10
2580,11821,11540,2,2014-07-10
2583,11824,34,2386,2014-07-10
2583,11824,35,143,2014-07-10
2583,11824,36,249,2014-07-10
2584,11825,2583,1,2014-07-10
2584,11825,9840,3,2014-07-10
2584,11825,9842,3,2014-07-10
2584,11825,11399,2,2014-07-10
2584,11825,11483,2,2014-07-10
2584,11825,11536,5,2014-07-10
2584,11825,11538,2,2014-07-10
2587,11828,34,2386,2014-07-10
2587,11828,35,143,2014-07-10
2587,11828,36,249,2014-07-10
2588,11829,2587,1,2014-07-10
2588,11829,9840,3,2014-07-10
2588,11829,9842,3,2014-07-10
2588,11829,11399,2,2014-07-10
2588,11829,11483,2,2014-07-10
2588,11829,11535,3,2014-07-10
2588,11829,11541,2,2014-07-10
2591,11832,34,1010,2014-07-10
2591,11832,35,267,2014-07-10
2591,11832,36,738,2014-07-10
2592,11833,2591,1,2014-07-10
2592,11833,9840,3,2014-07-10
2592,11833,9842,3,2014-07-10
2592,11833,11399,2,2014-07-10
2592,11833,11483,2,2014-07-10
2592,11833,11534,2,2014-07-10
2592,11833,11535,2,2014-07-10
2592,11833,11536,2,2014-07-10
2592,11833,11537,2,2014-07-10
2592,11833,11539,2,2014-07-10
4013,11836,34,2386,2014-07-10
4013,11836,35,143,2014-07-10
4013,11836,36,249,2014-07-10
4014,11837,4013,1,2014-07-10
4014,11837,9840,3,2014-07-10
4014,11837,9842,3,2014-07-10
4014,11837,11399,3,2014-07-10
4014,11837,11483,2,2014-07-10
4014,11837,11537,5,2014-07-10
4014,11837,11539,2,2014-07-10
1978,11840,1977,1,2014-07-10
1978,11840,3689,1,2014-07-10
1978,11840,9842,7,2014-07-10
1978,11840,11399,11,2014-07-10
1978,11840,11483,2,2014-07-10
1978,11840,11538,12,2014-07-10
2109,11844,2108,1,2014-07-10
2109,11844,9840,6,2014-07-10
2109,11844,9842,10,2014-07-10
2109,11844,11399,8,2014-07-10
2109,11844,11483,2,2014-07-10
2109,11844,11535,6,2014-07-10
2109,11844,11541,5,2014-07-10
1999,11848,1998,1,2014-07-10
1999,11848,3689,6,2014-07-10
1999,11848,9842,2,2014-07-10
1999,11848,11399,5,2014-07-10
1999,11848,11483,2,2014-07-10
1999,11848,11538,8,2014-07-10
2104,11851,2103,1,2014-07-10
2104,11851,9840,6,2014-07-10
2104,11851,9842,7,2014-07-10
2104,11851,11399,5,2014-07-10
2104,11851,11483,2,2014-07-10
2104,11851,11536,8,2014-07-10
2104,11851,11538,5,2014-07-10
11465,11857,36,89,2014-07-10
11465,11857,37,167,2014-07-10
11465,11857,38,80,2014-07-10
11482,11859,34,556,2014-07-10
11482,11859,35,444,2014-07-10
11482,11859,36,222,2014-07-10
11482,11859,37,82,2014-07-10
11482,11859,38,36,2014-07-10
11485,11860,34,556,2014-07-10
11485,11860,35,444,2014-07-10
11485,11860,36,222,2014-07-10
11485,11860,37,82,2014-07-10
11485,11860,38,36,2014-07-10
11477,11861,34,556,2014-07-10
11477,11861,35,444,2014-07-10
11477,11861,36,222,2014-07-10
11477,11861,37,82,2014-07-10
11477,11861,38,36,2014-07-10
11471,11862,37,167,2014-07-10
11471,11862,38,44,2014-07-10
11471,11862,40,1,2014-07-10
11468,11863,37,167,2014-07-10
11468,11863,38,44,2014-07-10
11468,11863,40,1,2014-07-10
11470,11864,37,167,2014-07-10
11470,11864,38,44,2014-07-10
11470,11864,40,1,2014-07-10
11469,11865,37,167,2014-07-10
11469,11865,38,44,2014-07-10
11469,11865,40,1,2014-07-10
11472,11866,37,167,2014-07-10
11472,11866,38,89,2014-07-10
11472,11866,40,4,2014-07-10
11480,11867,34,2222,2014-07-10
11480,11867,35,1778,2014-07-10
11480,11867,36,889,2014-07-10
11480,11867,37,82,2014-07-10
11480,11867,38,36,2014-07-10
11479,11868,34,1111,2014-07-10
11479,11868,35,889,2014-07-10
11479,11868,36,444,2014-07-10
11479,11868,37,82,2014-07-10
11479,11868,38,36,2014-07-10
11474,11869,34,556,2014-07-10
11474,11869,35,444,2014-07-10
11474,11869,36,222,2014-07-10
11474,11869,37,82,2014-07-10
11474,11869,38,36,2014-07-10
11483,11870,34,556,2014-07-10
11483,11870,35,444,2014-07-10
11483,11870,36,222,2014-07-10
11483,11870,37,82,2014-07-10
11483,11870,38,36,2014-07-10
11473,11871,34,89,2014-07-10
11473,11871,37,111,2014-07-10
11473,11871,39,9,2014-07-10
11473,11871,40,9,2014-07-10
11473,11871,20431,222,2014-07-10
11476,11872,34,556,2014-07-10
11476,11872,35,444,2014-07-10
11476,11872,36,222,2014-07-10
11476,11872,37,82,2014-07-10
11476,11872,38,36,2014-07-10
11475,11873,34,556,2014-07-10
11475,11873,35,444,2014-07-10
11475,11873,36,222,2014-07-10
11475,11873,37,82,2014-07-10
11475,11873,38,36,2014-07-10
11514,11874,34,556,2014-07-10
11514,11874,35,444,2014-07-10
11514,11874,36,222,2014-07-10
11514,11874,37,82,2014-07-10
11514,11874,38,36,2014-07-10
11461,11876,36,89,2014-07-10
11461,11876,37,167,2014-07-10
11461,11876,38,80,2014-07-10
11462,11877,36,89,2014-07-10
11462,11877,37,167,2014-07-10
11462,11877,38,80,2014-07-10
11466,11878,36,89,2014-07-10
11466,11878,37,167,2014-07-10
11466,11878,38,80,2014-07-10
11467,11879,36,89,2014-07-10
11467,11879,37,167,2014-07-10
11467,11879,38,80,2014-07-10
11459,11880,36,89,2014-07-10
11459,11880,37,167,2014-07-10
11459,11880,38,80,2014-07-10
11464,11881,36,89,2014-07-10
11464,11881,37,167,2014-07-10
11464,11881,38,80,2014-07-10
11458,11882,36,89,2014-07-10
11458,11882,37,167,2014-07-10
11458,11882,38,80,2014-07-10
11460,11883,36,89,2014-07-10
11460,11883,37,167,2014-07-10
11460,11883,38,80,2014-07-10
11457,11884,36,89,2014-07-10
11457,11884,37,167,2014-07-10
11457,11884,38,80,2014-07-10
11463,11885,36,89,2014-07-10
11463,11885,37,167,2014-07-10
11463,11885,38,80,2014-07-10
11746,11886,36,89,2014-07-10
11746,11886,37,167,2014-07-10
11746,11886,38,80,2014-07-10
11481,11887,34,556,2014-07-10
11481,11887,35,444,2014-07-10
11481,11887,36,222,2014-07-10
11481,11887,37,82,2014-07-10
11481,11887,38,36,2014-07-10
11513,11888,34,556,2014-07-10
11513,11888,35,444,2014-07-10
11513,11888,36,222,2014-07-10
11513,11888,37,82,2014-07-10
11513,11888,38,36,2014-07-10
11484,11889,34,556,2014-07-10
11484,11889,35,444,2014-07-10
11484,11889,36,222,2014-07-10
11484,11889,37,82,2014-07-10
11484,11889,38,36,2014-07-10
11478,11890,34,556,2014-07-10
11478,11890,35,444,2014-07-10
11478,11890,36,222,2014-07-10
11478,11890,37,82,2014-07-10
11478,11890,38,36,2014-07-10
11486,11891,34,556,2014-07-10
11486,11891,35,444,2014-07-10
11486,11891,36,222,2014-07-10
11486,11891,37,82,2014-07-10
11486,11891,38,36,2014-07-10
11653,11892,34,89,2014-07-10
11653,11892,37,111,2014-07-10
11653,11892,39,44,2014-07-10
11936,11937,34,8419596,2014-07-10
11936,11937,35,2105337,2014-07-10
11936,11937,36,527416,2014-07-10
11936,11937,37,131693,2014-07-10
11936,11937,38,32913,2014-07-10
11936,11937,39,7964,2014-07-10
11936,11937,40,2981,2014-07-10
11938,11939,34,4778711,2014-07-10
11938,11939,35,1195440,2014-07-10
11938,11939,36,301302,2014-07-10
11938,11939,37,74894,2014-07-10
11938,11939,38,18684,2014-07-10
11938,11939,39,4391,2014-07-10
11938,11939,40,2039,2014-07-10
11957,11958,632,1,2014-07-10
11957,11958,3828,75,2014-07-10
11957,11958,11399,150,2014-07-10
11957,11958,11478,18,2014-07-10
11957,11958,11533,57,2014-07-10
11957,11958,11534,495,2014-07-10
11957,11958,11540,1800,2014-07-10
11957,11958,11544,3750,2014-07-10
11957,11958,11550,30,2014-07-10
11957,11958,11552,375,2014-07-10
11957,11958,11558,300,2014-07-10
11959,11960,632,1,2014-07-10
11959,11960,3828,75,2014-07-10
11959,11960,11399,150,2014-07-10
11959,11960,11478,18,2014-07-10
11959,11960,11533,60,2014-07-10
11959,11960,11534,495,2014-07-10
11959,11960,11540,1800,2014-07-10
11959,11960,11544,3750,2014-07-10
11959,11960,11550,30,2014-07-10
11959,11960,11552,375,2014-07-10
11959,11960,11558,300,2014-07-10
11961,11962,630,1,2014-07-10
11961,11962,3828,75,2014-07-10
11961,11962,11399,150,2014-07-10
11961,11962,11478,18,2014-07-10
11961,11962,11530,60,2014-07-10
11961,11962,11536,495,2014-07-10
11961,11962,11538,1800,2014-07-10
11961,11962,11542,3750,2014-07-10
11961,11962,11548,30,2014-07-10
11961,11962,11551,375,2014-07-10
11961,11962,11555,300,2014-07-10
11963,11964,630,1,2014-07-10
11963,11964,3828,75,2014-07-10
11963,11964,11399,150,2014-07-10
11963,11964,11478,18,2014-07-10
11963,11964,11530,57,2014-07-10
11963,11964,11536,495,2014-07-10
11963,11964,11538,1800,2014-07-10
11963,11964,11542,3750,2014-07-10
11963,11964,11548,30,2014-07-10
11963,11964,11551,375,2014-07-10
11963,11964,11555,300,2014-07-10
11965,11966,628,1,2014-07-10
11965,11966,3828,75,2014-07-10
11965,11966,11399,150,2014-07-10
11965,11966,11478,18,2014-07-10
11965,11966,11532,57,2014-07-10
11965,11966,11537,495,2014-07-10
11965,11966,11539,1800,2014-07-10
11965,11966,11543,3750,2014-07-10
11965,11966,11549,30,2014-07-10
11965,11966,11554,375,2014-07-10
11965,11966,11557,300,2014-07-10
11969,11970,633,1,2014-07-10
11969,11970,3828,75,2014-07-10
11969,11970,11399,150,2014-07-10
11969,11970,11478,18,2014-07-10
11969,11970,11531,57,2014-07-10
11969,11970,11535,495,2014-07-10
11969,11970,11541,1800,2014-07-10
11969,11970,11545,3750,2014-07-10
11969,11970,11547,30,2014-07-10
11969,11970,11553,375,2014-07-10
11969,11970,11556,300,2014-07-10
11971,11972,633,1,2014-07-10
11971,11972,3828,75,2014-07-10
11971,11972,11399,150,2014-07-10
11971,11972,11478,18,2014-07-10
11971,11972,11531,60,2014-07-10
11971,11972,11535,495,2014-07-10
11971,11972,11541,1800,2014-07-10
11971,11972,11545,3750,2014-07-10
11971,11972,11547,30,2014-07-10
11971,11972,11553,375,2014-07-10
11971,11972,11556,300,2014-07-10
11978,11979,631,1,2014-07-10
11978,11979,3828,75,2014-07-10
11978,11979,11399,90,2014-07-10
11978,11979,11478,12,2014-07-10
11978,11979,11530,75,2014-07-10
11978,11979,11536,263,2014-07-10
11978,11979,11538,1800,2014-07-10
11978,11979,11542,2250,2014-07-10
11978,11979,11548,23,2014-07-10
11978,11979,11551,750,2014-07-10
11978,11979,11555,150,2014-07-10
11985,11986,620,1,2014-07-10
11985,11986,3828,75,2014-07-10
11985,11986,11399,90,2014-07-10
11985,11986,11478,12,2014-07-10
11985,11986,11533,75,2014-07-10
11985,11986,11534,263,2014-07-10
11985,11986,11540,1800,2014-07-10
11985,11986,11544,2250,2014-07-10
11985,11986,11550,23,2014-07-10
11985,11986,11552,750,2014-07-10
11985,11986,11558,150,2014-07-10
11987,11988,625,1,2014-07-10
11987,11988,3828,75,2014-07-10
11987,11988,11399,90,2014-07-10
11987,11988,11478,12,2014-07-10
11987,11988,11532,75,2014-07-10
11987,11988,11537,263,2014-07-10
11987,11988,11539,1800,2014-07-10
11987,11988,11543,2250,2014-07-10
11987,11988,11549,23,2014-07-10
11987,11988,11554,750,2014-07-10
11987,11988,11557,150,2014-07-10
11989,11990,634,1,2014-07-10
11989,11990,3828,75,2014-07-10
11989,11990,11399,90,2014-07-10
11989,11990,11478,12,2014-07-10
11989,11990,11531,75,2014-07-10
11989,11990,11535,263,2014-07-10
11989,11990,11541,1800,2014-07-10
11989,11990,11545,2250,2014-07-10
11989,11990,11547,23,2014-07-10
11989,11990,11553,750,2014-07-10
11989,11990,11556,150,2014-07-10
11993,11994,621,1,2014-07-10
11993,11994,3828,150,2014-07-10
11993,11994,11399,150,2014-07-10
11993,11994,11478,18,2014-07-10
11993,11994,11533,75,2014-07-10
11993,11994,11534,398,2014-07-10
11993,11994,11540,1350,2014-07-10
11993,11994,11544,5625,2014-07-10
11993,11994,11550,38,2014-07-10
11993,11994,11552,450,2014-07-10
11993,11994,11558,450,2014-07-10
11995,11996,623,1,2014-07-10
11995,11996,3828,188,2014-07-10
11995,11996,11399,150,2014-07-10
11995,11996,11478,21,2014-07-10
11995,11996,11533,105,2014-07-10
11995,11996,11534,180,2014-07-10
11995,11996,11540,2970,2014-07-10
11995,11996,11544,6750,2014-07-10
11995,11996,11550,53,2014-07-10
11995,11996,11552,660,2014-07-10
11995,11996,11558,413,2014-07-10
11999,12000,622,1,2014-07-10
11999,12000,3828,150,2014-07-10
11999,12000,11399,150,2014-07-10
11999,12000,11478,18,2014-07-10
11999,12000,11530,75,2014-07-10
11999,12000,11536,398,2014-07-10
11999,12000,11538,1350,2014-07-10
11999,12000,11542,5625,2014-07-10
11999,12000,11548,38,2014-07-10
11999,12000,11551,450,2014-07-10
11999,12000,11555,450,2014-07-10
12003,12004,2006,1,2014-07-10
12003,12004,3828,150,2014-07-10
12003,12004,11399,150,2014-07-10
12003,12004,11478,18,2014-07-10
12003,12004,11532,75,2014-07-10
12003,12004,11537,398,2014-07-10
12003,12004,11539,1350,2014-07-10
12003,12004,11543,5625,2014-07-10
12003,12004,11549,45,2014-07-10
12003,12004,11554,450,2014-07-10
12003,12004,11557,450,2014-07-10
12005,12006,626,1,2014-07-10
12005,12006,3828,150,2014-07-10
12005,12006,11399,150,2014-07-10
12005,12006,11478,18,2014-07-10
12005,12006,11531,75,2014-07-10
12005,12006,11535,398,2014-07-10
12005,12006,11541,1350,2014-07-10
12005,12006,11545,5625,2014-07-10
12005,12006,11547,38,2014-07-10
12005,12006,11553,450,2014-07-10
12005,12006,11556,450,2014-07-10
12011,12012,623,1,2014-07-10
12011,12012,3828,188,2014-07-10
12011,12012,11399,150,2014-07-10
12011,12012,11478,18,2014-07-10
12011,12012,11533,75,2014-07-10
12011,12012,11534,165,2014-07-10
12011,12012,11540,1350,2014-07-10
12011,12012,11544,5625,2014-07-10
12011,12012,11550,45,2014-07-10
12011,12012,11552,600,2014-07-10
12011,12012,11558,450,2014-07-10
12013,12014,629,1,2014-07-10
12013,12014,3828,188,2014-07-10
12013,12014,11399,150,2014-07-10
12013,12014,11478,21,2014-07-10
12013,12014,11530,105,2014-07-10
12013,12014,11536,180,2014-07-10
12013,12014,11538,2970,2014-07-10
12013,12014,11542,6750,2014-07-10
12013,12014,11548,53,2014-07-10
12013,12014,11551,660,2014-07-10
12013,12014,11555,413,2014-07-10
12015,12016,629,1,2014-07-10
12015,12016,3828,188,2014-07-10
12015,12016,11399,150,2014-07-10
12015,12016,11478,18,2014-07-10
12015,12016,11530,75,2014-07-10
12015,12016,11536,165,2014-07-10
12015,12016,11538,1350,2014-07-10
12015,12016,11542,5625,2014-07-10
12015,12016,11548,45,2014-07-10
12015,12016,11551,600,2014-07-10
12015,12016,11555,450,2014-07-10
12017,12018,624,1,2014-07-10
12017,12018,3828,188,2014-07-10
12017,12018,11399,150,2014-07-10
12017,12018,11478,21,2014-07-10
12017,12018,11532,105,2014-07-10
12017,12018,11537,180,2014-07-10
12017,12018,11539,2970,2014-07-10
12017,12018,11543,6750,2014-07-10
12017,12018,11549,53,2014-07-10
12017,12018,11554,660,2014-07-10
12017,12018,11557,413,2014-07-10
12019,12020,624,1,2014-07-10
12019,12020,3828,188,2014-07-10
12019,12020,11399,150,2014-07-10
12019,12020,11478,18,2014-07-10
12019,12020,11532,75,2014-07-10
12019,12020,11537,165,2014-07-10
12019,12020,11539,1350,2014-07-10
12019,12020,11543,5625,2014-07-10
12019,12020,11549,45,2014-07-10
12019,12020,11554,600,2014-07-10
12019,12020,11557,450,2014-07-10
12021,12022,627,1,2014-07-10
12021,12022,3828,188,2014-07-10
12021,12022,11399,150,2014-07-10
12021,12022,11478,21,2014-07-10
12021,12022,11531,105,2014-07-10
12021,12022,11535,180,2014-07-10
12021,12022,11541,2970,2014-07-10
12021,12022,11545,6750,2014-07-10
12021,12022,11547,53,2014-07-10
12021,12022,11553,660,2014-07-10
12021,12022,11556,413,2014-07-10
12023,12024,627,1,2014-07-10
12023,12024,3828,188,2014-07-10
12023,12024,11399,150,2014-07-10
12023,12024,11478,18,2014-07-10
12023,12024,11531,75,2014-07-10
12023,12024,11535,165,2014-07-10
12023,12024,11541,1350,2014-07-10
12023,12024,11545,5625,2014-07-10
12023,12024,11547,45,2014-07-10
12023,12024,11553,600,2014-07-10
12023,12024,11556,450,2014-07-10
12032,12031,40,4,2014-07-10
12032,12031,602,1,2014-07-10
12032,12031,3828,30,2014-07-10
12032,12031,11399,38,2014-07-10
12032,12031,11478,3,2014-07-10
12032,12031,11533,30,2014-07-10
12032,12031,11534,60,2014-07-10
12032,12031,11540,180,2014-07-10
12032,12031,11544,300,2014-07-10
12032,12031,11550,6,2014-07-10
12032,12031,11552,60,2014-07-10
12032,12031,11558,15,2014-07-10
12034,12035,598,1,2014-07-10
12034,12035,3828,30,2014-07-10
12034,12035,11399,38,2014-07-10
12034,12035,11478,3,2014-07-10
12034,12035,11530,30,2014-07-10
12034,12035,11536,60,2014-07-10
12034,12035,11538,180,2014-07-10
12034,12035,11542,300,2014-07-10
12034,12035,11548,6,2014-07-10
12034,12035,11551,60,2014-07-10
12034,12035,11555,15,2014-07-10
12036,12037,598,1,2014-07-10
12036,12037,3828,22,2014-07-10
12036,12037,11399,39,2014-07-10
12036,12037,11478,1,2014-07-10
12036,12037,11530,33,2014-07-10
12036,12037,11536,56,2014-07-10
12036,12037,11538,39,2014-07-10
12036,12037,11542,28,2014-07-10
12036,12037,11548,28,2014-07-10
12036,12037,11551,22,2014-07-10
12036,12037,11555,22,2014-07-10
12038,12041,590,1,2014-07-10
12038,12041,3828,30,2014-07-10
12038,12041,11399,38,2014-07-10
12038,12041,11478,3,2014-07-10
12038,12041,11532,30,2014-07-10
12038,12041,11537,60,2014-07-10
12038,12041,11539,180,2014-07-10
12038,12041,11543,300,2014-07-10
12038,12041,11549,6,2014-07-10
12038,12041,11554,60,2014-07-10
12038,12041,11557,15,2014-07-10
12042,12043,40,6,2014-07-10
12042,12043,594,1,2014-07-10
12042,12043,3828,38,2014-07-10
12042,12043,11399,45,2014-07-10
12042,12043,11478,6,2014-07-10
12042,12043,11531,30,2014-07-10
12042,12043,11535,30,2014-07-10
12042,12043,11541,135,2014-07-10
12042,12043,11545,900,2014-07-10
12042,12043,11547,8,2014-07-10
12042,12043,11553,90,2014-07-10
12042,12043,11556,30,2014-07-10
12044,12045,40,4,2014-07-10
12044,12045,594,1,2014-07-10
12044,12045,3828,38,2014-07-10
12044,12045,11399,45,2014-07-10
12044,12045,11478,6,2014-07-10
12044,12045,11531,23,2014-07-10
12044,12045,11535,30,2014-07-10
12044,12045,11541,135,2014-07-10
12044,12045,11545,750,2014-07-10
12044,12045,11547,8,2014-07-10
12044,12045,11553,90,2014-07-10
12044,12045,11556,30,2014-07-10
12052,12053,34,17367,2014-07-10
12052,12053,35,14709,2014-07-10
12052,12053,36,68,2014-07-10
12052,12053,37,1,2014-07-10
12052,12053,38,1,2014-07-10
12052,12053,39,1,2014-07-10
12052,12053,40,2,2014-07-10
12054,12055,34,63753,2014-07-10
12054,12055,35,16381,2014-07-10
12054,12055,36,4321,2014-07-10
12054,12055,37,1006,2014-07-10
12054,12055,38,308,2014-07-10
12054,12055,39,56,2014-07-10
12054,12055,40,10,2014-07-10
12056,12057,34,3818,2014-07-10
12056,12057,35,3477,2014-07-10
12056,12057,36,3,2014-07-10
12056,12057,37,2,2014-07-10
12058,12059,11399,6,2014-07-10
12058,12059,11475,2,2014-07-10
12058,12059,11530,6,2014-07-10
12058,12059,11531,15,2014-07-10
12058,12059,11549,8,2014-07-10
12058,12059,12056,1,2014-07-10
12066,12067,34,19884,2014-07-10
12066,12067,35,8922,2014-07-10
12066,12067,36,1113,2014-07-10
12066,12067,37,49,2014-07-10
12066,12067,38,24,2014-07-10
12066,12067,39,2,2014-07-10
12066,12067,40,1,2014-07-10
12068,12069,11399,12,2014-07-10
12068,12069,11475,2,2014-07-10
12068,12069,11530,12,2014-07-10
12068,12069,11531,15,2014-07-10
12068,12069,11549,8,2014-07-10
12068,12069,12066,1,2014-07-10
12076,12077,11399,33,2014-07-10
12076,12077,11475,2,2014-07-10
12076,12077,11530,48,2014-07-10
12076,12077,11531,15,2014-07-10
12076,12077,11549,8,2014-07-10
12076,12077,12052,1,2014-07-10
12084,12085,11399,75,2014-07-10
12084,12085,11475,2,2014-07-10
12084,12085,11530,96,2014-07-10
12084,12085,11531,15,2014-07-10
12084,12085,11549,8,2014-07-10
12084,12085,12054,1,2014-07-10
12102,12103,9838,45,2014-07-10
12102,12103,11399,14,2014-07-10
12102,12103,11482,2,2014-07-10
12102,12103,11539,14,2014-07-10
12102,12103,11554,23,2014-07-10
12102,12103,12225,1,2014-07-10
11577,12104,11370,1,2014-07-10
11577,12104,11399,4,2014-07-10
11577,12104,11483,2,2014-07-10
11577,12104,11541,15,2014-07-10
11577,12104,11693,15,2014-07-10
11578,12105,9840,16,2014-07-10
11578,12105,9842,16,2014-07-10
11578,12105,11370,1,2014-07-10
11578,12105,11399,19,2014-07-10
11578,12105,11483,2,2014-07-10
11578,12105,11541,33,2014-07-10
11578,12105,11693,26,2014-07-10
12108,12109,34,7547,2014-07-10
12108,12109,35,3947,2014-07-10
12108,12109,36,2250,2014-07-10
12108,12109,37,1667,2014-07-10
12108,12109,38,111,2014-07-10
12108,12109,3687,3,2014-07-10
12108,12109,3689,2,2014-07-10
12217,12218,34,16271,2014-07-10
12217,12218,35,2127,2014-07-10
12217,12218,38,8,2014-07-10
12217,12218,40,3,2014-07-10
12219,12220,34,2201418,2014-07-10
12219,12220,35,434123,2014-07-10
12219,12220,36,110079,2014-07-10
12219,12220,37,45664,2014-07-10
12219,12220,38,7656,2014-07-10
12219,12220,39,1134,2014-07-10
12219,12220,40,764,2014-07-10
12221,12222,9838,23,2014-07-10
12221,12222,11399,9,2014-07-10
12221,12222,11482,2,2014-07-10
12221,12222,11539,9,2014-07-10
12221,12222,11554,15,2014-07-10
12221,12222,12217,1,2014-07-10
12223,12224,9838,38,2014-07-10
12223,12224,11482,2,2014-07-10
12223,12224,11539,18,2014-07-10
12223,12224,11554,60,2014-07-10
12223,12224,12219,1,2014-07-10
12225,12226,34,35778,2014-07-10
12225,12226,35,4679,2014-07-10
12225,12226,38,17,2014-07-10
12225,12226,40,8,2014-07-10
12257,12258,34,4547,2014-07-10
12257,12258,35,3208,2014-07-10
12257,12258,36,274,2014-07-10
12257,12258,37,592,2014-07-10
12257,12258,40,12,2014-07-10
12259,12260,9838,30,2014-07-10
12259,12260,11399,12,2014-07-10
12259,12260,11482,2,2014-07-10
12259,12260,11539,15,2014-07-10
12259,12260,11554,38,2014-07-10
12259,12260,12257,1,2014-07-10
12261,12262,34,12169,2014-07-10
12261,12262,35,6778,2014-07-10
12261,12262,36,1099,2014-07-10
12261,12262,37,3276,2014-07-10
12261,12262,40,69,2014-07-10
12263,12264,9838,45,2014-07-10
12263,12264,11399,24,2014-07-10
12263,12264,11482,2,2014-07-10
12263,12264,11539,30,2014-07-10
12263,12264,11554,53,2014-07-10
12263,12264,12261,1,2014-07-10
12265,12266,34,1484,2014-07-10
12265,12266,35,211,2014-07-10
12265,12266,36,397,2014-07-10
12265,12266,37,198,2014-07-10
12265,12266,39,20,2014-07-10
12265,12266,40,3,2014-07-10
12267,12268,9838,23,2014-07-10
12267,12268,11482,2,2014-07-10
12267,12268,11539,15,2014-07-10
12267,12268,11554,30,2014-07-10
12267,12268,12265,1,2014-07-10
12269,12270,34,1486,2014-07-10
12269,12270,35,1486,2014-07-10
12269,12270,36,1486,2014-07-10
12269,12270,37,1486,2014-07-10
12269,12270,39,50,2014-07-10
12269,12270,40,24,2014-07-10
12271,12272,9838,30,2014-07-10
12271,12272,11482,2,2014-07-10
12271,12272,11539,23,2014-07-10
12271,12272,11554,45,2014-07-10
12271,12272,12269,1,2014-07-10
12274,12275,34,1351,2014-07-10
12274,12275,36,636,2014-07-10
12274,12275,37,4,2014-07-10
12274,12275,39,7,2014-07-10
12274,12275,40,2,2014-07-10
12198,12297,34,15992,2014-07-10
12198,12297,35,4923,2014-07-10
12198,12297,36,2237,2014-07-10
12198,12297,37,260,2014-07-10
12198,12297,38,197,2014-07-10
12198,12297,39,83,2014-07-10
12198,12297,40,22,2014-07-10
12198,12297,447,3,2014-07-10
12198,12297,3687,11,2014-07-10
12199,12300,34,66979,2014-07-10
12199,12300,35,21476,2014-07-10
12199,12300,36,10952,2014-07-10
12199,12300,37,2222,2014-07-10
12199,12300,38,787,2014-07-10
12199,12300,39,344,2014-07-10
12199,12300,40,89,2014-07-10
12199,12300,447,6,2014-07-10
12199,12300,3687,17,2014-07-10
12200,12301,34,275448,2014-07-10
12200,12301,35,90358,2014-07-10
12200,12301,36,48816,2014-07-10
12200,12301,37,11845,2014-07-10
12200,12301,38,3147,2014-07-10
12200,12301,39,1404,2014-07-10
12200,12301,40,356,2014-07-10
12200,12301,447,9,2014-07-10
12200,12301,3687,22,2014-07-10
12344,12345,34,4600,2014-07-10
12344,12345,35,1583,2014-07-10
12344,12345,36,1167,2014-07-10
12344,12345,37,63,2014-07-10
12344,12345,38,50,2014-07-10
12344,12345,39,9,2014-07-10
12346,12347,9848,3,2014-07-10
12346,12347,11399,5,2014-07-10
12346,12347,11486,2,2014-07-10
12346,12347,11690,12,2014-07-10
12346,12347,12344,1,2014-07-10
12354,12355,34,77413,2014-07-10
12354,12355,35,19793,2014-07-10
12354,12355,36,5731,2014-07-10
12354,12355,37,1206,2014-07-10
12354,12355,38,343,2014-07-10
12354,12355,39,103,2014-07-10
12354,12355,40,9,2014-07-10
12356,12357,9848,10,2014-07-10
12356,12357,11399,33,2014-07-10
12356,12357,11486,2,2014-07-10
12356,12357,11690,23,2014-07-10
12356,12357,12354,1,2014-07-10
12552,12553,35,8,2014-07-10
12552,12553,37,3,2014-07-10
12552,12553,38,1,2014-07-10
12552,12553,39,1,2014-07-10
12552,12553,11399,2,2014-07-10
12552,12553,11476,2,2014-07-10
12557,12558,34,342,2014-07-10
12557,12558,35,83,2014-07-10
12557,12558,37,27,2014-07-10
12557,12558,38,40,2014-07-10
12557,12558,39,13,2014-07-10
12557,12558,40,2,2014-07-10
12557,12558,11399,2,2014-07-10
12557,12558,11476,2,2014-07-10
12557,12558,16672,261,2014-07-10
12557,12558,16679,45,2014-07-10
12559,12560,34,342,2014-07-10
12559,12560,35,83,2014-07-10
12559,12560,37,27,2014-07-10
12559,12560,38,40,2014-07-10
12559,12560,39,13,2014-07-10
12559,12560,40,2,2014-07-10
12559,12560,11399,2,2014-07-10
12559,12560,11476,2,2014-07-10
12559,12560,16672,261,2014-07-10
12559,12560,16679,45,2014-07-10
12561,12562,35,8,2014-07-10
12561,12562,37,3,2014-07-10
12561,12562,38,1,2014-07-10
12561,12562,39,1,2014-07-10
12561,12562,11399,2,2014-07-10
12561,12562,11476,2,2014-07-10
12563,12564,34,560,2014-07-10
12563,12564,35,56,2014-07-10
12563,12564,37,11,2014-07-10
12563,12564,38,28,2014-07-10
12563,12564,39,4,2014-07-10
12563,12564,40,1,2014-07-10
12563,12564,11399,2,2014-07-10
12563,12564,11476,2,2014-07-10
12563,12564,16672,108,2014-07-10
12563,12564,16679,45,2014-07-10
12565,12566,34,560,2014-07-10
12565,12566,35,56,2014-07-10
12565,12566,37,11,2014-07-10
12565,12566,38,28,2014-07-10
12565,12566,39,4,2014-07-10
12565,12566,40,1,2014-07-10
12565,12566,11399,2,2014-07-10
12565,12566,11476,2,2014-07-10
12565,12566,16672,108,2014-07-10
12565,12566,16679,45,2014-07-10
12608,12609,34,18,2014-07-10
12608,12609,36,18,2014-07-10
12608,12609,37,9,2014-07-10
12608,12609,38,3,2014-07-10
12608,12609,39,3,2014-07-10
12608,12609,40,2,2014-07-10
12608,12609,11399,2,2014-07-10
12608,12609,11476,2,2014-07-10
12608,12609,16673,300,2014-07-10
12608,12609,16679,120,2014-07-10
12610,12611,34,69,2014-07-10
12610,12611,35,76,2014-07-10
12610,12611,36,1,2014-07-10
12610,12611,11399,2,2014-07-10
12610,12611,11476,2,2014-07-10
12612,12613,34,1111,2014-07-10
12612,12613,35,2,2014-07-10
12612,12613,36,2,2014-07-10
12612,12613,39,13,2014-07-10
12612,12613,40,3,2014-07-10
12612,12613,11399,2,2014-07-10
12612,12613,11476,2,2014-07-10
12612,12613,16670,60,2014-07-10
12612,12613,16679,60,2014-07-10
12614,12615,34,1111,2014-07-10
12614,12615,35,2,2014-07-10
12614,12615,36,2,2014-07-10
12614,12615,39,13,2014-07-10
12614,12615,40,3,2014-07-10
12614,12615,11399,2,2014-07-10
12614,12615,11476,2,2014-07-10
12614,12615,16670,60,2014-07-10
12614,12615,16679,60,2014-07-10
12616,12617,34,69,2014-07-10
12616,12617,35,76,2014-07-10
12616,12617,36,1,2014-07-10
12616,12617,11399,2,2014-07-10
12616,12617,11476,2,2014-07-10
12618,12619,34,1667,2014-07-10
12618,12619,35,3,2014-07-10
12618,12619,36,3,2014-07-10
12618,12619,39,22,2014-07-10
12618,12619,40,7,2014-07-10
12618,12619,11399,2,2014-07-10
12618,12619,11476,2,2014-07-10
12618,12619,16671,150,2014-07-10
12618,12619,16679,75,2014-07-10
12620,12621,34,1667,2014-07-10
12620,12621,35,3,2014-07-10
12620,12621,36,3,2014-07-10
12620,12621,39,22,2014-07-10
12620,12621,40,7,2014-07-10
12620,12621,11399,2,2014-07-10
12620,12621,11476,2,2014-07-10
12620,12621,16671,150,2014-07-10
12620,12621,16679,75,2014-07-10
12625,12626,34,18,2014-07-10
12625,12626,36,18,2014-07-10
12625,12626,37,9,2014-07-10
12625,12626,38,3,2014-07-10
12625,12626,39,3,2014-07-10
12625,12626,40,2,2014-07-10
12625,12626,11399,2,2014-07-10
12625,12626,11476,2,2014-07-10
12625,12626,16673,300,2014-07-10
12625,12626,16679,120,2014-07-10
12627,12628,34,69,2014-07-10
12627,12628,35,76,2014-07-10
12627,12628,36,1,2014-07-10
12627,12628,11476,2,2014-07-10
12629,12630,34,69,2014-07-10
12629,12630,35,76,2014-07-10
12629,12630,36,1,2014-07-10
12629,12630,11399,2,2014-07-10
12629,12630,11476,2,2014-07-10
12631,12632,34,116,2014-07-10
12631,12632,36,28,2014-07-10
12631,12632,37,9,2014-07-10
12631,12632,38,4,2014-07-10
12631,12632,39,4,2014-07-10
12631,12632,40,1,2014-07-10
12631,12632,11399,3,2014-07-10
12631,12632,11476,2,2014-07-10
12631,12632,16673,600,2014-07-10
12631,12632,16679,150,2014-07-10
12633,12634,34,116,2014-07-10
12633,12634,36,28,2014-07-10
12633,12634,37,9,2014-07-10
12633,12634,38,4,2014-07-10
12633,12634,39,4,2014-07-10
12633,12634,40,1,2014-07-10
12633,12634,11399,3,2014-07-10
12633,12634,11476,2,2014-07-10
12633,12634,16673,600,2014-07-10
12633,12634,16679,150,2014-07-10
12709,12710,34,840,2014-07-10
12709,12710,35,183,2014-07-10
12709,12710,36,470,2014-07-10
12709,12710,37,4,2014-07-10
12709,12710,40,2,2014-07-10
12711,12712,34,71,2014-07-10
12711,12712,35,24,2014-07-10
12711,12712,36,1,2014-07-10
12713,12714,34,71,2014-07-10
12713,12714,35,24,2014-07-10
12713,12714,36,1,2014-07-10
12715,12716,34,71,2014-07-10
12715,12716,35,24,2014-07-10
12715,12716,36,1,2014-07-10
12717,12718,34,71,2014-07-10
12717,12718,35,24,2014-07-10
12717,12718,36,1,2014-07-10
12729,12730,648,1,2014-07-10
12729,12730,3828,113,2014-07-10
12729,12730,11399,60,2014-07-10
12729,12730,11478,11,2014-07-10
12729,12730,11533,113,2014-07-10
12729,12730,11534,90,2014-07-10
12729,12730,11540,1200,2014-07-10
12729,12730,11544,3000,2014-07-10
12729,12730,11550,38,2014-07-10
12729,12730,11552,225,2014-07-10
12729,12730,11558,150,2014-07-10
12731,12732,649,1,2014-07-10
12731,12732,3828,225,2014-07-10
12731,12732,11399,105,2014-07-10
12731,12732,11478,15,2014-07-10
12731,12732,11533,75,2014-07-10
12731,12732,11534,135,2014-07-10
12731,12732,11540,1800,2014-07-10
12731,12732,11544,5250,2014-07-10
12731,12732,11550,45,2014-07-10
12731,12732,11552,300,2014-07-10
12731,12732,11558,375,2014-07-10
12733,12734,3828,113,2014-07-10
12733,12734,11399,60,2014-07-10
12733,12734,11478,11,2014-07-10
12733,12734,11532,113,2014-07-10
12733,12734,11537,90,2014-07-10
12733,12734,11539,1200,2014-07-10
12733,12734,11543,3000,2014-07-10
12733,12734,11549,38,2014-07-10
12733,12734,11554,225,2014-07-10
12733,12734,11557,150,2014-07-10
12733,12734,19744,1,2014-07-10
12735,12736,653,1,2014-07-10
12735,12736,3828,113,2014-07-10
12735,12736,11399,60,2014-07-10
12735,12736,11478,11,2014-07-10
12735,12736,11530,113,2014-07-10
12735,12736,11536,90,2014-07-10
12735,12736,11538,1200,2014-07-10
12735,12736,11542,3000,2014-07-10
12735,12736,11548,38,2014-07-10
12735,12736,11551,225,2014-07-10
12735,12736,11555,150,2014-07-10
12743,12744,650,1,2014-07-10
12743,12744,3828,113,2014-07-10
12743,12744,11399,60,2014-07-10
12743,12744,11478,11,2014-07-10
12743,12744,11531,113,2014-07-10
12743,12744,11535,90,2014-07-10
12743,12744,11541,1200,2014-07-10
12743,12744,11545,3000,2014-07-10
12743,12744,11547,38,2014-07-10
12743,12744,11553,225,2014-07-10
12743,12744,11556,150,2014-07-10
12745,12746,655,1,2014-07-10
12745,12746,3828,225,2014-07-10
12745,12746,11399,105,2014-07-10
12745,12746,11478,15,2014-07-10
12745,12746,11531,75,2014-07-10
12745,12746,11535,135,2014-07-10
12745,12746,11541,1800,2014-07-10
12745,12746,11545,5250,2014-07-10
12745,12746,11547,45,2014-07-10
12745,12746,11553,300,2014-07-10
12745,12746,11556,375,2014-07-10
12747,12748,652,1,2014-07-10
12747,12748,3828,225,2014-07-10
12747,12748,11399,105,2014-07-10
12747,12748,11478,15,2014-07-10
12747,12748,11530,75,2014-07-10
12747,12748,11536,135,2014-07-10
12747,12748,11538,1800,2014-07-10
12747,12748,11542,5250,2014-07-10
12747,12748,11548,45,2014-07-10
12747,12748,11551,300,2014-07-10
12747,12748,11555,375,2014-07-10
12753,12754,1944,1,2014-07-10
12753,12754,3828,225,2014-07-10
12753,12754,11399,105,2014-07-10
12753,12754,11478,15,2014-07-10
12753,12754,11532,75,2014-07-10
12753,12754,11537,135,2014-07-10
12753,12754,11539,1800,2014-07-10
12753,12754,11543,5250,2014-07-10
12753,12754,11549,45,2014-07-10
12753,12754,11554,300,2014-07-10
12753,12754,11557,375,2014-07-10
12761,12762,34,1156,2014-07-10
12761,12762,36,278,2014-07-10
12761,12762,37,89,2014-07-10
12761,12762,38,44,2014-07-10
12761,12762,39,44,2014-07-10
12761,12762,40,11,2014-07-10
12761,12762,11399,30,2014-07-10
12761,12762,11476,2,2014-07-10
12761,12762,16673,6000,2014-07-10
12761,12762,16679,1500,2014-07-10
12763,12764,34,69,2014-07-10
12763,12764,35,76,2014-07-10
12763,12764,36,1,2014-07-10
12763,12764,11399,2,2014-07-10
12763,12764,11476,2,2014-07-10
12765,12766,34,1156,2014-07-10
12765,12766,36,278,2014-07-10
12765,12766,37,89,2014-07-10
12765,12766,38,44,2014-07-10
12765,12766,39,44,2014-07-10
12765,12766,40,11,2014-07-10
12765,12766,11399,30,2014-07-10
12765,12766,11476,2,2014-07-10
12765,12766,16673,6000,2014-07-10
12765,12766,16679,1500,2014-07-10
12767,12768,34,462,2014-07-10
12767,12768,36,111,2014-07-10
12767,12768,37,36,2014-07-10
12767,12768,38,18,2014-07-10
12767,12768,39,18,2014-07-10
12767,12768,40,4,2014-07-10
12767,12768,11399,12,2014-07-10
12767,12768,11476,2,2014-07-10
12767,12768,16673,2400,2014-07-10
12767,12768,16679,600,2014-07-10
12769,12770,34,69,2014-07-10
12769,12770,35,76,2014-07-10
12769,12770,36,1,2014-07-10
12769,12770,11399,2,2014-07-10
12769,12770,11476,2,2014-07-10
12771,12772,34,462,2014-07-10
12771,12772,36,111,2014-07-10
12771,12772,37,36,2014-07-10
12771,12772,38,18,2014-07-10
12771,12772,39,18,2014-07-10
12771,12772,40,4,2014-07-10
12771,12772,11399,12,2014-07-10
12771,12772,11476,2,2014-07-10
12771,12772,16673,2400,2014-07-10
12771,12772,16679,600,2014-07-10
12773,12774,34,71,2014-07-10
12773,12774,36,71,2014-07-10
12773,12774,37,36,2014-07-10
12773,12774,38,13,2014-07-10
12773,12774,39,13,2014-07-10
12773,12774,40,9,2014-07-10
12773,12774,11399,6,2014-07-10
12773,12774,11476,2,2014-07-10
12773,12774,16673,1200,2014-07-10
12773,12774,16679,480,2014-07-10
12775,12776,34,178,2014-07-10
12775,12776,36,178,2014-07-10
12775,12776,37,89,2014-07-10
12775,12776,38,33,2014-07-10
12775,12776,39,33,2014-07-10
12775,12776,40,22,2014-07-10
12775,12776,11399,15,2014-07-10
12775,12776,11476,2,2014-07-10
12775,12776,16673,3000,2014-07-10
12775,12776,16679,1200,2014-07-10
12777,12778,34,71,2014-07-10
12777,12778,36,71,2014-07-10
12777,12778,37,36,2014-07-10
12777,12778,38,13,2014-07-10
12777,12778,39,13,2014-07-10
12777,12778,40,9,2014-07-10
12777,12778,11399,6,2014-07-10
12777,12778,11476,2,2014-07-10
12777,12778,16673,1200,2014-07-10
12777,12778,16679,480,2014-07-10
12779,12780,34,178,2014-07-10
12779,12780,36,178,2014-07-10
12779,12780,37,89,2014-07-10
12779,12780,38,33,2014-07-10
12779,12780,39,33,2014-07-10
12779,12780,40,22,2014-07-10
12779,12780,11399,15,2014-07-10
12779,12780,11476,2,2014-07-10
12779,12780,16673,3000,2014-07-10
12779,12780,16679,1200,2014-07-10
12781,12782,34,69,2014-07-10
12781,12782,35,76,2014-07-10
12781,12782,36,1,2014-07-10
12781,12782,11399,2,2014-07-10
12781,12782,11476,2,2014-07-10
12783,12784,34,69,2014-07-10
12783,12784,35,76,2014-07-10
12783,12784,36,1,2014-07-10
12783,12784,11399,2,2014-07-10
12783,12784,11476,2,2014-07-10
12785,12786,34,4444,2014-07-10
12785,12786,35,9,2014-07-10
12785,12786,36,9,2014-07-10
12785,12786,39,53,2014-07-10
12785,12786,40,13,2014-07-10
12785,12786,11399,6,2014-07-10
12785,12786,11476,2,2014-07-10
12785,12786,16670,240,2014-07-10
12785,12786,16679,240,2014-07-10
12787,12788,34,11111,2014-07-10
12787,12788,35,22,2014-07-10
12787,12788,36,22,2014-07-10
12787,12788,39,133,2014-07-10
12787,12788,40,33,2014-07-10
12787,12788,11399,15,2014-07-10
12787,12788,11476,2,2014-07-10
12787,12788,16670,600,2014-07-10
12787,12788,16679,600,2014-07-10
12789,12790,34,4444,2014-07-10
12789,12790,35,9,2014-07-10
12789,12790,36,9,2014-07-10
12789,12790,39,53,2014-07-10
12789,12790,40,13,2014-07-10
12789,12790,11399,6,2014-07-10
12789,12790,11476,2,2014-07-10
12789,12790,16670,240,2014-07-10
12789,12790,16679,240,2014-07-10
12791,12792,34,11111,2014-07-10
12791,12792,35,22,2014-07-10
12791,12792,36,22,2014-07-10
12791,12792,39,133,2014-07-10
12791,12792,40,33,2014-07-10
12791,12792,11399,15,2014-07-10
12791,12792,11476,2,2014-07-10
12791,12792,16670,600,2014-07-10
12791,12792,16679,600,2014-07-10
12793,12794,34,69,2014-07-10
12793,12794,35,76,2014-07-10
12793,12794,36,1,2014-07-10
12793,12794,11399,2,2014-07-10
12793,12794,11476,2,2014-07-10
12795,12796,34,69,2014-07-10
12795,12796,35,76,2014-07-10
12795,12796,36,1,2014-07-10
12795,12796,11399,2,2014-07-10
12795,12796,11476,2,2014-07-10
12797,12798,34,69,2014-07-10
12797,12798,35,76,2014-07-10
12797,12798,36,1,2014-07-10
12797,12798,11399,2,2014-07-10
12797,12798,11476,2,2014-07-10
12799,12800,34,69,2014-07-10
12799,12800,35,76,2014-07-10
12799,12800,36,1,2014-07-10
12799,12800,11399,2,2014-07-10
12799,12800,11476,2,2014-07-10
12801,12802,34,6667,2014-07-10
12801,12802,35,13,2014-07-10
12801,12802,36,13,2014-07-10
12801,12802,39,89,2014-07-10
12801,12802,40,27,2014-07-10
12801,12802,11399,6,2014-07-10
12801,12802,11476,2,2014-07-10
12801,12802,16671,600,2014-07-10
12801,12802,16679,300,2014-07-10
12803,12804,34,16667,2014-07-10
12803,12804,35,33,2014-07-10
12803,12804,36,33,2014-07-10
12803,12804,39,222,2014-07-10
12803,12804,40,67,2014-07-10
12803,12804,11399,15,2014-07-10
12803,12804,11476,2,2014-07-10
12803,12804,16671,1500,2014-07-10
12803,12804,16679,750,2014-07-10
12805,12806,34,6667,2014-07-10
12805,12806,35,13,2014-07-10
12805,12806,36,13,2014-07-10
12805,12806,39,89,2014-07-10
12805,12806,40,27,2014-07-10
12805,12806,11399,6,2014-07-10
12805,12806,11476,2,2014-07-10
12805,12806,16671,600,2014-07-10
12805,12806,16679,300,2014-07-10
12807,12808,34,16667,2014-07-10
12807,12808,35,33,2014-07-10
12807,12808,36,33,2014-07-10
12807,12808,39,222,2014-07-10
12807,12808,40,67,2014-07-10
12807,12808,11399,15,2014-07-10
12807,12808,11476,2,2014-07-10
12807,12808,16671,1500,2014-07-10
12807,12808,16679,750,2014-07-10
12810,12811,35,8,2014-07-10
12810,12811,37,3,2014-07-10
12810,12811,38,1,2014-07-10
12810,12811,39,1,2014-07-10
12810,12811,11399,2,2014-07-10
12810,12811,11476,2,2014-07-10
12812,12813,35,8,2014-07-10
12812,12813,37,3,2014-07-10
12812,12813,38,1,2014-07-10
12812,12813,39,1,2014-07-10
12812,12813,11399,2,2014-07-10
12812,12813,11476,2,2014-07-10
12814,12815,34,2240,2014-07-10
12814,12815,35,222,2014-07-10
12814,12815,37,44,2014-07-10
12814,12815,38,111,2014-07-10
12814,12815,39,18,2014-07-10
12814,12815,40,4,2014-07-10
12814,12815,11399,6,2014-07-10
12814,12815,11476,2,2014-07-10
12814,12815,16672,432,2014-07-10
12814,12815,16679,180,2014-07-10
12816,12817,34,5600,2014-07-10
12816,12817,35,556,2014-07-10
12816,12817,37,111,2014-07-10
12816,12817,38,278,2014-07-10
12816,12817,39,44,2014-07-10
12816,12817,40,11,2014-07-10
12816,12817,11399,15,2014-07-10
12816,12817,11476,2,2014-07-10
12816,12817,16672,1080,2014-07-10
12816,12817,16679,450,2014-07-10
12818,12819,34,2240,2014-07-10
12818,12819,35,222,2014-07-10
12818,12819,37,44,2014-07-10
12818,12819,38,111,2014-07-10
12818,12819,39,18,2014-07-10
12818,12819,40,4,2014-07-10
12818,12819,11399,6,2014-07-10
12818,12819,11476,2,2014-07-10
12818,12819,16672,432,2014-07-10
12818,12819,16679,180,2014-07-10
12820,12821,34,5600,2014-07-10
12820,12821,35,556,2014-07-10
12820,12821,37,111,2014-07-10
12820,12821,38,278,2014-07-10
12820,12821,39,44,2014-07-10
12820,12821,40,11,2014-07-10
12820,12821,11399,15,2014-07-10
12820,12821,11476,2,2014-07-10
12820,12821,16672,1080,2014-07-10
12820,12821,16679,450,2014-07-10
12822,12823,34,1369,2014-07-10
12822,12823,35,333,2014-07-10
12822,12823,37,107,2014-07-10
12822,12823,38,160,2014-07-10
12822,12823,39,53,2014-07-10
12822,12823,40,9,2014-07-10
12822,12823,11399,6,2014-07-10
12822,12823,11476,2,2014-07-10
12822,12823,16672,1044,2014-07-10
12822,12823,16679,180,2014-07-10
12824,12825,34,3422,2014-07-10
12824,12825,35,833,2014-07-10
12824,12825,37,267,2014-07-10
12824,12825,38,400,2014-07-10
12824,12825,39,133,2014-07-10
12824,12825,40,22,2014-07-10
12824,12825,11399,15,2014-07-10
12824,12825,11476,2,2014-07-10
12824,12825,16672,2610,2014-07-10
12824,12825,16679,450,2014-07-10
12826,12827,34,1369,2014-07-10
12826,12827,35,333,2014-07-10
12826,12827,37,107,2014-07-10
12826,12827,38,160,2014-07-10
12826,12827,39,53,2014-07-10
12826,12827,40,9,2014-07-10
12826,12827,11399,6,2014-07-10
12826,12827,11476,2,2014-07-10
12826,12827,16672,1044,2014-07-10
12826,12827,16679,180,2014-07-10
12828,12829,34,3422,2014-07-10
12828,12829,35,833,2014-07-10
12828,12829,37,267,2014-07-10
12828,12829,38,400,2014-07-10
12828,12829,39,133,2014-07-10
12828,12829,40,22,2014-07-10
12828,12829,11399,15,2014-07-10
12828,12829,11476,2,2014-07-10
12828,12829,16672,2610,2014-07-10
12828,12829,16679,450,2014-07-10
12830,12831,35,8,2014-07-10
12830,12831,37,3,2014-07-10
12830,12831,38,1,2014-07-10
12830,12831,39,1,2014-07-10
12830,12831,11399,2,2014-07-10
12830,12831,11476,2,2014-07-10
12832,12833,35,8,2014-07-10
12832,12833,37,3,2014-07-10
12832,12833,38,1,2014-07-10
12832,12833,39,1,2014-07-10
12832,12833,11399,2,2014-07-10
12832,12833,11476,2,2014-07-10
11370,13000,34,16253,2014-07-10
11370,13000,35,6353,2014-07-10
11370,13000,36,778,2014-07-10
11370,13000,37,460,2014-07-10
11370,13000,38,171,2014-07-10
11370,13000,39,67,2014-07-10
11370,13000,40,17,2014-07-10
11370,13000,2349,2,2014-07-10
11370,13000,2361,3,2014-07-10
11370,13000,9840,6,2014-07-10
11370,13000,9842,6,2014-07-10
11370,13000,11399,11,2014-07-10
11370,13000,11483,1,2014-07-10
13001,13002,530,1,2014-07-10
13001,13002,9838,8,2014-07-10
13001,13002,11399,6,2014-07-10
13001,13002,11482,2,2014-07-10
13001,13002,11539,8,2014-07-10
13001,13002,11554,15,2014-07-10
13003,13004,533,1,2014-07-10
13003,13004,9838,8,2014-07-10
13003,13004,11539,8,2014-07-10
13003,13004,11554,15,2014-07-10
13202,13203,34,8192044,2014-07-10
13202,13203,35,2048771,2014-07-10
13202,13203,36,513478,2014-07-10
13202,13203,37,128129,2014-07-10
13202,13203,38,31986,2014-07-10
13202,13203,39,7589,2014-07-10
13202,13203,40,2337,2014-07-10
13320,13321,34,92,2014-07-10
13320,13321,35,1007,2014-07-10
13320,13321,38,7,2014-07-10
13320,13321,39,2,2014-07-10
13320,13321,40,9,2014-07-10
15508,15509,34,2631,2014-07-10
15508,15509,35,542,2014-07-10
15508,15509,36,113,2014-07-10
15508,15509,39,2,2014-07-10
15510,15511,34,2724,2014-07-10
15510,15511,35,300,2014-07-10
15510,15511,36,187,2014-07-10
15510,15511,37,4,2014-07-10
15510,15511,38,4,2014-07-10
15675,15676,34,2398,2014-07-10
15675,15676,35,466,2014-07-10
15675,15676,36,179,2014-07-10
15675,15676,37,1,2014-07-10
15675,15676,38,4,2014-07-10
15677,15678,34,2398,2014-07-10
15677,15678,35,466,2014-07-10
15677,15678,36,179,2014-07-10
15677,15678,37,1,2014-07-10
15677,15678,38,4,2014-07-10
15681,15682,34,1351,2014-07-10
15681,15682,36,636,2014-07-10
15681,15682,37,4,2014-07-10
15681,15682,39,7,2014-07-10
15681,15682,40,2,2014-07-10
15683,15684,34,1351,2014-07-10
15683,15684,36,636,2014-07-10
15683,15684,37,4,2014-07-10
15683,15684,39,7,2014-07-10
15683,15684,40,2,2014-07-10
15685,15686,34,666,2014-07-10
15685,15686,35,502,2014-07-10
15685,15686,36,1,2014-07-10
15685,15686,37,1,2014-07-10
15687,15688,34,666,2014-07-10
15687,15688,35,502,2014-07-10
15687,15688,36,1,2014-07-10
15687,15688,37,1,2014-07-10
15689,15690,34,666,2014-07-10
15689,15690,35,502,2014-07-10
15689,15690,36,1,2014-07-10
15689,15690,37,1,2014-07-10
15691,15692,34,666,2014-07-10
15691,15692,35,502,2014-07-10
15691,15692,36,1,2014-07-10
15691,15692,37,1,2014-07-10
15693,15694,34,896,2014-07-10
15693,15694,35,698,2014-07-10
15693,15694,36,29,2014-07-10
15695,15696,34,666,2014-07-10
15695,15696,35,502,2014-07-10
15695,15696,36,1,2014-07-10
15695,15696,37,1,2014-07-10
15697,15698,34,666,2014-07-10
15697,15698,35,502,2014-07-10
15697,15698,36,1,2014-07-10
15697,15698,37,1,2014-07-10
15699,15700,34,666,2014-07-10
15699,15700,35,502,2014-07-10
15699,15700,36,1,2014-07-10
15699,15700,37,1,2014-07-10
15701,15702,34,666,2014-07-10
15701,15702,35,502,2014-07-10
15701,15702,36,1,2014-07-10
15701,15702,37,1,2014-07-10
15703,15704,34,896,2014-07-10
15703,15704,35,698,2014-07-10
15703,15704,36,29,2014-07-10
15705,15706,34,30893,2014-07-10
15705,15706,35,24221,2014-07-10
15705,15706,36,570,2014-07-10
15705,15706,37,18,2014-07-10
15705,15706,38,3,2014-07-10
15707,15708,34,38342,2014-07-10
15707,15708,35,30481,2014-07-10
15707,15708,37,2,2014-07-10
15707,15708,38,7,2014-07-10
15707,15708,40,1,2014-07-10
15709,15710,34,44036,2014-07-10
15709,15710,35,33816,2014-07-10
15709,15710,37,94,2014-07-10
15709,15710,38,13,2014-07-10
15709,15710,39,1,2014-07-10
15709,15710,40,1,2014-07-10
15711,15712,34,25649,2014-07-10
15711,15712,35,20583,2014-07-10
15711,15712,38,3,2014-07-10
15711,15712,39,2,2014-07-10
15713,15714,34,30893,2014-07-10
15713,15714,35,24221,2014-07-10
15713,15714,36,570,2014-07-10
15713,15714,37,18,2014-07-10
15713,15714,38,3,2014-07-10
15715,15716,34,38342,2014-07-10
15715,15716,35,30481,2014-07-10
15715,15716,37,2,2014-07-10
15715,15716,38,7,2014-07-10
15715,15716,40,1,2014-07-10
15717,15718,34,44036,2014-07-10
15717,15718,35,33816,2014-07-10
15717,15718,37,94,2014-07-10
15717,15718,38,13,2014-07-10
15717,15718,39,1,2014-07-10
15717,15718,40,1,2014-07-10
15719,15720,34,25649,2014-07-10
15719,15720,35,20583,2014-07-10
15719,15720,38,3,2014-07-10
15719,15720,39,2,2014-07-10
15721,15722,34,10178,2014-07-10
15721,15722,35,6494,2014-07-10
15721,15722,36,7,2014-07-10
15721,15722,38,3,2014-07-10
15721,15722,40,1,2014-07-10
15723,15724,34,10178,2014-07-10
15723,15724,35,6494,2014-07-10
15723,15724,36,7,2014-07-10
15723,15724,38,3,2014-07-10
15723,15724,40,1,2014-07-10
15725,15726,34,10178,2014-07-10
15725,15726,35,6494,2014-07-10
15725,15726,36,7,2014-07-10
15725,15726,38,3,2014-07-10
15725,15726,40,1,2014-07-10
15727,15728,34,10178,2014-07-10
15727,15728,35,6494,2014-07-10
15727,15728,36,7,2014-07-10
15727,15728,38,3,2014-07-10
15727,15728,40,1,2014-07-10
15729,15730,34,6013,2014-07-10
15729,15730,35,4514,2014-07-10
15729,15730,36,1612,2014-07-10
15729,15730,39,1,2014-07-10
15729,15730,40,1,2014-07-10
15731,15732,34,10178,2014-07-10
15731,15732,35,6494,2014-07-10
15731,15732,36,7,2014-07-10
15731,15732,38,3,2014-07-10
15731,15732,40,1,2014-07-10
15733,15734,34,10178,2014-07-10
15733,15734,35,6494,2014-07-10
15733,15734,36,7,2014-07-10
15733,15734,38,3,2014-07-10
15733,15734,40,1,2014-07-10
15735,15736,34,10178,2014-07-10
15735,15736,35,6494,2014-07-10
15735,15736,36,7,2014-07-10
15735,15736,38,3,2014-07-10
15735,15736,40,1,2014-07-10
15737,15738,34,10178,2014-07-10
15737,15738,35,6494,2014-07-10
15737,15738,36,7,2014-07-10
15737,15738,38,3,2014-07-10
15737,15738,40,1,2014-07-10
15739,15740,34,6013,2014-07-10
15739,15740,35,4514,2014-07-10
15739,15740,36,1612,2014-07-10
15739,15740,39,1,2014-07-10
15739,15740,40,1,2014-07-10
15747,15748,34,3967,2014-07-10
15747,15748,35,2131,2014-07-10
15747,15748,36,229,2014-07-10
15747,15748,37,13,2014-07-10
15747,15748,38,2,2014-07-10
15749,15750,34,708,2014-07-10
15749,15750,35,643,2014-07-10
15749,15750,36,1,2014-07-10
15749,15750,38,1,2014-07-10
15751,15752,34,17367,2014-07-10
15751,15752,35,14709,2014-07-10
15751,15752,36,68,2014-07-10
15751,15752,37,1,2014-07-10
15751,15752,38,1,2014-07-10
15751,15752,39,1,2014-07-10
15751,15752,40,2,2014-07-10
15753,15754,34,3818,2014-07-10
15753,15754,35,3477,2014-07-10
15753,15754,36,3,2014-07-10
15753,15754,37,2,2014-07-10
15755,15756,34,63753,2014-07-10
15755,15756,35,16381,2014-07-10
15755,15756,36,4321,2014-07-10
15755,15756,37,1006,2014-07-10
15755,15756,38,308,2014-07-10
15755,15756,39,56,2014-07-10
15755,15756,40,10,2014-07-10
15757,15758,34,19884,2014-07-10
15757,15758,35,8922,2014-07-10
15757,15758,36,1113,2014-07-10
15757,15758,37,49,2014-07-10
15757,15758,38,24,2014-07-10
15757,15758,39,2,2014-07-10
15757,15758,40,1,2014-07-10
15759,15760,34,3967,2014-07-10
15759,15760,35,2131,2014-07-10
15759,15760,36,229,2014-07-10
15759,15760,37,13,2014-07-10
15759,15760,38,2,2014-07-10
15761,15762,34,708,2014-07-10
15761,15762,35,643,2014-07-10
15761,15762,36,1,2014-07-10
15761,15762,38,1,2014-07-10
15764,15765,34,17367,2014-07-10
15764,15765,35,14709,2014-07-10
15764,15765,36,68,2014-07-10
15764,15765,37,1,2014-07-10
15764,15765,38,1,2014-07-10
15764,15765,39,1,2014-07-10
15764,15765,40,2,2014-07-10
15766,15767,34,3818,2014-07-10
15766,15767,35,3477,2014-07-10
15766,15767,36,3,2014-07-10
15766,15767,37,2,2014-07-10
15768,15769,34,63753,2014-07-10
15768,15769,35,16381,2014-07-10
15768,15769,36,4321,2014-07-10
15768,15769,37,1006,2014-07-10
15768,15769,38,308,2014-07-10
15768,15769,39,56,2014-07-10
15768,15769,40,10,2014-07-10
15770,15771,34,19884,2014-07-10
15770,15771,35,8922,2014-07-10
15770,15771,36,1113,2014-07-10
15770,15771,37,49,2014-07-10
15770,15771,38,24,2014-07-10
15770,15771,39,2,2014-07-10
15770,15771,40,1,2014-07-10
15772,15773,34,277,2014-07-10
15772,15773,38,6,2014-07-10
15772,15773,40,1,2014-07-10
15776,15777,34,242,2014-07-10
15776,15777,35,148,2014-07-10
15776,15777,36,569,2014-07-10
15776,15777,39,1,2014-07-10
15776,15777,40,1,2014-07-10
15778,15779,34,1677,2014-07-10
15778,15779,35,561,2014-07-10
15778,15779,36,488,2014-07-10
15778,15779,37,404,2014-07-10
15778,15779,38,6,2014-07-10
15780,15781,34,277,2014-07-10
15780,15781,38,6,2014-07-10
15780,15781,40,1,2014-07-10
15782,15783,34,616,2014-07-10
15782,15783,35,262,2014-07-10
15782,15783,36,52,2014-07-10
15784,15785,34,242,2014-07-10
15784,15785,35,148,2014-07-10
15784,15785,36,569,2014-07-10
15784,15785,39,1,2014-07-10
15784,15785,40,1,2014-07-10
15786,15787,34,1677,2014-07-10
15786,15787,35,561,2014-07-10
15786,15787,36,488,2014-07-10
15786,15787,37,404,2014-07-10
15786,15787,38,6,2014-07-10
15788,15789,34,763,2014-07-10
15788,15789,35,321,2014-07-10
15788,15789,36,412,2014-07-10
15788,15789,40,1,2014-07-10
15790,15791,34,16253,2014-07-10
15790,15791,35,6353,2014-07-10
15790,15791,36,778,2014-07-10
15790,15791,37,460,2014-07-10
15790,15791,38,171,2014-07-10
15790,15791,39,67,2014-07-10
15790,15791,40,17,2014-07-10
15792,15793,34,949,2014-07-10
15792,15793,40,1,2014-07-10
15794,15795,34,520,2014-07-10
15794,15795,35,39,2014-07-10
15794,15795,36,198,2014-07-10
15794,15795,37,96,2014-07-10
15794,15795,39,1,2014-07-10
15794,15795,40,1,2014-07-10
15796,15797,34,1484,2014-07-10
15796,15797,35,211,2014-07-10
15796,15797,36,397,2014-07-10
15796,15797,37,198,2014-07-10
15796,15797,39,20,2014-07-10
15796,15797,40,3,2014-07-10
15798,15799,34,1486,2014-07-10
15798,15799,35,1486,2014-07-10
15798,15799,36,1486,2014-07-10
15798,15799,37,1486,2014-07-10
15798,15799,39,50,2014-07-10
15798,15799,40,24,2014-07-10
15800,15801,34,520,2014-07-10
15800,15801,35,39,2014-07-10
15800,15801,36,198,2014-07-10
15800,15801,37,96,2014-07-10
15800,15801,39,1,2014-07-10
15800,15801,40,1,2014-07-10
15802,15803,34,1484,2014-07-10
15802,15803,35,211,2014-07-10
15802,15803,36,397,2014-07-10
15802,15803,37,198,2014-07-10
15802,15803,39,20,2014-07-10
15802,15803,40,3,2014-07-10
15804,15805,34,1486,2014-07-10
15804,15805,35,1486,2014-07-10
15804,15805,36,1486,2014-07-10
15804,15805,37,1486,2014-07-10
15804,15805,39,50,2014-07-10
15804,15805,40,24,2014-07-10
15806,15807,34,773,2014-07-10
15806,15807,35,491,2014-07-10
15806,15807,36,518,2014-07-10
15806,15807,37,3,2014-07-10
15806,15807,39,2,2014-07-10
15808,15809,34,676,2014-07-10
15808,15809,36,318,2014-07-10
15808,15809,37,2,2014-07-10
15808,15809,39,3,2014-07-10
15808,15809,40,1,2014-07-10
15810,15811,34,676,2014-07-10
15810,15811,36,318,2014-07-10
15810,15811,37,2,2014-07-10
15810,15811,39,3,2014-07-10
15810,15811,40,1,2014-07-10
15818,15819,34,77413,2014-07-10
15818,15819,35,19793,2014-07-10
15818,15819,36,5731,2014-07-10
15818,15819,37,1206,2014-07-10
15818,15819,38,343,2014-07-10
15818,15819,39,103,2014-07-10
15818,15819,40,9,2014-07-10
15821,15822,34,4600,2014-07-10
15821,15822,35,1583,2014-07-10
15821,15822,36,1167,2014-07-10
15821,15822,37,63,2014-07-10
15821,15822,38,50,2014-07-10
15821,15822,39,9,2014-07-10
15838,15839,34,77413,2014-07-10
15838,15839,35,19793,2014-07-10
15838,15839,36,5731,2014-07-10
15838,15839,37,1206,2014-07-10
15838,15839,38,343,2014-07-10
15838,15839,39,103,2014-07-10
15838,15839,40,9,2014-07-10
15841,15842,34,4600,2014-07-10
15841,15842,35,1583,2014-07-10
15841,15842,36,1167,2014-07-10
15841,15842,37,63,2014-07-10
15841,15842,38,50,2014-07-10
15841,15842,39,9,2014-07-10
15875,15876,34,2093,2014-07-10
15875,15876,35,1532,2014-07-10
15875,15876,36,22,2014-07-10
15875,15876,37,138,2014-07-10
15875,15876,40,1,2014-07-10
15877,15878,34,4547,2014-07-10
15877,15878,35,3208,2014-07-10
15877,15878,36,274,2014-07-10
15877,15878,37,592,2014-07-10
15877,15878,40,12,2014-07-10
15879,15880,34,12169,2014-07-10
15879,15880,35,6778,2014-07-10
15879,15880,36,1099,2014-07-10
15879,15880,37,3276,2014-07-10
15879,15880,40,69,2014-07-10
15881,15882,34,2093,2014-07-10
15881,15882,35,1532,2014-07-10
15881,15882,36,22,2014-07-10
15881,15882,37,138,2014-07-10
15881,15882,40,1,2014-07-10
15883,15884,34,4547,2014-07-10
15883,15884,35,3208,2014-07-10
15883,15884,36,274,2014-07-10
15883,15884,37,592,2014-07-10
15883,15884,40,12,2014-07-10
15885,15886,34,12169,2014-07-10
15885,15886,35,6778,2014-07-10
15885,15886,36,1099,2014-07-10
15885,15886,37,3276,2014-07-10
15885,15886,40,69,2014-07-10
15887,15888,34,502,2014-07-10
15887,15888,35,297,2014-07-10
15887,15888,36,334,2014-07-10
15887,15888,37,197,2014-07-10
15887,15888,39,2,2014-07-10
15889,15890,34,502,2014-07-10
15889,15890,35,297,2014-07-10
15889,15890,36,334,2014-07-10
15889,15890,37,197,2014-07-10
15889,15890,39,2,2014-07-10
15891,15892,34,502,2014-07-10
15891,15892,35,297,2014-07-10
15891,15892,36,334,2014-07-10
15891,15892,37,197,2014-07-10
15891,15892,39,2,2014-07-10
15893,15894,34,502,2014-07-10
15893,15894,35,297,2014-07-10
15893,15894,36,334,2014-07-10
15893,15894,37,197,2014-07-10
15893,15894,39,2,2014-07-10
15895,15896,34,8050,2014-07-10
15895,15896,35,1459,2014-07-10
15905,15906,35,23700,2014-07-10
15905,15906,36,574,2014-07-10
15905,15906,38,87,2014-07-10
15905,15906,40,17,2014-07-10
15907,15908,35,23700,2014-07-10
15907,15908,36,574,2014-07-10
15907,15908,38,87,2014-07-10
15907,15908,40,17,2014-07-10
15909,15910,34,2106,2014-07-10
15909,15910,35,2077,2014-07-10
15911,15912,34,2106,2014-07-10
15911,15912,35,2077,2014-07-10
15913,15914,34,2106,2014-07-10
15913,15914,35,2077,2014-07-10
15915,15916,34,2106,2014-07-10
15915,15916,35,2077,2014-07-10
15917,15918,34,2106,2014-07-10
15917,15918,35,2077,2014-07-10
15919,15920,34,2106,2014-07-10
15919,15920,35,2077,2014-07-10
15921,15922,34,2106,2014-07-10
15921,15922,35,2077,2014-07-10
15923,15924,34,2106,2014-07-10
15923,15924,35,2077,2014-07-10
15925,15926,34,6057,2014-07-10
15925,15926,35,4042,2014-07-10
15925,15926,38,3,2014-07-10
15925,15926,40,1,2014-07-10
15927,15928,34,2953,2014-07-10
15927,15928,35,944,2014-07-10
15927,15928,36,202,2014-07-10
15927,15928,39,1,2014-07-10
15929,15930,34,15541,2014-07-10
15929,15930,35,1318,2014-07-10
15929,15930,36,67,2014-07-10
15931,15932,34,40236,2014-07-10
15931,15932,35,33343,2014-07-10
15935,15936,34,6057,2014-07-10
15935,15936,35,4042,2014-07-10
15935,15936,38,3,2014-07-10
15935,15936,40,1,2014-07-10
15937,15938,34,15541,2014-07-10
15937,15938,35,1318,2014-07-10
15937,15938,36,67,2014-07-10
15939,15940,34,40236,2014-07-10
15939,15940,35,33343,2014-07-10
15941,15942,34,6057,2014-07-10
15941,15942,35,4042,2014-07-10
15941,15942,38,3,2014-07-10
15941,15942,40,1,2014-07-10
15945,15946,34,15541,2014-07-10
15945,15946,35,1318,2014-07-10
15945,15946,36,67,2014-07-10
15947,15948,34,40236,2014-07-10
15947,15948,35,33343,2014-07-10
15949,15950,34,6057,2014-07-10
15949,15950,35,4042,2014-07-10
15949,15950,38,3,2014-07-10
15949,15950,40,2,2014-07-10
15953,15954,34,15541,2014-07-10
15953,15954,35,1318,2014-07-10
15953,15954,36,67,2014-07-10
15955,15956,34,40236,2014-07-10
15955,15956,35,33343,2014-07-10
15957,15958,34,6057,2014-07-10
15957,15958,35,4042,2014-07-10
15957,15958,38,3,2014-07-10
15957,15958,40,1,2014-07-10
15959,15960,34,2953,2014-07-10
15959,15960,35,944,2014-07-10
15959,15960,36,202,2014-07-10
15959,15960,39,1,2014-07-10
15961,15962,34,15541,2014-07-10
15961,15962,35,1318,2014-07-10
15961,15962,36,67,2014-07-10
15963,15964,34,40236,2014-07-10
15963,15964,35,33343,2014-07-10
15965,15966,34,538,2014-07-10
15965,15966,35,88,2014-07-10
15965,15966,36,369,2014-07-10
15965,15966,37,1,2014-07-10
15965,15966,38,4,2014-07-10
15967,15968,34,3814,2014-07-10
15967,15968,35,3163,2014-07-10
15967,15968,36,3,2014-07-10
15967,15968,37,2,2014-07-10
2929,16029,496,1,2014-07-10
2929,16029,9848,3,2014-07-10
2929,16029,11399,35,2014-07-10
2929,16029,11486,2,2014-07-10
2929,16029,11691,24,2014-07-10
2881,16032,485,1,2014-07-10
2881,16032,9848,1,2014-07-10
2881,16032,11399,3,2014-07-10
2881,16032,11486,2,2014-07-10
2881,16032,11691,4,2014-07-10
16062,16063,34,122,2014-07-10
16062,16063,35,1342,2014-07-10
16062,16063,38,9,2014-07-10
16062,16063,39,2,2014-07-10
16062,16063,40,11,2014-07-10
16065,16066,34,556,2014-07-10
16065,16066,35,278,2014-07-10
16227,16228,34,2555556,2014-07-10
16227,16228,35,666667,2014-07-10
16227,16228,36,194444,2014-07-10
16227,16228,37,22222,2014-07-10
16227,16228,38,17222,2014-07-10
16227,16228,39,4222,2014-07-10
16227,16228,40,889,2014-07-10
16229,16230,34,3111111,2014-07-10
16229,16230,35,7e+05,2014-07-10
16229,16230,36,244444,2014-07-10
16229,16230,38,12778,2014-07-10
16229,16230,39,2444,2014-07-10
16229,16230,40,1444,2014-07-10
16231,16232,34,3222222,2014-07-10
16231,16232,35,766667,2014-07-10
16231,16232,36,188889,2014-07-10
16231,16232,37,58889,2014-07-10
16231,16232,39,3111,2014-07-10
16231,16232,40,1667,2014-07-10
16233,16234,34,4111111,2014-07-10
16233,16234,35,777778,2014-07-10
16233,16234,36,211111,2014-07-10
16233,16234,37,34444,2014-07-10
16233,16234,39,3000,2014-07-10
16233,16234,40,1111,2014-07-10
16236,16237,34,55860,2014-07-10
16236,16237,35,20333,2014-07-10
16236,16237,36,5413,2014-07-10
16236,16237,37,1137,2014-07-10
16236,16237,39,99,2014-07-10
16236,16237,40,20,2014-07-10
16238,16239,34,39253,2014-07-10
16238,16239,35,11863,2014-07-10
16238,16239,36,5107,2014-07-10
16238,16239,37,1070,2014-07-10
16238,16239,38,332,2014-07-10
16238,16239,39,107,2014-07-10
16238,16239,40,9,2014-07-10
16240,16241,34,52007,2014-07-10
16240,16241,35,14667,2014-07-10
16240,16241,36,6427,2014-07-10
16240,16241,38,269,2014-07-10
16240,16241,39,46,2014-07-10
16240,16241,40,27,2014-07-10
16242,16243,34,47907,2014-07-10
16242,16243,35,11483,2014-07-10
16242,16243,36,3977,2014-07-10
16242,16243,37,1757,2014-07-10
16242,16243,39,90,2014-07-10
16242,16243,40,13,2014-07-10
16278,16279,34,30710,2014-07-10
16278,16279,35,17250,2014-07-10
16278,16279,36,4921,2014-07-10
16278,16279,37,1527,2014-07-10
16278,16279,38,597,2014-07-10
16278,16279,39,150,2014-07-10
16278,16279,40,256,2014-07-10
11691,17322,16673,31,2014-07-10
11691,17322,16679,11,2014-07-10
11691,17322,16682,1,2014-07-10
11545,17323,16670,44,2014-07-10
11545,17323,16678,11,2014-07-10
11530,17324,16673,13,2014-07-10
11530,17324,16680,3,2014-07-10
11530,17324,16683,1,2014-07-10
11538,17325,16673,17,2014-07-10
11538,17325,16680,6,2014-07-10
11538,17325,16681,2,2014-07-10
11538,17325,33361,2,2014-07-10
11692,17326,16673,22,2014-07-10
11692,17326,16680,7,2014-07-10
11692,17326,16681,2,2014-07-10
11552,17327,16671,27,2014-07-10
11552,17327,16679,11,2014-07-10
11552,17327,16681,1,2014-07-10
11552,17327,33362,2,2014-07-10
11544,17328,16671,44,2014-07-10
11544,17328,16678,11,2014-07-10
11531,17329,16670,13,2014-07-10
11531,17329,16680,3,2014-07-10
11531,17329,16683,1,2014-07-10
11539,17330,16672,17,2014-07-10
11539,17330,16680,6,2014-07-10
11539,17330,16681,2,2014-07-10
11539,17330,33360,2,2014-07-10
11547,17331,16670,9,2014-07-10
11547,17331,17317,2,2014-07-10
11693,17332,16671,22,2014-07-10
11693,17332,16680,7,2014-07-10
11693,17332,16681,2,2014-07-10
11536,17333,16673,22,2014-07-10
11536,17333,16681,1,2014-07-10
11536,17333,16682,2,2014-07-10
11554,17334,16672,27,2014-07-10
11554,17334,16679,11,2014-07-10
11554,17334,16681,1,2014-07-10
11554,17334,33360,2,2014-07-10
11694,17335,16672,22,2014-07-10
11694,17335,16680,7,2014-07-10
11694,17335,16681,2,2014-07-10
11537,17336,16672,22,2014-07-10
11537,17336,16681,1,2014-07-10
11537,17336,16682,2,2014-07-10
11553,17337,16670,27,2014-07-10
11553,17337,16679,11,2014-07-10
11553,17337,16681,1,2014-07-10
11553,17337,33359,2,2014-07-10
11549,17338,16672,9,2014-07-10
11549,17338,17317,2,2014-07-10
11695,17339,16670,22,2014-07-10
11695,17339,16680,7,2014-07-10
11695,17339,16681,2,2014-07-10
11534,17340,16671,22,2014-07-10
11534,17340,16681,1,2014-07-10
11534,17340,16682,2,2014-07-10
11556,17341,16670,22,2014-07-10
11556,17341,16678,9,2014-07-10
11556,17341,16683,1,2014-07-10
11548,17342,16673,9,2014-07-10
11548,17342,17317,2,2014-07-10
11688,17344,16670,31,2014-07-10
11688,17344,16679,11,2014-07-10
11688,17344,16682,1,2014-07-10
11535,17345,16670,22,2014-07-10
11535,17345,16681,1,2014-07-10
11535,17345,16682,2,2014-07-10
11555,17346,16673,22,2014-07-10
11555,17346,16678,9,2014-07-10
11555,17346,16683,1,2014-07-10
11551,17347,16673,27,2014-07-10
11551,17347,16679,11,2014-07-10
11551,17347,16681,1,2014-07-10
11551,17347,33361,2,2014-07-10
11689,17348,16672,31,2014-07-10
11689,17348,16679,11,2014-07-10
11689,17348,16682,1,2014-07-10
11532,17349,16672,13,2014-07-10
11532,17349,16680,3,2014-07-10
11532,17349,16683,1,2014-07-10
11543,17350,16672,44,2014-07-10
11543,17350,16678,11,2014-07-10
11540,17351,16671,17,2014-07-10
11540,17351,16680,6,2014-07-10
11540,17351,16681,2,2014-07-10
11540,17351,33362,2,2014-07-10
11558,17352,16671,22,2014-07-10
11558,17352,16678,9,2014-07-10
11558,17352,16683,1,2014-07-10
11550,17353,16671,9,2014-07-10
11550,17353,17317,2,2014-07-10
11690,17354,16671,31,2014-07-10
11690,17354,16679,11,2014-07-10
11690,17354,16682,1,2014-07-10
11542,17355,16673,44,2014-07-10
11542,17355,16678,11,2014-07-10
11533,17356,16671,13,2014-07-10
11533,17356,16680,3,2014-07-10
11533,17356,16683,1,2014-07-10
11541,17357,16670,17,2014-07-10
11541,17357,16680,6,2014-07-10
11541,17357,16681,2,2014-07-10
11541,17357,33359,2,2014-07-10
11557,17359,16672,22,2014-07-10
11557,17359,16678,9,2014-07-10
11557,17359,16683,1,2014-07-10
17476,17477,34,2222222,2014-07-10
17476,17477,35,666667,2014-07-10
17476,17477,36,66667,2014-07-10
17476,17477,37,44444,2014-07-10
17476,17477,38,4444,2014-07-10
17476,17477,39,1111,2014-07-10
17476,17477,40,333,2014-07-10
17478,17479,34,1888889,2014-07-10
17478,17479,35,566667,2014-07-10
17478,17479,36,56667,2014-07-10
17478,17479,37,37778,2014-07-10
17478,17479,38,3778,2014-07-10
17478,17479,39,944,2014-07-10
17478,17479,40,283,2014-07-10
17480,17481,34,1555556,2014-07-10
17480,17481,35,466667,2014-07-10
17480,17481,36,46667,2014-07-10
17480,17481,37,31111,2014-07-10
17480,17481,38,3111,2014-07-10
17480,17481,39,778,2014-07-10
17480,17481,40,233,2014-07-10
17482,17483,34,24663,2014-07-10
17482,17483,35,19132,2014-07-10
17482,17483,36,7806,2014-07-10
17482,17483,38,1351,2014-07-10
17482,17483,40,264,2014-07-10
17485,17486,34,122,2014-07-10
17485,17486,35,1342,2014-07-10
17485,17486,38,9,2014-07-10
17485,17486,39,2,2014-07-10
17485,17486,40,11,2014-07-10
17488,17489,34,556,2014-07-10
17488,17489,35,278,2014-07-10
17500,17501,34,862,2014-07-10
17500,17501,35,792,2014-07-10
17500,17501,36,529,2014-07-10
17502,17503,34,25649,2014-07-10
17502,17503,35,20583,2014-07-10
17502,17503,38,3,2014-07-10
17502,17503,39,2,2014-07-10
17504,17505,34,44036,2014-07-10
17504,17505,35,33816,2014-07-10
17504,17505,37,94,2014-07-10
17504,17505,38,13,2014-07-10
17504,17505,39,1,2014-07-10
17504,17505,40,1,2014-07-10
17506,17507,34,38342,2014-07-10
17506,17507,35,30481,2014-07-10
17506,17507,37,2,2014-07-10
17506,17507,38,7,2014-07-10
17506,17507,40,1,2014-07-10
17508,17509,34,30893,2014-07-10
17508,17509,35,24221,2014-07-10
17508,17509,36,570,2014-07-10
17508,17509,37,18,2014-07-10
17508,17509,38,3,2014-07-10
17510,17511,34,1116,2014-07-10
17510,17511,35,861,2014-07-10
17510,17511,38,3,2014-07-10
17512,17513,34,666,2014-07-10
17512,17513,35,502,2014-07-10
17512,17513,36,1,2014-07-10
17512,17513,37,1,2014-07-10
17514,17515,34,896,2014-07-10
17514,17515,35,698,2014-07-10
17514,17515,36,29,2014-07-10
17516,17517,34,666,2014-07-10
17516,17517,35,502,2014-07-10
17516,17517,36,1,2014-07-10
17516,17517,37,1,2014-07-10
17518,17519,34,666,2014-07-10
17518,17519,35,502,2014-07-10
17518,17519,36,1,2014-07-10
17518,17519,37,1,2014-07-10
17520,17521,34,5030,2014-07-10
17520,17521,35,78,2014-07-10
17520,17521,37,2,2014-07-10
17522,17523,34,516,2014-07-10
17522,17523,35,67,2014-07-10
17522,17523,36,2,2014-07-10
17522,17523,37,73,2014-07-10
17524,17525,35,658,2014-07-10
17524,17525,36,2,2014-07-10
17524,17525,37,4,2014-07-10
17524,17525,38,1,2014-07-10
17524,17525,39,2,2014-07-10
17526,17527,34,763,2014-07-10
17526,17527,35,321,2014-07-10
17526,17527,36,412,2014-07-10
17526,17527,40,1,2014-07-10
17528,17529,34,1116,2014-07-10
17528,17529,35,861,2014-07-10
17528,17529,38,3,2014-07-10
17536,17537,34,6013,2014-07-10
17536,17537,35,4514,2014-07-10
17536,17537,36,1612,2014-07-10
17536,17537,39,1,2014-07-10
17536,17537,40,1,2014-07-10
17538,17539,34,10178,2014-07-10
17538,17539,35,6494,2014-07-10
17538,17539,36,7,2014-07-10
17538,17539,38,3,2014-07-10
17538,17539,40,1,2014-07-10
17540,17541,34,10178,2014-07-10
17540,17541,35,6494,2014-07-10
17540,17541,36,7,2014-07-10
17540,17541,38,3,2014-07-10
17540,17541,40,1,2014-07-10
17542,17543,34,10178,2014-07-10
17542,17543,35,6494,2014-07-10
17542,17543,36,7,2014-07-10
17542,17543,38,3,2014-07-10
17542,17543,40,1,2014-07-10
17544,17545,34,10178,2014-07-10
17544,17545,35,6494,2014-07-10
17544,17545,36,7,2014-07-10
17544,17545,38,3,2014-07-10
17544,17545,40,1,2014-07-10
17549,17550,34,896,2014-07-10
17549,17550,35,698,2014-07-10
17549,17550,36,29,2014-07-10
17551,17552,34,666,2014-07-10
17551,17552,35,502,2014-07-10
17551,17552,36,1,2014-07-10
17551,17552,37,1,2014-07-10
17553,17554,34,666,2014-07-10
17553,17554,35,502,2014-07-10
17553,17554,36,1,2014-07-10
17553,17554,37,1,2014-07-10
17555,17556,34,666,2014-07-10
17555,17556,35,502,2014-07-10
17555,17556,36,1,2014-07-10
17555,17556,37,1,2014-07-10
17557,17558,34,666,2014-07-10
17557,17558,35,502,2014-07-10
17557,17558,36,1,2014-07-10
17557,17558,37,1,2014-07-10
17559,17561,34,862,2014-07-10
17559,17561,35,792,2014-07-10
17559,17561,36,529,2014-07-10
17619,17620,34,21111,2014-07-10
17619,17620,35,9667,2014-07-10
17619,17620,36,3333,2014-07-10
17619,17620,37,611,2014-07-10
17619,17620,38,2,2014-07-10
17619,17620,39,6,2014-07-10
17619,17620,40,2,2014-07-10
17634,17635,34,622222,2014-07-10
17634,17635,35,155556,2014-07-10
17634,17635,36,46667,2014-07-10
17634,17635,37,10000,2014-07-10
17634,17635,38,2778,2014-07-10
17634,17635,39,611,2014-07-10
17634,17635,40,178,2014-07-10
17636,17637,34,10608667,2014-07-10
17636,17637,35,2652667,2014-07-10
17636,17637,36,664444,2014-07-10
17636,17637,37,165911,2014-07-10
17636,17637,38,41422,2014-07-10
17636,17637,39,9878,2014-07-10
17636,17637,40,3144,2014-07-10
17648,17649,34,17778,2014-07-10
17648,17649,35,1267,2014-07-10
17648,17649,36,889,2014-07-10
17648,17649,37,289,2014-07-10
17650,17651,34,5111,2014-07-10
17650,17651,35,4278,2014-07-10
17652,17653,34,2489,2014-07-10
17652,17653,35,1978,2014-07-10
17652,17653,37,11,2014-07-10
17654,17655,34,4578,2014-07-10
17654,17655,35,5800,2014-07-10
17656,17657,34,15289,2014-07-10
17656,17657,36,889,2014-07-10
17656,17657,37,233,2014-07-10
17658,17659,34,10400,2014-07-10
17658,17659,35,1556,2014-07-10
17658,17659,36,1044,2014-07-10
17660,17661,34,5200,2014-07-10
17660,17661,35,1000,2014-07-10
17660,17661,36,22,2014-07-10
17660,17661,37,22,2014-07-10
17660,17661,38,22,2014-07-10
17662,17663,34,12356,2014-07-10
17662,17663,35,2233,2014-07-10
17662,17663,36,1100,2014-07-10
17664,17665,34,2489,2014-07-10
17664,17665,35,1978,2014-07-10
17664,17665,37,11,2014-07-10
17666,17667,34,4578,2014-07-10
17666,17667,35,5800,2014-07-10
17668,17669,34,17778,2014-07-10
17668,17669,35,1267,2014-07-10
17668,17669,36,889,2014-07-10
17668,17669,37,289,2014-07-10
17670,17671,34,12356,2014-07-10
17670,17671,35,2233,2014-07-10
17670,17671,36,1100,2014-07-10
17672,17673,34,5200,2014-07-10
17672,17673,35,1000,2014-07-10
17672,17673,36,22,2014-07-10
17672,17673,37,22,2014-07-10
17672,17673,38,22,2014-07-10
17674,17675,34,15289,2014-07-10
17674,17675,36,889,2014-07-10
17674,17675,37,233,2014-07-10
17676,17677,34,5111,2014-07-10
17676,17677,35,4278,2014-07-10
17678,17679,34,10400,2014-07-10
17678,17679,35,1556,2014-07-10
17678,17679,36,1044,2014-07-10
17680,17681,35,511,2014-07-10
17680,17681,36,22,2014-07-10
17680,17681,37,33,2014-07-10
17680,17681,38,200,2014-07-10
17680,17681,39,67,2014-07-10
17680,17681,40,444,2014-07-10
17682,17683,35,89,2014-07-10
17682,17683,36,1100,2014-07-10
17682,17683,37,44,2014-07-10
17682,17683,38,44,2014-07-10
17682,17683,39,22,2014-07-10
17682,17683,40,122,2014-07-10
17684,17685,36,867,2014-07-10
17684,17685,37,33,2014-07-10
17684,17685,38,11,2014-07-10
17684,17685,39,89,2014-07-10
17684,17685,40,244,2014-07-10
17686,17687,35,356,2014-07-10
17686,17687,36,44,2014-07-10
17686,17687,37,244,2014-07-10
17686,17687,38,33,2014-07-10
17686,17687,39,144,2014-07-10
17686,17687,40,500,2014-07-10
17688,17689,34,133,2014-07-10
17688,17689,35,56,2014-07-10
17688,17689,36,56,2014-07-10
17688,17689,37,467,2014-07-10
17688,17689,38,167,2014-07-10
17688,17689,39,89,2014-07-10
17688,17689,40,367,2014-07-10
17690,17691,35,567,2014-07-10
17690,17691,36,550,2014-07-10
17690,17691,37,33,2014-07-10
17690,17691,38,39,2014-07-10
17690,17691,39,33,2014-07-10
17690,17691,40,156,2014-07-10
17692,17693,35,1044,2014-07-10
17692,17693,37,22,2014-07-10
17692,17693,38,33,2014-07-10
17692,17693,39,44,2014-07-10
17692,17693,40,189,2014-07-10
17694,17695,35,22,2014-07-10
17694,17695,36,667,2014-07-10
17694,17695,37,200,2014-07-10
17694,17695,38,44,2014-07-10
17694,17695,39,167,2014-07-10
17694,17695,40,289,2014-07-10
17703,17704,34,23333,2014-07-10
17703,17704,35,9444,2014-07-10
17703,17704,36,3222,2014-07-10
17703,17704,37,600,2014-07-10
17703,17704,38,2,2014-07-10
17703,17704,39,2,2014-07-10
17703,17704,40,2,2014-07-10
17705,17706,34,21071,2014-07-10
17705,17706,35,9382,2014-07-10
17705,17706,36,3127,2014-07-10
17705,17706,37,590,2014-07-10
17705,17706,38,2,2014-07-10
17705,17706,39,2,2014-07-10
17705,17706,40,2,2014-07-10
17707,17708,34,21071,2014-07-10
17707,17708,35,9382,2014-07-10
17707,17708,36,3127,2014-07-10
17707,17708,37,590,2014-07-10
17707,17708,38,2,2014-07-10
17707,17708,39,2,2014-07-10
17707,17708,40,2,2014-07-10
17709,17710,34,611111,2014-07-10
17709,17710,35,155556,2014-07-10
17709,17710,36,51111,2014-07-10
17709,17710,37,10556,2014-07-10
17709,17710,38,2556,2014-07-10
17709,17710,39,556,2014-07-10
17709,17710,40,139,2014-07-10
17713,17714,34,622222,2014-07-10
17713,17714,35,177778,2014-07-10
17713,17714,36,47778,2014-07-10
17713,17714,37,9667,2014-07-10
17713,17714,38,2444,2014-07-10
17713,17714,39,600,2014-07-10
17713,17714,40,178,2014-07-10
17715,17716,34,614356,2014-07-10
17715,17716,35,154233,2014-07-10
17715,17716,36,39907,2014-07-10
17715,17716,37,9687,2014-07-10
17715,17716,38,2387,2014-07-10
17715,17716,39,601,2014-07-10
17715,17716,40,178,2014-07-10
17718,17719,34,614356,2014-07-10
17718,17719,35,154233,2014-07-10
17718,17719,36,39907,2014-07-10
17718,17719,37,9687,2014-07-10
17718,17719,38,2387,2014-07-10
17718,17719,39,601,2014-07-10
17718,17719,40,178,2014-07-10
17720,17721,34,614356,2014-07-10
17720,17721,35,154233,2014-07-10
17720,17721,36,39907,2014-07-10
17720,17721,37,9687,2014-07-10
17720,17721,38,2387,2014-07-10
17720,17721,39,601,2014-07-10
17720,17721,40,178,2014-07-10
17722,17723,34,614356,2014-07-10
17722,17723,35,154233,2014-07-10
17722,17723,36,39907,2014-07-10
17722,17723,37,9687,2014-07-10
17722,17723,38,2387,2014-07-10
17722,17723,39,601,2014-07-10
17722,17723,40,178,2014-07-10
17726,17727,34,10608662,2014-07-10
17726,17727,35,2652666,2014-07-10
17726,17727,36,664446,2014-07-10
17726,17727,37,165917,2014-07-10
17726,17727,38,41437,2014-07-10
17726,17727,39,9902,2014-07-10
17726,17727,40,2723,2014-07-10
17728,17729,34,10549436,2014-07-10
17728,17729,35,2693564,2014-07-10
17728,17729,36,660828,2014-07-10
17728,17729,37,164992,2014-07-10
17728,17729,38,41198,2014-07-10
17728,17729,39,9811,2014-07-10
17728,17729,40,3101,2014-07-10
17732,17733,34,10549422,2014-07-10
17732,17733,35,2638010,2014-07-10
17732,17733,36,661036,2014-07-10
17732,17733,37,165001,2014-07-10
17732,17733,38,41186,2014-07-10
17732,17733,39,9796,2014-07-10
17732,17733,40,3063,2014-07-10
17736,17737,34,8419591,2014-07-10
17736,17737,35,2105336,2014-07-10
17736,17737,36,527417,2014-07-10
17736,17737,37,131688,2014-07-10
17736,17737,38,32883,2014-07-10
17736,17737,39,7844,2014-07-10
17736,17737,40,2504,2014-07-10
17738,17739,34,8419591,2014-07-10
17738,17739,35,2105336,2014-07-10
17738,17739,36,527417,2014-07-10
17738,17739,37,131688,2014-07-10
17738,17739,38,32883,2014-07-10
17738,17739,39,7844,2014-07-10
17738,17739,40,2504,2014-07-10
17740,17741,34,8419591,2014-07-10
17740,17741,35,2105336,2014-07-10
17740,17741,36,527417,2014-07-10
17740,17741,37,131688,2014-07-10
17740,17741,38,32883,2014-07-10
17740,17741,39,7844,2014-07-10
17740,17741,40,2504,2014-07-10
17812,17813,34,22222,2014-07-10
17812,17813,35,9556,2014-07-10
17812,17813,36,3111,2014-07-10
17812,17813,37,633,2014-07-10
17812,17813,38,11,2014-07-10
17812,17813,39,2,2014-07-10
17812,17813,40,2,2014-07-10
17832,17833,34,25649,2014-07-10
17832,17833,35,20583,2014-07-10
17832,17833,38,3,2014-07-10
17832,17833,39,2,2014-07-10
17834,17835,34,44036,2014-07-10
17834,17835,35,33816,2014-07-10
17834,17835,37,94,2014-07-10
17834,17835,38,13,2014-07-10
17834,17835,39,1,2014-07-10
17834,17835,40,1,2014-07-10
17836,17837,34,38342,2014-07-10
17836,17837,35,30481,2014-07-10
17836,17837,37,2,2014-07-10
17836,17837,38,7,2014-07-10
17836,17837,40,1,2014-07-10
17838,17839,34,30893,2014-07-10
17838,17839,35,24221,2014-07-10
17838,17839,36,570,2014-07-10
17838,17839,37,18,2014-07-10
17838,17839,38,3,2014-07-10
17841,17842,34,24444,2014-07-10
17841,17842,35,6444,2014-07-10
17841,17842,36,3000,2014-07-10
17841,17842,37,433,2014-07-10
17841,17842,38,83,2014-07-10
17841,17842,39,11,2014-07-10
17841,17842,40,2,2014-07-10
17843,17844,34,611111,2014-07-10
17843,17844,35,188889,2014-07-10
17843,17844,36,50000,2014-07-10
17843,17844,37,9222,2014-07-10
17843,17844,38,2333,2014-07-10
17843,17844,39,633,2014-07-10
17843,17844,40,144,2014-07-10
17857,17858,34,39244,2014-07-10
17857,17858,35,3556,2014-07-10
17857,17858,36,278,2014-07-10
17857,17858,40,33,2014-07-10
17859,17860,34,18756,2014-07-10
17859,17860,39,56,2014-07-10
17859,17860,40,22,2014-07-10
17861,17862,34,39889,2014-07-10
17861,17862,35,29389,2014-07-10
17861,17862,36,289,2014-07-10
17861,17862,37,22,2014-07-10
17861,17862,38,22,2014-07-10
17861,17862,39,11,2014-07-10
17863,17864,34,37289,2014-07-10
17863,17864,35,8333,2014-07-10
17863,17864,39,67,2014-07-10
17873,17874,34,1111,2014-07-10
17884,17885,34,1111,2014-07-10
17901,17902,34,471,2014-07-10
17901,17902,35,716,2014-07-10
17912,17913,3687,3,2014-07-10
17912,17913,3689,4,2014-07-10
17912,17913,11399,23,2014-07-10
17912,17913,11482,2,2014-07-10
17912,17913,11541,5,2014-07-10
17912,17913,11689,2,2014-07-10
17912,17913,12108,1,2014-07-10
17912,17913,17482,1,2014-07-10
17918,17919,34,8419591,2014-07-10
17918,17919,35,2105336,2014-07-10
17918,17919,36,527417,2014-07-10
17918,17919,37,131688,2014-07-10
17918,17919,38,32883,2014-07-10
17918,17919,39,7844,2014-07-10
17918,17919,40,2504,2014-07-10
17920,17921,34,8419596,2014-07-10
17920,17921,35,2105337,2014-07-10
17920,17921,36,527416,2014-07-10
17920,17921,37,131693,2014-07-10
17920,17921,38,32913,2014-07-10
17920,17921,39,7964,2014-07-10
17920,17921,40,2981,2014-07-10
17922,17923,34,659871,2014-07-10
17922,17923,35,165622,2014-07-10
17922,17923,36,43364,2014-07-10
17922,17923,37,10397,2014-07-10
17922,17923,38,2562,2014-07-10
17922,17923,39,640,2014-07-10
17922,17923,40,161,2014-07-10
17924,17925,34,22798,2014-07-10
17924,17925,35,6133,2014-07-10
17924,17925,36,2949,2014-07-10
17924,17925,37,401,2014-07-10
17924,17925,38,88,2014-07-10
17924,17925,39,17,2014-07-10
17926,17927,34,22798,2014-07-10
17926,17927,35,6133,2014-07-10
17926,17927,36,2949,2014-07-10
17926,17927,37,401,2014-07-10
17926,17927,38,88,2014-07-10
17926,17927,39,17,2014-07-10
17928,17929,34,23304,2014-07-10
17928,17929,35,6290,2014-07-10
17928,17929,36,2949,2014-07-10
17928,17929,37,398,2014-07-10
17928,17929,38,82,2014-07-10
17928,17929,39,10,2014-07-10
17928,17929,40,1,2014-07-10
17930,17931,34,21071,2014-07-10
17930,17931,35,9382,2014-07-10
17930,17931,36,3127,2014-07-10
17930,17931,37,590,2014-07-10
17930,17931,38,2,2014-07-10
17930,17931,39,2,2014-07-10
17930,17931,40,2,2014-07-10
17932,17933,34,22804,2014-07-10
17932,17933,35,6143,2014-07-10
17932,17933,36,2046,2014-07-10
17932,17933,37,352,2014-07-10
17932,17933,38,131,2014-07-10
17932,17933,39,14,2014-07-10
17932,17933,40,1,2014-07-10
17938,17939,34,471,2014-07-10
17938,17939,35,716,2014-07-10
18036,18037,38,417,2014-07-10
18038,18039,38,389,2014-07-10
18040,18041,38,361,2014-07-10
18042,18043,38,306,2014-07-10
18044,18045,38,278,2014-07-10
18046,18047,38,250,2014-07-10
18048,18049,38,250,2014-07-10
18050,18051,38,222,2014-07-10
18052,18053,38,194,2014-07-10
18054,18055,38,889,2014-07-10
18056,18057,38,139,2014-07-10
18058,18059,38,111,2014-07-10
18060,18061,38,83,2014-07-10
18062,18063,38,56,2014-07-10
18064,18065,38,333,2014-07-10
18066,18067,38,28,2014-07-10
18068,18069,11399,23,2014-07-10
18068,18069,11482,2,2014-07-10
18068,18069,11541,5,2014-07-10
18068,18069,11689,2,2014-07-10
18068,18069,12108,1,2014-07-10
18590,18591,11483,2,2014-07-10
18590,18591,16682,26,2014-07-10
18590,18591,18036,1,2014-07-10
18592,18593,11483,2,2014-07-10
18592,18593,16682,24,2014-07-10
18592,18593,18038,1,2014-07-10
18594,18595,11483,2,2014-07-10
18594,18595,16682,23,2014-07-10
18594,18595,18040,1,2014-07-10
18596,18597,11483,2,2014-07-10
18596,18597,16682,20,2014-07-10
18596,18597,18042,1,2014-07-10
18598,18599,11483,2,2014-07-10
18598,18599,16682,18,2014-07-10
18598,18599,18044,1,2014-07-10
18600,18601,11483,2,2014-07-10
18600,18601,16682,17,2014-07-10
18600,18601,18046,1,2014-07-10
18602,18603,11483,2,2014-07-10
18602,18603,16682,15,2014-07-10
18602,18603,18048,1,2014-07-10
18604,18605,11483,2,2014-07-10
18604,18605,16682,14,2014-07-10
18604,18605,18050,1,2014-07-10
18606,18607,11483,2,2014-07-10
18606,18607,16682,12,2014-07-10
18606,18607,18052,1,2014-07-10
18608,18609,11483,2,2014-07-10
18608,18609,16682,24,2014-07-10
18608,18609,18054,1,2014-07-10
18610,18611,11483,2,2014-07-10
18610,18611,16682,11,2014-07-10
18610,18611,18056,1,2014-07-10
18612,18613,11483,2,2014-07-10
18612,18613,16682,9,2014-07-10
18612,18613,18058,1,2014-07-10
18614,18615,11483,2,2014-07-10
18614,18615,16682,8,2014-07-10
18614,18615,18060,1,2014-07-10
18616,18617,11483,2,2014-07-10
18616,18617,16682,6,2014-07-10
18616,18617,18062,1,2014-07-10
18618,18619,11483,2,2014-07-10
18618,18619,16682,5,2014-07-10
18618,18619,18066,1,2014-07-10
18624,18625,11483,2,2014-07-10
18624,18625,16682,26,2014-07-10
18624,18625,18064,1,2014-07-10
18639,18640,34,471,2014-07-10
18639,18640,35,716,2014-07-10
19720,19721,21009,22,2014-07-10
19720,19721,21011,33,2014-07-10
19720,19721,21013,22,2014-07-10
19720,19721,21017,28,2014-07-10
19720,19721,21019,33,2014-07-10
19720,19721,21021,28,2014-07-10
19720,19721,21023,11,2014-07-10
19720,19721,21025,11,2014-07-10
19720,19721,21035,17,2014-07-10
19720,19721,21037,28,2014-07-10
19720,19721,21039,33,2014-07-10
19722,19723,21009,28,2014-07-10
19722,19723,21011,44,2014-07-10
19722,19723,21013,17,2014-07-10
19722,19723,21017,17,2014-07-10
19722,19723,21019,17,2014-07-10
19722,19723,21021,22,2014-07-10
19722,19723,21023,22,2014-07-10
19722,19723,21025,11,2014-07-10
19722,19723,21035,17,2014-07-10
19722,19723,21037,17,2014-07-10
19722,19723,21039,44,2014-07-10
19724,19725,21009,22,2014-07-10
19724,19725,21011,33,2014-07-10
19724,19725,21013,28,2014-07-10
19724,19725,21017,22,2014-07-10
19724,19725,21019,28,2014-07-10
19724,19725,21021,17,2014-07-10
19724,19725,21023,17,2014-07-10
19724,19725,21025,11,2014-07-10
19724,19725,21035,28,2014-07-10
19724,19725,21037,33,2014-07-10
19724,19725,21039,33,2014-07-10
19726,19727,21009,11,2014-07-10
19726,19727,21013,28,2014-07-10
19726,19727,21017,11,2014-07-10
19726,19727,21019,22,2014-07-10
19726,19727,21021,11,2014-07-10
19726,19727,21023,28,2014-07-10
19726,19727,21025,11,2014-07-10
19726,19727,21035,28,2014-07-10
19726,19727,21037,22,2014-07-10
19726,19727,21039,44,2014-07-10
19726,19727,21041,44,2014-07-10
19739,19740,9848,9,2014-07-10
19739,19740,11399,12,2014-07-10
19739,19740,11486,2,2014-07-10
19739,19740,11540,12,2014-07-10
19739,19740,13320,1,2014-07-10
19744,19745,34,47222,2014-07-10
19744,19745,35,14444,2014-07-10
19744,19745,36,6500,2014-07-10
19744,19745,37,611,2014-07-10
19744,19745,38,278,2014-07-10
19744,19745,39,44,2014-07-10
19744,19745,40,13,2014-07-10
19806,19807,9842,3,2014-07-10
19806,19807,11483,2,2014-07-10
19806,19807,11534,9,2014-07-10
19806,19807,11540,5,2014-07-10
19806,19807,12709,1,2014-07-10
19808,19809,34,71,2014-07-10
19808,19809,35,24,2014-07-10
19808,19809,36,1,2014-07-10
19810,19811,34,71,2014-07-10
19810,19811,35,24,2014-07-10
19810,19811,36,1,2014-07-10
19812,19813,34,71,2014-07-10
19812,19813,35,24,2014-07-10
19812,19813,36,1,2014-07-10
19814,19815,34,71,2014-07-10
19814,19815,35,24,2014-07-10
19814,19815,36,1,2014-07-10
19994,19995,34,1778,2014-07-10
19994,19995,35,127,2014-07-10
19994,19995,36,89,2014-07-10
19994,19995,37,29,2014-07-10
20002,20003,34,1778,2014-07-10
20002,20003,35,127,2014-07-10
20002,20003,36,89,2014-07-10
20002,20003,37,29,2014-07-10
17761,20108,36,11111,2014-07-10
20125,20126,628,1,2014-07-10
20125,20126,3828,75,2014-07-10
20125,20126,11399,150,2014-07-10
20125,20126,11478,18,2014-07-10
20125,20126,11532,60,2014-07-10
20125,20126,11537,495,2014-07-10
20125,20126,11539,1800,2014-07-10
20125,20126,11543,3750,2014-07-10
20125,20126,11549,30,2014-07-10
20125,20126,11554,375,2014-07-10
20125,20126,11557,300,2014-07-10
20183,20184,21009,22,2014-07-10
20183,20184,21017,17,2014-07-10
20183,20184,21027,83,2014-07-10
20183,20184,21037,53,2014-07-10
20185,20186,21009,11,2014-07-10
20185,20186,21017,14,2014-07-10
20185,20186,21027,106,2014-07-10
20185,20186,21037,51,2014-07-10
20187,20188,21009,17,2014-07-10
20187,20188,21017,16,2014-07-10
20187,20188,21027,89,2014-07-10
20187,20188,21037,56,2014-07-10
20189,20190,21009,28,2014-07-10
20189,20190,21017,13,2014-07-10
20189,20190,21027,83,2014-07-10
20189,20190,21037,49,2014-07-10
20218,20219,34,236,2014-07-10
20218,20219,35,3413,2014-07-10
20224,20225,34,236,2014-07-10
20224,20225,35,3413,2014-07-10
20230,20231,34,236,2014-07-10
20230,20231,35,3413,2014-07-10
20236,20237,34,236,2014-07-10
20236,20237,35,3413,2014-07-10
20238,20239,34,2386,2014-07-10
20238,20239,35,143,2014-07-10
20238,20239,36,249,2014-07-10
20240,20241,34,2386,2014-07-10
20240,20241,35,143,2014-07-10
20240,20241,36,249,2014-07-10
20242,20243,34,2386,2014-07-10
20242,20243,35,143,2014-07-10
20242,20243,36,249,2014-07-10
20244,20245,34,2386,2014-07-10
20244,20245,35,143,2014-07-10
20244,20245,36,249,2014-07-10
20246,20247,34,2386,2014-07-10
20246,20247,35,143,2014-07-10
20246,20247,36,249,2014-07-10
20248,20249,34,2386,2014-07-10
20248,20249,35,143,2014-07-10
20248,20249,36,249,2014-07-10
20250,20251,34,2386,2014-07-10
20250,20251,35,143,2014-07-10
20250,20251,36,249,2014-07-10
20252,20253,34,2386,2014-07-10
20252,20253,35,143,2014-07-10
20252,20253,36,249,2014-07-10
20254,20255,34,2386,2014-07-10
20254,20255,35,143,2014-07-10
20254,20255,36,249,2014-07-10
20260,20261,34,2386,2014-07-10
20260,20261,35,143,2014-07-10
20260,20261,36,249,2014-07-10
20262,20263,34,2386,2014-07-10
20262,20263,35,143,2014-07-10
20262,20263,36,249,2014-07-10
20264,20265,34,2386,2014-07-10
20264,20265,35,143,2014-07-10
20264,20265,36,249,2014-07-10
20280,20281,34,3427873,2014-07-10
20280,20281,35,828117,2014-07-10
20280,20281,36,314957,2014-07-10
20280,20281,37,52033,2014-07-10
20280,20281,38,15823,2014-07-10
20280,20281,39,2267,2014-07-10
20280,20281,40,1133,2014-07-10
20343,20344,11291,1,2014-07-10
20343,20344,11399,2,2014-07-10
20343,20344,11475,2,2014-07-10
20343,20344,11543,6,2014-07-10
20345,20346,11293,1,2014-07-10
20345,20346,11399,3,2014-07-10
20345,20346,11475,2,2014-07-10
20345,20346,11543,8,2014-07-10
20347,20348,11295,1,2014-07-10
20347,20348,11399,6,2014-07-10
20347,20348,11475,2,2014-07-10
20347,20348,11543,11,2014-07-10
20349,20350,11297,1,2014-07-10
20349,20350,11399,12,2014-07-10
20349,20350,11475,2,2014-07-10
20349,20350,11543,17,2014-07-10
20351,20352,11299,1,2014-07-10
20351,20352,11399,24,2014-07-10
20351,20352,11475,2,2014-07-10
20351,20352,11543,29,2014-07-10
20353,20354,11279,1,2014-07-10
20353,20354,11399,48,2014-07-10
20353,20354,11475,2,2014-07-10
20353,20354,11543,53,2014-07-10
20367,20368,34,71,2014-07-10
20367,20368,35,24,2014-07-10
20367,20368,36,1,2014-07-10
20444,20445,34,2452300,2014-07-10
20444,20445,35,808817,2014-07-10
20444,20445,36,296600,2014-07-10
20444,20445,37,48300,2014-07-10
20444,20445,38,13807,2014-07-10
20444,20445,39,2473,2014-07-10
20444,20445,40,1050,2014-07-10
20446,20447,34,3548557,2014-07-10
20446,20447,35,833383,2014-07-10
20446,20447,36,324933,2014-07-10
20446,20447,37,53317,2014-07-10
20446,20447,38,16057,2014-07-10
20446,20447,39,2557,2014-07-10
20446,20447,40,1140,2014-07-10
20448,20449,34,3207807,2014-07-10
20448,20449,35,833323,2014-07-10
20448,20449,36,330823,2014-07-10
20448,20449,37,49357,2014-07-10
20448,20449,38,13933,2014-07-10
20448,20449,39,2433,2014-07-10
20448,20449,40,1107,2014-07-10
20450,20451,34,6561767,2014-07-10
20450,20451,35,541157,2014-07-10
20450,20451,36,184617,2014-07-10
20450,20451,37,26283,2014-07-10
20450,20451,38,7483,2014-07-10
20450,20451,39,1073,2014-07-10
20450,20451,40,923,2014-07-10
20452,20453,34,2603723,2014-07-10
20452,20453,35,624357,2014-07-10
20452,20453,36,249990,2014-07-10
20452,20453,37,33740,2014-07-10
20452,20453,38,9433,2014-07-10
20452,20453,39,1823,2014-07-10
20452,20453,40,640,2014-07-10
20454,20455,34,2911557,2014-07-10
20454,20455,35,703323,2014-07-10
20454,20455,36,282967,2014-07-10
20454,20455,37,38283,2014-07-10
20454,20455,38,11473,2014-07-10
20454,20455,39,2017,2014-07-10
20454,20455,40,790,2014-07-10
20539,20540,34,3207807,2014-07-10
20539,20540,35,833323,2014-07-10
20539,20540,36,330823,2014-07-10
20539,20540,37,49357,2014-07-10
20539,20540,38,13933,2014-07-10
20539,20540,39,2433,2014-07-10
20539,20540,40,1107,2014-07-10
20555,20556,34,277,2014-07-10
20555,20556,38,6,2014-07-10
20555,20556,40,1,2014-07-10
20555,20556,21074,1,2014-07-10
20555,20556,21078,1,2014-07-10
20555,20556,21082,1,2014-07-10
20555,20556,21084,1,2014-07-10
20555,20556,21086,1,2014-07-10
20557,20558,34,242,2014-07-10
20557,20558,35,148,2014-07-10
20557,20558,36,569,2014-07-10
20557,20558,39,1,2014-07-10
20557,20558,40,1,2014-07-10
20557,20558,21074,1,2014-07-10
20557,20558,21078,2,2014-07-10
20557,20558,21080,1,2014-07-10
20557,20558,21082,1,2014-07-10
20557,20558,21084,2,2014-07-10
20557,20558,21086,2,2014-07-10
20559,20560,34,1677,2014-07-10
20559,20560,35,561,2014-07-10
20559,20560,36,488,2014-07-10
20559,20560,37,404,2014-07-10
20559,20560,38,6,2014-07-10
20559,20560,21074,1,2014-07-10
20559,20560,21078,3,2014-07-10
20559,20560,21080,2,2014-07-10
20559,20560,21082,1,2014-07-10
20559,20560,21084,3,2014-07-10
20559,20560,21086,3,2014-07-10
20561,20562,34,16253,2014-07-10
20561,20562,35,6353,2014-07-10
20561,20562,36,778,2014-07-10
20561,20562,37,460,2014-07-10
20561,20562,38,171,2014-07-10
20561,20562,39,67,2014-07-10
20561,20562,40,17,2014-07-10
20561,20562,11399,11,2014-07-10
20561,20562,21074,1,2014-07-10
20561,20562,21075,1,2014-07-10
20561,20562,21080,1,2014-07-10
20561,20562,21086,1,2014-07-10
20561,20562,21087,1,2014-07-10
20561,20562,21088,1,2014-07-10
20563,20564,34,16253,2014-07-10
20563,20564,35,6353,2014-07-10
20563,20564,36,778,2014-07-10
20563,20564,37,460,2014-07-10
20563,20564,38,171,2014-07-10
20563,20564,39,67,2014-07-10
20563,20564,40,17,2014-07-10
20563,20564,11399,60,2014-07-10
20563,20564,21074,2,2014-07-10
20563,20564,21075,2,2014-07-10
20563,20564,21080,6,2014-07-10
20563,20564,21086,6,2014-07-10
20563,20564,21087,5,2014-07-10
20563,20564,21088,3,2014-07-10
20565,20566,34,16253,2014-07-10
20565,20566,35,6353,2014-07-10
20565,20566,36,778,2014-07-10
20565,20566,37,460,2014-07-10
20565,20566,38,171,2014-07-10
20565,20566,39,67,2014-07-10
20565,20566,40,17,2014-07-10
20565,20566,11399,30,2014-07-10
20565,20566,21074,2,2014-07-10
20565,20566,21075,2,2014-07-10
20565,20566,21080,3,2014-07-10
20565,20566,21086,3,2014-07-10
20565,20566,21087,3,2014-07-10
20565,20566,21088,2,2014-07-10
20567,20568,34,2398,2014-07-10
20567,20568,35,466,2014-07-10
20567,20568,36,179,2014-07-10
20567,20568,37,1,2014-07-10
20567,20568,38,4,2014-07-10
20567,20568,21078,2,2014-07-10
20567,20568,21079,1,2014-07-10
20567,20568,21084,2,2014-07-10
20567,20568,21576,2,2014-07-10
20569,20570,34,2398,2014-07-10
20569,20570,35,466,2014-07-10
20569,20570,36,179,2014-07-10
20569,20570,37,1,2014-07-10
20569,20570,38,4,2014-07-10
20569,20570,21591,3,2014-07-10
20573,20574,34,2884,2014-07-10
20573,20574,35,919,2014-07-10
20573,20574,40,1,2014-07-10
20573,20574,21573,1,2014-07-10
20573,20574,21591,3,2014-07-10
20573,20574,21725,2,2014-07-10
20575,20576,34,2884,2014-07-10
20575,20576,35,919,2014-07-10
20575,20576,40,1,2014-07-10
20575,20576,21573,1,2014-07-10
20575,20576,21591,3,2014-07-10
20575,20576,21725,2,2014-07-10
20577,20578,34,2884,2014-07-10
20577,20578,35,919,2014-07-10
20577,20578,40,1,2014-07-10
20577,20578,21573,1,2014-07-10
20577,20578,21591,3,2014-07-10
20577,20578,21725,2,2014-07-10
20579,20580,34,2884,2014-07-10
20579,20580,35,919,2014-07-10
20579,20580,40,1,2014-07-10
20579,20580,21573,1,2014-07-10
20579,20580,21591,3,2014-07-10
20579,20580,21725,2,2014-07-10
20581,20582,34,538,2014-07-10
20581,20582,35,52,2014-07-10
20581,20582,36,298,2014-07-10
20581,20582,37,9,2014-07-10
20581,20582,38,4,2014-07-10
20581,20582,39,2,2014-07-10
20581,20582,40,3,2014-07-10
20581,20582,21573,1,2014-07-10
20581,20582,21591,3,2014-07-10
20581,20582,21725,3,2014-07-10
20587,20588,34,2729,2014-07-10
20587,20588,35,148,2014-07-10
20587,20588,36,171,2014-07-10
20587,20588,39,2,2014-07-10
20587,20588,21573,1,2014-07-10
20587,20588,21576,1,2014-07-10
20587,20588,21590,2,2014-07-10
20587,20588,21726,1,2014-07-10
20589,20590,34,9133,2014-07-10
20589,20590,35,2981,2014-07-10
20589,20590,36,3599,2014-07-10
20589,20590,37,2,2014-07-10
20589,20590,38,18,2014-07-10
20589,20590,21573,1,2014-07-10
20589,20590,21576,1,2014-07-10
20589,20590,21587,2,2014-07-10
20589,20590,21590,2,2014-07-10
20589,20590,21725,1,2014-07-10
20591,20592,34,113880,2014-07-10
20591,20592,35,29214,2014-07-10
20591,20592,36,9747,2014-07-10
20591,20592,37,2650,2014-07-10
20591,20592,38,411,2014-07-10
20591,20592,39,21,2014-07-10
20591,20592,40,37,2014-07-10
20591,20592,21573,1,2014-07-10
20591,20592,21575,2,2014-07-10
20591,20592,21576,1,2014-07-10
20591,20592,21590,4,2014-07-10
20591,20592,21724,1,2014-07-10
20593,20594,34,556,2014-07-10
20593,20594,35,278,2014-07-10
20593,20594,21575,1,2014-07-10
20593,20594,21590,1,2014-07-10
20593,20594,21726,1,2014-07-10
20595,20596,34,471,2014-07-10
20595,20596,35,716,2014-07-10
20595,20596,21575,2,2014-07-10
20595,20596,21590,2,2014-07-10
20595,20596,21726,2,2014-07-10
20597,20598,34,560,2014-07-10
20597,20598,35,492,2014-07-10
20597,20598,36,92,2014-07-10
20597,20598,37,2,2014-07-10
20597,20598,38,3,2014-07-10
20597,20598,21576,1,2014-07-10
20597,20598,21587,2,2014-07-10
20597,20598,21590,1,2014-07-10
20597,20598,21725,1,2014-07-10
20599,20600,34,3258,2014-07-10
20599,20600,35,2926,2014-07-10
20599,20600,36,107,2014-07-10
20599,20600,21576,2,2014-07-10
20599,20600,21587,2,2014-07-10
20599,20600,21590,1,2014-07-10
20599,20600,21725,2,2014-07-10
20601,20602,34,92,2014-07-10
20601,20602,35,1007,2014-07-10
20601,20602,38,7,2014-07-10
20601,20602,39,2,2014-07-10
20601,20602,40,9,2014-07-10
20601,20602,21574,1,2014-07-10
20601,20602,21590,1,2014-07-10
20601,20602,21724,1,2014-07-10
20603,20604,34,122,2014-07-10
20603,20604,35,1342,2014-07-10
20603,20604,38,9,2014-07-10
20603,20604,39,2,2014-07-10
20603,20604,40,11,2014-07-10
20603,20604,21574,2,2014-07-10
20603,20604,21724,2,2014-07-10
20605,20606,34,2106,2014-07-10
20605,20606,35,2077,2014-07-10
20605,20606,21074,1,2014-07-10
20605,20606,21077,2,2014-07-10
20605,20606,21079,1,2014-07-10
20605,20606,21081,2,2014-07-10
20605,20606,21082,4,2014-07-10
20605,20606,21086,1,2014-07-10
20607,20608,34,2106,2014-07-10
20607,20608,35,2077,2014-07-10
20607,20608,21074,1,2014-07-10
20607,20608,21077,2,2014-07-10
20607,20608,21079,1,2014-07-10
20607,20608,21081,2,2014-07-10
20607,20608,21082,4,2014-07-10
20607,20608,21086,1,2014-07-10
20609,20610,34,2106,2014-07-10
20609,20610,35,2077,2014-07-10
20609,20610,21074,1,2014-07-10
20609,20610,21077,2,2014-07-10
20609,20610,21079,1,2014-07-10
20609,20610,21081,2,2014-07-10
20609,20610,21082,4,2014-07-10
20609,20610,21086,1,2014-07-10
20611,20612,34,2106,2014-07-10
20611,20612,35,2077,2014-07-10
20611,20612,21074,1,2014-07-10
20611,20612,21077,2,2014-07-10
20611,20612,21079,1,2014-07-10
20611,20612,21081,2,2014-07-10
20611,20612,21082,4,2014-07-10
20611,20612,21086,1,2014-07-10
20613,20614,35,23700,2014-07-10
20613,20614,36,574,2014-07-10
20613,20614,38,87,2014-07-10
20613,20614,40,17,2014-07-10
20613,20614,21074,2,2014-07-10
20613,20614,21078,3,2014-07-10
20613,20614,21080,3,2014-07-10
20613,20614,21085,3,2014-07-10
20613,20614,21086,1,2014-07-10
20617,20618,34,1327,2014-07-10
20617,20618,35,481,2014-07-10
20617,20618,36,113,2014-07-10
20617,20618,21576,1,2014-07-10
20617,20618,21588,1,2014-07-10
20617,20618,21591,1,2014-07-10
20617,20618,21728,1,2014-07-10
20619,20620,35,1327,2014-07-10
20619,20620,36,481,2014-07-10
20619,20620,37,113,2014-07-10
20619,20620,21576,2,2014-07-10
20619,20620,21588,2,2014-07-10
20619,20620,21591,2,2014-07-10
20619,20620,21727,1,2014-07-10
20619,20620,21728,2,2014-07-10
20621,20622,36,1327,2014-07-10
20621,20622,37,481,2014-07-10
20621,20622,38,113,2014-07-10
20621,20622,21576,4,2014-07-10
20621,20622,21588,2,2014-07-10
20621,20622,21591,2,2014-07-10
20621,20622,21727,2,2014-07-10
20621,20622,21728,4,2014-07-10
20623,20624,37,1327,2014-07-10
20623,20624,38,481,2014-07-10
20623,20624,39,114,2014-07-10
20623,20624,21574,2,2014-07-10
20623,20624,21576,4,2014-07-10
20623,20624,21588,2,2014-07-10
20623,20624,21591,3,2014-07-10
20623,20624,21727,4,2014-07-10
20623,20624,21728,4,2014-07-10
20625,20626,34,916,2014-07-10
20625,20626,35,64,2014-07-10
20625,20626,36,29,2014-07-10
20625,20626,38,4,2014-07-10
20625,20626,21077,3,2014-07-10
20625,20626,21081,1,2014-07-10
20625,20626,21082,2,2014-07-10
20625,20626,21086,1,2014-07-10
20627,20628,34,227,2014-07-10
20627,20628,35,181,2014-07-10
20627,20628,36,10,2014-07-10
20627,20628,21074,1,2014-07-10
20627,20628,21082,1,2014-07-10
20627,20628,21086,1,2014-07-10
20629,20630,34,1890,2014-07-10
20629,20630,35,456,2014-07-10
20629,20630,36,179,2014-07-10
20629,20630,37,6,2014-07-10
20629,20630,21080,1,2014-07-10
20629,20630,21081,2,2014-07-10
20629,20630,21085,1,2014-07-10
20629,20630,21086,1,2014-07-10
20631,20632,34,3383,2014-07-10
20631,20632,35,2769,2014-07-10
20631,20632,36,181,2014-07-10
20631,20632,21080,1,2014-07-10
20631,20632,21086,1,2014-07-10
20631,20632,21087,1,2014-07-10
20631,20632,21088,1,2014-07-10
20631,20632,21089,2,2014-07-10
20633,20634,34,8071,2014-07-10
20633,20634,35,7488,2014-07-10
20633,20634,36,219,2014-07-10
20633,20634,37,2,2014-07-10
20633,20634,21074,1,2014-07-10
20633,20634,21076,1,2014-07-10
20633,20634,21080,1,2014-07-10
20633,20634,21081,1,2014-07-10
20633,20634,21082,1,2014-07-10
20633,20634,21085,2,2014-07-10
20633,20634,21086,2,2014-07-10
20635,20636,34,8071,2014-07-10
20635,20636,35,7488,2014-07-10
20635,20636,36,219,2014-07-10
20635,20636,37,2,2014-07-10
20635,20636,21074,1,2014-07-10
20635,20636,21076,1,2014-07-10
20635,20636,21080,1,2014-07-10
20635,20636,21082,1,2014-07-10
20635,20636,21085,2,2014-07-10
20635,20636,21086,2,2014-07-10
20635,20636,21089,1,2014-07-10
20637,20638,34,8071,2014-07-10
20637,20638,35,7488,2014-07-10
20637,20638,36,219,2014-07-10
20637,20638,37,2,2014-07-10
20637,20638,21074,1,2014-07-10
20637,20638,21076,1,2014-07-10
20637,20638,21080,1,2014-07-10
20637,20638,21082,1,2014-07-10
20637,20638,21085,2,2014-07-10
20637,20638,21086,2,2014-07-10
20637,20638,21089,1,2014-07-10
20639,20640,34,8071,2014-07-10
20639,20640,35,7488,2014-07-10
20639,20640,36,219,2014-07-10
20639,20640,37,2,2014-07-10
20639,20640,21074,1,2014-07-10
20639,20640,21076,1,2014-07-10
20639,20640,21080,1,2014-07-10
20639,20640,21082,1,2014-07-10
20639,20640,21085,2,2014-07-10
20639,20640,21086,2,2014-07-10
20639,20640,21089,1,2014-07-10
20641,20642,34,8071,2014-07-10
20641,20642,35,7488,2014-07-10
20641,20642,36,219,2014-07-10
20641,20642,37,2,2014-07-10
20641,20642,21074,1,2014-07-10
20641,20642,21076,1,2014-07-10
20641,20642,21080,1,2014-07-10
20641,20642,21082,1,2014-07-10
20641,20642,21085,2,2014-07-10
20641,20642,21086,2,2014-07-10
20641,20642,21089,1,2014-07-10
20701,20702,34,3427873,2014-07-10
20701,20702,35,828117,2014-07-10
20701,20702,36,314957,2014-07-10
20701,20702,37,52033,2014-07-10
20701,20702,38,15823,2014-07-10
20701,20702,39,2267,2014-07-10
20701,20702,40,1133,2014-07-10
20703,20704,34,3826117,2014-07-10
20703,20704,35,828100,2014-07-10
20703,20704,36,342157,2014-07-10
20703,20704,37,56183,2014-07-10
20703,20704,38,16433,2014-07-10
20703,20704,39,2733,2014-07-10
20703,20704,40,1250,2014-07-10
21009,21010,34,457050,2014-07-10
21009,21010,35,110416,2014-07-10
21009,21010,36,41994,2014-07-10
21009,21010,37,6938,2014-07-10
21009,21010,38,2110,2014-07-10
21009,21010,39,302,2014-07-10
21009,21010,40,151,2014-07-10
21011,21012,34,546912,2014-07-10
21011,21012,35,113826,2014-07-10
21011,21012,36,45010,2014-07-10
21011,21012,37,7760,2014-07-10
21011,21012,38,2358,2014-07-10
21011,21012,39,438,2014-07-10
21011,21012,40,193,2014-07-10
21013,21014,34,443591,2014-07-10
21013,21014,35,101026,2014-07-10
21013,21014,36,40877,2014-07-10
21013,21014,37,6659,2014-07-10
21013,21014,38,1804,2014-07-10
21013,21014,39,333,2014-07-10
21013,21014,40,149,2014-07-10
21017,21018,34,473141,2014-07-10
21017,21018,35,111118,2014-07-10
21017,21018,36,43324,2014-07-10
21017,21018,37,7109,2014-07-10
21017,21018,38,2141,2014-07-10
21017,21018,39,341,2014-07-10
21017,21018,40,152,2014-07-10
21019,21020,34,326973,2014-07-10
21019,21020,35,107842,2014-07-10
21019,21020,36,39547,2014-07-10
21019,21020,37,6440,2014-07-10
21019,21020,38,1841,2014-07-10
21019,21020,39,330,2014-07-10
21019,21020,40,140,2014-07-10
21021,21022,34,510149,2014-07-10
21021,21022,35,110413,2014-07-10
21021,21022,36,45621,2014-07-10
21021,21022,37,7491,2014-07-10
21021,21022,38,2191,2014-07-10
21021,21022,39,364,2014-07-10
21021,21022,40,167,2014-07-10
21023,21024,34,498880,2014-07-10
21023,21024,35,104957,2014-07-10
21023,21024,36,43194,2014-07-10
21023,21024,37,7269,2014-07-10
21023,21024,38,2033,2014-07-10
21023,21024,39,348,2014-07-10
21023,21024,40,166,2014-07-10
21025,21026,34,749916,2014-07-10
21025,21026,35,142710,2014-07-10
21025,21026,36,49913,2014-07-10
21025,21026,37,8617,2014-07-10
21025,21026,38,2249,2014-07-10
21025,21026,39,454,2014-07-10
21025,21026,40,222,2014-07-10
21027,21028,34,874902,2014-07-10
21027,21028,35,72154,2014-07-10
21027,21028,36,24616,2014-07-10
21027,21028,37,3504,2014-07-10
21027,21028,38,998,2014-07-10
21027,21028,39,143,2014-07-10
21027,21028,40,32,2014-07-10
21029,21030,34,347163,2014-07-10
21029,21030,35,83248,2014-07-10
21029,21030,36,33332,2014-07-10
21029,21030,37,4499,2014-07-10
21029,21030,38,1258,2014-07-10
21029,21030,39,243,2014-07-10
21029,21030,40,86,2014-07-10
21035,21036,34,427708,2014-07-10
21035,21036,35,111110,2014-07-10
21035,21036,36,44110,2014-07-10
21035,21036,37,6581,2014-07-10
21035,21036,38,1858,2014-07-10
21035,21036,39,324,2014-07-10
21035,21036,40,148,2014-07-10
21037,21038,34,388208,2014-07-10
21037,21038,35,93777,2014-07-10
21037,21038,36,37729,2014-07-10
21037,21038,37,5104,2014-07-10
21037,21038,38,1530,2014-07-10
21037,21038,39,269,2014-07-10
21037,21038,40,106,2014-07-10
21039,21040,34,555658,2014-07-10
21039,21040,35,125277,2014-07-10
21039,21040,36,47249,2014-07-10
21039,21040,37,7916,2014-07-10
21039,21040,38,2438,2014-07-10
21039,21040,39,454,2014-07-10
21039,21040,40,214,2014-07-10
21041,21042,34,471653,2014-07-10
21041,21042,35,110370,2014-07-10
21041,21042,36,44713,2014-07-10
21041,21042,37,7692,2014-07-10
21041,21042,38,2359,2014-07-10
21041,21042,39,430,2014-07-10
21041,21042,40,172,2014-07-10
21054,21055,36,11111,2014-07-10
21094,21095,34,6,2014-07-10
21094,21095,35,17,2014-07-10
21094,21095,36,22,2014-07-10
21094,21095,37,1,2014-07-10
21094,21095,38,1,2014-07-10
21094,21095,40,1,2014-07-10
21094,21095,16275,11,2014-07-10
21094,21095,16681,1,2014-07-10
21094,21095,16682,1,2014-07-10
21097,21098,34,2778,2014-07-10
21334,21335,34,449,2014-07-10
21334,21335,35,417,2014-07-10
21334,21335,36,7,2014-07-10
21470,21471,34,708,2014-07-10
21470,21471,35,643,2014-07-10
21470,21471,36,1,2014-07-10
21470,21471,38,1,2014-07-10
21470,21471,20110,1,2014-07-10
21470,21471,21584,1,2014-07-10
21470,21471,21721,1,2014-07-10
21472,21473,34,3818,2014-07-10
21472,21473,35,3477,2014-07-10
21472,21473,36,3,2014-07-10
21472,21473,37,2,2014-07-10
21472,21473,20110,1,2014-07-10
21472,21473,21569,1,2014-07-10
21472,21473,21571,1,2014-07-10
21472,21473,21584,1,2014-07-10
21472,21473,21720,1,2014-07-10
21472,21473,21721,2,2014-07-10
21474,21475,34,19884,2014-07-10
21474,21475,35,8922,2014-07-10
21474,21475,36,1113,2014-07-10
21474,21475,37,49,2014-07-10
21474,21475,38,24,2014-07-10
21474,21475,39,2,2014-07-10
21474,21475,40,1,2014-07-10
21474,21475,20110,1,2014-07-10
21474,21475,21569,1,2014-07-10
21474,21475,21571,2,2014-07-10
21474,21475,21584,1,2014-07-10
21474,21475,21585,1,2014-07-10
21474,21475,21719,1,2014-07-10
21474,21475,21720,2,2014-07-10
21474,21475,21721,2,2014-07-10
21476,21477,34,3967,2014-07-10
21476,21477,35,2131,2014-07-10
21476,21477,36,229,2014-07-10
21476,21477,37,13,2014-07-10
21476,21477,38,2,2014-07-10
21476,21477,20110,1,2014-07-10
21476,21477,21569,1,2014-07-10
21476,21477,21570,1,2014-07-10
21476,21477,21584,1,2014-07-10
21476,21477,21721,1,2014-07-10
21478,21479,34,17367,2014-07-10
21478,21479,35,14709,2014-07-10
21478,21479,36,68,2014-07-10
21478,21479,37,1,2014-07-10
21478,21479,38,1,2014-07-10
21478,21479,39,1,2014-07-10
21478,21479,40,2,2014-07-10
21478,21479,20110,2,2014-07-10
21478,21479,21569,2,2014-07-10
21478,21479,21570,2,2014-07-10
21478,21479,21584,1,2014-07-10
21478,21479,21720,1,2014-07-10
21478,21479,21721,2,2014-07-10
21480,21481,34,63753,2014-07-10
21480,21481,35,16381,2014-07-10
21480,21481,36,4321,2014-07-10
21480,21481,37,1006,2014-07-10
21480,21481,38,308,2014-07-10
21480,21481,39,56,2014-07-10
21480,21481,40,10,2014-07-10
21480,21481,20110,4,2014-07-10
21480,21481,21569,4,2014-07-10
21480,21481,21570,4,2014-07-10
21480,21481,21584,1,2014-07-10
21480,21481,21585,1,2014-07-10
21480,21481,21719,1,2014-07-10
21480,21481,21720,2,2014-07-10
21480,21481,21721,2,2014-07-10
21482,21483,34,1351,2014-07-10
21482,21483,36,636,2014-07-10
21482,21483,37,4,2014-07-10
21482,21483,39,7,2014-07-10
21482,21483,40,2,2014-07-10
21482,21483,21581,1,2014-07-10
21482,21483,21583,1,2014-07-10
21482,21483,21593,1,2014-07-10
21482,21483,21595,2,2014-07-10
21482,21483,21732,1,2014-07-10
21484,21485,34,1351,2014-07-10
21484,21485,36,636,2014-07-10
21484,21485,37,4,2014-07-10
21484,21485,39,7,2014-07-10
21484,21485,40,2,2014-07-10
21484,21485,21579,1,2014-07-10
21484,21485,21581,1,2014-07-10
21484,21485,21583,1,2014-07-10
21484,21485,21593,1,2014-07-10
21484,21485,21595,2,2014-07-10
21484,21485,21596,2,2014-07-10
21484,21485,21732,1,2014-07-10
21484,21485,21733,1,2014-07-10
21486,21487,34,773,2014-07-10
21486,21487,35,491,2014-07-10
21486,21487,36,518,2014-07-10
21486,21487,37,3,2014-07-10
21486,21487,39,2,2014-07-10
21486,21487,21581,3,2014-07-10
21486,21487,21593,1,2014-07-10
21486,21487,21595,2,2014-07-10
21486,21487,21732,1,2014-07-10
21488,21489,34,773,2014-07-10
21488,21489,35,491,2014-07-10
21488,21489,36,518,2014-07-10
21488,21489,37,3,2014-07-10
21488,21489,39,2,2014-07-10
21488,21489,21579,1,2014-07-10
21488,21489,21581,3,2014-07-10
21488,21489,21593,1,2014-07-10
21488,21489,21595,2,2014-07-10
21488,21489,21596,2,2014-07-10
21488,21489,21732,1,2014-07-10
21488,21489,21733,1,2014-07-10
21491,21492,34,234,2014-07-10
21491,21492,35,3413,2014-07-10
21491,21492,20110,1,2014-07-10
21491,21492,21570,3,2014-07-10
21491,21492,21571,1,2014-07-10
21491,21492,21584,2,2014-07-10
21491,21492,21722,2,2014-07-10
21493,21494,37,10,2014-07-10
21493,21494,38,1,2014-07-10
21493,21494,20110,1,2014-07-10
21493,21494,21073,1,2014-07-10
21493,21494,21570,1,2014-07-10
21493,21494,21572,1,2014-07-10
21493,21494,21721,1,2014-07-10
21493,21494,21722,1,2014-07-10
21496,21497,34,6944,2014-07-10
21496,21497,20110,3,2014-07-10
21496,21497,21570,2,2014-07-10
21496,21497,21572,1,2014-07-10
21496,21497,21721,3,2014-07-10
21498,21499,34,1786,2014-07-10
21498,21499,35,304,2014-07-10
21498,21499,36,1,2014-07-10
21498,21499,21073,1,2014-07-10
21498,21499,21570,1,2014-07-10
21498,21499,21571,1,2014-07-10
21498,21499,21722,2,2014-07-10
21500,21501,37,10,2014-07-10
21500,21501,38,1,2014-07-10
21500,21501,20110,1,2014-07-10
21500,21501,21570,1,2014-07-10
21500,21501,21572,1,2014-07-10
21500,21501,21721,2,2014-07-10
21504,21505,34,470,2014-07-10
21504,21505,35,6827,2014-07-10
21504,21505,20110,1,2014-07-10
21504,21505,21570,1,2014-07-10
21504,21505,21572,1,2014-07-10
21504,21505,21722,1,2014-07-10
21506,21507,34,511,2014-07-10
21506,21507,35,6993,2014-07-10
21506,21507,39,4,2014-07-10
21506,21507,40,9,2014-07-10
21506,21507,20110,2,2014-07-10
21506,21507,21073,1,2014-07-10
21506,21507,21570,1,2014-07-10
21506,21507,21571,1,2014-07-10
21506,21507,21572,1,2014-07-10
21506,21507,21722,2,2014-07-10
21506,21507,21723,1,2014-07-10
21508,21509,34,518,2014-07-10
21508,21509,35,7007,2014-07-10
21508,21509,38,2,2014-07-10
21508,21509,39,12,2014-07-10
21508,21509,40,32,2014-07-10
21508,21509,20110,2,2014-07-10
21508,21509,21073,1,2014-07-10
21508,21509,21568,1,2014-07-10
21508,21509,21570,1,2014-07-10
21508,21509,21571,1,2014-07-10
21508,21509,21584,1,2014-07-10
21508,21509,21722,2,2014-07-10
21508,21509,21723,3,2014-07-10
21510,21511,34,502,2014-07-10
21510,21511,35,297,2014-07-10
21510,21511,36,334,2014-07-10
21510,21511,37,197,2014-07-10
21510,21511,39,2,2014-07-10
21510,21511,20110,1,2014-07-10
21510,21511,21073,1,2014-07-10
21510,21511,21568,1,2014-07-10
21510,21511,21570,1,2014-07-10
21510,21511,21586,3,2014-07-10
21510,21511,21721,1,2014-07-10
21510,21511,21722,1,2014-07-10
21510,21511,21723,1,2014-07-10
21512,21513,34,502,2014-07-10
21512,21513,35,297,2014-07-10
21512,21513,36,334,2014-07-10
21512,21513,37,197,2014-07-10
21512,21513,39,2,2014-07-10
21512,21513,20110,1,2014-07-10
21512,21513,21073,1,2014-07-10
21512,21513,21568,1,2014-07-10
21512,21513,21570,1,2014-07-10
21512,21513,21585,1,2014-07-10
21512,21513,21586,2,2014-07-10
21512,21513,21722,2,2014-07-10
21512,21513,21723,1,2014-07-10
21521,21522,34,2386,2014-07-10
21521,21522,35,143,2014-07-10
21521,21522,36,249,2014-07-10
21521,21522,20110,1,2014-07-10
21521,21522,21572,2,2014-07-10
21521,21522,21584,1,2014-07-10
21521,21522,21722,3,2014-07-10
21523,21524,34,2386,2014-07-10
21523,21524,35,143,2014-07-10
21523,21524,36,249,2014-07-10
21523,21524,20110,1,2014-07-10
21523,21524,21572,2,2014-07-10
21523,21524,21584,1,2014-07-10
21523,21524,21722,3,2014-07-10
21525,21526,34,2386,2014-07-10
21525,21526,35,143,2014-07-10
21525,21526,36,249,2014-07-10
21525,21526,20110,1,2014-07-10
21525,21526,21572,2,2014-07-10
21525,21526,21584,1,2014-07-10
21525,21526,21722,3,2014-07-10
21527,21528,34,1010,2014-07-10
21527,21528,35,267,2014-07-10
21527,21528,36,738,2014-07-10
21527,21528,20110,1,2014-07-10
21527,21528,21572,2,2014-07-10
21527,21528,21584,1,2014-07-10
21527,21528,21585,1,2014-07-10
21527,21528,21722,3,2014-07-10
21529,21530,34,2386,2014-07-10
21529,21530,35,143,2014-07-10
21529,21530,36,249,2014-07-10
21529,21530,20110,1,2014-07-10
21529,21530,21073,1,2014-07-10
21529,21530,21572,3,2014-07-10
21529,21530,21584,1,2014-07-10
21529,21530,21585,1,2014-07-10
21529,21530,21722,4,2014-07-10
21534,21535,34,3111,2014-07-10
21534,21535,35,782,2014-07-10
21534,21535,36,162,2014-07-10
21534,21535,39,2,2014-07-10
21534,21535,20110,2,2014-07-10
21534,21535,21584,1,2014-07-10
21534,21535,21720,1,2014-07-10
21534,21535,21721,2,2014-07-10
21536,21537,34,18831,2014-07-10
21536,21537,35,15610,2014-07-10
21536,21537,36,4,2014-07-10
21536,21537,38,3,2014-07-10
21536,21537,39,1,2014-07-10
21536,21537,20110,2,2014-07-10
21536,21537,21584,1,2014-07-10
21536,21537,21720,2,2014-07-10
21536,21537,21721,2,2014-07-10
21536,21537,21723,1,2014-07-10
21538,21539,34,37951,2014-07-10
21538,21539,35,30339,2014-07-10
21538,21539,36,16,2014-07-10
21538,21539,38,1,2014-07-10
21538,21539,39,7,2014-07-10
21538,21539,20110,2,2014-07-10
21538,21539,21584,2,2014-07-10
21538,21539,21585,1,2014-07-10
21538,21539,21586,2,2014-07-10
21538,21539,21719,1,2014-07-10
21538,21539,21720,2,2014-07-10
21538,21539,21721,2,2014-07-10
21538,21539,21723,2,2014-07-10
21540,21541,34,840,2014-07-10
21540,21541,35,183,2014-07-10
21540,21541,36,470,2014-07-10
21540,21541,37,4,2014-07-10
21540,21541,40,2,2014-07-10
21540,21541,21568,2,2014-07-10
21540,21541,21586,3,2014-07-10
21540,21541,21722,4,2014-07-10
21542,21543,34,556,2014-07-10
21542,21543,35,278,2014-07-10
21542,21543,21581,1,2014-07-10
21542,21543,21583,1,2014-07-10
21542,21543,21593,2,2014-07-10
21542,21543,21731,1,2014-07-10
21545,21546,34,1667,2014-07-10
21545,21546,35,144,2014-07-10
21545,21546,36,83,2014-07-10
21545,21546,37,22,2014-07-10
21545,21546,21581,2,2014-07-10
21545,21546,21595,3,2014-07-10
21545,21546,21731,1,2014-07-10
21547,21548,34,1596,2014-07-10
21547,21548,35,690,2014-07-10
21547,21548,36,144,2014-07-10
21547,21548,21581,2,2014-07-10
21547,21548,21595,3,2014-07-10
21547,21548,21731,1,2014-07-10
21549,21550,34,2729,2014-07-10
21549,21550,35,148,2014-07-10
21549,21550,36,171,2014-07-10
21549,21550,39,2,2014-07-10
21549,21550,21581,2,2014-07-10
21549,21550,21595,7,2014-07-10
21549,21550,21731,1,2014-07-10
21551,21552,34,4529,2014-07-10
21551,21552,35,1643,2014-07-10
21551,21552,36,2413,2014-07-10
21551,21552,38,1,2014-07-10
21551,21552,21581,1,2014-07-10
21551,21552,21582,2,2014-07-10
21551,21552,21592,1,2014-07-10
21551,21552,21595,7,2014-07-10
21551,21552,21730,1,2014-07-10
21553,21554,34,9089,2014-07-10
21553,21554,35,2786,2014-07-10
21553,21554,36,2827,2014-07-10
21553,21554,37,14,2014-07-10
21553,21554,38,1,2014-07-10
21553,21554,21581,1,2014-07-10
21553,21554,21582,2,2014-07-10
21553,21554,21592,1,2014-07-10
21553,21554,21595,7,2014-07-10
21553,21554,21730,1,2014-07-10
21555,21556,34,9133,2014-07-10
21555,21556,35,2981,2014-07-10
21555,21556,36,3599,2014-07-10
21555,21556,37,2,2014-07-10
21555,21556,38,18,2014-07-10
21555,21556,21581,1,2014-07-10
21555,21556,21582,2,2014-07-10
21555,21556,21592,1,2014-07-10
21555,21556,21595,13,2014-07-10
21555,21556,21730,1,2014-07-10
21557,21558,34,68307,2014-07-10
21557,21558,35,17839,2014-07-10
21557,21558,36,7197,2014-07-10
21557,21558,37,1951,2014-07-10
21557,21558,38,234,2014-07-10
21557,21558,39,6,2014-07-10
21557,21558,40,13,2014-07-10
21557,21558,21580,2,2014-07-10
21557,21558,21581,1,2014-07-10
21557,21558,21582,1,2014-07-10
21557,21558,21594,1,2014-07-10
21557,21558,21595,13,2014-07-10
21557,21558,21729,1,2014-07-10
21559,21560,34,91067,2014-07-10
21559,21560,35,23527,2014-07-10
21559,21560,36,8613,2014-07-10
21559,21560,37,2294,2014-07-10
21559,21560,38,324,2014-07-10
21559,21560,39,9,2014-07-10
21559,21560,40,26,2014-07-10
21559,21560,21580,2,2014-07-10
21559,21560,21581,1,2014-07-10
21559,21560,21582,1,2014-07-10
21559,21560,21594,2,2014-07-10
21559,21560,21595,13,2014-07-10
21559,21560,21729,1,2014-07-10
21561,21562,34,113880,2014-07-10
21561,21562,35,29214,2014-07-10
21561,21562,36,9747,2014-07-10
21561,21562,37,2650,2014-07-10
21561,21562,38,411,2014-07-10
21561,21562,39,21,2014-07-10
21561,21562,40,37,2014-07-10
21561,21562,21580,2,2014-07-10
21561,21562,21581,1,2014-07-10
21561,21562,21582,1,2014-07-10
21561,21562,21594,3,2014-07-10
21561,21562,21595,13,2014-07-10
21561,21562,21729,1,2014-07-10
21096,21604,34,12494,2014-07-10
21096,21604,35,8349,2014-07-10
21096,21604,36,1556,2014-07-10
21096,21604,37,920,2014-07-10
21096,21604,38,342,2014-07-10
21096,21604,39,139,2014-07-10
21096,21604,40,330,2014-07-10
21628,21629,34,2778,2014-07-10
21638,21639,9834,2,2014-07-10
21638,21639,9848,2,2014-07-10
21638,21639,11399,3,2014-07-10
21638,21639,11481,2,2014-07-10
21638,21639,11690,1,2014-07-10
21638,21639,15508,1,2014-07-10
21640,21641,9834,2,2014-07-10
21640,21641,9848,2,2014-07-10
21640,21641,11399,3,2014-07-10
21640,21641,11481,2,2014-07-10
21640,21641,11691,1,2014-07-10
21640,21641,15510,1,2014-07-10
21853,21854,34,52,2014-07-10
21853,21854,35,4,2014-07-10
21855,21856,34,78,2014-07-10
21855,21856,35,7,2014-07-10
21855,21856,36,1,2014-07-10
21857,21858,34,67,2014-07-10
21867,21868,34,351,2014-07-10
21867,21868,35,119,2014-07-10
21867,21868,38,1,2014-07-10
10260,21943,21947,11,2014-07-10
10260,21943,21949,11,2014-07-10
10260,21943,21951,11,2014-07-10
10260,21943,21953,44,2014-07-10
10260,21943,21955,178,2014-07-10
10260,21943,21957,11,2014-07-10
10260,21943,21961,11,2014-07-10
10260,21943,21965,11,2014-07-10
10260,21943,21967,44,2014-07-10
10260,21943,21969,11,2014-07-10
19758,21944,21947,11,2014-07-10
19758,21944,21949,11,2014-07-10
19758,21944,21951,11,2014-07-10
19758,21944,21953,178,2014-07-10
19758,21944,21955,22,2014-07-10
19758,21944,21957,11,2014-07-10
19758,21944,21961,11,2014-07-10
19758,21944,21965,11,2014-07-10
19758,21944,21967,67,2014-07-10
19758,21944,21969,11,2014-07-10
10257,21945,21947,11,2014-07-10
10257,21945,21949,11,2014-07-10
10257,21945,21951,11,2014-07-10
10257,21945,21953,44,2014-07-10
10257,21945,21955,44,2014-07-10
10257,21945,21957,11,2014-07-10
10257,21945,21961,11,2014-07-10
10257,21945,21963,11,2014-07-10
10257,21945,21965,11,2014-07-10
10257,21945,21967,178,2014-07-10
10257,21945,21969,11,2014-07-10
10258,21946,21947,11,2014-07-10
10258,21946,21949,11,2014-07-10
10258,21946,21951,11,2014-07-10
10258,21946,21955,22,2014-07-10
10258,21946,21957,11,2014-07-10
10258,21946,21959,111,2014-07-10
10258,21946,21961,11,2014-07-10
10258,21946,21965,11,2014-07-10
10258,21946,21967,89,2014-07-10
10258,21946,21969,11,2014-07-10
21947,21948,34,1111111,2014-07-10
21947,21948,38,1667,2014-07-10
21947,21948,39,167,2014-07-10
21947,21948,2868,1,2014-07-10
21947,21948,2869,2,2014-07-10
21947,21948,2870,4,2014-07-10
21947,21948,2871,1,2014-07-10
21947,21948,2875,2,2014-07-10
21949,21950,34,1111111,2014-07-10
21949,21950,38,1667,2014-07-10
21949,21950,39,167,2014-07-10
21949,21950,2868,1,2014-07-10
21949,21950,2869,3,2014-07-10
21949,21950,2870,9,2014-07-10
21949,21950,2871,2,2014-07-10
21949,21950,2872,2,2014-07-10
21949,21950,2876,1,2014-07-10
21951,21952,34,1111111,2014-07-10
21951,21952,38,1667,2014-07-10
21951,21952,39,167,2014-07-10
21951,21952,2867,1,2014-07-10
21951,21952,2869,2,2014-07-10
21951,21952,2870,4,2014-07-10
21951,21952,2875,4,2014-07-10
21951,21952,2876,1,2014-07-10
21953,21954,34,3055556,2014-07-10
21953,21954,38,7222,2014-07-10
21953,21954,39,556,2014-07-10
21953,21954,2867,6,2014-07-10
21953,21954,2869,4,2014-07-10
21953,21954,2870,9,2014-07-10
21953,21954,2871,7,2014-07-10
21953,21954,2872,6,2014-07-10
21953,21954,2875,8,2014-07-10
21953,21954,2876,4,2014-07-10
21955,21956,34,2777778,2014-07-10
21955,21956,38,6667,2014-07-10
21955,21956,39,500,2014-07-10
21955,21956,2867,4,2014-07-10
21955,21956,2868,3,2014-07-10
21955,21956,2869,11,2014-07-10
21955,21956,2870,7,2014-07-10
21955,21956,2871,4,2014-07-10
21955,21956,2872,7,2014-07-10
21955,21956,2876,3,2014-07-10
21957,21958,34,3333333,2014-07-10
21957,21958,38,8333,2014-07-10
21957,21958,39,833,2014-07-10
21957,21958,2868,6,2014-07-10
21957,21958,2869,9,2014-07-10
21957,21958,2870,8,2014-07-10
21957,21958,2871,7,2014-07-10
21957,21958,2872,6,2014-07-10
21957,21958,2875,8,2014-07-10
21957,21958,2876,3,2014-07-10
21959,21960,34,3333333,2014-07-10
21959,21960,38,8333,2014-07-10
21959,21960,39,833,2014-07-10
21959,21960,2867,7,2014-07-10
21959,21960,2869,8,2014-07-10
21959,21960,2870,9,2014-07-10
21959,21960,2871,7,2014-07-10
21959,21960,2872,6,2014-07-10
21959,21960,2875,9,2014-07-10
21959,21960,2876,3,2014-07-10
21961,21962,34,2777778,2014-07-10
21961,21962,38,6667,2014-07-10
21961,21962,39,500,2014-07-10
21961,21962,2867,4,2014-07-10
21961,21962,2868,3,2014-07-10
21961,21962,2870,11,2014-07-10
21961,21962,2871,4,2014-07-10
21961,21962,2872,4,2014-07-10
21961,21962,2875,7,2014-07-10
21961,21962,2876,4,2014-07-10
21963,21964,34,4444444,2014-07-10
21963,21964,38,11111,2014-07-10
21963,21964,39,1111,2014-07-10
21963,21964,2867,8,2014-07-10
21963,21964,2868,6,2014-07-10
21963,21964,2869,12,2014-07-10
21963,21964,2870,12,2014-07-10
21963,21964,2871,8,2014-07-10
21963,21964,2872,8,2014-07-10
21963,21964,2875,12,2014-07-10
21963,21964,2876,6,2014-07-10
21965,21966,34,1666667,2014-07-10
21965,21966,38,3333,2014-07-10
21965,21966,39,278,2014-07-10
21965,21966,2867,3,2014-07-10
21965,21966,2868,2,2014-07-10
21965,21966,2870,4,2014-07-10
21965,21966,2871,3,2014-07-10
21965,21966,2872,3,2014-07-10
21965,21966,2875,8,2014-07-10
21965,21966,2876,2,2014-07-10
21967,21968,34,3055556,2014-07-10
21967,21968,38,7222,2014-07-10
21967,21968,39,556,2014-07-10
21967,21968,2867,9,2014-07-10
21967,21968,2868,3,2014-07-10
21967,21968,2870,10,2014-07-10
21967,21968,2871,4,2014-07-10
21967,21968,2872,4,2014-07-10
21967,21968,2875,8,2014-07-10
21967,21968,2876,3,2014-07-10
21969,21970,34,2222222,2014-07-10
21969,21970,38,5556,2014-07-10
21969,21970,39,444,2014-07-10
21969,21970,2867,8,2014-07-10
21969,21970,2869,6,2014-07-10
21969,21970,2870,6,2014-07-10
21969,21970,2871,4,2014-07-10
21969,21970,2872,4,2014-07-10
21969,21970,2875,6,2014-07-10
21969,21970,2876,3,2014-07-10
22175,22176,34,840,2014-07-10
22175,22176,35,183,2014-07-10
22175,22176,36,470,2014-07-10
22175,22176,37,4,2014-07-10
22175,22176,40,2,2014-07-10
22177,22178,34,840,2014-07-10
22177,22178,35,183,2014-07-10
22177,22178,36,470,2014-07-10
22177,22178,37,4,2014-07-10
22177,22178,40,2,2014-07-10
22229,22230,3687,22,2014-07-10
22229,22230,3689,22,2014-07-10
22229,22230,11399,15,2014-07-10
22229,22230,11482,2,2014-07-10
22229,22230,11541,23,2014-07-10
22229,22230,16278,1,2014-07-10
22291,22292,3689,1,2014-07-10
22291,22292,9842,3,2014-07-10
22291,22292,11399,5,2014-07-10
22291,22292,11483,2,2014-07-10
22291,22292,11540,9,2014-07-10
22291,22292,12274,1,2014-07-10
20069,22299,34,949,2014-07-10
20069,22299,37,111,2014-07-10
20069,22299,38,56,2014-07-10
20069,22299,40,11,2014-07-10
20069,22299,2346,3,2014-07-10
20409,22300,34,949,2014-07-10
20409,22300,37,111,2014-07-10
20409,22300,38,56,2014-07-10
20409,22300,40,11,2014-07-10
20409,22300,2346,3,2014-07-10
22227,22301,34,949,2014-07-10
22227,22301,37,111,2014-07-10
22227,22301,38,56,2014-07-10
22227,22301,40,11,2014-07-10
22227,22301,2346,3,2014-07-10
11014,22302,34,1111,2014-07-10
11014,22302,37,111,2014-07-10
11014,22302,38,33,2014-07-10
11014,22302,40,13,2014-07-10
11014,22302,2349,2,2014-07-10
20406,22303,34,949,2014-07-10
20406,22303,37,111,2014-07-10
20406,22303,38,56,2014-07-10
20406,22303,40,11,2014-07-10
20406,22303,2346,3,2014-07-10
20405,22304,34,949,2014-07-10
20405,22304,37,111,2014-07-10
20405,22304,38,56,2014-07-10
20405,22304,40,11,2014-07-10
20405,22304,2346,3,2014-07-10
11052,22305,34,949,2014-07-10
11052,22305,37,111,2014-07-10
11052,22305,40,11,2014-07-10
11052,22305,2346,3,2014-07-10
20514,22306,34,949,2014-07-10
20514,22306,37,111,2014-07-10
20514,22306,38,56,2014-07-10
20514,22306,40,11,2014-07-10
20514,22306,2346,3,2014-07-10
20124,22307,34,949,2014-07-10
20124,22307,37,111,2014-07-10
20124,22307,38,56,2014-07-10
20124,22307,40,11,2014-07-10
20124,22307,2346,3,2014-07-10
22228,22308,34,949,2014-07-10
22228,22308,37,111,2014-07-10
22228,22308,38,56,2014-07-10
22228,22308,40,11,2014-07-10
22228,22308,2346,3,2014-07-10
20070,22309,34,949,2014-07-10
20070,22309,37,111,2014-07-10
20070,22309,40,11,2014-07-10
20070,22309,2346,3,2014-07-10
11017,22310,34,949,2014-07-10
11017,22310,37,111,2014-07-10
11017,22310,38,56,2014-07-10
11017,22310,40,11,2014-07-10
11017,22310,2346,3,2014-07-10
20408,22311,34,949,2014-07-10
20408,22311,37,111,2014-07-10
20408,22311,38,56,2014-07-10
20408,22311,40,11,2014-07-10
20408,22311,2346,3,2014-07-10
22325,22326,34,840,2014-07-10
22325,22326,35,183,2014-07-10
22325,22326,36,470,2014-07-10
22325,22326,37,4,2014-07-10
22325,22326,40,2,2014-07-10
22327,22328,34,840,2014-07-10
22327,22328,35,183,2014-07-10
22327,22328,36,470,2014-07-10
22327,22328,37,4,2014-07-10
22327,22328,40,2,2014-07-10
22329,22330,34,840,2014-07-10
22329,22330,35,183,2014-07-10
22329,22330,36,470,2014-07-10
22329,22330,37,4,2014-07-10
22329,22330,40,2,2014-07-10
22331,22332,34,840,2014-07-10
22331,22332,35,183,2014-07-10
22331,22332,36,470,2014-07-10
22331,22332,37,4,2014-07-10
22331,22332,40,2,2014-07-10
22428,22429,643,1,2014-07-10
22428,22429,3828,450,2014-07-10
22428,22429,11399,900,2014-07-10
22428,22429,11478,30,2014-07-10
22428,22429,11532,225,2014-07-10
22428,22429,11537,900,2014-07-10
22428,22429,11539,6300,2014-07-10
22428,22429,11543,18750,2014-07-10
22428,22429,11549,150,2014-07-10
22428,22429,11554,2250,2014-07-10
22428,22429,11557,1634,2014-07-10
22428,22429,21025,3,2014-07-10
22430,22431,645,1,2014-07-10
22430,22431,3828,450,2014-07-10
22430,22431,11399,900,2014-07-10
22430,22431,11478,30,2014-07-10
22430,22431,11531,225,2014-07-10
22430,22431,11535,900,2014-07-10
22430,22431,11541,6300,2014-07-10
22430,22431,11545,18750,2014-07-10
22430,22431,11547,150,2014-07-10
22430,22431,11553,2250,2014-07-10
22430,22431,11556,1634,2014-07-10
22430,22431,21025,3,2014-07-10
22436,22437,640,1,2014-07-10
22436,22437,3828,450,2014-07-10
22436,22437,11399,900,2014-07-10
22436,22437,11478,30,2014-07-10
22436,22437,11533,225,2014-07-10
22436,22437,11534,900,2014-07-10
22436,22437,11540,6300,2014-07-10
22436,22437,11544,18750,2014-07-10
22436,22437,11550,150,2014-07-10
22436,22437,11552,2250,2014-07-10
22436,22437,11558,1634,2014-07-10
22436,22437,21025,3,2014-07-10
22440,22441,644,1,2014-07-10
22440,22441,3828,450,2014-07-10
22440,22441,11399,900,2014-07-10
22440,22441,11478,30,2014-07-10
22440,22441,11530,225,2014-07-10
22440,22441,11536,900,2014-07-10
22440,22441,11538,6300,2014-07-10
22440,22441,11542,18750,2014-07-10
22440,22441,11548,150,2014-07-10
22440,22441,11551,2250,2014-07-10
22440,22441,11555,1634,2014-07-10
22440,22441,21025,3,2014-07-10
22442,22443,3828,300,2014-07-10
22442,22443,11399,300,2014-07-10
22442,22443,11478,23,2014-07-10
22442,22443,11531,120,2014-07-10
22442,22443,11535,495,2014-07-10
22442,22443,11541,2100,2014-07-10
22442,22443,11545,10500,2014-07-10
22442,22443,11547,53,2014-07-10
22442,22443,11553,900,2014-07-10
22442,22443,11556,600,2014-07-10
22442,22443,24700,1,2014-07-10
22444,22445,3828,300,2014-07-10
22444,22445,11399,300,2014-07-10
22444,22445,11478,23,2014-07-10
22444,22445,11530,120,2014-07-10
22444,22445,11536,450,2014-07-10
22444,22445,11538,1800,2014-07-10
22444,22445,11542,11250,2014-07-10
22444,22445,11548,60,2014-07-10
22444,22445,11551,975,2014-07-10
22444,22445,11555,570,2014-07-10
22444,22445,24702,1,2014-07-10
22446,22447,3828,375,2014-07-10
22446,22447,11399,300,2014-07-10
22446,22447,11478,23,2014-07-10
22446,22447,11533,120,2014-07-10
22446,22447,11534,495,2014-07-10
22446,22447,11540,2100,2014-07-10
22446,22447,11544,10500,2014-07-10
22446,22447,11550,53,2014-07-10
22446,22447,11552,900,2014-07-10
22446,22447,11558,600,2014-07-10
22446,22447,16227,1,2014-07-10
22448,22449,3828,300,2014-07-10
22448,22449,11399,300,2014-07-10
22448,22449,11478,23,2014-07-10
22448,22449,11532,120,2014-07-10
22448,22449,11537,450,2014-07-10
22448,22449,11539,1800,2014-07-10
22448,22449,11543,11250,2014-07-10
22448,22449,11549,60,2014-07-10
22448,22449,11554,975,2014-07-10
22448,22449,11557,570,2014-07-10
22448,22449,24696,1,2014-07-10
22452,22453,3828,23,2014-07-10
22452,22453,11399,15,2014-07-10
22452,22453,11478,9,2014-07-10
22452,22453,11532,60,2014-07-10
22452,22453,11537,75,2014-07-10
22452,22453,11539,360,2014-07-10
22452,22453,11543,1500,2014-07-10
22452,22453,11549,15,2014-07-10
22452,22453,11554,150,2014-07-10
22452,22453,11557,38,2014-07-10
22452,22453,16236,1,2014-07-10
22456,22457,3828,23,2014-07-10
22456,22457,11399,15,2014-07-10
22456,22457,11478,9,2014-07-10
22456,22457,11530,60,2014-07-10
22456,22457,11536,75,2014-07-10
22456,22457,11538,360,2014-07-10
22456,22457,11542,1500,2014-07-10
22456,22457,11548,15,2014-07-10
22456,22457,11551,150,2014-07-10
22456,22457,11555,38,2014-07-10
22456,22457,16242,1,2014-07-10
22460,22461,3828,23,2014-07-10
22460,22461,11399,15,2014-07-10
22460,22461,11478,9,2014-07-10
22460,22461,11531,60,2014-07-10
22460,22461,11535,75,2014-07-10
22460,22461,11541,360,2014-07-10
22460,22461,11545,1500,2014-07-10
22460,22461,11547,15,2014-07-10
22460,22461,11553,150,2014-07-10
22460,22461,11556,38,2014-07-10
22460,22461,16240,1,2014-07-10
22464,22465,3828,23,2014-07-10
22464,22465,11399,15,2014-07-10
22464,22465,11478,9,2014-07-10
22464,22465,11533,60,2014-07-10
22464,22465,11534,75,2014-07-10
22464,22465,11540,360,2014-07-10
22464,22465,11544,1500,2014-07-10
22464,22465,11550,15,2014-07-10
22464,22465,11552,150,2014-07-10
22464,22465,11558,38,2014-07-10
22464,22465,16238,1,2014-07-10
22466,22467,3828,375,2014-07-10
22466,22467,11399,300,2014-07-10
22466,22467,11478,23,2014-07-10
22466,22467,11531,120,2014-07-10
22466,22467,11535,450,2014-07-10
22466,22467,11541,1800,2014-07-10
22466,22467,11545,11250,2014-07-10
22466,22467,11547,60,2014-07-10
22466,22467,11553,975,2014-07-10
22466,22467,11556,570,2014-07-10
22466,22467,16229,1,2014-07-10
22468,22469,3828,375,2014-07-10
22468,22469,11399,300,2014-07-10
22468,22469,11478,23,2014-07-10
22468,22469,11530,120,2014-07-10
22468,22469,11536,495,2014-07-10
22468,22469,11538,2100,2014-07-10
22468,22469,11542,10500,2014-07-10
22468,22469,11548,53,2014-07-10
22468,22469,11551,900,2014-07-10
22468,22469,11555,600,2014-07-10
22468,22469,16231,1,2014-07-10
22470,22471,3828,300,2014-07-10
22470,22471,11399,300,2014-07-10
22470,22471,11478,23,2014-07-10
22470,22471,11533,120,2014-07-10
22470,22471,11534,450,2014-07-10
22470,22471,11540,1800,2014-07-10
22470,22471,11544,11250,2014-07-10
22470,22471,11550,60,2014-07-10
22470,22471,11552,975,2014-07-10
22470,22471,11558,570,2014-07-10
22470,22471,24698,1,2014-07-10
22474,22475,3828,375,2014-07-10
22474,22475,11399,300,2014-07-10
22474,22475,11478,23,2014-07-10
22474,22475,11532,120,2014-07-10
22474,22475,11537,495,2014-07-10
22474,22475,11539,2100,2014-07-10
22474,22475,11543,10500,2014-07-10
22474,22475,11549,53,2014-07-10
22474,22475,11554,900,2014-07-10
22474,22475,11557,600,2014-07-10
22474,22475,16233,1,2014-07-10
22476,22477,34,502,2014-07-10
22476,22477,35,297,2014-07-10
22476,22477,36,334,2014-07-10
22476,22477,37,197,2014-07-10
22476,22477,39,2,2014-07-10
22542,22543,34,676,2014-07-10
22542,22543,36,318,2014-07-10
22542,22543,37,2,2014-07-10
22542,22543,39,3,2014-07-10
22542,22543,40,1,2014-07-10
22544,22545,3828,150,2014-07-10
22544,22545,11399,108,2014-07-10
22544,22545,11478,15,2014-07-10
22544,22545,11531,60,2014-07-10
22544,22545,11535,225,2014-07-10
22544,22545,11541,3000,2014-07-10
22544,22545,11545,3000,2014-07-10
22544,22545,11547,45,2014-07-10
22544,22545,11553,600,2014-07-10
22544,22545,11556,225,2014-07-10
22544,22545,17476,1,2014-07-10
22546,22547,3828,105,2014-07-10
22546,22547,11399,75,2014-07-10
22546,22547,11478,9,2014-07-10
22546,22547,11531,42,2014-07-10
22546,22547,11535,158,2014-07-10
22546,22547,11541,2100,2014-07-10
22546,22547,11545,2100,2014-07-10
22546,22547,11547,32,2014-07-10
22546,22547,11553,420,2014-07-10
22546,22547,11556,158,2014-07-10
22546,22547,17480,1,2014-07-10
22548,22549,3828,128,2014-07-10
22548,22549,11399,92,2014-07-10
22548,22549,11478,12,2014-07-10
22548,22549,11531,51,2014-07-10
22548,22549,11535,192,2014-07-10
22548,22549,11541,2550,2014-07-10
22548,22549,11545,2550,2014-07-10
22548,22549,11547,39,2014-07-10
22548,22549,11553,510,2014-07-10
22548,22549,11556,192,2014-07-10
22548,22549,17478,1,2014-07-10
22553,22554,34,949,2014-07-10
22553,22554,37,111,2014-07-10
22553,22554,38,56,2014-07-10
22553,22554,40,11,2014-07-10
22553,22554,2346,3,2014-07-10
22555,22556,34,949,2014-07-10
22555,22556,37,111,2014-07-10
22555,22556,38,56,2014-07-10
22555,22556,40,11,2014-07-10
22555,22556,2346,3,2014-07-10
22557,22558,34,949,2014-07-10
22557,22558,37,111,2014-07-10
22557,22558,38,56,2014-07-10
22557,22558,40,11,2014-07-10
22557,22558,2346,3,2014-07-10
22572,22573,34,8516,2014-07-10
22572,22573,36,627,2014-07-10
22572,22573,37,9,2014-07-10
22572,22573,38,2,2014-07-10
22572,22573,39,4,2014-07-10
22572,22573,40,2,2014-07-10
22576,22577,34,676,2014-07-10
22576,22577,36,318,2014-07-10
22576,22577,37,2,2014-07-10
22576,22577,39,3,2014-07-10
22576,22577,40,1,2014-07-10
22765,22766,34,10973,2014-07-10
22765,22766,35,830,2014-07-10
22765,22766,36,299,2014-07-10
22765,22766,37,450,2014-07-10
22765,22766,38,30,2014-07-10
22778,22779,34,6,2014-07-10
22778,22779,35,17,2014-07-10
22778,22779,36,22,2014-07-10
22778,22779,37,1,2014-07-10
22778,22779,38,1,2014-07-10
22778,22779,40,1,2014-07-10
22778,22779,16275,56,2014-07-10
22780,22781,34,258,2014-07-10
22780,22781,35,4964,2014-07-10
22780,22781,38,2,2014-07-10
22780,22781,40,4,2014-07-10
22782,22783,34,12011,2014-07-10
22782,22783,35,9764,2014-07-10
22782,22783,36,2863,2014-07-10
22782,22783,37,1097,2014-07-10
22782,22783,38,553,2014-07-10
22782,22783,39,189,2014-07-10
22782,22783,40,114,2014-07-10
22852,22853,21009,222,2014-07-10
22852,22853,21013,83,2014-07-10
22852,22853,21017,111,2014-07-10
22852,22853,21019,28,2014-07-10
22852,22853,21021,167,2014-07-10
22852,22853,21023,167,2014-07-10
22852,22853,21025,222,2014-07-10
22852,22853,21029,583,2014-07-10
22852,22853,21035,83,2014-07-10
22852,22853,21037,56,2014-07-10
22852,22853,24558,222,2014-07-10
22852,22853,24560,222,2014-07-10
22875,22876,34,566,2014-07-10
22875,22876,35,504,2014-07-10
22875,22876,36,186,2014-07-10
22875,22876,23131,1,2014-07-10
22875,22876,23171,1,2014-07-10
22877,22878,34,566,2014-07-10
22877,22878,35,504,2014-07-10
22877,22878,36,186,2014-07-10
22877,22878,23128,1,2014-07-10
22877,22878,23129,1,2014-07-10
22877,22878,23130,1,2014-07-10
22877,22878,23131,1,2014-07-10
22877,22878,23132,1,2014-07-10
22877,22878,23138,1,2014-07-10
22877,22878,23139,1,2014-07-10
22877,22878,23140,1,2014-07-10
22877,22878,23141,1,2014-07-10
22877,22878,23142,1,2014-07-10
22877,22878,23168,1,2014-07-10
22877,22878,23169,1,2014-07-10
22877,22878,23170,1,2014-07-10
22877,22878,23171,1,2014-07-10
22877,22878,23172,1,2014-07-10
22879,22880,34,6013,2014-07-10
22879,22880,35,4514,2014-07-10
22879,22880,36,1612,2014-07-10
22879,22880,39,1,2014-07-10
22879,22880,40,1,2014-07-10
22879,22880,23129,2,2014-07-10
22879,22880,23139,3,2014-07-10
22879,22880,23169,2,2014-07-10
22879,22880,23172,1,2014-07-10
22881,22882,34,10178,2014-07-10
22881,22882,35,6494,2014-07-10
22881,22882,36,7,2014-07-10
22881,22882,38,3,2014-07-10
22881,22882,40,1,2014-07-10
22881,22882,23129,1,2014-07-10
22881,22882,23139,3,2014-07-10
22881,22882,23169,1,2014-07-10
22883,22884,34,10178,2014-07-10
22883,22884,35,6494,2014-07-10
22883,22884,36,7,2014-07-10
22883,22884,38,3,2014-07-10
22883,22884,40,1,2014-07-10
22883,22884,23129,1,2014-07-10
22883,22884,23139,3,2014-07-10
22883,22884,23169,1,2014-07-10
22885,22886,34,71,2014-07-10
22885,22886,35,24,2014-07-10
22885,22886,36,1,2014-07-10
22887,22888,34,858,2014-07-10
22887,22888,35,288,2014-07-10
22887,22888,40,2,2014-07-10
22887,22888,23128,1,2014-07-10
22887,22888,23138,1,2014-07-10
22887,22888,23168,1,2014-07-10
22887,22888,23171,1,2014-07-10
22889,22890,34,2271,2014-07-10
22889,22890,35,1063,2014-07-10
22889,22890,36,906,2014-07-10
22889,22890,37,1,2014-07-10
22889,22890,38,4,2014-07-10
22889,22890,23128,1,2014-07-10
22889,22890,23130,1,2014-07-10
22889,22890,23138,1,2014-07-10
22889,22890,23140,1,2014-07-10
22889,22890,23170,1,2014-07-10
22891,22892,34,4662,2014-07-10
22891,22892,35,1857,2014-07-10
22891,22892,36,1027,2014-07-10
22891,22892,37,44,2014-07-10
22891,22892,38,51,2014-07-10
22891,22892,23132,2,2014-07-10
22891,22892,23142,1,2014-07-10
22891,22892,23171,1,2014-07-10
22891,22892,23172,1,2014-07-10
22893,22894,34,1062,2014-07-10
22893,22894,35,2,2014-07-10
22893,22894,36,53,2014-07-10
22893,22894,38,3,2014-07-10
22893,22894,23128,1,2014-07-10
22893,22894,23129,1,2014-07-10
22893,22894,23138,1,2014-07-10
22893,22894,23139,1,2014-07-10
22893,22894,23168,1,2014-07-10
22893,22894,23169,1,2014-07-10
22895,22896,34,236,2014-07-10
22895,22896,35,3413,2014-07-10
22895,22896,23130,2,2014-07-10
22895,22896,23139,2,2014-07-10
22895,22896,23170,2,2014-07-10
22897,22898,34,236,2014-07-10
22897,22898,35,3413,2014-07-10
22897,22898,23130,2,2014-07-10
22897,22898,23139,2,2014-07-10
22897,22898,23170,2,2014-07-10
22899,22900,34,996,2014-07-10
22899,22900,35,300,2014-07-10
22899,22900,39,1,2014-07-10
22899,22900,23153,2,2014-07-10
22899,22900,23163,1,2014-07-10
22899,22900,23183,1,2014-07-10
22901,22902,34,1667,2014-07-10
22901,22902,35,144,2014-07-10
22901,22902,36,83,2014-07-10
22901,22902,37,22,2014-07-10
22901,22902,23153,3,2014-07-10
22901,22902,23163,1,2014-07-10
22901,22902,23183,2,2014-07-10
22903,22904,34,1596,2014-07-10
22903,22904,35,690,2014-07-10
22903,22904,36,144,2014-07-10
22903,22904,23153,1,2014-07-10
22903,22904,23163,2,2014-07-10
22903,22904,23183,1,2014-07-10
22905,22906,34,4453,2014-07-10
22905,22906,35,1287,2014-07-10
22905,22906,36,1199,2014-07-10
22905,22906,40,1,2014-07-10
22905,22906,23153,2,2014-07-10
22905,22906,23163,3,2014-07-10
22905,22906,23183,2,2014-07-10
22907,22908,34,4529,2014-07-10
22907,22908,35,1643,2014-07-10
22907,22908,36,2413,2014-07-10
22907,22908,38,1,2014-07-10
22907,22908,23153,3,2014-07-10
22907,22908,23155,1,2014-07-10
22907,22908,23165,2,2014-07-10
22907,22908,23166,1,2014-07-10
22907,22908,23183,2,2014-07-10
22907,22908,23185,1,2014-07-10
22909,22910,34,9089,2014-07-10
22909,22910,35,2786,2014-07-10
22909,22910,36,2827,2014-07-10
22909,22910,37,14,2014-07-10
22909,22910,38,1,2014-07-10
22909,22910,23155,2,2014-07-10
22909,22910,23165,3,2014-07-10
22909,22910,23185,2,2014-07-10
22911,22912,34,45551,2014-07-10
22911,22912,35,12150,2014-07-10
22911,22912,36,6060,2014-07-10
22911,22912,37,1596,2014-07-10
22911,22912,38,126,2014-07-10
22911,22912,39,8,2014-07-10
22911,22912,23157,1,2014-07-10
22911,22912,23167,2,2014-07-10
22911,22912,23187,1,2014-07-10
22913,22914,34,68307,2014-07-10
22913,22914,35,17839,2014-07-10
22913,22914,36,7197,2014-07-10
22913,22914,37,1951,2014-07-10
22913,22914,38,234,2014-07-10
22913,22914,39,6,2014-07-10
22913,22914,40,13,2014-07-10
22913,22914,23155,2,2014-07-10
22913,22914,23157,2,2014-07-10
22913,22914,23167,3,2014-07-10
22913,22914,23187,1,2014-07-10
22915,22916,34,91067,2014-07-10
22915,22916,35,23527,2014-07-10
22915,22916,36,8613,2014-07-10
22915,22916,37,2294,2014-07-10
22915,22916,38,324,2014-07-10
22915,22916,39,9,2014-07-10
22915,22916,40,26,2014-07-10
22915,22916,23157,3,2014-07-10
22915,22916,23167,4,2014-07-10
22915,22916,23187,2,2014-07-10
22917,22918,34,8050,2014-07-10
22917,22918,35,1459,2014-07-10
22917,22918,23154,1,2014-07-10
22917,22918,23164,3,2014-07-10
22917,22918,23184,2,2014-07-10
22919,22920,34,8050,2014-07-10
22919,22920,35,1459,2014-07-10
22919,22920,23154,4,2014-07-10
22919,22920,23166,4,2014-07-10
22919,22920,23186,3,2014-07-10
22921,22922,34,1324,2014-07-10
22921,22922,35,481,2014-07-10
22921,22922,36,119,2014-07-10
22921,22922,23128,2,2014-07-10
22921,22922,23129,1,2014-07-10
22921,22922,23139,3,2014-07-10
22921,22922,23142,1,2014-07-10
22921,22922,23169,1,2014-07-10
22923,22924,34,1324,2014-07-10
22923,22924,35,481,2014-07-10
22923,22924,36,119,2014-07-10
22923,22924,23128,3,2014-07-10
22923,22924,23129,3,2014-07-10
22923,22924,23139,3,2014-07-10
22923,22924,23169,2,2014-07-10
22925,22926,34,5662,2014-07-10
22925,22926,35,3998,2014-07-10
22925,22926,36,34,2014-07-10
22925,22926,23129,1,2014-07-10
22925,22926,23131,2,2014-07-10
22925,22926,23139,2,2014-07-10
22925,22926,23141,1,2014-07-10
22925,22926,23169,1,2014-07-10
22925,22926,23171,2,2014-07-10
22927,22928,34,949,2014-07-10
22927,22928,40,1,2014-07-10
22927,22928,23154,3,2014-07-10
22927,22928,23164,1,2014-07-10
22927,22928,23184,1,2014-07-10
22929,22930,34,949,2014-07-10
22929,22930,40,1,2014-07-10
22929,22930,23154,2,2014-07-10
22929,22930,23156,2,2014-07-10
22929,22930,23164,2,2014-07-10
22929,22930,23166,2,2014-07-10
22929,22930,23167,1,2014-07-10
22929,22930,23186,2,2014-07-10
22931,22932,34,716,2014-07-10
22931,22932,35,154,2014-07-10
22931,22932,36,370,2014-07-10
22931,22932,37,3,2014-07-10
22931,22932,40,2,2014-07-10
22931,22932,23154,3,2014-07-10
22931,22932,23166,1,2014-07-10
22931,22932,23184,1,2014-07-10
22933,22934,34,716,2014-07-10
22933,22934,35,154,2014-07-10
22933,22934,36,370,2014-07-10
22933,22934,37,3,2014-07-10
22933,22934,40,2,2014-07-10
22933,22934,23154,1,2014-07-10
22933,22934,23156,2,2014-07-10
22933,22934,23164,1,2014-07-10
22933,22934,23166,3,2014-07-10
22933,22934,23186,2,2014-07-10
22935,22936,34,3814,2014-07-10
22935,22936,35,3163,2014-07-10
22935,22936,36,3,2014-07-10
22935,22936,37,2,2014-07-10
22935,22936,23154,2,2014-07-10
22935,22936,23164,2,2014-07-10
22935,22936,23184,2,2014-07-10
22937,22938,34,3814,2014-07-10
22937,22938,35,3163,2014-07-10
22937,22938,36,3,2014-07-10
22937,22938,37,2,2014-07-10
22937,22938,23156,1,2014-07-10
22937,22938,23166,2,2014-07-10
22937,22938,23186,1,2014-07-10
22939,22940,34,5662,2014-07-10
22939,22940,35,3998,2014-07-10
22939,22940,36,34,2014-07-10
22939,22940,23156,3,2014-07-10
22939,22940,23166,2,2014-07-10
22939,22940,23184,1,2014-07-10
22941,22942,34,5662,2014-07-10
22941,22942,35,3998,2014-07-10
22941,22942,36,34,2014-07-10
22941,22942,23153,1,2014-07-10
22941,22942,23154,2,2014-07-10
22941,22942,23164,2,2014-07-10
22941,22942,23184,2,2014-07-10
22941,22942,23186,1,2014-07-10
22943,22944,34,252,2014-07-10
22943,22944,35,766,2014-07-10
22943,22944,36,1053,2014-07-10
22943,22944,37,119,2014-07-10
22943,22944,23154,3,2014-07-10
22943,22944,23164,1,2014-07-10
22943,22944,23184,1,2014-07-10
22945,22946,34,252,2014-07-10
22945,22946,35,766,2014-07-10
22945,22946,36,1053,2014-07-10
22945,22946,37,119,2014-07-10
22945,22946,23154,1,2014-07-10
22945,22946,23156,3,2014-07-10
22945,22946,23164,2,2014-07-10
22945,22946,23166,2,2014-07-10
22945,22946,23184,1,2014-07-10
22945,22946,23186,2,2014-07-10
22947,22948,34,896,2014-07-10
22947,22948,35,3,2014-07-10
22947,22948,36,112,2014-07-10
22947,22948,37,1,2014-07-10
22947,22948,23128,2,2014-07-10
22947,22948,23138,2,2014-07-10
22947,22948,23168,1,2014-07-10
22949,22950,34,1506,2014-07-10
22949,22950,35,924,2014-07-10
22949,22950,36,108,2014-07-10
22949,22950,23128,1,2014-07-10
22949,22950,23130,3,2014-07-10
22949,22950,23138,1,2014-07-10
22949,22950,23140,2,2014-07-10
22949,22950,23170,2,2014-07-10
22951,22952,34,4318,2014-07-10
22951,22952,35,3256,2014-07-10
22951,22952,36,1,2014-07-10
22951,22952,23130,1,2014-07-10
22951,22952,23132,2,2014-07-10
22951,22952,23140,2,2014-07-10
22951,22952,23142,2,2014-07-10
22951,22952,23172,2,2014-07-10
22953,22954,35,658,2014-07-10
22953,22954,36,2,2014-07-10
22953,22954,37,4,2014-07-10
22953,22954,38,1,2014-07-10
22953,22954,39,2,2014-07-10
22953,22954,23128,1,2014-07-10
22953,22954,23129,2,2014-07-10
22953,22954,23138,2,2014-07-10
22953,22954,23139,3,2014-07-10
22953,22954,23168,1,2014-07-10
22953,22954,23169,1,2014-07-10
23055,23056,34,946282,2014-07-10
23055,23056,35,222236,2014-07-10
23055,23056,36,86649,2014-07-10
23055,23056,37,23107,2014-07-10
23055,23056,38,4282,2014-07-10
23055,23056,39,682,2014-07-10
23055,23056,40,1133,2014-07-10
23057,23058,34,723136,2014-07-10
23057,23058,35,276693,2014-07-10
23057,23058,36,80500,2014-07-10
23057,23058,37,27804,2014-07-10
23057,23058,38,4744,2014-07-10
23057,23058,39,469,2014-07-10
23057,23058,40,1149,2014-07-10
23059,23060,34,916338,2014-07-10
23059,23060,35,252113,2014-07-10
23059,23060,36,83258,2014-07-10
23059,23060,37,32253,2014-07-10
23059,23060,38,5360,2014-07-10
23059,23060,39,520,2014-07-10
23059,23060,40,1138,2014-07-10
23061,23062,34,1143704,2014-07-10
23061,23062,35,222082,2014-07-10
23061,23062,36,83498,2014-07-10
23061,23062,37,20882,2014-07-10
23061,23062,38,4913,2014-07-10
23061,23062,39,593,2014-07-10
23061,23062,40,1109,2014-07-10
23071,23072,35,4,2014-07-10
23071,23072,37,3,2014-07-10
23071,23072,38,3,2014-07-10
23071,23072,39,1,2014-07-10
23414,23415,34,896,2014-07-10
23414,23415,35,3,2014-07-10
23414,23415,36,112,2014-07-10
23414,23415,37,1,2014-07-10
23414,23415,23128,2,2014-07-10
23414,23415,23138,2,2014-07-10
23414,23415,23168,1,2014-07-10
23416,23417,34,896,2014-07-10
23416,23417,35,3,2014-07-10
23416,23417,36,112,2014-07-10
23416,23417,37,1,2014-07-10
23416,23417,23130,3,2014-07-10
23416,23417,23132,1,2014-07-10
23416,23417,23138,1,2014-07-10
23416,23417,23139,1,2014-07-10
23416,23417,23140,1,2014-07-10
23416,23417,23141,1,2014-07-10
23416,23417,23142,1,2014-07-10
23416,23417,23172,1,2014-07-10
23418,23419,34,1062,2014-07-10
23418,23419,35,2,2014-07-10
23418,23419,36,53,2014-07-10
23418,23419,38,3,2014-07-10
23418,23419,23128,2,2014-07-10
23418,23419,23129,2,2014-07-10
23418,23419,23138,2,2014-07-10
23418,23419,23139,1,2014-07-10
23418,23419,23168,1,2014-07-10
23418,23419,23169,1,2014-07-10
23473,23474,34,5947,2014-07-10
23473,23474,35,729,2014-07-10
23473,23474,37,47,2014-07-10
23473,23474,38,27,2014-07-10
23473,23474,39,9,2014-07-10
23506,23507,34,258,2014-07-10
23506,23507,35,4964,2014-07-10
23506,23507,38,2,2014-07-10
23506,23507,40,4,2014-07-10
23510,23511,34,8516,2014-07-10
23510,23511,36,627,2014-07-10
23510,23511,37,9,2014-07-10
23510,23511,38,2,2014-07-10
23510,23511,39,4,2014-07-10
23510,23511,40,2,2014-07-10
23512,23513,34,7120,2014-07-10
23512,23513,35,896,2014-07-10
23512,23513,37,73,2014-07-10
23512,23513,38,9,2014-07-10
23512,23513,39,4,2014-07-10
23523,23524,34,10973,2014-07-10
23523,23524,35,830,2014-07-10
23523,23524,36,299,2014-07-10
23523,23524,37,450,2014-07-10
23523,23524,38,30,2014-07-10
23525,23526,34,516,2014-07-10
23525,23526,35,9929,2014-07-10
23525,23526,38,4,2014-07-10
23525,23526,40,9,2014-07-10
23527,23528,34,5556,2014-07-10
23527,23528,35,2222,2014-07-10
23527,23528,36,61,2014-07-10
23527,23528,37,2,2014-07-10
23527,23528,38,2,2014-07-10
23527,23528,39,56,2014-07-10
23527,23528,40,11,2014-07-10
23533,23534,34,444,2014-07-10
23533,23534,35,111,2014-07-10
23533,23534,40,1,2014-07-10
23536,23537,34,7120,2014-07-10
23536,23537,35,896,2014-07-10
23536,23537,37,73,2014-07-10
23536,23537,38,9,2014-07-10
23536,23537,39,4,2014-07-10
23559,23560,34,516,2014-07-10
23559,23560,35,9929,2014-07-10
23559,23560,38,4,2014-07-10
23559,23560,40,9,2014-07-10
23561,23562,34,516,2014-07-10
23561,23562,35,9929,2014-07-10
23561,23562,38,4,2014-07-10
23561,23562,40,9,2014-07-10
23563,23564,34,516,2014-07-10
23563,23564,35,9929,2014-07-10
23563,23564,38,4,2014-07-10
23563,23564,40,9,2014-07-10
23659,23660,34,471,2014-07-10
23659,23660,36,4,2014-07-10
23659,23660,38,2,2014-07-10
23702,23703,34,3133,2014-07-10
23702,23703,35,160,2014-07-10
23702,23703,36,154,2014-07-10
23702,23703,37,1,2014-07-10
23702,23703,38,8,2014-07-10
23702,23703,39,1,2014-07-10
23705,23706,34,2631,2014-07-10
23705,23706,35,542,2014-07-10
23705,23706,36,113,2014-07-10
23705,23706,39,2,2014-07-10
23707,23708,34,538,2014-07-10
23707,23708,35,69,2014-07-10
23707,23708,37,4,2014-07-10
23707,23708,38,2,2014-07-10
23709,23710,34,2747,2014-07-10
23709,23710,35,208,2014-07-10
23709,23710,36,76,2014-07-10
23709,23710,37,116,2014-07-10
23709,23710,38,7,2014-07-10
23711,23712,34,378,2014-07-10
23711,23712,35,62,2014-07-10
23711,23712,36,23,2014-07-10
23711,23712,37,19,2014-07-10
23711,23712,38,2,2014-07-10
23713,23714,34,3413,2014-07-10
23713,23714,35,2,2014-07-10
23713,23714,36,224,2014-07-10
23713,23714,37,11,2014-07-10
23713,23714,39,2,2014-07-10
23715,23716,34,509,2014-07-10
23715,23716,35,7,2014-07-10
23715,23716,37,4,2014-07-10
23715,23716,38,2,2014-07-10
23717,23718,34,2747,2014-07-10
23717,23718,35,208,2014-07-10
23717,23718,36,76,2014-07-10
23717,23718,37,116,2014-07-10
23717,23718,38,7,2014-07-10
23719,23720,34,378,2014-07-10
23719,23720,35,62,2014-07-10
23719,23720,36,23,2014-07-10
23719,23720,37,19,2014-07-10
23719,23720,38,2,2014-07-10
23721,23722,34,2724,2014-07-10
23721,23722,35,300,2014-07-10
23721,23722,36,187,2014-07-10
23721,23722,37,4,2014-07-10
23721,23722,38,4,2014-07-10
23723,23724,34,951,2014-07-10
23723,23724,35,7,2014-07-10
23723,23724,36,7,2014-07-10
23723,23724,38,4,2014-07-10
23725,23726,34,3133,2014-07-10
23725,23726,35,160,2014-07-10
23725,23726,36,154,2014-07-10
23725,23726,37,1,2014-07-10
23725,23726,38,8,2014-07-10
23725,23726,39,1,2014-07-10
23727,23728,34,471,2014-07-10
23727,23728,36,4,2014-07-10
23727,23728,38,2,2014-07-10
23729,23730,34,2724,2014-07-10
23729,23730,35,300,2014-07-10
23729,23730,36,187,2014-07-10
23729,23730,37,4,2014-07-10
23729,23730,38,4,2014-07-10
23731,23732,34,951,2014-07-10
23731,23732,35,7,2014-07-10
23731,23732,36,7,2014-07-10
23731,23732,38,4,2014-07-10
23735,23736,34,4143618,2014-07-10
23735,23736,35,1012707,2014-07-10
23735,23736,36,334889,2014-07-10
23735,23736,37,58698,2014-07-10
23735,23736,38,17342,2014-07-10
23735,23736,39,2467,2014-07-10
23735,23736,40,2189,2014-07-10
23757,23758,21009,7,2014-07-10
23757,23758,21013,3,2014-07-10
23757,23758,21017,11,2014-07-10
23757,23758,21019,10,2014-07-10
23757,23758,21021,11,2014-07-10
23757,23758,21023,4,2014-07-10
23757,23758,21025,11,2014-07-10
23757,23758,21029,49,2014-07-10
23757,23758,21035,3,2014-07-10
23757,23758,21037,8,2014-07-10
23757,23758,24558,11,2014-07-10
23757,23758,24560,11,2014-07-10
23759,23760,34,258,2014-07-10
23759,23760,35,4964,2014-07-10
23759,23760,38,2,2014-07-10
23759,23760,40,4,2014-07-10
23773,23774,21009,556,2014-07-10
23773,23774,21011,556,2014-07-10
23773,23774,21013,222,2014-07-10
23773,23774,21017,333,2014-07-10
23773,23774,21019,333,2014-07-10
23773,23774,21021,444,2014-07-10
23773,23774,21023,444,2014-07-10
23773,23774,21025,556,2014-07-10
23773,23774,21035,222,2014-07-10
23773,23774,21037,222,2014-07-10
23773,23774,24545,556,2014-07-10
23773,23774,24547,556,2014-07-10
23773,23774,24556,556,2014-07-10
23773,23774,24558,556,2014-07-10
23773,23774,24560,556,2014-07-10
23783,23784,34,751,2014-07-10
23783,23784,35,226,2014-07-10
23783,23784,36,311,2014-07-10
23783,23784,37,43,2014-07-10
23783,23784,38,2,2014-07-10
23783,23784,39,1,2014-07-10
23783,23784,23133,1,2014-07-10
23783,23784,23143,2,2014-07-10
23783,23784,23173,1,2014-07-10
23785,23786,34,18938,2014-07-10
23785,23786,35,18012,2014-07-10
23785,23786,36,13619,2014-07-10
23785,23786,37,877,2014-07-10
23785,23786,39,1,2014-07-10
23785,23786,40,6,2014-07-10
23785,23786,23133,6,2014-07-10
23785,23786,23135,1,2014-07-10
23785,23786,23137,2,2014-07-10
23785,23786,23145,2,2014-07-10
23785,23786,23147,4,2014-07-10
23785,23786,23175,3,2014-07-10
23785,23786,23177,2,2014-07-10
23787,23788,34,5244,2014-07-10
23787,23788,35,3160,2014-07-10
23787,23788,36,842,2014-07-10
23787,23788,38,20,2014-07-10
23787,23788,39,3,2014-07-10
23787,23788,40,1,2014-07-10
23787,23788,23133,1,2014-07-10
23787,23788,23135,1,2014-07-10
23787,23788,23143,2,2014-07-10
23787,23788,23145,1,2014-07-10
23787,23788,23175,2,2014-07-10
23789,23790,34,10591,2014-07-10
23789,23790,35,6983,2014-07-10
23789,23790,36,2503,2014-07-10
23789,23790,37,1,2014-07-10
23789,23790,39,6,2014-07-10
23789,23790,40,1,2014-07-10
23789,23790,23133,2,2014-07-10
23789,23790,23134,1,2014-07-10
23789,23790,23135,2,2014-07-10
23789,23790,23143,2,2014-07-10
23789,23790,23145,1,2014-07-10
23789,23790,23175,3,2014-07-10
23791,23792,34,1982,2014-07-10
23791,23792,35,98,2014-07-10
23791,23792,36,181,2014-07-10
23791,23792,38,1,2014-07-10
23791,23792,23133,1,2014-07-10
23791,23792,23143,1,2014-07-10
23791,23792,23173,2,2014-07-10
23793,23794,34,12218,2014-07-10
23793,23794,35,11594,2014-07-10
23793,23794,36,8360,2014-07-10
23793,23794,37,231,2014-07-10
23793,23794,38,6,2014-07-10
23793,23794,40,3,2014-07-10
23793,23794,23133,3,2014-07-10
23793,23794,23135,1,2014-07-10
23793,23794,23137,1,2014-07-10
23793,23794,23145,1,2014-07-10
23793,23794,23147,1,2014-07-10
23793,23794,23175,1,2014-07-10
23793,23794,23177,1,2014-07-10
23795,23796,34,858,2014-07-10
23795,23796,35,288,2014-07-10
23795,23796,40,2,2014-07-10
23795,23796,23133,2,2014-07-10
23795,23796,23143,1,2014-07-10
23795,23796,23173,2,2014-07-10
23797,23798,34,2271,2014-07-10
23797,23798,35,1063,2014-07-10
23797,23798,36,906,2014-07-10
23797,23798,37,1,2014-07-10
23797,23798,38,4,2014-07-10
23797,23798,23133,3,2014-07-10
23797,23798,23135,2,2014-07-10
23797,23798,23145,2,2014-07-10
23797,23798,23175,2,2014-07-10
23799,23800,34,4662,2014-07-10
23799,23800,35,1857,2014-07-10
23799,23800,36,1027,2014-07-10
23799,23800,37,44,2014-07-10
23799,23800,38,51,2014-07-10
23799,23800,23133,2,2014-07-10
23799,23800,23135,1,2014-07-10
23799,23800,23137,1,2014-07-10
23799,23800,23145,2,2014-07-10
23799,23800,23147,1,2014-07-10
23799,23800,23175,3,2014-07-10
23799,23800,23177,1,2014-07-10
23801,23802,34,684,2014-07-10
23801,23802,35,427,2014-07-10
23801,23802,36,153,2014-07-10
23801,23802,37,2,2014-07-10
23801,23802,38,2,2014-07-10
23801,23802,23134,1,2014-07-10
23801,23802,23144,1,2014-07-10
23801,23802,23174,1,2014-07-10
23803,23804,34,1338,2014-07-10
23803,23804,35,1058,2014-07-10
23803,23804,36,493,2014-07-10
23803,23804,37,2,2014-07-10
23803,23804,38,1,2014-07-10
23803,23804,23134,2,2014-07-10
23803,23804,23143,2,2014-07-10
23803,23804,23145,3,2014-07-10
23803,23804,23174,2,2014-07-10
23805,23806,34,4574,2014-07-10
23805,23806,35,1734,2014-07-10
23805,23806,36,1307,2014-07-10
23805,23806,39,2,2014-07-10
23805,23806,23133,1,2014-07-10
23805,23806,23134,4,2014-07-10
23805,23806,23136,2,2014-07-10
23805,23806,23144,1,2014-07-10
23805,23806,23146,2,2014-07-10
23805,23806,23174,2,2014-07-10
23805,23806,23176,1,2014-07-10
23807,23808,34,277,2014-07-10
23807,23808,38,6,2014-07-10
23807,23808,40,1,2014-07-10
23807,23808,23134,2,2014-07-10
23807,23808,23174,2,2014-07-10
23809,23810,34,242,2014-07-10
23809,23810,35,148,2014-07-10
23809,23810,36,569,2014-07-10
23809,23810,39,1,2014-07-10
23809,23810,40,1,2014-07-10
23809,23810,23134,2,2014-07-10
23809,23810,23136,1,2014-07-10
23809,23810,23144,1,2014-07-10
23809,23810,23146,1,2014-07-10
23809,23810,23174,1,2014-07-10
23809,23810,23176,1,2014-07-10
23811,23812,34,1677,2014-07-10
23811,23812,35,561,2014-07-10
23811,23812,36,488,2014-07-10
23811,23812,37,404,2014-07-10
23811,23812,38,6,2014-07-10
23811,23812,23134,2,2014-07-10
23811,23812,23136,2,2014-07-10
23811,23812,23144,2,2014-07-10
23811,23812,23146,1,2014-07-10
23811,23812,23174,2,2014-07-10
23811,23812,23176,2,2014-07-10
23813,23814,34,763,2014-07-10
23813,23814,35,321,2014-07-10
23813,23814,36,412,2014-07-10
23813,23814,40,1,2014-07-10
23813,23814,23149,3,2014-07-10
23813,23814,23159,2,2014-07-10
23813,23814,23179,2,2014-07-10
23815,23816,34,520,2014-07-10
23815,23816,35,39,2014-07-10
23815,23816,36,198,2014-07-10
23815,23816,37,96,2014-07-10
23815,23816,39,1,2014-07-10
23815,23816,40,1,2014-07-10
23815,23816,23149,1,2014-07-10
23815,23816,23158,1,2014-07-10
23815,23816,23179,1,2014-07-10
23817,23818,34,1484,2014-07-10
23817,23818,35,211,2014-07-10
23817,23818,36,397,2014-07-10
23817,23818,37,198,2014-07-10
23817,23818,39,20,2014-07-10
23817,23818,40,3,2014-07-10
23817,23818,23149,3,2014-07-10
23817,23818,23159,1,2014-07-10
23817,23818,23161,1,2014-07-10
23817,23818,23179,3,2014-07-10
23819,23820,34,1486,2014-07-10
23819,23820,35,1486,2014-07-10
23819,23820,36,1486,2014-07-10
23819,23820,37,1486,2014-07-10
23819,23820,39,50,2014-07-10
23819,23820,40,24,2014-07-10
23819,23820,23149,2,2014-07-10
23819,23820,23151,1,2014-07-10
23819,23820,23152,1,2014-07-10
23819,23820,23159,2,2014-07-10
23819,23820,23161,1,2014-07-10
23819,23820,23179,1,2014-07-10
23819,23820,23181,2,2014-07-10
23821,23822,34,2093,2014-07-10
23821,23822,35,1532,2014-07-10
23821,23822,36,22,2014-07-10
23821,23822,37,138,2014-07-10
23821,23822,40,1,2014-07-10
23821,23822,23149,1,2014-07-10
23821,23822,23158,1,2014-07-10
23821,23822,23179,1,2014-07-10
23824,23825,34,4547,2014-07-10
23824,23825,35,3208,2014-07-10
23824,23825,36,274,2014-07-10
23824,23825,37,592,2014-07-10
23824,23825,40,12,2014-07-10
23824,23825,23149,3,2014-07-10
23824,23825,23158,1,2014-07-10
23824,23825,23159,3,2014-07-10
23824,23825,23161,1,2014-07-10
23824,23825,23179,2,2014-07-10
23824,23825,23182,1,2014-07-10
23829,23830,34,12169,2014-07-10
23829,23830,35,6778,2014-07-10
23829,23830,36,1099,2014-07-10
23829,23830,37,3276,2014-07-10
23829,23830,40,69,2014-07-10
23829,23830,23149,1,2014-07-10
23829,23830,23151,2,2014-07-10
23829,23830,23159,2,2014-07-10
23829,23830,23161,1,2014-07-10
23829,23830,23179,1,2014-07-10
23829,23830,23181,2,2014-07-10
23834,23835,34,1742,2014-07-10
23834,23835,35,6,2014-07-10
23834,23835,36,78,2014-07-10
23834,23835,37,13,2014-07-10
23834,23835,39,1,2014-07-10
23834,23835,23148,1,2014-07-10
23834,23835,23158,2,2014-07-10
23834,23835,23178,1,2014-07-10
23836,23837,34,1556,2014-07-10
23836,23837,35,1158,2014-07-10
23836,23837,36,3,2014-07-10
23836,23837,37,7,2014-07-10
23836,23837,23148,2,2014-07-10
23836,23837,23158,3,2014-07-10
23836,23837,23178,1,2014-07-10
23836,23837,23179,1,2014-07-10
23838,23839,34,2200,2014-07-10
23838,23839,35,809,2014-07-10
23838,23839,36,21,2014-07-10
23838,23839,37,4,2014-07-10
23838,23839,39,2,2014-07-10
23838,23839,23148,2,2014-07-10
23838,23839,23158,2,2014-07-10
23838,23839,23178,2,2014-07-10
23838,23839,23179,2,2014-07-10
23840,23841,34,4529,2014-07-10
23840,23841,35,1643,2014-07-10
23840,23841,36,2413,2014-07-10
23840,23841,38,1,2014-07-10
23840,23841,23150,1,2014-07-10
23840,23841,23160,1,2014-07-10
23840,23841,23180,1,2014-07-10
23842,23843,34,9089,2014-07-10
23842,23843,35,2786,2014-07-10
23842,23843,36,2827,2014-07-10
23842,23843,37,14,2014-07-10
23842,23843,38,1,2014-07-10
23842,23843,23148,1,2014-07-10
23842,23843,23149,1,2014-07-10
23842,23843,23150,2,2014-07-10
23842,23843,23160,3,2014-07-10
23842,23843,23180,3,2014-07-10
23844,23845,34,9133,2014-07-10
23844,23845,35,2981,2014-07-10
23844,23845,36,3599,2014-07-10
23844,23845,37,2,2014-07-10
23844,23845,38,18,2014-07-10
23844,23845,23150,3,2014-07-10
23844,23845,23160,2,2014-07-10
23844,23845,23180,2,2014-07-10
23846,23847,34,68307,2014-07-10
23846,23847,35,17839,2014-07-10
23846,23847,36,7197,2014-07-10
23846,23847,37,1951,2014-07-10
23846,23847,38,234,2014-07-10
23846,23847,39,6,2014-07-10
23846,23847,40,13,2014-07-10
23846,23847,23152,2,2014-07-10
23846,23847,23162,2,2014-07-10
23846,23847,23182,2,2014-07-10
23848,23849,34,91067,2014-07-10
23848,23849,35,23527,2014-07-10
23848,23849,36,8613,2014-07-10
23848,23849,37,2294,2014-07-10
23848,23849,38,324,2014-07-10
23848,23849,39,9,2014-07-10
23848,23849,40,26,2014-07-10
23848,23849,23152,1,2014-07-10
23848,23849,23162,1,2014-07-10
23848,23849,23182,1,2014-07-10
23850,23851,34,113880,2014-07-10
23850,23851,35,29214,2014-07-10
23850,23851,36,9747,2014-07-10
23850,23851,37,2650,2014-07-10
23850,23851,38,411,2014-07-10
23850,23851,39,21,2014-07-10
23850,23851,40,37,2014-07-10
23850,23851,23152,3,2014-07-10
23850,23851,23162,3,2014-07-10
23850,23851,23182,3,2014-07-10
23852,23853,34,7396,2014-07-10
23852,23853,35,967,2014-07-10
23852,23853,38,3,2014-07-10
23852,23853,40,1,2014-07-10
23852,23853,23135,1,2014-07-10
23852,23853,23145,1,2014-07-10
23852,23853,23175,1,2014-07-10
23854,23855,34,7396,2014-07-10
23854,23855,35,967,2014-07-10
23854,23855,38,3,2014-07-10
23854,23855,40,1,2014-07-10
23854,23855,23133,1,2014-07-10
23854,23855,23135,3,2014-07-10
23854,23855,23144,1,2014-07-10
23854,23855,23145,2,2014-07-10
23854,23855,23175,3,2014-07-10
23856,23857,34,18489,2014-07-10
23856,23857,35,2417,2014-07-10
23856,23857,38,8,2014-07-10
23856,23857,40,3,2014-07-10
23856,23857,23137,2,2014-07-10
23856,23857,23147,2,2014-07-10
23856,23857,23177,2,2014-07-10
23864,23865,34,7884,2014-07-10
23864,23865,35,5283,2014-07-10
23864,23865,36,17,2014-07-10
23864,23865,39,2,2014-07-10
23864,23865,40,1,2014-07-10
23864,23865,23148,1,2014-07-10
23864,23865,23158,1,2014-07-10
23864,23865,23179,1,2014-07-10
23864,23865,23182,1,2014-07-10
23866,23867,34,22764,2014-07-10
23866,23867,35,18344,2014-07-10
23866,23867,36,28,2014-07-10
23866,23867,39,3,2014-07-10
23866,23867,23149,1,2014-07-10
23866,23867,23150,1,2014-07-10
23866,23867,23160,2,2014-07-10
23866,23867,23179,1,2014-07-10
23866,23867,23180,2,2014-07-10
23868,23869,34,46329,2014-07-10
23868,23869,35,36498,2014-07-10
23868,23869,38,3,2014-07-10
23868,23869,39,2,2014-07-10
23868,23869,40,1,2014-07-10
23868,23869,23152,2,2014-07-10
23868,23869,23162,2,2014-07-10
23868,23869,23182,2,2014-07-10
23883,23888,23882,1,2014-07-10
23883,23888,24289,11,2014-07-10
23894,23895,34,507,2014-07-10
23894,23895,35,51,2014-07-10
23894,23895,36,73,2014-07-10
23894,23895,37,7,2014-07-10
23894,23895,23134,1,2014-07-10
23894,23895,23143,1,2014-07-10
23894,23895,23144,1,2014-07-10
23894,23895,23174,2,2014-07-10
23896,23897,34,1116,2014-07-10
23896,23897,35,861,2014-07-10
23896,23897,38,3,2014-07-10
23896,23897,23134,2,2014-07-10
23896,23897,23144,1,2014-07-10
23896,23897,23147,1,2014-07-10
23896,23897,23174,2,2014-07-10
23898,23899,34,516,2014-07-10
23898,23899,35,67,2014-07-10
23898,23899,36,2,2014-07-10
23898,23899,37,73,2014-07-10
23898,23899,23136,2,2014-07-10
23898,23899,23146,2,2014-07-10
23898,23899,23176,2,2014-07-10
23900,23901,34,676,2014-07-10
23900,23901,36,318,2014-07-10
23900,23901,37,2,2014-07-10
23900,23901,39,3,2014-07-10
23900,23901,40,1,2014-07-10
23900,23901,23149,1,2014-07-10
23900,23901,23158,2,2014-07-10
23900,23901,23179,2,2014-07-10
23900,23901,23182,1,2014-07-10
23902,23903,34,676,2014-07-10
23902,23903,36,318,2014-07-10
23902,23903,37,2,2014-07-10
23902,23903,39,3,2014-07-10
23902,23903,40,1,2014-07-10
23902,23903,23151,3,2014-07-10
23902,23903,23152,1,2014-07-10
23902,23903,23161,2,2014-07-10
23902,23903,23181,2,2014-07-10
23911,23912,21009,8,2014-07-10
23911,23912,21013,8,2014-07-10
23911,23912,21017,9,2014-07-10
23911,23912,21019,8,2014-07-10
23911,23912,21021,7,2014-07-10
23911,23912,21023,7,2014-07-10
23911,23912,21025,11,2014-07-10
23911,23912,21029,61,2014-07-10
23911,23912,21035,8,2014-07-10
23911,23912,21037,10,2014-07-10
23911,23912,24558,11,2014-07-10
23911,23912,24560,11,2014-07-10
23913,23914,21009,139,2014-07-10
23913,23914,21013,139,2014-07-10
23913,23914,21017,167,2014-07-10
23913,23914,21019,139,2014-07-10
23913,23914,21021,111,2014-07-10
23913,23914,21023,83,2014-07-10
23913,23914,21025,222,2014-07-10
23913,23914,21029,694,2014-07-10
23913,23914,21035,139,2014-07-10
23913,23914,21037,222,2014-07-10
23913,23914,24558,222,2014-07-10
23913,23914,24560,222,2014-07-10
23915,23916,21009,4,2014-07-10
23915,23916,21013,11,2014-07-10
23915,23916,21017,4,2014-07-10
23915,23916,21019,6,2014-07-10
23915,23916,21021,4,2014-07-10
23915,23916,21023,11,2014-07-10
23915,23916,21025,11,2014-07-10
23915,23916,21029,41,2014-07-10
23915,23916,21035,11,2014-07-10
23915,23916,21037,6,2014-07-10
23915,23916,24558,11,2014-07-10
23915,23916,24560,11,2014-07-10
23917,23918,21009,56,2014-07-10
23917,23918,21013,222,2014-07-10
23917,23918,21017,56,2014-07-10
23917,23918,21019,83,2014-07-10
23917,23918,21021,56,2014-07-10
23917,23918,21023,222,2014-07-10
23917,23918,21025,222,2014-07-10
23917,23918,21029,417,2014-07-10
23917,23918,21035,222,2014-07-10
23917,23918,21037,111,2014-07-10
23917,23918,24558,222,2014-07-10
23917,23918,24560,222,2014-07-10
23919,23920,21009,111,2014-07-10
23919,23920,21013,28,2014-07-10
23919,23920,21017,222,2014-07-10
23919,23920,21019,222,2014-07-10
23919,23920,21021,222,2014-07-10
23919,23920,21023,56,2014-07-10
23919,23920,21025,222,2014-07-10
23919,23920,21029,500,2014-07-10
23919,23920,21035,28,2014-07-10
23919,23920,21037,167,2014-07-10
23919,23920,24558,222,2014-07-10
23919,23920,24560,222,2014-07-10
23953,23954,34,3548556,2014-07-10
23953,23954,35,1666763,2014-07-10
23953,23954,36,649867,2014-07-10
23953,23954,37,510933,2014-07-10
23953,23954,38,608112,2014-07-10
23953,23954,39,54540,2014-07-10
23953,23954,40,49620,2014-07-10
24283,24284,34,3207807,2014-07-10
24283,24284,35,828100,2014-07-10
24283,24284,36,330823,2014-07-10
24283,24284,37,56183,2014-07-10
24283,24284,38,13933,2014-07-10
24283,24284,39,2733,2014-07-10
24283,24284,40,1107,2014-07-10
24305,24306,3687,3,2014-07-10
24305,24306,3689,4,2014-07-10
24305,24306,11399,23,2014-07-10
24305,24306,11482,2,2014-07-10
24305,24306,11541,5,2014-07-10
24305,24306,11689,2,2014-07-10
24305,24306,12108,1,2014-07-10
24305,24306,17482,1,2014-07-10
24348,24349,34,27778,2014-07-10
24348,24349,35,12222,2014-07-10
24348,24349,36,10000,2014-07-10
24348,24349,37,2778,2014-07-10
24348,24349,38,389,2014-07-10
24348,24349,39,82,2014-07-10
24348,24349,40,44,2014-07-10
24395,24396,34,13333,2014-07-10
24395,24396,35,14444,2014-07-10
24395,24396,36,61,2014-07-10
24395,24396,37,2,2014-07-10
24395,24396,38,2,2014-07-10
24395,24396,40,1,2014-07-10
24417,24418,9840,9,2014-07-10
24417,24418,11399,5,2014-07-10
24417,24418,11483,2,2014-07-10
24417,24418,11688,9,2014-07-10
24417,24418,24395,1,2014-07-10
24427,24428,9840,9,2014-07-10
24427,24428,11399,5,2014-07-10
24427,24428,11483,2,2014-07-10
24427,24428,11688,9,2014-07-10
24427,24428,23527,1,2014-07-10
24438,24439,9840,9,2014-07-10
24438,24439,11399,5,2014-07-10
24438,24439,11483,2,2014-07-10
24438,24439,11688,9,2014-07-10
24438,24439,23533,1,2014-07-10
24443,24444,9838,3,2014-07-10
24443,24444,11399,5,2014-07-10
24443,24444,11484,2,2014-07-10
24443,24444,11558,6,2014-07-10
24443,24444,11561,1,2014-07-10
24468,24469,34,1667,2014-07-10
24468,24469,35,1333,2014-07-10
24468,24469,36,667,2014-07-10
24468,24469,37,82,2014-07-10
24468,24469,38,36,2014-07-10
24471,24472,34,2711,2014-07-10
24471,24472,35,33,2014-07-10
24471,24472,36,22,2014-07-10
24471,24472,37,11,2014-07-10
24471,24472,40,1,2014-07-10
24471,24472,9830,6,2014-07-10
24471,24472,11399,2,2014-07-10
24471,24472,11476,2,2014-07-10
24471,24472,11693,2,2014-07-10
24471,24472,16671,45,2014-07-10
24471,24472,16680,5,2014-07-10
24473,24474,34,2711,2014-07-10
24473,24474,35,33,2014-07-10
24473,24474,36,22,2014-07-10
24473,24474,37,11,2014-07-10
24473,24474,40,1,2014-07-10
24473,24474,9830,6,2014-07-10
24473,24474,11399,2,2014-07-10
24473,24474,11476,2,2014-07-10
24473,24474,11692,2,2014-07-10
24473,24474,16673,45,2014-07-10
24473,24474,16680,5,2014-07-10
24475,24476,34,2711,2014-07-10
24475,24476,35,33,2014-07-10
24475,24476,36,22,2014-07-10
24475,24476,37,11,2014-07-10
24475,24476,40,1,2014-07-10
24475,24476,9830,6,2014-07-10
24475,24476,11399,2,2014-07-10
24475,24476,11476,2,2014-07-10
24475,24476,11695,2,2014-07-10
24475,24476,16670,45,2014-07-10
24475,24476,16680,5,2014-07-10
24483,24484,21009,11,2014-07-10
24483,24484,21013,6,2014-07-10
24483,24484,21017,7,2014-07-10
24483,24484,21019,3,2014-07-10
24483,24484,21021,9,2014-07-10
24483,24484,21023,9,2014-07-10
24483,24484,21025,11,2014-07-10
24483,24484,21029,53,2014-07-10
24483,24484,21035,7,2014-07-10
24483,24484,21037,3,2014-07-10
24483,24484,24558,11,2014-07-10
24483,24484,24560,11,2014-07-10
24486,24487,34,3524,2014-07-10
24486,24487,36,33,2014-07-10
24486,24487,37,13,2014-07-10
24486,24487,39,1,2014-07-10
24486,24487,40,8,2014-07-10
24486,24487,9830,12,2014-07-10
24486,24487,11399,2,2014-07-10
24486,24487,11476,2,2014-07-10
24486,24487,11695,3,2014-07-10
24486,24487,16680,12,2014-07-10
24488,24489,34,3524,2014-07-10
24488,24489,36,33,2014-07-10
24488,24489,37,13,2014-07-10
24488,24489,39,1,2014-07-10
24488,24489,40,8,2014-07-10
24488,24489,9830,12,2014-07-10
24488,24489,11399,2,2014-07-10
24488,24489,11476,2,2014-07-10
24488,24489,11692,3,2014-07-10
24488,24489,16680,12,2014-07-10
24490,24491,34,3524,2014-07-10
24490,24491,36,33,2014-07-10
24490,24491,37,13,2014-07-10
24490,24491,39,1,2014-07-10
24490,24491,40,8,2014-07-10
24490,24491,9830,12,2014-07-10
24490,24491,11399,2,2014-07-10
24490,24491,11476,2,2014-07-10
24490,24491,11694,3,2014-07-10
24490,24491,16680,12,2014-07-10
24495,24496,34,3324,2014-07-10
24495,24496,36,22,2014-07-10
24495,24496,37,33,2014-07-10
24495,24496,40,4,2014-07-10
24495,24496,9830,12,2014-07-10
24495,24496,11399,2,2014-07-10
24495,24496,11476,2,2014-07-10
24495,24496,11693,3,2014-07-10
24495,24496,16680,12,2014-07-10
24497,24498,34,3324,2014-07-10
24497,24498,36,22,2014-07-10
24497,24498,37,33,2014-07-10
24497,24498,40,4,2014-07-10
24497,24498,9830,12,2014-07-10
24497,24498,11399,2,2014-07-10
24497,24498,11476,2,2014-07-10
24497,24498,11692,3,2014-07-10
24497,24498,16680,12,2014-07-10
24499,24500,34,3324,2014-07-10
24499,24500,36,22,2014-07-10
24499,24500,37,33,2014-07-10
24499,24500,40,4,2014-07-10
24499,24500,9830,12,2014-07-10
24499,24500,11399,2,2014-07-10
24499,24500,11476,2,2014-07-10
24499,24500,11695,3,2014-07-10
24499,24500,16680,12,2014-07-10
24501,24502,34,3324,2014-07-10
24501,24502,36,22,2014-07-10
24501,24502,37,33,2014-07-10
24501,24502,40,4,2014-07-10
24501,24502,9830,12,2014-07-10
24501,24502,11399,2,2014-07-10
24501,24502,11476,2,2014-07-10
24501,24502,11693,3,2014-07-10
24501,24502,16680,12,2014-07-10
24503,24504,34,3324,2014-07-10
24503,24504,36,22,2014-07-10
24503,24504,37,33,2014-07-10
24503,24504,40,4,2014-07-10
24503,24504,9830,12,2014-07-10
24503,24504,11399,2,2014-07-10
24503,24504,11476,2,2014-07-10
24503,24504,11692,3,2014-07-10
24503,24504,16680,12,2014-07-10
24505,24506,34,3324,2014-07-10
24505,24506,36,22,2014-07-10
24505,24506,37,33,2014-07-10
24505,24506,40,4,2014-07-10
24505,24506,9830,12,2014-07-10
24505,24506,11399,2,2014-07-10
24505,24506,11476,2,2014-07-10
24505,24506,11694,3,2014-07-10
24505,24506,16680,12,2014-07-10
24507,24508,34,11236,2014-07-10
24507,24508,38,24,2014-07-10
24507,24508,39,21,2014-07-10
24507,24508,40,33,2014-07-10
24507,24508,9830,126,2014-07-10
24507,24508,11399,8,2014-07-10
24507,24508,11476,2,2014-07-10
24507,24508,11692,14,2014-07-10
24507,24508,16680,18,2014-07-10
24509,24510,34,11236,2014-07-10
24509,24510,38,24,2014-07-10
24509,24510,39,21,2014-07-10
24509,24510,40,33,2014-07-10
24509,24510,9830,126,2014-07-10
24509,24510,11399,8,2014-07-10
24509,24510,11476,2,2014-07-10
24509,24510,11694,14,2014-07-10
24509,24510,16680,18,2014-07-10
24511,24512,34,11236,2014-07-10
24511,24512,38,24,2014-07-10
24511,24512,39,21,2014-07-10
24511,24512,40,33,2014-07-10
24511,24512,9830,126,2014-07-10
24511,24512,11399,8,2014-07-10
24511,24512,11476,2,2014-07-10
24511,24512,11695,14,2014-07-10
24511,24512,16680,18,2014-07-10
24513,24514,34,11236,2014-07-10
24513,24514,38,24,2014-07-10
24513,24514,39,21,2014-07-10
24513,24514,40,33,2014-07-10
24513,24514,9830,126,2014-07-10
24513,24514,11399,8,2014-07-10
24513,24514,11476,2,2014-07-10
24513,24514,11693,14,2014-07-10
24513,24514,16680,18,2014-07-10
24515,24516,34,11236,2014-07-10
24515,24516,38,24,2014-07-10
24515,24516,39,21,2014-07-10
24515,24516,40,33,2014-07-10
24515,24516,9830,126,2014-07-10
24515,24516,11399,8,2014-07-10
24515,24516,11476,2,2014-07-10
24515,24516,11695,14,2014-07-10
24515,24516,16680,18,2014-07-10
24517,24518,34,11236,2014-07-10
24517,24518,38,24,2014-07-10
24517,24518,39,21,2014-07-10
24517,24518,40,33,2014-07-10
24517,24518,9830,126,2014-07-10
24517,24518,11399,8,2014-07-10
24517,24518,11476,2,2014-07-10
24517,24518,11694,14,2014-07-10
24517,24518,16680,18,2014-07-10
24519,24520,34,32800,2014-07-10
24519,24520,36,556,2014-07-10
24519,24520,40,56,2014-07-10
24519,24520,9830,437,2014-07-10
24519,24520,11399,30,2014-07-10
24519,24520,11476,2,2014-07-10
24519,24520,11692,30,2014-07-10
24519,24520,16680,132,2014-07-10
24521,24522,34,32800,2014-07-10
24521,24522,36,556,2014-07-10
24521,24522,40,56,2014-07-10
24521,24522,9830,437,2014-07-10
24521,24522,11399,30,2014-07-10
24521,24522,11476,2,2014-07-10
24521,24522,11693,30,2014-07-10
24521,24522,16680,132,2014-07-10
24523,24524,34,32800,2014-07-10
24523,24524,36,556,2014-07-10
24523,24524,40,56,2014-07-10
24523,24524,9830,437,2014-07-10
24523,24524,11399,30,2014-07-10
24523,24524,11476,2,2014-07-10
24523,24524,11694,30,2014-07-10
24523,24524,16680,132,2014-07-10
24525,24526,34,32800,2014-07-10
24525,24526,36,556,2014-07-10
24525,24526,40,56,2014-07-10
24525,24526,9830,437,2014-07-10
24525,24526,11399,30,2014-07-10
24525,24526,11476,2,2014-07-10
24525,24526,11695,30,2014-07-10
24525,24526,16680,132,2014-07-10
24527,24528,34,32800,2014-07-10
24527,24528,36,556,2014-07-10
24527,24528,40,56,2014-07-10
24527,24528,9830,437,2014-07-10
24527,24528,11399,30,2014-07-10
24527,24528,11476,2,2014-07-10
24527,24528,11694,30,2014-07-10
24527,24528,16680,132,2014-07-10
24529,24530,34,32800,2014-07-10
24529,24530,36,556,2014-07-10
24529,24530,40,56,2014-07-10
24529,24530,9830,437,2014-07-10
24529,24530,11399,30,2014-07-10
24529,24530,11476,2,2014-07-10
24529,24530,11693,30,2014-07-10
24529,24530,16680,132,2014-07-10
24531,24532,34,22311,2014-07-10
24531,24532,36,333,2014-07-10
24531,24532,38,78,2014-07-10
24531,24532,40,39,2014-07-10
24531,24532,9830,129,2014-07-10
24531,24532,11399,15,2014-07-10
24531,24532,11476,2,2014-07-10
24531,24532,11692,14,2014-07-10
24531,24532,16680,59,2014-07-10
24533,24534,34,22311,2014-07-10
24533,24534,36,333,2014-07-10
24533,24534,38,78,2014-07-10
24533,24534,40,39,2014-07-10
24533,24534,9830,129,2014-07-10
24533,24534,11399,15,2014-07-10
24533,24534,11476,2,2014-07-10
24533,24534,11693,14,2014-07-10
24533,24534,16680,59,2014-07-10
24535,24536,34,22311,2014-07-10
24535,24536,36,333,2014-07-10
24535,24536,38,78,2014-07-10
24535,24536,40,39,2014-07-10
24535,24536,9830,129,2014-07-10
24535,24536,11399,15,2014-07-10
24535,24536,11476,2,2014-07-10
24535,24536,11694,14,2014-07-10
24535,24536,16680,59,2014-07-10
24537,24538,34,22311,2014-07-10
24537,24538,36,333,2014-07-10
24537,24538,38,78,2014-07-10
24537,24538,40,39,2014-07-10
24537,24538,9830,129,2014-07-10
24537,24538,11399,15,2014-07-10
24537,24538,11476,2,2014-07-10
24537,24538,11692,14,2014-07-10
24537,24538,16680,59,2014-07-10
24539,24540,34,22311,2014-07-10
24539,24540,36,333,2014-07-10
24539,24540,38,78,2014-07-10
24539,24540,40,39,2014-07-10
24539,24540,9830,129,2014-07-10
24539,24540,11399,15,2014-07-10
24539,24540,11476,2,2014-07-10
24539,24540,11694,14,2014-07-10
24539,24540,16680,59,2014-07-10
24541,24542,34,22311,2014-07-10
24541,24542,36,333,2014-07-10
24541,24542,38,78,2014-07-10
24541,24542,40,39,2014-07-10
24541,24542,9830,129,2014-07-10
24541,24542,11399,15,2014-07-10
24541,24542,11476,2,2014-07-10
24541,24542,11693,14,2014-07-10
24541,24542,16680,59,2014-07-10
24479,24543,34,2711,2014-07-10
24479,24543,35,33,2014-07-10
24479,24543,36,22,2014-07-10
24479,24543,37,11,2014-07-10
24479,24543,40,1,2014-07-10
24479,24543,9830,6,2014-07-10
24479,24543,11399,2,2014-07-10
24479,24543,11476,2,2014-07-10
24479,24543,11695,2,2014-07-10
24479,24543,16670,45,2014-07-10
24479,24543,16680,5,2014-07-10
13119,24544,34,2711,2014-07-10
13119,24544,35,33,2014-07-10
13119,24544,36,22,2014-07-10
13119,24544,37,11,2014-07-10
13119,24544,40,1,2014-07-10
13119,24544,9830,6,2014-07-10
13119,24544,11399,2,2014-07-10
13119,24544,11476,2,2014-07-10
13119,24544,11694,2,2014-07-10
13119,24544,16672,45,2014-07-10
13119,24544,16680,5,2014-07-10
24545,24546,34,1121659,2014-07-10
24545,24546,35,278776,2014-07-10
24545,24546,36,75379,2014-07-10
24545,24546,37,17669,2014-07-10
24545,24546,38,4176,2014-07-10
24545,24546,39,744,2014-07-10
24545,24546,40,567,2014-07-10
24547,24548,34,640393,2014-07-10
24547,24548,35,139591,2014-07-10
24547,24548,36,48471,2014-07-10
24547,24548,37,8888,2014-07-10
24547,24548,38,2612,2014-07-10
24547,24548,39,541,2014-07-10
24547,24548,40,222,2014-07-10
23674,24549,34,2010803,2014-07-10
23674,24549,35,1043243,2014-07-10
23674,24549,36,569903,2014-07-10
23674,24549,37,211913,2014-07-10
23674,24549,38,363647,2014-07-10
23674,24549,39,18819,2014-07-10
23674,24549,40,27354,2014-07-10
24550,24551,34,1774277,2014-07-10
24550,24551,35,1250072,2014-07-10
24550,24551,36,487400,2014-07-10
24550,24551,37,255467,2014-07-10
24550,24551,38,325036,2014-07-10
24550,24551,39,20780,2014-07-10
24550,24551,40,24810,2014-07-10
24552,24553,34,1344126,2014-07-10
24552,24553,35,1173084,2014-07-10
24552,24553,36,654653,2014-07-10
24552,24553,37,184989,2014-07-10
24552,24553,38,399939,2014-07-10
24552,24553,39,18423,2014-07-10
24552,24553,40,21464,2014-07-10
24554,24555,34,1810940,2014-07-10
24554,24555,35,1166207,2014-07-10
24554,24555,36,395432,2014-07-10
24554,24555,37,252423,2014-07-10
24554,24555,38,297654,2014-07-10
24554,24555,39,18879,2014-07-10
24554,24555,40,25829,2014-07-10
24556,24557,34,841877,2014-07-10
24556,24557,35,207776,2014-07-10
24556,24557,36,61980,2014-07-10
24556,24557,37,11132,2014-07-10
24556,24557,38,3317,2014-07-10
24556,24557,39,554,2014-07-10
24556,24557,40,286,2014-07-10
24558,24559,34,576759,2014-07-10
24558,24559,35,189942,2014-07-10
24558,24559,36,53312,2014-07-10
24558,24559,37,9010,2014-07-10
24558,24559,38,2461,2014-07-10
24558,24559,39,457,2014-07-10
24558,24559,40,208,2014-07-10
24560,24561,34,583442,2014-07-10
24560,24561,35,145664,2014-07-10
24560,24561,36,51297,2014-07-10
24560,24561,37,9321,2014-07-10
24560,24561,38,2678,2014-07-10
24560,24561,39,469,2014-07-10
24560,24561,40,218,2014-07-10
24569,24570,34,1774278,2014-07-10
24569,24570,35,416691,2014-07-10
24569,24570,36,162467,2014-07-10
24569,24570,37,26658,2014-07-10
24569,24570,38,8028,2014-07-10
24569,24570,39,1278,2014-07-10
24569,24570,40,570,2014-07-10
24478,24604,34,2711,2014-07-10
24478,24604,35,33,2014-07-10
24478,24604,36,22,2014-07-10
24478,24604,37,11,2014-07-10
24478,24604,40,1,2014-07-10
24478,24604,9830,6,2014-07-10
24478,24604,11399,2,2014-07-10
24478,24604,11476,2,2014-07-10
24478,24604,11692,2,2014-07-10
24478,24604,16673,45,2014-07-10
24478,24604,16680,5,2014-07-10
24477,24605,34,2711,2014-07-10
24477,24605,35,33,2014-07-10
24477,24605,36,22,2014-07-10
24477,24605,37,11,2014-07-10
24477,24605,40,1,2014-07-10
24477,24605,9830,6,2014-07-10
24477,24605,11399,2,2014-07-10
24477,24605,11476,2,2014-07-10
24477,24605,11693,2,2014-07-10
24477,24605,16671,45,2014-07-10
24477,24605,16680,5,2014-07-10
24492,24614,34,3524,2014-07-10
24492,24614,36,33,2014-07-10
24492,24614,37,13,2014-07-10
24492,24614,39,1,2014-07-10
24492,24614,40,8,2014-07-10
24492,24614,9830,12,2014-07-10
24492,24614,11399,2,2014-07-10
24492,24614,11476,2,2014-07-10
24492,24614,11693,3,2014-07-10
24492,24614,16680,12,2014-07-10
24494,24615,34,3524,2014-07-10
24494,24615,36,33,2014-07-10
24494,24615,37,13,2014-07-10
24494,24615,39,1,2014-07-10
24494,24615,40,8,2014-07-10
24494,24615,9830,12,2014-07-10
24494,24615,11399,2,2014-07-10
24494,24615,11476,2,2014-07-10
24494,24615,11695,3,2014-07-10
24494,24615,16680,12,2014-07-10
13856,24616,34,3524,2014-07-10
13856,24616,36,33,2014-07-10
13856,24616,37,13,2014-07-10
13856,24616,39,1,2014-07-10
13856,24616,40,8,2014-07-10
13856,24616,9830,12,2014-07-10
13856,24616,11399,2,2014-07-10
13856,24616,11476,2,2014-07-10
13856,24616,11692,3,2014-07-10
13856,24616,16680,12,2014-07-10
24493,24617,34,3524,2014-07-10
24493,24617,36,33,2014-07-10
24493,24617,37,13,2014-07-10
24493,24617,39,1,2014-07-10
24493,24617,40,8,2014-07-10
24493,24617,9830,12,2014-07-10
24493,24617,11399,2,2014-07-10
24493,24617,11476,2,2014-07-10
24493,24617,11694,3,2014-07-10
24493,24617,16680,12,2014-07-10
24620,24621,34,111111,2014-07-10
24620,24621,35,27778,2014-07-10
24620,24621,36,10000,2014-07-10
24620,24621,37,2778,2014-07-10
24620,24621,38,389,2014-07-10
24620,24621,39,22,2014-07-10
24620,24621,40,44,2014-07-10
24622,24623,34,111111,2014-07-10
24622,24623,35,27778,2014-07-10
24622,24623,36,10000,2014-07-10
24622,24623,37,2778,2014-07-10
24622,24623,38,389,2014-07-10
24622,24623,39,22,2014-07-10
24622,24623,40,44,2014-07-10
24644,24645,34,149936,2014-07-10
24644,24645,35,82482,2014-07-10
24644,24645,36,13778,2014-07-10
24644,24645,37,9944,2014-07-10
24644,24645,38,6056,2014-07-10
24644,24645,39,5900,2014-07-10
24644,24645,40,1509,2014-07-10
24688,24689,34,12980667,2014-07-10
24688,24689,35,3296000,2014-07-10
24688,24689,36,736778,2014-07-10
24688,24689,37,175589,2014-07-10
24688,24689,38,50500,2014-07-10
24688,24689,39,12867,2014-07-10
24688,24689,40,3144,2014-07-10
24690,24691,34,13130556,2014-07-10
24690,24691,35,3282889,2014-07-10
24690,24691,36,789333,2014-07-10
24690,24691,37,204967,2014-07-10
24690,24691,38,51267,2014-07-10
24690,24691,39,12600,2014-07-10
24690,24691,40,3256,2014-07-10
24692,24693,34,13870333,2014-07-10
24692,24693,35,3466778,2014-07-10
24692,24693,36,793889,2014-07-10
24692,24693,37,216500,2014-07-10
24692,24693,38,54200,2014-07-10
24692,24693,39,8433,2014-07-10
24692,24693,40,3733,2014-07-10
24694,24695,34,12977222,2014-07-10
24694,24695,35,2758000,2014-07-10
24694,24695,36,711889,2014-07-10
24694,24695,37,172289,2014-07-10
24694,24695,38,50800,2014-07-10
24694,24695,39,10900,2014-07-10
24694,24695,40,2356,2014-07-10
24696,24697,34,3888889,2014-07-10
24696,24697,35,833333,2014-07-10
24696,24697,36,205556,2014-07-10
24696,24697,37,33333,2014-07-10
24696,24697,39,3333,2014-07-10
24696,24697,40,1333,2014-07-10
24698,24699,34,2777778,2014-07-10
24698,24699,35,680078,2014-07-10
24698,24699,36,188889,2014-07-10
24698,24699,37,20000,2014-07-10
24698,24699,38,16667,2014-07-10
24698,24699,39,4003,2014-07-10
24698,24699,40,944,2014-07-10
24700,24701,34,3166667,2014-07-10
24700,24701,35,711111,2014-07-10
24700,24701,36,233333,2014-07-10
24700,24701,38,14444,2014-07-10
24700,24701,39,2778,2014-07-10
24700,24701,40,1333,2014-07-10
24702,24703,34,3e+06,2014-07-10
24702,24703,35,755556,2014-07-10
24702,24703,36,211111,2014-07-10
24702,24703,37,55556,2014-07-10
24702,24703,39,3556,2014-07-10
24702,24703,40,1444,2014-07-10
25266,25267,34,23402,2014-07-10
25266,25267,35,15333,2014-07-10
25266,25267,36,6699,2014-07-10
25266,25267,38,1507,2014-07-10
25266,25267,40,241,2014-07-10
9950,25303,40,4,2014-07-10
9950,25303,25237,17,2014-07-10
10155,25307,40,4,2014-07-10
10155,25307,25241,13,2014-07-10
10156,25308,40,4,2014-07-10
10156,25308,25283,11,2014-07-10
9947,25309,40,4,2014-07-10
9947,25309,25242,17,2014-07-10
10151,25310,40,4,2014-07-10
10151,25310,25335,13,2014-07-10
10152,25311,40,4,2014-07-10
10152,25311,25342,11,2014-07-10
10164,25314,40,4,2014-07-10
10164,25314,25334,17,2014-07-10
15462,25322,40,4,2014-07-10
15462,25322,25346,11,2014-07-10
15463,25323,40,4,2014-07-10
15463,25323,25332,17,2014-07-10
15466,25327,40,4,2014-07-10
15466,25327,25330,17,2014-07-10
15477,25328,40,4,2014-07-10
15477,25328,25336,13,2014-07-10
15478,25329,40,4,2014-07-10
15478,25329,25343,11,2014-07-10
15458,25503,40,4,2014-07-10
15458,25503,25340,13,2014-07-10
15480,25504,40,4,2014-07-10
15480,25504,25337,13,2014-07-10
15461,25505,40,4,2014-07-10
15461,25505,25339,13,2014-07-10
15464,25506,40,4,2014-07-10
15464,25506,25338,13,2014-07-10
10165,25507,40,4,2014-07-10
10165,25507,25341,13,2014-07-10
15479,25508,40,4,2014-07-10
15479,25508,25331,17,2014-07-10
15460,25509,40,4,2014-07-10
15460,25509,25252,17,2014-07-10
15457,25510,40,4,2014-07-10
15457,25510,25333,17,2014-07-10
15465,25511,40,4,2014-07-10
15465,25511,25345,11,2014-07-10
10166,25512,40,4,2014-07-10
10166,25512,25348,11,2014-07-10
15459,25513,40,4,2014-07-10
15459,25513,25347,11,2014-07-10
25349,25539,40,4,2014-07-10
25349,25539,25344,11,2014-07-10
25540,25541,34,93611,2014-07-10
25540,25541,35,30667,2014-07-10
25540,25541,36,7656,2014-07-10
25540,25541,38,711,2014-07-10
25540,25541,40,84,2014-07-10
25542,25543,34,93611,2014-07-10
25542,25543,35,30667,2014-07-10
25542,25543,36,7656,2014-07-10
25542,25543,38,711,2014-07-10
25542,25543,40,84,2014-07-10
25561,25562,34,676,2014-07-10
25561,25562,36,318,2014-07-10
25561,25562,37,2,2014-07-10
25561,25562,39,3,2014-07-10
25561,25562,40,1,2014-07-10
25563,25564,38,1,2014-07-10
25563,25564,9840,10,2014-07-10
25563,25564,9842,14,2014-07-10
25563,25564,11399,15,2014-07-10
25563,25564,11483,2,2014-07-10
25563,25564,11534,3,2014-07-10
25563,25564,11535,3,2014-07-10
25563,25564,11536,3,2014-07-10
25563,25564,11537,3,2014-07-10
25563,25564,11541,5,2014-07-10
25563,25564,25561,1,2014-07-10
25555,25584,21587,18,2014-07-10
25555,25584,21588,11,2014-07-10
25555,25584,21589,6,2014-07-10
25555,25584,21590,2,2014-07-10
25555,25584,21591,1,2014-07-10
25554,25585,23158,18,2014-07-10
25554,25585,23159,11,2014-07-10
25554,25585,23160,6,2014-07-10
25554,25585,23161,2,2014-07-10
25554,25585,23162,1,2014-07-10
25556,25586,23163,18,2014-07-10
25556,25586,23164,11,2014-07-10
25556,25586,23165,6,2014-07-10
25556,25586,23166,2,2014-07-10
25556,25586,23167,1,2014-07-10
25553,25587,21592,18,2014-07-10
25553,25587,21593,11,2014-07-10
25553,25587,21594,6,2014-07-10
25553,25587,21595,2,2014-07-10
25553,25587,21596,1,2014-07-10
25715,25716,9848,4,2014-07-10
25715,25716,11399,6,2014-07-10
25715,25716,11486,2,2014-07-10
25715,25716,11540,3,2014-07-10
25715,25716,20138,1,2014-07-10
25736,25737,25590,44,2014-07-10
25736,25737,25601,83,2014-07-10
25736,25737,25605,72,2014-07-10
25771,25772,34,471,2014-07-10
25771,25772,35,716,2014-07-10
25812,25813,3689,17,2014-07-10
25812,25813,11482,2,2014-07-10
25812,25813,11541,18,2014-07-10
25812,25813,11689,13,2014-07-10
25812,25813,25266,1,2014-07-10
25851,25852,23158,178,2014-07-10
25851,25852,23159,111,2014-07-10
25851,25852,23160,56,2014-07-10
25851,25852,23161,22,2014-07-10
25851,25852,23162,11,2014-07-10
25853,25854,21587,178,2014-07-10
25853,25854,21588,111,2014-07-10
25853,25854,21589,56,2014-07-10
25853,25854,21590,22,2014-07-10
25853,25854,21591,11,2014-07-10
25855,25856,23163,178,2014-07-10
25855,25856,23164,111,2014-07-10
25855,25856,23165,56,2014-07-10
25855,25856,23166,22,2014-07-10
25855,25856,23167,11,2014-07-10
25857,25858,21592,178,2014-07-10
25857,25858,21593,111,2014-07-10
25857,25858,21594,56,2014-07-10
25857,25858,21595,22,2014-07-10
25857,25858,21596,11,2014-07-10
25861,25862,34,840,2014-07-10
25861,25862,35,183,2014-07-10
25861,25862,36,470,2014-07-10
25861,25862,37,4,2014-07-10
25861,25862,40,2,2014-07-10
25888,25889,25590,44,2014-07-10
25888,25889,25601,83,2014-07-10
25888,25889,25605,72,2014-07-10
25890,25891,25590,44,2014-07-10
25890,25891,25601,83,2014-07-10
25890,25891,25605,72,2014-07-10
25892,25893,25590,44,2014-07-10
25892,25893,25601,83,2014-07-10
25892,25893,25605,72,2014-07-10
25894,25895,25590,56,2014-07-10
25894,25895,25601,83,2014-07-10
25894,25895,25605,72,2014-07-10
25896,25897,25590,67,2014-07-10
25896,25897,25601,100,2014-07-10
25896,25897,25605,89,2014-07-10
25898,25899,25590,67,2014-07-10
25898,25899,25601,100,2014-07-10
25898,25899,25605,89,2014-07-10
25900,25901,25590,67,2014-07-10
25900,25901,25601,100,2014-07-10
25900,25901,25605,89,2014-07-10
25902,25903,25590,67,2014-07-10
25902,25903,25601,100,2014-07-10
25902,25903,25605,89,2014-07-10
25906,25907,25589,22,2014-07-10
25906,25907,25599,56,2014-07-10
25906,25907,25601,67,2014-07-10
25908,25909,25596,44,2014-07-10
25908,25909,25599,72,2014-07-10
25908,25909,25600,83,2014-07-10
25910,25911,25596,44,2014-07-10
25910,25911,25598,72,2014-07-10
25910,25911,25600,83,2014-07-10
25912,25913,25596,44,2014-07-10
25912,25913,25599,72,2014-07-10
25912,25913,25600,83,2014-07-10
25914,25915,25596,89,2014-07-10
25914,25915,25599,72,2014-07-10
25914,25915,25600,83,2014-07-10
25916,25917,25596,89,2014-07-10
25916,25917,25598,111,2014-07-10
25916,25917,25600,111,2014-07-10
25918,25919,25596,94,2014-07-10
25918,25919,25598,111,2014-07-10
25918,25919,25600,111,2014-07-10
25920,25921,25596,104,2014-07-10
25920,25921,25598,117,2014-07-10
25920,25921,25600,114,2014-07-10
25922,25923,25596,116,2014-07-10
25922,25923,25598,126,2014-07-10
25922,25923,25600,121,2014-07-10
25924,25925,25596,116,2014-07-10
25924,25925,25598,134,2014-07-10
25924,25925,25600,128,2014-07-10
25928,25929,25597,78,2014-07-10
25928,25929,25598,89,2014-07-10
25928,25929,25604,33,2014-07-10
25930,25931,25597,89,2014-07-10
25930,25931,25598,111,2014-07-10
25930,25931,25604,44,2014-07-10
25932,25933,25597,89,2014-07-10
25932,25933,25599,111,2014-07-10
25932,25933,25604,44,2014-07-10
25934,25935,25597,89,2014-07-10
25934,25935,25599,111,2014-07-10
25934,25935,25604,44,2014-07-10
25936,25937,25597,67,2014-07-10
25936,25937,25599,89,2014-07-10
25936,25937,25601,100,2014-07-10
25948,25949,25598,72,2014-07-10
25948,25949,25600,83,2014-07-10
25948,25949,25603,22,2014-07-10
25950,25951,25594,44,2014-07-10
25950,25951,25598,72,2014-07-10
25950,25951,25601,83,2014-07-10
25952,25953,25594,44,2014-07-10
25952,25953,25598,72,2014-07-10
25952,25953,25601,83,2014-07-10
25954,25955,25598,167,2014-07-10
25954,25955,25600,167,2014-07-10
25954,25955,25603,56,2014-07-10
25956,25957,25594,67,2014-07-10
25956,25957,25598,261,2014-07-10
25956,25957,25600,250,2014-07-10
25968,25969,25592,22,2014-07-10
25968,25969,25599,56,2014-07-10
25968,25969,25601,56,2014-07-10
25970,25971,25592,67,2014-07-10
25970,25971,25599,89,2014-07-10
25970,25971,25601,100,2014-07-10
25972,25973,25592,67,2014-07-10
25972,25973,25599,89,2014-07-10
25972,25973,25601,100,2014-07-10
25974,25975,25592,67,2014-07-10
25974,25975,25599,89,2014-07-10
25974,25975,25601,100,2014-07-10
25976,25977,25592,89,2014-07-10
25976,25977,25599,89,2014-07-10
25976,25977,25601,111,2014-07-10
25978,25979,25592,102,2014-07-10
25978,25979,25599,89,2014-07-10
25978,25979,25601,127,2014-07-10
25980,25981,25592,116,2014-07-10
25980,25981,25599,89,2014-07-10
25980,25981,25601,138,2014-07-10
25996,25997,25591,22,2014-07-10
25996,25997,25599,56,2014-07-10
25996,25997,25601,56,2014-07-10
25998,25999,25591,67,2014-07-10
25998,25999,25599,89,2014-07-10
25998,25999,25601,100,2014-07-10
26000,26001,25591,67,2014-07-10
26000,26001,25599,89,2014-07-10
26000,26001,25601,100,2014-07-10
26002,26003,25591,67,2014-07-10
26002,26003,25599,89,2014-07-10
26002,26003,25601,100,2014-07-10
26004,26005,25591,89,2014-07-10
26004,26005,25599,89,2014-07-10
26004,26005,25601,111,2014-07-10
26006,26007,25591,102,2014-07-10
26006,26007,25599,89,2014-07-10
26006,26007,25601,127,2014-07-10
26008,26009,25591,116,2014-07-10
26008,26009,25599,89,2014-07-10
26008,26009,25601,138,2014-07-10
26016,26017,25588,44,2014-07-10
26016,26017,25598,111,2014-07-10
26016,26017,25600,111,2014-07-10
26018,26019,25588,89,2014-07-10
26018,26019,25598,111,2014-07-10
26018,26019,25600,111,2014-07-10
26020,26021,25588,44,2014-07-10
26020,26021,25598,111,2014-07-10
26020,26021,25600,111,2014-07-10
26022,26023,25588,59,2014-07-10
26022,26023,25598,111,2014-07-10
26022,26023,25600,111,2014-07-10
26024,26025,25588,59,2014-07-10
26024,26025,25598,111,2014-07-10
26024,26025,25600,111,2014-07-10
26026,26027,25588,102,2014-07-10
26026,26027,25598,89,2014-07-10
26026,26027,25600,127,2014-07-10
26028,26029,25588,67,2014-07-10
26028,26029,25598,89,2014-07-10
26028,26029,25600,100,2014-07-10
26030,26031,25588,116,2014-07-10
26030,26031,25598,89,2014-07-10
26030,26031,25600,138,2014-07-10
26038,26039,25593,67,2014-07-10
26038,26039,25599,89,2014-07-10
26038,26039,25601,100,2014-07-10
26040,26041,25593,67,2014-07-10
26040,26041,25599,89,2014-07-10
26040,26041,25601,100,2014-07-10
26042,26043,25593,67,2014-07-10
26042,26043,25599,89,2014-07-10
26042,26043,25601,100,2014-07-10
26046,26047,25593,102,2014-07-10
26046,26047,25599,89,2014-07-10
26046,26047,25601,127,2014-07-10
26048,26049,25593,116,2014-07-10
26048,26049,25599,89,2014-07-10
26048,26049,25601,138,2014-07-10
26056,26057,25595,22,2014-07-10
26056,26057,25598,56,2014-07-10
26056,26057,25600,33,2014-07-10
26058,26059,25599,89,2014-07-10
26058,26059,25600,100,2014-07-10
26058,26059,25602,33,2014-07-10
26060,26061,25599,89,2014-07-10
26060,26061,25600,100,2014-07-10
26060,26061,25602,33,2014-07-10
26062,26063,25595,67,2014-07-10
26062,26063,25598,72,2014-07-10
26062,26063,25601,83,2014-07-10
26064,26065,25595,67,2014-07-10
26064,26065,25598,89,2014-07-10
26064,26065,25601,100,2014-07-10
26066,26067,25599,79,2014-07-10
26066,26067,25600,110,2014-07-10
26066,26067,25602,70,2014-07-10
26068,26069,25599,79,2014-07-10
26068,26069,25600,117,2014-07-10
26068,26069,25602,80,2014-07-10
26070,26071,25595,111,2014-07-10
26070,26071,25598,78,2014-07-10
26070,26071,25601,124,2014-07-10
26072,26073,25595,111,2014-07-10
26072,26073,25598,76,2014-07-10
26072,26073,25601,131,2014-07-10
26076,26077,25589,44,2014-07-10
26076,26077,25599,72,2014-07-10
26076,26077,25601,83,2014-07-10
26078,26079,25589,44,2014-07-10
26078,26079,25599,72,2014-07-10
26078,26079,25601,83,2014-07-10
26080,26081,25589,44,2014-07-10
26080,26081,25599,72,2014-07-10
26080,26081,25601,83,2014-07-10
26082,26083,25589,44,2014-07-10
26082,26083,25599,72,2014-07-10
26082,26083,25601,83,2014-07-10
26084,26085,25598,111,2014-07-10
26084,26085,25600,111,2014-07-10
26084,26085,25606,44,2014-07-10
26086,26087,25598,111,2014-07-10
26086,26087,25600,111,2014-07-10
26086,26087,25606,44,2014-07-10
26088,26089,25598,111,2014-07-10
26088,26089,25600,111,2014-07-10
26088,26089,25606,44,2014-07-10
26090,26091,25589,33,2014-07-10
26090,26091,25599,78,2014-07-10
26090,26091,25601,72,2014-07-10
26096,26097,25597,89,2014-07-10
26096,26097,25599,111,2014-07-10
26096,26097,25600,111,2014-07-10
26100,26101,25597,89,2014-07-10
26100,26101,25599,111,2014-07-10
26100,26101,25600,111,2014-07-10
26102,26103,25597,89,2014-07-10
26102,26103,25599,111,2014-07-10
26102,26103,25600,111,2014-07-10
26104,26105,25597,89,2014-07-10
26104,26105,25599,56,2014-07-10
26104,26105,25600,67,2014-07-10
26106,26107,25597,44,2014-07-10
26106,26107,25598,72,2014-07-10
26106,26107,25601,83,2014-07-10
26108,26109,25597,67,2014-07-10
26108,26109,25599,89,2014-07-10
26108,26109,25601,100,2014-07-10
26110,26111,25597,67,2014-07-10
26110,26111,25598,89,2014-07-10
26110,26111,25601,100,2014-07-10
26112,26113,25597,67,2014-07-10
26112,26113,25599,89,2014-07-10
26112,26113,25601,100,2014-07-10
26173,26174,34,471,2014-07-10
26173,26174,35,716,2014-07-10
26286,26287,11475,2,2014-07-10
26286,26287,25609,12,2014-07-10
26286,26287,25620,23,2014-07-10
26286,26287,25624,20,2014-07-10
26288,26289,11475,2,2014-07-10
26288,26289,25609,12,2014-07-10
26288,26289,25620,23,2014-07-10
26288,26289,25624,20,2014-07-10
26290,26291,11475,2,2014-07-10
26290,26291,25609,12,2014-07-10
26290,26291,25620,23,2014-07-10
26290,26291,25624,20,2014-07-10
26292,26293,11475,2,2014-07-10
26292,26293,25609,12,2014-07-10
26292,26293,25620,23,2014-07-10
26292,26293,25624,20,2014-07-10
26294,26295,11475,2,2014-07-10
26294,26295,25609,18,2014-07-10
26294,26295,25620,27,2014-07-10
26294,26295,25624,24,2014-07-10
26296,26297,11475,2,2014-07-10
26296,26297,25609,18,2014-07-10
26296,26297,25620,27,2014-07-10
26296,26297,25624,24,2014-07-10
26298,26299,11475,2,2014-07-10
26298,26299,25609,18,2014-07-10
26298,26299,25620,27,2014-07-10
26298,26299,25624,24,2014-07-10
26300,26301,11475,2,2014-07-10
26300,26301,25609,18,2014-07-10
26300,26301,25620,27,2014-07-10
26300,26301,25624,24,2014-07-10
26302,26303,11475,2,2014-07-10
26302,26303,25609,15,2014-07-10
26302,26303,25620,23,2014-07-10
26302,26303,25624,20,2014-07-10
26304,26305,11475,2,2014-07-10
26304,26305,25614,30,2014-07-10
26304,26305,25617,21,2014-07-10
26304,26305,25620,36,2014-07-10
26306,26307,11475,2,2014-07-10
26306,26307,25614,6,2014-07-10
26306,26307,25617,15,2014-07-10
26306,26307,25619,9,2014-07-10
26308,26309,11475,2,2014-07-10
26308,26309,25614,18,2014-07-10
26308,26309,25617,20,2014-07-10
26308,26309,25620,23,2014-07-10
26310,26311,11475,2,2014-07-10
26310,26311,25618,24,2014-07-10
26310,26311,25619,27,2014-07-10
26310,26311,25621,9,2014-07-10
26312,26313,11475,2,2014-07-10
26312,26313,25614,30,2014-07-10
26312,26313,25617,21,2014-07-10
26312,26313,25620,33,2014-07-10
26314,26315,11475,2,2014-07-10
26314,26315,25614,18,2014-07-10
26314,26315,25617,24,2014-07-10
26314,26315,25620,27,2014-07-10
26318,26319,11475,2,2014-07-10
26318,26319,25618,24,2014-07-10
26318,26319,25619,27,2014-07-10
26318,26319,25621,9,2014-07-10
26320,26321,11475,2,2014-07-10
26320,26321,25618,21,2014-07-10
26320,26321,25619,30,2014-07-10
26320,26321,25621,20,2014-07-10
26322,26323,11475,2,2014-07-10
26322,26323,25618,21,2014-07-10
26322,26323,25619,32,2014-07-10
26322,26323,25621,21,2014-07-10
26324,26325,11481,2,2014-07-10
26324,26325,25615,12,2014-07-10
26324,26325,25617,20,2014-07-10
26324,26325,25619,23,2014-07-10
26326,26327,11481,2,2014-07-10
26326,26327,25615,24,2014-07-10
26326,26327,25617,30,2014-07-10
26326,26327,25619,30,2014-07-10
26328,26329,11481,2,2014-07-10
26328,26329,25615,26,2014-07-10
26328,26329,25617,30,2014-07-10
26328,26329,25619,30,2014-07-10
26330,26331,11481,2,2014-07-10
26330,26331,25615,12,2014-07-10
26330,26331,25617,20,2014-07-10
26330,26331,25619,23,2014-07-10
26332,26333,11481,2,2014-07-10
26332,26333,25615,12,2014-07-10
26332,26333,25617,20,2014-07-10
26332,26333,25619,23,2014-07-10
26334,26335,11481,2,2014-07-10
26334,26335,25615,24,2014-07-10
26334,26335,25617,20,2014-07-10
26334,26335,25619,23,2014-07-10
26336,26337,11481,2,2014-07-10
26336,26337,25615,32,2014-07-10
26336,26337,25617,35,2014-07-10
26336,26337,25619,33,2014-07-10
26338,26339,11481,2,2014-07-10
26338,26339,25615,29,2014-07-10
26338,26339,25617,32,2014-07-10
26338,26339,25619,32,2014-07-10
26340,26341,11481,2,2014-07-10
26340,26341,25615,32,2014-07-10
26340,26341,25617,36,2014-07-10
26340,26341,25619,35,2014-07-10
26342,26343,11483,2,2014-07-10
26342,26343,25616,24,2014-07-10
26342,26343,25617,30,2014-07-10
26342,26343,25623,12,2014-07-10
26344,26345,11483,2,2014-07-10
26344,26345,25616,21,2014-07-10
26344,26345,25617,24,2014-07-10
26344,26345,25623,9,2014-07-10
26346,26347,11483,2,2014-07-10
26346,26347,25616,24,2014-07-10
26346,26347,25617,30,2014-07-10
26346,26347,25623,12,2014-07-10
26348,26349,11483,2,2014-07-10
26348,26349,25616,24,2014-07-10
26348,26349,25617,30,2014-07-10
26348,26349,25623,12,2014-07-10
26350,26351,11483,2,2014-07-10
26350,26351,25616,18,2014-07-10
26350,26351,25617,24,2014-07-10
26350,26351,25623,27,2014-07-10
26352,26353,9842,18,2014-07-10
26352,26353,11483,2,2014-07-10
26352,26353,25616,12,2014-07-10
26352,26353,25617,20,2014-07-10
26352,26353,25620,23,2014-07-10
26354,26355,9842,18,2014-07-10
26354,26355,11483,2,2014-07-10
26354,26355,25616,18,2014-07-10
26354,26355,25617,24,2014-07-10
26354,26355,25620,27,2014-07-10
26356,26357,9842,18,2014-07-10
26356,26357,11483,2,2014-07-10
26356,26357,25616,18,2014-07-10
26356,26357,25618,24,2014-07-10
26356,26357,25619,27,2014-07-10
26358,26359,9842,18,2014-07-10
26358,26359,11483,2,2014-07-10
26358,26359,25616,24,2014-07-10
26358,26359,25618,30,2014-07-10
26358,26359,25619,30,2014-07-10
26360,26361,9842,18,2014-07-10
26360,26361,11483,2,2014-07-10
26360,26361,25616,18,2014-07-10
26360,26361,25618,24,2014-07-10
26360,26361,25619,27,2014-07-10
26362,26363,9842,18,2014-07-10
26362,26363,11483,2,2014-07-10
26362,26363,25616,24,2014-07-10
26362,26363,25618,15,2014-07-10
26362,26363,25619,18,2014-07-10
26364,26365,9842,18,2014-07-10
26364,26365,11483,2,2014-07-10
26364,26365,25616,24,2014-07-10
26364,26365,25618,30,2014-07-10
26364,26365,25619,30,2014-07-10
26366,26367,9842,18,2014-07-10
26366,26367,11483,2,2014-07-10
26366,26367,25616,24,2014-07-10
26366,26367,25618,30,2014-07-10
26366,26367,25619,30,2014-07-10
26368,26369,11482,2,2014-07-10
26368,26369,25613,12,2014-07-10
26368,26369,25617,20,2014-07-10
26368,26369,25620,23,2014-07-10
26370,26371,11482,2,2014-07-10
26370,26371,25613,18,2014-07-10
26370,26371,25617,71,2014-07-10
26370,26371,25619,68,2014-07-10
26372,26373,11482,2,2014-07-10
26372,26373,25613,12,2014-07-10
26372,26373,25617,20,2014-07-10
26372,26373,25620,23,2014-07-10
26374,26375,11482,2,2014-07-10
26374,26375,25617,20,2014-07-10
26374,26375,25619,23,2014-07-10
26374,26375,25622,6,2014-07-10
26376,26377,11482,2,2014-07-10
26376,26377,25617,45,2014-07-10
26376,26377,25619,45,2014-07-10
26376,26377,25622,15,2014-07-10
26378,26379,11486,2,2014-07-10
26378,26379,25611,6,2014-07-10
26378,26379,25618,15,2014-07-10
26378,26379,25620,15,2014-07-10
26380,26381,11486,2,2014-07-10
26380,26381,25611,27,2014-07-10
26380,26381,25618,24,2014-07-10
26380,26381,25620,35,2014-07-10
26382,26383,11486,2,2014-07-10
26382,26383,25611,32,2014-07-10
26382,26383,25618,24,2014-07-10
26382,26383,25620,38,2014-07-10
26384,26385,11486,2,2014-07-10
26384,26385,25611,24,2014-07-10
26384,26385,25618,24,2014-07-10
26384,26385,25620,30,2014-07-10
26386,26387,11486,2,2014-07-10
26386,26387,25611,18,2014-07-10
26386,26387,25618,24,2014-07-10
26386,26387,25620,27,2014-07-10
26388,26389,11486,2,2014-07-10
26388,26389,25611,18,2014-07-10
26388,26389,25618,24,2014-07-10
26388,26389,25620,27,2014-07-10
26390,26391,11486,2,2014-07-10
26390,26391,25611,18,2014-07-10
26390,26391,25618,24,2014-07-10
26390,26391,25620,27,2014-07-10
26392,26393,11486,2,2014-07-10
26392,26393,25610,6,2014-07-10
26392,26393,25618,15,2014-07-10
26392,26393,25620,15,2014-07-10
26394,26395,11486,2,2014-07-10
26394,26395,25610,27,2014-07-10
26394,26395,25618,24,2014-07-10
26394,26395,25620,35,2014-07-10
26396,26397,11486,2,2014-07-10
26396,26397,25610,32,2014-07-10
26396,26397,25618,24,2014-07-10
26396,26397,25620,38,2014-07-10
26398,26399,11486,2,2014-07-10
26398,26399,25610,24,2014-07-10
26398,26399,25618,24,2014-07-10
26398,26399,25620,30,2014-07-10
26400,26401,11486,2,2014-07-10
26400,26401,25610,18,2014-07-10
26400,26401,25618,24,2014-07-10
26400,26401,25620,27,2014-07-10
26402,26403,11486,2,2014-07-10
26402,26403,25610,18,2014-07-10
26402,26403,25618,24,2014-07-10
26402,26403,25620,27,2014-07-10
26404,26405,11486,2,2014-07-10
26404,26405,25610,18,2014-07-10
26404,26405,25618,24,2014-07-10
26404,26405,25620,27,2014-07-10
26406,26407,11486,2,2014-07-10
26406,26407,25607,27,2014-07-10
26406,26407,25617,24,2014-07-10
26406,26407,25619,35,2014-07-10
26408,26409,11486,2,2014-07-10
26408,26409,25607,24,2014-07-10
26408,26409,25617,30,2014-07-10
26408,26409,25619,30,2014-07-10
26410,26411,11486,2,2014-07-10
26410,26411,25607,17,2014-07-10
26410,26411,25617,30,2014-07-10
26410,26411,25619,30,2014-07-10
26412,26413,11486,2,2014-07-10
26412,26413,25607,18,2014-07-10
26412,26413,25617,24,2014-07-10
26412,26413,25619,27,2014-07-10
26414,26415,11486,2,2014-07-10
26414,26415,25607,12,2014-07-10
26414,26415,25617,30,2014-07-10
26414,26415,25619,30,2014-07-10
26416,26417,11486,2,2014-07-10
26416,26417,25607,12,2014-07-10
26416,26417,25617,30,2014-07-10
26416,26417,25619,30,2014-07-10
26418,26419,11486,2,2014-07-10
26418,26419,25607,17,2014-07-10
26418,26419,25617,30,2014-07-10
26418,26419,25619,30,2014-07-10
26420,26421,11486,2,2014-07-10
26420,26421,25607,32,2014-07-10
26420,26421,25617,24,2014-07-10
26420,26421,25619,38,2014-07-10
26422,26423,11486,2,2014-07-10
26422,26423,25612,6,2014-07-10
26422,26423,25618,15,2014-07-10
26422,26423,25620,15,2014-07-10
26424,26425,11486,2,2014-07-10
26424,26425,25612,32,2014-07-10
26424,26425,25618,24,2014-07-10
26424,26425,25620,38,2014-07-10
26426,26427,11486,2,2014-07-10
26426,26427,25612,24,2014-07-10
26426,26427,25618,24,2014-07-10
26426,26427,25620,30,2014-07-10
26428,26429,11486,2,2014-07-10
26428,26429,25612,18,2014-07-10
26428,26429,25618,24,2014-07-10
26428,26429,25620,27,2014-07-10
26430,26431,11486,2,2014-07-10
26430,26431,25612,27,2014-07-10
26430,26431,25618,24,2014-07-10
26430,26431,25620,35,2014-07-10
26432,26433,11486,2,2014-07-10
26432,26433,25612,18,2014-07-10
26432,26433,25618,24,2014-07-10
26432,26433,25620,27,2014-07-10
26434,26435,11486,2,2014-07-10
26434,26435,25612,18,2014-07-10
26434,26435,25618,24,2014-07-10
26434,26435,25620,27,2014-07-10
26436,26437,11484,2,2014-07-10
26436,26437,25608,12,2014-07-10
26436,26437,25618,20,2014-07-10
26436,26437,25620,23,2014-07-10
26438,26439,11484,2,2014-07-10
26438,26439,25608,12,2014-07-10
26438,26439,25618,20,2014-07-10
26438,26439,25620,23,2014-07-10
26440,26441,11484,2,2014-07-10
26440,26441,25608,12,2014-07-10
26440,26441,25618,20,2014-07-10
26440,26441,25620,23,2014-07-10
26442,26443,11484,2,2014-07-10
26442,26443,25608,12,2014-07-10
26442,26443,25618,20,2014-07-10
26442,26443,25620,23,2014-07-10
26444,26445,11484,2,2014-07-10
26444,26445,25608,6,2014-07-10
26444,26445,25618,15,2014-07-10
26444,26445,25620,18,2014-07-10
26446,26447,11484,2,2014-07-10
26446,26447,25608,9,2014-07-10
26446,26447,25618,21,2014-07-10
26446,26447,25620,20,2014-07-10
26448,26449,11484,2,2014-07-10
26448,26449,25617,30,2014-07-10
26448,26449,25619,30,2014-07-10
26448,26449,25625,12,2014-07-10
26450,26451,11484,2,2014-07-10
26450,26451,25617,30,2014-07-10
26450,26451,25619,30,2014-07-10
26450,26451,25625,12,2014-07-10
26452,26453,11484,2,2014-07-10
26452,26453,25617,30,2014-07-10
26452,26453,25619,30,2014-07-10
26452,26453,25625,12,2014-07-10
26597,26598,21592,36,2014-07-10
26597,26598,21593,22,2014-07-10
26597,26598,21594,11,2014-07-10
26597,26598,21595,4,2014-07-10
26597,26598,21596,2,2014-07-10
26599,26600,21587,36,2014-07-10
26599,26600,21588,22,2014-07-10
26599,26600,21589,11,2014-07-10
26599,26600,21590,4,2014-07-10
26599,26600,21591,2,2014-07-10
26601,26602,23163,36,2014-07-10
26601,26602,23164,22,2014-07-10
26601,26602,23165,11,2014-07-10
26601,26602,23166,4,2014-07-10
26601,26602,23167,2,2014-07-10
26603,26604,23158,36,2014-07-10
26603,26604,23159,22,2014-07-10
26603,26604,23160,11,2014-07-10
26603,26604,23161,4,2014-07-10
26603,26604,23162,2,2014-07-10
3651,26607,3687,2,2014-07-10
3651,26607,3689,3,2014-07-10
3651,26607,11541,3,2014-07-10
3651,26607,11689,2,2014-07-10
3651,26607,12108,1,2014-07-10
20138,26759,34,3258,2014-07-10
20138,26759,35,2926,2014-07-10
20138,26759,38,7,2014-07-10
20138,26759,39,2,2014-07-10
20306,26760,34,496,2014-07-10
20306,26760,35,220,2014-07-10
20306,26760,38,2,2014-07-10
20308,26761,34,716,2014-07-10
20308,26761,35,2,2014-07-10
20308,26761,36,6,2014-07-10
20308,26761,38,3,2014-07-10
20307,26762,34,820,2014-07-10
20307,26762,35,2,2014-07-10
20307,26762,38,2,2014-07-10
26842,26843,34,8419591,2014-07-10
26842,26843,35,2105336,2014-07-10
26842,26843,36,527417,2014-07-10
26842,26843,37,131688,2014-07-10
26842,26843,38,32883,2014-07-10
26842,26843,39,7844,2014-07-10
26842,26843,40,2504,2014-07-10
26849,26850,34,279964,2014-07-10
26849,26850,35,93031,2014-07-10
26849,26850,36,51822,2014-07-10
26849,26850,37,13618,2014-07-10
26849,26850,38,3147,2014-07-10
26849,26850,39,1422,2014-07-10
26849,26850,40,356,2014-07-10
26849,26850,11399,36,2014-07-10
26869,26870,34,672,2014-07-10
26869,26870,35,62,2014-07-10
26869,26870,36,396,2014-07-10
26869,26870,37,11,2014-07-10
26869,26870,38,6,2014-07-10
26869,26870,39,3,2014-07-10
26869,26870,40,4,2014-07-10
26869,26870,11399,4,2014-07-10
26888,26889,11399,62,2014-07-10
26888,26889,11482,3,2014-07-10
26888,26889,11483,3,2014-07-10
26888,26889,11538,36,2014-07-10
26888,26889,11550,39,2014-07-10
26888,26889,11693,60,2014-07-10
26888,26889,12200,1,2014-07-10
26890,26891,11399,15,2014-07-10
26890,26891,11482,3,2014-07-10
26890,26891,11483,3,2014-07-10
26890,26891,11538,24,2014-07-10
26890,26891,11550,17,2014-07-10
26890,26891,11693,35,2014-07-10
26890,26891,12199,1,2014-07-10
26892,26893,11399,3,2014-07-10
26892,26893,11482,3,2014-07-10
26892,26893,11483,3,2014-07-10
26892,26893,11538,15,2014-07-10
26892,26893,11550,6,2014-07-10
26892,26893,11693,20,2014-07-10
26892,26893,12198,1,2014-07-10
26914,26915,37,33,2014-07-10
26914,26915,9848,9,2014-07-10
26914,26915,11359,1,2014-07-10
26914,26915,11399,8,2014-07-10
26914,26915,11475,2,2014-07-10
26914,26915,11539,6,2014-07-10
26913,26916,37,22,2014-07-10
26913,26916,9848,9,2014-07-10
26913,26916,11357,1,2014-07-10
26913,26916,11399,5,2014-07-10
26913,26916,11475,2,2014-07-10
26913,26916,11539,3,2014-07-10
26912,26917,9848,9,2014-07-10
26912,26917,11355,1,2014-07-10
26912,26917,11399,2,2014-07-10
26912,26917,11475,2,2014-07-10
26912,26917,11539,2,2014-07-10
26925,26926,25596,116,2014-07-10
26925,26926,25598,134,2014-07-10
26925,26926,25600,128,2014-07-10
26927,26928,25596,156,2014-07-10
26927,26928,25598,182,2014-07-10
26927,26928,25600,173,2014-07-10
26929,26930,25597,3,2014-07-10
26929,26930,25599,4,2014-07-10
26929,26930,25604,2,2014-07-10
26931,26932,11483,2,2014-07-10
26931,26932,25616,2,2014-07-10
26931,26932,25617,2,2014-07-10
26931,26932,25623,2,2014-07-10
26960,26961,25597,89,2014-07-10
26960,26961,25599,111,2014-07-10
26960,26961,25600,111,2014-07-10
26962,26963,25597,120,2014-07-10
26962,26963,25599,150,2014-07-10
26962,26963,25600,150,2014-07-10
26964,26965,25598,111,2014-07-10
26964,26965,25600,111,2014-07-10
26964,26965,25606,44,2014-07-10
26966,26967,25598,150,2014-07-10
26966,26967,25600,150,2014-07-10
26966,26967,25606,60,2014-07-10
26983,26984,34,840,2014-07-10
26983,26984,35,183,2014-07-10
26983,26984,36,470,2014-07-10
26983,26984,37,4,2014-07-10
26983,26984,40,2,2014-07-10
27014,27015,34,840,2014-07-10
27014,27015,35,183,2014-07-10
27014,27015,36,470,2014-07-10
27014,27015,37,4,2014-07-10
27014,27015,40,2,2014-07-10
27019,27020,34,840,2014-07-10
27019,27020,35,183,2014-07-10
27019,27020,36,470,2014-07-10
27019,27020,37,4,2014-07-10
27019,27020,40,2,2014-07-10
27021,27022,27274,278,2014-07-10
27023,27024,34,111,2014-07-10
27038,27039,27029,1111,2014-07-10
27064,27065,25590,333,2014-07-10
27064,27065,25601,500,2014-07-10
27064,27065,25605,444,2014-07-10
27066,27067,11475,2,2014-07-10
27066,27067,25609,90,2014-07-10
27066,27067,25620,135,2014-07-10
27066,27067,25624,120,2014-07-10
27068,27069,25590,2,2014-07-10
27068,27069,25601,3,2014-07-10
27068,27069,25605,3,2014-07-10
27299,27300,34,2778,2014-07-10
27301,27302,34,2778,2014-07-10
27303,27304,34,2778,2014-07-10
27305,27306,34,2778,2014-07-10
17368,27309,34,144444,2014-07-10
17368,27309,35,77778,2014-07-10
17368,27309,36,1667,2014-07-10
27539,27677,34,3333333,2014-07-10
27539,27677,35,555556,2014-07-10
27539,27677,36,166667,2014-07-10
27539,27677,37,55556,2014-07-10
27539,27677,38,27778,2014-07-10
27539,27677,39,22222,2014-07-10
27539,27677,40,8333,2014-07-10
27539,27677,16214,1,2014-07-10
27678,27679,34,3826117,2014-07-10
27678,27679,35,828100,2014-07-10
27678,27679,36,342157,2014-07-10
27678,27679,37,56183,2014-07-10
27678,27679,38,16433,2014-07-10
27678,27679,39,2733,2014-07-10
27678,27679,40,1250,2014-07-10
27607,27680,34,1666667,2014-07-10
27607,27680,35,277778,2014-07-10
27607,27680,36,83333,2014-07-10
27607,27680,37,27778,2014-07-10
27607,27680,38,13889,2014-07-10
27607,27680,39,11111,2014-07-10
27607,27680,40,4167,2014-07-10
27607,27680,20065,1,2014-07-10
27610,27681,34,833333,2014-07-10
27610,27681,35,138889,2014-07-10
27610,27681,36,41667,2014-07-10
27610,27681,37,13889,2014-07-10
27610,27681,38,6944,2014-07-10
27610,27681,39,5556,2014-07-10
27610,27681,40,2083,2014-07-10
27610,27681,20066,1,2014-07-10
27530,27682,34,3333333,2014-07-10
27530,27682,35,555556,2014-07-10
27530,27682,36,166667,2014-07-10
27530,27682,37,55556,2014-07-10
27530,27682,38,27778,2014-07-10
27530,27682,39,22222,2014-07-10
27530,27682,40,8333,2014-07-10
27530,27682,12235,1,2014-07-10
27589,27684,34,1666667,2014-07-10
27589,27684,35,277778,2014-07-10
27589,27684,36,83333,2014-07-10
27589,27684,37,27778,2014-07-10
27589,27684,38,13889,2014-07-10
27589,27684,39,11111,2014-07-10
27589,27684,40,4167,2014-07-10
27589,27684,20059,1,2014-07-10
27592,27685,34,833333,2014-07-10
27592,27685,35,138889,2014-07-10
27592,27685,36,41667,2014-07-10
27592,27685,37,13889,2014-07-10
27592,27685,38,6944,2014-07-10
27592,27685,39,5556,2014-07-10
27592,27685,40,2083,2014-07-10
27592,27685,20060,1,2014-07-10
27532,27688,34,3500000,2014-07-10
27532,27688,35,583333,2014-07-10
27532,27688,36,175000,2014-07-10
27532,27688,37,58333,2014-07-10
27532,27688,38,29167,2014-07-10
27532,27688,39,23333,2014-07-10
27532,27688,40,8750,2014-07-10
27532,27688,12235,1,2014-07-10
27591,27689,34,1750000,2014-07-10
27591,27689,35,291667,2014-07-10
27591,27689,36,87500,2014-07-10
27591,27689,37,29167,2014-07-10
27591,27689,38,14583,2014-07-10
27591,27689,39,11667,2014-07-10
27591,27689,40,4374,2014-07-10
27591,27689,20059,1,2014-07-10
27594,27690,34,875000,2014-07-10
27594,27690,35,145833,2014-07-10
27594,27690,36,43750,2014-07-10
27594,27690,37,14583,2014-07-10
27594,27690,38,7291,2014-07-10
27594,27690,39,5833,2014-07-10
27594,27690,40,2187,2014-07-10
27594,27690,20060,1,2014-07-10
27609,27694,34,1750000,2014-07-10
27609,27694,35,291667,2014-07-10
27609,27694,36,87500,2014-07-10
27609,27694,37,29167,2014-07-10
27609,27694,38,14583,2014-07-10
27609,27694,39,11667,2014-07-10
27609,27694,40,4374,2014-07-10
27609,27694,20065,1,2014-07-10
27540,27695,34,3500000,2014-07-10
27540,27695,35,583333,2014-07-10
27540,27695,36,175000,2014-07-10
27540,27695,37,58333,2014-07-10
27540,27695,38,29167,2014-07-10
27540,27695,39,23333,2014-07-10
27540,27695,40,8750,2014-07-10
27540,27695,16214,1,2014-07-10
27612,27696,34,875000,2014-07-10
27612,27696,35,145833,2014-07-10
27612,27696,36,43750,2014-07-10
27612,27696,37,14583,2014-07-10
27612,27696,38,7291,2014-07-10
27612,27696,39,5833,2014-07-10
27612,27696,40,2187,2014-07-10
27612,27696,20066,1,2014-07-10
27598,27697,34,833333,2014-07-10
27598,27697,35,138889,2014-07-10
27598,27697,36,41667,2014-07-10
27598,27697,37,13889,2014-07-10
27598,27697,38,6944,2014-07-10
27598,27697,39,5556,2014-07-10
27598,27697,40,2083,2014-07-10
27598,27697,20062,1,2014-07-10
27595,27698,34,1666667,2014-07-10
27595,27698,35,277778,2014-07-10
27595,27698,36,83333,2014-07-10
27595,27698,37,27778,2014-07-10
27595,27698,38,13889,2014-07-10
27595,27698,39,11111,2014-07-10
27595,27698,40,4167,2014-07-10
27595,27698,20061,1,2014-07-10
27533,27699,34,3333333,2014-07-10
27533,27699,35,555556,2014-07-10
27533,27699,36,166667,2014-07-10
27533,27699,37,55556,2014-07-10
27533,27699,38,27778,2014-07-10
27533,27699,39,22222,2014-07-10
27533,27699,40,8333,2014-07-10
27533,27699,16213,1,2014-07-10
27600,27703,34,875000,2014-07-10
27600,27703,35,145833,2014-07-10
27600,27703,36,43750,2014-07-10
27600,27703,37,14583,2014-07-10
27600,27703,38,7291,2014-07-10
27600,27703,39,5833,2014-07-10
27600,27703,40,2187,2014-07-10
27600,27703,20062,1,2014-07-10
27597,27704,34,1750000,2014-07-10
27597,27704,35,291667,2014-07-10
27597,27704,36,87500,2014-07-10
27597,27704,37,29167,2014-07-10
27597,27704,38,14583,2014-07-10
27597,27704,39,11667,2014-07-10
27597,27704,40,4374,2014-07-10
27597,27704,20061,1,2014-07-10
27535,27705,34,3500000,2014-07-10
27535,27705,35,583333,2014-07-10
27535,27705,36,175000,2014-07-10
27535,27705,37,58333,2014-07-10
27535,27705,38,29167,2014-07-10
27535,27705,39,23333,2014-07-10
27535,27705,40,8750,2014-07-10
27535,27705,16213,1,2014-07-10
27536,27706,34,3333333,2014-07-10
27536,27706,35,555556,2014-07-10
27536,27706,36,166667,2014-07-10
27536,27706,37,55556,2014-07-10
27536,27706,38,27778,2014-07-10
27536,27706,39,22222,2014-07-10
27536,27706,40,8333,2014-07-10
27536,27706,12236,1,2014-07-10
27601,27707,34,1666667,2014-07-10
27601,27707,35,277778,2014-07-10
27601,27707,36,83333,2014-07-10
27601,27707,37,27778,2014-07-10
27601,27707,38,13889,2014-07-10
27601,27707,39,11111,2014-07-10
27601,27707,40,4167,2014-07-10
27601,27707,20063,1,2014-07-10
27604,27708,34,833333,2014-07-10
27604,27708,35,138889,2014-07-10
27604,27708,36,41667,2014-07-10
27604,27708,37,13889,2014-07-10
27604,27708,38,6944,2014-07-10
27604,27708,39,5556,2014-07-10
27604,27708,40,2083,2014-07-10
27604,27708,20064,1,2014-07-10
27603,27712,34,1750000,2014-07-10
27603,27712,35,291667,2014-07-10
27603,27712,36,87500,2014-07-10
27603,27712,37,29167,2014-07-10
27603,27712,38,14583,2014-07-10
27603,27712,39,11667,2014-07-10
27603,27712,40,4374,2014-07-10
27603,27712,20063,1,2014-07-10
27538,27713,34,3500000,2014-07-10
27538,27713,35,583333,2014-07-10
27538,27713,36,175000,2014-07-10
27538,27713,37,58333,2014-07-10
27538,27713,38,29167,2014-07-10
27538,27713,39,23333,2014-07-10
27538,27713,40,8750,2014-07-10
27538,27713,12236,1,2014-07-10
27606,27714,34,875000,2014-07-10
27606,27714,35,145833,2014-07-10
27606,27714,36,43750,2014-07-10
27606,27714,37,14583,2014-07-10
27606,27714,38,7291,2014-07-10
27606,27714,39,5833,2014-07-10
27606,27714,40,2187,2014-07-10
27606,27714,20064,1,2014-07-10
27780,27781,34,3333333,2014-07-10
27780,27781,35,555556,2014-07-10
27780,27781,36,166667,2014-07-10
27780,27781,37,55556,2014-07-10
27780,27781,38,27778,2014-07-10
27780,27781,39,22222,2014-07-10
27780,27781,40,8333,2014-07-10
27780,27781,12235,1,2014-07-10
27782,27783,34,1666667,2014-07-10
27782,27783,35,277778,2014-07-10
27782,27783,36,83333,2014-07-10
27782,27783,37,27778,2014-07-10
27782,27783,38,13889,2014-07-10
27782,27783,39,11111,2014-07-10
27782,27783,40,4167,2014-07-10
27782,27783,20059,1,2014-07-10
27784,27785,34,833333,2014-07-10
27784,27785,35,138889,2014-07-10
27784,27785,36,41667,2014-07-10
27784,27785,37,13889,2014-07-10
27784,27785,38,6944,2014-07-10
27784,27785,39,5556,2014-07-10
27784,27785,40,2083,2014-07-10
27784,27785,20060,1,2014-07-10
27786,27787,34,3500000,2014-07-10
27786,27787,35,583333,2014-07-10
27786,27787,36,175000,2014-07-10
27786,27787,37,58333,2014-07-10
27786,27787,38,29167,2014-07-10
27786,27787,39,23333,2014-07-10
27786,27787,40,8750,2014-07-10
27786,27787,12235,1,2014-07-10
27788,27789,34,1750000,2014-07-10
27788,27789,35,291667,2014-07-10
27788,27789,36,87500,2014-07-10
27788,27789,37,29167,2014-07-10
27788,27789,38,14583,2014-07-10
27788,27789,39,11667,2014-07-10
27788,27789,40,4374,2014-07-10
27788,27789,20059,1,2014-07-10
27790,27791,34,875000,2014-07-10
27790,27791,35,145833,2014-07-10
27790,27791,36,43750,2014-07-10
27790,27791,37,14583,2014-07-10
27790,27791,38,7291,2014-07-10
27790,27791,39,5833,2014-07-10
27790,27791,40,2187,2014-07-10
27790,27791,20060,1,2014-07-10
27767,27807,40,123,2014-07-10
27767,27807,17406,1,2014-07-10
27766,27808,16694,1,2014-07-10
27768,27809,37,1,2014-07-10
27768,27809,40,11,2014-07-10
27768,27809,17168,1,2014-07-10
27769,27810,37,8680,2014-07-10
27769,27810,40,11,2014-07-10
27769,27810,17407,1,2014-07-10
27771,27811,34,1,2014-07-10
27771,27811,40,22,2014-07-10
27771,27811,17408,1,2014-07-10
27770,27812,37,3785,2014-07-10
27770,27812,40,11,2014-07-10
27770,27812,17167,1,2014-07-10
27776,27813,37,3785,2014-07-10
27776,27813,40,11,2014-07-10
27776,27813,17167,1,2014-07-10
27777,27814,34,1,2014-07-10
27777,27814,40,22,2014-07-10
27777,27814,17408,1,2014-07-10
27775,27815,37,8680,2014-07-10
27775,27815,40,11,2014-07-10
27775,27815,17407,1,2014-07-10
27774,27816,37,1,2014-07-10
27774,27816,40,11,2014-07-10
27774,27816,17168,1,2014-07-10
27773,27817,40,123,2014-07-10
27773,27817,17406,1,2014-07-10
27772,27818,40,146,2014-07-10
27772,27818,16694,1,2014-07-10
27551,27819,40,146,2014-07-10
27551,27819,16694,1,2014-07-10
27548,27820,40,123,2014-07-10
27548,27820,17406,1,2014-07-10
27625,27821,37,1,2014-07-10
27625,27821,40,11,2014-07-10
27625,27821,17168,1,2014-07-10
27628,27822,37,8680,2014-07-10
27628,27822,40,11,2014-07-10
27628,27822,17407,1,2014-07-10
27631,27823,37,3785,2014-07-10
27631,27823,40,11,2014-07-10
27631,27823,17167,1,2014-07-10
27634,27824,34,1,2014-07-10
27634,27824,40,22,2014-07-10
27634,27824,17408,1,2014-07-10
27553,27825,16694,1,2014-07-10
27550,27826,17406,1,2014-07-10
27627,27827,37,1,2014-07-10
27627,27827,40,11,2014-07-10
27627,27827,17168,1,2014-07-10
27630,27828,37,8680,2014-07-10
27630,27828,40,11,2014-07-10
27630,27828,17407,1,2014-07-10
27633,27829,37,3785,2014-07-10
27633,27829,40,11,2014-07-10
27633,27829,17167,1,2014-07-10
27636,27830,34,1,2014-07-10
27636,27830,40,22,2014-07-10
27636,27830,17408,1,2014-07-10
27557,27831,37,1116,2014-07-10
27557,27831,40,141,2014-07-10
27557,27831,16689,1,2014-07-10
27554,27832,37,1112,2014-07-10
27554,27832,40,6,2014-07-10
27554,27832,17770,1,2014-07-10
27647,27833,37,1112,2014-07-10
27647,27833,40,6,2014-07-10
27647,27833,17771,1,2014-07-10
27653,27834,37,1112,2014-07-10
27653,27834,40,6,2014-07-10
27653,27834,17772,1,2014-07-10
27644,27835,37,1112,2014-07-10
27644,27835,40,6,2014-07-10
27644,27835,16688,1,2014-07-10
27650,27836,37,1112,2014-07-10
27650,27836,40,6,2014-07-10
27650,27836,16631,1,2014-07-10
27652,27837,37,1112,2014-07-10
27652,27837,40,6,2014-07-10
27652,27837,16631,1,2014-07-10
27646,27838,37,1114,2014-07-10
27646,27838,40,6,2014-07-10
27646,27838,16688,1,2014-07-10
27559,27839,37,1116,2014-07-10
27559,27839,40,141,2014-07-10
27559,27839,16689,1,2014-07-10
27556,27840,17770,1,2014-07-10
27649,27841,37,1112,2014-07-10
27649,27841,40,6,2014-07-10
27649,27841,17771,1,2014-07-10
27655,27842,37,2224,2014-07-10
27655,27842,40,6,2014-07-10
27655,27842,17772,1,2014-07-10
27545,27843,37,111,2014-07-10
27545,27843,16692,1,2014-07-10
27616,27844,37,112,2014-07-10
27616,27844,40,17,2014-07-10
27616,27844,16691,1,2014-07-10
27622,27845,37,112,2014-07-10
27622,27845,40,17,2014-07-10
27622,27845,16690,1,2014-07-10
27619,27846,37,112,2014-07-10
27619,27846,40,17,2014-07-10
27619,27846,17404,1,2014-07-10
27613,27847,37,113,2014-07-10
27613,27847,40,17,2014-07-10
27613,27847,17403,1,2014-07-10
27542,27848,37,112,2014-07-10
27542,27848,40,5,2014-07-10
27542,27848,17402,1,2014-07-10
27544,27849,37,113,2014-07-10
27544,27849,40,16,2014-07-10
27544,27849,17402,1,2014-07-10
27547,27850,37,112,2014-07-10
27547,27850,40,5,2014-07-10
27547,27850,16692,1,2014-07-10
27618,27851,37,112,2014-07-10
27618,27851,40,17,2014-07-10
27618,27851,16691,1,2014-07-10
27615,27852,37,113,2014-07-10
27615,27852,40,17,2014-07-10
27615,27852,17403,1,2014-07-10
27621,27853,37,112,2014-07-10
27621,27853,40,17,2014-07-10
27621,27853,17404,1,2014-07-10
27624,27854,37,112,2014-07-10
27624,27854,40,17,2014-07-10
27624,27854,16690,1,2014-07-10
27574,27859,37,112,2014-07-10
27574,27859,17174,1,2014-07-10
27583,27860,37,112,2014-07-10
27583,27860,17177,1,2014-07-10
27580,27861,37,112,2014-07-10
27580,27861,17176,1,2014-07-10
27577,27862,37,112,2014-07-10
27577,27862,17175,1,2014-07-10
27579,27863,37,112,2014-07-10
27579,27863,17175,1,2014-07-10
27576,27864,37,112,2014-07-10
27576,27864,17174,1,2014-07-10
27582,27865,37,112,2014-07-10
27582,27865,17176,1,2014-07-10
27585,27866,37,112,2014-07-10
27585,27866,17177,1,2014-07-10
27567,27867,37,1,2014-07-10
27567,27867,17182,1,2014-07-10
27563,27868,37,1,2014-07-10
27563,27868,17181,1,2014-07-10
27565,27869,37,1,2014-07-10
27565,27869,17181,1,2014-07-10
27569,27870,37,1,2014-07-10
27569,27870,17182,1,2014-07-10
27570,27871,37,112,2014-07-10
27570,27871,17178,1,2014-07-10
27573,27872,37,112,2014-07-10
27573,27872,17178,1,2014-07-10
27778,27873,37,223,2014-07-10
27778,27873,17180,1,2014-07-10
27779,27874,37,112,2014-07-10
27779,27874,17180,1,2014-07-10
27857,27875,37,112,2014-07-10
27857,27875,27672,1,2014-07-10
27858,27876,37,112,2014-07-10
27858,27876,27672,1,2014-07-10
27855,27877,37,223,2014-07-10
27855,27877,27672,1,2014-07-10
27856,27878,37,112,2014-07-10
27856,27878,27672,1,2014-07-10
27904,27905,34,6219,2014-07-10
27904,27905,35,4689,2014-07-10
27904,27905,36,3,2014-07-10
27912,27913,34,1559524,2014-07-10
27912,27913,35,702702,2014-07-10
27912,27913,36,71091,2014-07-10
27912,27913,37,11189,2014-07-10
27912,27913,38,2602,2014-07-10
27912,27913,39,1607,2014-07-10
27912,27913,40,411,2014-07-10
27914,27915,34,27378,2014-07-10
27914,27915,35,9974,2014-07-10
27914,27915,36,2988,2014-07-10
27914,27915,37,1156,2014-07-10
27914,27915,38,569,2014-07-10
27914,27915,39,207,2014-07-10
27914,27915,40,117,2014-07-10
27916,27917,34,1658139,2014-07-10
27916,27917,35,685030,2014-07-10
27916,27917,36,66264,2014-07-10
27916,27917,37,12300,2014-07-10
27916,27917,38,2580,2014-07-10
27916,27917,39,1584,2014-07-10
27916,27917,40,386,2014-07-10
27918,27919,34,1522600,2014-07-10
27918,27919,35,694674,2014-07-10
27918,27919,36,66592,2014-07-10
27918,27919,37,12650,2014-07-10
27918,27919,38,2520,2014-07-10
27918,27919,39,1706,2014-07-10
27918,27919,40,388,2014-07-10
27920,27921,34,1502299,2014-07-10
27920,27921,35,693216,2014-07-10
27920,27921,36,66912,2014-07-10
27920,27921,37,10412,2014-07-10
27920,27921,38,2622,2014-07-10
27920,27921,39,1566,2014-07-10
27920,27921,40,394,2014-07-10
27922,27923,34,1218080,2014-07-10
27922,27923,35,555738,2014-07-10
27922,27923,36,53266,2014-07-10
27922,27923,37,10118,2014-07-10
27922,27923,38,2013,2014-07-10
27922,27923,39,1362,2014-07-10
27922,27923,40,308,2014-07-10
27924,27925,34,1218080,2014-07-10
27924,27925,35,555738,2014-07-10
27924,27925,36,53266,2014-07-10
27924,27925,37,10118,2014-07-10
27924,27925,38,2013,2014-07-10
27924,27925,39,1362,2014-07-10
27924,27925,40,308,2014-07-10
27930,27931,34,5182,2014-07-10
27930,27931,35,3907,2014-07-10
27930,27931,36,2,2014-07-10
27932,27933,34,4318,2014-07-10
27932,27933,35,3256,2014-07-10
27932,27933,36,1,2014-07-10
27934,27935,34,1774278,2014-07-10
27934,27935,35,416691,2014-07-10
27934,27935,36,162467,2014-07-10
27934,27935,37,26658,2014-07-10
27934,27935,38,8028,2014-07-10
27934,27935,39,1278,2014-07-10
27934,27935,40,570,2014-07-10
27560,27944,37,1112,2014-07-10
27560,27944,17773,1,2014-07-10
27641,27945,37,1112,2014-07-10
27641,27945,16697,1,2014-07-10
27638,27946,37,1112,2014-07-10
27638,27946,16696,1,2014-07-10
27640,27947,37,1112,2014-07-10
27640,27947,16696,1,2014-07-10
27643,27948,37,1112,2014-07-10
27643,27948,16697,1,2014-07-10
27562,27949,37,1112,2014-07-10
27562,27949,17773,1,2014-07-10
27951,27952,34,3427873,2014-07-10
27951,27952,35,828117,2014-07-10
27951,27952,36,314957,2014-07-10
27951,27952,37,52033,2014-07-10
27951,27952,38,15823,2014-07-10
27951,27952,39,2267,2014-07-10
27951,27952,40,1133,2014-07-10
28197,28198,9834,4,2014-07-10
28197,28198,9848,4,2014-07-10
28197,28198,11399,6,2014-07-10
28197,28198,11481,2,2014-07-10
28197,28198,11530,2,2014-07-10
28197,28198,11688,1,2014-07-10
28197,28198,23523,1,2014-07-10
28199,28200,9834,4,2014-07-10
28199,28200,9848,4,2014-07-10
28199,28200,11399,6,2014-07-10
28199,28200,11481,2,2014-07-10
28199,28200,11556,2,2014-07-10
28199,28200,11557,2,2014-07-10
28199,28200,22765,1,2014-07-10
28201,28202,9834,1,2014-07-10
28201,28202,9848,1,2014-07-10
28201,28202,11399,2,2014-07-10
28201,28202,11481,2,2014-07-10
28201,28202,11530,2,2014-07-10
28201,28202,11688,1,2014-07-10
28201,28202,23711,1,2014-07-10
28203,28204,9834,1,2014-07-10
28203,28204,9848,1,2014-07-10
28203,28204,11399,3,2014-07-10
28203,28204,11481,2,2014-07-10
28203,28204,11556,2,2014-07-10
28203,28204,11557,2,2014-07-10
28203,28204,23719,1,2014-07-10
28205,28206,9834,3,2014-07-10
28205,28206,9848,3,2014-07-10
28205,28206,11399,5,2014-07-10
28205,28206,11481,2,2014-07-10
28205,28206,11530,2,2014-07-10
28205,28206,11688,1,2014-07-10
28205,28206,23709,1,2014-07-10
28207,28208,9834,3,2014-07-10
28207,28208,9848,3,2014-07-10
28207,28208,11399,5,2014-07-10
28207,28208,11481,2,2014-07-10
28207,28208,11556,2,2014-07-10
28207,28208,11557,2,2014-07-10
28207,28208,23717,1,2014-07-10
28209,28210,9834,3,2014-07-10
28209,28210,9848,3,2014-07-10
28209,28210,11399,5,2014-07-10
28209,28210,11481,2,2014-07-10
28209,28210,11690,2,2014-07-10
28209,28210,23559,1,2014-07-10
28211,28212,9834,3,2014-07-10
28211,28212,9848,3,2014-07-10
28211,28212,11399,5,2014-07-10
28211,28212,11481,2,2014-07-10
28211,28212,11688,2,2014-07-10
28211,28212,23561,1,2014-07-10
28213,28214,9834,3,2014-07-10
28213,28214,9848,3,2014-07-10
28213,28214,11399,5,2014-07-10
28213,28214,11481,2,2014-07-10
28213,28214,11689,2,2014-07-10
28213,28214,23525,1,2014-07-10
28215,28216,9834,3,2014-07-10
28215,28216,9848,3,2014-07-10
28215,28216,11399,5,2014-07-10
28215,28216,11481,2,2014-07-10
28215,28216,11691,2,2014-07-10
28215,28216,23563,1,2014-07-10
28262,28263,2203,1,2014-07-10
28262,28263,28361,1,2014-07-10
28262,28263,28362,1,2014-07-10
28262,28263,28363,1,2014-07-10
28264,28265,2205,1,2014-07-10
28264,28265,21815,2,2014-07-10
28264,28265,28361,8,2014-07-10
28264,28265,28362,8,2014-07-10
28264,28265,28363,6,2014-07-10
28264,28265,28366,2,2014-07-10
28266,28267,2476,1,2014-07-10
28266,28267,28361,4,2014-07-10
28266,28267,28362,4,2014-07-10
28266,28267,28363,3,2014-07-10
28266,28267,28364,3,2014-07-10
28266,28267,28365,2,2014-07-10
28268,28269,2478,1,2014-07-10
28268,28269,21815,5,2014-07-10
28268,28269,28361,32,2014-07-10
28268,28269,28362,27,2014-07-10
28268,28269,28363,21,2014-07-10
28268,28269,28364,18,2014-07-10
28268,28269,28365,11,2014-07-10
28268,28269,28366,5,2014-07-10
28270,28271,2183,1,2014-07-10
28270,28271,28361,2,2014-07-10
28270,28271,28362,2,2014-07-10
28270,28271,28363,2,2014-07-10
28270,28271,28364,1,2014-07-10
28272,28273,2185,1,2014-07-10
28272,28273,21815,3,2014-07-10
28272,28273,28361,15,2014-07-10
28272,28273,28362,14,2014-07-10
28272,28273,28363,11,2014-07-10
28272,28273,28364,9,2014-07-10
28272,28273,28366,2,2014-07-10
28274,28275,2454,1,2014-07-10
28274,28275,28361,1,2014-07-10
28274,28275,28362,1,2014-07-10
28274,28275,28363,1,2014-07-10
28276,28277,2456,1,2014-07-10
28276,28277,21815,2,2014-07-10
28276,28277,28361,8,2014-07-10
28276,28277,28362,8,2014-07-10
28276,28277,28364,6,2014-07-10
28276,28277,28366,2,2014-07-10
28278,28279,2464,1,2014-07-10
28278,28279,28361,1,2014-07-10
28278,28279,28362,1,2014-07-10
28278,28279,28363,1,2014-07-10
28280,28281,2466,1,2014-07-10
28280,28281,21815,2,2014-07-10
28280,28281,28361,8,2014-07-10
28280,28281,28362,8,2014-07-10
28280,28281,28364,6,2014-07-10
28280,28281,28366,2,2014-07-10
28282,28283,2173,1,2014-07-10
28282,28283,28361,2,2014-07-10
28282,28283,28362,2,2014-07-10
28282,28283,28363,2,2014-07-10
28282,28283,28364,1,2014-07-10
28284,28285,2175,1,2014-07-10
28284,28285,21815,3,2014-07-10
28284,28285,28361,15,2014-07-10
28284,28285,28362,14,2014-07-10
28284,28285,28363,11,2014-07-10
28284,28285,28364,9,2014-07-10
28284,28285,28366,2,2014-07-10
28286,28287,2444,1,2014-07-10
28286,28287,28361,4,2014-07-10
28286,28287,28362,4,2014-07-10
28286,28287,28363,3,2014-07-10
28286,28287,28364,3,2014-07-10
28286,28287,28365,2,2014-07-10
28288,28289,2446,1,2014-07-10
28288,28289,21815,5,2014-07-10
28288,28289,28361,32,2014-07-10
28288,28289,28362,27,2014-07-10
28288,28289,28363,21,2014-07-10
28288,28289,28364,18,2014-07-10
28288,28289,28365,11,2014-07-10
28288,28289,28366,5,2014-07-10
28290,28291,2193,1,2014-07-10
28290,28291,28361,4,2014-07-10
28290,28291,28362,4,2014-07-10
28290,28291,28363,3,2014-07-10
28290,28291,28364,3,2014-07-10
28290,28291,28365,2,2014-07-10
28292,28293,2195,1,2014-07-10
28292,28293,21815,5,2014-07-10
28292,28293,28361,32,2014-07-10
28292,28293,28362,27,2014-07-10
28292,28293,28363,21,2014-07-10
28292,28293,28364,18,2014-07-10
28292,28293,28365,11,2014-07-10
28292,28293,28366,5,2014-07-10
28294,28295,15510,1,2014-07-10
28294,28295,28361,2,2014-07-10
28294,28295,28362,2,2014-07-10
28294,28295,28363,2,2014-07-10
28294,28295,28364,1,2014-07-10
28296,28297,21640,1,2014-07-10
28296,28297,21815,3,2014-07-10
28296,28297,28361,15,2014-07-10
28296,28297,28362,14,2014-07-10
28296,28297,28363,11,2014-07-10
28296,28297,28364,9,2014-07-10
28296,28297,28366,2,2014-07-10
28298,28299,15508,1,2014-07-10
28298,28299,28361,2,2014-07-10
28298,28299,28362,2,2014-07-10
28298,28299,28363,2,2014-07-10
28298,28299,28364,1,2014-07-10
28300,28301,21638,1,2014-07-10
28300,28301,21815,3,2014-07-10
28300,28301,28361,15,2014-07-10
28300,28301,28362,14,2014-07-10
28300,28301,28363,11,2014-07-10
28300,28301,28364,9,2014-07-10
28300,28301,28366,2,2014-07-10
28302,28303,2486,1,2014-07-10
28302,28303,28361,1,2014-07-10
28302,28303,28362,1,2014-07-10
28302,28303,28363,1,2014-07-10
28304,28305,2488,1,2014-07-10
28304,28305,21815,2,2014-07-10
28304,28305,28361,8,2014-07-10
28304,28305,28362,8,2014-07-10
28304,28305,28363,6,2014-07-10
28304,28305,28366,2,2014-07-10
28306,28307,1201,1,2014-07-10
28306,28307,28361,4,2014-07-10
28306,28307,28362,4,2014-07-10
28306,28307,28363,3,2014-07-10
28306,28307,28364,3,2014-07-10
28306,28307,28365,2,2014-07-10
28308,28309,2436,1,2014-07-10
28308,28309,21815,5,2014-07-10
28308,28309,28361,32,2014-07-10
28308,28309,28362,27,2014-07-10
28308,28309,28363,21,2014-07-10
28308,28309,28364,18,2014-07-10
28308,28309,28365,11,2014-07-10
28308,28309,28366,5,2014-07-10
28324,28325,34,249,2014-07-10
28324,28325,35,198,2014-07-10
28324,28325,37,1,2014-07-10
28326,28327,34,164,2014-07-10
28326,28327,35,17,2014-07-10
28326,28327,37,3,2014-07-10
28328,28329,34,27,2014-07-10
28328,28329,35,21,2014-07-10
28330,28331,34,2489,2014-07-10
28330,28331,35,1978,2014-07-10
28330,28331,37,11,2014-07-10
28332,28333,34,458,2014-07-10
28332,28333,35,580,2014-07-10
28334,28335,34,290,2014-07-10
28334,28335,35,119,2014-07-10
28334,28335,36,14,2014-07-10
28334,28335,37,2,2014-07-10
28336,28337,34,118,2014-07-10
28336,28337,36,1,2014-07-10
28336,28337,37,2,2014-07-10
28338,28339,34,4578,2014-07-10
28338,28339,35,5800,2014-07-10
28352,28353,21009,9,2014-07-10
28352,28353,21013,9,2014-07-10
28352,28353,21017,7,2014-07-10
28352,28353,21019,11,2014-07-10
28352,28353,21021,11,2014-07-10
28352,28353,21023,9,2014-07-10
28352,28353,21025,11,2014-07-10
28352,28353,21027,22,2014-07-10
28352,28353,21029,6,2014-07-10
28352,28353,21035,33,2014-07-10
28352,28353,21037,44,2014-07-10
28352,28353,24547,33,2014-07-10
28352,28353,24558,33,2014-07-10
28352,28353,24560,17,2014-07-10
28367,28368,22,1000,2014-07-10
28375,28376,34,3258,2014-07-10
28375,28376,35,2926,2014-07-10
28375,28376,38,7,2014-07-10
28375,28376,39,2,2014-07-10
28377,28378,34,3258,2014-07-10
28377,28378,35,2926,2014-07-10
28377,28378,38,7,2014-07-10
28377,28378,39,2,2014-07-10
28379,28380,34,3258,2014-07-10
28379,28380,35,2926,2014-07-10
28379,28380,38,7,2014-07-10
28379,28380,39,2,2014-07-10
28381,28382,34,3258,2014-07-10
28381,28382,35,2926,2014-07-10
28381,28382,38,7,2014-07-10
28381,28382,39,2,2014-07-10
28383,28384,34,3258,2014-07-10
28383,28384,35,2926,2014-07-10
28383,28384,38,7,2014-07-10
28383,28384,39,2,2014-07-10
28385,28386,17425,1000,2014-07-10
28387,28448,17426,1000,2014-07-10
28388,28449,1223,1000,2014-07-10
28389,28450,17429,1000,2014-07-10
28390,28451,17428,1000,2014-07-10
28391,28452,1225,1250,2014-07-10
28392,28453,17433,1250,2014-07-10
28393,28454,17432,1250,2014-07-10
28394,28455,1232,2000,2014-07-10
28395,28456,17437,2000,2014-07-10
28396,28457,17436,2000,2014-07-10
28397,28458,1229,4000,2014-07-10
28398,28459,17865,4000,2014-07-10
28399,28460,17866,4000,2014-07-10
28401,28461,21,5000,2014-07-10
28400,28462,17441,5000,2014-07-10
28402,28463,17440,5000,2014-07-10
28403,28464,1231,5000,2014-07-10
28404,28465,17445,5000,2014-07-10
28405,28466,17444,5000,2014-07-10
28406,28467,1226,7500,2014-07-10
28407,28468,17449,7500,2014-07-10
28408,28469,17448,7500,2014-07-10
28410,28470,20,12000,2014-07-10
28409,28471,17453,12000,2014-07-10
28411,28472,17452,12000,2014-07-10
28412,28473,17869,500,2014-07-10
28413,28474,11396,500,2014-07-10
28414,28475,17870,500,2014-07-10
28416,28476,1227,25000,2014-07-10
28415,28477,17868,25000,2014-07-10
28417,28478,17867,25000,2014-07-10
28421,28479,17455,33300,2014-07-10
28422,28480,18,33300,2014-07-10
28423,28481,17456,33300,2014-07-10
28424,28482,1224,49950,2014-07-10
28425,28483,17459,49950,2014-07-10
28426,28484,17460,49950,2014-07-10
28427,28485,17463,99900,2014-07-10
28428,28486,17464,99900,2014-07-10
28429,28487,1228,99900,2014-07-10
28418,28488,17466,1250,2014-07-10
28419,28489,17467,1250,2014-07-10
28420,28490,19,1250,2014-07-10
28430,28491,17470,166500,2014-07-10
28431,28492,17471,166500,2014-07-10
28432,28493,1230,166500,2014-07-10
28433,28494,16264,1,2014-07-10
28434,28495,16262,1,2014-07-10
28435,28496,16267,1,2014-07-10
28436,28497,17978,1,2014-07-10
28437,28498,16268,1,2014-07-10
28438,28499,16263,1,2014-07-10
28439,28500,16266,1,2014-07-10
28440,28501,16269,1,2014-07-10
28441,28502,17976,1,2014-07-10
28442,28503,17977,1,2014-07-10
28443,28504,17975,1,2014-07-10
28444,28505,16265,1,2014-07-10
28511,28512,34,556,2014-07-10
28511,28512,35,278,2014-07-10
28514,28515,34,862,2014-07-10
28514,28515,35,792,2014-07-10
28514,28515,36,529,2014-07-10
28516,28517,34,502,2014-07-10
28516,28517,35,297,2014-07-10
28516,28517,36,334,2014-07-10
28516,28517,37,197,2014-07-10
28516,28517,39,2,2014-07-10
28518,28519,34,502,2014-07-10
28518,28519,35,297,2014-07-10
28518,28519,36,334,2014-07-10
28518,28519,37,197,2014-07-10
28518,28519,39,2,2014-07-10
28520,28521,34,896,2014-07-10
28520,28521,35,698,2014-07-10
28520,28521,36,29,2014-07-10
28522,28523,34,25649,2014-07-10
28522,28523,35,20583,2014-07-10
28522,28523,38,3,2014-07-10
28522,28523,39,2,2014-07-10
28524,28525,34,44036,2014-07-10
28524,28525,35,33816,2014-07-10
28524,28525,37,94,2014-07-10
28524,28525,38,13,2014-07-10
28524,28525,39,1,2014-07-10
28524,28525,40,1,2014-07-10
28526,28527,34,38342,2014-07-10
28526,28527,35,30481,2014-07-10
28526,28527,37,2,2014-07-10
28526,28527,38,7,2014-07-10
28526,28527,40,1,2014-07-10
28528,28529,34,30893,2014-07-10
28528,28529,35,24221,2014-07-10
28528,28529,36,570,2014-07-10
28528,28529,37,18,2014-07-10
28528,28529,38,3,2014-07-10
28530,28531,34,763,2014-07-10
28530,28531,35,321,2014-07-10
28530,28531,36,412,2014-07-10
28530,28531,40,1,2014-07-10
28532,28533,34,1116,2014-07-10
28532,28533,35,861,2014-07-10
28532,28533,38,3,2014-07-10
28534,28535,34,6013,2014-07-10
28534,28535,35,4514,2014-07-10
28534,28535,36,1612,2014-07-10
28534,28535,39,1,2014-07-10
28534,28535,40,1,2014-07-10
28536,28537,34,10178,2014-07-10
28536,28537,35,6494,2014-07-10
28536,28537,36,7,2014-07-10
28536,28537,38,3,2014-07-10
28536,28537,40,1,2014-07-10
28538,28539,34,10178,2014-07-10
28538,28539,35,6494,2014-07-10
28538,28539,36,7,2014-07-10
28538,28539,38,3,2014-07-10
28538,28539,40,1,2014-07-10
28540,28541,34,10178,2014-07-10
28540,28541,35,6494,2014-07-10
28540,28541,36,7,2014-07-10
28540,28541,38,3,2014-07-10
28540,28541,40,1,2014-07-10
28542,28543,34,10178,2014-07-10
28542,28543,35,6494,2014-07-10
28542,28543,36,7,2014-07-10
28542,28543,38,3,2014-07-10
28542,28543,40,1,2014-07-10
28545,28546,34,40236,2014-07-10
28545,28546,35,33343,2014-07-10
28547,28548,34,666,2014-07-10
28547,28548,35,502,2014-07-10
28547,28548,36,1,2014-07-10
28547,28548,37,1,2014-07-10
28550,28551,34,15541,2014-07-10
28550,28551,35,1318,2014-07-10
28550,28551,36,67,2014-07-10
28552,28553,34,666,2014-07-10
28552,28553,35,502,2014-07-10
28552,28553,36,1,2014-07-10
28552,28553,37,1,2014-07-10
28554,28555,34,666,2014-07-10
28554,28555,35,502,2014-07-10
28554,28555,36,1,2014-07-10
28554,28555,37,1,2014-07-10
28557,28558,34,6057,2014-07-10
28557,28558,35,4042,2014-07-10
28557,28558,38,3,2014-07-10
28557,28558,40,1,2014-07-10
28559,28560,34,666,2014-07-10
28559,28560,35,502,2014-07-10
28559,28560,36,1,2014-07-10
28559,28560,37,1,2014-07-10
28561,28562,34,2398,2014-07-10
28561,28562,35,466,2014-07-10
28561,28562,36,179,2014-07-10
28561,28562,37,1,2014-07-10
28561,28562,38,4,2014-07-10
28563,28564,34,1351,2014-07-10
28563,28564,36,636,2014-07-10
28563,28564,37,4,2014-07-10
28563,28564,39,7,2014-07-10
28563,28564,40,2,2014-07-10
28565,28566,34,3258,2014-07-10
28565,28566,35,2926,2014-07-10
28565,28566,38,7,2014-07-10
28565,28566,39,2,2014-07-10
28576,28577,3689,6,2014-07-10
28576,28577,9842,2,2014-07-10
28576,28577,11399,5,2014-07-10
28576,28577,11483,2,2014-07-10
28576,28577,11689,6,2014-07-10
28576,28577,22542,1,2014-07-10
28578,28579,3689,6,2014-07-10
28578,28579,9842,2,2014-07-10
28578,28579,11399,5,2014-07-10
28578,28579,11483,2,2014-07-10
28578,28579,11689,6,2014-07-10
28578,28579,22576,1,2014-07-10
28583,28584,34,2742299,2014-07-10
28583,28584,35,662493,2014-07-10
28583,28584,36,251964,2014-07-10
28583,28584,37,41627,2014-07-10
28583,28584,38,12658,2014-07-10
28583,28584,39,1813,2014-07-10
28583,28584,40,906,2014-07-10
28351,28605,2867,9,2014-07-10
28351,28605,2868,6,2014-07-10
28351,28605,2869,12,2014-07-10
28351,28605,2870,12,2014-07-10
28351,28605,2871,9,2014-07-10
28351,28605,2872,9,2014-07-10
28351,28605,2875,12,2014-07-10
28351,28605,2876,6,2014-07-10
28351,28605,21037,3,2014-07-10
28606,28607,21013,4,2014-07-10
28606,28607,21019,9,2014-07-10
28606,28607,21027,38,2014-07-10
28606,28607,21035,7,2014-07-10
28606,28607,21037,16,2014-07-10
28606,28607,24558,7,2014-07-10
28606,28607,24560,4,2014-07-10
28612,28613,38,444,2014-07-10
28646,28647,34,13936,2014-07-10
28646,28647,35,8380,2014-07-10
28646,28647,36,2171,2014-07-10
28646,28647,37,2361,2014-07-10
28646,28647,38,989,2014-07-10
28646,28647,39,1094,2014-07-10
28646,28647,40,592,2014-07-10
28650,28651,34,6,2014-07-10
28650,28651,35,17,2014-07-10
28650,28651,36,22,2014-07-10
28650,28651,37,1,2014-07-10
28650,28651,38,1,2014-07-10
28650,28651,40,1,2014-07-10
28650,28651,16275,11,2014-07-10
28650,28651,16681,1,2014-07-10
28650,28651,16682,1,2014-07-10
28652,28653,34,13333,2014-07-10
28652,28653,35,8889,2014-07-10
28652,28653,36,5556,2014-07-10
28652,28653,37,2222,2014-07-10
28652,28653,38,1111,2014-07-10
28652,28653,39,13339,2014-07-10
28652,28653,40,1661,2014-07-10
28654,28655,34,66156,2014-07-10
28654,28655,35,36064,2014-07-10
28654,28655,36,17147,2014-07-10
28654,28655,37,9360,2014-07-10
28654,28655,38,2824,2014-07-10
28654,28655,39,102,2014-07-10
28654,28655,40,20,2014-07-10
28659,28660,642,1,2014-07-10
28659,28660,3828,450,2014-07-10
28659,28660,11399,975,2014-07-10
28659,28660,11478,30,2014-07-10
28659,28660,11532,375,2014-07-10
28659,28660,11537,863,2014-07-10
28659,28660,11539,6000,2014-07-10
28659,28660,11543,37500,2014-07-10
28659,28660,11549,225,2014-07-10
28659,28660,11554,3000,2014-07-10
28659,28660,11557,3795,2014-07-10
28661,28662,641,1,2014-07-10
28661,28662,3828,450,2014-07-10
28661,28662,11399,975,2014-07-10
28661,28662,11478,30,2014-07-10
28661,28662,11531,375,2014-07-10
28661,28662,11535,863,2014-07-10
28661,28662,11541,6000,2014-07-10
28661,28662,11545,37500,2014-07-10
28661,28662,11547,225,2014-07-10
28661,28662,11553,3000,2014-07-10
28661,28662,11556,3795,2014-07-10
28665,28666,639,1,2014-07-10
28665,28666,3828,450,2014-07-10
28665,28666,11399,975,2014-07-10
28665,28666,11478,30,2014-07-10
28665,28666,11530,375,2014-07-10
28665,28666,11536,863,2014-07-10
28665,28666,11538,6000,2014-07-10
28665,28666,11542,37500,2014-07-10
28665,28666,11548,225,2014-07-10
28665,28666,11551,3000,2014-07-10
28665,28666,11555,3795,2014-07-10
28670,28671,40,1,2014-07-10
28670,28671,28686,17,2014-07-10
28672,28673,40,1,2014-07-10
28672,28673,28687,17,2014-07-10
28674,28675,40,1,2014-07-10
28674,28675,28688,17,2014-07-10
28676,28677,40,1,2014-07-10
28676,28677,28689,17,2014-07-10
28678,28679,40,1,2014-07-10
28678,28679,28690,17,2014-07-10
28680,28681,40,1,2014-07-10
28680,28681,28691,17,2014-07-10
28682,28683,40,1,2014-07-10
28682,28683,28693,17,2014-07-10
28684,28685,40,1,2014-07-10
28684,28685,28692,17,2014-07-10
28710,28711,638,1,2014-07-10
28710,28711,3828,450,2014-07-10
28710,28711,11399,975,2014-07-10
28710,28711,11478,30,2014-07-10
28710,28711,11533,375,2014-07-10
28710,28711,11534,863,2014-07-10
28710,28711,11540,6000,2014-07-10
28710,28711,11544,37500,2014-07-10
28710,28711,11550,225,2014-07-10
28710,28711,11552,3000,2014-07-10
28710,28711,11558,3795,2014-07-10
28729,28730,34,2884,2014-07-10
28729,28730,35,919,2014-07-10
28729,28730,40,1,2014-07-10
28731,28732,37,62,2014-07-10
28731,28732,38,49,2014-07-10
28733,28734,34,2884,2014-07-10
28733,28734,35,919,2014-07-10
28733,28734,40,1,2014-07-10
28735,28736,34,2884,2014-07-10
28735,28736,35,919,2014-07-10
28735,28736,40,1,2014-07-10
28737,28738,34,2884,2014-07-10
28737,28738,35,919,2014-07-10
28737,28738,40,1,2014-07-10
28740,28741,34,9151,2014-07-10
28740,28741,35,2737,2014-07-10
28740,28741,36,988,2014-07-10
28740,28741,37,150,2014-07-10
28740,28741,38,148,2014-07-10
28742,28743,34,916,2014-07-10
28742,28743,35,64,2014-07-10
28742,28743,36,29,2014-07-10
28742,28743,38,4,2014-07-10
28744,28745,34,3383,2014-07-10
28744,28745,35,2769,2014-07-10
28744,28745,36,181,2014-07-10
28746,28747,34,1890,2014-07-10
28746,28747,35,456,2014-07-10
28746,28747,36,179,2014-07-10
28746,28747,37,6,2014-07-10
28748,28749,34,7547,2014-07-10
28748,28749,35,3947,2014-07-10
28748,28749,36,2250,2014-07-10
28748,28749,37,1667,2014-07-10
28748,28749,38,111,2014-07-10
28750,28751,34,1324,2014-07-10
28750,28751,35,481,2014-07-10
28750,28751,36,119,2014-07-10
28752,28753,34,122844,2014-07-10
28752,28753,35,34500,2014-07-10
28752,28753,36,5624,2014-07-10
28752,28753,37,1222,2014-07-10
28752,28753,38,478,2014-07-10
28752,28753,39,89,2014-07-10
28752,28753,40,47,2014-07-10
28754,28755,34,98658,2014-07-10
28754,28755,35,30613,2014-07-10
28754,28755,36,7806,2014-07-10
28754,28755,38,744,2014-07-10
28754,28755,40,88,2014-07-10
28756,28757,34,471,2014-07-10
28756,28757,35,716,2014-07-10
28758,28759,34,471,2014-07-10
28758,28759,35,716,2014-07-10
28770,28771,34,279964,2014-07-10
28770,28771,35,93031,2014-07-10
28770,28771,36,51822,2014-07-10
28770,28771,37,13618,2014-07-10
28770,28771,38,3147,2014-07-10
28770,28771,39,1422,2014-07-10
28770,28771,40,356,2014-07-10
28772,28773,34,69991,2014-07-10
28772,28773,35,23258,2014-07-10
28772,28773,36,12956,2014-07-10
28772,28773,37,3404,2014-07-10
28772,28773,38,787,2014-07-10
28772,28773,39,356,2014-07-10
28772,28773,40,89,2014-07-10
28774,28775,34,17498,2014-07-10
28774,28775,35,5814,2014-07-10
28774,28775,36,3239,2014-07-10
28774,28775,37,851,2014-07-10
28774,28775,38,197,2014-07-10
28774,28775,39,89,2014-07-10
28774,28775,40,22,2014-07-10
28776,28777,34,516,2014-07-10
28776,28777,35,67,2014-07-10
28776,28777,36,2,2014-07-10
28776,28777,37,73,2014-07-10
28778,28779,34,751,2014-07-10
28778,28779,35,226,2014-07-10
28778,28779,36,311,2014-07-10
28778,28779,37,43,2014-07-10
28778,28779,38,2,2014-07-10
28778,28779,39,1,2014-07-10
28780,28781,34,18938,2014-07-10
28780,28781,35,18012,2014-07-10
28780,28781,36,13619,2014-07-10
28780,28781,37,877,2014-07-10
28780,28781,39,1,2014-07-10
28780,28781,40,6,2014-07-10
28782,28783,34,5244,2014-07-10
28782,28783,35,3160,2014-07-10
28782,28783,36,842,2014-07-10
28782,28783,38,20,2014-07-10
28782,28783,39,3,2014-07-10
28782,28783,40,1,2014-07-10
28784,28785,34,10591,2014-07-10
28784,28785,35,6983,2014-07-10
28784,28785,36,2503,2014-07-10
28784,28785,37,1,2014-07-10
28784,28785,39,6,2014-07-10
28784,28785,40,1,2014-07-10
28786,28787,34,12218,2014-07-10
28786,28787,35,11594,2014-07-10
28786,28787,36,8360,2014-07-10
28786,28787,37,231,2014-07-10
28786,28787,38,6,2014-07-10
28786,28787,40,3,2014-07-10
28788,28789,34,93611,2014-07-10
28788,28789,35,30667,2014-07-10
28788,28789,36,7656,2014-07-10
28788,28789,38,711,2014-07-10
28788,28789,40,84,2014-07-10
28844,28845,3828,2250,2014-07-10
28844,28845,11399,3750,2014-07-10
28844,28845,11478,60,2014-07-10
28844,28845,20185,1,2014-07-10
28844,28845,21025,30,2014-07-10
28844,28845,29055,665,2014-07-10
28844,28845,29059,777,2014-07-10
28844,28845,29071,633,2014-07-10
28844,28845,29093,1056,2014-07-10
28844,28845,29097,1056,2014-07-10
28844,28845,29101,674,2014-07-10
28844,28845,29107,1520,2014-07-10
28846,28847,3828,2250,2014-07-10
28846,28847,11399,3750,2014-07-10
28846,28847,11478,60,2014-07-10
28846,28847,20189,1,2014-07-10
28846,28847,21025,30,2014-07-10
28846,28847,29043,674,2014-07-10
28846,28847,29045,1056,2014-07-10
28846,28847,29049,1520,2014-07-10
28846,28847,29065,665,2014-07-10
28846,28847,29075,1056,2014-07-10
28846,28847,29079,777,2014-07-10
28846,28847,29089,633,2014-07-10
28848,28849,3828,2250,2014-07-10
28848,28849,11399,3750,2014-07-10
28848,28849,11478,60,2014-07-10
28848,28849,20187,1,2014-07-10
28848,28849,21025,30,2014-07-10
28848,28849,29041,1520,2014-07-10
28848,28849,29051,777,2014-07-10
28848,28849,29061,633,2014-07-10
28848,28849,29069,665,2014-07-10
28848,28849,29081,1056,2014-07-10
28848,28849,29085,1056,2014-07-10
28848,28849,29091,674,2014-07-10
28850,28851,3828,2250,2014-07-10
28850,28851,11399,3750,2014-07-10
28850,28851,11478,60,2014-07-10
28850,28851,20183,1,2014-07-10
28850,28851,21025,30,2014-07-10
28850,28851,29039,777,2014-07-10
28850,28851,29053,633,2014-07-10
28850,28851,29067,674,2014-07-10
28850,28851,29073,1056,2014-07-10
28850,28851,29095,665,2014-07-10
28850,28851,29103,1056,2014-07-10
28850,28851,29109,1520,2014-07-10
28888,28889,25595,111,2014-07-10
28888,28889,25598,76,2014-07-10
28888,28889,25601,131,2014-07-10
28890,28891,25595,150,2014-07-10
28890,28891,25598,102,2014-07-10
28890,28891,25601,177,2014-07-10
28892,28893,25595,111,2014-07-10
28892,28893,25598,76,2014-07-10
28892,28893,25601,131,2014-07-10
28894,28895,25595,150,2014-07-10
28894,28895,25598,102,2014-07-10
28894,28895,25601,177,2014-07-10
28999,29000,35,4,2014-07-10
28999,29000,37,3,2014-07-10
28999,29000,38,3,2014-07-10
28999,29000,39,1,2014-07-10
28999,29000,40,1,2014-07-10
29001,29002,35,4,2014-07-10
29001,29002,37,3,2014-07-10
29001,29002,38,3,2014-07-10
29001,29002,39,1,2014-07-10
29001,29002,40,1,2014-07-10
29003,29004,34,12,2014-07-10
29003,29004,35,7,2014-07-10
29003,29004,37,8,2014-07-10
29003,29004,38,6,2014-07-10
29003,29004,39,47,2014-07-10
29003,29004,40,30,2014-07-10
29005,29006,35,4,2014-07-10
29005,29006,37,3,2014-07-10
29005,29006,38,3,2014-07-10
29005,29006,39,1,2014-07-10
29005,29006,40,1,2014-07-10
29007,29008,35,4,2014-07-10
29007,29008,37,3,2014-07-10
29007,29008,38,3,2014-07-10
29007,29008,39,1,2014-07-10
29007,29008,40,1,2014-07-10
29009,29010,35,4,2014-07-10
29009,29010,37,3,2014-07-10
29009,29010,38,3,2014-07-10
29009,29010,39,1,2014-07-10
29009,29010,40,1,2014-07-10
29011,29012,35,4,2014-07-10
29011,29012,37,3,2014-07-10
29011,29012,38,3,2014-07-10
29011,29012,39,1,2014-07-10
29011,29012,40,1,2014-07-10
29013,29014,35,4,2014-07-10
29013,29014,37,3,2014-07-10
29013,29014,38,3,2014-07-10
29013,29014,39,1,2014-07-10
29013,29014,40,1,2014-07-10
29015,29016,35,4,2014-07-10
29015,29016,37,3,2014-07-10
29015,29016,38,3,2014-07-10
29015,29016,39,1,2014-07-10
29015,29016,40,1,2014-07-10
29039,29040,16672,889,2014-07-10
29039,29040,17317,22,2014-07-10
29041,29042,16670,2222,2014-07-10
29041,29042,16678,1667,2014-07-10
29043,29044,16673,2222,2014-07-10
29043,29044,16678,889,2014-07-10
29043,29044,16683,11,2014-07-10
29045,29046,16673,2222,2014-07-10
29045,29046,16679,1111,2014-07-10
29045,29046,16681,11,2014-07-10
29045,29046,33361,22,2014-07-10
29047,29048,16672,2222,2014-07-10
29047,29048,16680,67,2014-07-10
29047,29048,16681,22,2014-07-10
29049,29050,16673,2222,2014-07-10
29049,29050,16678,1667,2014-07-10
29051,29052,16670,889,2014-07-10
29051,29052,17317,22,2014-07-10
29053,29054,16672,1333,2014-07-10
29053,29054,16680,33,2014-07-10
29053,29054,16683,11,2014-07-10
29055,29056,16671,2222,2014-07-10
29055,29056,16681,11,2014-07-10
29055,29056,16682,22,2014-07-10
29057,29058,16671,2222,2014-07-10
29057,29058,16680,67,2014-07-10
29057,29058,16681,22,2014-07-10
29059,29060,16671,889,2014-07-10
29059,29060,17317,22,2014-07-10
29061,29062,16670,1333,2014-07-10
29061,29062,16680,33,2014-07-10
29061,29062,16683,11,2014-07-10
29063,29064,16672,2556,2014-07-10
29063,29064,16679,778,2014-07-10
29063,29064,16682,11,2014-07-10
29065,29066,16673,2222,2014-07-10
29065,29066,16681,11,2014-07-10
29065,29066,16682,22,2014-07-10
29067,29068,16672,2222,2014-07-10
29067,29068,16678,889,2014-07-10
29067,29068,16683,11,2014-07-10
29069,29070,16670,2222,2014-07-10
29069,29070,16681,11,2014-07-10
29069,29070,16682,22,2014-07-10
29071,29072,16671,1333,2014-07-10
29071,29072,16680,33,2014-07-10
29071,29072,16683,11,2014-07-10
29073,29074,16672,1667,2014-07-10
29073,29074,16680,56,2014-07-10
29073,29074,16681,22,2014-07-10
29073,29074,33360,22,2014-07-10
29075,29076,16673,1667,2014-07-10
29075,29076,16680,56,2014-07-10
29075,29076,16681,22,2014-07-10
29075,29076,33361,22,2014-07-10
29077,29078,16673,2222,2014-07-10
29077,29078,16680,67,2014-07-10
29077,29078,16681,22,2014-07-10
29079,29080,16673,889,2014-07-10
29079,29080,17317,22,2014-07-10
29081,29082,16670,2222,2014-07-10
29081,29082,16679,1111,2014-07-10
29081,29082,16681,11,2014-07-10
29081,29082,33359,22,2014-07-10
29083,29084,16670,2556,2014-07-10
29083,29084,16679,778,2014-07-10
29083,29084,16682,11,2014-07-10
29085,29086,16670,1667,2014-07-10
29085,29086,16680,56,2014-07-10
29085,29086,16681,22,2014-07-10
29085,29086,33359,22,2014-07-10
29087,29088,16670,2222,2014-07-10
29087,29088,16680,67,2014-07-10
29087,29088,16681,22,2014-07-10
29089,29090,16673,1333,2014-07-10
29089,29090,16680,33,2014-07-10
29089,29090,16683,11,2014-07-10
29091,29092,16670,2222,2014-07-10
29091,29092,16678,889,2014-07-10
29091,29092,16683,11,2014-07-10
29093,29094,16671,1667,2014-07-10
29093,29094,16680,56,2014-07-10
29093,29094,16681,22,2014-07-10
29093,29094,33362,22,2014-07-10
29095,29096,16672,2222,2014-07-10
29095,29096,16681,11,2014-07-10
29095,29096,16682,22,2014-07-10
29097,29098,16671,2222,2014-07-10
29097,29098,16679,1111,2014-07-10
29097,29098,16681,11,2014-07-10
29097,29098,33362,22,2014-07-10
29099,29100,16671,2556,2014-07-10
29099,29100,16679,778,2014-07-10
29099,29100,16682,11,2014-07-10
29101,29102,16671,2222,2014-07-10
29101,29102,16678,889,2014-07-10
29101,29102,16683,11,2014-07-10
29103,29104,16672,2222,2014-07-10
29103,29104,16679,1111,2014-07-10
29103,29104,16681,11,2014-07-10
29103,29104,33360,22,2014-07-10
29105,29106,16673,2556,2014-07-10
29105,29106,16679,778,2014-07-10
29105,29106,16682,11,2014-07-10
29107,29108,16671,2222,2014-07-10
29107,29108,16678,1667,2014-07-10
29109,29110,16672,2222,2014-07-10
29109,29110,16678,1667,2014-07-10
29202,29204,29203,1,2014-07-10
29226,29227,34,306,2014-07-10
29226,29227,35,122,2014-07-10
29248,29249,34,13889,2014-07-10
29248,29249,35,6111,2014-07-10
29248,29249,36,4000,2014-07-10
29248,29249,37,167,2014-07-10
29248,29249,38,67,2014-07-10
29248,29249,39,7,2014-07-10
29248,29249,40,2,2014-07-10
29328,29329,34,2778,2014-07-10
29330,29331,34,2778,2014-07-10
29332,29333,34,2778,2014-07-10
29334,29335,34,2778,2014-07-10
29337,29338,34,633333,2014-07-10
29337,29338,35,2e+05,2014-07-10
29337,29338,36,51111,2014-07-10
29337,29338,37,7222,2014-07-10
29337,29338,38,2444,2014-07-10
29337,29338,39,556,2014-07-10
29337,29338,40,133,2014-07-10
29336,29339,34,566667,2014-07-10
29336,29339,35,211111,2014-07-10
29336,29339,36,52222,2014-07-10
29336,29339,37,8333,2014-07-10
29336,29339,38,2333,2014-07-10
29336,29339,39,544,2014-07-10
29336,29339,40,111,2014-07-10
29340,29341,34,544444,2014-07-10
29340,29341,35,177778,2014-07-10
29340,29341,36,47778,2014-07-10
29340,29341,37,8556,2014-07-10
29340,29341,38,3111,2014-07-10
29340,29341,39,622,2014-07-10
29340,29341,40,122,2014-07-10
29344,29345,34,588889,2014-07-10
29344,29345,35,122222,2014-07-10
29344,29345,36,50000,2014-07-10
29344,29345,37,11111,2014-07-10
29344,29345,38,3222,2014-07-10
29344,29345,39,656,2014-07-10
29344,29345,40,106,2014-07-10
29984,29985,11478,17,2014-07-10
29984,29985,29996,1,2014-07-10
29984,29985,30002,9,2014-07-10
29984,29985,30464,17,2014-07-10
29984,29985,30470,1,2014-07-10
29984,29985,30474,22,2014-07-10
29984,29985,30476,2,2014-07-10
29986,29987,11478,17,2014-07-10
29986,29987,29996,1,2014-07-10
29986,29987,30002,9,2014-07-10
29986,29987,30464,17,2014-07-10
29986,29987,30470,1,2014-07-10
29986,29987,30474,22,2014-07-10
29986,29987,30476,2,2014-07-10
29988,29989,11478,17,2014-07-10
29988,29989,29996,1,2014-07-10
29988,29989,30002,9,2014-07-10
29988,29989,30464,17,2014-07-10
29988,29989,30470,1,2014-07-10
29988,29989,30474,22,2014-07-10
29988,29989,30476,2,2014-07-10
29990,29991,11478,17,2014-07-10
29990,29991,29996,1,2014-07-10
29990,29991,30002,9,2014-07-10
29990,29991,30464,17,2014-07-10
29990,29991,30470,1,2014-07-10
29990,29991,30474,22,2014-07-10
29990,29991,30476,2,2014-07-10
29992,29993,30018,1,2014-07-10
29992,29993,30019,1,2014-07-10
29992,29993,30021,3,2014-07-10
29992,29993,30254,6,2014-07-10
29992,29993,30304,11,2014-07-10
29992,29993,30307,22,2014-07-10
29992,29993,30309,22,2014-07-10
29994,29995,30019,1,2014-07-10
29994,29995,30021,3,2014-07-10
29994,29995,30248,1,2014-07-10
29994,29995,30254,6,2014-07-10
29994,29995,30305,11,2014-07-10
29994,29995,30308,44,2014-07-10
29994,29995,30309,22,2014-07-10
29996,29997,30252,1,2014-07-10
29996,29997,30268,1,2014-07-10
29996,29997,30269,1,2014-07-10
29996,29997,30270,1,2014-07-10
29996,29997,30271,1,2014-07-10
29996,29997,30304,6,2014-07-10
29996,29997,30307,11,2014-07-10
29996,29997,30311,278,2014-07-10
30002,30003,30019,4,2014-07-10
30002,30003,30021,6,2014-07-10
30002,30003,30251,2,2014-07-10
30002,30003,30259,2,2014-07-10
30002,30003,30303,33,2014-07-10
30002,30003,30304,6,2014-07-10
30002,30003,30305,2,2014-07-10
30008,30009,30019,1,2014-07-10
30008,30009,30021,3,2014-07-10
30008,30009,30022,1,2014-07-10
30008,30009,30254,6,2014-07-10
30008,30009,30305,11,2014-07-10
30008,30009,30308,44,2014-07-10
30008,30009,30309,22,2014-07-10
30013,30014,34,11,2014-07-10
30013,30014,35,12,2014-07-10
30013,30014,36,28,2014-07-10
30013,30014,37,11,2014-07-10
30013,30014,38,4,2014-07-10
30028,30029,34,3,2014-07-10
30028,30029,35,9,2014-07-10
30028,30029,36,14,2014-07-10
30028,30029,37,1,2014-07-10
30028,30029,38,1,2014-07-10
30028,30029,40,1,2014-07-10
30028,30029,16275,7,2014-07-10
30036,30037,30002,1,2014-07-10
30036,30037,30464,1,2014-07-10
30036,30037,30466,1,2014-07-10
30036,30037,30474,1,2014-07-10
30036,30037,30476,1,2014-07-10
30038,30039,30002,1,2014-07-10
30038,30039,30464,1,2014-07-10
30038,30039,30466,1,2014-07-10
30038,30039,30474,1,2014-07-10
30038,30039,30476,1,2014-07-10
30040,30041,30002,1,2014-07-10
30040,30041,30464,1,2014-07-10
30040,30041,30466,1,2014-07-10
30040,30041,30474,1,2014-07-10
30040,30041,30476,1,2014-07-10
30042,30043,30002,1,2014-07-10
30042,30043,30464,1,2014-07-10
30042,30043,30466,1,2014-07-10
30042,30043,30474,1,2014-07-10
30042,30043,30476,1,2014-07-10
30046,30047,30002,1,2014-07-10
30046,30047,30464,1,2014-07-10
30046,30047,30466,1,2014-07-10
30046,30047,30474,1,2014-07-10
30046,30047,30476,1,2014-07-10
30048,30049,30002,1,2014-07-10
30048,30049,30464,1,2014-07-10
30048,30049,30466,1,2014-07-10
30048,30049,30474,1,2014-07-10
30048,30049,30476,1,2014-07-10
30050,30051,30002,1,2014-07-10
30050,30051,30464,1,2014-07-10
30050,30051,30466,1,2014-07-10
30050,30051,30474,1,2014-07-10
30050,30051,30476,1,2014-07-10
30052,30053,30002,1,2014-07-10
30052,30053,30464,1,2014-07-10
30052,30053,30466,1,2014-07-10
30052,30053,30474,1,2014-07-10
30052,30053,30476,1,2014-07-10
30056,30057,30002,1,2014-07-10
30056,30057,30464,1,2014-07-10
30056,30057,30466,1,2014-07-10
30056,30057,30474,1,2014-07-10
30056,30057,30476,1,2014-07-10
30058,30059,30002,1,2014-07-10
30058,30059,30464,1,2014-07-10
30058,30059,30466,1,2014-07-10
30058,30059,30474,1,2014-07-10
30058,30059,30476,1,2014-07-10
30060,30061,30002,1,2014-07-10
30060,30061,30464,1,2014-07-10
30060,30061,30466,1,2014-07-10
30060,30061,30474,1,2014-07-10
30060,30061,30476,1,2014-07-10
30062,30063,30002,1,2014-07-10
30062,30063,30464,1,2014-07-10
30062,30063,30466,1,2014-07-10
30062,30063,30474,1,2014-07-10
30062,30063,30476,1,2014-07-10
30066,30067,30002,1,2014-07-10
30066,30067,30464,1,2014-07-10
30066,30067,30466,1,2014-07-10
30066,30067,30474,1,2014-07-10
30066,30067,30476,1,2014-07-10
30068,30069,30002,1,2014-07-10
30068,30069,30464,1,2014-07-10
30068,30069,30466,1,2014-07-10
30068,30069,30474,1,2014-07-10
30068,30069,30476,1,2014-07-10
30070,30071,30002,1,2014-07-10
30070,30071,30464,1,2014-07-10
30070,30071,30466,1,2014-07-10
30070,30071,30474,1,2014-07-10
30070,30071,30476,1,2014-07-10
30072,30073,30002,1,2014-07-10
30072,30073,30464,1,2014-07-10
30072,30073,30466,1,2014-07-10
30072,30073,30474,1,2014-07-10
30072,30073,30476,1,2014-07-10
30076,30077,30002,1,2014-07-10
30076,30077,30464,1,2014-07-10
30076,30077,30474,1,2014-07-10
30076,30077,30476,1,2014-07-10
30076,30077,30478,1,2014-07-10
30078,30079,30002,1,2014-07-10
30078,30079,30464,1,2014-07-10
30078,30079,30474,1,2014-07-10
30078,30079,30476,1,2014-07-10
30078,30079,30478,1,2014-07-10
30080,30081,30002,1,2014-07-10
30080,30081,30464,1,2014-07-10
30080,30081,30474,1,2014-07-10
30080,30081,30476,1,2014-07-10
30080,30081,30478,1,2014-07-10
30082,30083,30002,1,2014-07-10
30082,30083,30464,1,2014-07-10
30082,30083,30474,1,2014-07-10
30082,30083,30476,1,2014-07-10
30082,30083,30478,1,2014-07-10
30086,30087,30002,1,2014-07-10
30086,30087,30464,1,2014-07-10
30086,30087,30474,1,2014-07-10
30086,30087,30476,1,2014-07-10
30086,30087,30478,1,2014-07-10
30088,30089,30002,1,2014-07-10
30088,30089,30464,1,2014-07-10
30088,30089,30474,1,2014-07-10
30088,30089,30476,1,2014-07-10
30088,30089,30478,1,2014-07-10
30090,30091,30002,1,2014-07-10
30090,30091,30464,1,2014-07-10
30090,30091,30474,1,2014-07-10
30090,30091,30476,1,2014-07-10
30090,30091,30478,1,2014-07-10
30092,30093,30002,1,2014-07-10
30092,30093,30464,1,2014-07-10
30092,30093,30474,1,2014-07-10
30092,30093,30476,1,2014-07-10
30092,30093,30478,1,2014-07-10
30096,30097,30002,1,2014-07-10
30096,30097,30464,1,2014-07-10
30096,30097,30474,1,2014-07-10
30096,30097,30476,1,2014-07-10
30096,30097,30478,1,2014-07-10
30098,30099,30002,1,2014-07-10
30098,30099,30464,1,2014-07-10
30098,30099,30474,1,2014-07-10
30098,30099,30476,1,2014-07-10
30098,30099,30478,1,2014-07-10
30100,30101,30002,1,2014-07-10
30100,30101,30464,1,2014-07-10
30100,30101,30474,1,2014-07-10
30100,30101,30476,1,2014-07-10
30100,30101,30478,1,2014-07-10
30102,30103,30002,1,2014-07-10
30102,30103,30464,1,2014-07-10
30102,30103,30474,1,2014-07-10
30102,30103,30476,1,2014-07-10
30102,30103,30478,1,2014-07-10
30106,30107,30002,1,2014-07-10
30106,30107,30464,1,2014-07-10
30106,30107,30474,1,2014-07-10
30106,30107,30476,1,2014-07-10
30106,30107,30478,1,2014-07-10
30108,30109,30002,1,2014-07-10
30108,30109,30464,1,2014-07-10
30108,30109,30474,1,2014-07-10
30108,30109,30476,1,2014-07-10
30108,30109,30478,1,2014-07-10
30110,30111,30002,1,2014-07-10
30110,30111,30464,1,2014-07-10
30110,30111,30474,1,2014-07-10
30110,30111,30476,1,2014-07-10
30110,30111,30478,1,2014-07-10
30112,30113,30002,1,2014-07-10
30112,30113,30464,1,2014-07-10
30112,30113,30474,1,2014-07-10
30112,30113,30476,1,2014-07-10
30112,30113,30478,1,2014-07-10
30139,30140,29992,1,2014-07-10
30139,30140,30002,1,2014-07-10
30139,30140,30464,1,2014-07-10
30139,30140,30474,1,2014-07-10
30139,30140,30476,1,2014-07-10
30141,30142,29992,1,2014-07-10
30141,30142,30002,1,2014-07-10
30141,30142,30464,1,2014-07-10
30141,30142,30474,1,2014-07-10
30141,30142,30476,1,2014-07-10
30143,30144,29992,1,2014-07-10
30143,30144,30002,1,2014-07-10
30143,30144,30464,1,2014-07-10
30143,30144,30474,1,2014-07-10
30143,30144,30476,1,2014-07-10
30145,30146,29992,1,2014-07-10
30145,30146,30002,1,2014-07-10
30145,30146,30464,1,2014-07-10
30145,30146,30474,1,2014-07-10
30145,30146,30476,1,2014-07-10
30149,30150,29992,1,2014-07-10
30149,30150,30002,1,2014-07-10
30149,30150,30464,1,2014-07-10
30149,30150,30474,1,2014-07-10
30149,30150,30476,1,2014-07-10
30151,30152,29992,1,2014-07-10
30151,30152,30002,1,2014-07-10
30151,30152,30464,1,2014-07-10
30151,30152,30474,1,2014-07-10
30151,30152,30476,1,2014-07-10
30153,30154,29992,1,2014-07-10
30153,30154,30002,1,2014-07-10
30153,30154,30464,1,2014-07-10
30153,30154,30474,1,2014-07-10
30153,30154,30476,1,2014-07-10
30155,30156,29992,1,2014-07-10
30155,30156,30002,1,2014-07-10
30155,30156,30464,1,2014-07-10
30155,30156,30474,1,2014-07-10
30155,30156,30476,1,2014-07-10
30159,30160,29992,1,2014-07-10
30159,30160,30002,1,2014-07-10
30159,30160,30464,1,2014-07-10
30159,30160,30474,1,2014-07-10
30159,30160,30476,1,2014-07-10
30161,30162,29992,1,2014-07-10
30161,30162,30002,1,2014-07-10
30161,30162,30464,1,2014-07-10
30161,30162,30474,1,2014-07-10
30161,30162,30476,1,2014-07-10
30163,30164,29992,1,2014-07-10
30163,30164,30002,1,2014-07-10
30163,30164,30464,1,2014-07-10
30163,30164,30474,1,2014-07-10
30163,30164,30476,1,2014-07-10
30165,30166,29992,1,2014-07-10
30165,30166,30002,1,2014-07-10
30165,30166,30464,1,2014-07-10
30165,30166,30474,1,2014-07-10
30165,30166,30476,1,2014-07-10
30169,30170,29992,1,2014-07-10
30169,30170,30002,1,2014-07-10
30169,30170,30464,1,2014-07-10
30169,30170,30474,1,2014-07-10
30169,30170,30476,1,2014-07-10
30171,30172,29992,1,2014-07-10
30171,30172,30002,1,2014-07-10
30171,30172,30464,1,2014-07-10
30171,30172,30474,1,2014-07-10
30171,30172,30476,1,2014-07-10
30173,30174,29992,1,2014-07-10
30173,30174,30002,1,2014-07-10
30173,30174,30464,1,2014-07-10
30173,30174,30474,1,2014-07-10
30173,30174,30476,1,2014-07-10
30175,30176,29992,1,2014-07-10
30175,30176,30002,1,2014-07-10
30175,30176,30464,1,2014-07-10
30175,30176,30474,1,2014-07-10
30175,30176,30476,1,2014-07-10
29964,30227,30002,1,2014-07-10
29964,30227,30008,1,2014-07-10
29964,30227,30464,1,2014-07-10
29964,30227,30470,1,2014-07-10
29964,30227,30474,1,2014-07-10
29965,30228,30002,1,2014-07-10
29965,30228,30008,1,2014-07-10
29965,30228,30464,1,2014-07-10
29965,30228,30470,1,2014-07-10
29965,30228,30474,1,2014-07-10
29966,30229,30002,1,2014-07-10
29966,30229,30008,1,2014-07-10
29966,30229,30464,1,2014-07-10
29966,30229,30470,1,2014-07-10
29966,30229,30474,1,2014-07-10
29967,30230,30002,1,2014-07-10
29967,30230,30008,1,2014-07-10
29967,30230,30464,1,2014-07-10
29967,30230,30470,1,2014-07-10
29967,30230,30474,1,2014-07-10
29969,30232,30002,1,2014-07-10
29969,30232,30008,1,2014-07-10
29969,30232,30464,1,2014-07-10
29969,30232,30470,1,2014-07-10
29969,30232,30474,1,2014-07-10
29970,30233,30002,1,2014-07-10
29970,30233,30008,1,2014-07-10
29970,30233,30464,1,2014-07-10
29970,30233,30470,1,2014-07-10
29970,30233,30474,1,2014-07-10
29971,30234,30002,1,2014-07-10
29971,30234,30008,1,2014-07-10
29971,30234,30464,1,2014-07-10
29971,30234,30470,1,2014-07-10
29971,30234,30474,1,2014-07-10
29972,30235,30002,1,2014-07-10
29972,30235,30008,1,2014-07-10
29972,30235,30464,1,2014-07-10
29972,30235,30470,1,2014-07-10
29972,30235,30474,1,2014-07-10
29979,30237,30002,1,2014-07-10
29979,30237,30008,1,2014-07-10
29979,30237,30464,1,2014-07-10
29979,30237,30470,1,2014-07-10
29979,30237,30474,1,2014-07-10
29980,30238,30002,1,2014-07-10
29980,30238,30008,1,2014-07-10
29980,30238,30464,1,2014-07-10
29980,30238,30470,1,2014-07-10
29980,30238,30474,1,2014-07-10
29981,30239,30002,1,2014-07-10
29981,30239,30008,1,2014-07-10
29981,30239,30464,1,2014-07-10
29981,30239,30470,1,2014-07-10
29981,30239,30474,1,2014-07-10
29982,30240,30002,1,2014-07-10
29982,30240,30008,1,2014-07-10
29982,30240,30464,1,2014-07-10
29982,30240,30470,1,2014-07-10
29982,30240,30474,1,2014-07-10
29974,30242,30002,1,2014-07-10
29974,30242,30008,1,2014-07-10
29974,30242,30464,1,2014-07-10
29974,30242,30470,1,2014-07-10
29974,30242,30474,1,2014-07-10
29975,30243,30002,1,2014-07-10
29975,30243,30008,1,2014-07-10
29975,30243,30464,1,2014-07-10
29975,30243,30470,1,2014-07-10
29975,30243,30474,1,2014-07-10
29976,30244,30002,1,2014-07-10
29976,30244,30008,1,2014-07-10
29976,30244,30464,1,2014-07-10
29976,30244,30470,1,2014-07-10
29976,30244,30474,1,2014-07-10
29977,30245,30002,1,2014-07-10
29977,30245,30008,1,2014-07-10
29977,30245,30464,1,2014-07-10
29977,30245,30470,1,2014-07-10
29977,30245,30474,1,2014-07-10
30328,30329,34,556,2014-07-10
30328,30329,35,167,2014-07-10
30342,30343,34,333,2014-07-10
30342,30343,35,167,2014-07-10
30386,30387,21592,36,2014-07-10
30386,30387,21593,22,2014-07-10
30386,30387,21594,11,2014-07-10
30386,30387,21595,4,2014-07-10
30386,30387,21596,2,2014-07-10
30117,30392,29994,1,2014-07-10
30117,30392,30002,1,2014-07-10
30117,30392,30464,1,2014-07-10
30117,30392,30470,1,2014-07-10
30117,30392,30476,1,2014-07-10
30118,30393,29994,1,2014-07-10
30118,30393,30002,1,2014-07-10
30118,30393,30464,1,2014-07-10
30118,30393,30470,1,2014-07-10
30118,30393,30476,1,2014-07-10
30119,30394,29994,1,2014-07-10
30119,30394,30002,1,2014-07-10
30119,30394,30464,1,2014-07-10
30119,30394,30470,1,2014-07-10
30119,30394,30476,1,2014-07-10
30120,30395,29994,1,2014-07-10
30120,30395,30002,1,2014-07-10
30120,30395,30464,1,2014-07-10
30120,30395,30470,1,2014-07-10
30120,30395,30476,1,2014-07-10
30122,30397,29994,1,2014-07-10
30122,30397,30002,1,2014-07-10
30122,30397,30464,1,2014-07-10
30122,30397,30470,1,2014-07-10
30122,30397,30476,1,2014-07-10
30123,30398,29994,1,2014-07-10
30123,30398,30002,1,2014-07-10
30123,30398,30464,1,2014-07-10
30123,30398,30470,1,2014-07-10
30123,30398,30476,1,2014-07-10
30124,30399,29994,1,2014-07-10
30124,30399,30002,1,2014-07-10
30124,30399,30464,1,2014-07-10
30124,30399,30470,1,2014-07-10
30124,30399,30476,1,2014-07-10
30125,30400,29994,1,2014-07-10
30125,30400,30002,1,2014-07-10
30125,30400,30464,1,2014-07-10
30125,30400,30470,1,2014-07-10
30125,30400,30476,1,2014-07-10
30127,30402,29994,1,2014-07-10
30127,30402,30002,1,2014-07-10
30127,30402,30464,1,2014-07-10
30127,30402,30470,1,2014-07-10
30127,30402,30476,1,2014-07-10
30128,30403,29994,1,2014-07-10
30128,30403,30002,1,2014-07-10
30128,30403,30464,1,2014-07-10
30128,30403,30470,1,2014-07-10
30128,30403,30476,1,2014-07-10
30129,30404,29994,1,2014-07-10
30129,30404,30002,1,2014-07-10
30129,30404,30464,1,2014-07-10
30129,30404,30470,1,2014-07-10
30129,30404,30476,1,2014-07-10
30130,30405,29994,1,2014-07-10
30130,30405,30002,1,2014-07-10
30130,30405,30464,1,2014-07-10
30130,30405,30470,1,2014-07-10
30130,30405,30476,1,2014-07-10
30132,30407,29994,1,2014-07-10
30132,30407,30002,1,2014-07-10
30132,30407,30464,1,2014-07-10
30132,30407,30470,1,2014-07-10
30132,30407,30476,1,2014-07-10
30133,30408,29994,1,2014-07-10
30133,30408,30002,1,2014-07-10
30133,30408,30464,1,2014-07-10
30133,30408,30470,1,2014-07-10
30133,30408,30476,1,2014-07-10
30134,30409,29994,1,2014-07-10
30134,30409,30002,1,2014-07-10
30134,30409,30464,1,2014-07-10
30134,30409,30470,1,2014-07-10
30134,30409,30476,1,2014-07-10
30135,30410,29994,1,2014-07-10
30135,30410,30002,1,2014-07-10
30135,30410,30464,1,2014-07-10
30135,30410,30470,1,2014-07-10
30135,30410,30476,1,2014-07-10
30420,30421,34,8071,2014-07-10
30420,30421,35,7488,2014-07-10
30420,30421,36,219,2014-07-10
30420,30421,37,2,2014-07-10
30422,30423,34,8071,2014-07-10
30422,30423,35,7488,2014-07-10
30422,30423,36,219,2014-07-10
30422,30423,37,2,2014-07-10
30424,30425,34,8071,2014-07-10
30424,30425,35,7488,2014-07-10
30424,30425,36,219,2014-07-10
30424,30425,37,2,2014-07-10
30464,30465,30021,4,2014-07-10
30464,30465,30254,6,2014-07-10
30464,30465,30303,17,2014-07-10
30464,30465,30304,4,2014-07-10
30466,30467,30019,1,2014-07-10
30466,30467,30021,3,2014-07-10
30466,30467,30024,1,2014-07-10
30466,30467,30254,6,2014-07-10
30466,30467,30304,11,2014-07-10
30466,30467,30307,22,2014-07-10
30466,30467,30309,22,2014-07-10
30470,30471,30019,4,2014-07-10
30470,30471,30021,4,2014-07-10
30470,30471,30254,11,2014-07-10
30470,30471,30259,4,2014-07-10
30470,30471,30303,56,2014-07-10
30470,30471,30308,44,2014-07-10
30470,30471,30310,222,2014-07-10
30474,30475,30021,3,2014-07-10
30474,30475,30254,3,2014-07-10
30474,30475,30303,11,2014-07-10
30474,30475,30304,2,2014-07-10
30476,30477,30019,3,2014-07-10
30476,30477,30021,4,2014-07-10
30476,30477,30251,4,2014-07-10
30476,30477,30254,6,2014-07-10
30476,30477,30303,28,2014-07-10
30476,30477,30304,11,2014-07-10
30476,30477,30306,33,2014-07-10
30476,30477,30308,44,2014-07-10
30478,30479,30019,1,2014-07-10
30478,30479,30021,3,2014-07-10
30478,30479,30254,6,2014-07-10
30478,30479,30258,1,2014-07-10
30478,30479,30303,11,2014-07-10
30478,30479,30307,22,2014-07-10
30478,30479,30309,22,2014-07-10
30832,30833,9840,9,2014-07-10
30832,30833,9842,7,2014-07-10
30832,30833,11483,2,2014-07-10
30832,30833,11536,5,2014-07-10
30832,30833,11539,5,2014-07-10
30832,30833,22177,1,2014-07-10
30834,30835,9840,9,2014-07-10
30834,30835,9842,7,2014-07-10
30834,30835,11483,2,2014-07-10
30834,30835,11536,5,2014-07-10
30834,30835,11540,5,2014-07-10
30834,30835,22175,1,2014-07-10
30836,30837,9840,9,2014-07-10
30836,30837,9842,7,2014-07-10
30836,30837,11483,2,2014-07-10
30836,30837,11536,5,2014-07-10
30836,30837,11538,5,2014-07-10
30836,30837,25861,1,2014-07-10
30839,30840,34,1062,2014-07-10
30839,30840,35,2,2014-07-10
30839,30840,36,53,2014-07-10
30842,30843,34,2778,2014-07-10
30987,30988,25590,2,2014-07-10
30987,30988,25601,3,2014-07-10
30987,30988,25605,3,2014-07-10
30993,30994,25590,278,2014-07-10
30993,30994,25601,417,2014-07-10
30993,30994,25605,361,2014-07-10
30997,30998,25590,2,2014-07-10
30997,30998,25601,3,2014-07-10
30997,30998,25605,3,2014-07-10
30999,31000,25590,9,2014-07-10
30999,31000,25601,17,2014-07-10
30999,31000,25605,14,2014-07-10
31001,31002,25590,222,2014-07-10
31001,31002,25601,417,2014-07-10
31001,31002,25605,361,2014-07-10
31003,31004,11475,2,2014-07-10
31003,31004,25609,2,2014-07-10
31003,31004,25620,2,2014-07-10
31003,31004,25624,2,2014-07-10
31005,31006,11475,2,2014-07-10
31005,31006,25609,2,2014-07-10
31005,31006,25620,5,2014-07-10
31005,31006,25624,3,2014-07-10
31007,31008,11475,2,2014-07-10
31007,31008,25609,60,2014-07-10
31007,31008,25620,113,2014-07-10
31007,31008,25624,98,2014-07-10
31009,31010,25590,2,2014-07-10
31009,31010,25601,3,2014-07-10
31009,31010,25605,3,2014-07-10
31011,31012,25590,9,2014-07-10
31011,31012,25601,17,2014-07-10
31011,31012,25605,14,2014-07-10
31013,31014,25590,222,2014-07-10
31013,31014,25601,417,2014-07-10
31013,31014,25605,361,2014-07-10
31015,31016,11475,2,2014-07-10
31015,31016,25609,2,2014-07-10
31015,31016,25620,2,2014-07-10
31015,31016,25624,2,2014-07-10
31017,31018,11475,2,2014-07-10
31017,31018,25609,2,2014-07-10
31017,31018,25620,5,2014-07-10
31017,31018,25624,3,2014-07-10
31019,31020,11475,2,2014-07-10
31019,31020,25609,60,2014-07-10
31019,31020,25620,113,2014-07-10
31019,31020,25624,98,2014-07-10
31021,31022,25590,2,2014-07-10
31021,31022,25601,3,2014-07-10
31021,31022,25605,3,2014-07-10
31023,31024,25590,9,2014-07-10
31023,31024,25601,17,2014-07-10
31023,31024,25605,14,2014-07-10
31025,31026,25590,222,2014-07-10
31025,31026,25601,417,2014-07-10
31025,31026,25605,361,2014-07-10
31027,31028,11475,2,2014-07-10
31027,31028,25609,2,2014-07-10
31027,31028,25620,2,2014-07-10
31027,31028,25624,2,2014-07-10
31029,31030,11475,2,2014-07-10
31029,31030,25609,2,2014-07-10
31029,31030,25620,5,2014-07-10
31029,31030,25624,3,2014-07-10
31031,31032,11475,2,2014-07-10
31031,31032,25609,60,2014-07-10
31031,31032,25620,113,2014-07-10
31031,31032,25624,98,2014-07-10
31033,31034,25590,2,2014-07-10
31033,31034,25601,3,2014-07-10
31033,31034,25605,3,2014-07-10
31035,31036,25590,9,2014-07-10
31035,31036,25601,17,2014-07-10
31035,31036,25605,14,2014-07-10
31037,31038,25590,222,2014-07-10
31037,31038,25601,417,2014-07-10
31037,31038,25605,361,2014-07-10
31039,31040,11475,2,2014-07-10
31039,31040,25609,2,2014-07-10
31039,31040,25620,2,2014-07-10
31039,31040,25624,2,2014-07-10
31041,31042,11475,2,2014-07-10
31041,31042,25609,2,2014-07-10
31041,31042,25620,5,2014-07-10
31041,31042,25624,3,2014-07-10
31043,31044,11475,2,2014-07-10
31043,31044,25609,60,2014-07-10
31043,31044,25620,113,2014-07-10
31043,31044,25624,98,2014-07-10
31045,31046,25590,3,2014-07-10
31045,31046,25601,4,2014-07-10
31045,31046,25605,4,2014-07-10
31047,31048,25590,13,2014-07-10
31047,31048,25601,20,2014-07-10
31047,31048,25605,18,2014-07-10
31049,31050,11475,2,2014-07-10
31049,31050,25609,90,2014-07-10
31049,31050,25620,135,2014-07-10
31049,31050,25624,120,2014-07-10
31051,31052,11475,2,2014-07-10
31051,31052,25609,2,2014-07-10
31051,31052,25620,2,2014-07-10
31051,31052,25624,2,2014-07-10
31053,31054,11475,2,2014-07-10
31053,31054,25609,3,2014-07-10
31053,31054,25620,5,2014-07-10
31053,31054,25624,5,2014-07-10
31055,31056,25590,11,2014-07-10
31055,31056,25601,17,2014-07-10
31055,31056,25605,14,2014-07-10
31057,31058,11475,2,2014-07-10
31057,31058,25609,2,2014-07-10
31057,31058,25620,2,2014-07-10
31057,31058,25624,2,2014-07-10
31059,31060,11475,2,2014-07-10
31059,31060,25609,3,2014-07-10
31059,31060,25620,5,2014-07-10
31059,31060,25624,3,2014-07-10
31061,31062,11475,2,2014-07-10
31061,31062,25609,75,2014-07-10
31061,31062,25620,113,2014-07-10
31061,31062,25624,98,2014-07-10
31063,31064,25590,3,2014-07-10
31063,31064,25601,4,2014-07-10
31063,31064,25605,4,2014-07-10
31065,31066,25590,13,2014-07-10
31065,31066,25601,20,2014-07-10
31065,31066,25605,18,2014-07-10
31067,31068,25590,333,2014-07-10
31067,31068,25601,500,2014-07-10
31067,31068,25605,444,2014-07-10
31069,31070,11475,2,2014-07-10
31069,31070,25609,2,2014-07-10
31069,31070,25620,2,2014-07-10
31069,31070,25624,2,2014-07-10
31071,31072,11475,2,2014-07-10
31071,31072,25609,3,2014-07-10
31071,31072,25620,5,2014-07-10
31071,31072,25624,5,2014-07-10
31073,31074,25590,13,2014-07-10
31073,31074,25601,20,2014-07-10
31073,31074,25605,18,2014-07-10
31075,31076,25590,333,2014-07-10
31075,31076,25601,500,2014-07-10
31075,31076,25605,444,2014-07-10
31077,31078,11475,2,2014-07-10
31077,31078,25609,2,2014-07-10
31077,31078,25620,2,2014-07-10
31077,31078,25624,2,2014-07-10
31079,31080,11475,2,2014-07-10
31079,31080,25609,3,2014-07-10
31079,31080,25620,5,2014-07-10
31079,31080,25624,5,2014-07-10
31081,31082,11475,2,2014-07-10
31081,31082,25609,90,2014-07-10
31081,31082,25620,135,2014-07-10
31081,31082,25624,120,2014-07-10
31083,31084,25590,3,2014-07-10
31083,31084,25601,4,2014-07-10
31083,31084,25605,4,2014-07-10
31085,31086,25590,13,2014-07-10
31085,31086,25601,20,2014-07-10
31085,31086,25605,18,2014-07-10
31087,31088,25590,333,2014-07-10
31087,31088,25601,500,2014-07-10
31087,31088,25605,444,2014-07-10
31089,31090,11475,2,2014-07-10
31089,31090,25609,2,2014-07-10
31089,31090,25620,2,2014-07-10
31089,31090,25624,2,2014-07-10
31091,31092,11475,2,2014-07-10
31091,31092,25609,3,2014-07-10
31091,31092,25620,5,2014-07-10
31091,31092,25624,5,2014-07-10
31093,31094,11475,2,2014-07-10
31093,31094,25609,90,2014-07-10
31093,31094,25620,135,2014-07-10
31093,31094,25624,120,2014-07-10
31105,31106,25599,3,2014-07-10
31105,31106,25600,4,2014-07-10
31105,31106,25602,1,2014-07-10
31107,31108,25599,18,2014-07-10
31107,31108,25600,20,2014-07-10
31107,31108,25602,7,2014-07-10
31109,31110,25599,444,2014-07-10
31109,31110,25600,500,2014-07-10
31109,31110,25602,167,2014-07-10
31111,31112,11475,2,2014-07-10
31111,31112,25618,2,2014-07-10
31111,31112,25619,2,2014-07-10
31111,31112,25621,2,2014-07-10
31113,31114,11475,2,2014-07-10
31113,31114,25618,5,2014-07-10
31113,31114,25619,6,2014-07-10
31113,31114,25621,2,2014-07-10
31115,31116,11475,2,2014-07-10
31115,31116,25618,120,2014-07-10
31115,31116,25619,135,2014-07-10
31115,31116,25621,45,2014-07-10
31117,31118,25595,4,2014-07-10
31117,31118,25598,3,2014-07-10
31117,31118,25601,6,2014-07-10
31119,31120,25595,22,2014-07-10
31119,31120,25598,16,2014-07-10
31119,31120,25601,27,2014-07-10
31121,31122,25595,556,2014-07-10
31121,31122,25598,378,2014-07-10
31121,31122,25601,656,2014-07-10
31123,31124,11475,2,2014-07-10
31123,31124,25614,2,2014-07-10
31123,31124,25617,2,2014-07-10
31123,31124,25620,2,2014-07-10
31125,31126,11475,2,2014-07-10
31125,31126,25614,6,2014-07-10
31125,31126,25617,5,2014-07-10
31125,31126,25620,8,2014-07-10
31127,31128,11475,2,2014-07-10
31127,31128,25614,150,2014-07-10
31127,31128,25617,105,2014-07-10
31127,31128,25620,180,2014-07-10
31129,31130,25595,1,2014-07-10
31129,31130,25598,2,2014-07-10
31129,31130,25600,1,2014-07-10
31131,31132,25595,4,2014-07-10
31131,31132,25598,11,2014-07-10
31131,31132,25600,7,2014-07-10
31133,31134,25595,111,2014-07-10
31133,31134,25598,278,2014-07-10
31133,31134,25600,167,2014-07-10
31135,31136,11475,2,2014-07-10
31135,31136,25614,2,2014-07-10
31135,31136,25617,2,2014-07-10
31135,31136,25619,2,2014-07-10
31137,31138,11475,2,2014-07-10
31137,31138,25614,2,2014-07-10
31137,31138,25617,3,2014-07-10
31137,31138,25619,2,2014-07-10
31139,31140,11475,2,2014-07-10
31139,31140,25614,30,2014-07-10
31139,31140,25617,75,2014-07-10
31139,31140,25619,45,2014-07-10
31141,31142,25595,2,2014-07-10
31141,31142,25598,3,2014-07-10
31141,31142,25601,3,2014-07-10
31143,31144,25595,13,2014-07-10
31143,31144,25598,14,2014-07-10
31143,31144,25601,17,2014-07-10
31145,31146,25595,333,2014-07-10
31145,31146,25598,361,2014-07-10
31145,31146,25601,417,2014-07-10
31147,31148,11475,2,2014-07-10
31147,31148,25614,2,2014-07-10
31147,31148,25617,2,2014-07-10
31147,31148,25620,2,2014-07-10
31149,31150,11475,2,2014-07-10
31149,31150,25614,3,2014-07-10
31149,31150,25617,5,2014-07-10
31149,31150,25620,5,2014-07-10
31151,31152,11475,2,2014-07-10
31151,31152,25614,90,2014-07-10
31151,31152,25617,98,2014-07-10
31151,31152,25620,113,2014-07-10
31153,31154,25599,3,2014-07-10
31153,31154,25600,4,2014-07-10
31153,31154,25602,1,2014-07-10
31155,31156,25599,18,2014-07-10
31155,31156,25600,20,2014-07-10
31155,31156,25602,7,2014-07-10
31157,31158,25599,444,2014-07-10
31157,31158,25600,500,2014-07-10
31157,31158,25602,167,2014-07-10
31159,31160,25599,3,2014-07-10
31159,31160,25600,4,2014-07-10
31159,31160,25602,3,2014-07-10
31161,31162,25599,16,2014-07-10
31161,31162,25600,23,2014-07-10
31161,31162,25602,16,2014-07-10
31163,31164,25599,394,2014-07-10
31163,31164,25600,583,2014-07-10
31163,31164,25602,400,2014-07-10
31165,31166,11475,2,2014-07-10
31165,31166,25618,2,2014-07-10
31165,31166,25619,2,2014-07-10
31165,31166,25621,2,2014-07-10
31167,31168,11475,2,2014-07-10
31167,31168,25618,5,2014-07-10
31167,31168,25619,6,2014-07-10
31167,31168,25621,5,2014-07-10
31169,31170,11475,2,2014-07-10
31169,31170,25618,105,2014-07-10
31169,31170,25619,158,2014-07-10
31169,31170,25621,105,2014-07-10
31171,31172,11475,2,2014-07-10
31171,31172,25618,2,2014-07-10
31171,31172,25619,2,2014-07-10
31171,31172,25621,2,2014-07-10
31173,31174,11475,2,2014-07-10
31173,31174,25618,5,2014-07-10
31173,31174,25619,6,2014-07-10
31173,31174,25621,2,2014-07-10
31175,31176,11475,2,2014-07-10
31175,31176,25618,120,2014-07-10
31175,31176,25619,135,2014-07-10
31175,31176,25621,45,2014-07-10
31177,31178,25595,4,2014-07-10
31177,31178,25598,3,2014-07-10
31177,31178,25601,4,2014-07-10
31179,31180,25595,22,2014-07-10
31179,31180,25598,16,2014-07-10
31179,31180,25601,24,2014-07-10
31181,31182,25595,556,2014-07-10
31181,31182,25598,389,2014-07-10
31181,31182,25601,622,2014-07-10
31183,31184,11475,2,2014-07-10
31183,31184,25614,2,2014-07-10
31183,31184,25617,2,2014-07-10
31183,31184,25620,2,2014-07-10
31185,31186,11475,2,2014-07-10
31185,31186,25614,6,2014-07-10
31185,31186,25617,5,2014-07-10
31185,31186,25620,6,2014-07-10
31187,31188,11475,2,2014-07-10
31187,31188,25614,150,2014-07-10
31187,31188,25617,105,2014-07-10
31187,31188,25620,165,2014-07-10
31189,31190,25599,3,2014-07-10
31189,31190,25600,4,2014-07-10
31189,31190,25602,3,2014-07-10
31191,31192,25599,16,2014-07-10
31191,31192,25600,22,2014-07-10
31191,31192,25602,14,2014-07-10
31193,31194,25599,394,2014-07-10
31193,31194,25600,550,2014-07-10
31193,31194,25602,350,2014-07-10
31195,31196,11475,2,2014-07-10
31195,31196,25618,2,2014-07-10
31195,31196,25619,2,2014-07-10
31195,31196,25621,2,2014-07-10
31197,31198,11475,2,2014-07-10
31197,31198,25618,5,2014-07-10
31197,31198,25619,6,2014-07-10
31197,31198,25621,5,2014-07-10
31199,31200,11475,2,2014-07-10
31199,31200,25618,105,2014-07-10
31199,31200,25619,150,2014-07-10
31199,31200,25621,98,2014-07-10
31201,31202,25597,3,2014-07-10
31201,31202,25598,4,2014-07-10
31201,31202,25604,2,2014-07-10
31203,31204,25597,18,2014-07-10
31203,31204,25598,22,2014-07-10
31203,31204,25604,9,2014-07-10
31205,31206,25597,444,2014-07-10
31205,31206,25598,556,2014-07-10
31205,31206,25604,222,2014-07-10
31207,31208,11483,2,2014-07-10
31207,31208,25616,2,2014-07-10
31207,31208,25617,2,2014-07-10
31207,31208,25623,2,2014-07-10
31209,31210,11483,2,2014-07-10
31209,31210,25616,5,2014-07-10
31209,31210,25617,6,2014-07-10
31209,31210,25623,3,2014-07-10
31211,31212,11483,2,2014-07-10
31211,31212,25616,120,2014-07-10
31211,31212,25617,150,2014-07-10
31211,31212,25623,60,2014-07-10
31213,31214,25597,2,2014-07-10
31213,31214,25599,3,2014-07-10
31213,31214,25601,4,2014-07-10
31215,31216,25597,13,2014-07-10
31215,31216,25599,18,2014-07-10
31215,31216,25601,20,2014-07-10
31217,31218,25597,333,2014-07-10
31217,31218,25599,444,2014-07-10
31217,31218,25601,500,2014-07-10
31220,31221,11483,2,2014-07-10
31220,31221,25616,2,2014-07-10
31220,31221,25617,2,2014-07-10
31220,31221,25623,2,2014-07-10
31222,31223,11483,2,2014-07-10
31222,31223,25616,3,2014-07-10
31222,31223,25617,5,2014-07-10
31222,31223,25623,6,2014-07-10
31224,31225,11483,2,2014-07-10
31224,31225,25616,90,2014-07-10
31224,31225,25617,120,2014-07-10
31224,31225,25623,135,2014-07-10
31226,31227,25597,3,2014-07-10
31226,31227,25599,4,2014-07-10
31226,31227,25604,2,2014-07-10
31228,31229,25597,18,2014-07-10
31228,31229,25599,22,2014-07-10
31228,31229,25604,9,2014-07-10
31230,31231,25597,444,2014-07-10
31230,31231,25599,556,2014-07-10
31230,31231,25604,222,2014-07-10
31232,31233,11483,2,2014-07-10
31232,31233,25616,2,2014-07-10
31232,31233,25617,2,2014-07-10
31232,31233,25623,2,2014-07-10
31234,31235,11483,2,2014-07-10
31234,31235,25616,5,2014-07-10
31234,31235,25617,6,2014-07-10
31234,31235,25623,3,2014-07-10
31236,31237,11483,2,2014-07-10
31236,31237,25616,120,2014-07-10
31236,31237,25617,150,2014-07-10
31236,31237,25623,60,2014-07-10
31238,31239,25597,3,2014-07-10
31238,31239,25599,4,2014-07-10
31238,31239,25604,2,2014-07-10
31240,31241,25597,18,2014-07-10
31240,31241,25599,22,2014-07-10
31240,31241,25604,9,2014-07-10
31242,31243,25597,444,2014-07-10
31242,31243,25599,556,2014-07-10
31242,31243,25604,222,2014-07-10
31244,31245,11483,2,2014-07-10
31244,31245,25616,2,2014-07-10
31244,31245,25617,2,2014-07-10
31244,31245,25623,2,2014-07-10
31246,31247,11483,2,2014-07-10
31246,31247,25616,5,2014-07-10
31246,31247,25617,6,2014-07-10
31246,31247,25623,3,2014-07-10
31248,31249,11483,2,2014-07-10
31248,31249,25616,120,2014-07-10
31248,31249,25617,150,2014-07-10
31248,31249,25623,60,2014-07-10
31250,31251,25597,3,2014-07-10
31250,31251,25598,3,2014-07-10
31250,31251,25604,1,2014-07-10
31252,31253,25597,16,2014-07-10
31252,31253,25598,18,2014-07-10
31252,31253,25604,7,2014-07-10
31254,31255,25597,389,2014-07-10
31254,31255,25598,444,2014-07-10
31254,31255,25604,167,2014-07-10
31256,31257,11483,2,2014-07-10
31256,31257,25616,2,2014-07-10
31256,31257,25617,2,2014-07-10
31256,31257,25623,2,2014-07-10
31258,31259,11483,2,2014-07-10
31258,31259,25616,5,2014-07-10
31258,31259,25617,5,2014-07-10
31258,31259,25623,2,2014-07-10
31260,31261,11483,2,2014-07-10
31260,31261,25616,105,2014-07-10
31260,31261,25617,120,2014-07-10
31260,31261,25623,45,2014-07-10
31262,31263,25597,2,2014-07-10
31262,31263,25598,3,2014-07-10
31262,31263,25601,4,2014-07-10
31264,31265,25597,13,2014-07-10
31264,31265,25598,18,2014-07-10
31264,31265,25601,20,2014-07-10
31266,31267,25597,333,2014-07-10
31266,31267,25598,444,2014-07-10
31266,31267,25601,500,2014-07-10
31268,31269,9842,4,2014-07-10
31268,31269,11483,2,2014-07-10
31268,31269,25616,2,2014-07-10
31268,31269,25617,2,2014-07-10
31268,31269,25620,2,2014-07-10
31270,31271,9842,9,2014-07-10
31270,31271,11483,2,2014-07-10
31270,31271,25616,3,2014-07-10
31270,31271,25617,5,2014-07-10
31270,31271,25620,6,2014-07-10
31272,31273,9842,36,2014-07-10
31272,31273,11483,2,2014-07-10
31272,31273,25616,90,2014-07-10
31272,31273,25617,120,2014-07-10
31272,31273,25620,135,2014-07-10
31274,31275,25597,3,2014-07-10
31274,31275,25599,4,2014-07-10
31274,31275,25600,4,2014-07-10
31276,31277,25597,18,2014-07-10
31276,31277,25599,22,2014-07-10
31276,31277,25600,22,2014-07-10
31278,31279,25597,444,2014-07-10
31278,31279,25599,556,2014-07-10
31278,31279,25600,556,2014-07-10
31280,31281,9842,4,2014-07-10
31280,31281,11483,2,2014-07-10
31280,31281,25616,2,2014-07-10
31280,31281,25618,2,2014-07-10
31280,31281,25619,2,2014-07-10
31282,31283,9842,9,2014-07-10
31282,31283,11483,2,2014-07-10
31282,31283,25616,5,2014-07-10
31282,31283,25618,6,2014-07-10
31282,31283,25619,6,2014-07-10
31284,31285,9842,36,2014-07-10
31284,31285,11483,2,2014-07-10
31284,31285,25616,120,2014-07-10
31284,31285,25618,150,2014-07-10
31284,31285,25619,150,2014-07-10
31286,31287,25597,2,2014-07-10
31286,31287,25598,3,2014-07-10
31286,31287,25601,3,2014-07-10
31288,31289,25597,9,2014-07-10
31288,31289,25598,14,2014-07-10
31288,31289,25601,17,2014-07-10
31290,31291,25597,222,2014-07-10
31290,31291,25598,361,2014-07-10
31290,31291,25601,417,2014-07-10
31292,31293,9842,4,2014-07-10
31292,31293,11483,2,2014-07-10
31292,31293,25616,2,2014-07-10
31292,31293,25617,2,2014-07-10
31292,31293,25620,2,2014-07-10
31294,31295,9842,9,2014-07-10
31294,31295,11483,2,2014-07-10
31294,31295,25616,3,2014-07-10
31294,31295,25617,5,2014-07-10
31294,31295,25620,5,2014-07-10
31296,31297,9842,36,2014-07-10
31296,31297,11483,2,2014-07-10
31296,31297,25616,60,2014-07-10
31296,31297,25617,98,2014-07-10
31296,31297,25620,113,2014-07-10
31298,31299,25597,2,2014-07-10
31298,31299,25599,3,2014-07-10
31298,31299,25601,4,2014-07-10
31300,31301,25597,13,2014-07-10
31300,31301,25599,18,2014-07-10
31300,31301,25601,20,2014-07-10
31302,31303,25597,333,2014-07-10
31302,31303,25599,444,2014-07-10
31302,31303,25601,500,2014-07-10
31304,31305,9842,4,2014-07-10
31304,31305,11483,2,2014-07-10
31304,31305,25616,2,2014-07-10
31304,31305,25618,2,2014-07-10
31304,31305,25619,2,2014-07-10
31306,31307,9842,9,2014-07-10
31306,31307,11483,2,2014-07-10
31306,31307,25616,3,2014-07-10
31306,31307,25618,5,2014-07-10
31306,31307,25619,6,2014-07-10
31308,31309,9842,36,2014-07-10
31308,31309,11483,2,2014-07-10
31308,31309,25616,90,2014-07-10
31308,31309,25618,120,2014-07-10
31308,31309,25619,135,2014-07-10
31310,31311,25597,3,2014-07-10
31310,31311,25599,2,2014-07-10
31310,31311,25600,2,2014-07-10
31312,31313,25597,18,2014-07-10
31312,31313,25599,11,2014-07-10
31312,31313,25600,13,2014-07-10
31314,31315,25597,444,2014-07-10
31314,31315,25599,278,2014-07-10
31314,31315,25600,333,2014-07-10
31316,31317,9842,4,2014-07-10
31316,31317,11483,2,2014-07-10
31316,31317,25616,2,2014-07-10
31316,31317,25618,2,2014-07-10
31316,31317,25619,2,2014-07-10
31318,31319,9842,9,2014-07-10
31318,31319,11483,2,2014-07-10
31318,31319,25616,5,2014-07-10
31318,31319,25618,3,2014-07-10
31318,31319,25619,3,2014-07-10
31320,31321,9842,36,2014-07-10
31320,31321,11483,2,2014-07-10
31320,31321,25616,120,2014-07-10
31320,31321,25618,75,2014-07-10
31320,31321,25619,90,2014-07-10
31322,31323,25597,3,2014-07-10
31322,31323,25599,4,2014-07-10
31322,31323,25600,4,2014-07-10
31324,31325,25597,18,2014-07-10
31324,31325,25599,22,2014-07-10
31324,31325,25600,22,2014-07-10
31326,31327,25597,444,2014-07-10
31326,31327,25599,556,2014-07-10
31326,31327,25600,556,2014-07-10
31328,31329,9842,4,2014-07-10
31328,31329,11483,2,2014-07-10
31328,31329,25616,2,2014-07-10
31328,31329,25618,2,2014-07-10
31328,31329,25619,2,2014-07-10
31330,31331,9842,9,2014-07-10
31330,31331,11483,2,2014-07-10
31330,31331,25616,5,2014-07-10
31330,31331,25618,6,2014-07-10
31330,31331,25619,6,2014-07-10
31332,31333,9842,36,2014-07-10
31332,31333,11483,2,2014-07-10
31332,31333,25616,120,2014-07-10
31332,31333,25618,150,2014-07-10
31332,31333,25619,150,2014-07-10
31334,31335,25597,3,2014-07-10
31334,31335,25599,4,2014-07-10
31334,31335,25600,4,2014-07-10
31336,31337,25597,18,2014-07-10
31336,31337,25599,22,2014-07-10
31336,31337,25600,22,2014-07-10
31338,31339,25597,444,2014-07-10
31338,31339,25599,556,2014-07-10
31338,31339,25600,556,2014-07-10
31340,31341,9842,4,2014-07-10
31340,31341,11483,2,2014-07-10
31340,31341,25616,2,2014-07-10
31340,31341,25618,2,2014-07-10
31340,31341,25619,2,2014-07-10
31342,31343,9842,9,2014-07-10
31342,31343,11483,2,2014-07-10
31342,31343,25616,5,2014-07-10
31342,31343,25618,6,2014-07-10
31342,31343,25619,6,2014-07-10
31344,31345,9842,36,2014-07-10
31344,31345,11483,2,2014-07-10
31344,31345,25616,120,2014-07-10
31344,31345,25618,150,2014-07-10
31344,31345,25619,150,2014-07-10
31346,31347,25597,2,2014-07-10
31346,31347,25599,3,2014-07-10
31346,31347,25601,4,2014-07-10
31348,31349,25597,13,2014-07-10
31348,31349,25599,18,2014-07-10
31348,31349,25601,20,2014-07-10
31350,31351,25597,333,2014-07-10
31350,31351,25599,444,2014-07-10
31350,31351,25601,500,2014-07-10
31352,31353,9842,4,2014-07-10
31352,31353,11483,2,2014-07-10
31352,31353,25616,2,2014-07-10
31352,31353,25618,2,2014-07-10
31352,31353,25619,2,2014-07-10
31354,31355,9842,9,2014-07-10
31354,31355,11483,2,2014-07-10
31354,31355,25616,3,2014-07-10
31354,31355,25618,5,2014-07-10
31354,31355,25619,6,2014-07-10
31356,31357,9842,36,2014-07-10
31356,31357,11483,2,2014-07-10
31356,31357,25616,90,2014-07-10
31356,31357,25618,120,2014-07-10
31356,31357,25619,135,2014-07-10
31358,31359,25594,2,2014-07-10
31358,31359,25598,10,2014-07-10
31358,31359,25600,10,2014-07-10
31360,31361,25594,13,2014-07-10
31360,31361,25598,52,2014-07-10
31360,31361,25600,50,2014-07-10
31362,31363,25594,333,2014-07-10
31362,31363,25598,1306,2014-07-10
31362,31363,25600,1250,2014-07-10
31364,31365,11482,2,2014-07-10
31364,31365,25613,2,2014-07-10
31364,31365,25617,3,2014-07-10
31364,31365,25619,3,2014-07-10
31366,31367,11482,2,2014-07-10
31366,31367,25613,3,2014-07-10
31366,31367,25617,14,2014-07-10
31366,31367,25619,14,2014-07-10
31368,31369,11482,2,2014-07-10
31368,31369,25613,90,2014-07-10
31368,31369,25617,353,2014-07-10
31368,31369,25619,338,2014-07-10
31370,31371,25598,3,2014-07-10
31370,31371,25600,3,2014-07-10
31370,31371,25603,1,2014-07-10
31372,31373,25598,14,2014-07-10
31372,31373,25600,17,2014-07-10
31372,31373,25603,4,2014-07-10
31374,31375,25598,361,2014-07-10
31374,31375,25600,417,2014-07-10
31374,31375,25603,111,2014-07-10
31376,31377,11482,2,2014-07-10
31376,31377,25617,2,2014-07-10
31376,31377,25619,2,2014-07-10
31376,31377,25622,2,2014-07-10
31378,31379,11482,2,2014-07-10
31378,31379,25617,5,2014-07-10
31378,31379,25619,5,2014-07-10
31378,31379,25622,2,2014-07-10
31380,31381,11482,2,2014-07-10
31380,31381,25617,98,2014-07-10
31380,31381,25619,113,2014-07-10
31380,31381,25622,30,2014-07-10
31382,31383,25594,2,2014-07-10
31382,31383,25598,3,2014-07-10
31382,31383,25601,3,2014-07-10
31384,31385,25594,9,2014-07-10
31384,31385,25598,14,2014-07-10
31384,31385,25601,17,2014-07-10
31386,31387,25594,222,2014-07-10
31386,31387,25598,361,2014-07-10
31386,31387,25601,417,2014-07-10
31388,31389,11482,2,2014-07-10
31388,31389,25613,2,2014-07-10
31388,31389,25617,2,2014-07-10
31388,31389,25620,2,2014-07-10
31390,31391,11482,2,2014-07-10
31390,31391,25613,3,2014-07-10
31390,31391,25617,5,2014-07-10
31390,31391,25620,5,2014-07-10
31392,31393,11482,2,2014-07-10
31392,31393,25613,60,2014-07-10
31392,31393,25617,98,2014-07-10
31392,31393,25620,113,2014-07-10
31394,31395,25594,2,2014-07-10
31394,31395,25598,3,2014-07-10
31394,31395,25601,3,2014-07-10
31396,31397,25594,9,2014-07-10
31396,31397,25598,14,2014-07-10
31396,31397,25601,17,2014-07-10
31398,31399,25594,222,2014-07-10
31398,31399,25598,361,2014-07-10
31398,31399,25601,417,2014-07-10
31400,31401,11482,2,2014-07-10
31400,31401,25613,2,2014-07-10
31400,31401,25617,2,2014-07-10
31400,31401,25620,2,2014-07-10
31402,31403,11482,2,2014-07-10
31402,31403,25613,3,2014-07-10
31402,31403,25617,5,2014-07-10
31402,31403,25620,5,2014-07-10
31404,31405,11482,2,2014-07-10
31404,31405,25613,60,2014-07-10
31404,31405,25617,98,2014-07-10
31404,31405,25620,113,2014-07-10
31406,31407,25598,7,2014-07-10
31406,31407,25600,7,2014-07-10
31406,31407,25603,2,2014-07-10
31408,31409,25598,33,2014-07-10
31408,31409,25600,33,2014-07-10
31408,31409,25603,11,2014-07-10
31410,31411,25598,833,2014-07-10
31410,31411,25600,833,2014-07-10
31410,31411,25603,278,2014-07-10
31412,31413,11482,2,2014-07-10
31412,31413,25617,2,2014-07-10
31412,31413,25619,2,2014-07-10
31412,31413,25622,2,2014-07-10
31414,31415,11482,2,2014-07-10
31414,31415,25617,9,2014-07-10
31414,31415,25619,9,2014-07-10
31414,31415,25622,3,2014-07-10
31416,31417,11482,2,2014-07-10
31416,31417,25617,225,2014-07-10
31416,31417,25619,225,2014-07-10
31416,31417,25622,75,2014-07-10
31418,31419,25592,3,2014-07-10
31418,31419,25599,3,2014-07-10
31418,31419,25601,4,2014-07-10
31420,31421,25592,18,2014-07-10
31420,31421,25599,18,2014-07-10
31420,31421,25601,22,2014-07-10
31422,31423,25592,444,2014-07-10
31422,31423,25599,444,2014-07-10
31422,31423,25601,556,2014-07-10
31424,31425,11486,2,2014-07-10
31424,31425,25611,2,2014-07-10
31424,31425,25618,2,2014-07-10
31424,31425,25620,2,2014-07-10
31426,31427,11486,2,2014-07-10
31426,31427,25611,5,2014-07-10
31426,31427,25618,5,2014-07-10
31426,31427,25620,6,2014-07-10
31428,31429,11486,2,2014-07-10
31428,31429,25611,120,2014-07-10
31428,31429,25618,120,2014-07-10
31428,31429,25620,150,2014-07-10
31430,31431,25592,2,2014-07-10
31430,31431,25599,3,2014-07-10
31430,31431,25601,4,2014-07-10
31432,31433,25592,13,2014-07-10
31432,31433,25599,18,2014-07-10
31432,31433,25601,20,2014-07-10
31434,31435,25592,333,2014-07-10
31434,31435,25599,444,2014-07-10
31434,31435,25601,500,2014-07-10
31436,31437,11486,2,2014-07-10
31436,31437,25611,2,2014-07-10
31436,31437,25618,2,2014-07-10
31436,31437,25620,2,2014-07-10
31438,31439,11486,2,2014-07-10
31438,31439,25611,3,2014-07-10
31438,31439,25618,5,2014-07-10
31438,31439,25620,6,2014-07-10
31440,31441,11486,2,2014-07-10
31440,31441,25611,90,2014-07-10
31440,31441,25618,120,2014-07-10
31440,31441,25620,135,2014-07-10
31442,31443,25592,4,2014-07-10
31442,31443,25599,3,2014-07-10
31442,31443,25601,6,2014-07-10
31444,31445,25592,20,2014-07-10
31444,31445,25599,18,2014-07-10
31444,31445,25601,26,2014-07-10
31446,31447,25592,511,2014-07-10
31446,31447,25599,444,2014-07-10
31446,31447,25601,633,2014-07-10
31448,31449,11486,2,2014-07-10
31448,31449,25611,2,2014-07-10
31448,31449,25618,2,2014-07-10
31448,31449,25620,2,2014-07-10
31450,31451,11486,2,2014-07-10
31450,31451,25611,6,2014-07-10
31450,31451,25618,5,2014-07-10
31450,31451,25620,8,2014-07-10
31452,31453,11486,2,2014-07-10
31452,31453,25611,135,2014-07-10
31452,31453,25618,120,2014-07-10
31452,31453,25620,173,2014-07-10
31454,31455,25592,4,2014-07-10
31454,31455,25599,3,2014-07-10
31454,31455,25601,6,2014-07-10
31456,31457,25592,23,2014-07-10
31456,31457,25599,18,2014-07-10
31456,31457,25601,28,2014-07-10
31458,31459,25592,578,2014-07-10
31458,31459,25599,444,2014-07-10
31458,31459,25601,689,2014-07-10
31460,31461,11486,2,2014-07-10
31460,31461,25611,2,2014-07-10
31460,31461,25618,2,2014-07-10
31460,31461,25620,2,2014-07-10
31462,31463,11486,2,2014-07-10
31462,31463,25611,6,2014-07-10
31462,31463,25618,5,2014-07-10
31462,31463,25620,8,2014-07-10
31464,31465,11486,2,2014-07-10
31464,31465,25611,158,2014-07-10
31464,31465,25618,120,2014-07-10
31464,31465,25620,188,2014-07-10
31466,31467,25592,1,2014-07-10
31466,31467,25599,2,2014-07-10
31466,31467,25601,2,2014-07-10
31468,31469,25592,4,2014-07-10
31468,31469,25599,11,2014-07-10
31468,31469,25601,11,2014-07-10
31470,31471,25592,111,2014-07-10
31470,31471,25599,278,2014-07-10
31470,31471,25601,278,2014-07-10
31472,31473,11486,2,2014-07-10
31472,31473,25611,2,2014-07-10
31472,31473,25618,2,2014-07-10
31472,31473,25620,2,2014-07-10
31474,31475,11486,2,2014-07-10
31474,31475,25611,2,2014-07-10
31474,31475,25618,3,2014-07-10
31474,31475,25620,3,2014-07-10
31476,31477,11486,2,2014-07-10
31476,31477,25611,30,2014-07-10
31476,31477,25618,75,2014-07-10
31476,31477,25620,75,2014-07-10
31478,31479,25592,2,2014-07-10
31478,31479,25599,3,2014-07-10
31478,31479,25601,4,2014-07-10
31480,31481,25592,13,2014-07-10
31480,31481,25599,18,2014-07-10
31480,31481,25601,20,2014-07-10
31482,31483,25592,333,2014-07-10
31482,31483,25599,444,2014-07-10
31482,31483,25601,500,2014-07-10
31484,31485,11486,2,2014-07-10
31484,31485,25611,2,2014-07-10
31484,31485,25618,2,2014-07-10
31484,31485,25620,2,2014-07-10
31486,31487,11486,2,2014-07-10
31486,31487,25611,3,2014-07-10
31486,31487,25618,5,2014-07-10
31486,31487,25620,6,2014-07-10
31488,31489,11486,2,2014-07-10
31488,31489,25611,90,2014-07-10
31488,31489,25618,120,2014-07-10
31488,31489,25620,135,2014-07-10
31490,31491,25592,2,2014-07-10
31490,31491,25599,3,2014-07-10
31490,31491,25601,4,2014-07-10
31492,31493,25592,13,2014-07-10
31492,31493,25599,18,2014-07-10
31492,31493,25601,20,2014-07-10
31494,31495,25592,333,2014-07-10
31494,31495,25599,444,2014-07-10
31494,31495,25601,500,2014-07-10
31496,31497,11486,2,2014-07-10
31496,31497,25611,2,2014-07-10
31496,31497,25618,2,2014-07-10
31496,31497,25620,2,2014-07-10
31498,31499,11486,2,2014-07-10
31498,31499,25611,3,2014-07-10
31498,31499,25618,5,2014-07-10
31498,31499,25620,6,2014-07-10
31500,31501,11486,2,2014-07-10
31500,31501,25611,90,2014-07-10
31500,31501,25618,120,2014-07-10
31500,31501,25620,135,2014-07-10
31502,31503,25591,3,2014-07-10
31502,31503,25599,3,2014-07-10
31502,31503,25601,4,2014-07-10
31504,31505,25591,18,2014-07-10
31504,31505,25599,18,2014-07-10
31504,31505,25601,22,2014-07-10
31506,31507,25591,444,2014-07-10
31506,31507,25599,444,2014-07-10
31506,31507,25601,556,2014-07-10
31508,31509,11486,2,2014-07-10
31508,31509,25610,2,2014-07-10
31508,31509,25618,2,2014-07-10
31508,31509,25620,2,2014-07-10
31510,31511,11486,2,2014-07-10
31510,31511,25610,5,2014-07-10
31510,31511,25618,5,2014-07-10
31510,31511,25620,6,2014-07-10
31512,31513,11486,2,2014-07-10
31512,31513,25610,120,2014-07-10
31512,31513,25618,120,2014-07-10
31512,31513,25620,150,2014-07-10
31514,31515,25591,2,2014-07-10
31514,31515,25599,3,2014-07-10
31514,31515,25601,4,2014-07-10
31516,31517,25591,13,2014-07-10
31516,31517,25599,18,2014-07-10
31516,31517,25601,20,2014-07-10
31518,31519,25591,333,2014-07-10
31518,31519,25599,444,2014-07-10
31518,31519,25601,500,2014-07-10
31520,31521,11486,2,2014-07-10
31520,31521,25610,2,2014-07-10
31520,31521,25618,2,2014-07-10
31520,31521,25620,2,2014-07-10
31522,31523,11486,2,2014-07-10
31522,31523,25610,3,2014-07-10
31522,31523,25618,5,2014-07-10
31522,31523,25620,6,2014-07-10
31524,31525,11486,2,2014-07-10
31524,31525,25610,90,2014-07-10
31524,31525,25618,120,2014-07-10
31524,31525,25620,135,2014-07-10
31526,31527,25591,4,2014-07-10
31526,31527,25599,3,2014-07-10
31526,31527,25601,6,2014-07-10
31528,31529,25591,20,2014-07-10
31528,31529,25599,18,2014-07-10
31528,31529,25601,26,2014-07-10
31530,31531,25591,511,2014-07-10
31530,31531,25599,444,2014-07-10
31530,31531,25601,633,2014-07-10
31532,31533,11486,2,2014-07-10
31532,31533,25610,2,2014-07-10
31532,31533,25618,2,2014-07-10
31532,31533,25620,2,2014-07-10
31534,31535,11486,2,2014-07-10
31534,31535,25610,6,2014-07-10
31534,31535,25618,5,2014-07-10
31534,31535,25620,8,2014-07-10
31536,31537,11486,2,2014-07-10
31536,31537,25610,135,2014-07-10
31536,31537,25618,120,2014-07-10
31536,31537,25620,173,2014-07-10
31538,31539,25591,4,2014-07-10
31538,31539,25599,3,2014-07-10
31538,31539,25601,6,2014-07-10
31540,31541,25591,23,2014-07-10
31540,31541,25599,18,2014-07-10
31540,31541,25601,28,2014-07-10
31542,31543,25591,578,2014-07-10
31542,31543,25599,444,2014-07-10
31542,31543,25601,689,2014-07-10
31544,31545,11486,2,2014-07-10
31544,31545,25610,2,2014-07-10
31544,31545,25618,2,2014-07-10
31544,31545,25620,2,2014-07-10
31546,31547,11486,2,2014-07-10
31546,31547,25610,6,2014-07-10
31546,31547,25618,5,2014-07-10
31546,31547,25620,8,2014-07-10
31548,31549,11486,2,2014-07-10
31548,31549,25610,158,2014-07-10
31548,31549,25618,120,2014-07-10
31548,31549,25620,188,2014-07-10
31550,31551,25591,1,2014-07-10
31550,31551,25599,2,2014-07-10
31550,31551,25601,2,2014-07-10
31552,31553,25591,4,2014-07-10
31552,31553,25599,11,2014-07-10
31552,31553,25601,11,2014-07-10
31554,31555,25591,111,2014-07-10
31554,31555,25599,278,2014-07-10
31554,31555,25601,278,2014-07-10
31556,31557,11486,2,2014-07-10
31556,31557,25610,2,2014-07-10
31556,31557,25618,2,2014-07-10
31556,31557,25620,2,2014-07-10
31558,31559,11486,2,2014-07-10
31558,31559,25610,2,2014-07-10
31558,31559,25618,3,2014-07-10
31558,31559,25620,3,2014-07-10
31560,31561,11486,2,2014-07-10
31560,31561,25610,30,2014-07-10
31560,31561,25618,75,2014-07-10
31560,31561,25620,75,2014-07-10
31562,31563,25591,2,2014-07-10
31562,31563,25599,3,2014-07-10
31562,31563,25601,4,2014-07-10
31564,31565,25591,13,2014-07-10
31564,31565,25599,18,2014-07-10
31564,31565,25601,20,2014-07-10
31566,31567,25591,333,2014-07-10
31566,31567,25599,444,2014-07-10
31566,31567,25601,500,2014-07-10
31568,31569,11486,2,2014-07-10
31568,31569,25610,2,2014-07-10
31568,31569,25618,2,2014-07-10
31568,31569,25620,2,2014-07-10
31570,31571,11486,2,2014-07-10
31570,31571,25610,3,2014-07-10
31570,31571,25618,5,2014-07-10
31570,31571,25620,6,2014-07-10
31572,31573,11486,2,2014-07-10
31572,31573,25610,90,2014-07-10
31572,31573,25618,120,2014-07-10
31572,31573,25620,135,2014-07-10
31574,31575,25591,2,2014-07-10
31574,31575,25599,3,2014-07-10
31574,31575,25601,4,2014-07-10
31576,31577,25591,13,2014-07-10
31576,31577,25599,18,2014-07-10
31576,31577,25601,20,2014-07-10
31578,31579,25591,333,2014-07-10
31578,31579,25599,444,2014-07-10
31578,31579,25601,500,2014-07-10
31580,31581,11486,2,2014-07-10
31580,31581,25610,2,2014-07-10
31580,31581,25618,2,2014-07-10
31580,31581,25620,2,2014-07-10
31582,31583,11486,2,2014-07-10
31582,31583,25610,3,2014-07-10
31582,31583,25618,5,2014-07-10
31582,31583,25620,6,2014-07-10
31584,31585,11486,2,2014-07-10
31584,31585,25610,90,2014-07-10
31584,31585,25618,120,2014-07-10
31584,31585,25620,135,2014-07-10
31586,31587,25588,4,2014-07-10
31586,31587,25598,3,2014-07-10
31586,31587,25600,6,2014-07-10
31588,31589,25588,20,2014-07-10
31588,31589,25598,18,2014-07-10
31588,31589,25600,26,2014-07-10
31590,31591,25588,511,2014-07-10
31590,31591,25598,444,2014-07-10
31590,31591,25600,633,2014-07-10
31592,31593,11486,2,2014-07-10
31592,31593,25607,2,2014-07-10
31592,31593,25617,2,2014-07-10
31592,31593,25619,2,2014-07-10
31594,31595,11486,2,2014-07-10
31594,31595,25607,6,2014-07-10
31594,31595,25617,5,2014-07-10
31594,31595,25619,8,2014-07-10
31596,31597,11486,2,2014-07-10
31596,31597,25607,135,2014-07-10
31596,31597,25617,120,2014-07-10
31596,31597,25619,173,2014-07-10
31598,31599,25588,2,2014-07-10
31598,31599,25598,4,2014-07-10
31598,31599,25600,4,2014-07-10
31600,31601,25588,9,2014-07-10
31600,31601,25598,22,2014-07-10
31600,31601,25600,22,2014-07-10
31602,31603,25588,222,2014-07-10
31602,31603,25598,556,2014-07-10
31602,31603,25600,556,2014-07-10
31604,31605,11486,2,2014-07-10
31604,31605,25607,2,2014-07-10
31604,31605,25617,2,2014-07-10
31604,31605,25619,2,2014-07-10
31606,31607,11486,2,2014-07-10
31606,31607,25607,3,2014-07-10
31606,31607,25617,6,2014-07-10
31606,31607,25619,6,2014-07-10
31608,31609,25588,2,2014-07-10
31608,31609,25598,4,2014-07-10
31608,31609,25600,4,2014-07-10
31610,31611,25588,12,2014-07-10
31610,31611,25598,22,2014-07-10
31610,31611,25600,22,2014-07-10
31612,31613,25588,294,2014-07-10
31612,31613,25598,556,2014-07-10
31612,31613,25600,556,2014-07-10
31614,31615,11486,2,2014-07-10
31614,31615,25607,2,2014-07-10
31614,31615,25617,2,2014-07-10
31614,31615,25619,2,2014-07-10
31616,31617,11486,2,2014-07-10
31616,31617,25607,3,2014-07-10
31616,31617,25617,6,2014-07-10
31616,31617,25619,6,2014-07-10
31618,31619,11486,2,2014-07-10
31618,31619,25607,83,2014-07-10
31618,31619,25617,150,2014-07-10
31618,31619,25619,150,2014-07-10
31620,31621,25588,4,2014-07-10
31620,31621,25598,3,2014-07-10
31620,31621,25600,6,2014-07-10
31622,31623,25588,23,2014-07-10
31622,31623,25598,18,2014-07-10
31622,31623,25600,28,2014-07-10
31624,31625,25588,578,2014-07-10
31624,31625,25598,444,2014-07-10
31624,31625,25600,689,2014-07-10
31626,31627,11486,2,2014-07-10
31626,31627,25607,2,2014-07-10
31626,31627,25617,2,2014-07-10
31626,31627,25619,2,2014-07-10
31628,31629,11486,2,2014-07-10
31628,31629,25607,6,2014-07-10
31628,31629,25617,5,2014-07-10
31628,31629,25619,8,2014-07-10
31630,31631,11486,2,2014-07-10
31630,31631,25607,158,2014-07-10
31630,31631,25617,120,2014-07-10
31630,31631,25619,188,2014-07-10
31632,31633,25588,2,2014-07-10
31632,31633,25598,3,2014-07-10
31632,31633,25600,4,2014-07-10
31634,31635,25588,13,2014-07-10
31634,31635,25598,18,2014-07-10
31634,31635,25600,20,2014-07-10
31636,31637,25588,333,2014-07-10
31636,31637,25598,444,2014-07-10
31636,31637,25600,500,2014-07-10
31638,31639,11486,2,2014-07-10
31638,31639,25607,2,2014-07-10
31638,31639,25617,2,2014-07-10
31638,31639,25619,2,2014-07-10
31640,31641,11486,2,2014-07-10
31640,31641,25607,3,2014-07-10
31640,31641,25617,5,2014-07-10
31640,31641,25619,6,2014-07-10
31642,31643,11486,2,2014-07-10
31642,31643,25607,90,2014-07-10
31642,31643,25617,120,2014-07-10
31642,31643,25619,135,2014-07-10
31644,31645,25588,2,2014-07-10
31644,31645,25598,4,2014-07-10
31644,31645,25600,4,2014-07-10
31646,31647,25588,9,2014-07-10
31646,31647,25598,22,2014-07-10
31646,31647,25600,22,2014-07-10
31648,31649,25588,222,2014-07-10
31648,31649,25598,556,2014-07-10
31648,31649,25600,556,2014-07-10
31650,31651,11486,2,2014-07-10
31650,31651,25607,2,2014-07-10
31650,31651,25617,2,2014-07-10
31650,31651,25619,2,2014-07-10
31652,31653,11486,2,2014-07-10
31652,31653,25607,3,2014-07-10
31652,31653,25617,6,2014-07-10
31652,31653,25619,6,2014-07-10
31654,31655,11486,2,2014-07-10
31654,31655,25607,60,2014-07-10
31654,31655,25617,150,2014-07-10
31654,31655,25619,150,2014-07-10
31656,31657,25593,2,2014-07-10
31656,31657,25599,3,2014-07-10
31656,31657,25601,4,2014-07-10
31658,31659,25593,13,2014-07-10
31658,31659,25599,18,2014-07-10
31658,31659,25601,20,2014-07-10
31660,31661,25593,333,2014-07-10
31660,31661,25599,444,2014-07-10
31660,31661,25601,500,2014-07-10
31662,31663,11486,2,2014-07-10
31662,31663,25612,2,2014-07-10
31662,31663,25618,2,2014-07-10
31662,31663,25620,2,2014-07-10
31664,31665,11486,2,2014-07-10
31664,31665,25612,3,2014-07-10
31664,31665,25618,5,2014-07-10
31664,31665,25620,6,2014-07-10
31666,31667,11486,2,2014-07-10
31666,31667,25612,90,2014-07-10
31666,31667,25618,120,2014-07-10
31666,31667,25620,135,2014-07-10
31668,31669,25593,4,2014-07-10
31668,31669,25599,3,2014-07-10
31668,31669,25601,6,2014-07-10
31670,31671,25593,20,2014-07-10
31670,31671,25599,18,2014-07-10
31670,31671,25601,26,2014-07-10
31672,31673,25593,511,2014-07-10
31672,31673,25599,444,2014-07-10
31672,31673,25601,633,2014-07-10
31674,31675,11486,2,2014-07-10
31674,31675,25612,2,2014-07-10
31674,31675,25618,2,2014-07-10
31674,31675,25620,2,2014-07-10
31676,31677,11486,2,2014-07-10
31676,31677,25612,6,2014-07-10
31676,31677,25618,5,2014-07-10
31676,31677,25620,8,2014-07-10
31678,31679,11486,2,2014-07-10
31678,31679,25612,135,2014-07-10
31678,31679,25618,120,2014-07-10
31678,31679,25620,173,2014-07-10
31680,31681,25593,4,2014-07-10
31680,31681,25599,3,2014-07-10
31680,31681,25601,6,2014-07-10
31682,31683,25593,23,2014-07-10
31682,31683,25599,18,2014-07-10
31682,31683,25601,28,2014-07-10
31684,31685,25593,578,2014-07-10
31684,31685,25599,444,2014-07-10
31684,31685,25601,689,2014-07-10
31686,31687,11486,2,2014-07-10
31686,31687,25612,2,2014-07-10
31686,31687,25618,2,2014-07-10
31686,31687,25620,2,2014-07-10
31688,31689,11486,2,2014-07-10
31688,31689,25612,6,2014-07-10
31688,31689,25618,5,2014-07-10
31688,31689,25620,8,2014-07-10
31690,31691,11486,2,2014-07-10
31690,31691,25612,158,2014-07-10
31690,31691,25618,120,2014-07-10
31690,31691,25620,188,2014-07-10
31692,31693,25593,2,2014-07-10
31692,31693,25599,3,2014-07-10
31692,31693,25601,4,2014-07-10
31694,31695,25593,13,2014-07-10
31694,31695,25599,18,2014-07-10
31694,31695,25601,20,2014-07-10
31696,31697,25593,333,2014-07-10
31696,31697,25599,444,2014-07-10
31696,31697,25601,500,2014-07-10
31698,31699,11486,2,2014-07-10
31698,31699,25612,2,2014-07-10
31698,31699,25618,2,2014-07-10
31698,31699,25620,2,2014-07-10
31700,31701,11486,2,2014-07-10
31700,31701,25612,3,2014-07-10
31700,31701,25618,5,2014-07-10
31700,31701,25620,6,2014-07-10
31702,31703,11486,2,2014-07-10
31702,31703,25612,90,2014-07-10
31702,31703,25618,120,2014-07-10
31702,31703,25620,135,2014-07-10
31704,31705,25593,2,2014-07-10
31704,31705,25599,3,2014-07-10
31704,31705,25601,4,2014-07-10
31706,31707,25593,13,2014-07-10
31706,31707,25599,18,2014-07-10
31706,31707,25601,20,2014-07-10
31708,31709,25593,333,2014-07-10
31708,31709,25599,444,2014-07-10
31708,31709,25601,500,2014-07-10
31710,31711,11486,2,2014-07-10
31710,31711,25612,2,2014-07-10
31710,31711,25618,2,2014-07-10
31710,31711,25620,2,2014-07-10
31712,31713,11486,2,2014-07-10
31712,31713,25612,3,2014-07-10
31712,31713,25618,5,2014-07-10
31712,31713,25620,6,2014-07-10
31714,31715,11486,2,2014-07-10
31714,31715,25612,90,2014-07-10
31714,31715,25618,120,2014-07-10
31714,31715,25620,135,2014-07-10
31716,31717,25589,2,2014-07-10
31716,31717,25599,3,2014-07-10
31716,31717,25601,3,2014-07-10
31718,31719,25589,9,2014-07-10
31718,31719,25599,14,2014-07-10
31718,31719,25601,17,2014-07-10
31720,31721,25589,222,2014-07-10
31720,31721,25599,361,2014-07-10
31720,31721,25601,417,2014-07-10
31722,31723,11484,2,2014-07-10
31722,31723,25608,2,2014-07-10
31722,31723,25618,2,2014-07-10
31722,31723,25620,2,2014-07-10
31724,31725,11484,2,2014-07-10
31724,31725,25608,3,2014-07-10
31724,31725,25618,5,2014-07-10
31724,31725,25620,5,2014-07-10
31726,31727,11484,2,2014-07-10
31726,31727,25608,60,2014-07-10
31726,31727,25618,98,2014-07-10
31726,31727,25620,113,2014-07-10
31728,31729,25589,2,2014-07-10
31728,31729,25599,3,2014-07-10
31728,31729,25601,3,2014-07-10
31730,31731,25589,9,2014-07-10
31730,31731,25599,14,2014-07-10
31730,31731,25601,17,2014-07-10
31732,31733,25589,222,2014-07-10
31732,31733,25599,361,2014-07-10
31732,31733,25601,417,2014-07-10
31734,31735,11484,2,2014-07-10
31734,31735,25608,2,2014-07-10
31734,31735,25618,2,2014-07-10
31734,31735,25620,2,2014-07-10
31736,31737,11484,2,2014-07-10
31736,31737,25608,3,2014-07-10
31736,31737,25618,5,2014-07-10
31736,31737,25620,5,2014-07-10
31738,31739,11484,2,2014-07-10
31738,31739,25608,60,2014-07-10
31738,31739,25618,98,2014-07-10
31738,31739,25620,113,2014-07-10
31740,31741,25589,2,2014-07-10
31740,31741,25599,3,2014-07-10
31740,31741,25601,3,2014-07-10
31742,31743,25589,9,2014-07-10
31742,31743,25599,14,2014-07-10
31742,31743,25601,17,2014-07-10
31744,31745,25589,222,2014-07-10
31744,31745,25599,361,2014-07-10
31744,31745,25601,417,2014-07-10
31746,31747,11484,2,2014-07-10
31746,31747,25608,2,2014-07-10
31746,31747,25618,2,2014-07-10
31746,31747,25620,2,2014-07-10
31748,31749,11484,2,2014-07-10
31748,31749,25608,3,2014-07-10
31748,31749,25618,5,2014-07-10
31748,31749,25620,5,2014-07-10
31750,31751,11484,2,2014-07-10
31750,31751,25608,60,2014-07-10
31750,31751,25618,98,2014-07-10
31750,31751,25620,113,2014-07-10
31752,31753,25589,2,2014-07-10
31752,31753,25599,3,2014-07-10
31752,31753,25601,3,2014-07-10
31754,31755,25589,9,2014-07-10
31754,31755,25599,14,2014-07-10
31754,31755,25601,17,2014-07-10
31756,31757,25589,222,2014-07-10
31756,31757,25599,361,2014-07-10
31756,31757,25601,417,2014-07-10
31758,31759,11484,2,2014-07-10
31758,31759,25608,2,2014-07-10
31758,31759,25618,2,2014-07-10
31758,31759,25620,2,2014-07-10
31760,31761,11484,2,2014-07-10
31760,31761,25608,3,2014-07-10
31760,31761,25618,5,2014-07-10
31760,31761,25620,5,2014-07-10
31762,31763,11484,2,2014-07-10
31762,31763,25608,60,2014-07-10
31762,31763,25618,98,2014-07-10
31762,31763,25620,113,2014-07-10
31764,31765,25589,1,2014-07-10
31764,31765,25599,2,2014-07-10
31764,31765,25601,2,2014-07-10
31766,31767,25589,4,2014-07-10
31766,31767,25599,11,2014-07-10
31766,31767,25601,13,2014-07-10
31768,31769,25589,111,2014-07-10
31768,31769,25599,278,2014-07-10
31768,31769,25601,333,2014-07-10
31770,31771,11484,2,2014-07-10
31770,31771,25608,2,2014-07-10
31770,31771,25618,2,2014-07-10
31770,31771,25620,2,2014-07-10
31772,31773,11484,2,2014-07-10
31772,31773,25608,2,2014-07-10
31772,31773,25618,3,2014-07-10
31772,31773,25620,3,2014-07-10
31774,31775,11484,2,2014-07-10
31774,31775,25608,30,2014-07-10
31774,31775,25618,75,2014-07-10
31774,31775,25620,90,2014-07-10
31776,31777,25589,1,2014-07-10
31776,31777,25599,3,2014-07-10
31776,31777,25601,3,2014-07-10
31778,31779,25589,7,2014-07-10
31778,31779,25599,16,2014-07-10
31778,31779,25601,14,2014-07-10
31780,31781,25589,167,2014-07-10
31780,31781,25599,389,2014-07-10
31780,31781,25601,361,2014-07-10
31782,31783,11484,2,2014-07-10
31782,31783,25608,2,2014-07-10
31782,31783,25618,2,2014-07-10
31782,31783,25620,2,2014-07-10
31784,31785,11484,2,2014-07-10
31784,31785,25608,2,2014-07-10
31784,31785,25618,5,2014-07-10
31784,31785,25620,5,2014-07-10
31786,31787,11484,2,2014-07-10
31786,31787,25608,45,2014-07-10
31786,31787,25618,105,2014-07-10
31786,31787,25620,98,2014-07-10
31788,31789,25598,4,2014-07-10
31788,31789,25600,4,2014-07-10
31788,31789,25606,2,2014-07-10
31790,31791,25598,22,2014-07-10
31790,31791,25600,22,2014-07-10
31790,31791,25606,9,2014-07-10
31792,31793,25598,556,2014-07-10
31792,31793,25600,556,2014-07-10
31792,31793,25606,222,2014-07-10
31794,31795,11484,2,2014-07-10
31794,31795,25617,2,2014-07-10
31794,31795,25619,2,2014-07-10
31794,31795,25625,2,2014-07-10
31796,31797,11484,2,2014-07-10
31796,31797,25617,6,2014-07-10
31796,31797,25619,6,2014-07-10
31796,31797,25625,3,2014-07-10
31798,31799,11484,2,2014-07-10
31798,31799,25617,150,2014-07-10
31798,31799,25619,150,2014-07-10
31798,31799,25625,60,2014-07-10
31800,31801,25598,4,2014-07-10
31800,31801,25600,4,2014-07-10
31800,31801,25606,2,2014-07-10
31802,31803,25598,22,2014-07-10
31802,31803,25600,22,2014-07-10
31802,31803,25606,9,2014-07-10
31804,31805,25598,556,2014-07-10
31804,31805,25600,556,2014-07-10
31804,31805,25606,222,2014-07-10
31810,31811,11484,2,2014-07-10
31810,31811,25617,2,2014-07-10
31810,31811,25619,2,2014-07-10
31810,31811,25625,2,2014-07-10
31812,31813,11484,2,2014-07-10
31812,31813,25617,6,2014-07-10
31812,31813,25619,6,2014-07-10
31812,31813,25625,3,2014-07-10
31814,31815,11484,2,2014-07-10
31814,31815,25617,150,2014-07-10
31814,31815,25619,150,2014-07-10
31814,31815,25625,60,2014-07-10
31816,31817,25598,4,2014-07-10
31816,31817,25600,4,2014-07-10
31816,31817,25606,2,2014-07-10
31818,31819,25598,22,2014-07-10
31818,31819,25600,22,2014-07-10
31818,31819,25606,9,2014-07-10
31820,31821,25598,556,2014-07-10
31820,31821,25600,556,2014-07-10
31820,31821,25606,222,2014-07-10
31822,31823,11484,2,2014-07-10
31822,31823,25617,2,2014-07-10
31822,31823,25619,2,2014-07-10
31822,31823,25625,2,2014-07-10
31824,31825,11484,2,2014-07-10
31824,31825,25617,6,2014-07-10
31824,31825,25619,6,2014-07-10
31824,31825,25625,3,2014-07-10
31826,31827,11484,2,2014-07-10
31826,31827,25617,150,2014-07-10
31826,31827,25619,150,2014-07-10
31826,31827,25625,60,2014-07-10
31864,31865,34,471,2014-07-10
31864,31865,36,4,2014-07-10
31864,31865,38,2,2014-07-10
31866,31867,34,3133,2014-07-10
31866,31867,35,160,2014-07-10
31866,31867,36,154,2014-07-10
31866,31867,37,1,2014-07-10
31866,31867,38,8,2014-07-10
31866,31867,39,1,2014-07-10
31868,31869,34,516,2014-07-10
31868,31869,35,9929,2014-07-10
31868,31869,38,4,2014-07-10
31868,31869,40,9,2014-07-10
31870,31871,34,8516,2014-07-10
31870,31871,36,627,2014-07-10
31870,31871,37,9,2014-07-10
31870,31871,38,2,2014-07-10
31870,31871,39,4,2014-07-10
31870,31871,40,2,2014-07-10
31872,31873,34,538,2014-07-10
31872,31873,35,69,2014-07-10
31872,31873,37,4,2014-07-10
31872,31873,38,2,2014-07-10
31874,31875,34,2631,2014-07-10
31874,31875,35,542,2014-07-10
31874,31875,36,113,2014-07-10
31874,31875,39,2,2014-07-10
31876,31877,34,5947,2014-07-10
31876,31877,35,729,2014-07-10
31876,31877,37,47,2014-07-10
31876,31877,38,27,2014-07-10
31876,31877,39,9,2014-07-10
31878,31879,34,516,2014-07-10
31878,31879,35,9929,2014-07-10
31878,31879,38,4,2014-07-10
31878,31879,40,9,2014-07-10
31880,31881,34,509,2014-07-10
31880,31881,35,7,2014-07-10
31880,31881,37,4,2014-07-10
31880,31881,38,2,2014-07-10
31882,31883,34,3413,2014-07-10
31882,31883,35,2,2014-07-10
31882,31883,36,224,2014-07-10
31882,31883,37,11,2014-07-10
31882,31883,39,2,2014-07-10
31884,31885,34,258,2014-07-10
31884,31885,35,4964,2014-07-10
31884,31885,38,2,2014-07-10
31884,31885,40,4,2014-07-10
31886,31887,34,516,2014-07-10
31886,31887,35,9929,2014-07-10
31886,31887,38,4,2014-07-10
31886,31887,40,9,2014-07-10
31888,31889,34,951,2014-07-10
31888,31889,35,7,2014-07-10
31888,31889,36,7,2014-07-10
31888,31889,38,4,2014-07-10
31890,31891,34,2724,2014-07-10
31890,31891,35,300,2014-07-10
31890,31891,36,187,2014-07-10
31890,31891,37,4,2014-07-10
31890,31891,38,4,2014-07-10
31892,31893,34,7120,2014-07-10
31892,31893,35,896,2014-07-10
31892,31893,37,73,2014-07-10
31892,31893,38,9,2014-07-10
31892,31893,39,4,2014-07-10
31894,31895,34,516,2014-07-10
31894,31895,35,9929,2014-07-10
31894,31895,38,4,2014-07-10
31894,31895,40,9,2014-07-10
31896,31897,34,751,2014-07-10
31896,31897,35,226,2014-07-10
31896,31897,36,311,2014-07-10
31896,31897,37,43,2014-07-10
31896,31897,38,2,2014-07-10
31896,31897,39,1,2014-07-10
31898,31899,34,751,2014-07-10
31898,31899,35,226,2014-07-10
31898,31899,36,311,2014-07-10
31898,31899,37,43,2014-07-10
31898,31899,38,2,2014-07-10
31898,31899,39,1,2014-07-10
31900,31901,34,18938,2014-07-10
31900,31901,35,18012,2014-07-10
31900,31901,36,13619,2014-07-10
31900,31901,37,877,2014-07-10
31900,31901,39,1,2014-07-10
31900,31901,40,6,2014-07-10
31902,31903,34,18938,2014-07-10
31902,31903,35,18012,2014-07-10
31902,31903,36,13619,2014-07-10
31902,31903,37,877,2014-07-10
31902,31903,39,1,2014-07-10
31902,31903,40,6,2014-07-10
31904,31905,34,5244,2014-07-10
31904,31905,35,3160,2014-07-10
31904,31905,36,842,2014-07-10
31904,31905,38,20,2014-07-10
31904,31905,39,3,2014-07-10
31904,31905,40,1,2014-07-10
31906,31907,34,5244,2014-07-10
31906,31907,35,3160,2014-07-10
31906,31907,36,842,2014-07-10
31906,31907,38,20,2014-07-10
31906,31907,39,3,2014-07-10
31906,31907,40,1,2014-07-10
31908,31909,34,10591,2014-07-10
31908,31909,35,6983,2014-07-10
31908,31909,36,2503,2014-07-10
31908,31909,37,1,2014-07-10
31908,31909,39,6,2014-07-10
31908,31909,40,1,2014-07-10
31910,31911,34,10591,2014-07-10
31910,31911,35,6983,2014-07-10
31910,31911,36,2503,2014-07-10
31910,31911,37,1,2014-07-10
31910,31911,39,6,2014-07-10
31910,31911,40,1,2014-07-10
31916,31917,34,12218,2014-07-10
31916,31917,35,11594,2014-07-10
31916,31917,36,8360,2014-07-10
31916,31917,37,231,2014-07-10
31916,31917,38,6,2014-07-10
31916,31917,40,3,2014-07-10
31918,31919,34,12218,2014-07-10
31918,31919,35,11594,2014-07-10
31918,31919,36,8360,2014-07-10
31918,31919,37,231,2014-07-10
31918,31919,38,6,2014-07-10
31918,31919,40,3,2014-07-10
31922,31923,34,916,2014-07-10
31922,31923,35,64,2014-07-10
31922,31923,36,29,2014-07-10
31922,31923,38,4,2014-07-10
31924,31925,34,916,2014-07-10
31924,31925,35,64,2014-07-10
31924,31925,36,29,2014-07-10
31924,31925,38,4,2014-07-10
31926,31927,34,1890,2014-07-10
31926,31927,35,456,2014-07-10
31926,31927,36,179,2014-07-10
31926,31927,37,6,2014-07-10
31928,31929,34,1890,2014-07-10
31928,31929,35,456,2014-07-10
31928,31929,36,179,2014-07-10
31928,31929,37,6,2014-07-10
31930,31931,34,3383,2014-07-10
31930,31931,35,2769,2014-07-10
31930,31931,36,181,2014-07-10
31932,31933,34,3383,2014-07-10
31932,31933,35,2769,2014-07-10
31932,31933,36,181,2014-07-10
31942,31943,34,444,2014-07-10
31942,31943,35,111,2014-07-10
31942,31943,40,1,2014-07-10
31944,31945,34,840,2014-07-10
31944,31945,35,183,2014-07-10
31944,31945,36,470,2014-07-10
31944,31945,37,4,2014-07-10
31944,31945,40,2,2014-07-10
31946,31947,34,35778,2014-07-10
31946,31947,35,4679,2014-07-10
31946,31947,38,17,2014-07-10
31946,31947,40,8,2014-07-10
31948,31949,34,16271,2014-07-10
31948,31949,35,2127,2014-07-10
31948,31949,38,8,2014-07-10
31948,31949,40,3,2014-07-10
31950,31951,34,7396,2014-07-10
31950,31951,35,967,2014-07-10
31950,31951,38,3,2014-07-10
31950,31951,40,1,2014-07-10
31952,31953,35,658,2014-07-10
31952,31953,36,2,2014-07-10
31952,31953,37,4,2014-07-10
31952,31953,38,1,2014-07-10
31952,31953,39,2,2014-07-10
32025,32026,25596,2,2014-07-10
32025,32026,25599,3,2014-07-10
32025,32026,25600,3,2014-07-10
32027,32028,25596,9,2014-07-10
32027,32028,25599,14,2014-07-10
32027,32028,25600,17,2014-07-10
32029,32030,11481,2,2014-07-10
32029,32030,25615,2,2014-07-10
32029,32030,25617,2,2014-07-10
32029,32030,25619,2,2014-07-10
32031,32032,11481,2,2014-07-10
32031,32032,25615,3,2014-07-10
32031,32032,25617,5,2014-07-10
32031,32032,25619,5,2014-07-10
32033,32034,25596,3,2014-07-10
32033,32034,25598,4,2014-07-10
32033,32034,25600,4,2014-07-10
32035,32036,25596,18,2014-07-10
32035,32036,25598,22,2014-07-10
32035,32036,25600,22,2014-07-10
32037,32038,11481,2,2014-07-10
32037,32038,25615,2,2014-07-10
32037,32038,25617,2,2014-07-10
32037,32038,25619,2,2014-07-10
32039,32040,11481,2,2014-07-10
32039,32040,25615,5,2014-07-10
32039,32040,25617,6,2014-07-10
32039,32040,25619,6,2014-07-10
32041,32042,25596,3,2014-07-10
32041,32042,25598,4,2014-07-10
32041,32042,25600,4,2014-07-10
32043,32044,25596,19,2014-07-10
32043,32044,25598,22,2014-07-10
32043,32044,25600,22,2014-07-10
32045,32046,11481,2,2014-07-10
32045,32046,25615,2,2014-07-10
32045,32046,25617,2,2014-07-10
32045,32046,25619,2,2014-07-10
32047,32048,11481,2,2014-07-10
32047,32048,25615,5,2014-07-10
32047,32048,25617,6,2014-07-10
32047,32048,25619,6,2014-07-10
32049,32050,25596,2,2014-07-10
32049,32050,25598,3,2014-07-10
32049,32050,25600,3,2014-07-10
32051,32052,25596,9,2014-07-10
32051,32052,25598,14,2014-07-10
32051,32052,25600,17,2014-07-10
32053,32054,11481,2,2014-07-10
32053,32054,25615,2,2014-07-10
32053,32054,25617,2,2014-07-10
32053,32054,25619,2,2014-07-10
32055,32056,11481,2,2014-07-10
32055,32056,25615,3,2014-07-10
32055,32056,25617,5,2014-07-10
32055,32056,25619,5,2014-07-10
32057,32058,25596,3,2014-07-10
32057,32058,25599,3,2014-07-10
32057,32058,25600,3,2014-07-10
32059,32060,25596,18,2014-07-10
32059,32060,25599,14,2014-07-10
32059,32060,25600,17,2014-07-10
32061,32062,11481,2,2014-07-10
32061,32062,25615,2,2014-07-10
32061,32062,25617,2,2014-07-10
32061,32062,25619,2,2014-07-10
32063,32064,11481,2,2014-07-10
32063,32064,25615,5,2014-07-10
32063,32064,25617,5,2014-07-10
32063,32064,25619,5,2014-07-10
32065,32066,25596,4,2014-07-10
32065,32066,25598,6,2014-07-10
32065,32066,25600,4,2014-07-10
32067,32068,25596,23,2014-07-10
32067,32068,25598,26,2014-07-10
32067,32068,25600,24,2014-07-10
32069,32070,25596,2,2014-07-10
32069,32070,25599,3,2014-07-10
32069,32070,25600,3,2014-07-10
32071,32072,25596,9,2014-07-10
32071,32072,25599,14,2014-07-10
32071,32072,25600,17,2014-07-10
32073,32074,11481,2,2014-07-10
32073,32074,25615,2,2014-07-10
32073,32074,25617,2,2014-07-10
32073,32074,25619,2,2014-07-10
32075,32076,11481,2,2014-07-10
32075,32076,25615,3,2014-07-10
32075,32076,25617,5,2014-07-10
32075,32076,25619,5,2014-07-10
32077,32078,11481,2,2014-07-10
32077,32078,25615,2,2014-07-10
32077,32078,25617,2,2014-07-10
32077,32078,25619,2,2014-07-10
32079,32080,11481,2,2014-07-10
32079,32080,25615,6,2014-07-10
32079,32080,25617,8,2014-07-10
32079,32080,25619,6,2014-07-10
32081,32082,25596,4,2014-07-10
32081,32082,25598,4,2014-07-10
32081,32082,25600,4,2014-07-10
32083,32084,25596,21,2014-07-10
32083,32084,25598,23,2014-07-10
32083,32084,25600,23,2014-07-10
32085,32086,11481,2,2014-07-10
32085,32086,25615,2,2014-07-10
32085,32086,25617,2,2014-07-10
32085,32086,25619,2,2014-07-10
32087,32088,11481,2,2014-07-10
32087,32088,25615,6,2014-07-10
32087,32088,25617,6,2014-07-10
32087,32088,25619,6,2014-07-10
32089,32090,25596,4,2014-07-10
32089,32090,25598,6,2014-07-10
32089,32090,25600,6,2014-07-10
32091,32092,25596,23,2014-07-10
32091,32092,25598,27,2014-07-10
32091,32092,25600,26,2014-07-10
32093,32094,11481,2,2014-07-10
32093,32094,25615,2,2014-07-10
32093,32094,25617,2,2014-07-10
32093,32094,25619,2,2014-07-10
32095,32096,11481,2,2014-07-10
32095,32096,25615,6,2014-07-10
32095,32096,25617,8,2014-07-10
32095,32096,25619,8,2014-07-10
32207,32208,34,27333,2014-07-10
32207,32208,35,6842,2014-07-10
32207,32208,36,2411,2014-07-10
32207,32208,38,2,2014-07-10
32207,32208,39,6,2014-07-10
32207,32208,40,6,2014-07-10
32207,32208,3828,28,2014-07-10
32207,32208,11399,33,2014-07-10
32207,32208,11530,33,2014-07-10
32207,32208,11536,22,2014-07-10
32207,32208,11538,22,2014-07-10
32207,32208,11542,44,2014-07-10
32207,32208,11548,44,2014-07-10
32207,32208,11551,33,2014-07-10
32207,32208,11555,44,2014-07-10
32209,32210,34,500538,2014-07-10
32209,32210,35,125304,2014-07-10
32209,32210,36,32492,2014-07-10
32209,32210,37,7837,2014-07-10
32209,32210,38,1941,2014-07-10
32209,32210,39,504,2014-07-10
32209,32210,40,191,2014-07-10
32305,32306,34,12090111,2014-07-10
32305,32306,35,3024444,2014-07-10
32305,32306,36,762222,2014-07-10
32305,32306,37,189478,2014-07-10
32305,32306,38,47256,2014-07-10
32305,32306,39,11089,2014-07-10
32305,32306,40,5156,2014-07-10
32307,32308,34,11564444,2014-07-10
32307,32308,35,2892889,2014-07-10
32307,32308,36,728333,2014-07-10
32307,32308,37,181211,2014-07-10
32307,32308,38,45133,2014-07-10
32307,32308,39,10322,2014-07-10
32307,32308,40,3778,2014-07-10
32309,32310,34,10649667,2014-07-10
32309,32310,35,2263111,2014-07-10
32309,32310,36,607000,2014-07-10
32309,32310,37,166200,2014-07-10
32309,32310,38,36011,2014-07-10
32309,32310,39,8033,2014-07-10
32309,32310,40,3344,2014-07-10
32311,32312,34,10279111,2014-07-10
32311,32312,35,2792889,2014-07-10
32311,32312,36,624889,2014-07-10
32311,32312,37,164589,2014-07-10
32311,32312,38,34656,2014-07-10
32311,32312,39,9122,2014-07-10
32311,32312,40,2400,2014-07-10
32325,32326,34,1555556,2014-07-10
32325,32326,35,444444,2014-07-10
32325,32326,36,155556,2014-07-10
32325,32326,37,60000,2014-07-10
32325,32326,38,10000,2014-07-10
32325,32326,39,889,2014-07-10
32325,32326,40,2111,2014-07-10
32340,32341,34,1888889,2014-07-10
32340,32341,35,388889,2014-07-10
32340,32341,36,188889,2014-07-10
32340,32341,37,46667,2014-07-10
32340,32341,38,7778,2014-07-10
32340,32341,39,1667,2014-07-10
32340,32341,40,2222,2014-07-10
32342,32343,34,2222222,2014-07-10
32342,32343,35,344444,2014-07-10
32342,32343,36,166667,2014-07-10
32342,32343,37,38889,2014-07-10
32342,32343,38,9444,2014-07-10
32342,32343,39,1556,2014-07-10
32342,32343,40,2056,2014-07-10
32344,32345,34,1388889,2014-07-10
32344,32345,35,666667,2014-07-10
32344,32345,36,144444,2014-07-10
32344,32345,37,52222,2014-07-10
32344,32345,38,8889,2014-07-10
32344,32345,39,889,2014-07-10
32344,32345,40,2444,2014-07-10
32414,32415,34,840,2014-07-10
32414,32415,35,183,2014-07-10
32414,32415,36,470,2014-07-10
32414,32415,37,4,2014-07-10
32414,32415,40,2,2014-07-10
32436,32437,34,18756,2014-07-10
32436,32437,39,56,2014-07-10
32436,32437,40,22,2014-07-10
32438,32439,34,37289,2014-07-10
32438,32439,35,8333,2014-07-10
32438,32439,39,67,2014-07-10
32440,32441,34,39889,2014-07-10
32440,32441,35,29389,2014-07-10
32440,32441,36,289,2014-07-10
32440,32441,37,22,2014-07-10
32440,32441,38,22,2014-07-10
32440,32441,39,11,2014-07-10
32442,32443,34,39244,2014-07-10
32442,32443,35,3556,2014-07-10
32442,32443,36,278,2014-07-10
32442,32443,40,33,2014-07-10
32444,32445,34,3207807,2014-07-10
32444,32445,35,833323,2014-07-10
32444,32445,36,330823,2014-07-10
32444,32445,37,49357,2014-07-10
32444,32445,38,13933,2014-07-10
32444,32445,39,2433,2014-07-10
32444,32445,40,1107,2014-07-10
32772,32773,35,1327,2014-07-10
32772,32773,36,481,2014-07-10
32772,32773,37,113,2014-07-10
32774,32775,34,1327,2014-07-10
32774,32775,35,481,2014-07-10
32774,32775,36,113,2014-07-10
32780,32781,37,1327,2014-07-10
32780,32781,38,481,2014-07-10
32780,32781,39,114,2014-07-10
32782,32783,34,64,2014-07-10
32782,32783,36,7,2014-07-10
32788,32789,34,21071,2014-07-10
32788,32789,35,9382,2014-07-10
32788,32789,36,3127,2014-07-10
32788,32789,37,590,2014-07-10
32788,32789,38,2,2014-07-10
32788,32789,39,2,2014-07-10
32788,32789,40,2,2014-07-10
32790,32791,34,16209,2014-07-10
32790,32791,35,6872,2014-07-10
32790,32791,36,17901,2014-07-10
32790,32791,38,3020,2014-07-10
32790,32791,39,248,2014-07-10
32790,32791,40,14,2014-07-10
32790,32791,3828,56,2014-07-10
32790,32791,11399,67,2014-07-10
32790,32791,11533,56,2014-07-10
32790,32791,11534,194,2014-07-10
32790,32791,11540,1333,2014-07-10
32790,32791,11544,1667,2014-07-10
32790,32791,11550,17,2014-07-10
32790,32791,11552,556,2014-07-10
32790,32791,11558,111,2014-07-10
32799,32800,34,3,2014-07-10
32799,32800,35,1,2014-07-10
32799,32800,36,2,2014-07-10
32799,32800,37,10,2014-07-10
32799,32800,11399,1,2014-07-10
32801,32802,34,204,2014-07-10
32801,32802,35,17,2014-07-10
32801,32802,38,1,2014-07-10
32801,32802,11399,1,2014-07-10
32803,32804,34,118,2014-07-10
32803,32804,36,1,2014-07-10
32803,32804,37,2,2014-07-10
32803,32804,11399,1,2014-07-10
32809,32810,34,666,2014-07-10
32809,32810,35,502,2014-07-10
32809,32810,36,1,2014-07-10
32809,32810,37,1,2014-07-10
32811,32812,34,45636,2014-07-10
32811,32812,35,11911,2014-07-10
32811,32812,36,4932,2014-07-10
32811,32812,37,709,2014-07-10
32811,32812,38,221,2014-07-10
32811,32812,39,27,2014-07-10
32811,32812,40,8,2014-07-10
32817,32818,25592,9,2014-07-10
32817,32818,25598,22,2014-07-10
32817,32818,25601,18,2014-07-10
32817,32818,25604,13,2014-07-10
32819,32820,25593,9,2014-07-10
32819,32820,25598,22,2014-07-10
32819,32820,25601,18,2014-07-10
32819,32820,25604,13,2014-07-10
18626,32839,34,8889,2014-07-10
18626,32839,35,667,2014-07-10
18626,32839,36,222,2014-07-10
18626,32839,37,111,2014-07-10
32840,32841,34,1,2014-07-10
32842,32843,34,1,2014-07-10
32844,32845,34,1,2014-07-10
32846,32847,34,1,2014-07-10
32848,32849,34,1,2014-07-10
18635,32854,34,11111,2014-07-10
18635,32854,35,889,2014-07-10
18635,32854,36,444,2014-07-10
18635,32854,37,222,2014-07-10
18637,32855,34,15556,2014-07-10
18637,32855,35,1111,2014-07-10
18637,32855,36,667,2014-07-10
18637,32855,37,444,2014-07-10
17366,32858,34,556,2014-07-10
17366,32858,35,556,2014-07-10
17366,32858,36,167,2014-07-10
3297,32859,34,222,2014-07-10
3297,32859,35,222,2014-07-10
3293,32860,34,1111,2014-07-10
3293,32860,35,444,2014-07-10
3296,32861,34,2222,2014-07-10
3296,32861,35,1111,2014-07-10
24445,32862,34,16667,2014-07-10
24445,32862,35,11111,2014-07-10
11489,32863,34,35556,2014-07-10
11489,32863,39,36,2014-07-10
11488,32864,34,17778,2014-07-10
11488,32864,39,18,2014-07-10
3465,32865,34,4444,2014-07-10
3465,32865,39,18,2014-07-10
3466,32866,34,2222,2014-07-10
3466,32866,39,9,2014-07-10
3467,32867,34,944,2014-07-10
3467,32867,39,2,2014-07-10
17363,32868,34,2222,2014-07-10
17363,32868,38,22,2014-07-10
17363,32868,40,22,2014-07-10
17364,32869,34,6667,2014-07-10
17364,32869,38,56,2014-07-10
17364,32869,40,56,2014-07-10
17365,32870,34,13333,2014-07-10
17365,32870,38,111,2014-07-10
17365,32870,40,111,2014-07-10
17367,32871,34,16667,2014-07-10
17367,32871,35,5556,2014-07-10
17367,32871,36,556,2014-07-10
32872,32873,34,63000,2014-07-10
32872,32873,35,17100,2014-07-10
32872,32873,36,8100,2014-07-10
32872,32873,37,900,2014-07-10
32872,32873,38,210,2014-07-10
32872,32873,39,30,2014-07-10
32872,32873,40,3,2014-07-10
32874,32875,34,61500,2014-07-10
32874,32875,35,16500,2014-07-10
32874,32875,36,7800,2014-07-10
32874,32875,37,1080,2014-07-10
32874,32875,38,240,2014-07-10
32874,32875,39,46,2014-07-10
32876,32877,34,57000,2014-07-10
32876,32877,35,24000,2014-07-10
32876,32877,36,8400,2014-07-10
32876,32877,37,1590,2014-07-10
32876,32877,38,7,2014-07-10
32876,32877,39,7,2014-07-10
32876,32877,40,7,2014-07-10
32878,32879,34,61500,2014-07-10
32878,32879,35,16800,2014-07-10
32878,32879,36,6000,2014-07-10
32878,32879,37,960,2014-07-10
32878,32879,38,360,2014-07-10
32878,32879,39,46,2014-07-10
32878,32879,40,3,2014-07-10
32880,32881,34,24889,2014-07-10
32880,32881,35,7444,2014-07-10
32880,32881,36,744,2014-07-10
32880,32881,37,444,2014-07-10
32880,32881,38,50,2014-07-10
32880,32881,39,11,2014-07-10
32787,32982,34,232,2014-07-10
32787,32982,37,12,2014-07-10
32787,32982,38,33,2014-07-10
32787,32982,40,4,2014-07-10
32983,32984,34,1,2014-07-10
32985,32986,34,1,2014-07-10
32987,32988,34,13840,2014-07-10
32987,32988,35,987,2014-07-10
32987,32988,36,666,2014-07-10
32987,32988,37,58,2014-07-10
32987,32988,39,7,2014-07-10
32987,32988,40,2,2014-07-10
32989,32990,34,1,2014-07-10
33003,33004,34,33333,2014-07-10
33003,33004,35,22222,2014-07-10
33005,33006,34,11111,2014-07-10
33005,33006,35,6667,2014-07-10
33007,33008,34,5556,2014-07-10
33007,33008,35,5556,2014-07-10
33009,33010,34,2222,2014-07-10
33009,33010,35,2222,2014-07-10
33011,33012,34,1111,2014-07-10
33011,33012,35,1111,2014-07-10
33017,33067,34,28,2014-07-10
33017,33067,35,16,2014-07-10
33017,33067,36,20,2014-07-10
33017,33067,37,24,2014-07-10
33017,33067,38,17,2014-07-10
33017,33067,39,18,2014-07-10
33017,33067,40,6,2014-07-10
33017,33067,2871,16,2014-07-10
33017,33067,4051,16,2014-07-10
33017,33067,4312,6,2014-07-10
33017,33067,11399,8,2014-07-10
33017,33067,16275,1,2014-07-10
33017,33067,16637,17,2014-07-10
33017,33067,16638,6,2014-07-10
33017,33067,16642,23,2014-07-10
33017,33067,16649,8,2014-07-10
33017,33067,16653,24,2014-07-10
33017,33067,27274,23,2014-07-10
33017,33067,30252,10,2014-07-10
33076,33077,34,858,2014-07-10
33076,33077,35,288,2014-07-10
33076,33077,40,2,2014-07-10
33087,33088,40,4,2014-07-10
33087,33088,25335,13,2014-07-10
33101,33102,34,2271,2014-07-10
33101,33102,35,1063,2014-07-10
33101,33102,36,906,2014-07-10
33101,33102,37,1,2014-07-10
33101,33102,38,4,2014-07-10
33103,33104,34,4662,2014-07-10
33103,33104,35,1857,2014-07-10
33103,33104,36,1027,2014-07-10
33103,33104,37,44,2014-07-10
33103,33104,38,51,2014-07-10
33111,33112,40,4,2014-07-10
33111,33112,25335,13,2014-07-10
33149,33150,34,333333,2014-07-10
33149,33150,38,667,2014-07-10
33149,33150,40,167,2014-07-10
33149,33150,2870,3,2014-07-10
33149,33150,2872,3,2014-07-10
33149,33150,2875,3,2014-07-10
33151,33152,34,2116031,2014-07-10
33151,33152,35,467988,2014-07-10
33151,33152,36,168358,2014-07-10
33151,33152,38,9933,2014-07-10
33151,33152,39,1831,2014-07-10
33151,33152,40,952,2014-07-10
33153,33154,34,2715902,2014-07-10
33153,33154,35,680078,2014-07-10
33153,33154,36,187383,2014-07-10
33153,33154,37,19408,2014-07-10
33153,33154,38,13738,2014-07-10
33153,33154,39,4003,2014-07-10
33153,33154,40,932,2014-07-10
33155,33156,34,3882040,2014-07-10
33155,33156,35,830223,2014-07-10
33155,33156,36,205556,2014-07-10
33155,33156,37,33333,2014-07-10
33155,33156,39,3282,2014-07-10
33155,33156,40,1300,2014-07-10
33157,33158,34,2922244,2014-07-10
33157,33158,35,729003,2014-07-10
33157,33158,36,176119,2014-07-10
33157,33158,37,52166,2014-07-10
33157,33158,39,3164,2014-07-10
33157,33158,40,1231,2014-07-10
33176,33177,34,7252,2014-07-10
33176,33177,35,104,2014-07-10
33176,33177,36,3,2014-07-10
33176,33177,37,8,2014-07-10
33176,33177,38,1,2014-07-10
33176,33177,11399,2,2014-07-10
33178,33179,34,7252,2014-07-10
33178,33179,35,104,2014-07-10
33178,33179,36,3,2014-07-10
33178,33179,37,8,2014-07-10
33178,33179,38,1,2014-07-10
33178,33179,11399,2,2014-07-10
33180,33181,34,7252,2014-07-10
33180,33181,35,104,2014-07-10
33180,33181,36,3,2014-07-10
33180,33181,37,8,2014-07-10
33180,33181,38,1,2014-07-10
33180,33181,11399,2,2014-07-10
33190,33191,34,13840,2014-07-10
33190,33191,35,987,2014-07-10
33190,33191,36,666,2014-07-10
33190,33191,37,58,2014-07-10
33190,33191,39,7,2014-07-10
33190,33191,40,2,2014-07-10
33195,33196,16673,18,2014-07-10
33195,33196,16678,2,2014-07-10
33195,33196,16681,2,2014-07-10
33195,33196,16682,2,2014-07-10
33197,33198,9840,7,2014-07-10
33197,33198,9842,4,2014-07-10
33197,33198,11399,1,2014-07-10
33197,33198,11483,2,2014-07-10
33197,33198,11540,3,2014-07-10
33197,33198,33176,1,2014-07-10
33197,33198,33195,8,2014-07-10
33199,33200,9840,7,2014-07-10
33199,33200,9842,4,2014-07-10
33199,33200,11399,1,2014-07-10
33199,33200,11483,2,2014-07-10
33199,33200,11540,3,2014-07-10
33199,33200,33178,1,2014-07-10
33199,33200,33195,8,2014-07-10
33201,33202,9840,7,2014-07-10
33201,33202,9842,4,2014-07-10
33201,33202,11399,1,2014-07-10
33201,33202,11483,2,2014-07-10
33201,33202,11540,3,2014-07-10
33201,33202,33180,1,2014-07-10
33201,33202,33195,8,2014-07-10
33270,33271,34,471,2014-07-10
33270,33271,35,716,2014-07-10
33272,33273,9834,4,2014-07-10
33272,33273,11399,2,2014-07-10
33272,33273,11483,2,2014-07-10
33272,33273,11540,6,2014-07-10
33272,33273,33270,1,2014-07-10
33277,33278,25596,222,2014-07-10
33277,33278,25599,361,2014-07-10
33277,33278,25600,417,2014-07-10
33279,33280,11481,2,2014-07-10
33279,33280,25615,60,2014-07-10
33279,33280,25617,98,2014-07-10
33279,33280,25619,113,2014-07-10
33281,33282,25596,444,2014-07-10
33281,33282,25598,556,2014-07-10
33281,33282,25600,556,2014-07-10
33283,33284,11481,2,2014-07-10
33283,33284,25615,120,2014-07-10
33283,33284,25617,150,2014-07-10
33283,33284,25619,150,2014-07-10
33285,33286,25596,472,2014-07-10
33285,33286,25598,556,2014-07-10
33285,33286,25600,556,2014-07-10
33287,33288,11481,2,2014-07-10
33287,33288,25615,128,2014-07-10
33287,33288,25617,150,2014-07-10
33287,33288,25619,150,2014-07-10
33289,33290,25596,222,2014-07-10
33289,33290,25598,361,2014-07-10
33289,33290,25600,417,2014-07-10
33291,33292,11481,2,2014-07-10
33291,33292,25615,60,2014-07-10
33291,33292,25617,98,2014-07-10
33291,33292,25619,113,2014-07-10
33293,33294,25596,222,2014-07-10
33293,33294,25599,361,2014-07-10
33293,33294,25600,417,2014-07-10
33295,33296,11481,2,2014-07-10
33295,33296,25615,60,2014-07-10
33295,33296,25617,98,2014-07-10
33295,33296,25619,113,2014-07-10
33297,33299,25596,444,2014-07-10
33297,33299,25599,361,2014-07-10
33297,33299,25600,417,2014-07-10
33298,33300,11481,2,2014-07-10
33298,33300,25615,120,2014-07-10
33298,33300,25617,98,2014-07-10
33298,33300,25619,113,2014-07-10
33301,33302,11486,2,2014-07-10
33301,33302,25607,60,2014-07-10
33301,33302,25617,150,2014-07-10
33301,33302,25619,150,2014-07-10
33303,33304,25597,444,2014-07-10
33303,33304,25599,556,2014-07-10
33303,33304,25604,222,2014-07-10
33305,33306,11483,2,2014-07-10
33305,33306,25616,120,2014-07-10
33305,33306,25617,150,2014-07-10
33305,33306,25623,60,2014-07-10
33307,33308,25596,522,2014-07-10
33307,33308,25598,583,2014-07-10
33307,33308,25600,572,2014-07-10
33309,33310,11481,2,2014-07-10
33309,33310,25615,143,2014-07-10
33309,33310,25617,158,2014-07-10
33309,33310,25619,158,2014-07-10
33311,33312,25596,578,2014-07-10
33311,33312,25598,672,2014-07-10
33311,33312,25600,639,2014-07-10
33313,33314,11481,2,2014-07-10
33313,33314,25615,158,2014-07-10
33313,33314,25617,180,2014-07-10
33313,33314,25619,173,2014-07-10
3756,33327,34,1,2014-07-10
33395,33396,34,614356,2014-07-10
33395,33396,35,154233,2014-07-10
33395,33396,36,39907,2014-07-10
33395,33396,37,9687,2014-07-10
33395,33396,38,2387,2014-07-10
33395,33396,39,601,2014-07-10
33395,33396,40,178,2014-07-10
33397,33398,34,22804,2014-07-10
33397,33398,35,6143,2014-07-10
33397,33398,36,2046,2014-07-10
33397,33398,37,352,2014-07-10
33397,33398,38,131,2014-07-10
33397,33398,39,14,2014-07-10
33397,33398,40,1,2014-07-10
33400,33401,34,388889,2014-07-10
33400,33401,35,83333,2014-07-10
33400,33401,36,33333,2014-07-10
33400,33401,37,5556,2014-07-10
33400,33401,38,1111,2014-07-10
33400,33401,39,222,2014-07-10
33400,33401,40,111,2014-07-10
33446,33447,34,133,2014-07-10
33446,33447,35,1500,2014-07-10
33446,33447,38,11,2014-07-10
33446,33447,39,2,2014-07-10
33446,33447,40,16,2014-07-10
33448,33449,34,106,2014-07-10
33448,33449,35,1167,2014-07-10
33448,33449,38,8,2014-07-10
33448,33449,39,2,2014-07-10
33448,33449,40,10,2014-07-10
33450,33451,9848,11,2014-07-10
33450,33451,11399,14,2014-07-10
33450,33451,11486,1,2014-07-10
33450,33451,11540,13,2014-07-10
33450,33451,33448,1,2014-07-10
33459,33460,34,133,2014-07-10
33459,33460,35,1500,2014-07-10
33459,33460,38,11,2014-07-10
33459,33460,39,2,2014-07-10
33459,33460,40,16,2014-07-10
33468,33469,34,24022,2014-07-10
33468,33469,35,8044,2014-07-10
33468,33469,36,2822,2014-07-10
33468,33469,37,467,2014-07-10
33468,33469,38,40,2014-07-10
33468,33469,39,9,2014-07-10
33468,33469,40,2,2014-07-10
33470,33471,34,614356,2014-07-10
33470,33471,35,154233,2014-07-10
33470,33471,36,39907,2014-07-10
33470,33471,37,9687,2014-07-10
33470,33471,38,2387,2014-07-10
33470,33471,39,601,2014-07-10
33470,33471,40,178,2014-07-10
33472,33473,34,8419591,2014-07-10
33472,33473,35,2105336,2014-07-10
33472,33473,36,527417,2014-07-10
33472,33473,37,131688,2014-07-10
33472,33473,38,32883,2014-07-10
33472,33473,39,7844,2014-07-10
33472,33473,40,2504,2014-07-10
33513,33514,34,2778,2014-07-10
33477,33515,34,238813,2014-07-10
33477,33515,35,34527,2014-07-10
33477,33515,36,20957,2014-07-10
33477,33515,37,6611,2014-07-10
33477,33515,38,1919,2014-07-10
33477,33515,39,630,2014-07-10
33477,33515,40,191,2014-07-10
33477,33515,9834,111,2014-07-10
33477,33515,9842,111,2014-07-10
33477,33515,17392,13,2014-07-10
33474,33517,34,5556,2014-07-10
33474,33517,35,222,2014-07-10
33474,33517,39,222,2014-07-10
33474,33517,2351,3,2014-07-10
33474,33517,2352,1,2014-07-10
33474,33517,9834,3,2014-07-10
33474,33517,17898,1,2014-07-10
33476,33518,34,277778,2014-07-10
33476,33518,35,11111,2014-07-10
33476,33518,37,5556,2014-07-10
33476,33518,39,5556,2014-07-10
33476,33518,40,556,2014-07-10
33476,33518,2867,4,2014-07-10
33476,33518,2870,9,2014-07-10
33476,33518,2872,2,2014-07-10
33476,33518,2875,4,2014-07-10
33476,33518,2876,2,2014-07-10
33476,33518,9834,22,2014-07-10
33475,33519,39,474,2014-07-10
33475,33519,2870,2,2014-07-10
33475,33519,2876,1,2014-07-10
33475,33519,17136,2,2014-07-10
33475,33519,24348,1,2014-07-10
33520,33521,34,5556,2014-07-10
33520,33521,35,222,2014-07-10
33520,33521,39,222,2014-07-10
33520,33521,2351,3,2014-07-10
33520,33521,2352,1,2014-07-10
33520,33521,9834,3,2014-07-10
33520,33521,17898,1,2014-07-10
33522,33523,34,5556,2014-07-10
33522,33523,35,222,2014-07-10
33522,33523,39,222,2014-07-10
33522,33523,2351,3,2014-07-10
33522,33523,2352,1,2014-07-10
33522,33523,9834,3,2014-07-10
33522,33523,17898,1,2014-07-10
33516,33536,2346,542,2014-07-10
33516,33536,2367,594,2014-07-10
33516,33536,11399,79,2014-07-10
33516,33536,33539,34,2014-07-10
33525,33543,2348,620,2014-07-10
33525,33543,2367,542,2014-07-10
33525,33543,11399,114,2014-07-10
33525,33543,33539,40,2014-07-10
33528,33545,2348,887,2014-07-10
33528,33545,11399,146,2014-07-10
33528,33545,12836,691,2014-07-10
33528,33545,33539,47,2014-07-10
33527,33546,2346,1070,2014-07-10
33527,33546,11399,172,2014-07-10
33527,33546,12836,1261,2014-07-10
33527,33546,33539,62,2014-07-10
33526,33547,2367,888,2014-07-10
33526,33547,11399,157,2014-07-10
33526,33547,12836,906,2014-07-10
33526,33547,33539,54,2014-07-10
33529,33548,2346,687,2014-07-10
33529,33548,2348,609,2014-07-10
33529,33548,2367,654,2014-07-10
33529,33548,11399,183,2014-07-10
33529,33548,33539,68,2014-07-10
33553,33554,34,614356,2014-07-10
33553,33554,35,154233,2014-07-10
33553,33554,36,39907,2014-07-10
33553,33554,37,9687,2014-07-10
33553,33554,38,2387,2014-07-10
33553,33554,39,601,2014-07-10
33553,33554,40,178,2014-07-10
33555,33556,2346,326,2014-07-10
33555,33556,2367,357,2014-07-10
33555,33556,11399,48,2014-07-10
33555,33556,33539,21,2014-07-10
33557,33558,2348,372,2014-07-10
33557,33558,2367,326,2014-07-10
33557,33558,11399,69,2014-07-10
33557,33558,33539,24,2014-07-10
33559,33560,2367,532,2014-07-10
33559,33560,11399,94,2014-07-10
33559,33560,12836,543,2014-07-10
33559,33560,33539,32,2014-07-10
33561,33562,2346,642,2014-07-10
33561,33562,11399,103,2014-07-10
33561,33562,12836,757,2014-07-10
33561,33562,33539,38,2014-07-10
33563,33564,2348,532,2014-07-10
33563,33564,11399,88,2014-07-10
33563,33564,12836,414,2014-07-10
33563,33564,33539,28,2014-07-10
33565,33566,2346,412,2014-07-10
33565,33566,2348,366,2014-07-10
33565,33566,2367,392,2014-07-10
33565,33566,11399,110,2014-07-10
33565,33566,33539,41,2014-07-10
33581,33582,34,238813,2014-07-10
33581,33582,35,34527,2014-07-10
33581,33582,36,20957,2014-07-10
33581,33582,37,6611,2014-07-10
33581,33582,38,1919,2014-07-10
33581,33582,39,630,2014-07-10
33581,33582,40,191,2014-07-10
33581,33582,9834,111,2014-07-10
33581,33582,9842,111,2014-07-10
33581,33582,17392,13,2014-07-10
33583,33584,34,251058,2014-07-10
33583,33584,35,35082,2014-07-10
33583,33584,36,21068,2014-07-10
33583,33584,37,6611,2014-07-10
33583,33584,38,1986,2014-07-10
33583,33584,39,647,2014-07-10
33583,33584,40,201,2014-07-10
33583,33584,9834,111,2014-07-10
33583,33584,9842,111,2014-07-10
33583,33584,17392,13,2014-07-10
33585,33586,34,1328,2014-07-10
33585,33586,35,674,2014-07-10
33585,33586,36,431,2014-07-10
33585,33586,37,221,2014-07-10
33585,33586,38,219,2014-07-10
33585,33586,39,28,2014-07-10
33585,33586,40,10,2014-07-10
33587,33588,34,133333,2014-07-10
33587,33588,35,2222,2014-07-10
33587,33588,37,2222,2014-07-10
33587,33588,39,2222,2014-07-10
33587,33588,2351,1,2014-07-10
33587,33588,2867,1,2014-07-10
33587,33588,2870,2,2014-07-10
33587,33588,2872,1,2014-07-10
33587,33588,2876,2,2014-07-10
33589,33590,34,22222,2014-07-10
33589,33590,35,1111,2014-07-10
33589,33590,37,1111,2014-07-10
33589,33590,39,1111,2014-07-10
33589,33590,2351,11,2014-07-10
33589,33590,2867,7,2014-07-10
33589,33590,2876,3,2014-07-10
33591,33592,34,11111,2014-07-10
33591,33592,35,556,2014-07-10
33591,33592,39,556,2014-07-10
33591,33592,2351,3,2014-07-10
33591,33592,2352,2,2014-07-10
33591,33592,9834,4,2014-07-10
33591,33592,17898,2,2014-07-10
33595,33596,34,1328,2014-07-10
33595,33596,35,674,2014-07-10
33595,33596,36,431,2014-07-10
33595,33596,37,221,2014-07-10
33595,33596,38,219,2014-07-10
33595,33596,39,28,2014-07-10
33595,33596,40,10,2014-07-10
33608,33609,34,1328,2014-07-10
33608,33609,35,674,2014-07-10
33608,33609,36,431,2014-07-10
33608,33609,37,221,2014-07-10
33608,33609,38,219,2014-07-10
33608,33609,39,28,2014-07-10
33608,33609,40,10,2014-07-10
33610,33611,34,1328,2014-07-10
33610,33611,35,674,2014-07-10
33610,33611,36,431,2014-07-10
33610,33611,37,221,2014-07-10
33610,33611,38,219,2014-07-10
33610,33611,39,28,2014-07-10
33610,33611,40,10,2014-07-10
33623,33624,24692,1,2014-07-10
33625,33626,24692,1,2014-07-10
33627,33628,24688,1,2014-07-10
33629,33630,24688,1,2014-07-10
33631,33632,24694,1,2014-07-10
33633,33634,24694,1,2014-07-10
33635,33636,24690,1,2014-07-10
33637,33638,24690,1,2014-07-10
33639,33640,2006,1,2014-07-10
33641,33642,2006,1,2014-07-10
33643,33644,621,1,2014-07-10
33645,33646,621,1,2014-07-10
33647,33648,622,1,2014-07-10
33649,33650,622,1,2014-07-10
33651,33652,627,1,2014-07-10
33653,33654,627,1,2014-07-10
33655,33656,597,1,2014-07-10
33657,33658,597,1,2014-07-10
33659,33660,603,1,2014-07-10
33661,33662,603,1,2014-07-10
33663,33664,587,1,2014-07-10
33665,33666,587,1,2014-07-10
33667,33668,594,1,2014-07-10
33669,33670,594,1,2014-07-10
33671,33672,34,10973,2014-07-10
33671,33672,35,830,2014-07-10
33671,33672,36,299,2014-07-10
33671,33672,37,450,2014-07-10
33671,33672,38,30,2014-07-10
33673,33674,34,2443,2014-07-10
33673,33674,35,1802,2014-07-10
33673,33674,36,184,2014-07-10
33673,33674,37,98,2014-07-10
33673,33674,39,11,2014-07-10
33673,33674,40,11,2014-07-10
33673,33674,3828,11,2014-07-10
33673,33674,11399,6,2014-07-10
33673,33674,11533,33,2014-07-10
33673,33674,11534,22,2014-07-10
33673,33674,11540,89,2014-07-10
33673,33674,11544,333,2014-07-10
33673,33674,11550,3,2014-07-10
33673,33674,11552,56,2014-07-10
33673,33674,11558,17,2014-07-10
33675,33676,34,41391,2014-07-10
33675,33676,35,2834,2014-07-10
33675,33676,36,243,2014-07-10
33675,33676,37,379,2014-07-10
33675,33676,38,43,2014-07-10
33675,33676,39,101,2014-07-10
33675,33676,40,57,2014-07-10
33675,33676,3828,56,2014-07-10
33675,33676,11399,111,2014-07-10
33675,33676,11533,42,2014-07-10
33675,33676,11534,367,2014-07-10
33675,33676,11540,1333,2014-07-10
33675,33676,11544,2778,2014-07-10
33675,33676,11550,22,2014-07-10
33675,33676,11552,278,2014-07-10
33675,33676,11558,222,2014-07-10
33677,33678,17841,1,2014-07-10
33681,33682,34,5947,2014-07-10
33681,33682,35,729,2014-07-10
33681,33682,37,47,2014-07-10
33681,33682,38,27,2014-07-10
33681,33682,39,9,2014-07-10
33683,33684,22548,1,2014-07-10
33685,33686,28606,1,2014-07-10
33687,33688,28352,1,2014-07-10
33689,33690,657,1,2014-07-10
33691,33692,649,1,2014-07-10
33693,33694,652,1,2014-07-10
33695,33696,1944,1,2014-07-10
33697,33698,3828,22,2014-07-10
33697,33698,11399,33,2014-07-10
33697,33698,11478,4,2014-07-10
33697,33698,11531,17,2014-07-10
33697,33698,11535,17,2014-07-10
33697,33698,11541,167,2014-07-10
33697,33698,11545,222,2014-07-10
33697,33698,11547,3,2014-07-10
33697,33698,11553,44,2014-07-10
33697,33698,11556,17,2014-07-10
33697,33698,32880,1,2014-07-10
33700,33701,39,474,2014-07-10
33700,33701,2870,2,2014-07-10
33700,33701,2876,1,2014-07-10
33700,33701,17136,2,2014-07-10
33700,33701,24348,1,2014-07-10
33702,33703,39,474,2014-07-10
33702,33703,2870,2,2014-07-10
33702,33703,2876,1,2014-07-10
33702,33703,17136,2,2014-07-10
33702,33703,24348,1,2014-07-10
33704,33705,34,2747,2014-07-10
33704,33705,35,208,2014-07-10
33704,33705,36,76,2014-07-10
33704,33705,37,116,2014-07-10
33704,33705,38,7,2014-07-10
33706,33707,34,378,2014-07-10
33706,33707,35,62,2014-07-10
33706,33707,36,23,2014-07-10
33706,33707,37,19,2014-07-10
33706,33707,38,2,2014-07-10
33708,33709,9834,4,2014-07-10
33708,33709,9848,4,2014-07-10
33708,33709,11399,6,2014-07-10
33708,33709,11481,2,2014-07-10
33708,33709,11530,2,2014-07-10
33708,33709,11688,1,2014-07-10
33708,33709,33671,1,2014-07-10
33710,33711,9834,3,2014-07-10
33710,33711,9848,3,2014-07-10
33710,33711,11399,5,2014-07-10
33710,33711,11481,2,2014-07-10
33710,33711,11530,2,2014-07-10
33710,33711,11688,1,2014-07-10
33710,33711,33704,1,2014-07-10
33712,33713,9834,1,2014-07-10
33712,33713,9848,1,2014-07-10
33712,33713,11399,2,2014-07-10
33712,33713,11481,2,2014-07-10
33712,33713,11530,2,2014-07-10
33712,33713,11688,1,2014-07-10
33712,33713,33706,1,2014-07-10
33816,33817,34,22804,2014-07-10
33816,33817,35,6143,2014-07-10
33816,33817,36,2046,2014-07-10
33816,33817,37,352,2014-07-10
33816,33817,38,131,2014-07-10
33816,33817,39,14,2014-07-10
33816,33817,40,1,2014-07-10
33818,33819,34,614356,2014-07-10
33818,33819,35,154233,2014-07-10
33818,33819,36,39907,2014-07-10
33818,33819,37,9687,2014-07-10
33818,33819,38,2387,2014-07-10
33818,33819,39,601,2014-07-10
33818,33819,40,178,2014-07-10
33820,33821,34,8419591,2014-07-10
33820,33821,35,2105336,2014-07-10
33820,33821,36,527417,2014-07-10
33820,33821,37,131688,2014-07-10
33820,33821,38,32883,2014-07-10
33820,33821,39,7844,2014-07-10
33820,33821,40,2504,2014-07-10
33822,33823,34,538,2014-07-10
33822,33823,35,88,2014-07-10
33822,33823,36,369,2014-07-10
33822,33823,37,1,2014-07-10
33822,33823,38,4,2014-07-10
33824,33825,3689,6,2014-07-10
33824,33825,9842,2,2014-07-10
33824,33825,11399,5,2014-07-10
33824,33825,11483,2,2014-07-10
33824,33825,11539,8,2014-07-10
33824,33825,33822,1,2014-07-10
33867,33868,34,111111,2014-07-10
33867,33868,38,222,2014-07-10
33867,33868,39,111,2014-07-10
33867,33868,40,56,2014-07-10
33867,33868,2867,1,2014-07-10
33867,33868,2869,1,2014-07-10
33867,33868,2870,1,2014-07-10
33867,33868,2876,1,2014-07-10
33867,33868,33577,11,2014-07-10
33869,33870,16229,1,2014-07-10
33871,33872,16231,1,2014-07-10
33873,33874,16227,1,2014-07-10
33875,33876,16233,1,2014-07-10
33877,33878,16240,1,2014-07-10
33879,33880,16236,1,2014-07-10
33881,33882,16238,1,2014-07-10
33883,33884,16242,1,2014-07-10
33890,33891,25590,4,2014-07-10
33890,33891,25595,4,2014-07-10
33890,33891,25601,3,2014-07-10
33892,33893,11475,1,2014-07-10
33892,33893,25609,1,2014-07-10
33892,33893,25614,1,2014-07-10
33892,33893,25620,1,2014-07-10
33894,33895,25590,22,2014-07-10
33894,33895,25595,22,2014-07-10
33894,33895,25601,17,2014-07-10
33896,33897,11475,1,2014-07-10
33896,33897,25609,3,2014-07-10
33896,33897,25614,2,2014-07-10
33896,33897,25620,2,2014-07-10
33898,33899,25590,111,2014-07-10
33898,33899,25595,111,2014-07-10
33898,33899,25601,83,2014-07-10
33900,33901,11475,1,2014-07-10
33900,33901,25609,17,2014-07-10
33900,33901,25614,14,2014-07-10
33900,33901,25620,11,2014-07-10
33902,33903,25590,556,2014-07-10
33902,33903,25595,556,2014-07-10
33902,33903,25601,417,2014-07-10
33904,33905,11475,1,2014-07-10
33904,33905,25609,83,2014-07-10
33904,33905,25614,72,2014-07-10
33904,33905,25620,56,2014-07-10
33915,33916,34,24444,2014-07-10
33915,33916,35,20000,2014-07-10
33915,33916,36,89,2014-07-10
33915,33916,37,33,2014-07-10
33915,33916,38,2,2014-07-10
33915,33916,39,22,2014-07-10
33915,33916,40,11,2014-07-10
33981,33982,34,333,2014-07-10
33981,33982,35,1667,2014-07-10
33981,33982,37,1111,2014-07-10
33981,33982,39,333,2014-07-10
33981,33982,40,133,2014-07-10
33981,33982,33539,11,2014-07-10
33983,33984,34,333,2014-07-10
33983,33984,35,1667,2014-07-10
33983,33984,37,1111,2014-07-10
33983,33984,39,333,2014-07-10
33983,33984,40,133,2014-07-10
33983,33984,33539,11,2014-07-10
33985,33986,34,333,2014-07-10
33985,33986,35,1667,2014-07-10
33985,33986,37,1111,2014-07-10
33985,33986,39,333,2014-07-10
33985,33986,40,133,2014-07-10
33985,33986,33539,11,2014-07-10
