date,baseline_payout,baseline_ratio,adjusted_payout,adjusted_ratio
2018-01-01,208126649262.45,,202939987544.495,
2018-01-02,89513195858.63,,84134019122.616,
2018-01-03,122536530727.26,,117442672583.259,
2018-01-04,123233836444.18,,117728378713.073,
2018-01-05,106067343509.84,,101323825013.92,
2018-01-06,119530245250.17,,113783149731.835,
2018-01-07,128782860021.73,,123022039721.831,
2018-01-08,88130740008.07,,82306259875.576,
2018-01-09,88939198082.08,,83118498493.141,
2018-01-10,109029141645.98,,104382556135.296,
2018-01-11,134149879806.99,,129025827715.58,
2018-01-12,103979308479.26,,98384179020.993,
2018-01-13,123362726741.32,,117966186050.768,
2018-01-14,160049352724.5,,154070852804.472,
2018-01-15,127144005921.65,,121709657977.661,
2018-01-16,173133457390.09,,167241223902.079,
2018-01-17,208635799777.15,,203314188231.67,
2018-01-18,103280147592.49,,101083745358.376,
2018-01-19,144306586847.99,,137493876497.03,
2018-01-20,162793171530.1,,157025247135.077,
2018-01-21,132817238670.85,,127617273720.697,
2018-01-22,145369286720.22,,139965506960.374,
2018-01-23,107911182646.11,,101590430195.295,
2018-01-24,151122966650.29,,144637213302.239,
2018-01-25,133773311889.86,,129009040517.919,
2018-01-26,106561755863.36,,101490889035.649,
2018-01-27,106240812178.8,,101116052027.665,
2018-01-28,132788141120.34,,128124984701.14,
2018-01-29,104286985735.15,,98954336077.15,
2018-01-30,112177329949.35,,106705423580.177,
2018-01-31,129628505366.62,,124000010234.02,
2018-02-01,124040870558.43,,118963124954.241,
2018-02-02,132444907529.07,,127230902152.292,
2018-02-03,177676919199.22,,172592373986.966,
2018-02-04,161838608047.5,,156608366718.186,
2018-02-05,112172227705.29,,106793274689.633,
2018-02-06,367721161039.1,,362415678424.211,
2018-02-07,121397223560.23,,116746091205.738,
2018-02-08,101366845632.14,,96506812566.276,
2018-02-09,103782482782.21,,98915046383.1755,
2018-02-10,236168912542.82,,230886133637.372,
2018-02-11,167163380319.94,,162343975445.098,
2018-02-12,115764124593.92,,111599500088.594,
2018-02-13,110388369139.28,,107634405059.371,
2018-02-14,121215522060.73,,117851773333.679,
2018-02-15,97833169845.4,,94007402583.7285,
2018-02-16,161724970376.25,,157167933071.151,
2018-02-17,179909875398.8,,175119051494.886,
2018-02-18,146150560265.13,,141951052320.685,
2018-02-19,126781428799.95,,122028985038.125,
2018-02-20,169837290883.46,,165290036028.73,
2018-02-21,164152076029.08,,160916706396.203,
2018-02-22,120892950530.78,,116356655559.195,
2018-02-23,180917920414.18,,176390661344.364,
2018-02-24,274265169030.54,,245756353585.983,
2018-02-25,149616345019.76,,144231918819.712,
2018-02-26,156116574457.67,,152306264978.116,
2018-02-27,206304697935.64,,200425077353.934,
2018-02-28,128728507116.33,,123850265727.943,
2018-03-01,149468912930.44,,143697702441.834,
2018-03-02,150549103916.57,,120791634786.319,
2018-03-03,244624220568.59,,239333801296.515,
2018-03-04,212251190005.88,,207134962905.602,
2018-03-05,182363361252.76,,176286242209.16,
2018-03-06,146959975357,,141816183013.532,
2018-03-07,135460950042.5,,130877845466.934,
2018-03-08,107213400433.89,,101298076744.873,
2018-03-09,136240787946.87,,130270447283.789,
2018-03-10,262106031399.7,,235358196632.328,
2018-03-11,155534403265.97,,149181695811.251,
2018-03-12,127136379711.8,,120494900209.248,
2018-03-13,118453414117.41,,113741034826.257,
2018-03-14,107666021376.38,,104101279421.963,
2018-03-15,124462160057.13,,117749210472.512,
2018-03-16,123217796320.45,,117686174667.501,
2018-03-17,242893358869.75,,236853261693.535,
2018-03-18,174302697422.4,,168828429058.173,
2018-03-19,108396861723.9,,102786030977.335,
2018-03-20,128583894246.02,,122937538225.999,
2018-03-21,141211303880.46,,135096066966.011,
2018-03-22,109836525144.87,,103409057500.802,
2018-03-23,135814437289.87,,129596064442.485,
2018-03-24,250892744433.62,,245500419081.088,
2018-03-25,201933490201.87,,196328814343.207,
2018-03-26,127399982524.66,0.864332248235982,121588352293.227,0.86009582912752
2018-03-27,85512198826.36,0.583956239757483,81147561695.514,0.577984045115234
2018-03-28,155027385871.61,1.05901457780891,148394151937.997,1.05722433834133
2018-03-29,162403205383.67,1.10647627483276,156842564468.267,1.11448880634613
2018-03-30,126379581233.4,0.858315316671897,119804788044.628,0.848499014506906
2018-03-31,218895652396.28,1.48420686623578,212106687999.634,1.49987594455142
2018-04-01,247062907957.68,1.66186365963248,241144389727.051,1.69121268709803
2018-04-02,140339298019.91,0.935132321257721,135063131840.218,0.937984721640163
2018-04-03,108904159231.17,0.722675487934087,104050773775.164,0.719472347892166
2018-04-04,142653638847.11,0.945142473884445,137597143678.673,0.94979642461725
2018-04-05,108906783983.45,0.719646287314606,104526327324.657,0.719553424992023
2018-04-06,132238751814.19,0.875560499724299,126410688732.388,0.871954842171201
2018-04-07,190883687695.29,1.26104311072696,186627547177.353,1.28436241925857
2018-04-08,135685954852.17,0.891652995649282,131070803558.457,0.896977638577481
2018-04-09,179679318815.41,1.18300782965749,175180343233.072,1.20109006660179
2018-04-10,76789065768.63,0.503505547261741,71231789468.5425,0.48626469301395
2018-04-11,95740992725.12,0.632530246118688,91254164227.8365,0.627846451180787
2018-04-12,161879331277.38,1.0790665247643,156084760101.78,1.0838416487614
2018-04-13,101664464398.08,0.674545317538301,96977056722.711,0.670353992168493
2018-04-14,143294158566.15,0.953972187814901,137942221034.253,0.956715605827524
2018-04-15,229713390328.59,1.53167003379521,225378736678.966,1.56560936355327
2018-04-16,175318008812.67,1.16005311808426,170804222996.319,1.17698815155214
2018-04-17,132711444566.62,0.876065092420599,129243833952.827,0.888353909356491
2018-04-18,214429685697.78,1.41275647200952,209712450100.616,1.438198361251
2018-04-19,147040755443.72,0.963982208844044,142116737601.762,0.969479326548657
2018-04-20,362646583100.56,2.37500985027946,357153173528.788,2.43380501442642
2018-04-21,152067257071.94,0.976409360728192,145954013565.327,0.974388108604425
2018-04-22,183868710923.78,1.17648231341183,178389818112.521,1.18670047978163
2018-04-23,381295306791.08,2.43025865380668,375909757963.341,2.49074521131708
2018-04-24,405845457522.55,2.53348337122199,375018846335.177,2.43171825821196
2018-04-25,223497943713.04,1.36538393887669,193706301741.443,1.23055397057061
2018-04-26,91887719191.59,0.557550104516628,87728799361.746,0.554390336070411
2018-04-27,137393748993.96,0.83560929214716,131466391539.738,0.832740915099551
2018-04-28,135587110251.49,0.824326206166195,130570520300.302,0.826802171989934
2018-04-29,126255188436.24,0.769936598885959,120756434010.026,0.767087098476789
2018-04-30,135852361226.34,0.830608332920433,131561781971.519,0.837998460952506
2018-05-01,160751731136.76,0.981153256973751,155694935625.26,0.989858342898443
2018-05-02,218851561059.77,1.35616221385602,213511540084.045,1.37901377515513
2018-05-03,432504420578.28,2.66097906453475,426483155065.246,2.7341971731219
2018-05-04,154695775295.39,0.929226891412659,149106104249.993,0.932441051516317
2018-05-05,135273636092.59,0.809614314059403,129580798673.785,0.807322148612463
2018-05-06,189947726113.04,1.14507108037926,184208986590.077,1.15635863699358
2018-05-07,152343081054.77,0.916877950446842,147812510960.234,0.92636869759668
2018-05-08,140227147393.99,0.841752015930718,133890481050.88,0.836855686149914
2018-05-09,132321557497.97,0.792606442314297,125988281806.942,0.785929122638122
2018-05-10,105403115842.91,0.63086528902748,102297488210.96,0.637757917017623
2018-05-11,116853597723.13,0.699022385541209,110121561365.774,0.686113744762643
2018-05-12,212259234109.47,1.27381277308246,206241551941.75,1.2894902832993
2018-05-13,150969837122.63,0.903913011192719,144664275079.479,0.902398386706001
2018-05-14,248500002467.37,1.48735175391791,241937258436.385,1.50887156779143
2018-05-15,270883222883.65,1.60738178718226,266367992596.153,1.64657794620641
2018-05-16,196758567084.05,1.15926201100697,190601055980.728,1.1695184401648
2018-05-17,263738392744.47,1.5503480093283,256689803974.258,1.57162781134855
2018-05-18,148857209859.95,0.866374968642126,142754289844.865,0.865188097422947
2018-05-19,173770746355.27,1.01362779266845,167967997645.232,1.02047690861915
2018-05-20,381371769065.23,2.2402255724948,374960436350.084,2.29093301902075
2018-05-21,223624193802.11,1.29264703742572,218210215688,1.31121554374144
2018-05-22,199598109024.63,1.14843054844563,192600368629.616,1.15189654400978
2018-05-23,307140416612.04,1.76801047681386,301175107474.387,1.80226004546562
2018-05-24,384217181429.8,2.18497796501264,351792513791.411,2.07889770760545
2018-05-25,130579804321.25,0.730968262333415,123396224700.61,0.718681725448944
2018-05-26,228911532102.14,1.28312366410274,222744962659.514,1.2970723398808
2018-05-27,243718351309.96,1.36755459936926,238125190112.297,1.38822981336417
2018-05-28,159221697174.5,0.891552164300292,152877324266.797,0.889336300425784
2018-05-29,250616787393.26,1.40548151555065,244292131242.968,1.42343308413343
2018-05-30,134567050521,0.749477427543248,129858917167.689,0.751316882223421
2018-05-31,130877466101.57,0.728971321603599,124933072632.593,0.722868452630357
2018-06-01,407913226200.04,2.26846679648284,402240211304.843,2.32359734782299
2018-06-02,149458318293.35,0.816475185779471,145040964980.986,0.822466813564624
2018-06-03,130082855608.52,0.715873534780282,124989390046.327,0.713110559437175
2018-06-04,184233794348.42,1.0155710392685,179176439650.659,1.0239501797486
2018-06-05,108331525772.09,0.594937893467693,104610428111.241,0.595446207307402
2018-06-06,182205437340.7,1.00130318433506,176480704096.801,1.00515622752205
2018-06-07,249211067656.64,1.36288398072129,243442535922.422,1.37976987238861
2018-06-08,114904534105.53,0.623326724763185,110311588700.898,0.619959966910023
2018-06-09,200887093127.77,1.09034475525251,195672514256.477,1.10023806745104
2018-06-10,154914138200.67,0.843108052673557,148794921330.685,0.838964865532738
2018-06-11,180997550322.82,0.986303972376604,171500321966.079,0.968289014694088
2018-06-12,132134076874.54,0.716658564777081,123392974463.441,0.693472582473272
2018-06-13,141132482419.14,0.765287993404008,132383232322.213,0.74397545818266
2018-06-14,121482040000.68,0.658737223904796,112139923552.383,0.630325264573689
2018-06-15,96326738071.85,0.521940046759823,87204116403.5355,0.489877837515582
2018-06-16,174393923632.59,0.947354983468201,169470220669.587,0.954722548267852
2018-06-17,212923324309.1,1.1624077427627,206950860356.253,1.17184772796131
2018-06-18,118934695264.2,0.648834207336949,113200879069.646,0.640535033003818
2018-06-19,129009355905.6,0.704182474878878,123370690710.569,0.698474456312671
2018-06-20,180885608672.27,0.984560093653762,175060469837.342,0.98830830945946
2018-06-21,89500461307.3,0.48633599448391,84774348347.06,0.477739519377758
2018-06-22,110823082067.82,0.605054298262635,105998318700.999,0.600247784587052
2018-06-23,273291546508.36,1.49358404139127,267743476574.329,1.51759154034151
2018-06-24,128363031583.43,0.699051452655093,123570517833.998,0.697787981015442
2018-06-25,119142448878.86,0.653869024900386,115512806275.329,0.657483714719788
2018-06-26,192482817107.54,1.0578353515999,186539495350.709,1.06316671187543
2018-06-27,115681750295.03,0.632299201595727,110054323453.293,0.623754604560056
2018-06-28,106458018937.58,0.582906692280796,102061710336.072,0.579531885432217
2018-06-29,152077377409.84,0.832826630071356,146322239577.983,0.830992672825135
2018-06-30,216561179424.34,1.18442961335886,211138216457.522,1.1974832439493
2018-07-01,101065158023.57,0.551829142093511,96684368882.406,0.547445300813734
2018-07-02,128960304611.11,0.705728511225124,123213104100.988,0.699276894536081
2018-07-03,157136337385.52,0.862771187763521,151297994224.487,0.861693829186394
2018-07-04,155430720405.65,0.848947812794808,149609458504.37,0.847476409841003
2018-07-05,100207446952.56,0.545207493502184,95417983779.9005,0.538385196667182
2018-07-06,146353094192.98,0.799469721498973,141590259901.113,0.802175968798441
2018-07-07,120079408111.64,0.65404609354202,115053993550.118,0.649879954922148
2018-07-08,125231445017.78,0.683136432849285,119923959136.305,0.678432017207537
2018-07-09,87518817448.34,0.480675812336429,82620577690.01,0.470743158329919
2018-07-10,117705296641.95,0.650200285992852,112449413793.688,0.644552778087877
2018-07-11,205003780027.41,1.13355293094986,201063293035.87,1.15380407816
2018-07-12,122738841018.1,0.679096520742939,118034067032.273,0.677740343731589
2018-07-13,167730469696.07,0.929516672142708,143032088166.256,0.822630805292238
2018-07-14,315521009199.03,1.77130927695874,311220662114.817,1.81657804645591
2018-07-15,312597887978.97,1.73593574873255,308257640394.014,1.7788547578517
2018-07-16,97540861421.72,0.537098392138907,91243619832.9245,0.521881223534771
2018-07-17,79016449432.82,0.443342186203833,72933030320.5875,0.425396682804765
2018-07-18,79608058036.28,0.456630001284114,73562746514.1975,0.438262588398016
2018-07-19,426799586114.16,2.47240549961199,421889727807.022,2.53508167519513
2018-07-20,147975813344.08,0.837856861005535,142664342716.911,0.837238580631213
2018-07-21,138869439356.86,0.785735013542929,133123312382.611,0.780635463481344
2018-07-22,154979862640.6,0.876695318812145,150574993711.566,0.882814844145617
2018-07-23,212757696845.59,1.20121128288126,207569786183.169,1.21444534732772
2018-07-24,178175442696.2,1.00078977197859,172959830888.298,1.00662090768648
2018-07-25,197625339123.32,1.10874569316575,194546795395.098,1.1309035868937
2018-07-26,118830322579.02,0.667625210026595,113725771852.216,0.661958463904757
2018-07-27,331582601200.37,1.9028546139345,327296414984.781,1.94728104620198
2018-07-28,442198484218.29,2.50734637147125,437531513677.356,2.57069064666575
2018-07-29,107285889690.33,0.59598300517319,102781309766.425,0.591152211568504
2018-07-30,80195696375.99,0.447943209414095,74917255315.3555,0.433306476540994
2018-07-31,128651314187.68,0.722062273417447,123598742287.242,0.718476664887104
2018-08-01,626806939367.23,3.52071004438813,621732578145.157,3.61669311629035
2018-08-02,309472307334.19,1.68263741198037,305026136815.447,1.71547955905573
2018-08-03,118982460045.66,0.638487931381836,114489017121.66,0.635268283840209
2018-08-04,156722641589.54,0.840896281338878,152152492711.679,0.844009127462684
2018-08-05,153310444945.83,0.825516560230077,148468080472.932,0.826523478502698
2018-08-06,105860292429.47,0.569930604988696,101583109289.713,0.565371788754731
2018-08-07,240486300108.88,1.3066759319364,235776200584.92,1.32455563852085
2018-08-08,503571413437.96,2.74153231924096,497990923684.317,2.80337454097355
2018-08-09,159621412187.62,0.852064021126798,154579765943.521,0.852622371351222
2018-08-10,190446163358.96,1.02337860073181,184829150758.507,1.02635182632802
2018-08-11,163078424051.22,0.873990484657962,157401230854.263,0.871620888736255
2018-08-12,186883020135.33,1.00225080387871,181217384003.458,1.00420411464523
2018-08-13,141948846976.38,0.770841161184821,136661133377.028,0.767103044733904
2018-08-14,110677900258.02,0.604217286782645,105429368998.814,0.595036231791808
2018-08-15,155959189975.43,0.856367699331395,150670789494.35,0.855385737244196
2018-08-16,102283804456.1,0.567243404002803,96170936680.9205,0.551590799211249
2018-08-17,153067900948.7,0.864981186368307,147399092799.732,0.860428966097537
2018-08-18,140482149851.02,0.792660384466,135555293696.831,0.789974151330858
2018-08-19,141949917652.37,0.805728148977874,112147660842.914,0.657539178199362
2018-08-20,188999959513.39,1.08021942032372,184042179857.378,1.0886405207273
2018-08-21,86383861480.44,0.492724128962313,80949263163.035,0.477780008318802
2018-08-22,143032768320.07,0.825044198325421,137871203595.517,0.823193533411002
2018-08-23,193591735629.52,1.11603055980494,188225783592.955,1.12320810852024
2018-08-24,122944592557.88,0.705721738740365,117352052270.078,0.697145555083473
2018-08-25,169513382613.72,0.992358684900235,163868675564.595,0.993500638413338
2018-08-26,180059215909.28,1.05262445615806,175432221378.839,1.06216455172288
2018-08-27,133441166805.56,0.777391930989982,127958428074.815,0.771925136390252
2018-08-28,121112443999.85,0.708062414440603,116562600054.105,0.705774451639187
2018-08-29,161134228922.8,0.941205438781951,156254417818.401,0.945289887935023
2018-08-30,185358115773.93,1.08428896613163,180926107317.832,1.09614256777907
2018-08-31,105227411602.02,0.618297928737866,100840035721.887,0.613707540013202
2018-09-01,118629548206.11,0.697518710088578,113892267112.904,0.693618766522123
2018-09-02,155210866421.22,0.917894848334438,150222983123.931,0.920334409312412
2018-09-03,339380596376.04,2.00700634314452,334951323195.249,2.05185064078478
2018-09-04,156149042148.78,0.913240778193777,150635075127.972,0.91189329272756
2018-09-05,173040835887.88,1.01034342744189,167595544346.483,1.01257821949261
2018-09-06,86080540116.29,0.501491107630669,81902354700.7215,0.493587280921206
2018-09-07,106497896976.16,0.621966380023607,102691128587.103,0.620217007202678
2018-09-08,168402058749.33,0.982802534687018,142912489548.717,0.862179318832906
2018-09-09,115634911833.63,0.675131975344352,109748270097.275,0.663367604650489
2018-09-10,119246775441.81,0.700959723414753,114041175808.804,0.694171209034789
2018-09-11,130050308054.85,0.764448655516272,124497536211.74,0.75777316850394
2018-09-12,510620379213.62,3.00125879345876,478779594926.85,2.9139268171941
2018-09-13,103868072125.45,0.596734365516076,99089525658.0345,0.590088871483779
2018-09-14,57458086575.68,0.329779444846654,52356417056.578,0.311472040357112
2018-09-15,132652714816.03,0.764143666056773,127527246855.216,0.761561846058728
2018-09-16,202677437638.81,1.17888980581538,198645691864.6,1.19820808330168
2018-09-17,120145338913.72,0.695257412107026,116697589727.653,0.700132088866934
2018-09-18,298107085921.25,1.72496781280904,294333559643.097,1.76571713141202
2018-09-19,369308349774.62,2.12153076452275,364952152660.855,2.17263482124593
2018-09-20,221967804503.34,1.25337755826973,217432047119.346,1.27144875016781
2018-09-21,121380067807.14,0.680111486849648,115703270519.434,0.671192179542487
2018-09-22,171012873494.32,0.960177952264979,166892308444.443,0.970190175709311
2018-09-23,147175628029.39,0.828863563718356,141526208760.542,0.825257161182158
2018-09-24,141125980145.76,0.792343642438287,135312949261.148,0.786578370618901
2018-09-25,98688782003.96,0.553632272449597,94534245684.33,0.549070741724382
2018-09-26,117153834969.11,0.659794440253323,110930777444.993,0.646843355121187
2018-09-27,141779428300.17,0.800536854786873,138086920978.805,0.807360032335939
2018-09-28,97046715454.7,0.546433162421724,91762045998.7335,0.534921277306878
2018-09-29,139695988321.5,0.789183307082288,135649474651.141,0.793504302890624
2018-09-30,334495004519.21,1.88716994928653,330598979738.773,1.93112434916266
2018-10-01,224854793046.94,1.25101335993333,220472952210.9,1.26925159665608
2018-10-02,183604668316.17,1.01230388423407,177906727690.595,1.01461420368817
2018-10-03,85755325637.83,0.470775469815975,81642969553.827,0.463555321076509
2018-10-04,73716291578.35,0.407862790838555,69063900359.807,0.395324503708
2018-10-05,125991850409.39,0.699354968975216,120607103539.354,0.692671279405748
2018-10-06,252916759932.33,1.40777196966131,248628919774.586,1.43011947267387
2018-10-07,197551889669.28,1.10418352032788,192670621787.927,1.11301646626873
2018-10-08,99790614618.79,0.562065772541235,93386447824.989,0.543795957254156
2018-10-09,89346256282.89,0.50316252990841,85758433643.1575,0.499303316353995
2018-10-10,279321503436.56,1.57193882667798,275413857929.31,1.60209218843604
2018-10-11,105468519858.33,0.585708801930392,101090953720.357,0.579943062915136
2018-10-12,90725472554.89,0.514770457470412,85948176825.406,0.504116088549823
2018-10-13,180926433532.07,1.03055008993605,176247825650.885,1.03786527605854
2018-10-14,96878944392.03,0.550249558868738,92068359491.927,0.540526082015602
2018-10-15,76357650314.93,0.435403960735646,71707715234.661,0.422718901510571
2018-10-16,110154025458.18,0.633986717004617,105681000953.051,0.62898952513766
2018-10-17,153917573507.05,0.890013960687689,148692695020.346,0.889224382153137
2018-10-18,118136776900.22,0.685176386850634,113246312344.247,0.679463113280896
2018-10-19,130263934817.32,0.755548346519501,125991498119.689,0.755958455524988
2018-10-20,204566676593.4,1.20324036526024,198902164344.635,1.21083870536921
2018-10-21,119926689974.83,0.717332707731004,115375277035.105,0.714719881637663
2018-10-22,165891719130.78,0.991376803874531,159971875910.835,0.990064692659727
2018-10-23,180883149869.95,1.07441590650046,176884247269.319,1.08791757942328
2018-10-24,137065998864.58,0.81115335640223,134168828737.792,0.821991530066388
2018-10-25,156228069572.65,0.957594178282206,152043541332.735,0.965847812219738
2018-10-26,129538149309.08,0.802978364018234,123974056771.349,0.79675586399972
2018-10-27,396352897008.01,2.45499169508421,391322353110.141,2.51312482934751
2018-10-28,182596842910.28,1.11135904957495,178818479125.897,1.12777443792648
2018-10-29,119566703117.67,0.726190860259336,115529269746.51,0.726964760924106
2018-10-30,149240462123.54,0.905517661861746,144704508735.224,0.909598882857404
2018-10-31,181723580130.49,1.10992462443098,176946932984.054,1.11990397123635
2018-11-01,171166453937.39,1.07049597328002,149494588787.455,0.969611225625292
2018-11-02,132163978331.27,0.82585982592643,127690622407.588,0.82851756942625
2018-11-03,216401766669.84,1.35812912416428,211793081175.982,1.3803064886557
2018-11-04,148503325203.8,0.928302779802324,144618910825.728,0.938555494047798
2018-11-05,175361662783.01,1.09933561327058,171020456533.17,1.11304489858442
2018-11-06,93708584835.99,0.585994320040303,89140378567.2455,0.578608064189873
2018-11-07,123640202290.34,0.774145717709895,118599176869.759,0.770794624166717
2018-11-08,335924766740.93,2.10839764269736,330663857940.333,2.15438210278505
2018-11-09,152597619746.57,0.941330242109147,124384720555.28,0.795930299342451
2018-11-10,115883107039.76,0.714873802465674,111455572172.855,0.714450024653017
2018-11-11,175899797264.61,1.08707590813242,171616018554.171,1.10211606702941
2018-11-12,219220927977.22,1.35142866378915,214729722205.467,1.37275057264769
2018-11-13,97832215486.54,0.60177044128963,92946287036.3165,0.592813928380217
2018-11-14,159186522137.44,0.978343423146227,154482304291.398,0.984395601609983
2018-11-15,176374168273.83,1.08269723168346,171476312497.586,1.09131002584607
2018-11-16,86914270783.76,0.53420743780578,82376042362.4795,0.524923973321227
2018-11-17,180365596657.11,1.1115244464867,175329648178.494,1.12022353086775
2018-11-18,85571478455.66,0.526924895529205,81313530905.2295,0.519079310100726
2018-11-19,476710271504.24,2.9559209338242,472037643587.986,3.03504444464919
2018-11-20,156044145839.99,0.943665769851065,153197638291.583,0.959733100053695
2018-11-21,114476930150.83,0.690554379944634,109052926961.271,0.6813194063195
2018-11-22,124341597903.74,0.752582189234225,118938859565.008,0.745700697855013
2018-11-23,117292736086.25,0.713053618210952,113292231698.266,0.713600079210354
2018-11-24,140679911699.74,0.854484324296945,134701488467.146,0.847660269227318
2018-11-25,195905832054.8,1.18803017724141,190211651642.378,1.1951159516823
2018-11-26,99720123883.97,0.60296049716024,93708725275.4775,0.587024028369803
2018-11-27,91955600584.93,0.565772431758285,87987219387.7145,0.561280412263406
2018-11-28,235414817526.76,1.45527216926077,207741127248.794,1.33153903874675
2018-11-29,115036611033.73,0.707876601459613,109678475743.102,0.700849042385972
2018-11-30,117681493860.27,0.722619040465045,112143203366.154,0.715087766247467
2018-12-01,143155708216.67,0.878324494284889,138923193659.006,0.8852167964909
2018-12-02,150155144316.29,0.922971152273747,146222113057.302,0.932007457012877
2018-12-03,154548660371.24,0.94758349846629,150671342337.992,0.957715863988666
2018-12-04,120746306418.92,0.73842853993908,117420768790.386,0.744301374214196
2018-12-05,95465232174.11,0.584216917820511,91065336553.868,0.577549195528253
2018-12-06,92138332840.94,0.581443365626702,87833461880.556,0.573850562599326
2018-12-07,98065296642.89,0.619391564707053,94416190902.933,0.61739864109636
2018-12-08,228371810063.52,1.43803153531709,224429820043.849,1.46278367739422
2018-12-09,136783206278.45,0.855172235274204,131135531094.121,0.848333686238264
2018-12-10,120648386017.44,0.758014543398444,115404366321.152,0.750468462371546
2018-12-11,221336866932.22,1.39057186903297,217037406276.856,1.4115240375661
2018-12-12,306003768187.98,1.9336029674653,302299326699.989,1.97786997431796
2018-12-13,141589123786.48,0.898966498300721,137685904288.917,0.905262633754002
2018-12-14,74676627972.86,0.47702910170898,70850025488.107,0.468753403846884
2018-12-15,422015126915.44,2.70541192419011,418372153068.436,2.77782054442655
2018-12-16,212974240728.33,1.33965144071092,208423896825.717,1.35687814384264
2018-12-17,156384429166.84,0.978866881337954,152202635456.791,0.985756457319417
2018-12-18,88456378858.53,0.55305174795017,84500855461.621,0.546566963406127
2018-12-19,84569934140.54,0.529155720894418,80455126395.009,0.520800816023968
2018-12-20,222276389526.85,1.39417150942433,217910733469.426,1.4138967615584
2018-12-21,102861252081.56,0.641316019020792,98203114016.9015,0.633278535263317
2018-12-22,316380102153.93,1.97170552477046,311790284616.911,2.00963594687357
2018-12-23,130603873694.78,0.803402196957682,126136586512.375,0.802168208104993
2018-12-24,109032307851.81,0.680872223327932,104650207461.495,0.675989152564249
2018-12-25,138846007842.7,0.874579829326268,134379769896.045,0.875828276818315
2018-12-26,112926105567.91,0.713707885655689,107773695679.166,0.704801876126441
2018-12-27,292169011139.25,1.84277946492424,287647957147.328,1.87729688199661
2018-12-28,90093131799.8,0.559068540210969,85973524929.568,0.551725127917777
2018-12-29,152077676560.36,0.946219985527776,146747992787.708,0.944236599895679
2018-12-30,170665693929.72,1.06986480916363,165574150176.174,1.07375144851848
2018-12-31,118798979063.18,0.74622132261108,113476385353.36,0.737439135367154
2019-01-01,109730289727.45,0.688279125524755,104509974372.264,0.67811593909464
2019-01-02,125036251590.71,0.783093235150845,120023593959.774,0.777650112438746
2019-01-03,159182676446.78,1.00855156525713,154321611455.034,1.01200140606039
2019-01-04,173736818582.34,1.096322170834,168964224415.959,1.1034384107155
2019-01-05,132296995355.78,0.829652969908934,127499143739.96,0.82730686976545
2019-01-06,117791603492.42,0.741379205130629,113883915287.791,0.741754605314134
2019-01-07,104846325882.41,0.658869336490132,100728709301.373,0.654963533893483
2019-01-08,109197496558.33,0.684753320383843,105287493010.498,0.683071412009703
2019-01-09,114345649790.36,0.717087454305801,111510531839.249,0.723466475463165
2019-01-10,142757710504.11,0.897918675017813,112136859052.714,0.729625364573909
2019-01-11,78699563532.94,0.494094287642635,75307990966.111,0.490038183640177
2019-01-12,175009776804.3,1.10300329583409,170427530948.136,1.1133638346024
2019-01-13,185325250694.07,1.17061283230514,181534913965.194,1.1885578760305
2019-01-14,192860757163.93,1.21224954240519,189157360018.987,1.23211042415595
2019-01-15,110636609440.97,0.694019174950104,106650022384.744,0.693115441215933
2019-01-16,147019884730.25,0.927113580265994,118493686655.422,0.774294539342492
2019-01-17,106742439815.15,0.672619697544078,102765922848.018,0.672341640465861
2019-01-18,99049358881.89,0.626468611601267,95287243602.29,0.625814613953662
2019-01-19,104890785912.07,0.664941023604406,100622910920.965,0.662343068031226
2019-01-20,178810705134.38,1.15904095753503,173924713432.953,1.17153429256157
2019-01-21,117468271483.02,0.761645267678627,112343114174.035,0.757025710294492
2019-01-22,100986115852.33,0.654883711857411,96460552619.0185,0.650167017296684
2019-01-23,354086310826.35,2.30479630834005,349710245071.827,2.36629028696935
2019-01-24,253073975672.51,1.62558136106886,248384907878.614,1.65761112669739
2019-01-25,92610248573.36,0.591164877915734,87504026290.4885,0.579411035518121
2019-01-26,177778075626.58,1.13824338761428,172712930534.574,1.14725915029826
2019-01-27,197421281078.7,1.26774331992664,193250145898.448,1.2876585799531
2019-01-28,102385057187.51,0.65501746394193,78892705379.415,0.523655457897096
2019-01-29,227442079677.29,1.46321341234212,223460336249.971,1.49410933104295
2019-01-30,132236115784.83,0.842095580249242,130389048736.321,0.862589933538633
2019-01-31,122515812068.1,0.779687415839302,118302237229.475,0.781903506419559
2019-02-01,74559156347.55,0.4822902830363,70657051625.1905,0.474934545761572
2019-02-02,111281412272.29,0.724182312529746,107363317217.96,0.724778588361796
2019-02-03,149495636142.3,0.973214689357629,144958276856.763,0.978893182510083
2019-02-04,103914805009.51,0.677871198943119,99383740968.9325,0.672572875594615
2019-02-05,95654761876.88,0.62962616835312,91339088027.986,0.623929278365721
2019-02-06,140205463938.92,0.923028736436374,135853047127.778,0.928121522277598
2019-02-07,88057893651.2,0.580584077848554,84101556772.127,0.575437299324759
2019-02-08,98709484555.45,0.655355159692311,94457448244.195,0.650926773104002
2019-02-09,116538872343.01,0.773007943499888,112623362471.234,0.775343557602618
2019-02-10,111433101972.15,0.742885315819626,86071697331.72,0.595612428866018
2019-02-11,102141475214.13,0.67954653464417,98168073099.274,0.679052651895832
2019-02-12,145236086965.58,0.995796703261492,141119370985.995,1.00716539496282
2019-02-13,127433453966.14,0.874506215736942,123071562849.51,0.879260956224394
2019-02-14,148538747244.03,1.01826249460596,116479789518.385,0.831176293940559
2019-02-15,160021908430.03,1.09481987635944,155453357122.129,1.10951559024426
2019-02-16,146969102148.13,1.00202935948387,142442127113.625,1.01302169366383
2019-02-17,146311662558.99,0.997038005540148,142008392352.198,1.00927561775678
2019-02-18,145180425382.47,0.993325674302344,140881879004.659,1.00536964162679
2019-02-19,94433391988.75,0.643730411118129,90215961737.9415,0.641234686979957
2019-02-20,147212528338.5,1.00331173179885,143070637065.69,1.01672204398382
2019-02-21,106945863839.67,0.734132160696249,102990181903.524,0.735919257872618
2019-02-22,102152237848.51,0.701690156341403,98527021642.2575,0.704428401109182
2019-02-23,109852026112.73,0.755539945654735,106216574217.341,0.760286715336085
2019-02-24,218657726210.36,1.50799556117753,214895014029.531,1.54249417347758
2019-02-25,157658655975.29,1.08122810884434,153610520268.35,1.0961679102075
2019-02-26,140778105728.1,0.965215676934447,136964917055.913,0.977140551747971
2019-02-27,148399961883.56,1.01581244177704,144063583730.042,1.02608093706842
2019-02-28,169565371934.23,1.15570650025873,164733309515.154,1.16805041093713
2019-03-01,159830821644.66,1.08255770575551,155390346898.542,1.09469770677623
2019-03-02,127630785985.24,0.86017815590121,123001848296.548,0.862117795305047
2019-03-03,254568998545.84,1.72966916865007,249946697544.549,1.76682496759666
2019-03-04,97349919468.34,0.655201746697,94396539797.853,0.660665422510279
2019-03-05,117068927637.02,0.78939172506879,112802734427.831,0.790871576649029
2019-03-06,125578118418.93,0.853916132100102,121577795330.216,0.85987534705267
2019-03-07,194698775409.24,1.34355171985564,190411614491.97,1.36752054868893
2019-03-08,95723765881.92,0.657688486831492,91295487701.898,0.652734157760742
2019-03-09,124931581223.1,0.856891219534758,120788912821.334,0.86210266459817
2019-03-10,132782508382.57,0.933381674717627,127949560257.637,0.93689951665868
2019-03-11,89353580956.32,0.632345762149328,85655295754.336,0.631634409590852
2019-03-12,103086260478.44,0.733673719500463,98538511725.838,0.730907061000622
2019-03-13,99955418089.33,0.710510534210173,95180309325.8235,0.705123623842519
2019-03-14,105992377176.79,0.752443248187084,101200641338.731,0.748751624668746
2019-03-15,101129705961.34,0.725048350914327,96876056183.8845,0.724199996694584
2019-03-16,243086237347.29,1.74306179821992,238645289493.824,1.78421106380358
2019-03-17,95895541249.9,0.691952982685492,91556845488.643,0.689002501369352
2019-03-18,216495081503.44,1.56683398085518,211787177568.044,1.59873743785754
2019-03-19,95267313276.82,0.683150403761115,90456894017.2285,0.676328600807565
2019-03-20,66415017304.03,0.478032452756161,61639466813.2715,0.462675158160402
2019-03-21,92096322856.81,0.665530039044739,87471465749.4075,0.659291983236167
2019-03-22,76029951089.28,0.559049524974237,71847525741.783,0.551435524053797
2019-03-23,119779825562.11,0.881828657479968,115021170955.217,0.883937606396323
2019-03-24,199789428535.5,1.47504116377766,195045451851.78,1.50328762283547
2019-03-25,117788229635.34,0.867407674525142,113098960830.631,0.869344815236046
2019-03-26,171460609989.83,1.26276988228476,165132853401.077,1.26935161104989
2019-03-27,95950381944.54,0.702849563577177,91417783045.8385,0.698837982568945
2019-03-28,145535644920.65,1.06877919709342,138028887182.935,1.05790791623309
2019-03-29,124990347362.95,0.918995869072167,117726237781.835,0.903643742306683
2019-03-30,197329107620.38,1.45708619238174,193580970990.824,1.49287969438897
2019-03-31,95092811338.98,0.698177955099781,91220020929.613,0.699238714091444
2019-04-01,85586148778.18,0.629628569102055,81688977380.638,0.627477115110713
2019-04-02,116083006335.21,0.855426641853752,111550617039.76,0.858347614185431
2019-04-03,198588500874.65,1.46253398700664,195431523163.544,1.50292306877091
2019-04-04,130679554887.22,0.955352473113013,126500303718.736,0.965405458607461
2019-04-05,217968477747.79,1.59516803675151,214272612211.464,1.63312143169765
2019-04-06,150088906805.52,1.08523433046128,145243901135.552,1.09322104716726
2019-04-07,122369509997.04,0.886708313889396,117925409181.615,0.889607826363148
2019-04-08,140607881349.43,1.02442983234772,136077665629.414,1.03244308151353
2019-04-09,94658047396.95,0.692791980925057,89984095554.4495,0.686012745131572
2019-04-10,104929069658.52,0.769035134577334,101465745186.455,0.774717341759097
2019-04-11,102688012942.93,0.755384344007565,99487269875.5845,0.760788695072515
2019-04-12,73346087774.2,0.539733543998494,69330688147.078,0.530336716102006
2019-04-13,139030398769.2,1.02539508252569,134072238070.887,1.02799926507215
2019-04-14,200025853687.95,1.47084781380667,194945803556.841,1.49019755848034
2019-04-15,70591974415.65,0.518120923729284,66203628070.5925,0.50510509862943
2019-04-16,79448447530.54,0.585522649021163,74690777589.0195,0.572256578620585
2019-04-17,128265356815.12,0.947085290111033,123275984263.593,0.946379877821365
2019-04-18,103967391368.29,0.783221147011568,99184666802.808,0.777523021749468
2019-04-19,114623294166.34,0.875199016581937,110422708355.756,0.8778426012172
2019-04-20,195347928023.06,1.48858834485716,190693937063.862,1.51270471020542
2019-04-21,93247011893.35,0.709429213317714,89032064039.3215,0.705061311997007
2019-04-22,115254490326.63,0.885215781682349,111125963687.264,0.888759266813864
2019-04-23,79141677079.32,0.607135744049444,76121733112.655,0.606940993181902
2019-04-24,351386272365.89,2.73267245422638,346875954823.129,2.80497281254738
2019-04-25,95228479308.39,0.725849096480102,91150523506.047,0.722030865144007
2019-04-26,55288525926.29,0.422465428806508,51416740587.0725,0.40833306536962
2019-04-27,118812027953.25,0.909449405556824,114119031418.384,0.907943456429848
2019-04-28,118133537375.66,0.903635782338894,113042874106.463,0.898806311057162
2019-04-29,205918278121.14,1.5796366230687,200777266315.59,1.60122155599478
2019-04-30,117186718956.61,0.890663846330456,111927456471.314,0.88412320698509
2019-05-01,57827790010.98,0.438658695762322,53616912377.9395,0.422705549221964
2019-05-02,83858392449.86,0.640884130005285,80172274996.414,0.636979356170971
2019-05-03,137970348997.28,1.05483544162796,132811585879.977,1.05559797523042
2019-05-04,162100951239.25,1.23491020534235,157451109220.254,1.24690991330922
2019-05-05,116802188489.76,0.886155489737456,113131204521.11,0.892154740253943
2019-05-06,88825058031.86,0.673571805681235,83962156682.3655,0.660449306494547
2019-05-07,107907124367.29,0.819258428357361,103850224432.793,0.817977700187604
2019-05-08,72233466828.38,0.550271499013148,68445961266.083,0.541006170926086
2019-05-09,109358535854.61,0.837280202783693,106329140694.842,0.844782227454832
2019-05-10,172191072191.5,1.32306890782424,167749378598.124,1.33404519168026
2019-05-11,255222703502.86,1.95888063292138,249140484514.085,1.97901302656383
2019-05-12,83117939953.85,0.631697013703371,79565881297.808,0.625707322958511
2019-05-13,90606249369.26,0.692568006299182,86688019340.412,0.685724549079222
2019-05-14,83221032954.72,0.63929231012533,79672216411.637,0.633460557876948
2019-05-15,115927181126.51,0.891450429838431,111421025115.341,0.886775058846157
2019-05-16,134713901415.93,1.03889090079839,130416295451.361,1.04107606593105
2019-05-17,101559082645.73,0.781214964203373,97276537159.0235,0.774512170485416
2019-05-18,108308696140.93,0.833179742942595,103753955388.586,0.826183058911811
2019-05-19,255908922108.63,1.96889333303137,250937617640.566,1.99865940077109
2019-05-20,91724898713.58,0.703306691850293,88461109958.1555,0.702172357806747
2019-05-21,127960376105.57,0.987085340046019,122653496476.259,0.979609990567656
2019-05-22,89954360340.04,0.694724988177931,84966788203.6625,0.679538145975579
2019-05-23,95334001857.67,0.740250195277412,91401910099.219,0.735140637817251
2019-05-24,106639296534.69,0.833754703973081,102132816375.375,0.827257271478996
2019-05-25,161233306432.23,1.26686773282472,154934202226.016,1.26141683230093
2019-05-26,181868276647.35,1.42452652968015,177216918508.624,1.43838262892218
2019-05-27,114592588285.1,0.903699987244315,110617555154.434,0.90418249144704
2019-05-28,130367755814.63,1.02644449466007,124870861295.261,1.01907975319668
2019-05-29,109047728548.7,0.857513338418312,103736754181.086,0.8456113728868
2019-05-30,131742847554.69,1.03758549991318,125886146759.743,1.02794211102841
2019-05-31,235738728006.96,1.86766469783405,229864789768.609,1.88884305252315
2019-06-01,120829169617.37,0.944804859463248,116954008975.081,0.948180584493561
2019-06-02,177904274250.74,1.39162618277111,173829925497.151,1.40981219521425
2019-06-03,120347224740.84,0.937456794456104,116163637440.751,0.937966508901142
2019-06-04,116559805573.43,0.905352199805095,112402108869.956,0.904940092837521
2019-06-05,185716586840.13,1.44071707823893,181668297081.196,1.4606556114645
2019-06-06,107472993962.56,0.827182206260864,103290163117.336,0.823658521481494
2019-06-07,128314888330.58,0.987461045766259,124022476372.866,0.988786419442107
2019-06-08,123015462107.36,0.94432684380208,118741598353.433,0.944250993949925
2019-06-09,200519295967.66,1.55636194734845,196495315850.077,1.58050062931147
2019-06-10,104999388831.66,0.80716609390924,100622926099.801,0.801303830121301
2019-06-11,322338261824.71,2.50346857787367,317987314610.774,2.55924137929812
2019-06-12,216565560112.39,1.64738888236146,212050270790.242,1.67022229752381
2019-06-13,100188338485.39,0.751897160248614,96882244619.4275,0.752483950030388
2019-06-14,191304494735.41,1.43467184969008,186448586240.324,1.44688629179174
2019-06-15,130329925517.91,0.967441741983544,125411754708.099,0.963029789590195
2019-06-16,183420295729.44,1.36026448067023,178061472290.983,1.36602645931884
2019-06-17,120103119413.69,0.891986628804498,114610349909.454,0.880617196305764
2019-06-18,368463183921.87,2.73595707410682,364331400775.263,2.79898061482569
2019-06-19,94961682861.34,0.69305182782942,91921097142.9195,0.693549633786275
2019-06-20,137364848748.16,1.00260584343009,133791541768.998,1.00941876137289
2019-06-21,117689225129.07,0.859606652758267,112389226755.083,0.848267282740404
2019-06-22,167889966884.58,1.22705381157995,162804520270.836,1.22937054919733
2019-06-23,174327872432.42,1.27737832608941,168874196496.072,1.27874176976388
2019-06-24,110055912340.17,0.800893305321986,104703847936.414,0.787322529195387
2019-06-25,363742919058.77,2.64141204545246,359064086531.825,2.69443786000794
2019-06-26,161287591024.39,1.14668050103669,156715423671.411,1.1505611947015
2019-06-27,128965512957.82,0.919789231546826,124452802047.483,0.916800279672752
2019-06-28,166707888429.71,1.18914301623613,162207097599.433,1.19513757638565
2019-06-29,178421983766.88,1.2782649629583,173750387538.627,1.28606150880045
2019-06-30,114865505504.17,0.820944773970821,109437961378.848,0.808005693782796
2019-07-01,116731086811.48,0.834811098834049,111780457424.182,0.825917023822401
2019-07-02,104869099498.77,0.751506885746079,100179257065.186,0.741784090848082
2019-07-03,145206703098.38,1.03966622037553,140996204367.247,1.04307852614174
2019-07-04,141732847733.41,1.01132173307679,138023201034.935,1.0175419500491
2019-07-05,194557879588.2,1.3836607466879,190970900846.921,1.40314022140305
2019-07-06,167598035588.24,1.17981946329312,163167351587.98,1.18623507814395
2019-07-07,164523957917.03,1.15541308291226,160232179167.556,1.16197023005548
2019-07-08,133358345761.59,0.939332358961822,129720441277.136,0.943533125651806
2019-07-09,112326499128.48,0.78704857849961,108431481927.826,0.784371992310105
2019-07-10,86375072875.03,0.603557041824223,82222157011.227,0.593055690652614
2019-07-11,70815178220.02,0.496560615563196,66292672587.286,0.479850342943888
2019-07-12,75404139293.11,0.530206024332495,70440962246.161,0.511326434454514
2019-07-13,212979409382.72,1.50250254237525,208319211813.265,1.51741858978739
2019-07-14,168542229635.48,1.18725420989781,164099116253.988,1.19349074730719
2019-07-15,210627427919.06,1.47440324100598,205619254468.912,1.48580909320448
2019-07-16,155620620106.52,1.08076295578273,123650365242.556,0.886295732206452
2019-07-17,128231925948.37,0.884956774223611,124015518602.029,0.885322514179718
2019-07-18,109821818544.04,0.772059330745512,99996642516.887,0.727637894980487
2019-07-19,80044216421.51,0.562033113749856,69951569619.68,0.508621457939589
2019-07-20,153620938421.19,1.07642702921515,144325811083.801,1.04771945284471
2019-07-21,135542167637.21,0.946998720993007,124431277737.024,0.900945056199656
2019-07-22,197426173617.43,1.37737216606442,186653374280.78,1.35013899048328
2019-07-23,408837778035.9,2.85432890526086,396929407107.584,2.87464642667881
2019-07-24,120209175773.47,0.819386440922422,113728651336.301,0.803893625683028
2019-07-25,86718403243.72,0.588124875844083,83275953877.9565,0.585675472785353
2019-07-26,184156246997.17,1.24866074857589,179517927433.461,1.26221229569295
2019-07-27,124944451137.1,0.844031962439297,119578771903.301,0.837498631402971
2019-07-28,258044995480.38,1.74838481249668,251412078454.265,1.76640263258452
2019-07-29,142153743625.66,0.952313736768289,137739278117.967,0.956680907952259
2019-07-30,177234326902.99,1.18229653377173,175116928997.678,1.21090643210545
2019-07-31,258598560751.91,1.71561642373741,254385926524.263,1.74877979728911
2019-08-01,81981980266.2,0.536002343114623,77804214734.881,0.526849038560308
2019-08-02,112463004492.99,0.736858942294977,107309766033.707,0.728319795983314
2019-08-03,132591057751.08,0.872804405692188,126969335386.639,0.86597978910227
2019-08-04,335157110388.08,2.22763950148014,331789080418.012,2.28560183927293
2019-08-05,117335184419.28,0.764625776255345,113527020454.722,0.766207192367905
2019-08-06,151605280894.26,0.985905721459159,148949159675.992,1.00311223479374
2019-08-07,160724874829.52,1.03970705272508,156447770279.318,1.0477926967199
2019-08-08,157311502648.72,1.01412779734234,155185612551.271,1.03562162072776
2019-08-09,222231111452.66,1.43015970235099,217965859222.728,1.45172500040923
2019-08-10,154338105884.76,0.984138534415836,147868480719.513,0.975518044778827
2019-08-11,114329372138.65,0.726483998035645,107829160191.328,0.708914455819893
2019-08-12,64159786486.59,0.412104659701641,59885485590.974,0.398172275664216
2019-08-13,108398323810.15,0.697723811717709,103872148664.21,0.692200619246316
2019-08-14,107632622213.27,0.693835292108659,102858038823.909,0.686465443807456
2019-08-15,131231621257.53,0.8448160709061,126350644738.981,0.842056046729883
2019-08-16,70418418367.54,0.452081548533305,65310395517.573,0.434053550313812
2019-08-17,128931644305.51,0.83003031314564,122276527893.655,0.815025505392414
2019-08-18,203622319968.04,1.31412381104688,197398043931.778,1.31916110203753
2019-08-19,158758279164.75,1.02287373441158,153499934183.454,1.02415683485512
2019-08-20,237761837174.26,1.52671883944782,232345804750.723,1.54495690892298
2019-08-21,153322970354.96,0.976502468636002,147415697816.107,0.971954808062109
2019-08-22,185534577102.5,1.17770225574324,179055183245.409,1.17652954041774
2019-08-23,114445804328.02,0.72351701808337,108093443585.19,0.707314854780306
2019-08-24,204635788424.9,1.30560913133505,200059792179.269,1.32163820504982
2019-08-25,129175382084.58,0.818946661121844,122800142086.868,0.805976492855757
2019-08-26,106091045813.33,0.675079261444958,99766536057.9855,0.65742085918173
2019-08-27,121104517484.9,0.77144620220651,115036005684.262,0.759016780579416
2019-08-28,211335054261.98,1.34575867995971,205458916250.209,1.35535398030501
2019-08-29,365883718621.19,2.32539167301937,359467692496.583,2.36688390740497
2019-08-30,109465683786.99,0.682372905903979,104182439679.848,0.672476458753754
2019-08-31,112483391394.46,0.702166492878229,106885807201.992,0.690979589095918
2019-09-01,109938034981.74,0.686814914853536,104616851686.168,0.676929226486083
2019-09-02,321934513804.91,2.02485962987565,316172830563.846,2.06039642127323
2019-09-03,121209189007.03,0.750179468447854,115405419914.909,0.739690627895072
2019-09-04,87764603698.26,0.551357252577396,81694635061.8985,0.531842542083481
2019-09-05,94774795209.81,0.601188010712599,89957728606.283,0.591613267050407
2019-09-06,178917629242.01,1.13539811994003,174543341552.558,1.14851909676897
2019-09-07,182816562221.27,1.16122712360687,176634865411.221,1.16336656232773
2019-09-08,250186237563.02,1.58286831562107,244151032611.76,1.6016143251045
2019-09-09,151296372484.39,0.952426377640167,145409907118.581,0.948981286426757
2019-09-10,151962121092.73,0.954386288535185,145898399988.006,0.949896283351464
2019-09-11,183144021847.8,1.16914691386107,171001312035.778,1.13250672810081
2019-09-12,276889274527.96,1.75582696337867,264938169144.654,1.7437591529594
2019-09-13,179125453929.28,1.1240417487283,167837197186.78,1.09342801112415
2019-09-14,550926519381.2,3.4413604121365,539510523203.492,3.49976000314343
2019-09-15,168141717473.72,1.0212087291659,157551653148.127,0.99313307226827
2019-09-16,203826715444.92,1.23849552170065,194650887251.975,1.22803298079615
2019-09-17,335510525773.22,2.02490014388241,328595886802.005,2.0591677599072
2019-09-18,139724781484.1,0.844992284050213,128978642745.057,0.810094491855668
2019-09-19,190815402899.4,1.1557594633767,181062507941.413,1.13958845581845
2019-09-20,175620736388.94,1.05900319552337,164458939848.631,1.03071544090423
2019-09-21,510900896104,3.07879206913288,502584173660.393,3.14932255746871
2019-09-22,201540234788.22,1.18622803937747,192653919295.215,1.17831474995129
2019-09-23,319070565725.64,1.86665292391625,309159873563.663,1.87950323149379
2019-09-24,160113146527.96,0.923690317626151,153280416328.85,0.91872723735811
2019-09-25,161826273822.98,0.930044666369228,156605230131.056,0.935112258953702
2019-09-26,177973700512.86,1.02168507921832,169328294153.542,1.00996287381376
2019-09-27,306185045574.24,1.7533591791917,298099178533.629,1.77407653684037
2019-09-28,262638131759.62,1.49263039525103,253103690042.088,1.49494853370713
2019-09-29,198653474570.7,1.12177826576489,188884781488.845,1.10863083521257
2019-09-30,134267660143.4,0.756461778722588,125969068993.965,0.7378792464305
2019-10-01,259415380155.2,1.46145283312714,251669195842.28,1.47456887365715
2019-10-02,238668142082.6,1.33143597455174,227742834762.882,1.32118057027494
2019-10-03,146060420664.2,0.806655230253229,136268142009.567,0.78265245022573
2019-10-04,236375310760,1.29901539022626,227000435643.773,1.29756271170478
2019-10-05,209144116726.02,1.13738651879326,200916190132.122,1.13635549556115
2019-10-06,161395066049.94,0.877931290220009,152703310861.263,0.864100521941426
2019-10-07,367266962702.1,1.99872566853912,357558434724.947,2.02486638059505
2019-10-08,195300381328.3,1.05217815098699,184578753500.289,1.03467766143485
2019-10-09,244869905768.72,1.31588445575945,235521500679.14,1.31489682712704
2019-10-10,119084250161.8,0.635196483589313,111971918000.202,0.620531057691747
2019-10-11,203483233627.4,1.08474342762706,195828866306.354,1.08439656071899
2019-10-12,341659113361.56,1.80718450485379,333312952081.176,1.83052074827848
2019-10-13,186324467572.46,0.974018582930839,177745393699.292,0.96424543037886
2019-10-14,316527130812.16,1.64944542828739,310407241689.322,1.67814050368926
2019-10-15,183156050170.08,0.947438964844302,177169722881.895,0.950255968945145
2019-10-16,152765423118.22,0.8013700855685,146539395747.908,0.797154827586927
2019-10-17,171467554284.96,0.897651861934204,163118853310.962,0.885463409084741
2019-10-18,175610714095.04,0.914511499875657,168905711745.944,0.912169889710226
2019-10-19,222523802875.4,1.15943065358958,214810878980.03,1.16087130709744
2019-10-20,295768315909.02,1.53179002033397,288894485160.807,1.55172354464145
2019-10-21,185618141760.5,0.959089386449058,177485195133.528,0.951037363664284
2019-10-22,168452514823.42,0.8680736869124,158919251326.996,0.849399958222471
2019-10-23,182987495191.98,0.94348400717324,176487647186.302,0.944273653926794
2019-10-24,199461832395.86,1.03322099612634,191359575644.624,1.02894928358514
2019-10-25,187000399953.62,0.961703028584757,177506239843.392,0.947571400453015
2019-10-26,286488317505.48,1.46665508430224,278553803556.447,1.48038380210142
2019-10-27,267978742315.24,1.35914879595699,258287991352.276,1.35964082641728
2019-10-28,62633357189.42,0.318960944210502,59193223433.36,0.313037958567897
2019-10-29,85038371694.59,0.434499618373529,81375502132.909,0.43182405777779
2019-10-30,146286204234.36,0.750481319098597,141718715076.369,0.755263099962339
2019-10-31,159318830773.85,0.818063033161317,129801509809.805,0.692399636077786
2019-11-01,85374770630.97,0.438324676648531,81261633466.4715,0.434173461139467
2019-11-02,141459196097.9,0.732395373839897,138092940077.764,0.744289684218204
2019-11-03,115951554047.46,0.600808215689195,112430295061.858,0.606354165415464
2019-11-04,84748556790.33,0.439084539003398,80505603488.346,0.434051086659077
2019-11-05,121428987418.84,0.628328920785719,117323573840.737,0.63172142944455
2019-11-06,75376896521.23,0.389721586211931,72443224822.1465,0.389729961606736
2019-11-07,68543006277.91,0.355093280834479,65597200262.2165,0.353588491397041
2019-11-08,86928091388.22,0.452086762592001,83317776722.138,0.450865415178757
2019-11-09,127537784964.28,0.662608225490707,124182079066.174,0.671219648635247
2019-11-10,88256957373.98,0.458568634431312,84843697921.7115,0.45853456122415
2019-11-11,83527033948.92,0.437111937374503,80045292611.7445,0.435757348162385
2019-11-12,81502645642.09,0.428526405828199,79092366426.752,0.432629241843547
2019-11-13,199272430439.08,1.05808786806479,194886828662.533,1.0767617922454
2019-11-14,294848384849.27,1.56103872875538,290462934247.382,1.59983039416829
2019-11-15,130233784472.97,0.684788749502126,126488508684.513,0.691629186459538
2019-11-16,159840610187.72,0.839636078612242,155181627263.326,0.84750607963812
2019-11-17,102059004749.83,0.53761772378213,98497862423.71,0.53950859919969
2019-11-18,142786555297.23,0.753440061078809,138395025452.451,0.759243015731059
2019-11-19,72291642947.31,0.380583130873378,69287836128.934,0.379160468095755
2019-11-20,77974890257.58,0.411762572434857,74960653653.961,0.411429738019798
2019-11-21,72742835801.14,0.387381337116763,69570884312.9285,0.385131350803724
2019-11-22,103532908654.67,0.56178982395514,100266522006.795,0.565867496789362
2019-11-23,93512129456.49,0.507609652706629,90135730839.608,0.508826894913275
2019-11-24,118694798531.15,0.64509900235103,114615286951.588,0.647746041013968
2019-11-25,238514155902.15,1.29557586989573,234098504840.688,1.32211372533652
2019-11-26,97332715907.67,0.531565300682558,93800411270.0985,0.532694338664261
2019-11-27,57194668495.53,0.312844142662986,53348627054.794,0.303411058272485
2019-11-28,90164918369.98,0.494168945958772,86418515638.6025,0.492435393844708
2019-11-29,65925171475.56,0.361426316091707,61967360224.3035,0.353191086747693
2019-11-30,75904079673.6,0.419226028995021,71949776051.1115,0.413243773069568
2019-12-01,182583926152.81,1.01556884904197,179471256991.448,1.03822520624052
2019-12-02,101729686092.11,0.568385480007033,98309658426.467,0.571257189658556
2019-12-03,89251106226,0.500314476728548,85923247035.9945,0.500914388134314
2019-12-04,76413754141.96,0.430152378458689,72953395512.7175,0.427080576905227
2019-12-05,175503625892.3,0.995071637204922,170985334818.74,1.0078617772949
2019-12-06,220979646438.31,1.26154501248499,217479997832.963,1.2904290975003
2019-12-07,256167152558.9,1.45827794803554,251702607833.282,1.48827192687111
2019-12-08,120461706766.62,0.699727754657761,115730519015.604,0.698443360206631
2019-12-09,93471379128.49,0.544744725186726,88892696429.3585,0.538091655730617
2019-12-10,83324457916.5,0.489355908524103,79077242549.2335,0.482352160566253
2019-12-11,79053880092.07,0.472608131352861,75705040097.192,0.470304018382363
2019-12-12,95232227427.73,0.571796206966841,90543996592.182,0.564713302509598
2019-12-13,73360260177.5,0.44350196938605,70230188038.1755,0.440982022831173
2019-12-14,134162815264.71,0.817099552420455,129589413309.239,0.819476388228614
2019-12-15,142720191115.39,0.89362654594809,138059351815.748,0.898259951552626
2019-12-16,92716639385.91,0.583091432812438,89367809782.0695,0.583925867366304
2019-12-17,151386217059.14,0.968474732666206,147468330781.708,0.980312453304123
2019-12-18,92078905748.61,0.589455265224924,88389487049.3285,0.587849525714583
2019-12-19,95080363782.89,0.61192213039752,91033919410.3445,0.608724475124347
2019-12-20,142418356271.86,0.922440403559371,138308709541.071,0.930641259806424
2019-12-21,93629960026.53,0.614194856086056,89487451519.7935,0.609943622095688
2019-12-22,111343158947.75,0.740158975706138,107224874037.315,0.740674695026675
2019-12-23,64358057501.06,0.430799885597859,60082169285.711,0.417834018032952
2019-12-24,79841257276.47,0.537435340964626,76022358453.7895,0.531587792216903
2019-12-25,88843634006.96,0.60676441737506,85013797266.9965,0.603281537163205
2019-12-26,208435935563.04,1.44108364255291,203980286720.273,1.46516733153155
2019-12-27,81653515525.93,0.56165229657931,78951830712.06,0.563837394636108
2019-12-28,168005445543.56,1.17045177880469,164687546228.435,1.19111451902111
2019-12-29,108147307254.42,0.756014625594108,103922775837.247,0.753980886324103
2019-12-30,106658341974.91,0.748924614856693,102668391985.05,0.748031718255046
2019-12-31,144716445163.31,1.03878755406214,140859843189.192,1.04949343803245
2020-01-01,99199030690.56,0.715150782598719,96317039064.228,0.720415453177439
2020-01-02,108349249652.38,0.791006268989986,104077569419.194,0.788231613293713
2020-01-03,165872628796.22,1.21208792929797,161977081492.531,1.22760740872355
2020-01-04,152516996388,1.1181521648062,148141701120.236,1.12619019891336
2020-01-05,103186062967.25,0.769188581021001,98814901041.5585,0.76400560625291
2020-01-06,92837961883.99,0.697193699676326,88266118118.7685,0.687440046403829
2020-01-07,51494579633.24,0.394604972449627,46808586702.8265,0.372224209286092
2020-01-08,63897286590.29,0.495600069717667,60610694616.4865,0.488001652725252
2020-01-09,86509778552.62,0.676538530472011,81521156846.4255,0.661811253335208
2020-01-10,126308950531.78,0.995658001687966,121410796602.489,0.993481053071192
2020-01-11,165025206581.9,1.30689381736556,160094319035.012,1.31611006023723
2020-01-12,140683189294.84,1.12019305593336,136476462535.089,1.12799174420823
2020-01-13,110808414599.38,0.895478762435594,106442749025.663,0.893154735796625
2020-01-14,74552857916.79,0.606853465012028,70371043579.9695,0.59469954881369
2020-01-15,74083661539.16,0.608571778978844,71575784510.287,0.610317718709775
2020-01-16,132038524131.64,1.09632700696047,127933073642.466,1.1026116639683
2020-01-17,122535601327.72,1.02424959015068,118720565201.239,1.02991461844598
2020-01-18,157293061092.04,1.32326853886435,143290720606.478,1.25065641702312
2020-01-19,148341923096.41,1.26432405345417,143502880045.279,1.27036266575728
2020-01-20,361860622615.87,3.12205066437927,357974024684.571,3.20777768751598
2020-01-21,79129460035.39,0.662354023027454,74330234199.554,0.645493541084967
2020-01-22,96263876068.15,0.806252577562551,91314234853.3835,0.793562836585051
2020-01-23,115743054263.7,0.974258538781618,110497872900.181,0.965311351319342
2020-01-24,201197070957.8,1.70098892741207,195790245480.079,1.71386774122914
2020-01-25,134001113608.9,1.11983717581285,128775318642.966,1.11395151057127
2020-01-26,193735080805.03,1.62023160918208,178877173965.268,1.54883622647745
2020-01-27,109896855782.57,0.912018793120798,107964307608.238,0.928466645505942
2020-01-28,68084010126.97,0.563619434161613,64677125695.2035,0.554648256211708
2020-01-29,75594393932.87,0.629099905784721,72346629340.5045,0.623771824676868
2020-01-30,107390530813.87,0.893689512826973,104225323660.561,0.898638478488211
2020-01-31,128019482367.59,1.06127641840422,123574671389.558,1.06126215557717
2020-02-01,114624055179.82,0.94639095145003,110077070604.843,0.941469545935323
2020-02-02,109620182175.04,0.906226867295057,105215180987.613,0.901180913374317
2020-02-03,112208824941.54,0.925680867214836,107970777724.67,0.922865965852963
2020-02-04,122101299298.23,1.00446068429667,118056288301.909,1.0062113455684
2020-02-05,224788979371.1,1.84189278649106,220192098488.644,1.86933961921351
2020-02-06,95562006657.87,0.781078994928601,91791125098.5065,0.777280686362302
2020-02-07,139409534665.73,1.1620008758197,135629101340.821,1.17196955618845
2020-02-08,129810351380.54,1.08100589292899,125360117582.462,1.08221779091664
2020-02-09,116460651445.15,0.972731170581462,112246241963.697,0.971986354993366
2020-02-10,123648531261.86,1.03129072037589,120212516019.776,1.03949632301766
2020-02-11,103149374641.85,0.861955408292742,99227659307.903,0.859646045548768
2020-02-12,120569727604.08,1.00444311506039,116382845883.188,1.00516399434897
2020-02-13,128606870394.62,1.06689202377377,124088099807.5,1.06716697629404
2020-02-14,123440672794.09,1.01841579482626,117814089875.074,1.00758610417647
2020-02-15,196221712104.79,1.61571801223154,190611606849.154,1.62726794495245
2020-02-16,357378679814.94,2.91337550203296,352047305037.549,2.97507840596835
2020-02-17,233788708008.88,1.86271386523404,228854288990.902,1.88888064796455
2020-02-18,107035280233.31,0.853187075087911,102394960749.005,0.845566731985646
2020-02-19,82124703950.54,0.654020644671584,78102246010.2285,0.644415592161326
2020-02-20,117001590781.62,0.929574388816009,111967768182.363,0.921596598324412
2020-02-21,104931715316.71,0.831568798203565,101524627417.222,0.833553252327804
2020-02-22,164844771096.81,1.30158133565338,161012017426.237,1.31687426606864
2020-02-23,351142147929.52,2.74956123655237,346837241453.008,2.81230189864495
2020-02-24,68535959724.22,0.528357707161051,63554770586.181,0.507135649473331
2020-02-25,134240544544.45,1.03805007806655,128774135721.977,1.03095765732828
2020-02-26,93019105641.54,0.716327805802858,88191135660.361,0.703180866176396
2020-02-27,126221069341.37,0.970534256224959,120960340266.533,0.963069007713283
2020-02-28,166708210977.97,1.28765533162559,162783873814.986,1.30223667369666
2020-02-29,474333944526.17,3.6821338371691,469771048450.525,3.77774770768483
2020-03-01,429107323412.77,3.26521907391357,424509129714.758,3.34395541772748
2020-03-02,109469143266.46,0.810330474850714,104053451873.905,0.796586704024823
2020-03-03,95628527926.54,0.706880654205759,91007405947.337,0.695750681085005
2020-03-04,69942699852.9,0.516453280320099,64251495837.4785,0.490669262345768
2020-03-05,106668094242.22,0.788263022275366,102459113747.351,0.783264892831761
2020-03-06,107809341422.56,0.795895963300403,95108831228.325,0.726286933064973
2020-03-07,366622926733.02,2.69840197566337,360659336378.914,2.74791586123184
2020-03-08,299845578466.64,2.16285641730119,295652906196.771,2.20637895092319
2020-03-09,98075271731.18,0.69802175577327,92738097160.2215,0.682523764272685
2020-03-10,68443866261.07,0.486907915720464,65055910837.927,0.478650079105191
2020-03-11,97984804298.14,0.701992471382083,94068157436.4095,0.697140508535694
2020-03-12,128247926500.45,0.918343959736714,124010639456.422,0.918584467846374
2020-03-13,144727888391.5,1.03342996490423,140320300493.116,1.03638132560295
2020-03-14,139467814931.16,0.995674918043128,134964426782.633,0.996647495039679
2020-03-15,125458088568.52,0.892182357079585,121787939610.681,0.895764265746503
2020-03-16,109472987626.39,0.777576772357373,105552041849.463,0.775358672876209
2020-03-17,141949579801.81,1.00442335876701,139304163368.767,1.01924042524737
2020-03-18,112062356303.97,0.788816912045438,106918190426.285,0.777995114791222
2020-03-19,116603755787.47,0.819190330484924,112980726281.893,0.820552453029668
2020-03-20,108642872633.64,0.769169368089885,103649699938.298,0.758753240534687
2020-03-21,122732232076.4,0.866947068509405,118338995295.29,0.864423646692543
2020-03-22,291917267212.16,2.06990445325781,286856323868.747,2.10386145569435
2020-03-23,121812949160.91,0.850547628630316,116958283796.095,0.844309816963683
2020-03-24,101215206211.06,0.705836647871249,97125402456.971,0.700278301574261
2020-03-25,105059704254.99,0.735302228430971,99451061015.623,0.719748258593418
2020-03-26,160289869312.2,1.12130501192724,156149905456.312,1.12978466533227
2020-03-27,101857821852.32,0.709475730902933,98215751588.4495,0.70744316116373
2020-03-28,158559485438.12,1.11031660136462,154048186188.131,1.11570149718466
2020-03-29,164625873755.95,1.15221623409107,159325118138.265,1.15333258561338
2020-03-30,194063264071.33,1.35133068123076,187783219331.238,1.35228525428588
2020-03-31,125221468768.81,0.864705096027926,118681267762.059,0.847430719102132
2020-04-01,143278047380.52,0.983432634944807,136778876952.64,0.970724083177992
2020-04-02,103522394976.71,0.705978344923477,97054613690.9375,0.684395398018686
2020-04-03,94080066769.92,0.640700794982652,87172740398.09,0.613911318363069
2020-04-04,127859266905.97,0.873023856025206,120555299843.879,0.851451031501644
2020-04-05,149672691354.05,1.02506283053981,142290805638.78,1.00831540599494
2020-04-06,116062546856.98,0.794294988105805,113215632342.488,0.801886664012631
2020-04-07,124511572894.84,0.85175281578794,120278594923.653,0.851426164615461
2020-04-08,128595032974.34,0.876122238565408,124225435122.786,0.875682074651634
2020-04-09,115764711763.14,0.785237077746471,110580825762.983,0.776070469967256
2020-04-10,107186968788.27,0.728010566218025,102076404676.218,0.717425446753917
2020-04-11,164051317866,1.11561598584185,157760645092.989,1.11033828811132
2020-04-12,141322413914.52,0.96052462122398,134865213022.057,0.948048091533636
2020-04-13,136601952504.64,0.928968734692067,130698558422.67,0.919422792893132
2020-04-14,177744122786.63,1.23121146184397,172415048188.859,1.23641835045083
2020-04-15,128876827197.36,0.885512748077558,123166477028.159,0.875913705782827
2020-04-16,118983430118.17,0.815360106357029,112888420655.744,0.800660903961158
2020-04-17,157391458863.67,1.07827452335686,151523980401.387,1.07446666091332
2020-04-18,183717140461.94,1.26314221589697,178145111953.371,1.26797711686991
2020-04-19,185359027856.42,1.26926594432362,179731481888.067,1.27393908988941
2020-04-20,101821824889.58,0.697712336983531,95972260526.358,0.680203601318131
2020-04-21,175030106988.31,1.20014703520988,169667631246.479,1.20373767561036
2020-04-22,99350740170.83,0.675332931493585,94235948362.8545,0.662697465606877
2020-04-23,184424090362.38,1.25121049387156,178305798073.478,1.25161004326927
2020-04-24,132337743789.28,0.892283266253306,128717126942.76,0.897965568369726
2020-04-25,216950820576.03,1.46227754851837,212216743360.837,1.47984950445011
2020-04-26,281908679328.64,1.88462814938454,277317880550.023,1.91755949737128
2020-04-27,131815666280.13,0.869300155296748,127480981263.389,0.869174302514348
2020-04-28,120257611406.92,0.791857973285475,114243655549.679,0.777689738919899
2020-04-29,89701982498.94,0.590744290521467,84900783404.3985,0.578122911391638
2020-04-30,100915248682.86,0.67170467946551,97470432727.2575,0.671074474753674
2020-05-01,125990685178.95,0.838254383311696,120405201569.269,0.828592428904777
2020-05-02,160080775182.64,1.06619934367141,154172381463.587,1.062292928452
2020-05-03,119924624828.92,0.796831469615986,113262299975.167,0.778570400445285
2020-05-04,175532356008.27,1.16599398458769,162103360471.638,1.1142135128999
2020-05-05,135030827936.94,0.893292799615602,128517364424.364,0.880343338259389
2020-05-06,116829130508.27,0.770944240581899,112472383997.719,0.768599495230837
2020-05-07,79750176276.3,0.526418464417295,73929893326.4295,0.505373490731444
2020-05-08,174859025062.11,1.15866551320313,169125591999.505,1.16085520340975
2020-05-09,150119815675.1,0.990718038801771,144156224935.272,0.985337519568995
2020-05-10,109473359392.75,0.72509744542316,104715513002.823,0.718468034402676
2020-05-11,121539834749.57,0.821069799258593,116194806635.971,0.813666902996913
2020-05-12,178198669311.46,1.21479853613235,173394642708.672,1.22572681069731
2020-05-13,89598077795.66,0.607291936960615,85022098376.884,0.597451503467535
2020-05-14,85315962824.69,0.577919444323305,81274333000.869,0.570785486295194
2020-05-15,136045945318.84,0.923918642198841,105074565907.617,0.73983184100551
2020-05-16,177750800475.36,1.20411672186752,173156434817.186,1.2188347823463
2020-05-17,119011582191.32,0.805368185168872,113793301108.766,0.800167964558899
2020-05-18,87377381034.25,0.602563447299134,81873752211.508,0.587171958980026
2020-05-19,97035830308.39,0.668135629747071,91528490336.892,0.655387564951242
2020-05-20,150468063655.62,1.03920998603791,144950910183.95,1.04122336541965
2020-05-21,119309289551.81,0.820137534322899,112968745306.264,0.807566644604359
2020-05-22,110266372549.49,0.758405075031922,103923556522.748,0.743411942606033
2020-05-23,128361363345.57,0.886960326516816,122229561239.016,0.878767897346335
2020-05-24,465330254090.59,3.30956107512829,458763319684.02,3.39939064417468
2020-05-25,79044654978.58,0.560469103801938,73296314800.026,0.541482234664251
2020-05-26,106971575200.37,0.760438917365752,102489359581.389,0.759201774384927
2020-05-27,100138752066.74,0.711183086921833,93854302601.6495,0.694533344728593
2020-05-28,151154616879.92,1.07076291827365,144615401033.385,1.06738804442594
2020-05-29,187033005613.31,1.31996948481331,180667623065.326,1.32856372511025
2020-05-30,182531837997.45,1.27968513780125,168335516667.512,1.22867502343927
2020-05-31,127683780149.67,0.909127372817179,121463836598.598,0.901627817406531
2020-06-01,83682626934.82,0.604656453941635,76968164858.476,0.580267837032804
2020-06-02,245568282628.94,1.7765754970849,233216147746.412,1.76072327277055
2020-06-03,124347090628.49,0.886077913612846,119238837420.737,0.886819932883552
2020-06-04,108758683936.04,0.773268067121528,103553781314.577,0.76845223936209
2020-06-05,89025597768.94,0.634012820136831,83801803825.006,0.623002601723674
2020-06-06,101203408385.48,0.724159308639752,94604890090.0805,0.706851024624682
2020-06-07,194141469724.4,1.39371892913884,187871643000.126,1.40876130626353
2020-06-08,90332928563.78,0.644705197825378,85754536930.6075,0.639261920754097
2020-06-09,123928583777.39,0.885917745804718,117785463162.143,0.879583586554114
2020-06-10,133155395940.5,0.953338746270274,127037477388.039,0.950492947242595
2020-06-11,77072315714.01,0.550816315466644,72051985500.1375,0.538127775895436
2020-06-12,89961492206.91,0.645101695768176,84978737476.9485,0.636990616113695
2020-06-13,100996773119.48,0.725391043245842,95822880206.2535,0.71947577766331
2020-06-14,97489250537.61,0.701502614693478,91456466701.096,0.688075865206152
2020-06-15,91559730855.68,0.66999456957438,85178104641.546,0.652255623559161
2020-06-16,141090906417.5,1.03517048889736,136109179278.277,1.04529122822983
2020-06-17,80691252099.54,0.589969192830604,73931308533.8795,0.56576118689153
2020-06-18,77742427776.13,0.569617231129775,71812912366.0815,0.550830726686974
2020-06-19,126710138232.36,0.935135917321283,120834638914.372,0.934038053632232
2020-06-20,108018941608.91,0.795455790456486,103631140274.069,0.799393067166795
2020-06-21,114357152994.43,0.845878503608815,110542846204.576,0.856675085203728
2020-06-22,254483012792.47,1.89073269988969,249174521664.58,1.93976051511012
2020-06-23,105787072574.57,0.781788400418085,100041809538.289,0.774394243427048
2020-06-24,244515344293.42,1.81011404752628,232090121494.594,1.79963255290699
2020-06-25,70795529110.76,0.51945516718332,65813920941.166,0.505872028818915
2020-06-26,86965652992.99,0.63993121225702,82867320810.413,0.638777312026427
2020-06-27,81577568577.72,0.600657681967773,77188091841.726,0.59523452233355
2020-06-28,199211294802.72,1.47277253687617,193299313691.851,1.49658230723553
2020-06-29,107166875114.73,0.78884718391058,104357394907.3,0.804185959298022
2020-06-30,195225823165.58,1.43816346471539,189565016650.145,1.46199040201122
2020-07-01,104454758402.99,0.76474077317662,100134666304.042,0.767391168413905
2020-07-02,86574420097.47,0.635170519916068,80962680655.9655,0.621831614357557
2020-07-03,74859999136.23,0.55062917627979,68848164870.446,0.530222314172471
2020-07-04,160971698876.17,1.18738083189194,155179056422.828,1.19873673287754
2020-07-05,113543455036.38,0.837760875798085,107815924521.497,0.833060871100837
2020-07-06,118684782445.88,0.877837223395543,112501715251.883,0.8714347811504
2020-07-07,108334244143.37,0.802546888433687,102669733286.574,0.796613273963043
2020-07-08,157282304045.77,1.17233344629892,151202844577.056,1.18078811329103
2020-07-09,79100989322.08,0.588111846433004,72955078782.909,0.568246846583565
2020-07-10,76757309258.2,0.57270839133386,70625522412.1125,0.552146464172691
2020-07-11,228818720078.47,1.71959868343234,223779595243.397,1.7627689986172
2020-07-12,302477701512.15,2.26401888877599,297164939861.826,2.33086923506306
2020-07-13,181281792716.37,1.34286409968048,175874291703.554,1.36454014854676
2020-07-14,119624468238.21,0.879964807134967,114366651176.546,0.88082572952297
2020-07-15,127992815220.29,0.946113406010028,122545714436.715,0.948628949107957
2020-07-16,193863227545.89,1.42941979281556,186547066870.942,1.44030716403915
2020-07-17,61221737628.07,0.451035078543827,56199342555.9815,0.433579837561905
2020-07-18,212867870522.53,1.57809108811067,162855574102.722,1.26486082107388
2020-07-19,119047849909.94,0.882876650613045,114675318708.292,0.894739742836466
2020-07-20,165887634372.3,1.24819475520553,160093386842.504,1.26826838712363
2020-07-21,98015327068.67,0.735256511523644,94237830360.7445,0.744268009493167
2020-07-22,84549877829.4,0.635508505739643,78475285269.241,0.620947152148694
2020-07-23,67072485801.55,0.504374413718404,61258883458.0955,0.485013423354009
2020-07-24,87448445673.65,0.659596747384631,81460871514.362,0.647170289760002
2020-07-25,84200071822.51,0.637300871143698,77717152978.5035,0.619710682396483
2020-07-26,186618791176.88,1.42222077423344,179454878201.757,1.44142101088502
2020-07-27,70058458820.98,0.53070388887204,66659730596.454,0.532057971022779
2020-07-28,118367864185.21,0.905265865841531,110992800531.247,0.894019162983256
2020-07-29,74399021732.47,0.569860990903835,71015556320.512,0.572975334036668
2020-07-30,141463901537.03,1.08775445670605,135357325326.573,1.09647062642483
2020-07-31,131409940892.22,1.00477065541822,125105356774.222,1.00745596373561
2020-08-01,263943573011.22,2.02614643218503,256530549749.065,2.07455954440937
2020-08-02,189718422021.14,1.44136867741149,183576182148.268,1.46868913952601
2020-08-03,92149744239.38,0.695054843618032,87181403798.683,0.692289323293955
2020-08-04,169446143586.92,1.28145767424912,162154426502.732,1.29117578893314
2020-08-05,126607240988.56,0.958238202762968,121033687104.238,0.96477449715688
2020-08-06,136894427322.26,1.03265419268462,129887627646.201,1.03182430419348
2020-08-07,98695838949.18,0.741073061118988,92763462283.0715,0.733538414074009
2020-08-08,255135082591.73,1.92213886544126,251020134560.474,1.98727553693349
2020-08-09,243643061431.34,1.82290836160144,238103967518.091,1.87128847330517
2020-08-10,305160804618.34,2.25810967678583,299827513263.831,2.32929032610613
2020-08-11,114703385557.68,0.832797655140368,107183706369.083,0.816232105488182
2020-08-12,106969719978.18,0.775463608070264,103632301944.968,0.78806874558939
2020-08-13,76137718299.54,0.554030697481318,68615150388.4755,0.523740940914392
2020-08-14,127660393433.51,0.932432460728406,123355864492.913,0.945388281219665
2020-08-15,126712290884.52,0.924109839915678,120841851538.893,0.924482054655912
2020-08-16,114701955141.09,0.836638521176692,110737736837.345,0.847289160404853
2020-08-17,114402239867.66,0.860656200020566,106167973587.93,0.838918720120799
2020-08-18,120763473369.41,0.9056443645325,112716434468.879,0.887917760594177
2020-08-19,89997080066.7,0.674087216222967,85408506414.8525,0.67215634344397
2020-08-20,267483951513.39,2.00529521433307,260509541808.199,2.05180741171296
2020-08-21,125668543092.35,0.932441230361927,118697249098.675,0.924825402365249
2020-08-22,120392677018.52,0.898163535935425,114619968681.3,0.898220473234954
2020-08-23,197024654937.6,1.47801665610918,191612204348.154,1.50913345767704
2020-08-24,99566102437.57,0.742316589857128,93739593903.8105,0.733466778922344
2020-08-25,123714215297.66,0.921054749931744,116102960140.35,0.90703225108177
2020-08-26,88740015778.49,0.667884349187803,80917706666.5945,0.639115381153963
2020-08-27,83328701811.83,0.629164411154608,75275820876.225,0.596703936491842
2020-08-28,70437128009.68,0.533046400139243,61296923129.1485,0.487194700001437
2020-08-29,104201502604.79,0.789887540866167,96427280355.104,0.768050151907118
2020-08-30,165763791774.48,1.25621353788026,159778852138.308,1.27243005067152
2020-08-31,336850652244.14,2.55931940475293,331335620414.562,2.64570229686058
2020-09-01,139800090742.47,1.03900408750591,132781472655.123,1.03606828386954
2020-09-02,170438535064.08,1.26493485419027,163739657773.827,1.27585179995525
2020-09-03,85849626288.44,0.635053812830889,82567156395.323,0.641176529890735
2020-09-04,337072625303.68,2.49149512624383,290205688390.19,2.25140818550074
2020-09-05,130159972637.56,0.941611372264594,122430843692.187,0.932147279018083
2020-09-06,125307204624.11,0.904234103405208,118068724115.691,0.896772806511949
2020-09-07,94666543166.49,0.681498252464969,87303721020.7165,0.661510171869704
2020-09-08,83668347383.83,0.602162629282234,78527915089.716,0.594900832014543
2020-09-09,64545780870.4,0.466833941818779,57703024514.8455,0.439420461051163
2020-09-10,93156572648.47,0.674702357625685,85734532283.3575,0.653848136546346
2020-09-11,146348668137.73,1.05854832102901,139965478283.358,1.06608898923178
2020-09-12,110448246726.79,0.797529863481207,105476931302.898,0.802005392793927
2020-09-13,119827539581.06,0.865075646887316,116057188672.897,0.882306122609309
2020-09-14,172398291835.28,1.24401686223205,166777707040.756,1.26726825511114
2020-09-15,167832121067.5,1.21966800467475,162043011374.553,1.24053782659791
2020-09-16,101153240034.14,0.731175086225103,95464394831.219,0.726731490300752
2020-09-17,110705027928.04,0.810214454869529,105837369714.604,0.815797807219179
2020-09-18,110776304398.56,0.807926781673067,105804707557.875,0.812561796860046
2020-09-19,84859414056.93,0.61762980047608,80146190388.0005,0.614220763537366
2020-09-20,247278378979.94,1.79924738760834,241156948720.785,1.84766910634089
2020-09-21,225496437313.28,1.63395438561771,219579649753.829,1.6750388425778
2020-09-22,96562602238.9,0.692625805691313,90527340579.6515,0.683426465215439
2020-09-23,199066389000.51,1.43999850658905,192992599229.09,1.47006181576366
2020-09-24,291216965963.79,2.08956871935885,284925676756.686,2.15221122119986
2020-09-25,102482601528.6,0.722709867576221,96085466014.274,0.712718006507339
2020-09-26,100100757789.46,0.704279827089223,95884834279.651,0.709523291775179
2020-09-27,177040497873.51,1.25198867603487,171963495594.439,1.27916751098872
2020-09-28,305233886716,2.14706461443737,300268823920.013,2.22096307517195
2020-09-29,113726807725.48,0.787668134641276,108271129747.029,0.787810857769872
2020-09-30,99445084430.04,0.688447285556027,94968162811.2085,0.690679647833862
2020-10-01,120631902590.95,0.839121093977214,114047943512.586,0.83350027270792
2020-10-02,114492925190.76,0.793688447374704,107802673328.08,0.785051015499256
2020-10-03,150933733254.04,1.04305534425614,143183624695.46,1.03935570788329
2020-10-04,119533787151.93,0.831387436791506,110569271171.654,0.808240540613011
2020-10-05,106318987737.33,0.750848955610181,97643067082.832,0.7255335267693
2020-10-06,154965446194.05,1.101342485442,147629727913.608,1.1046017639733
2020-10-07,418667038985.91,2.96660444530071,410959010416.031,3.0658122642172
2020-10-08,245049555735.98,1.69482322750424,237448576150.189,1.72715986976633
2020-10-09,120774540068.43,0.83180091914122,115452330643.907,0.836095006895005
2020-10-10,200075884892.4,1.3712711753523,192451942049.074,1.38663553602307
2020-10-11,136511549235.2,0.936594316540911,128206128513.534,0.921398919171114
2020-10-12,165062522387.44,1.13086709382999,156009199108.618,1.11991907719994
2020-10-13,198170055290.37,1.35778294094135,191228685081.516,1.37322304300717
2020-10-14,147998177152.3,1.00580830696538,138140799442.879,0.983838581675779
2020-10-15,441541682397.28,2.98542993825934,432745730752.197,3.06650172857099
2020-10-16,139781857653.65,0.917463702733965,131547765314.087,0.903842537273372
2020-10-17,276627629761.68,1.80826195667398,268655227416.953,1.83835328676841
2020-10-18,106755454040.63,0.687544336960033,100090486532.142,0.674409044047203
2020-10-19,106505905914.77,0.690163165966214,98384420954.4345,0.66716083247928
2020-10-20,68791305785.31,0.4445209727474,61279052916.5435,0.414481750670295
2020-10-21,126925638262.19,0.823317846545065,119008692423.178,0.808191060577769
2020-10-22,285363125626.46,1.84356310770242,235116096577.837,1.59050817751281
2020-10-23,101390298167.64,0.647853063678782,95516066576.8305,0.640995298272257
2020-10-24,160318812436.38,1.0267328597269,151424354337.741,1.01859607844302
2020-10-25,145007989179.9,0.936072948790079,138923847826.391,0.942440591574398
2020-10-26,103622623001.86,0.671223466639853,94517446597.1715,0.643514171848474
2020-10-27,190236716909.57,1.23118363274142,182896042762.574,1.2444925095277
2020-10-28,121341518582.4,0.784048284159103,114505598109.757,0.777831675070479
2020-10-29,155048060840.64,1.0022490883295,151497119999.487,1.02965708904982
2020-10-30,133863323287.7,0.86410128586277,130333328170.169,0.884270308672948
2020-10-31,89203971770.84,0.574268697729212,83062503060.468,0.561847809731874
2020-11-01,240306132020.9,1.56694618045041,230895402364.524,1.58322572025262
2020-11-02,196514137824.45,1.28172701779362,144203478703.126,0.989370409220558
2020-11-03,103329713236.8,0.679682724392372,92805734902.1765,0.644931673875201
2020-11-04,188059652910.25,1.23812248364928,176960687202.577,1.2312112657795
2020-11-05,415415655699.72,2.71768663041822,410135135185.536,2.83630540517785
2020-11-06,191160199828.75,1.21839285296628,179835321699.119,1.20964696543308
2020-11-07,160683581674.35,1.0192339628036,142552985379.737,0.954553377818575
2020-11-08,205406874417.54,1.29958501752186,197847559112.744,1.322524132893
2020-11-09,172009933790.83,1.08090191138327,161579079069.075,1.07264961081659
2020-11-10,131997744790.58,0.825907987400215,121068241644.065,0.800212434036616
2020-11-11,257695212386.28,1.61104707868953,246355382606.964,1.62724072738183
2020-11-12,283257071018.09,1.74902389153839,272782761410.993,1.77928195471545
2020-11-13,152345600512.58,0.939597053949108,141763851059.801,0.923803612344706
2020-11-14,312160988510.14,1.92150063050453,301673748943.516,1.96234436346402
2020-11-15,169656987125.31,1.02984800695788,159835779509.894,1.02486339986809
2020-11-16,138159364927.78,0.840313739384635,128878230665.148,0.828373593740702
2020-11-17,292272483785.37,1.77270779001059,284734684335.779,1.82524390507704
2020-11-18,266817901429.61,1.59885975936503,258969143539.606,1.63898632271244
2020-11-19,224840048089.36,1.33041377405677,218319593289.689,1.36342940729659
2020-11-20,154623658988.79,0.905902018980692,146381494588.79,0.904548522960574
2020-11-21,119820681910.82,0.697902013091028,108789802567.643,0.668073163137714
2020-11-22,390919089569.47,2.27446596366726,380310483656.473,2.3333603017543
2020-11-23,132199332968.38,0.757357828181187,121813465411.837,0.735527709233126
2020-11-24,208347418850.93,1.21049872927844,198700578529.062,1.21812974007426
2020-11-25,110822491629,0.640840449424554,101267329628.51,0.617844855338946
2020-11-26,165280287401.93,0.959685805574269,157970621157.745,0.968192037437457
2020-11-27,307736003986.74,1.77708549891874,297412871482.937,1.81285108168042
2020-11-28,147520528858.94,0.853609498580477,137184613809.351,0.83575831321523
2020-11-29,144622519049.99,0.835840945662012,135882893595.092,0.826943092188595
2020-11-30,91420843380.27,0.527662425320318,86385386436.6535,0.525038283524328
2020-12-01,96952757245.87,0.559716328498259,87215651771.246,0.530119744599176
2020-12-02,152267965785.64,0.87825378072697,144554515755.052,0.878088481823234
2020-12-03,114297668322.04,0.655300909875315,107116351889.487,0.646611268455147
2020-12-04,143899546884.4,0.823828121398879,133148322474.989,0.80252095657199
2020-12-05,206042830862.93,1.17979674237596,195200908860.16,1.17710446416514
2020-12-06,163429746084.97,0.929736671517969,151878246444.648,0.909997851007746
2020-12-07,140680025845.34,0.797959278140667,130406898751.692,0.77935821764185
2020-12-08,103965305903.05,0.590973345620317,93512787162.309,0.560315742229502
2020-12-09,131177216476.41,0.748891527266323,120737881947.561,0.726998604015782
2020-12-10,103044826355.88,0.587085557367646,98096559796.057,0.589600333411169
2020-12-11,374511330795.65,2.13484263508155,365570513311.706,2.19844554631693
2020-12-12,106375862595.24,0.595717014763687,100267314693.716,0.591972410077507
2020-12-13,113307780242.58,0.633627634550538,106643970963.115,0.628730659310433
2020-12-14,104577632853.99,0.590070538119798,95732464777.014,0.569779969614439
2020-12-15,117044411604.33,0.665821302029747,108930389170.035,0.654070878384719
2020-12-16,217064931893.69,1.23308976520986,207885146141.443,1.24660333444317
2020-12-17,208010738485.37,1.18021866708565,199738070141.354,1.19647657323613
2020-12-18,103305561296.55,0.589451585761899,93989753679.923,0.566461256990384
2020-12-19,102550704066.76,0.585111734445874,93601582522.266,0.564206647343703
2020-12-20,259587697935.16,1.48085318606367,249860179177.971,1.50634072067182
2020-12-21,134525722818.61,0.76314205506096,124288975368.591,0.745139405177887
2020-12-22,96327728198.54,0.552824453375628,85930966965.0635,0.52172769656906
2020-12-23,392566918911.33,2.25562132691191,384686679535.702,2.33939296278052
2020-12-24,353062709026.62,1.98876168436352,342811598017.657,2.0419100834122
2020-12-25,95272990497.48,0.528425569221334,85744982057.41,0.502575688869935
2020-12-26,92665658641.59,0.514617256201358,84500785423.154,0.496046576131917
2020-12-27,87511765819.22,0.487874620265217,81377267069.6375,0.479677701975392
2020-12-28,116328017633.87,0.649905295219044,107997568550.939,0.637897591620969
2020-12-29,92019691975.27,0.51375671321653,83557299603.002,0.493179809885381
2020-12-30,211574911134.97,1.18621028464737,204467842544.329,1.21228728050075
2020-12-31,877855667981.19,4.99074613232656,870505958113.007,5.23755527795569
2021-01-01,172596861579.73,0.940940860082888,166169650281.841,0.956421456250641
2021-01-02,436509541487.73,2.37172842340706,429957751121.29,2.46613451527532
2021-01-03,507540401236.27,2.7161285164625,500511638539.317,2.82500003645716
2021-01-04,204075509629.3,1.0669013077863,195431095006.326,1.07613594309246
2021-01-05,104959490014.92,0.54739628455406,96855303980.638,0.531956365007551
2021-01-06,127129416760.41,0.666878664592451,119402297929.946,0.659862453854312
2021-01-07,114713572907.83,0.602534510310646,106625551503.017,0.589980634082426
2021-01-08,197105174739.61,1.05689675997831,189358243593.978,1.07075932806675
2021-01-09,149638149683.52,0.799448695561527,94716434182.548,0.533514396640087
2021-01-10,262813284490.32,1.41552490049339,253257755323.414,1.44337383878743
2021-01-11,110510135519.97,0.589315954728349,105180927116.227,0.593284680734703
2021-01-12,100769968248.24,0.537238122927537,92096782099.247,0.519245133787551
2021-01-13,115291901325.21,0.613414360903386,105096775156.343,0.59131646469296
2021-01-14,181388624284.81,0.96579582676873,172889416275.769,0.97365224235861
2021-01-15,188319059453.07,1.00934880869904,178043379331.875,1.00687812971751
2021-01-16,151837539123.54,0.809326812999682,140188210097.859,0.788417522516679
2021-01-17,95633518248.71,0.510021749498112,87627451783.072,0.493187199508159
2021-01-18,82565693095.55,0.441714578940945,73463785117.194,0.414896866211233
2021-01-19,86011695885.92,0.460768129527509,73800995513.437,0.417392134283494
2021-01-20,109349378187.65,0.58970875784364,98258858933.7675,0.559829191908138
2021-01-21,82624886396.15,0.445929938484449,71035382482.4805,0.405170103118743
2021-01-22,140887867977.71,0.763932415548072,132578966513.099,0.760355307031846
2021-01-23,151970411913.12,0.823651512137405,143072621843.687,0.820411815785801
2021-01-24,233242530023.44,1.25903253445897,225086246481.415,1.2854312252797
2021-01-25,113397001158.37,0.612389812020304,103790410732.295,0.592964470912051
2021-01-26,374952224263.55,2.03577257900924,365651188134.807,2.0947576377502
2021-01-27,346256041230.68,1.84753264352307,338679454911.11,1.90479604322373
2021-01-28,463868632292.75,2.450458948381,457276108920.752,2.54425687352915
2021-01-29,90710432049.1,0.477736379075126,84513158413.6185,0.46876244179482
2021-01-30,181746961788.74,0.963256751285746,172384640904.967,0.962208602566921
2021-01-31,210176215841.05,1.11245301641674,201448930335.442,1.1222137458472
2021-02-01,209519596774.42,1.10864438921197,202818231982.738,1.12957194732377
2021-02-02,140684395341.9,0.742657533423997,131039397698.499,0.727818259699863
2021-02-03,102651526718.12,0.541590524347193,97835028973.302,0.543036720683092
2021-02-04,173471348673.77,0.924237084653208,163314410248.438,0.915466592016302
2021-02-05,137419835066.7,0.737292488041256,128804508659.337,0.727332972676274
2021-02-06,156188376507.69,0.838790155080833,147612048148.998,0.834262128066984
2021-02-07,151122009143.76,0.819756310476455,142542780823.458,0.814050194243901
2021-02-08,198252943106.74,1.07670523764266,192157275934.221,1.09868625563146
2021-02-09,119607218552.19,0.647068820051743,109962787461.363,0.626031248594086
2021-02-10,217396196170.85,1.18932784516877,208895831484.759,1.20352485258229
2021-02-11,140720320952.29,0.772336581717013,134988446084.398,0.780397734914737
2021-02-12,226790751079.81,1.25160910355075,215025306577.808,1.25027891474806
2021-02-13,154287333626.09,0.847460306343188,146496495180.942,0.847785260717014
2021-02-14,155868377898.77,0.854219361557503,150598814931.642,0.869267524411949
2021-02-15,103850638998.64,0.578005833006758,96725987653.388,0.56726364432127
2021-02-16,117765936825.05,0.656688277790075,107871494293.341,0.633738107731823
2021-02-17,201906342102.24,1.13268429930312,194420597365.332,1.14951087193725
2021-02-18,123570200996.25,0.689031128887115,114128566768.631,0.670389033493839
2021-02-19,181681631936.95,1.01587492633324,173059525578.009,1.01967448663821
2021-02-20,99394087267.03,0.560465984074885,88883028769.0535,0.528311019425525
2021-02-21,427575667808.35,2.41883936313004,417017926756.896,2.48720993873318
2021-02-22,205647494364.85,1.14161446441406,195333905754.742,1.14222476016414
2021-02-23,182783511700.85,1.00708683806488,175039914508.918,1.01585011326476
2021-02-24,236421276413.83,1.29532373446041,226471147977.267,1.30640608353633
2021-02-25,154547769202.65,0.84212630727262,140966197496.937,0.808619177603914
2021-02-26,177174395053.55,0.962904019357397,167072175671.638,0.956159706212962
2021-02-27,149223422749.5,0.809254385135401,141799572629.056,0.809652413249902
2021-02-28,261659237138.29,1.42423019528242,254138902512.1,1.45637817924021
2021-03-01,101748885505.76,0.550323682203393,89053520825.0385,0.506797902609358
2021-03-02,155541511240.5,0.843383069337451,146338246901.354,0.835141404357264
2021-03-03,290084872430.06,1.56768991594577,279728112736.844,1.59067851932982
2021-03-04,226342277242.57,1.21083031910342,218246978950.068,1.227849569528
2021-03-05,150822974373.25,0.800549611091683,142146180327.568,0.793325223749373
2021-03-06,236374711452.07,1.27263585675902,225062885114.233,1.27501469345989
2021-03-07,208800543219.05,1.11488764156846,197601666648.066,1.1100996629143
2021-03-08,395242736956.17,2.09766032658596,384404340829.432,2.1464746169774
2021-03-09,181022191041.4,0.943408376599421,171763517549.546,0.941051686418449
2021-03-10,355461644769.26,1.84518624647579,348344957194.615,1.9007101595894
2021-03-11,127393293366.31,0.655685395174385,119949474569.05,0.648575050734116
2021-03-12,323737561638.31,1.67452882419333,315136639673.14,1.71276217808036
2021-03-13,329421635333.1,1.68111091125498,321754255593.637,1.72405977861664
2021-03-14,195967620835.53,0.986469275001004,188303370274.166,0.994514368146794
2021-03-15,225908139102.58,1.14153714984667,217108926959.395,1.15110457697812
2021-03-16,263216009663.33,1.32278605225585,254248966520.956,1.34016827145125
2021-03-17,162065081766.15,0.806402887451204,157495594623.217,0.821496140924271
2021-03-18,389584285878.87,1.96532661155002,380489937303.893,2.01303217527183
2021-03-19,294709510283.63,1.48346036537084,287034783612.942,1.51500008444203
2021-03-20,152100205452.25,0.756575160451812,143830460336.043,0.749670644016868
2021-03-21,153219888296.82,0.759471707784689,142288849685.57,0.738915249309007
2021-03-22,347084270308.82,1.71376287432272,334344855424.635,1.72976083632339
2021-03-23,242833164036.63,1.18296689322366,234512776975.052,1.19658988973618
2021-03-24,148402269458.8,0.716676510307334,138728375945.022,0.701422964248582
2021-03-25,117142093577.67,0.567774376821107,108406004177.869,0.550287831604572
2021-03-26,326435815705.72,1.65483441770731,319985791053.482,1.70272128671031
2021-03-27,424144352781.25,2.13037944673712,416914441059.769,2.19709353363501
2021-03-28,423426531657.83,2.12834764342369,413044268622.388,2.17848078884955
2021-03-29,187691252074.76,0.948200075191163,175531580543.568,0.930902249929593
2021-03-30,415103917668.53,2.09913776469853,402856110355.673,2.13916725686612
2021-03-31,159400019574.65,0.79129517027061,146003276279.706,0.760565766125866
2021-04-01,168311531070.34,0.833943354958717,159431394593.642,0.829148219312145
2021-04-02,363318465231.91,1.79448280609457,349788590892.522,1.81320297883395
2021-04-03,390587689461.53,1.91049773432109,376805523218.121,1.93410276616489
2021-04-04,386126518123.43,1.8625440984511,379008709253.171,1.91244607589947
2021-04-05,118870340172.47,0.569358683677832,109045684542.9,0.5461100861237
2021-04-06,525195386611.33,2.51435366352624,514211338150.464,2.57462098975594
2021-04-07,155981680926.87,0.729119516525382,150113061436.836,0.73315903477847
2021-04-08,300415932389.15,1.40108935524645,294159120862.683,1.4329359886206
2021-04-09,375355047222.17,1.739099742296,361355025672.166,1.74797424569454
2021-04-10,419099321464.46,1.92194867680658,409649356480.4,1.96088757037985
2021-04-11,422329663176.4,1.90890997415059,412359656120.683,1.94401029629461
2021-04-12,140137404161.64,0.622471852078594,128276546547.188,0.593917167377918
2021-04-13,172498232362.69,0.763888829650435,154197701552.596,0.711781019266187
2021-04-14,102279250504.65,0.450876285337741,96086238094.6085,0.441585900438289
2021-04-15,114108549754.98,0.503209940628099,102862103797.554,0.472782111853106
2021-04-16,400685561803.02,1.76407677582038,385288009051.971,1.76780952629059
2021-04-17,389719631999.08,1.69274813298328,375540057084.851,1.69962232811998
2021-04-18,149204167184.24,0.64019829292781,136585792701.409,0.610514406640102
2021-04-19,107590287049.01,0.46363363994035,97482085610.011,0.437789414676509
2021-04-20,197870538099.25,0.852928052848691,191680209924.804,0.861121076478615
2021-04-21,145122003865.13,0.631290205179302,131608373585.203,0.596801895626425
2021-04-22,141890100056.3,0.623727979368569,134563080210.449,0.61709883734057
2021-04-23,315833375988.42,1.41215124595822,301883493377.825,1.40924968973775
2021-04-24,264386646885.71,1.16812552340234,253227422847.086,1.16800430050149
2021-04-25,116417843961.62,0.512136692967327,110684823288.824,0.508274321445087
2021-04-26,177648540937.07,0.785354435514957,170380058596.6,0.786301548625286
2021-04-27,440537721642.35,1.95081563986652,409953768070.224,1.89530856170106
2021-04-28,330404270284.51,1.44034779274496,290329717599.024,1.32196614458213
2021-04-29,309858001369.28,1.33500013282473,276585512937.558,1.24637904408448
2021-04-30,290351595366.75,1.24226809987062,269287690356.909,1.20616344892002
2021-05-01,323226664150.61,1.37223492332422,290285933553.8,1.29054905285224
2021-05-02,286312652970.8,1.20534340975627,243185026302.982,1.07304577152362
2021-05-03,255719383706.17,1.06930424875185,226491507661.382,0.99413053738521
2021-05-04,283096825552.07,1.18040768784161,266514219369.519,1.16770575301947
2021-05-05,392680031313.78,1.62414804645307,359814259436.407,1.56372186549629
2021-05-06,235540284283.59,0.965872454092013,214006749935.987,0.922849274431112
2021-05-07,188632122038.62,0.769953648512499,168671567000.347,0.724414325856061
2021-05-08,176541487412.64,0.721941054271399,170550224587.189,0.734222943017183
2021-05-09,176199551772.44,0.719762970109444,165883858553.841,0.713254849046028
2021-05-10,222317808589.91,0.907255845546658,190201621875.013,0.817175169051634
2021-05-11,158911496300.57,0.644790267171767,154490116394.071,0.660587308420897
2021-05-12,135792051419.4,0.549889215865752,125331759778.298,0.534639786349724
2021-05-13,165833220678.51,0.673687992638813,144668574389.231,0.619299551857632
2021-05-14,127259119532.22,0.515928381137479,116703909034.993,0.498811622394847
2021-05-15,173225732679.52,0.704133725248789,158065974723.758,0.677542745042565
2021-05-16,494475404837.85,2.00280451234058,473780210301.792,2.02369337232255
2021-05-17,240960067529.16,0.972837370789618,221802559156.216,0.944675445768402
2021-05-18,199792034856.54,0.805261357210563,171125412982.042,0.727860463472006
2021-05-19,167342729274.46,0.673924509284623,142244096521.752,0.605137354979522
2021-05-20,231860716871.27,0.936854775607748,211930259769.549,0.905459900554891
2021-05-21,140672178180.31,0.566293005728642,118335543646.371,0.503763548881521
2021-05-22,583809093254.25,2.35431317201125,560226257529.545,2.39083167625844
2021-05-23,249598418750.44,0.985978586644467,230628084994.39,0.963745127140031
2021-05-24,265854248139.94,1.05078932490412,253102953970.213,1.05890126114785
2021-05-25,222575996947.12,0.872990955685135,195603860812.278,0.811711404497385
2021-05-26,188234110871.43,0.735991004468923,165129323870.53,0.683585302483212
2021-05-27,140491117941.34,0.551933662794563,130249443537.5,0.542255660686284
2021-05-28,162607794326.16,0.641396600122259,145529690461.815,0.608524501974382
2021-05-29,136907606563.3,0.539725088578911,126545540816.866,0.529054202990805
2021-05-30,211452493251.05,0.837509879823355,194558862871.907,0.81740830798511
2021-05-31,425804864826.39,1.6862945835507,414218866980.829,1.74053998377091
2021-06-01,230356561896.86,0.910957465304526,196132644156.209,0.82291840217824
2021-06-02,177132200775.61,0.69885571705374,147960629199.979,0.620047201515235
2021-06-03,366350643663.55,1.45760519968804,332721433301.398,1.40838951340725
2021-06-04,392061297241.69,1.5424426472538,381251379569.667,1.5966940083585
2021-06-05,1024372144625.17,4.01721704957167,1002428827688.85,4.18441355470027
2021-06-06,572782878597.33,2.17565894584228,550771645776.267,2.22384996057249
2021-06-07,228195108587.2,0.852254718874531,183695355087.328,0.729004993882447
2021-06-08,662684391986.4,2.47471771842655,629939718704.848,2.50390268398362
2021-06-09,432075050256.8,1.58537900168529,410400478591.911,1.60277841152306
2021-06-10,886459318786.34,3.21470012894558,843089107482.09,3.25433561790752
2021-06-11,843550433298.45,2.99485038219082,803983686565.73,3.03879072566024
2021-06-12,567796206631.93,1.97014104390752,546861560195.521,2.01996887869531
2021-06-13,428180545519.6,1.46062152134964,397746971756.08,1.44359297388962
2021-06-14,331604228420.29,1.11868629377144,311655185620.296,1.11878050039997
2021-06-15,316437514648.47,1.06818458693911,305848963618.32,1.09900297040825
2021-06-16,480580592361.37,1.61749098923478,471221552693.752,1.68808277981887
2021-06-17,204056003648.48,0.677770756674568,163179711628.367,0.576394425116438
2021-06-18,542613515721.96,1.79611471001087,501757375399.813,1.76826855667448
2021-06-19,387137353955.14,1.27064598879813,356702165878.956,1.24755817839765
2021-06-20,197987760775.63,0.65076812749781,187718916528.481,0.65819300082433
2021-06-21,176246201354.03,0.584461323007604,156839983011.295,0.555144496959146
2021-06-22,354388466493.42,1.17574153918855,331101540869.351,1.17287748070426
2021-06-23,373685601658.28,1.2427430512347,339236105499.355,1.20534025331721
2021-06-24,350910433351.07,1.15718380936882,316792653495.334,1.11647089538334
2021-06-25,192506586610.38,0.630303255948648,170191700119.321,0.595871743926008
2021-06-26,168692888428.52,0.556034739596285,157193225294.448,0.554512676450748
2021-06-27,562748290202.85,1.87118761951573,528863912437.184,1.88297915003616
2021-06-28,341022284270.46,1.12605634303079,319250423385.097,1.12949223303329
2021-06-29,770004191679.38,2.52054441711665,748530501701.601,2.62502330841959
2021-06-30,409824312083.87,1.32884842783579,391572669411.418,1.35990374974737
2021-07-01,292720766584.99,0.93993215686764,265083842332.595,0.911517462992828
2021-07-02,278596527202.03,0.894842171131515,269652519790.792,0.928332237386951
2021-07-03,311096927224.73,1.00294301339855,277906814512.248,0.96035867707418
2021-07-04,302261582331.77,0.978514850680773,275172620373.491,0.956091961270709
2021-07-05,163044053102.29,0.530278148270541,145455364511.308,0.508271333944514
2021-07-06,317160597145.84,1.03060675410767,278791738364.424,0.97349903505213
2021-07-07,95655462267.54,0.309100655814418,77321439855.119,0.268603711144881
2021-07-08,282072724891.56,0.911720925117988,255787338952.49,0.889259011383649
2021-07-09,467764210807.93,1.50220768396691,450345208003.619,1.55580334405387
2021-07-10,150658037598.76,0.482595156509839,141711289035.884,0.488262247492614
2021-07-11,350449431092.89,1.1329046288527,329938936377.238,1.14780397053868
2021-07-12,162715940656.01,0.521972346580619,131259973858.242,0.453004618667338
2021-07-13,166604106155.37,0.533322347925014,145968621231.692,0.50306897082608
2021-07-14,210068323265.47,0.673259409274151,168103384437.389,0.580443246644131
2021-07-15,373960400636.71,1.1955634756162,335786943078.544,1.15770014392918
2021-07-16,281464122837.18,0.891971484443113,249703974428.126,0.853857876538491
2021-07-17,209530332149.52,0.664872415726244,188721300550.293,0.646702490715421
2021-07-18,358504055901.62,1.13995151656589,324487399307.766,1.1148740497035
2021-07-19,332684460920.77,1.04824570651612,299012481321.492,1.01844100382753
2021-07-20,156787047174.23,0.491159391781143,122939590655.856,0.416561407906524
2021-07-21,211315983797.41,0.669059644966482,188624367685.048,0.646609979862388
2021-07-22,298225404391.15,0.948486027102046,275491082105.933,0.948327791047818
2021-07-23,180580342958.52,0.574576813053892,135556233424.678,0.466648532486065
2021-07-24,490357120747.58,1.56674991715005,450463144652.129,1.55925231544727
2021-07-25,199661914197.11,0.633913909677302,166403642113.665,0.572219703152273
2021-07-26,326561751131.12,1.04021969128999,304414132272.331,1.05010331495115
2021-07-27,148283025201.85,0.471070664893323,118876391975.75,0.408766508925574
2021-07-28,154423274557.54,0.493091290315295,114775830591.112,0.397066104073135
2021-07-29,705504498853.45,2.27334658817617,664685055302.988,2.32291516414771
2021-07-30,313338588754.62,0.991790529607263,282708508875.493,0.969814399468251
2021-07-31,189806764272.31,0.597973229038032,159776095317.887,0.545561470959467
2021-08-01,373795891634.03,1.17703279818731,343806638002.962,1.1744550270061
2021-08-02,232236354530.37,0.725904016166598,191189989233.423,0.648419722883581
2021-08-03,214180798834.66,0.669220550378998,173684516300.063,0.589026509233201
2021-08-04,262676748402.89,0.819065124996674,233136235385.476,0.790036386632697
2021-08-05,700422582223.44,2.17378301068576,660266553123.313,2.22777813772787
2021-08-06,357728519094.93,1.08871779281256,316518413888.506,1.04628297932145
2021-08-07,508043813644.41,1.53338617731609,472912780806.602,1.55106377065983
2021-08-08,533676147678.02,1.59160249720613,506761203449.532,1.64189582061365
2021-08-09,336651842329.34,1.00261406048746,328040593183.778,1.06149439495034
2021-08-10,392541237852.23,1.16511055565082,365658148479.532,1.17839703370724
2021-08-11,1615601129637.75,4.76286368434504,1580533237149.15,5.05581054594605
2021-08-12,602542853762.78,1.69040362820066,567438396270.639,1.72086784735994
2021-08-13,745040298001.56,2.06461287610936,736728458433.639,2.2059593539908
2021-08-14,439348628829.47,1.19369776186186,421859535229.261,1.23591517000711
2021-08-15,506460163782.51,1.38249770116508,469992673052.066,1.3836071285894
2021-08-16,461182329497.65,1.24848032190866,443075270182.828,1.29351413932835
2021-08-17,203763944874.78,0.548164714121419,185459440170.177,0.537879055352039
2021-08-18,552216739448.15,1.48646618784621,533728151138.138,1.54848833890454
2021-08-19,334404679261.27,0.889777716627536,307634365460.853,0.881309748037337
2021-08-20,336841722998.21,0.890790565296797,309986047479.63,0.882706759741859
2021-08-21,772331683330.41,2.03131763460898,739512300607.986,2.09413770253515
2021-08-22,331632469320.44,0.855214957871725,313879837771.505,0.870844059887701
2021-08-23,174171035421.46,0.447501796612454,156436596581.73,0.432321775462035
2021-08-24,625550381615.56,1.61970804222651,587863307314.054,1.63849087061514
2021-08-25,214276605970.19,0.548139064305682,195142914785.971,0.536922840862776
2021-08-26,414557043739.27,1.05927642834558,394679248390.728,1.08425820183655
2021-08-27,160683265979.62,0.40997679878386,131946655203.926,0.361749288430537
2021-08-28,477078591483.4,1.22586191770634,439316651653.864,1.21432586051527
2021-08-29,239174552648.46,0.625027113325004,211976243909.627,0.596990885318286
2021-08-30,338506856503.42,0.893886353085186,321315885189.86,0.915322360363532
2021-08-31,176509519583.59,0.464493368122574,149164921646.573,0.422947444160493
2021-09-01,827238083321.17,2.21058631308113,798174430253.762,2.30050581915282
2021-09-02,284715530681.47,0.751385098959159,275421656746.822,0.783399508582315
2021-09-03,162473998766.48,0.437043196139004,142819200838.208,0.414191438648092
2021-09-04,275256929937.24,0.756929738553465,248690443969.485,0.738077663981231
2021-09-05,175198113923.71,0.48643626540984,138465878576.355,0.415322287886504
2021-09-06,172209577353.29,0.482170501658891,145256263265.086,0.43976121425156
2021-09-07,196804955660.42,0.55397850487487,143874187760.632,0.438205032803845
2021-09-08,213897263593.31,0.604514415811915,186458319492.564,0.571260753061008
2021-09-09,638002846964.63,1.81944271010421,628852787193.525,1.94686517046469
2021-09-10,474533034791.67,1.33361569991746,437042251085.092,1.33020884542638
2021-09-11,1696703780936.98,4.77925960712239,1659158488723.28,5.06178681240932
2021-09-12,622326239559.91,1.67922152135733,604270551227.146,1.76025081490568
2021-09-13,136863794741.94,0.364333105172935,127453254890.233,0.365986725677921
2021-09-14,139482753044.87,0.371768791541786,110978657186.467,0.31899977243668
2021-09-15,158939656751.24,0.426536587324576,131282693406.966,0.380226230572651
2021-09-16,289045353566.81,0.781051826704462,270726987304.466,0.789752975180035
2021-09-17,767991214286.82,2.07938675280566,729796739272.147,2.13234251919341
2021-09-18,225403574376.13,0.599180480597004,187306191617.679,0.536827561425271
2021-09-19,197019509449.37,0.522790128898467,178643236059.163,0.511473651003675
2021-09-20,943964961178.81,2.53408203230863,890725026424.476,2.58104605949036
2021-09-21,485055063011.43,1.27751785066885,456233298227.721,1.29646499131254
2021-09-22,243070607460.17,0.645960507013348,203826495629.177,0.584992415738274
2021-09-23,149215026863.63,0.39864222619827,140073866935.746,0.404614638585534
2021-09-24,145598284926.67,0.390763259417563,136441827069.455,0.3958247809239
2021-09-25,225040342201.3,0.606550900638359,196636970045.237,0.573090562023698
2021-09-26,464139995716.58,1.25445976682481,426665872546.139,1.24701682825931
2021-09-27,172737798386.62,0.464449977794183,154779178361.285,0.45000129337636
2021-09-28,255211178748.36,0.685988009555775,227990073151.8,0.662639061827919
2021-09-29,457848151396.79,1.23310501323479,440271833262.329,1.28187611379269
2021-09-30,314582708896.37,0.837527559774859,296931071867.407,0.853790461603207
2021-10-01,145664029074.22,0.387408651489347,128698719679.033,0.369537620033063
2021-10-02,163797218871.61,0.44012428651989,146639351113.217,0.425732052549674
2021-10-03,179426432747.03,0.481917545615693,148395886808.878,0.430758361411126
2021-10-04,280812056276.62,0.75837408743272,257353163785.421,0.751751853315134
2021-10-05,282663872046.76,0.760487725188634,265156649214.318,0.771165076172948
2021-10-06,150393697546.43,0.403125382726324,141812972459.131,0.410745009456863
2021-10-07,335660535237.75,0.901443637979019,298609587545.029,0.865673165939322
2021-10-08,208407203364.73,0.560380658706067,171902444646.061,0.498987708192921
2021-10-09,323176943676.92,0.871018949541253,305532362158.85,0.889271150535965
2021-10-10,312303549199.49,0.838655157643541,285157700044.26,0.826623695936732
2021-10-11,309432518254.25,0.832174438344495,273199752721.216,0.793035998093168
2021-10-12,334438586895.9,0.900094742867684,316699341821.78,0.920126049609413
2021-10-13,147577341263.16,0.394935843232216,137794450579.515,0.397677568192597
2021-10-14,273516439610.69,0.73345435349418,255167621846.737,0.737707231054161
2021-10-15,466164572019.28,1.25104123870695,428570321767.922,1.23989370543925
2021-10-16,187679463287.5,0.499119526567139,159491093088.06,0.456812439542785
2021-10-17,363403477959.62,0.975795203843724,325945970030.67,0.942925617064884
2021-10-18,155269083479.11,0.414750901866723,136934529982.66,0.393971760708699
2021-10-19,182778882797.7,0.49090839695072,163768857002.03,0.473894718673702
2021-10-20,137810883624.79,0.369725335408949,128284867376.81,0.370642204892225
2021-10-21,309779102416.65,0.831530721521227,272364854188.877,0.786554390361749
2021-10-22,677930766258.1,1.84305577296392,640554589784.06,1.87512987377415
2021-10-23,184237470894.87,0.495035599590106,158325894370.551,0.457767203699327
2021-10-24,192651822522.79,0.517736716970412,155834073842.976,0.450585101665779
2021-10-25,308808399201.21,0.834736037679952,282329672226.108,0.821656144061607
2021-10-26,312853101400.47,0.84359056399403,286320244551.441,0.830646915952545
2021-10-27,270760054372.42,0.727783855340324,261454640731.021,0.755569784531613
2021-10-28,684717539564.04,1.83999633424461,675015094158.922,1.94880690026354
2021-10-29,160128224591.39,0.430518328780564,152230156625.035,0.439274435267463
2021-10-30,180155653695.35,0.487446670594222,154987033935.39,0.449768011309489
2021-10-31,215020427512.81,0.587990255819937,178847815095.466,0.524775179833909
2021-11-01,446267532273.72,1.23314589644248,428390849286.772,1.27154897573192
2021-11-02,480941282048.5,1.3241830532457,453503118654.615,1.34133088335362
2021-11-03,193771086462.37,0.53197151466313,159040207586.12,0.46894438396536
2021-11-04,335723307061.55,0.966598901829374,309475994207.041,0.960441610293658
2021-11-05,316372339212.46,0.919291796922309,289502175762.528,0.907099187953006
2021-11-06,514720965330.69,1.5181507150433,465331232351.008,1.48276118323329
2021-11-07,186430244757.72,0.548417807176147,159896615715.677,0.508665976639412
2021-11-08,524622791122.84,1.56076365218978,475209953112.526,1.52971110362653
2021-11-09,156903451214.11,0.465744546685231,131398708610.865,0.422455046764192
2021-11-10,304497732749.18,0.905355416680282,287572506641.226,0.926480579413172
2021-11-11,168046995069.55,0.504069716587237,141755210734.782,0.461049605732896
2021-11-12,464954463093.95,1.40300073662982,428992964318.786,1.40429113619611
2021-11-13,450033587923.84,1.35175599496645,423876188713.537,1.38113632260601
2021-11-14,330457269194.92,1.00415993568022,280540141304.813,0.925427995090094
2021-11-15,143453791636.83,0.435931322656342,125700771352.737,0.4151973249737
2021-11-16,670968544542.98,2.04122594230158,635298173374.494,2.10096789509315
2021-11-17,142445746288.48,0.432637957755948,124602970812.548,0.411301145018283
2021-11-18,143282410482.47,0.436312278662402,117812482489.033,0.389967440892001
2021-11-19,155204271493.74,0.477309697627888,129732117680.893,0.434158971480422
2021-11-20,436545169306.12,1.34280484926824,412052533708.156,1.3790886361345
2021-11-21,180301431624.7,0.555428276349147,147710535126.834,0.494906428533907
2021-11-22,161595899037.31,0.498881996000976,137483895063.185,0.461825744295558
2021-11-23,308334322628.88,0.958125378946901,275000088660.741,0.930601174354478
2021-11-24,136488893028.65,0.422070544955415,112237932865.544,0.377897819927097
2021-11-25,265691781740.15,0.843048109800402,257678541112.944,0.892114772318189
2021-11-26,129459231448.96,0.411073481502819,113671132281.38,0.39383143489375
2021-11-27,178525156194.73,0.567581455621832,145892078930.276,0.506074371455872
2021-11-28,667687683247.86,2.13056642988069,634807675422.23,2.21142571483154
2021-11-29,283536553068.64,0.888138775038997,267528846661.335,0.913170783833773
2021-11-30,127731915988.24,0.398448330423188,102939141234.77,0.349630614272911
2021-12-01,125603726253.05,0.392817242036719,117240648825.039,0.39886557592531
2021-12-02,148523993708.63,0.466030820660734,123624448058.747,0.421766345116469
2021-12-03,479421870667.49,1.53232194361665,462719456808.403,1.6117204503609
2021-12-04,286677739717.46,0.916105247340466,262315789695.41,0.912712979841276
2021-12-05,190901322406.5,0.644621155333656,155599962034.503,0.574650530256321
2021-12-06,139209555767.08,0.478368600777838,121956924567.761,0.459465998268339
2021-12-07,179719071089.24,0.617513006699545,145059651760.965,0.546639004730342
2021-12-08,296339388134.77,1.01654621389258,278747719413.656,1.04882205564062
2021-12-09,155209510648.48,0.529451324334395,128982153539.27,0.482126329331149
2021-12-10,172879767018.94,0.592950873655224,147029257057.728,0.5530736761501
2021-12-11,304143760225.42,1.06914555351691,286905808512.254,1.10816132179015
2021-12-12,149908973095.66,0.525238847671263,132662758106.933,0.510068200146491
2021-12-13,126171373162.41,0.442939365509963,108787700653.88,0.419154382601739
2021-12-14,130103090409.66,0.472905115256643,104568961063.97,0.417887859991678
2021-12-15,293313631960.64,1.08278179587801,258890879771.768,1.05220677846438
2021-12-16,314500384457.39,1.15843587933333,279809075197.352,1.13420251834949
2021-12-17,728699765308.77,2.66479082055513,702666062418.941,2.82917072863801
2021-12-18,783495637008.86,2.79424229669278,757351938417.563,2.96878006878044
2021-12-19,361581222385.99,1.2596685481396,335224809962.776,1.28055627425588
2021-12-20,300538266872.76,1.05148091807631,273228583358.348,1.04808950859818
2021-12-21,198373563462.06,0.690366649631761,179950633332.246,0.686566812631603
2021-12-22,145686918149.62,0.508206767494158,108002749055.6,0.412964660496949
2021-12-23,165493871682.41,0.584882403404716,137170638024.438,0.532547096782222
2021-12-24,278842904812.5,0.99169700951588,250417960244.05,0.97944719959842
2021-12-25,147182096018.4,0.52051401862319,119349531032.389,0.464175094235822
2021-12-26,187990430299.87,0.665299342386489,162699065306.044,0.633570959437315
2021-12-27,181118741570.07,0.640749203019809,155723567096.253,0.606005649716388
2021-12-28,350694092274.75,1.24589209206328,316032977396.352,1.2356752437808
2021-12-29,232431980692.93,0.823379578890381,224314050469.637,0.874986120266551
2021-12-30,557273030832.25,1.96730768508703,531657638859.873,2.06593233073496
2021-12-31,304843463073.62,1.06624009285493,280201057667.381,1.07720120014146
2022-01-01,333083504574.73,1.16035487704932,300324974413.114,1.14887099581828
2022-01-02,225199504375.9,0.784199831072109,198934678611.34,0.761190427093527
2022-01-03,186570659905.94,0.65203919748676,160402435199.363,0.616173292461802
2022-01-04,429120859316.21,1.50742485995548,403449180805.383,1.55785414721105
2022-01-05,616113509460.5,2.15576077434545,598369436766.245,2.30133025975468
2022-01-06,165706398856.93,0.568702085658266,147834860114.905,0.556830898770231
2022-01-07,277473401776.11,0.956498080750371,258271774928.298,0.977504230152365
2022-01-08,354583311876.11,1.2318478397366,317826196860.396,1.21220660034338
2022-01-09,240235911718.36,0.828875208872598,190835755397.957,0.722662652173013
2022-01-10,503472193915.09,1.74594035188136,477191334655.584,1.81811673438693
2022-01-11,264431547705.19,0.904000457675174,240124446551.684,0.900978073619802
2022-01-12,183796794797.37,0.626256859090471,167249101040.893,0.625407267210532
2022-01-13,194597848695.51,0.661825110264475,161661084750.222,0.603464835539192
2022-01-14,301182631267,1.02911801028344,268106169821.168,1.00576175037324
2022-01-15,516448749597.39,1.79213068857755,481590235485.962,1.83717457628441
2022-01-16,657874584247.62,2.25198695005501,622443006694.86,2.34014560848731
2022-01-17,203861500246.99,0.684859480205284,178377278740.873,0.656910732004881
2022-01-18,143009263908.2,0.48245528827155,118870675791.843,0.439769751799278
2022-01-19,157342824988.16,0.534456570499206,124407302603.728,0.463672392208482
2022-01-20,256934999954.64,0.87676891633063,231604050053.426,0.868481174622438
2022-01-21,457083979286.71,1.58734561270782,429425230237.761,1.64279971869216
2022-01-22,661777731194.14,2.27032655144983,621371121525.899,2.34746882373581
2022-01-23,338604714592.67,1.13922513613544,304253292147.694,1.12581936664155
2022-01-24,155676325249.38,0.521188348230217,147377385715.043,0.542340133096035
2022-01-25,180067188474.9,0.609910300137649,145380691282.572,0.54166072941804
2022-01-26,236323327712.09,0.810287454916138,227961483505.21,0.861109564578677
2022-01-27,164349388352.87,0.562531621771137,139517306030.641,0.52538911429991
2022-01-28,822889218705.9,2.83637437507279,788873545046.376,2.99351946594637
2022-01-29,138559527674.18,0.467869316365693,130591038131.121,0.484618189501219
2022-01-30,275400769656.49,0.944214103308081,250818732541.92,0.944749551797062
2022-01-31,150458523368.84,0.513981982392812,124358330012.949,0.466513872380087
2022-02-01,212721079380.97,0.737905681955465,177708865119.255,0.677263224744263
2022-02-02,315391040351.75,1.09154025043367,288435940572.419,1.09694850209103
2022-02-03,269445414063.36,0.932108189740002,251358161199.794,0.955900917209408
2022-02-04,398408311910.71,1.37250563066189,363942629603.648,1.37721944514762
2022-02-05,165646186428.57,0.572208186311902,141799019684.79,0.538168173236441
2022-02-06,313519118823.74,1.09583635231299,288234781076.649,1.10805608489169
2022-02-07,283549541738.7,0.991783373837694,249941266065.214,0.960506734144504
2022-02-08,297991171132.5,1.03625144605545,271940514830.644,1.03914192481205
2022-02-09,415110099920.52,1.46616599320382,379916982465.688,1.47614241272001
2022-02-10,166060966832.03,0.579877960687648,129811390971.634,0.498486685135576
2022-02-11,342980863274.23,1.19654181373633,307160374945.752,1.17887508251634
2022-02-12,167372118360.94,0.579385104534957,140235438171.724,0.533892546456963
2022-02-13,213126085791.18,0.746045354359099,177491935272.37,0.684160872867532
2022-02-14,374677642907.12,1.3097630733543,339005596150.864,1.30494848881729
2022-02-15,272603601364.14,0.94456622746144,237427087705.192,0.905575231337447
2022-02-16,432441688829.92,1.50061385234387,397380175080.398,1.51824558238046
2022-02-17,251599039262.82,0.862527368596475,241421707570.67,0.910575253111772
2022-02-18,386880215271.96,1.3270591556305,368930106485.92,1.39251779696648
2022-02-19,354487368593.2,1.20329780174387,313026357719.808,1.1681123507674
2022-02-20,424765656551.78,1.43167533588413,399399735820.788,1.4794449343757
2022-02-21,191993457689.92,0.653484855054891,165235389689.64,0.618480497422083
2022-02-22,175747235124.62,0.600415001624788,149926379824.543,0.563748128379632
2022-02-23,150000813660.22,0.511457290556725,133665597156.791,0.501549954825502
2022-02-24,245083719928.07,0.834834418261691,227785125713.703,0.85408557802204
2022-02-25,257759740751.84,0.874588472486529,222820485746.836,0.831604053885416
2022-02-26,147952586872.68,0.506544105614628,122372414263.12,0.461635223324044
2022-02-27,185818632311.99,0.639803358626059,150652894008.428,0.571914275849033
2022-02-28,124552174248.8,0.428942481285696,107323587020.892,0.407517014507213
2022-03-01,138975384533.53,0.478902043793346,115118812573.971,0.437405499009306
2022-03-02,176147135899.31,0.608010242006287,150671230985.089,0.573266875317655
2022-03-03,347704179802.71,1.20613378598772,321209056923.254,1.22925236401729
2022-03-04,160270880835.35,0.551571145200448,143477641898.119,0.544315440402792
2022-03-05,607822639032.66,2.09289864032927,592286650069.76,2.2473361376735
2022-03-06,454631738707.6,1.5461736294724,438077764211.363,1.63959834391845
2022-03-07,212489104333.25,0.71385480781597,166479883546.386,0.614720864471667
2022-03-08,272582824828.61,0.912588576745656,248356814655.503,0.914728653239012
2022-03-09,169095628932.74,0.562923866059062,144685428787.527,0.529555557359403
2022-03-10,139237045002.6,0.465817021149225,116258615347.397,0.42764007201523
2022-03-11,213052043443.45,0.717775091970722,182770047876.422,0.677142106889408
2022-03-12,347830176395.11,1.19659135493264,325768426885.807,1.23525975726048
2022-03-13,271841811124.17,0.95216817641097,264396890416.694,1.02246888561427
2022-03-14,180020995870.48,0.632919878684023,136551120304.784,0.52979452980189
2022-03-15,267367865023.7,0.944780700269186,235821613207.928,0.92075940197948
2022-03-16,119853828093.49,0.422294133748495,103994401327.159,0.404991698133885
2022-03-17,264963273461.76,0.934586850786949,229695714671.679,0.894684200593854
2022-03-18,180422453442.57,0.633744764275011,157047456878.627,0.609099825764074
2022-03-19,287905579303.51,1.0154649511457,245519885202.242,0.956358172371723
2022-03-20,300076871719.59,1.05217688472918,276317400473.285,1.07006113141831
2022-03-21,138635576551.85,0.48384216001341,123665739834.761,0.476409964390822
2022-03-22,160986163368.03,0.562839814860401,136569149638.041,0.526893724100969
2022-03-23,648739054740.57,2.28617287126353,624732847349.866,2.43029696001931
2022-03-24,83241528858.02,0.288309868358753,75162788857.9095,0.287070227088876
2022-03-25,334140355039.22,1.18037759403421,309975073605.05,1.20898547002978
2022-03-26,489897211504.12,1.72847158474433,445450328543.794,1.73497656609403
2022-03-27,187092965642.09,0.655788183034863,162772104816.773,0.629740577005128
2022-03-28,159574671061.08,0.560223354558706,127155957835.296,0.492767845356166
2022-03-29,272246736881.55,0.956864004838364,248850550989.561,0.965852684599999
2022-03-30,199842907192.51,0.70702752282031,129662150784.092,0.506872737674346
2022-03-31,155975209714.93,0.561674839616578,131598237200.583,0.525912792473754
2022-04-01,256939430793.8,0.925638400228492,211780627324.312,0.847004078154366
2022-04-02,171120111586.85,0.617012966660285,138095648826.095,0.553530640320847
2022-04-03,184658881089.75,0.671115301035,160093259777.575,0.647255068017659
2022-04-04,255026866435.2,0.929091395529892,230638467003.44,0.933850249640397
2022-04-05,140462308908.14,0.517293827960268,116644175244.61,0.477970161379347
2022-04-06,237470549825.86,0.879334572449757,205419799885.107,0.846845056810006
2022-04-07,266906392460.46,0.986000215421364,234951332132.695,0.966777989545534
2022-04-08,165060723551.52,0.607831089677968,143314770333.45,0.587602173052198
2022-04-09,242304814085.41,0.897636692790775,234786851770.29,0.968544650719071
2022-04-10,367194879345.96,1.37694924094004,342883151662.735,1.43181863994026
2022-04-11,155966839228.41,0.592551472828902,126701126197.951,0.536537759751039
2022-04-12,130011320857.43,0.495013196977405,105308777233.74,0.447112961308013
2022-04-13,219162006096.31,0.834942978490252,202850739512.107,0.861840872738908
2022-04-14,127468826365.75,0.484261115549308,110556192380.258,0.467857792116694
2022-04-15,231623336545.32,0.885132614107837,216506072508.573,0.921844017180573
2022-04-16,122731462231.65,0.473870277977177,92689675083.078,0.398961811516486
2022-04-17,176583910426.05,0.699118503403764,143550637752.082,0.635086069055246
2022-04-18,235726813531.96,0.94045462277888,228372838656.874,1.01897466354306
2022-04-19,306218876825.55,1.21706215206064,282997523391.684,1.25729478645952
2022-04-20,145321434260.96,0.574150724504474,123597345313.453,0.545147498178178
2022-04-21,436346794762.94,1.73137404565659,405536626136.693,1.79854547308899
2022-04-22,268975492566,1.05372536506334,245436487245.085,1.0734286665664
2022-04-23,146551316536.69,0.589347038608345,123700663263.492,0.556764438436436
2022-04-24,269648436585.51,1.08395975526407,245060944874.502,1.1034024281889
2022-04-25,257020350167.92,1.03348061047263,223387150948.539,1.00612531712979
2022-04-26,229380069335.97,0.917657856682851,220566318592.551,0.988173439923669
2022-04-27,332222890709.32,1.32803715579379,315981769727.842,1.41242184336339
2022-04-28,408107081823.1,1.63007307141901,392368011274.66,1.75129723729836
2022-04-29,121263637469.39,0.481182085930108,105327340207.745,0.466622302896599
2022-04-30,224032973952.15,0.900770459597585,208609386136.072,0.936963256260152
2022-05-01,188610685704.75,0.75623443476245,165108660985.488,0.738941206784412
2022-05-02,153183236971.99,0.617871942571891,131372315755.592,0.591837241846547
2022-05-03,118188160479.37,0.479720665217178,103141474768.193,0.467629904927566
2022-05-04,120698910379.48,0.49420547006174,112700212087.145,0.515666129593246
2022-05-05,1213933016671.58,5.04285631044993,1192012553005.32,5.53468042543091
2022-05-06,131174974348.78,0.518072776560611,117173462510.589,0.51388088663299
2022-05-07,232279746568.82,0.926611688411702,218434869117.653,0.967574777558004
2022-05-08,279106915594.93,1.10999334498198,247285431506.717,1.09087223040033
2022-05-09,127500098904.95,0.505482062632828,119889162935.254,0.526946310649736
2022-05-10,115577408872.91,0.463622474263213,99020049583.7,0.440268508601477
2022-05-11,103578322435.43,0.418628992796608,87108467606.977,0.390164954437616
2022-05-12,174692308352.78,0.717399595799735,170462676892.257,0.776358703328082
2022-05-13,100885984903.89,0.415866702627018,89004564796.799,0.406929811694663
2022-05-14,175479126919.48,0.733646954186764,163174427935.943,0.757577650388243
2022-05-15,185472512288.32,0.782398328311975,168989837020.537,0.791129606413836
2022-05-16,104973313476.39,0.448206172330927,96835330269.618,0.459233868499652
2022-05-17,168036447396.42,0.720655430026235,152754143063.161,0.727232746696327
2022-05-18,110453888666.62,0.473888521458602,92986674691.399,0.442620524018151
2022-05-19,153324402881.24,0.659150486610492,145026498456.24,0.691927299946539
2022-05-20,194491074756.72,0.840073524318174,182175357605.19,0.873270850411868
2022-05-21,296643998184.08,1.28548907610986,281443434506.713,1.35225612590716
2022-05-22,217315540602.37,0.934555170466545,198915241283.344,0.947113980615493
2022-05-23,234758059092.13,1.00794057786691,230918018339.801,1.09649219621432
2022-05-24,487515445276.62,2.08143705244901,476358948199.479,2.24625134086141
2022-05-25,123786503518,0.519304274863249,112911502386.581,0.521847221307587
2022-05-26,106540840167.97,0.448127806690919,99215448422.421,0.459502313896075
2022-05-27,361395275097.22,1.53866701929467,354677455442.812,1.66299293970697
2022-05-28,244253982055.79,1.02943519553957,237611212330.248,1.10111801177825
2022-05-29,193012121880.11,0.828585536918579,182551491100.704,0.862847989127084
2022-05-30,343104866870.55,1.4928820376421,328468542578.611,1.57518801640836
2022-05-31,86637097584.59,0.374432970391801,76037708062.184,0.361301505793008
2022-06-01,286185979398.08,1.24880161783415,278916515856.09,1.33834799935193
2022-06-02,135241256972,0.586571116608345,125088552164.746,0.595655318252845
2022-06-03,114887602323.29,0.498395661177145,108004571008.333,0.514046324525359
2022-06-04,157657594414.87,0.687421788668702,147182649670.526,0.703494049913475
2022-06-05,138964185663.56,0.611955245741209,124067334688.876,0.599096885008585
2022-06-06,99391123679.68,0.440758096348974,92109923965.568,0.448398006401876
2022-06-07,132271416096.51,0.589075950473733,125306322735.765,0.611575682094401
2022-06-08,173392862039.55,0.777782864022355,163064258556.188,0.801002208191072
2022-06-09,163429482305.26,0.7310004965804,152456746732.096,0.74631810585714
2022-06-10,180333189445.57,0.810993413546669,169419084346.955,0.833103477052509
2022-06-11,101001908134.95,0.454227388564437,89987377676.7025,0.442184782239078
2022-06-12,218814040579.55,0.994000452880501,215430065943.404,1.06831166895939
2022-06-13,159368503930.15,0.727154455431764,149080103934.043,0.741951012033996
2022-06-14,93821208812.89,0.427598705696278,83984496821.221,0.41735076914993
2022-06-15,89272454587.68,0.408355461249774,79070586391.295,0.394157861094347
2022-06-16,166927004564.1,0.787561466563085,156544040606.121,0.806469052478707
2022-06-17,90172927218.3,0.423445459637165,76673587295.249,0.393038174770181
2022-06-18,106337714509.9,0.50625884318235,94040172022.8655,0.489023780359242
2022-06-19,400632015483.66,1.94973772332977,386917044513.665,2.0567742280395
2022-06-20,89658685193.89,0.431005609087269,78524485193.422,0.41158243084757
2022-06-21,82879248272.67,0.400016158016836,79165871365.6,0.416207215301916
2022-06-22,329664154695.99,1.6086249261671,315045294058.94,1.67410074747949
2022-06-23,163829896248.47,0.793438628456611,160317909238.665,0.842029190627515
2022-06-24,189069200173.86,0.915259695840046,178228065718.845,0.934419766697737
2022-06-25,133057450917.02,0.64664324728688,116598782425.261,0.612590671932131
2022-06-26,176311503586.31,0.858743829883149,166394338868.448,0.875385256321768
2022-06-27,110518774151.05,0.538554046270733,93548040368.9175,0.491953462242703
2022-06-28,254927296914.42,1.25275362373075,240590391504.468,1.27617741453128
2022-06-29,78314435153.19,0.382289722182204,74429310187.4005,0.391733620939552
2022-06-30,132567979653.39,0.653168032454191,122496432672.319,0.650054015144639
2022-07-01,90707059237.02,0.450467035182094,87400582752.0575,0.467128892118621
2022-07-02,92765545802.96,0.462723912552591,81351688468.165,0.436351830152475
2022-07-03,103019244003.15,0.518474429142359,91175704807.818,0.493884443643098
2022-07-04,108358909237.87,0.554118366868108,104602668248.515,0.575965061783861
2022-07-05,162815096073.89,0.835012771962759,155160435625.236,0.855586501776344
2022-07-06,100302411842.87,0.513382284965282,83120689740.543,0.456849498359987
2022-07-07,114320952156.77,0.589402711245382,99566610896.325,0.551560850265672
2022-07-08,100000888040.39,0.515989377777808,85507919848.184,0.474024636093538
2022-07-09,119823556774.88,0.623310890809919,106040078525.82,0.592973856351296
2022-07-10,179519501527.66,0.934011785990995,159568267797.526,0.891510017188391
2022-07-11,140374129693.62,0.730211789467883,129644067379.844,0.7235522670039
2022-07-12,74343291393.71,0.389023316757783,70818865082.297,0.397854646655307
2022-07-13,59549214247.04,0.316175999891982,52910627654.99,0.30152643229936
2022-07-14,210558454003.62,1.12405221551895,200089208755.879,1.14576049945654
2022-07-15,287221097034.38,1.55563312434586,277073467837.982,1.60912775878567
2022-07-16,126091699096.02,0.682129326240369,114373643706.97,0.662784955900854
2022-07-17,337153924343.15,1.82633762680741,327163348326.328,1.8971027918785
2022-07-18,82379562826.49,0.444309751946015,68941530938.779,0.397514214774459
2022-07-19,65445545447.35,0.356979954844435,62183895846.0915,0.362391854567307
2022-07-20,171063954336.83,0.943127029808222,156275800284.55,0.920853995562336
2022-07-21,86517153683.34,0.482094487896104,79862501913.623,0.475921024876353
2022-07-22,178320428371.62,1.01530405890422,178320428371.62,1.08675044595924
2022-07-23,121489985787.02,0.68906332984341,111503271978.039,0.675962298260365
2022-07-24,82088077446.53,0.468830841601422,75722237562.3865,0.462287987212443
2022-07-25,111811019829.04,0.643246741476139,101765108681.777,0.625343560331744
2022-07-26,108467519122.17,0.625784801668381,94293118940.816,0.580686112737703
2022-07-27,157669333811.16,0.910253977108605,143727168640.687,0.885690788271809
2022-07-28,91898885468.05,0.529204453369937,85086937776.692,0.523140990393543
2022-07-29,145621107592.88,0.908444284928454,132082320767.693,0.883679401435835
2022-07-30,188705916180.71,1.17596336506573,179206887085.429,1.19753810064281
2022-07-31,288017231773.27,1.80066503451445,274447788411.574,1.83972029347713
2022-08-01,293707981853.39,1.8350262906034,286829928713.177,1.91856345719292
2022-08-02,147712751423.92,0.911608929452042,140833657168.636,0.929657469309118
2022-08-03,111379515325.43,0.685759369265806,101181123935.521,0.665719524957487
2022-08-04,110133681162.99,0.677701303319832,103181983928.81,0.678136659327618
2022-08-05,103281537815.04,0.638556933012298,89540373937.387,0.591594955844975
2022-08-06,123256400518.04,0.761920820112451,116354973594.925,0.768727129165997
2022-08-07,88673219905.91,0.550256381171053,78452119490.9075,0.520228508002846
2022-08-08,91541967530.28,0.572149653759173,81714754933.7355,0.54576428412437
2022-08-09,158606765342.72,0.992305380606999,155362172855.503,1.03889668013229
2022-08-10,98816958988.41,0.618671696698168,88953923992.571,0.59470559670154
2022-08-11,86360446353.7,0.541153516500196,76516648311.8965,0.511719856262062
2022-08-12,169601638347.52,1.0680966353797,156540577654.716,1.05263687472964
2022-08-13,149335871470.88,0.942227561195583,139582258919.943,0.940532935904414
2022-08-14,233171356055.78,1.48764386605387,219800606989.154,1.49810798138319
2022-08-15,136935306436.73,0.872602617200465,126665276972.344,0.861859470679561
2022-08-16,111410056051.85,0.715254135718826,97042379925.433,0.665922063274165
2022-08-17,129731688850.81,0.85752917740881,123044898481.822,0.871357016579077
2022-08-18,337849306714.62,2.23214671818866,327595994933.614,2.31792962659947
2022-08-19,150323740024.81,0.975432079312705,143957337474.403,0.999355966049674
2022-08-20,71061545956.98,0.468752539390901,61175744811.6615,0.432210542298203
2022-08-21,117690665624.61,0.787042544527334,98863026779.4475,0.708994806694545
2022-08-22,70060584967.06,0.471348383815197,63579638201.007,0.459241712423535
2022-08-23,83112391293.38,0.571658761969954,76785208626.514,0.567554309770334
2022-08-24,188600641088.65,1.29759634014409,182211276412.517,1.34671762161217
2022-08-25,84170291798.96,0.583768259910772,69190830819.5705,0.515775852617407
2022-08-26,71703023949.4,0.49940661928395,62419737872.234,0.467621088578263
2022-08-27,138221611184.17,0.966163522271949,131839550754.659,0.991715457698629
2022-08-28,148015978810.3,1.03630181406491,136029869648.003,1.02464344245849
2022-08-29,69940385270.04,0.489303300734872,63645263451.0245,0.478893507465896
2022-08-30,165612958506.59,1.16147802829826,158954172292.112,1.19909489533389
2022-08-31,78817483181.62,0.551228899129566,68633819527.2985,0.516189821532039
2022-09-01,89856947951.05,0.633423759243232,80022688700.5535,0.606976527328402
2022-09-02,162803332080.95,1.15477054720379,149652102163.007,1.14259280952435
2022-09-03,142033997833.12,1.00894630904848,132408674423.917,1.01275895249721
2022-09-04,267104997719.55,1.89083397780333,260798825339.568,1.9871056291294
2022-09-05,946156767726.89,6.67068818843793,932897869311.964,7.0789015812287
2022-09-06,118585383952.88,0.784271622236737,102450032528.478,0.725994350575572
2022-09-07,95297980197.36,0.629032507518532,80901772475.784,0.572404674901236
2022-09-08,124612658703.92,0.822140368127807,118949257117.431,0.841472425122297
2022-09-09,145287775275.02,0.961742159594426,136280227826.77,0.967137476700051
2022-09-10,141885737224.56,0.935160466991707,132572683230.618,0.936112112921856
2022-09-11,250507133317.28,1.64648521939934,244031558238.801,1.71757365395668
2022-09-12,97327256995.05,0.647297445786373,90981904107.463,0.64811979415486
2022-09-13,145328126063.58,0.965951844430663,135541745121.044,0.964527841677109
2022-09-14,315604956135.34,2.08741535348851,305746607898.427,2.16538004801575
2022-09-15,97549380730.53,0.645907912105682,91010775447.742,0.645068622688915
2022-09-16,200910022505.19,1.33728092905892,193741844648.564,1.38128650391215
2022-09-17,121712937356.44,0.80937633476576,109798182971.168,0.781779028683998
2022-09-18,109291349850.62,0.727427574111717,99459956359.169,0.7085778070049
2022-09-19,78048074078.6,0.52225018027581,64523683718.118,0.462307453024523
2022-09-20,99709140471.74,0.668923079386535,81198033927.218,0.583221819560191
2022-09-21,117569376431.31,0.798643331103632,111096727476.726,0.809001623573789
2022-09-22,162800414874.38,1.10239613783089,149006224586.595,1.08161882333735
2022-09-23,372139393233.61,2.51379977488676,362297543614.099,2.62386477381564
2022-09-24,168130076365.45,1.11058330399019,155158913405.405,1.09768988062298
2022-09-25,162096474332.12,1.06442012723748,151960163034.021,1.06841848160159
2022-09-26,221765119688.88,1.4495448981229,208768362184.882,1.46040176678365
2022-09-27,154659108468.87,1.00207046658131,141866850379.261,0.983869452175948
2022-09-28,90968755610.93,0.589777655914054,79285343349.262,0.550460774804135
2022-09-29,125481228184.08,0.814118824282611,122249385885.546,0.849019851684184
2022-09-30,74055223251.41,0.480054486707651,64237370862.49,0.44529232969918
2022-10-01,107503462311.16,0.698276989853355,100665336347.376,0.699037384311103
2022-10-02,119536049816.62,0.777173732803097,100816212552.592,0.700396296782467
2022-10-03,86788798753.03,0.566896647408017,72906944855.146,0.508976573615866
2022-10-04,161828492472.6,1.06147217969951,148342048892.128,1.04050908208895
2022-10-05,154981479091.47,1.00966356142687,144767751267.569,1.0089069636268
2022-10-06,154575270856.06,0.999618661957523,144672323627.319,1.00061620325293
2022-10-07,83831233728.06,0.544472602749618,73750204087.132,0.512426399699751
2022-10-08,347718705257.2,2.29446926794143,335717048561.456,2.37250849572756
2022-10-09,337562629285.97,2.18933676742542,327629204521.115,2.27302399513463
2022-10-10,181463230410.24,1.17688260283105,167669832125.408,1.16321403272218
2022-10-11,124185101108.95,0.799289755394644,111007028629.131,0.763885616953474
2022-10-12,75422229005.09,0.483263331786716,65271460776.7715,0.44737078235501
2022-10-13,136688309346.82,0.882258484738786,123289613696.226,0.851349084500813
2022-10-14,178848867664.99,1.14995176181777,169048109194.296,1.1631717551698
2022-10-15,121862004212.82,0.783509340288723,108767744139.368,0.748968641865269
2022-10-16,177506286711.74,1.14124065489576,171083643447.845,1.17833669927129
2022-10-17,119759758782.2,0.764388558389633,109985067676.527,0.751643791188786
2022-10-18,168100391900.54,1.07228385082104,153568886561.555,1.04879653252393
2022-10-19,79125152557.6,0.502450598593364,75589939456.235,0.513764423353822
2022-10-20,172776063067.46,1.10369417338326,162468138257.967,1.11037383343498
2022-10-21,93507489709.1,0.593674804527472,79462730350.496,0.539683075888746
2022-10-22,126837509319.34,0.808470061877321,113189115101.406,0.772025430888557
2022-10-23,199677802945.89,1.27876193645516,193152203270.622,1.32452732816631
2022-10-24,297601111651.58,1.91879824111177,287630357453.36,1.98558208248813
2022-10-25,248407140280.92,1.60113916140426,241679829697.464,1.66826471131931
2022-10-26,243658126193.06,1.5584869235934,230177810814.816,1.57580975295763
2022-10-27,239829820763.62,1.51870332892068,224806962449.983,1.52302855820513
2022-10-28,217608727922.27,1.36464749547637,207250796227.166,1.3904490969522
2022-10-29,132251081564.8,0.822341746730213,114843620288.238,0.763311560624964
2022-10-30,255778539364,1.58938145396921,243618538645.921,1.61941157051661
2022-10-31,117503368154.99,0.721238142040755,100884958158.131,0.66196296078486
2022-11-01,179360155081.94,1.09883186813817,173068709587.92,1.13390318647795
2022-11-02,261560841450.87,1.60000427959086,251562701972.072,1.64590323582928
2022-11-03,88097349025.72,0.532591796856371,74376691385.436,0.480539269439182
2022-11-04,249716599469.09,1.50947095067152,239369421002.768,1.5467929601261
2022-11-05,263986404631.67,1.58658125589169,253275467404.279,1.62629063421859
2022-11-06,177372843437.06,1.05735265814049,167253544453.549,1.06468785819562
2022-11-07,93741221358.65,0.561030517167173,86741634649.175,0.554379861723147
2022-11-08,123474891842.79,0.741264399366546,110694147529.271,0.709619799816504
2022-11-09,110869107017.22,0.66501390459997,96333274465.527,0.616914740575079
2022-11-10,168781420378.08,1.01374836849017,154428160950.491,0.990970296544526
2022-11-11,111558154480.03,0.678248737436155,95957677628.985,0.624018438330359
2022-11-12,223446867193.85,1.36232960233369,200627635523.104,1.30955968261684
2022-11-13,325958410660.85,1.96559031693764,310914293250.972,2.00767963642811
2022-11-14,415899322983.35,2.47100657755557,401559646188.994,2.55141684925871
2022-11-15,173204800301.56,1.00450023561817,163357668662.479,1.01206349403539
2022-11-16,181580890920.3,1.04656754486832,158661113955.891,0.976730000821341
2022-11-17,152289060498.36,0.878162847967102,120704881032.602,0.74435320448489
2022-11-18,132991845946.2,0.763317551356639,104247829767.347,0.640445130222419
2022-11-19,287172525529.03,1.64137644473409,272163526935.477,1.66693350779729
2022-11-20,101340686725.39,0.573415830047962,87360562036.6965,0.529642527086148
2022-11-21,118108693016.75,0.670402008225049,93798939801.5935,0.570681243783534
2022-11-22,195025199739.44,1.1033997762616,180814307260.132,1.09769323493293
2022-11-23,188439702406.08,1.06403293452143,169719543620.168,1.02871355654818
2022-11-24,135333159303.43,0.758574688626199,114457228544.184,0.688730844296177
2022-11-25,246076720847.88,1.37514581238979,223412121835.935,1.34104414126744
2022-11-26,179983188059.23,1.00025523723893,171236009130.434,1.02246479021224
2022-11-27,180801838038.61,1.00228839069647,163714866167.606,0.974864763119826
2022-11-28,154383264559.04,0.860737461707546,146307349105.368,0.87724643380641
2022-11-29,154883757040.66,0.911425422000071,146681102412.842,0.931805298460318
2022-11-30,118178660464.88,0.693667546109442,101342972680.479,0.641644311815981
2022-12-01,573449849621.93,3.36057775458932,546296891923.109,3.45351082359145
2022-12-02,120184114151.79,0.682928091118683,106522100357.736,0.652415432223716
2022-12-03,283987545457.31,1.61646142405654,274969144336.263,1.68776432611884
2022-12-04,217119579020.01,1.22406131594953,192525138616.267,1.16955255111471
2022-12-05,377156693749.69,2.13108257609234,342110241823.81,2.0860230106924
2022-12-06,185651716085.94,1.02962390429007,168106237877.137,1.00667959924348
2022-12-07,145016696367.56,0.802126682781925,122652444471.126,0.73278503538352
2022-12-08,107100211720.81,0.599130337877525,100053452690.263,0.605654889577829
2022-12-09,127183028699.64,0.711023571800277,105235261275.602,0.636607158375222
2022-12-10,218128539225.19,1.22547254674579,193792796692.199,1.17984479721326
2022-12-11,372845484515.3,2.08126999757728,341162284419.417,2.06448812197682
2022-12-12,117209584449.08,0.64301660364711,97087318661.314,0.57745341369465
2022-12-13,166747530013.71,0.912450093835291,154687566503.868,0.917930163627682
2022-12-14,181764635732.71,0.990299635534203,173561324820.147,1.02460941864369
2022-12-15,169993999947.81,0.922329921312614,157812386260.572,0.927564488619301
2022-12-16,151408165549.31,0.821107951384502,147149181437.114,0.864357399852984
2022-12-17,428403993010.95,2.35688277333793,411579969146.631,2.45455843992701
2022-12-18,227829037785.59,1.23240294700373,198512930327.601,1.16271337950181
2022-12-19,92425453607.78,0.497852587179944,76243697282.417,0.445123349367533
2022-12-20,178516106641.62,0.969624595461864,166561093852.795,0.981451166873391
2022-12-21,129183836394.87,0.700591644599633,117609331720.193,0.691807484313529
2022-12-22,112800805255.25,0.61023734882288,100164083743.47,0.587613194594205
2022-12-23,118356423475.83,0.640815832607913,102280141618.27,0.600953986162551
2022-12-24,120027215721.16,0.648011606267949,103392380966.255,0.605876794449065
2022-12-25,95347068326.56,0.514352624937207,82824940139.9745,0.4852597827742
2022-12-26,108873377275.55,0.588234486552064,104740131542.927,0.614428858422243
2022-12-27,204879829283.65,1.10537978267058,188834529988.242,1.10528809644047
2022-12-28,245873166950.32,1.32289146309157,233502091107.361,1.36289121859351
2022-12-29,104265319732.36,0.557740150988821,96230444487.8975,0.558230292398141
2022-12-30,123745060563.8,0.664069499091373,103408628951.398,0.601884271165647
2022-12-31,208799992983.92,1.11766107472067,188097496075.804,1.09256590099311
