date,baseline_payout,baseline_ratio,adjusted_payout,adjusted_ratio
2011-01-01,53676060654.48,,52509435536.2705,
2011-01-02,63989749854.99,,60341576639.153,
2011-01-03,23457534772.1,,21119829885.2695,
2011-01-04,23730297481.78,,23730297481.78,
2011-01-05,21964973837.04,,21964973837.04,
2011-01-06,24166249244.26,,21796057410.121,
2011-01-07,74780418652.69,,70116067320.022,
2011-01-08,66721767656.96,,65538868091.5255,
2011-01-09,29128915745.93,,25862564804.557,
2011-01-10,67833600131.11,,65494004596.6915,
2011-01-11,22124571740.11,,19858053189.893,
2011-01-12,24054290191.49,,21640813391.021,
2011-01-13,25848701685.39,,24619633455.8485,
2011-01-14,28891628084.62,,27665462096.9995,
2011-01-15,43837498208.9,,40287186727.2715,
2011-01-16,126491273983.42,,124174897148.188,
2011-01-17,31318198753.66,,27767499560.197,
2011-01-18,16958951344,,15789571578.2605,
2011-01-19,29516571608.24,,28231319782.0825,
2011-01-20,28131558837.2,,25602199926.661,
2011-01-21,34537884117.9,,30741776856.1885,
2011-01-22,114510684246.66,,109612184032.741,
2011-01-23,31053851143.79,,29778888918.6655,
2011-01-24,35033621069.52,,30102482081.2245,
2011-01-25,107058851343.88,,104662042374.903,
2011-01-26,45333051279.41,,45333051279.41,
2011-01-27,27157733309.68,,24877347665.153,
2011-01-28,48118504590.23,,46869854261.7815,
2011-01-29,38676991857,,36043017897.6865,
2011-01-30,59487963485.87,,54361367180.0865,
2011-01-31,41825104372.18,,36764744002.704,
2011-02-01,20303897446.58,,20303897446.58,
2011-02-02,76523712558.67,,72661168657.5375,
2011-02-03,36959447023.36,,35636966050.237,
2011-02-04,36415513612.71,,33761065777.712,
2011-02-05,55028400681.3,,52478087640.5885,
2011-02-06,40011440130.98,,34753768480.2605,
2011-02-07,25015625060.66,,23630777655.7845,
2011-02-08,70542111082.85,,68040732769.3095,
2011-02-09,61267610077.15,,56415360326.017,
2011-02-10,61492640968.5,,61492640968.5,
2011-02-11,33362547488.06,,31959037745.01,
2011-02-12,84254713042.24,,79551772485.6815,
2011-02-13,42321891894.45,,37336481599.4185,
2011-02-14,165309511247.9,,159572957526.312,
2011-02-15,126519569458.06,,120870970291.49,
2011-02-16,38151108388.44,,36865514332.6475,
2011-02-17,26018032722.14,,23302910700.8395,
2011-02-18,27869346488.01,,27869346488.01,
2011-02-19,43290630469.14,,38205606460.156,
2011-02-20,38972693777.77,,38972693777.77,
2011-02-21,88940558037.31,,86106202847.214,
2011-02-22,30919779566.28,,29576884755.038,
2011-02-23,53434060366.89,,48018627377.9305,
2011-02-24,30605965795.31,,30605965795.31,
2011-02-25,44791018767.35,,44791018767.35,
2011-02-26,68400192007.65,,64034188333.062,
2011-02-27,60777043607.49,,57856101333.689,
2011-02-28,30161830411.05,,28666279964.711,
2011-03-01,34898041989.96,,33429634518.4895,
2011-03-02,37691146022.89,,36229227587.632,
2011-03-03,36471805781.52,,36471805781.52,
2011-03-04,98211298858.85,,94008125181.7525,
2011-03-05,42167138348.05,,37987562964.482,
2011-03-06,60454391584.9,,54712663020.591,
2011-03-07,93369306990.49,,90664203200.8375,
2011-03-08,17586157240.2,,17586157240.2,
2011-03-09,46463312542.91,,45038055177.3815,
2011-03-10,44885618784.42,,44885618784.42,
2011-03-11,26558596735.83,,22158970043.8325,
2011-03-12,126931747510.14,,123999984612.333,
2011-03-13,90435543131.82,,90435543131.82,
2011-03-14,60783756846.08,,56411297931.7045,
2011-03-15,41517218763.41,,37508895737.6355,
2011-03-16,23612390907.79,,23612390907.79,
2011-03-17,201875308714.29,,201875308714.29,
2011-03-18,101661204396.7,,95979817531.0275,
2011-03-19,134093358595.1,,131433608026.16,
2011-03-20,275471605775.42,,269751265385.198,
2011-03-21,32217656692.91,,28766412967.854,
2011-03-22,22605125945.96,,21295821476.5805,
2011-03-23,211127485075.04,,208634162955.683,
2011-03-24,35305418529.42,,33917753116.136,
2011-03-25,37420995585.33,,35990907521.366,
2011-03-26,44989413542.4,0.777451856915564,40789639013.3475,0.736943463682517
2011-03-27,218190443363.73,3.77724971504584,215393650614.049,3.90133572363314
2011-03-28,35556730132.88,0.596588523338725,35556730132.88,0.623189042324869
2011-03-29,88635468661.83,1.48358458736054,84441260494.041,1.47552461314887
2011-03-30,30737334948.78,0.507914003606984,30737334948.78,0.530404826401049
2011-03-31,186953078916.98,3.08395327957238,182973259486.991,3.151715047711
2011-04-01,184263727747.67,2.94543064063596,184263727747.67,3.0723977731162
2011-04-02,226298447060.07,3.54352331440135,224996846207.866,3.66845770522757
2011-04-03,232340288604.03,3.53303296913829,231121351898.973,3.6551832058104
2011-04-04,164591148513.99,2.41401623452318,163338421779.367,2.48708349920749
2011-04-05,213243078119.51,3.07562127135861,208657448209.72,3.12176862961871
2011-04-06,31565617163.56,0.440807907464133,30377464216.467,0.439698002500872
2011-04-07,77512005649.07,1.08109057954589,73733000061.647,1.06564256483394
2011-04-08,201967786946.94,2.79296594153366,198044232854.012,2.83829395335264
2011-04-09,53660280289.58,0.721497844212718,48342433052.273,0.673254313857026
2011-04-10,27555635053.45,0.369922048443826,24844136793.0005,0.345537296089269
2011-04-11,190198700046.15,2.59435291905754,184925822096.217,2.6149935501394
2011-04-12,24109659499.23,0.320590069208732,21540016201.955,0.296741694279153
2011-04-13,184960797377.17,2.45667300742047,183735031647.316,2.52880375468147
2011-04-14,181241318868.88,2.34952168818813,179997721382.652,2.41581314076264
2011-04-15,147157601405.81,1.8636414120628,142221576030.7,1.8628514178922
2011-04-16,301299050864.15,3.75202208028159,297261021525.587,3.82706761792223
2011-04-17,160742099641.71,1.94775675176199,159416972621.681,1.99502569230526
2011-04-18,151645836357.32,1.80378957599775,146409882116.484,1.79753117648906
2011-04-19,51021567456.74,0.597030250350143,51021567456.74,0.615941025863279
2011-04-20,24235009478.02,0.285817772378463,24235009478.02,0.294842090462988
2011-04-21,96972879731.05,1.14705617941939,92815525825.98,1.13265075237139
2011-04-22,44562163631.75,0.521977637919884,43357784701.202,0.523934590634367
2011-04-23,167171698386.39,1.95913250933344,163264490235.216,1.97388206267646
2011-04-24,38709735681.98,0.445661009011465,37586246661.8145,0.446249779575273
2011-04-25,226228444910.61,2.61198214377744,224068510475.248,2.66661812253549
2011-04-26,108655291155.48,1.22349826030484,105165755797.594,1.21921376693115
2011-04-27,159038854624.3,1.76987377029415,155182954014.975,1.77824884358292
2011-04-28,48343573230.3,0.532176783425557,48343573230.3,0.547804452376242
2011-04-29,21582641382.97,0.237232580807084,21582641382.97,0.244144877361133
2011-04-30,32332662271.51,0.356086058474316,27276663158.3045,0.309063065623586
2011-05-01,46994591315.1,0.519105471829124,44527691235.062,0.506249839639515
2011-05-02,37643459754.78,0.415430746722184,34269374170.138,0.389104944509462
2011-05-03,23937043930.7,0.263730102259602,21577500284.867,0.244645724706256
2011-05-04,23304986381.51,0.258345534920287,23304986381.51,0.265899534720556
2011-05-05,25476615989.66,0.283840973513192,24383013905.744,0.27945615252256
2011-05-06,32040899243.93,0.358688632140789,28588174409.6075,0.329319358618377
2011-05-07,63192616654.37,0.707547754966153,60622950666.7785,0.698664561480903
2011-05-08,45819386568.02,0.514469535455255,44508292866.958,0.514282707439403
2011-05-09,44088647426.06,0.494805114038947,41539665677.7375,0.479507879194743
2011-05-10,43611934307.54,0.497512654647629,42241055249.391,0.495643754814287
2011-05-11,44517524255.62,0.513626479218037,39787876971.6905,0.472043626295548
2011-05-12,34968201906.08,0.403097497289348,32372433966.5425,0.383908305332843
2011-05-13,35940329379.57,0.413795493186048,34622473307.2855,0.410066709337844
2011-05-14,41249904312.96,0.474401964497362,36064710578.58,0.426742151772569
2011-05-15,37551259403.49,0.431985729146977,35026102458.1845,0.414577662453605
2011-05-16,32328722232.79,0.371978624124449,31087490495.658,0.368164009340774
2011-05-17,37979908639.81,0.44041717792531,34189998067.079,0.408071855919549
2011-05-18,44450339477.66,0.514946774357556,43097333692.307,0.514047671104235
2011-05-19,22142419131.12,0.256832951603353,20774409968.6945,0.247962086713673
2011-05-20,74890761523.56,0.869684588582912,70751064516.272,0.84566177660645
2011-05-21,72505472792.47,0.838495789569531,67054577801.4535,0.798529293848742
2011-05-22,115169302527.96,1.33113298418689,111151348620.91,1.32309562066908
2011-05-23,85249566239.04,0.977999569159022,83933583081.601,0.991618479799562
2011-05-24,53171404330.02,0.605437636895314,50596600076.0915,0.59315390466379
2011-05-25,39147826192.67,0.444656359144391,35208540152.165,0.411770107451251
2011-05-26,83675131938.86,0.950227789169757,80019495632.1835,0.935975171465736
2011-05-27,54974308733.6,0.620338080493859,54974308733.6,0.639149886416744
2011-05-28,65793053045.74,0.746755701012284,65793053045.74,0.76908735197248
2011-05-29,40342107185.1,0.456428634741404,36612622734.748,0.42633328562725
2011-05-30,72659733506.06,0.824301652499679,71374516176.9485,0.833206476986906
2011-05-31,35292130477.83,0.401501014102207,32823469437.254,0.384202104712153
2011-06-01,139483405208.96,1.58303719771212,138212004960.575,1.61435810228727
2011-06-02,99376692470.72,1.1138556696871,98095353142.84,1.13112860402016
2011-06-03,94001054479.56,1.04599787729986,92699137695.429,1.06115440186256
2011-06-04,55290651018.37,0.609799366135525,52803648662.6045,0.598703605434957
2011-06-05,35066234532.11,0.390417099506622,33812573526.2005,0.387097128057712
2011-06-06,40106556401.24,0.449835843878531,37551130856.0425,0.433240694061335
2011-06-07,40267064246.29,0.452886478297131,35040674000.816,0.405326636090498
2011-06-08,32643605478.09,0.367206372022136,32643605478.09,0.37772736657411
2011-06-09,50283918169.62,0.564958139512692,46361244460.9365,0.535791051035497
2011-06-10,54755945076.17,0.62793500489523,49548795028.0085,0.585148965048999
2011-06-11,80780060148.18,0.932347020200254,80780060148.18,0.960244365185662
2011-06-12,75415993886.67,0.876859379796943,71534387988.855,0.85647909688456
2011-06-13,94345321353.74,1.12819075281151,94345321353.74,1.1624359248105
2011-06-14,37513708130.64,0.444659913565245,33630686391.2675,0.410418413149869
2011-06-15,34654692398.32,0.409908895564532,30811931094.4685,0.375346568418748
2011-06-16,31472318175.17,0.381753068029671,30202803700.371,0.377665563801343
2011-06-17,42635035763.34,0.517441058856492,41406999856.716,0.518052922202271
2011-06-18,33204446706.21,0.402683149078355,29441075395.8815,0.368047466231775
2011-06-19,59486126889.81,0.722640763804666,56920207861.8825,0.71277220120251
2011-06-20,50547374087.13,0.628476959441392,49247743805.6425,0.631616859738013
2011-06-21,15163713635.13,0.188119476066856,15163713635.13,0.1940734202571
2011-06-22,45876457192.43,0.575382087105612,43316662389.6485,0.560304329724975
2011-06-23,92469676567.92,1.15713818797677,91228864559.904,1.17777088262892
2011-06-24,47508279154.23,0.602991936131166,45036352669.5465,0.589737883606386
2011-06-25,49446153461.07,0.640830027691709,48272048327.9685,0.646132068243309
2011-06-26,42336418645.67,0.564078236892641,37789132828.177,0.520472810135523
2011-06-27,57561560314.03,0.790765391102718,56410860318.877,0.802386858935252
2011-06-28,49606877604.17,0.693627397726915,47236356162.964,0.68427871555573
2011-06-29,81027373462.55,1.1646884528635,79907848668.9505,1.19071391487116
2011-06-30,81699765871.2,1.16449729236914,80584580145.369,1.1903391680026
2011-07-01,53522185993.69,0.762330011576462,53522185993.69,0.789640978870022
2011-07-02,40324895747.01,0.589188014319424,40324895747.01,0.610429209545528
2011-07-03,38954094584.54,0.570482478102037,36717397514.852,0.556623951984215
2011-07-04,58993545993.17,0.862246608374134,57836334105.517,0.874905503345939
2011-07-05,43294934001.14,0.647580524313055,42187796268.582,0.653134286566507
2011-07-06,44544050362.4,0.663995729331674,43411788791.749,0.669535734026117
2011-07-07,41933125947.98,0.641049745692728,41933125947.98,0.663833594341267
2011-07-08,59406880424.42,0.931802681537066,54250537796.9265,0.881771253771117
2011-07-09,25171704137.64,0.40139770662072,23932371416.516,0.395725334551882
2011-07-10,27000045331.52,0.454371016363216,23363090125.918,0.408279209001253
2011-07-11,32221670980.93,0.557172064040965,30967834869.912,0.556939118456488
2011-07-12,35229424979.9,0.624535307420309,32710729944.6975,0.60319273691667
2011-07-13,31888799120.92,0.567204219713996,29472449602.736,0.54567160859852
2011-07-14,33183561123.66,0.589279040824246,31977730022.767,0.591373278789561
2011-07-15,40455039501,0.728227634239192,35595012645.8735,0.667205222378505
2011-07-16,24177735524.93,0.435604700689414,22920919398.164,0.430383163593497
2011-07-17,69137775101.3,1.28505208444846,67978390724.691,1.3177618011492
2011-07-18,80246381119.4,1.48155077413812,78018177891.4025,1.50184963364505
2011-07-19,55870624121.07,1.0657066921017,49024547174.921,0.976402403529133
2011-07-20,86959446435.23,1.67883471094709,85821448010.5875,1.7323310717778
2011-07-21,27757594945.31,0.544913892346986,23346409478.1455,0.479241950773583
2011-07-22,26447647491.85,0.521708053637193,26447647491.85,0.546239210197739
2011-07-23,49851672713.93,0.982255215349632,47611362172.4115,0.982171307261506
2011-07-24,60826831344.75,1.19359992616472,59557732236.4335,1.22250708990254
2011-07-25,20991414065.29,0.410586072395373,19805743520.009,0.40505336197082
2011-07-26,24767411095.08,0.486329234738729,22530130628.555,0.462398947766572
2011-07-27,67705009985.25,1.329187595322,67705009985.25,1.38922586838795
2011-07-28,73594911547.36,1.42997957472636,72357462709.388,1.46875897670067
2011-07-29,40939891970.76,0.786722455778693,39684945777.422,0.796319143831323
2011-07-30,43044065290.8,0.825476844068148,43044065290.8,0.86143980860753
2011-07-31,35436677867.33,0.682726829946844,32962558538.494,0.662453327933283
2011-08-01,38193672646.02,0.737599878594786,34528921004.0115,0.695854927721799
2011-08-02,38375674269.84,0.742120499590596,38375674269.84,0.774680828231391
2011-08-03,20714461013.14,0.401066045662839,20714461013.14,0.418546813810202
2011-08-04,52365056267.33,1.01946695400038,52365056267.33,1.06294082519716
2011-08-05,25741393838.3,0.499132757186514,24531819272.96,0.49556901417065
2011-08-06,25725342769.1,0.499998663321991,22196737129.2625,0.449488624670045
2011-08-07,35058745205.82,0.683859487843778,32776999308.061,0.665967640791081
2011-08-08,75755145548.19,1.47854343791661,74623399190.7845,1.51703392185205
2011-08-09,24336238934.79,0.47023536145362,19791719185.8435,0.398154713149451
2011-08-10,78436718156.89,1.52035983728357,76054788310.8975,1.5353063618567
2011-08-11,39500977097.24,0.759700058116653,39500977097.24,0.791134136572178
2011-08-12,72269264931.22,1.38441192327373,72269264931.22,1.44099049411017
2011-08-13,22676090204.73,0.434649899775691,20272705240.0015,0.404075670937434
2011-08-14,35906988689.73,0.69617240585124,32273167598.7985,0.650489826745753
2011-08-15,77587673532.69,1.5323198026477,75089626502.829,1.5426856309103
2011-08-16,29697121292.71,0.5875625225901,27081326916.264,0.557580843369796
2011-08-17,20500713510.85,0.407865171830825,20500713510.85,0.424538721777377
2011-08-18,71467159340.35,1.42815874261454,70037457348.035,1.45564770101948
2011-08-19,27819703481.65,0.557552278347176,27819703481.65,0.579632010854815
2011-08-20,38273637638.27,0.772068294273322,35493344364.7625,0.744529371146536
2011-08-21,36261352443.93,0.736342083733099,33700516718.781,0.71231165296542
2011-08-22,64205962488.65,1.30508749260799,59198783761.0405,1.25217383193156
2011-08-23,18414129916.87,0.375063500568411,18414129916.87,0.390693891200593
2011-08-24,34865496557.65,0.71306723095963,30242000471.463,0.643990502911062
2011-08-25,92435774229.27,1.93990446090523,89089540305.2115,1.95051147701691
2011-08-26,40263045605.71,0.846448718667024,38044378826.3515,0.834896998724579
2011-08-27,66462593142.79,1.41628891450783,63056015600.2595,1.40383097716347
2011-08-28,24278550032.4,0.515903176747825,23085212712.7005,0.512558784531851
2011-08-29,20905680375.9,0.445447521651245,18550495706.816,0.413046068971037
2011-08-30,87312898527.63,1.86952401328041,86087690141.654,1.92653496333509
2011-08-31,42405067889.79,0.897208317749814,42405067889.79,0.936239934831305
2011-09-01,26294154018.53,0.554968365213443,23827197833.545,0.524722309693571
2011-09-02,53157076152.26,1.12874503622321,53157076152.26,1.17758135918549
2011-09-03,35222596731.87,0.748224121391612,30344829880.318,0.671585745429893
2011-09-04,87251217242.26,1.87505662019341,86080374285.5345,1.93077051921528
2011-09-05,51449331494.59,1.10232490361268,47926770779.191,1.07083141740637
2011-09-06,52286379420.36,1.1326516642227,52286379420.36,1.1828428299162
2011-09-07,80132366813.06,1.72927631009512,74896402336.94,1.68586537417081
2011-09-08,114289128033.56,2.43790425850361,99790358440.2325,2.2199856504311
2011-09-09,34591277449.91,0.722669264599887,34591277449.91,0.755609150987688
2011-09-10,137444401325.55,2.87719795058216,131942494182.993,2.88725888729365
2011-09-11,120943284200.46,2.46766728036624,106371168644.239,2.26715052760685
2011-09-12,53394858366.17,1.07341856629552,51203169066.5355,1.07779937387753
2011-09-13,71338034416.99,1.43316086894393,69175148337.554,1.45538679220895
2011-09-14,184296391396.36,3.65337965428355,184296391396.36,3.82568664780638
2011-09-15,36129719926.13,0.6935577796229,33979486191.146,0.681610763401171
2011-09-16,93877285232.89,1.82560378911533,90381300320.807,1.83813144802816
2011-09-17,103853529788.78,1.9981590007885,100419350484.612,2.0201025574446
2011-09-18,142200478688.3,2.70228477053247,137686831412.702,2.73563617481879
2011-09-19,75722338387.49,1.40718618950729,75722338387.49,1.46976344715527
2011-09-20,78250779511.09,1.44835435586721,77171758355.7595,1.49124216848735
2011-09-21,115558782180.48,2.12547811349445,114208068416.387,2.19182597221498
2011-09-22,36156937497.69,0.660045538327428,32722045547.9375,0.623102663102281
2011-09-23,37367835442.32,0.688969538054485,35079966364.388,0.675330306027863
2011-09-24,173902789393.89,3.2177424350855,170239020949.755,3.29121052076867
2011-09-25,107924304055.6,1.93985712989882,103001960202.239,1.93351217074906
2011-09-26,111654573402.76,1.9777183592373,111654573402.76,2.0653422958382
2011-09-27,133503256614.97,2.33874976291065,132232943707.232,2.41734422600683
2011-09-28,93854612466.15,1.61381228848478,92585038280.67,1.6600122012317
2011-09-29,37759839806.92,0.642785100470418,33826894291.3075,0.600202826036879
2011-09-30,51691736204.72,0.880692364834236,48140550525.164,0.855640306798018
2011-10-01,33638589036.92,0.574012055267888,29135313056.594,0.518515452027072
2011-10-02,44963347168.81,0.765941379255351,40276138362.3225,0.715997269521036
2011-10-03,73495366743.53,1.24743422766423,71196680272.858,1.26116399162816
2011-10-04,44481622003.93,0.748740685314858,42052834095.287,0.738649372024566
2011-10-05,76806131571.4,1.29045320463505,76806131571.4,1.34645361907566
2011-10-06,23458104176.02,0.390620380867084,21059007461.419,0.365564758801444
2011-10-07,81840462604.61,1.36542598778637,81840462604.61,1.42388709885699
2011-10-08,37495660510.41,0.620477186928955,37495660510.41,0.646172390313833
2011-10-09,62747800473.41,1.03563181185191,57910886941.7375,0.995018028313234
2011-10-10,29338844604.35,0.484836708465527,28159377919.304,0.484829504505272
2011-10-11,48585405876.09,0.811016615672519,46209738641.3465,0.80382330223875
2011-10-12,63342875177.86,1.05889009374025,60908668548.9415,1.06013070005694
2011-10-13,66223609216.48,1.11227434772554,63808354148.691,1.11636319328653
2011-10-14,29391337512.78,0.489881385025159,29391337512.78,0.5099207253469
2011-10-15,163576781114.92,2.72483148716105,162372347393.703,2.81534367008535
2011-10-16,28894020780.16,0.470695828114963,27669910622.6505,0.46866158207972
2011-10-17,47670261480.31,0.781407874334548,46591065048.3665,0.794247171744503
2011-10-18,40064258088,0.653329412176281,38893485039.8305,0.659440346339841
2011-10-19,39832910198.43,0.647633601358083,38717429291.229,0.65429426518148
2011-10-20,36554386963.94,0.597552583691196,33951685750.3355,0.577122565243053
2011-10-21,47865580407.63,0.788137200717637,47865580407.63,0.820008765739164
2011-10-22,65252366011.44,1.07296505032468,62823060570.981,1.07446006405208
2011-10-23,37396880698.58,0.612266855598128,37396880698.58,0.637031806278232
2011-10-24,47728940518.78,0.781126320813641,44822643543.784,0.762838927310479
2011-10-25,41824595315.05,0.683227207675382,40687630302.6085,0.691023728629562
2011-10-26,39954484123.82,0.65224047104423,37554935733.38,0.637521191454115
2011-10-27,57312383387.58,0.932115730463245,57312383387.58,0.969617708363188
2011-10-28,31648632694.28,0.514233677556855,31648632694.28,0.534902337816394
2011-10-29,27666375026.75,0.44901604741201,23564563140.183,0.39770174496715
2011-10-30,41593424837.79,0.674794358516336,40230279311.113,0.678784340598443
2011-10-31,26061319277.35,0.422275012006022,24632356123.8965,0.414987515350342
2011-11-01,47538737600.32,0.777731541148065,47538737600.32,0.809008486516735
2011-11-02,38425243394.09,0.625807207347157,37230742899.7615,0.630046552275857
2011-11-03,32858713953.06,0.539332669842379,31669494848.468,0.540159825437351
2011-11-04,41829712317.11,0.687472109158147,39479737279.258,0.674445021861084
2011-11-05,30789536238.03,0.509058381194303,30789536238.03,0.529518623688222
2011-11-06,70145208835.42,1.15789576389503,68794878557.684,1.18059267420573
2011-11-07,35561072787.74,0.583087918258214,35561072787.74,0.605745850335704
2011-11-08,41757427214.7,0.690351688506372,38183851331.4165,0.65567793968517
2011-11-09,37152002995.77,0.612758370323797,37152002995.77,0.636514802411415
2011-11-10,32285390108.71,0.530756677604097,29582957633.0805,0.505120982040831
2011-11-11,43192524523.73,0.715551858266982,41607074509.635,0.716319967445272
2011-11-12,29324378057.14,0.484335847867316,29324378057.14,0.50343474579737
2011-11-13,105238078887.07,1.74122780711714,103571039132.671,1.78033043159723
2011-11-14,25813271915.47,0.421371291282685,22586140089.017,0.382770717572846
2011-11-15,56507802980.77,0.929357235020708,56507802980.77,0.964772701415075
2011-11-16,74199109142.9,1.21128353746422,72647195572.567,1.23079520205438
2011-11-17,51553118520.44,0.83520840969705,51553118520.44,0.866010696985517
2011-11-18,94082321878.83,1.5363349573774,92514691535.6555,1.56585441904578
2011-11-19,47303920268.81,0.764460074925744,42477658404.6805,0.711149071578463
2011-11-20,47107697666.56,0.764105416380182,42871925679.132,0.720705681948698
2011-11-21,54674998316.7,0.88295766614621,51858463640.5885,0.868336893893621
2011-11-22,45487782524.34,0.729853073764613,39778110109.651,0.661665927891832
2011-11-23,39634750901.77,0.641062495573134,35348171818.374,0.59342056344805
2011-11-24,24541207310.97,0.397147549186561,23086276596.019,0.388116827638892
2011-11-25,35639250958.12,0.576940758686363,34216953994.921,0.575326434398848
2011-11-26,64697939814.98,1.05090090878196,63273084640.1095,1.06792712060283
2011-11-27,35189491421.97,0.568350166909868,29577103399.8655,0.495923068105934
2011-11-28,30738562377.35,0.501482553706684,26645091683.5575,0.451857952440696
2011-11-29,20231746499.91,0.33140274129014,18842653636.576,0.320919958439218
2011-11-30,50650007583.97,0.834882649916953,49196725916.7635,0.843617964045978
2011-12-01,32111580092.92,0.532386990593045,30672730174.641,0.528745293519295
2011-12-02,39041195092.93,0.657946662018756,34760690002.1365,0.607836362179687
2011-12-03,42509821065.28,0.71576310565516,39366398570.318,0.688348955520225
2011-12-04,61222260855.53,1.05083228022754,55503276920.052,0.989583729715399
2011-12-05,34896528933.41,0.606371298385093,33138559350.199,0.597285634217116
2011-12-06,25024987805.61,0.436511134239547,23649850070.1255,0.427920889366024
2011-12-07,44335339956.51,0.780851366267471,44335339956.51,0.810149211655393
2011-12-08,46761097554.49,0.848473921406243,45193750206.0825,0.851768835583546
2011-12-09,48280796726.64,0.874041436476069,46626910023.09,0.876574085834172
2011-12-10,34314611934.22,0.627372523340414,29511732971.767,0.560299842787727
2011-12-11,53019105550.08,0.984242897053866,50142763964.2135,0.967499315797668
2011-12-12,25320726037.17,0.479502675662535,22510671800.915,0.44325441625145
2011-12-13,90423865419.2,1.73205205276078,87861129804.4385,1.75191361922664
2011-12-14,43317344895.26,0.827438691828616,43317344895.26,0.861543383631457
2011-12-15,26715500235.56,0.518837179178826,25059122829.88,0.506912221241057
2011-12-16,29818889332.09,0.580374448444718,26529842518.94,0.53765506418518
2011-12-17,48078651765.82,0.937409622104786,41376963582.5935,0.840280885216615
2011-12-18,34214784100.92,0.687168966092299,27593624340.0675,0.578388692899577
2011-12-19,84139116148.29,1.72016357839813,79302557718.7885,1.69413587998265
2011-12-20,91306331263.07,1.87927732504869,88142177032.386,1.89859740522862
2011-12-21,37188061317.13,0.773405397091791,33861602300.921,0.737725530255487
2011-12-22,63003455489.19,1.32893651869483,61376157087.0925,1.35785218110886
2011-12-23,26103763744.11,0.547140353892979,23582843848.145,0.517975493757681
2011-12-24,30690511325.09,0.647413194072798,30690511325.09,0.678445365495651
2011-12-25,40309791681.75,0.850960937205202,37473312950.1945,0.828047281394937
2011-12-26,79517357444.95,1.68061880848753,78184185819.1615,1.72890962125132
2011-12-27,46746515138.5,0.986504292096692,41791861860.5345,0.922458736970244
2011-12-28,46315964964.9,0.976862433610909,43168102814.385,0.952901420341441
2011-12-29,32405048141.04,0.688736295370907,29252558603.241,0.651485809213454
2011-12-30,41375184036.7,0.877401148127692,39737111856.8075,0.883069684072614
2011-12-31,48204209812.01,1.03276758586282,43339339631.0095,0.973970051614912
2012-01-01,58924834788.76,1.25901653512623,56009599998.535,1.25674549849885
2012-01-02,61074178580.19,1.306210640893,58306549439.1385,1.30894931305042
2012-01-03,52074234734.53,1.10479936617326,47951840088.579,1.06788793778963
2012-01-04,42437218178.28,0.899549171088569,39343029539.684,0.875765159642512
2012-01-05,44067196066.56,0.93905406607949,37542664363.669,0.840492788365511
2012-01-06,31698318784.56,0.679296475540343,28402677665.2135,0.640352458101343
2012-01-07,81971857569.59,1.75562751162681,75487206949.787,1.70234825550296
2012-01-08,78377740472.11,1.71432018351625,73426530417.1885,1.6954245129772
2012-01-09,80516721060.36,1.73870205584434,77851995912.2095,1.77527998755289
2012-01-10,99059692437.53,2.1212129744446,94823891602.632,2.14409916153277
2012-01-11,86079665061.53,1.81595477468451,79530068404.942,1.77161215140364
2012-01-12,49250443014.97,1.02706868456775,42379287826.343,0.933933125590489
2012-01-13,29111614952.67,0.605186071906077,27311105265.286,0.600540416141444
2012-01-14,47020548131.92,0.982043401381453,45618485670.474,1.00852553732536
2012-01-15,46201599831.33,0.969333399655382,40560272496.955,0.900778205191434
2012-01-16,50556225839.31,1.05836820263476,46771052765.3365,1.03784160929248
2012-01-17,38567726362.15,0.806826719879468,36944511485.8015,0.819370619230926
2012-01-18,34379261940.36,0.719788967372452,27800858820.271,0.617188879834296
2012-01-19,66156674945.44,1.38703117932138,62891448068.343,1.39982095280452
2012-01-20,64419034414.26,1.34762520931041,60079768786.483,1.33526542599037
2012-01-21,155140724874.01,3.21922050599345,149194201729.591,3.29106607636382
2012-01-22,51863844555.62,1.04333727440394,48703748330.132,1.04004095599726
2012-01-23,40807708634.58,0.818908418933256,39176496238.443,0.834793638378302
2012-01-24,28509362123.85,0.570103020602901,28509362123.85,0.605259587318234
2012-01-25,62656834572.32,1.25865346108505,57654442484.4585,1.2299309488424
2012-01-26,76751737488.21,1.53290959478464,73900724022.747,1.56837478304915
2012-01-27,67952615996.51,1.34315331521645,61017269328.814,1.28128176151924
2012-01-28,141749404348.6,2.78470518720467,137174035364.014,2.86504734415074
2012-01-29,49251851127.24,0.943092214629602,43759562410.535,0.890418556015291
2012-01-30,65579827386.39,1.26175565999443,58858717898.901,1.2049633204525
2012-01-31,55006210260.69,1.05109228233379,53332539728.9825,1.08566626448107
2012-02-01,58879754696.74,1.12172957938715,53967285466.218,1.09456918853679
2012-02-02,62902813082.24,1.19249719169977,56354674994.61,1.13836853252875
2012-02-03,53017917933.48,0.998204035126992,49680507165.8555,0.99713034809344
2012-02-04,84559235375.96,1.58855525232274,77986418561.56,1.56224059430249
2012-02-05,171672056558.58,3.18572936896287,168153582674.376,3.32984608173561
2012-02-06,59274440673.35,1.08404962735695,52538465139.285,1.02478595085878
2012-02-07,53017839772.74,0.962611976063337,53017839772.74,1.02699346228066
2012-02-08,50212928632.48,0.912373192608239,45021750267.5445,0.872805924631145
2012-02-09,68751383655.35,1.25573382958975,63543600793.315,1.23978081511496
2012-02-10,51062865022.51,0.929180923397309,49500123388.4435,0.963100322677412
2012-02-11,32147048075.92,0.590476312071601,30363262998.566,0.596708710318423
2012-02-12,37119486789.3,0.684077199552637,31669723259.999,0.624152689469974
2012-02-13,74614995603.21,1.37810403809522,72757154993.97,1.43768994107943
2012-02-14,109669738130.88,2.01670684485966,102404456099.367,2.01362472127651
2012-02-15,45138517409.11,0.818547153530662,39476452846.313,0.765027789274815
2012-02-16,61745035724.43,1.11836289795948,54115820807.6225,1.04773126646505
2012-02-17,48163502131.29,0.865423534733207,43328912261.2945,0.832929918665977
2012-02-18,49424243222.34,0.885704240877325,41734060291.9695,0.800601933613087
2012-02-19,75271331672,1.3533051704222,70038256498.2935,1.35021481168068
2012-02-20,55599710368.15,0.991125769201385,55599710368.15,1.06200323950796
2012-02-21,119414135130.61,2.11751598189861,115526536653.541,2.19222451427278
2012-02-22,38125663644.29,0.662200014985273,30088185056.5475,0.558747797977712
2012-02-23,72352724768.98,1.25994855081938,68639618460.787,1.28006854665873
2012-02-24,58475469868.55,1.00986571491363,56485638884.172,1.04460239511267
2012-02-25,87925547971.77,1.5124227244975,80271847822.5325,1.47742006036125
2012-02-26,73090377453.45,1.24565570716352,65738800127.4895,1.19918823655753
2012-02-27,75850699368.72,1.28959375613815,74096305016.936,1.34864568916719
2012-02-28,35646473231.38,0.601069635143443,32133570075.9095,0.579726330695028
2012-02-29,206776605515.63,3.47924197676404,203220103030.739,3.65965468608253
2012-03-01,52752713929.45,0.859650061228791,45690289390.2925,0.79570221146078
2012-03-02,48944900352.12,0.796672498272882,48944900352.12,0.852293937536132
2012-03-03,60825987473.42,0.989932678818101,56091609358.6005,0.976272852650364
2012-03-04,81684213126.67,1.32260319514517,76592731877.908,1.32579262589208
2012-03-05,61144387325.73,0.984588998674501,57833608800.58,0.995652184419703
2012-03-06,38513976736.49,0.615948621567986,35045047549.997,0.598992368500488
2012-03-07,36399387408.67,0.587941021417339,31223606990.195,0.539473690473376
2012-03-08,47042564007.2,0.760867062066617,47042564007.2,0.814816563856951
2012-03-09,54379088655.12,0.876099118772812,48782516315.784,0.841141104919294
2012-03-10,71390943897.61,1.14478378464752,66517678870.3305,1.14172757084844
2012-03-11,119919250642.62,1.91443582547591,113260031738.26,1.93409030969578
2012-03-12,116215915485.84,1.82557879931151,112822341510.626,1.89363777312294
2012-03-13,79879021173.89,1.24729836484032,76511444816.3605,1.27564296720642
2012-03-14,126022371223.05,1.97200853317042,122993133353.606,2.05535730499604
2012-03-15,85171362208.99,1.31107207688597,77993765113.5655,1.28065723412523
2012-03-16,200830434859.87,3.07894418942563,193633098576.724,3.16915998548063
2012-03-17,158684471617.36,2.35761771408298,151841948280.194,2.40547054998492
2012-03-18,72780281253.83,1.05737859207296,67597695876.013,1.04695703619491
2012-03-19,89605322927.21,1.29454878884506,87854662493.03,1.35318201909781
2012-03-20,130333586948.91,1.87969807568876,126847243075.901,1.95030719611975
2012-03-21,44361728345.95,0.630742089194012,44361728345.95,0.671616352197012
2012-03-22,140469755702.01,1.99788212689595,134875020908.62,2.04150716598983
2012-03-23,81711280660.39,1.14128570213705,76275382207.9835,1.13296300988979
2012-03-24,61444641243.35,0.852497850814349,56554854868.759,0.834649769591032
2012-03-25,215381214634.7,2.98173040000396,209053080968.063,3.0781072552469
2012-03-26,77310803942.89,1.04338409092668,75035342522.885,1.0759597141608
2012-03-27,88506704151.53,1.1913756796009,86853246784.833,1.24187459866716
2012-03-28,75068959648.53,1.00462693213191,73458095702.3495,1.04343406104557
2012-03-29,82308087169.28,1.09580923212918,78938005881.7935,1.11484193556933
2012-03-30,134864561495.37,1.78470317280347,128685394254.39,1.80486304297843
2012-03-31,79433925085.99,1.03436173571753,73913765670.019,1.01959726728199
2012-04-01,106230259699.83,1.38383899535302,100198884274.199,1.38254237475079
2012-04-02,57195856375.68,0.741873811003803,55221046695.0445,0.758602906727866
2012-04-03,103225394556.61,1.34375090500142,103225394556.61,1.42333385116394
2012-04-04,86766179341.16,1.12876209454989,84683579991.103,1.16606003385603
2012-04-05,47359250921.06,0.616042386537961,43011806587.6985,0.591755979418965
2012-04-06,61508164327.21,0.800323819631725,55728341724.199,0.76663051415148
2012-04-07,60710113447.18,0.785995523035712,53381356128.6795,0.730942358674598
2012-04-08,137076357010.57,1.7709496479239,129941013912.897,1.77701281182477
2012-04-09,55549799275.06,0.707779755852396,49972634323.0045,0.673600556259908
2012-04-10,83737367310.44,1.06612006748482,81818189630.2425,1.10229286299183
2012-04-11,82788609058.78,1.04687356889926,76863534279.481,1.02814175937619
2012-04-12,68295534286.15,0.857358676681108,64323321184.1125,0.853731401225599
2012-04-13,88570447421.92,1.11152767282022,82733155791.2035,1.09782758816297
2012-04-14,61226605904.56,0.765609669910293,56729821772.408,0.750092104256952
2012-04-15,207456042030.31,2.6309206770994,199500733879.973,2.67679478438556
2012-04-16,66691052854.43,0.826352740077945,64390328923.7365,0.843634518231944
2012-04-17,46343243860.57,0.572043870798838,37864131222.7835,0.494148047997527
2012-04-18,47719707669.17,0.587494811242511,47719707669.17,0.621865008095155
2012-04-19,91917469137.7,1.13411250023739,83370388647.415,1.08812815523719
2012-04-20,95511686204.02,1.17583997884704,91746565948.6175,1.19569248255155
2012-04-21,55417347223.68,0.679495910744294,48962190786.211,0.63507480786746
2012-04-22,39239508699.36,0.487273015902328,35072217609.7085,0.461193831616776
2012-04-23,40718951360.8,0.506394152511344,36468827112.968,0.480212086518302
2012-04-24,40467513528.63,0.505126403359186,38301269147.5335,0.506117587551625
2012-04-25,41754959852.49,0.522325100759962,35404819664.382,0.46895243215276
2012-04-26,157848844649.06,1.9796262234261,151336502025.703,2.01040308321716
2012-04-27,65270800283.18,0.807137639398264,59232108045.1135,0.775213959607972
2012-04-28,101169721852.48,1.24881051067928,94625292881.426,1.23659018618083
2012-04-29,77323009171.08,0.952129367942777,68669625616.706,0.895077171487425
2012-04-30,47899090251.15,0.598085148514961,39384645703.8915,0.521409977861869
2012-05-01,42032892429.12,0.525726665366958,35411642171.292,0.469785644924089
2012-05-02,41521621020.97,0.520182770102694,35317482469.416,0.469842932563034
2012-05-03,37165451785.96,0.466213019069794,35084194897.122,0.467457849805467
2012-05-04,83707363091.45,1.05502323654984,75025495033.056,1.00416418457674
2012-05-05,80351625226,1.00779221014637,76360075688.8425,1.01788673715433
2012-05-06,86651592523.81,1.07904166716217,79007899624.2375,1.04555067634544
2012-05-07,72710615934.11,0.898839498889308,68735704744.367,0.902880193578801
2012-05-08,53859906696.92,0.665996050643829,49871907969.4995,0.655506366837433
2012-05-09,75494959652.78,0.94125376544083,69594831670.803,0.922321981518328
2012-05-10,55385956020.03,0.68744194708455,49464505366.946,0.652439805347806
2012-05-11,66907623066.06,0.831228139096348,62608945529.662,0.8264193552709
2012-05-12,67894678099.89,0.841158943921383,67894678099.89,0.89348250424522
2012-05-13,58745417395.45,0.7258298549709,56361040245.599,0.738674361109624
2012-05-14,59443502870.2,0.736244714810772,50219679548.176,0.659592536279445
2012-05-15,34285372538.47,0.424405104687062,32111319247.876,0.422109797736449
2012-05-16,58528307477.96,0.733703100036855,56440673286.081,0.751737027942838
2012-05-17,60433688884.72,0.755288990007496,54600150393.975,0.724196955907051
2012-05-18,34138366504.41,0.427412902657218,30111635905.2405,0.400277368832335
2012-05-19,81646313244.21,1.02593463392952,72791281831.4515,0.971678225089902
2012-05-20,36752459972.36,0.462250783472864,32392661183.702,0.432918670040545
2012-05-21,52090934171.47,0.658753294144972,47679578366.626,0.640622775748694
2012-05-22,33429122043.84,0.424269583430957,29107285997.4695,0.392744982484691
2012-05-23,29093599819.53,0.369368546027346,26863266977.5285,0.362642691309769
2012-05-24,72474682931.38,0.945521318065244,70198354382.1495,0.975289790295424
2012-05-25,149723496646.93,1.94736214640522,143382530035.712,1.98402027561001
2012-05-26,38812237676.58,0.497050930360457,32445342665.906,0.44207716662171
2012-05-27,52432734340.71,0.673743739893968,48291085812.982,0.660513434796107
2012-05-28,136098514407.98,1.75668262333465,130013533948.564,1.78652567706135
2012-05-29,65879868832.28,0.840657842621472,61706637293.2115,0.838020584722906
2012-05-30,38948007004.05,0.49493719506774,32878014403.8425,0.444590702569293
2012-05-31,55334598135.35,0.702901062485634,48390725435.4435,0.654186048680163
2012-06-01,58442294733.02,0.741447591040131,49632925656.479,0.670833592324158
2012-06-02,104906247136.38,1.33011169757695,98202141052.529,1.32710859116113
2012-06-03,77134576220.39,0.973070649954402,74814462422.3695,1.00591872991442
2012-06-04,80647828178,1.02397062415903,74603188590.106,1.00928902175546
2012-06-05,45317825684.37,0.578502236278748,43270017466.747,0.589015563468185
2012-06-06,37540661925.88,0.48175356628402,33422668590.877,0.457432116840034
2012-06-07,87026182130,1.13209681862237,80592000807.988,1.11934050121415
2012-06-08,65554453149.42,0.852532816996675,61888035669.8635,0.859192433151111
2012-06-09,67843404571.48,0.901174321049674,60165435896.505,0.85386974230045
2012-06-10,82361178475.84,1.10996066190509,80078786285.1285,1.15436052098965
2012-06-11,50815277467.95,0.683773522581805,44088718639.6665,0.634194168091015
2012-06-12,44391819325.89,0.601074040347021,44391819325.89,0.643376002538222
2012-06-13,40095979771.82,0.550534179225061,40095979771.82,0.589502511315692
2012-06-14,29464469780.07,0.404841487476064,29464469780.07,0.433518698867912
2012-06-15,131574254211.21,1.84126108156883,129737911867.794,1.94477629957672
2012-06-16,54967332230.16,0.762880196198271,48066417686.8495,0.713708291147879
2012-06-17,34561285378.59,0.480182801058158,32414418090.213,0.4820247641388
2012-06-18,45803929515.45,0.656003892996045,42305722250.045,0.649423200465014
2012-06-19,49885820320.14,0.718323512420045,46213265752.838,0.71367545347036
2012-06-20,33370223691.97,0.483711993627671,31526808275.565,0.490536268524226
2012-06-21,46255095072.72,0.675341835770437,42437332416.437,0.665465433276248
2012-06-22,42929099670.53,0.630733549743214,41087337252.882,0.648716301415125
2012-06-23,72370297154.24,1.08067452450013,68484874152.2025,1.09938969460882
2012-06-24,45905526984.33,0.686349336038709,44025294276.1175,0.707473345937016
2012-06-25,45523301469.41,0.688022071843434,37700886373.029,0.61242330865163
2012-06-26,39346243467.97,0.595915865353981,39346243467.97,0.641323813367158
2012-06-27,61357777283.96,0.94011795065243,59318952427.6345,0.979003799028027
2012-06-28,53443878403.98,0.822674710015076,53443878403.98,0.886458925655583
2012-06-29,33432555832.53,0.514062327678332,31300170346.376,0.518100076216354
2012-06-30,32856166449.92,0.507809444525633,30823224246.097,0.512673217672254
2012-07-01,63983636241.23,0.993995162692954,60077470281.6855,1.00373347532049
2012-07-02,46583528631.83,0.733598677459194,44612249610.1175,0.755854162634729
2012-07-03,53433579083.63,0.842890327798032,45060803700.4685,0.764280231517357
2012-07-04,39386868212.5,0.624865869301705,33596999123.3055,0.574102610419004
2012-07-05,48516141563.15,0.77606171525338,42813618634.903,0.738091798499695
2012-07-06,39725443607.76,0.637848649526258,37456742001.013,0.648604398058714
2012-07-07,38689488165.71,0.627069619128044,36522721254.3215,0.638389188001177
2012-07-08,63820144255.48,1.03889873006588,61533589583.5565,1.08010163576611
2012-07-09,32625722271.92,0.546305803258052,32625722271.92,0.5896813224117
2012-07-10,48839937687.17,0.823398297768975,44183343017.262,0.804070790801676
2012-07-11,53643411976.32,0.903927685623507,46693531153.7875,0.848590699093366
2012-07-12,47322801036.48,0.796474664340773,42663964733.3715,0.775531052627939
2012-07-13,77423230513.55,1.31483352221018,77423230513.55,1.41988076053295
2012-07-14,72181489205.05,1.23031531900457,67881701497.388,1.24880183272937
2012-07-15,67157179534.66,1.14079660735373,60707571291.736,1.11221274688087
2012-07-16,31967983464.15,0.539990383228536,29852648653.6105,0.543884165444865
2012-07-17,49668497511.1,0.840459369686525,44965454232.8405,0.82040101664822
2012-07-18,53852592965.79,0.909574137850059,51505068299.183,0.938358928864163
2012-07-19,47612936764.34,0.802234465123641,40972333922.8965,0.743867901683523
2012-07-20,35919226184.94,0.618890795081321,31330134293.643,0.582709924369488
2012-07-21,50057393976.41,0.867716588271307,45244928790.865,0.846742674149613
2012-07-22,54253880028.04,0.950485696485165,49788776008.976,0.942144261879723
2012-07-23,56559956858.16,0.995676912675214,54498945787.703,1.03567905306634
2012-07-24,51441354283.88,0.903928759726163,44639147539.2015,0.84541608007404
2012-07-25,62138865483.95,1.0897608657258,59689273333.7265,1.12810184385298
2012-07-26,47982889259.58,0.837893631824101,45661191460.507,0.858270718432008
2012-07-27,35468513894.41,0.617973638043149,33226690011.727,0.623070896340012
2012-07-28,55097784016.55,0.969679838734954,48934913351.0235,0.926276615880235
2012-07-29,57686392891.79,1.02063767267524,51063904844.565,0.972586388026838
2012-07-30,40590867994,0.72257721268181,38303536261.129,0.734198566421
2012-07-31,46360864216.71,0.830947811455573,41769660869.5765,0.80623565533285
2012-08-01,52062752560.38,0.93464099183692,44935492106.179,0.868960161109565
2012-08-02,64003179323.77,1.15478090509578,54933387456.261,1.06836394375961
2012-08-03,36154504165.61,0.651114485769248,34034322287.5985,0.661074482288467
2012-08-04,40701671207.04,0.737870449276508,34435732079.3245,0.673320306131854
2012-08-05,53024856355.48,0.966949186148638,48335320888.5325,0.952516868224344
2012-08-06,66810991125.24,1.21986493467124,62397448356.365,1.23195083449373
2012-08-07,46228998122.05,0.842720163014067,46228998122.05,0.910122230075764
2012-08-08,49258109537.96,0.895617214683993,42516297515.122,0.834268913037903
2012-08-09,45027232062.38,0.82033692597268,40634807954.939,0.799951721202044
2012-08-10,56169023064.05,1.02675659830981,49772130088.435,0.98304985525538
2012-08-11,50294549628.56,0.914985946233609,48227747664.35,0.948163577970078
2012-08-12,63138993455.53,1.15651192321456,60850662993.008,1.20324924742952
2012-08-13,42423764114.54,0.772627164486749,36527559706.7315,0.717482429949843
2012-08-14,49787765377.15,0.908645798601887,43781692642.804,0.862218161621992
2012-08-15,102890936978.49,1.87114862367458,98986804592.5375,1.94272062883811
2012-08-16,42733335316.8,0.764916657395067,34740693060.299,0.670523680762797
2012-08-17,35706225281.05,0.643209480158416,33702834311.306,0.655835359365338
2012-08-18,66846832433.92,1.23435568533952,60630754858.1775,1.21059440614032
2012-08-19,76504934526.63,1.40404394896236,69415021471.437,1.37676317462774
2012-08-20,49585554840.94,0.905249581896271,44966585565.7615,0.887431701657312
2012-08-21,36364550062.55,0.676604575686632,32019548206.781,0.644801262851949
2012-08-22,125310162386.58,2.34688394059941,121098820922.667,2.45613669785781
2012-08-23,111278342625.97,2.04471604731888,106911854660.601,2.12316934363368
2012-08-24,47155544486.91,0.855997852708699,40312291278.858,0.789639376508987
2012-08-25,68457489587.72,1.24572293951909,64195356073.0595,1.26020119571219
2012-08-26,67895509188.04,1.24532961585838,58775521299.678,1.16304908836244
2012-08-27,49152211426.37,0.903365206797623,46838492037.7595,0.930354512412231
2012-08-28,64698252843.89,1.19733587256362,60083196928.3365,1.20132164368804
2012-08-29,36805574625.79,0.678245062978305,34517350968.8535,0.687399402700145
2012-08-30,62658175170.31,1.15483735166715,57955147209.4755,1.15385439683458
2012-08-31,43727513961.5,0.810263224595856,38560222708.296,0.771853597322063
2012-09-01,48495350430.67,0.902958033534531,44105643103.9475,0.887790512953635
2012-09-02,43928295055.05,0.821444782337734,41500186824.325,0.838573131986375
2012-09-03,57350482396.25,1.08168996645622,54861209454.6775,1.11893648092272
2012-09-04,38640909763.06,0.727740016917301,36525827781.595,0.74302880549706
2012-09-05,64863326820.4,1.22317465059727,59710319870.7205,1.21697896671376
2012-09-06,43412566220.53,0.81413540319162,38769288407.6745,0.786429037547923
2012-09-07,44742048072.04,0.836463039739168,40084927865.0245,0.811293615810404
2012-09-08,60686937485.77,1.1569145110052,54299533076.73,1.12325209160451
2012-09-09,80719524443.77,1.53681386153861,71038611264.6025,1.46726809749174
2012-09-10,31113705436.08,0.586238648029456,31113705436.08,0.636592669393156
2012-09-11,41643269569.04,0.787228752876479,32031542903.181,0.657163289745803
2012-09-12,42810614153.49,0.81080037366484,34240532114.292,0.704924874674521
2012-09-13,33547188831.04,0.634008678816502,29089411332.712,0.598478438921417
2012-09-14,79305042452,1.50308435388776,69151887972.96,1.42738050294914
2012-09-15,82791091238.68,1.55638193495136,72349853095.1445,1.4831621655793
2012-09-16,63990448537.57,1.20015150362955,53711442892.8735,1.10003969358388
2012-09-17,52816432544.1,0.986597169977526,52816432544.1,1.07916080522194
2012-09-18,48700973411.51,0.908248442627146,40778282127.2755,0.830141587314324
2012-09-19,39336369994.02,0.732082865795186,34555046443.4265,0.70320836432622
2012-09-20,574654598037.68,10.7472403505599,567108032319.554,11.6105214856315
2012-09-21,791048192988.29,13.2559711974347,791048192988.29,14.3933271807164
2012-09-22,34758383433.35,0.505987964306304,32109376750.8585,0.50167774119454
2012-09-23,44429028993.19,0.646553242769847,39309303028.026,0.61402268800918
2012-09-24,46055574416.03,0.67250178422255,38322207599.094,0.600924720027125
2012-09-25,34660029720.62,0.506150916936376,32162854391.1825,0.504933732924639
2012-09-26,711917769628.14,10.4303932191744,706605936271.138,11.1200117733466
2012-09-27,746392475551.53,9.78740802130609,736371830788.949,10.2908980762199
2012-09-28,37796524182.88,0.446933647268848,32993650734.0625,0.413390610974537
2012-09-29,42963862245.97,0.508174005459908,36705560170.5955,0.460204969163352
2012-09-30,61226632551.55,0.723749362940778,56944273013.9205,0.713933315080718
2012-10-01,704299851711.27,8.32844554801204,704299851711.27,8.83614382868972
2012-10-02,42852345074.02,0.462959771679554,40614342468.643,0.463090501637094
2012-10-03,712524944997.69,7.70377002760168,706188934541.558,8.05596929541872
2012-10-04,91692600886.97,0.913871390882861,87113680871.094,0.912075626924787
2012-10-05,52777506700.2,0.523262128848764,44606524817.4745,0.464454729443519
2012-10-06,729024575239.52,7.24899457008714,719519750534.609,7.52242644674336
2012-10-07,46290348365.08,0.427077564176199,37457523083.9845,0.362231991905351
2012-10-08,710457196545.72,6.56977842619983,708518719761.442,6.87010053209012
2012-10-09,41505749890.63,0.357138679394475,35191290364.7585,0.316439633291131
2012-10-10,852734095791.46,7.34354127746232,843225224791.607,7.59021208170705
2012-10-11,57063336309.04,0.454214622887384,49981579511.6965,0.414719489368065
2012-10-12,51955657197.62,0.413188332521706,47608970108.238,0.394681652194998
2012-10-13,719502651244.65,5.71332247350358,710010132672.026,5.87659185309007
2012-10-14,55297897997.44,0.4129674197537,46098328468.0015,0.358089983279828
2012-10-15,791409601523.41,5.90973726187774,786817158795.323,6.11405099974171
2012-10-16,129309857294.59,0.906391793386364,124631462756.376,0.907017096656789
2012-10-17,789481646933.38,5.49811142869425,782628372055.252,5.65644966658753
2012-10-18,37713778270.37,0.247709112192548,30769231269.9005,0.209361824537891
2012-10-19,38221827195.01,0.251247787770144,33572199300.6525,0.228709836981346
2012-10-20,45520880452.87,0.299163008622904,38488456461.71,0.262194379042845
2012-10-21,734998377197.23,4.83402785108785,730428423240.808,4.9801065480042
2012-10-22,164620996685.62,1.02817423377172,158025059812.281,1.02111796407814
2012-10-23,722891729749.42,4.47371174159083,716362414250.55,4.5867107382615
2012-10-24,56424652850.59,0.332613086647938,52201983572.651,0.317891845461268
2012-10-25,814197765697.37,4.79807933578258,810018987726.733,4.93013554215159
2012-10-26,140015565428.62,0.78385937036829,137891992684.496,0.795735851881125
2012-10-27,146943765014.35,0.816990757981379,142726781693.431,0.817801111190692
2012-10-28,69042395502.56,0.381187393658613,62504676331.8095,0.3555154540992
2012-10-29,714973597892.08,3.9432626508366,710539841174.24,4.03755014617224
2012-10-30,885317857623.58,4.68344194977659,879040539233.311,4.78522496637726
2012-10-31,39519630721,0.198570543095898,34987613259.1375,0.180708711461188
2012-11-01,58534284364.66,0.294283098138271,49923202843.8325,0.25796946397805
2012-11-02,50837302020.46,0.255379804796033,43651643320.0325,0.225433462572511
2012-11-03,89793565081.92,0.451219406560909,87441820152.903,0.451752354769835
2012-11-04,762902863777.26,3.82460692093599,753754783426.774,3.88476847259471
2012-11-05,716897634533.21,3.44989483337367,714572948816.304,3.53264388014456
2012-11-06,47240305810.42,0.218875151932048,40184733090.671,0.191038324391825
2012-11-07,141674378581.49,0.656502076721742,132519475505.141,0.630126202493038
2012-11-08,831469593866,3.84470462732426,824646825155.581,3.91374238704353
2012-11-09,131570685292.56,0.583065639856312,126996476030.761,0.57697061608082
2012-11-10,753947828095.67,3.3243649464915,745416213818.822,3.36957388816895
2012-11-11,803899589766.05,3.42122322808646,797466529534.793,3.47673978492999
2012-11-12,78121957592.68,0.320653230609068,71766926890.8375,0.301492034176229
2012-11-13,723197574803.57,2.96424647445113,714549200200.375,2.99779492720603
2012-11-14,38422565368,0.152379747229148,35987439084.599,0.146003370340001
2012-11-15,46281947864.81,0.184305271476154,41445631465.1585,0.168841674895679
2012-11-16,714140387062.02,2.85265983217681,709410662756.718,2.8992099451581
2012-11-17,731102633716.87,2.83063463896452,724360462454.427,2.86697751747815
2012-11-18,740850204150.82,2.78336325016481,731554942974.199,2.80810424087329
2012-11-19,68717520290.26,0.250627183839961,61899542791.2375,0.230516980605515
2012-11-20,716264894047.61,2.61015068531869,711391853888.655,2.64749092794193
2012-11-21,724592889349.75,2.5679130279834,717227351484.602,2.59434616995867
2012-11-22,807331212415.88,2.7804506649163,797974555958.338,2.80399033117769
2012-11-23,40776146690.17,0.136272528146409,36526933449.4815,0.124497421592967
2012-11-24,716774668761,2.39571844825099,710544241699.245,2.42199978243288
2012-11-25,724150185079.07,2.35767747685264,716032699585.841,2.37644062838904
2012-11-26,40186570027.8,0.12747789200618,35650068340.983,0.115247505946883
2012-11-27,90824547599.29,0.288296098815677,84263871404.1905,0.272604981662527
2012-11-28,36256484262.34,0.114859165851813,34104749413.875,0.110130978861564
2012-11-29,95634858802.08,0.30329481920421,93531803202.1425,0.302330284128993
2012-11-30,66262088149.85,0.209728989205773,60079891563.7545,0.19379263112317
2012-12-01,108635261136.22,0.343567551690917,100286401392.975,0.323233855380263
2012-12-02,74135890081.42,0.234038083783696,64709425807.4045,0.208198065529255
2012-12-03,58281556828.43,0.184033396102056,53406984829.667,0.171874916573801
2012-12-04,50511902277.57,0.159336735156385,43371408273.159,0.139459207032088
2012-12-05,45624844621.52,0.14387289211492,38644173289.346,0.12420503733277
2012-12-06,143839455293.44,0.453533869753181,139105686500.534,0.447019946497953
2012-12-07,236012546380.44,0.741092691994021,225776712705.105,0.72249880846514
2012-12-08,59122259450.75,0.184566041142942,56775641758.7505,0.180607760171217
2012-12-09,111936508776.89,0.349747578602917,104779860415.396,0.33350963926815
2012-12-10,135220442303.43,0.421746479722539,125511055088.163,0.39872453826868
2012-12-11,64394612158.49,0.200231253376841,56935172550.7445,0.180376219127627
2012-12-12,48333723966.74,0.150203609238251,43590409058.723,0.13801459639654
2012-12-13,61990490869.73,0.192579763801658,57649214213.438,0.182465006445867
2012-12-14,74957656489.54,0.237364013134186,70776563936.6285,0.228398655924274
2012-12-15,104361567124.02,0.339644442072687,95841834966.878,0.318086943665202
2012-12-16,240045602947.67,0.779126698741843,233723500327.981,0.773750397013862
2012-12-17,49282709510.86,0.158759089398082,42160971084.5575,0.138514165160021
2012-12-18,53643712072.61,0.172786218507347,44556313765.0105,0.14636176467536
2012-12-19,49870458478.62,0.160515736494232,44946125327.895,0.147570724847476
2012-12-20,47657172791.18,0.157384444337572,42738090828.034,0.144046469905416
2012-12-21,90166091846.4,0.306178014880575,85316987226.7875,0.295788659865946
2012-12-22,78004520060.66,0.264321247969325,71149319881.166,0.246138695619204
2012-12-23,83486949279.87,0.28249934391227,76991472246.0645,0.265972135499678
2012-12-24,38288435975.1,0.129442597002467,33692322222.685,0.116296475156142
2012-12-25,45584114019.97,0.158351847543753,43287539614.9075,0.153650560952124
2012-12-26,42381705826.62,0.147210568055133,32809236763.0945,0.116444323131446
2012-12-27,72721813800.21,0.259794404019211,64993818864.665,0.237426777279526
2012-12-28,76447895074.37,0.273326132487525,66207140692.9775,0.242092008097305
2012-12-29,76083614880.8,0.271749926159405,71612717556.754,0.261611965485214
2012-12-30,65502215003.48,0.240636955348194,57492753163.1595,0.216119303415773
2012-12-31,67300884892.42,0.247037201914061,65030617306.482,0.244235684890134
2013-01-01,45437231671.89,0.171606590687942,41119741386.46,0.159008339128269
2013-01-02,152104477242.39,0.574364164588909,144565212172.029,0.558875169051682
2013-01-03,84867179106.39,0.330890012191983,79904452871.663,0.319165415637209
2013-01-04,84994953677.34,0.330961078022587,77528241756.5885,0.309234021106858
2013-01-05,103563663909.16,0.402648927318959,96105517316.4505,0.382788687063582
2013-01-06,121742295273.94,0.487216192488063,114460429759.682,0.469565113319985
2013-01-07,82205411637.45,0.327950271615945,75002526275.6655,0.306668226563842
2013-01-08,83566060230.05,0.344998736665771,79346549597.824,0.336074312987057
2013-01-09,70635330154.64,0.292271890803343,65697554734.0035,0.278900491526806
2013-01-10,116408657909.37,0.499352750703567,106834771044.978,0.470587525925817
2013-01-11,80039836859.41,0.341968845611704,73513800353.3665,0.322528292118196
2013-01-12,57843334362.52,0.246610129080239,51572516252.7055,0.225793899967174
2013-01-13,110536960509.25,0.470970359004042,105773913188.496,0.462781922475578
2013-01-14,89995823236.51,0.395992652252654,83097303072.5815,0.375793908563756
2013-01-15,62854756997.35,0.277653996749145,56067382577.0445,0.254582494418535
2013-01-16,53544250209.61,0.245030878518683,48810034167.5545,0.229832702358811
2013-01-17,69478997527.95,0.318001870641439,62534504291.2895,0.29451336502104
2013-01-18,91117973515.91,0.434680789767052,82225613578.487,0.404190124031706
2013-01-19,46390850924.01,0.221925109871858,44082722781.8495,0.217402250230806
2013-01-20,67797067209.87,0.326196389006633,63333397507.904,0.314160020326388
2013-01-21,52893194791.51,0.254506583258877,48515518121.5345,0.240645392453295
2013-01-22,83745691760.57,0.418844643895116,81573632216.954,0.421080390282885
2013-01-23,56974615995.79,0.299233292622707,52679541862.0545,0.2859429510666
2013-01-24,82661758515.99,0.433670050718689,80114018740.297,0.434359884297169
2013-01-25,62163871091.38,0.325640859025903,57202363937.7285,0.309534953445892
2013-01-26,84652665797.39,0.443133745808211,79708417484.88,0.430944125567813
2013-01-27,361327623847.51,1.89205827265848,351878202449.644,1.9033794023332
2013-01-28,85857635639.57,0.461129130962211,80885176180.66,0.449147515557022
2013-01-29,72572336676.79,0.406163539898451,65196697349.031,0.377859669650665
2013-01-30,78212494090.57,0.436992094523118,73210440218.2355,0.423573842167469
2013-01-31,65751065693.02,0.368924370676591,58433024765.559,0.339462833218262
2013-02-01,73070327832.27,0.432092669877871,65847127260.969,0.403939874197908
2013-02-02,71233502208.46,0.422972737577195,66283423580.0045,0.408440322544019
2013-02-03,71837134140.3,0.448186509431863,62462686016.983,0.40507757993822
2013-02-04,88677282422.07,0.585062179752573,84190394892.3885,0.578829954764425
2013-02-05,59981081194.03,0.395406710659293,53219788111.904,0.365527629138185
2013-02-06,55389515744.14,0.38518650385292,51140654084.7695,0.371326564510184
2013-02-07,91814012996.33,0.637592001205823,85438135724.6665,0.61954523984503
2013-02-08,73195498947.08,0.506391685454958,71030292817.583,0.513119677777478
2013-02-09,78929081198.88,0.576490976523081,70298077453.779,0.537329793132058
2013-02-10,185874210568.56,1.43922320894492,176232133949.436,1.43229142382993
2013-02-11,62602579634.71,0.510865796438441,60213498698.0025,0.517159892942629
2013-02-12,51764666485.51,0.422674540901388,47215064219.015,0.405589249375722
2013-02-13,52369138603.17,0.457138391308363,47656694159.458,0.439215330897038
2013-02-14,43740587752.7,0.410494105167995,41367919265.843,0.411485608180926
2013-02-15,56057189883.69,0.575148570375247,48476563162.883,0.529648772365704
2013-02-16,89536921879.54,0.916940249900457,82775853535.969,0.902994949192607
2013-02-17,58962929947.77,0.653833219498633,49740614868.8485,0.590780891574689
2013-02-18,52613065656.27,0.639583208470575,45295362407.9945,0.59393906037809
2013-02-19,50897137601.85,0.617613093515979,46605400516.6895,0.610198294088208
2013-02-20,66819819012.98,0.815531300491087,60296961644.288,0.794121356262746
2013-02-21,58823037113.85,0.714757065944046,56604970063.849,0.742448240546961
2013-02-22,48711878669.89,0.59506538366382,46320387839.898,0.611075950983286
2013-02-23,103747306114.83,1.27062239636325,94136809865.8675,1.24457762774366
2013-02-24,73020631496.76,0.894941979450012,66645038796.3585,0.881964073280807
2013-02-25,86931965186.94,1.06561289688425,78885468220.4755,1.04363265849605
2013-02-26,41050941820.5,0.501107764788283,36909561955.9695,0.48635155094045
2013-02-27,54771397870.38,0.669513509086915,50843344862.7975,0.670634628694288
2013-02-28,45993857369.83,0.561471458248622,43874706175.97,0.577610323627134
2013-03-01,49784322405.89,0.616510258461745,45659298798.645,0.610212004517578
2013-03-02,76683557748.56,0.976427591289453,70436397241.433,0.969116407248435
2013-03-03,49445217959.63,0.627924618045421,43168393437.942,0.592616889944117
2013-03-04,44727618029.27,0.573431503361395,37429918804.9755,0.51906547179308
2013-03-05,52256692250.75,0.679340892754852,50109566093.547,0.705156516237806
2013-03-06,50124266116.72,0.65284556345901,47724950899.2405,0.672368348267156
2013-03-07,55653918647.34,0.724665560535433,51035898006.9775,0.718516057001498
2013-03-08,122141182997.69,1.59195499419381,115811273606.33,1.63227450927816
2013-03-09,54308371251.33,0.702696007207399,48010868219.2285,0.671602939352749
2013-03-10,59003769373.23,0.769381679902238,50253185918.0055,0.708614069935541
2013-03-11,74586088342.46,1.00069086567846,67589609721.293,0.983359078485505
2013-03-12,195138617113.04,2.607556146002,190751896860.066,2.76307388844984
2013-03-13,74677181652.3,0.97591348410905,67738305714.87,0.957072831383591
2013-03-14,112061325471.19,1.45883538435404,109856515983.219,1.54623219505634
2013-03-15,51906171793.2,0.669046372403922,47354512920.374,0.65910301696819
2013-03-16,47130752615.48,0.611081017291853,38248417646.244,0.53572984698294
2013-03-17,111479123242.36,1.45232068238774,104555042862.621,1.47253789918339
2013-03-18,65885475803.87,0.854628387380186,59098459615.4355,0.828505153145003
2013-03-19,58091352678.63,0.750329925636811,51835326571.8575,0.723614603518946
2013-03-20,85033991218.49,1.09622300656163,78854532229.273,1.09923777754269
2013-03-21,45563678450.55,0.583568098557188,40750383331.7285,0.563755375927527
2013-03-22,76315302646.41,0.981491388455659,71488626113.5375,0.992963891622569
2013-03-23,74184697911.99,0.954109042345855,68220195861.4495,0.946739189419575
2013-03-24,65872841909.74,0.847454453576613,59113740770.3075,0.820822622647614
2013-03-25,352601063218.89,4.53595703525224,345845613788.47,4.80094566877278
2013-03-26,38825604939.74,0.478553981678169,33912451918.9745,0.449886523184825
2013-03-27,60413495486.84,0.745363643432053,53400033666.96,0.709218310001911
2013-03-28,93180642999.81,1.16532878193129,85955838423.1995,1.15829535843045
2013-03-29,54431551000.34,0.679886273519072,47730422866.482,0.64256611325965
2013-03-30,43402244378.79,0.544597948435364,38775936669.42,0.524522132080136
2013-03-31,89585105454.17,1.1342797025412,79820727430.601,1.08979617444143
2013-04-01,99190743443.72,1.26201840765809,92512838029.1745,1.2702338430743
2013-04-02,65102122947.72,0.826178369013413,60992633834.854,0.835060251109508
2013-04-03,76934753695.83,0.979071450344992,74820826379.0065,1.02745797202731
2013-04-04,44956983361.35,0.571576947093514,40674957901.3455,0.557726686639655
2013-04-05,46942819913.7,0.603349589410249,44835440487.4205,0.621486198689911
2013-04-06,67011191566.17,0.865669511224225,58077799512.0645,0.808873024290451
2013-04-07,79276695160.98,1.02267686431997,70399899677.07,0.97943149459648
2013-04-08,45816811495.19,0.593892310902986,43655460700.799,0.610931500565995
2013-04-09,69112747167.12,0.90201113610598,65130750844.7835,0.917493923372166
2013-04-10,172999661204.65,2.25567708507455,170814694847.875,2.40260700642026
2013-04-11,42741473932.42,0.547144701413622,36526609333.801,0.503481973780115
2013-04-12,73141139370.9,0.940129445229242,71007090849.3505,0.982955188655836
2013-04-13,90786259690.47,1.17015222697295,83788484615.8895,1.162037114543
2013-04-14,139762843150.25,1.78922739892961,135094436687.724,1.86138142302594
2013-04-15,62501617389.88,0.791457747913669,55463502021.794,0.755306185219071
2013-04-16,90804922699.3,1.14819926612769,88402012918.767,1.20251081324121
2013-04-17,73687746172.94,0.930768960181011,71102692910.3745,0.966124110803806
2013-04-18,53358210896.25,0.672291751528973,48761255641.659,0.660586103739048
2013-04-19,55044685283.86,0.696602482513847,52694921810.124,0.717504953672137
2013-04-20,92183111362.04,1.16784994075525,82891271266.779,1.12948995036699
2013-04-21,63849394708.1,0.807977936432287,56713495928.8345,0.772388531635622
2013-04-22,51788233268.17,0.68609790695767,51788233268.17,0.74076041288591
2013-04-23,51049664847.49,0.679966906030768,45546298370.7795,0.654721934174216
2013-04-24,44889700371.15,0.599965511250516,40047619843.7015,0.577621570165692
2013-04-25,36869906214.85,0.495404991433296,32255356091.3885,0.467895206856087
2013-04-26,62422904081.87,0.842642421570581,55914521612.7125,0.814777640548512
2013-04-27,56975861520.64,0.770431427012638,49693549268.201,0.725376468511926
2013-04-28,56712828631.91,0.768638821615607,49418408549.9915,0.723445851838351
2013-04-29,63669290227.26,0.865031862272674,59233875751.266,0.869112174992805
2013-04-30,128689538475.97,1.75551908188624,121200903979.918,1.78611276181635
2013-05-01,44828061390.16,0.604774082305904,37814792970.338,0.550700897217216
2013-05-02,48286318673.7,0.652536190387158,45669379532.2225,0.666628203201594
2013-05-03,62079264707.61,0.844848842065279,56986551606.429,0.837611520459171
2013-05-04,51173812574.23,0.697690946461427,42052150978.561,0.619622276546188
2013-05-05,84222437345.26,1.15346381601186,74546037214.0285,1.10387654877417
2013-05-06,82655179951.89,1.15107679376682,74428266664.6755,1.12224981570032
2013-05-07,55704347117.29,0.77318228701408,51624503162.109,0.776427286255502
2013-05-08,138362311722.19,1.91923426035774,130507739219.999,1.96127473270004
2013-05-09,50885156804.95,0.695949292676376,46656279668.903,0.690911137278185
2013-05-10,78272293760.28,1.06927553505839,71738768838.072,1.06135655042249
2013-05-11,56830651712,0.773567098470766,54715251337.807,0.806194927534988
2013-05-12,117552179980.09,1.60862152704548,109993340687.907,1.62869952252463
2013-05-13,54610087418.29,0.740236527074256,49638000132.5685,0.727278024208122
2013-05-14,54210656300.1,0.734585537057687,54210656300.1,0.793673751248155
2013-05-15,63480101740.39,0.859732299875727,60925523024.6245,0.890802292750926
2013-05-16,62548473829.71,0.847571336741873,54970913337.6095,0.803651019465072
2013-05-17,52615726429.91,0.712548109619232,50094758566.473,0.732572082021756
2013-05-18,73084136988.35,0.989118886799759,65098189645.176,0.951353042366878
2013-05-19,71049070435.15,0.966350516039393,66713264877.706,0.979906510532231
2013-05-20,61995453055.84,0.843479989341468,51961535183.5055,0.76321911803615
2013-05-21,48623018354.1,0.664223930164059,43344958086.045,0.639668984652197
2013-05-22,73419295025.3,1.00172460350126,65189103706.175,0.960950409475043
2013-05-23,221221591159.31,3.00920783906976,210361116319.395,3.09313922779404
2013-05-24,68918547523.51,0.911609699495715,58625331090.752,0.837613382285393
2013-05-25,68888909523.58,0.908480382629101,61312071072.233,0.874072687133899
2013-05-26,73600223069.52,0.971800585195693,62484101476.2835,0.892162853650062
2013-05-27,138246541064.8,1.81847134516034,128390306178.798,1.82718816742105
2013-05-28,77707818555.7,1.00740251522551,69270384865.131,0.970860605306174
2013-05-29,96991200711.87,1.25247222419455,88432043583.714,1.23547144016095
2013-05-30,150280566396.6,1.9267297186981,147817432408.783,2.05124846143207
2013-05-31,56882321460.12,0.718898720435132,49345969302.2565,0.6739932324229
2013-06-01,179070838943.79,2.28560150180695,169000498582.191,2.33351695337498
2013-06-02,56044379603.63,0.702023506331631,53334190170.027,0.722064815913759
2013-06-03,46591506110.44,0.583872523173207,39787366556.771,0.538393822247806
2013-06-04,56651575897.93,0.71292014320252,54288169867.9495,0.737920427897801
2013-06-05,97606514823.51,1.25433302940022,88339385159.1265,1.22788120428846
2013-06-06,55568382610.1,0.711608318864927,50811960667.6155,0.703866002936262
2013-06-07,63367280983.71,0.818530533849165,57997865832.061,0.811307500085737
2013-06-08,90908889053.33,1.17222617182809,85887251271.9965,1.19931454345362
2013-06-09,80981173952.07,1.03724259412841,71063170687.9915,0.984517001573503
2013-06-10,51020033324.68,0.656540245985915,48652159208.6015,0.677776285501779
2013-06-11,65017948458.93,0.838579075816283,58015220694.186,0.809616324750563
2013-06-12,162794001574.75,2.09743019985471,155654479751.039,2.16996772934735
2013-06-13,89468896271.74,1.13912681208456,79968530135.579,1.10080460051839
2013-06-14,146194930512.52,1.84906307819492,142185161382.46,1.94474730496427
2013-06-15,66577644182.34,0.833301461277072,62250167560.1945,0.841741327662738
2013-06-16,82433007464.54,1.032921707275,74004460030.427,1.00164445017088
2013-06-17,66047162511.42,0.825560498164623,58028387684.596,0.783529632942613
2013-06-18,87521058074.76,1.14269999507158,80909279742.785,1.14547477415949
2013-06-19,43290202360.25,0.56096344045031,38638865387.5865,0.542731581263833
2013-06-20,42757045419.68,0.555522101504227,40677232043.92,0.572776809749928
2013-06-21,53376050329.14,0.698940975161499,49041810926.4885,0.695840089557908
2013-06-22,48210156708.34,0.631399270248465,38887935040.1545,0.551647481673944
2013-06-23,64650680619.36,0.846083447419563,57721218291.1955,0.818792832242204
2013-06-24,62341481457.67,0.819044721007631,53040416297.8485,0.755212704367624
2013-06-25,47578275746.67,0.628708680783345,40913457541.226,0.586467675260823
2013-06-26,51551100344.6,0.68308944418284,44662502694.5335,0.642408970129577
2013-06-27,70293088438.78,0.935179003451628,67998431394.485,0.983141425565912
2013-06-28,68396769513.99,0.906313568423667,59518472960.476,0.856507536036469
2013-06-29,129479279404.02,1.70992025855564,123570034819.208,1.77378714241939
2013-06-30,55125215081.43,0.720910738441048,49130164678.139,0.697433856487565
2013-07-01,67359389443.46,0.884230302623309,63334262014.5685,0.90231338829857
2013-07-02,40013664835.44,0.523499126967207,33934448938.1535,0.481850581944433
2013-07-03,38550434705.94,0.506651914646585,36476007365.346,0.520685129750423
2013-07-04,63847689325.06,0.857153872203039,61811339502.483,0.902953802383605
2013-07-05,54932501200.91,0.734988383485876,50936642876.3755,0.740836207686595
2013-07-06,46167633148.63,0.619512601106122,38152646252.575,0.556837405149937
2013-07-07,43688994689.17,0.590460964041192,35953879848.067,0.528940522293727
2013-07-08,122229023547.19,1.67787307450264,116179816843.965,1.73939733198543
2013-07-09,57741763288.3,0.78497596307969,51813027840.7165,0.767418989063109
2013-07-10,59813927229.87,0.817520712764866,57458955352.37,0.85656879414712
2013-07-11,38291756082.14,0.524545572557966,36315448575.1605,0.542686217680036
2013-07-12,38269287787.1,0.525529025537444,34450159668.479,0.515954333517366
2013-07-13,43984652747.82,0.605675721861588,39791456620.9115,0.597894982463677
2013-07-14,66678306085.64,0.925483393685697,60902842247.677,0.922218515982262
2013-07-15,50811197376.66,0.704921153142142,48600493282.3645,0.735375399740653
2013-07-16,220435339929.01,3.05866857488822,213712430461.163,3.23554654826449
2013-07-17,66254100282.44,0.894291846537664,57526556845.3095,0.84531503599458
2013-07-18,53892728076.99,0.724950385505015,47225272646.042,0.691829056430838
2013-07-19,55707072768.53,0.747319245493908,51405097135.1215,0.751100677727747
2013-07-20,67275756873,0.903484012647549,61489770541.212,0.899157214875822
2013-07-21,51356219311.98,0.688557730251135,45963117398.2575,0.670735549440553
2013-07-22,70937214241.53,0.951903484578285,65295644722.1035,0.95342565812009
2013-07-23,42853148272.67,0.57437770876558,40983930481.2175,0.597804040198271
2013-07-24,67938422841.6,0.923250802192956,64107663492.588,0.94830311096593
2013-07-25,88396013630.03,1.19678518072923,84629821602.1475,1.24610443110327
2013-07-26,60559539762.99,0.814643333257932,56588688408.918,0.827570119493986
2013-07-27,39693635183.98,0.534086405431177,35809042609.885,0.523718562049534
2013-07-28,82558212801.19,1.11288501681841,82558212801.19,1.20875385378601
2013-07-29,138216925788.38,1.86366240120726,132637662660.591,1.93927040110291
2013-07-30,63042248028.49,0.842522532859417,55942551864.6115,0.809721650255781
2013-07-31,99928637317.14,1.33393009982957,97824591664.479,1.41487641015014
2013-08-01,74619097238.34,1.00219852603985,67042399312.0955,0.975148827164028
2013-08-02,79285379721.69,1.06084496027195,75881133368.2495,1.09982806195959
2013-08-03,51070557154.17,0.683218041214647,47442529166.1755,0.687145197444883
2013-08-04,70165103101.37,0.939525310529134,64849021089.34,0.94043558733357
2013-08-05,48885083674.74,0.659563668869384,45424089307.488,0.663911091968443
2013-08-06,65856471631.7,0.889361575100521,62025795590.6695,0.907224115295026
2013-08-07,75127124910.76,1.01266152936334,67997338620.0955,0.993215672184003
2013-08-08,68020170579.37,0.915154315580773,64270643170.294,0.937627995437859
2013-08-09,62273345101.44,0.837101970194965,58339128201.175,0.849722222208207
2013-08-10,73340654345.05,0.984351638690654,67514526328.878,0.981960164448714
2013-08-11,89490482332.21,1.20105953979923,83838142272.205,1.21886786607831
2013-08-12,73368955338.06,0.981798282278464,65658442612.2495,0.951744241729866
2013-08-13,45209392204.56,0.603882482484615,39510718403.5375,0.571372484449736
2013-08-14,102864206469.82,1.37475039666818,101137847660.505,1.46354092768892
2013-08-15,55947419425.29,0.744234508817696,50025827052.9215,0.719455909682712
2013-08-16,59745177346.47,0.816114021506627,54157687523.269,0.80086363090601
2013-08-17,73550280354.47,1.00619154157867,65843608304.2065,0.974437050393505
2013-08-18,72946176575.82,0.997170200011912,65102965056.2605,0.96270747351823
2013-08-19,58005480852.76,0.793016122599776,52268919262.348,0.772568362743089
2013-08-20,77980944575.41,1.08021587741825,72027657901.9065,1.07906866830173
2013-08-21,60151470929.44,0.833199031357905,54188384120.7225,0.811413960184834
2013-08-22,54371113848.88,0.757734531778729,52359084304.401,0.788837437417821
2013-08-23,45285249557.53,0.641315562942586,41219832923.057,0.631832060070348
2013-08-24,44445022432.78,0.630649554600565,39043234641.7205,0.599357160973513
2013-08-25,61012663818.35,0.885880976361588,55646030070.293,0.875009942435119
2013-08-26,59616841450.83,0.864871424203661,52346794214.7325,0.822774802117051
2013-08-27,59880198503.34,0.866742224187503,52583994101.974,0.82456526604786
2013-08-28,56618973131.63,0.819081582424035,52729121376.9725,0.827104122663779
2013-08-29,52040859094.02,0.758204132458764,48684316255.679,0.768769813367558
2013-08-30,38106667504.69,0.555531202685313,38106667504.69,0.601979853480473
2013-08-31,49183614602.15,0.720171729023463,40987674441.7305,0.649923009095035
2013-09-01,65505169531.75,0.966187752278787,59576532210.8355,0.952753293452789
2013-09-02,58464391664.07,0.864687495995067,55025327107.2595,0.881898589183434
2013-09-03,35574831265.03,0.525462489713973,33792304414.7365,0.540936198014849
2013-09-04,63269856550.77,0.939398870986305,57492125962.6335,0.924583189002772
2013-09-05,80620878159.2,1.21845245617971,74823876988.1295,1.22635817788991
2013-09-06,50500168828.15,0.764444247268951,46835097363.008,0.768395339442873
2013-09-07,72936324636.02,1.12344438020282,65978891777.1775,1.10301784185073
2013-09-08,59525425540.35,0.915807342953958,54154027952.4775,0.904661520515821
2013-09-09,42461688670.61,0.656031759927553,40525263534.987,0.679671510120187
2013-09-10,58237761765.34,0.903691840758284,54273335117.9165,0.913440185576133
2013-09-11,43622753540.97,0.680588255237928,37763206331.9145,0.638978761145706
2013-09-12,58193510102.71,0.907860466020147,52828484623.4775,0.894051068465848
2013-09-13,38615070634.24,0.600700627200471,35364347795.927,0.597032417253952
2013-09-14,70741472893.99,1.10347924417786,64075532505.15,1.08472577200811
2013-09-15,48696222430.3,0.75643570894081,45381043903.4485,0.764369316326869
2013-09-16,39931991970.16,0.622129732319389,34018872406.4785,0.574413488804408
2013-09-17,61233665235.63,0.95798582190839,59353942151.828,1.00604644523248
2013-09-18,50833681987.92,0.793263121947231,50833681987.92,0.858434200888566
2013-09-19,41633881881.49,0.649786207524726,37726485070.563,0.636302048527299
2013-09-20,34773903811.3,0.545626894675834,28927020077.047,0.490872244571114
2013-09-21,140237466626.58,2.21433124701827,134597644213.414,2.2982352836863
2013-09-22,114117850813.71,1.79826935176778,108535244269.953,1.84907867448238
2013-09-23,59003264235.36,0.919596635473491,53306811546.9485,0.897358604963064
2013-09-24,47047330979.45,0.734395797956938,40900072147.0315,0.6898918350619
2013-09-25,150503002988.85,2.34624347041044,146397259221.277,2.46594187522741
2013-09-26,37447420291.13,0.571898481759859,33135258839.9885,0.546099132178677
2013-09-27,58760373727.74,0.901718848111906,54898360422.133,0.909894116224982
2013-09-28,53343849899.34,0.818026471027373,45002820236.6695,0.745301270603104
2013-09-29,71955264591.33,1.10198830578961,65682875874.7545,1.086320923765
2013-09-30,75468539198.31,1.14986792282819,71897261975.373,1.18218013034332
2013-10-01,73898006375.61,1.13557021562797,66740908290.9735,1.10699164207368
2013-10-02,60218661278.62,0.922636580744654,58387839298.114,0.965598054896759
2013-10-03,119598926593.37,1.83229246357047,117916356132.838,1.94970369000766
2013-10-04,71499306463.61,1.07938504678629,65117571217.7235,1.05967424620137
2013-10-05,72720417646.05,1.09130213205596,68740237216.3685,1.11202007969176
2013-10-06,123448748519.49,1.84311098809433,118026837587.405,1.89875033362724
2013-10-07,47758679304.71,0.705922245020249,41889172561.972,0.666597062464253
2013-10-08,57049225660.79,0.843699225807324,55073098127.0645,0.877513174907413
2013-10-09,106427460982.73,1.62056909014789,100409513739.791,1.64952269206278
2013-10-10,47989043740.55,0.725445369701853,41996041153.825,0.684171048893518
2013-10-11,49230607636.58,0.745005489002747,43338514647.3215,0.706758497618746
2013-10-12,47647181293.39,0.721885810224785,43621749990.833,0.712493264801174
2013-10-13,54464815420.8,0.828109164632824,50443565366.996,0.826789546074539
2013-10-14,74962465539.09,1.13912430859091,66841719066.8635,1.09460467872212
2013-10-15,72859458138.37,1.10636152285573,66946787640.475,1.0959949428426
2013-10-16,35853120811.88,0.541487841597414,30659037959.5785,0.499396315795978
2013-10-17,60738975902.03,0.922660313374014,57247391213.8215,0.938574126594077
2013-10-18,43537139593.79,0.664678826037417,39615196558.511,0.652983182328947
2013-10-19,50262617896.45,0.769737709898816,43506883570.68,0.719526948201713
2013-10-20,78937326161.31,1.20654645490612,75459238239.828,1.24607388892718
2013-10-21,55395595050.94,0.847272488109246,49929250833.966,0.825644200807825
2013-10-22,44728578792.17,0.694595811469461,41206662714.221,0.692683302123181
2013-10-23,130676652931.72,2.03618826748947,124746444031.704,2.10318776244023
2013-10-24,73929473079.36,1.14542718288969,67745926239.628,1.13603748490065
2013-10-25,48839541774.4,0.756792292663163,42841852488.4875,0.718317963698232
2013-10-26,52894263321.7,0.824251442081237,48978932090.0035,0.826668437500812
2013-10-27,75502100882.12,1.17615151851718,69843994411.813,1.17846601872074
2013-10-28,78350737748.2,1.21932000899526,74742180086.229,1.25984824718503
2013-10-29,58032528130.51,0.898217980128165,53993434643.0495,0.904786063768647
2013-10-30,77708501773.15,1.20449593139632,74008612381.67,1.24217755500508
2013-10-31,56718911025,0.878734882988265,51037061263.1315,0.855590091243275
2013-11-01,44139802260.86,0.685277617157464,42304476336.207,0.711074206275559
2013-11-02,89972653787.03,1.40153735570064,88153456773.3075,1.48649565685387
2013-11-03,96682262751,1.5014245472869,89864509053.433,1.50909599776798
2013-11-04,38871526149.34,0.602852759245957,35175946946.2325,0.589999370012483
2013-11-05,74663259360.57,1.16536393852577,67568764404.789,1.14025817715678
2013-11-06,40147396873.62,0.623220385752997,35034271302.6245,0.587907680874664
2013-11-07,51638539518,0.811000541403376,46214902408.524,0.785907543438075
2013-11-08,66592237337.63,1.04669661289451,61103026645.175,1.03988983018938
2013-11-09,86745364683.31,1.36171876130046,85034738475.5535,1.44514126703664
2013-11-10,98084791653.06,1.53593632922746,92700778599.388,1.56933018779029
2013-11-11,70547108097.81,1.09956335547159,66900215988.883,1.126288473802
2013-11-12,80600092183.55,1.25333482427941,74147330167.589,1.24464634763805
2013-11-13,37563172178.53,0.583825836526501,34275311055.0385,0.575106047577572
2013-11-14,45928795508.65,0.716844647818663,38660133603.615,0.651269578574818
2013-11-15,55123195073.07,0.861700130095708,47723756085.753,0.806170378504064
2013-11-16,140158247437.28,2.18698620767188,133237292409.018,2.24776216707064
2013-11-17,64383499335.9,0.987070688082631,60741146026.288,1.00569994275715
2013-11-18,54293050639.31,0.831861101971075,50701040054.431,0.838622233543524
2013-11-19,69834421065.26,1.07102113875322,66442099455.9145,1.09934400974207
2013-11-20,72675897873.28,1.11257764649157,67684097560.6185,1.11684532800109
2013-11-21,52697927046.1,0.804385852659068,45675690551.6185,0.751480193735757
2013-11-22,55092658238.61,0.840838847304157,51694604559.7955,0.851007975892748
2013-11-23,62006771118.6,0.943452156485793,55134045814.92,0.905218267037615
2013-11-24,83424642529.47,1.26639021217419,79987453143.048,1.30965268263963
2013-11-25,61054239489.68,0.923814780685415,55800090867.3825,0.910007074814801
2013-11-26,80691073103.2,1.22037138216858,73703612927.1995,1.20180309780042
2013-11-27,183004825124.32,2.74546246945311,177653414644.715,2.87452688259271
2013-11-28,61421285570.03,0.902158202854339,56132611151.4175,0.887708545463322
2013-11-29,60945783013.79,0.898189399716328,55522655029.256,0.88116318105238
2013-11-30,80963113670.53,1.19101240726463,73957456018.958,1.1718063045416
2013-12-01,119667370346.13,1.75790245978855,116244738842.176,1.83905228437862
2013-12-02,151385572204.88,2.20069382656449,144705729491.585,2.26285780747351
2013-12-03,47361905231.56,0.675762226721491,41670305726.566,0.639228219710302
2013-12-04,47673632233.45,0.681468875245678,41478307387.1885,0.637750769280299
2013-12-05,38766854445.44,0.553769548548098,35393317541.5695,0.543821044409611
2013-12-06,50739119530.79,0.727191080387721,45053053456.2405,0.69445839494043
2013-12-07,85450318242.36,1.2221425158906,78665572638.296,1.21041768821803
2013-12-08,51161210066.45,0.729898849568079,45600593812.887,0.699780635859771
2013-12-09,51899743679.71,0.740125388907529,44666044321.9,0.685411672507922
2013-12-10,71776036328.15,1.02149929701909,66607331624.1155,1.02012205867969
2013-12-11,43010556459.77,0.611024520910676,37614983951.4155,0.575329991479503
2013-12-12,49590355790.85,0.705433024009748,46044181656.7835,0.705955739206513
2013-12-13,96530384596.25,1.37131687410829,93020896536.006,1.42404723016918
2013-12-14,58041114817.06,0.816013182017958,54520250340.785,0.825007900212064
2013-12-15,152032848907.31,2.1672802913347,144965039819.96,2.2257382397552
2013-12-16,75259319054.55,1.06598833253544,66454533450.7145,1.01356867087324
2013-12-17,77838537803.94,1.09950703190446,69197805291.6735,1.052895687197
2013-12-18,49119925719.67,0.690268614078254,44421338776.624,0.672456552544023
2013-12-19,70484039254.45,1.00758194879818,64442630234.254,0.993805565049789
2013-12-20,66041849858.24,0.93880192930971,61579735826.138,0.94422812413748
2013-12-21,81440433557.57,1.15627196500588,74932773497.6325,1.14757628542914
2013-12-22,48924128632.76,0.691330111679037,41991620747.226,0.639600784190841
2013-12-23,44891853107.57,0.636818662842765,41109003899.9705,0.628858611657504
2013-12-24,43067789303.03,0.614114281230826,40810624244.5365,0.627814279586386
2013-12-25,63114731794.59,0.904703386027938,58174633352.726,0.899205400142379
2013-12-26,70744524986.5,1.01356996577741,61790009519.3755,0.955125747203128
2013-12-27,67254177154.62,0.971659643475199,60571809662.924,0.94606657171101
2013-12-28,50858734588.44,0.735322176447951,44544975750.6165,0.696333216312645
2013-12-29,49800293039.32,0.722738645422625,45332424966.575,0.711847942479997
2013-12-30,46416616164.22,0.682314193957467,37107498596.2765,0.59072075264407
2013-12-31,51077550772.63,0.751005301448703,46448918045.357,0.740099114192184
2014-01-01,71786149425.27,1.05659315050588,62427365649.115,0.996323395555401
2014-01-02,63882344843.14,0.946002190868919,54981708849.131,0.883871224696671
2014-01-03,80933533890.43,1.19515619600363,72945757700.737,1.16974943846986
2014-01-04,67525840383.1,0.991636278298221,63444476301.4935,1.01166994586333
2014-01-05,79164354043.42,1.15852497753176,72776561730.947,1.15612662122865
2014-01-06,68245925886.16,0.994460733456275,61091506055.9495,0.966416377064927
2014-01-07,73486497022.9,1.07207399854358,69656958754.6735,1.10310920958484
2014-01-08,102429914322.76,1.49415872124467,96613702711.993,1.52922322604028
2014-01-09,50177246060.85,0.723576514451442,50177246060.85,0.784467341368674
2014-01-10,67069848494.56,0.968931602570792,61231569831.323,0.95855115951364
2014-01-11,86451307063.97,1.24389354748216,80574671747.6035,1.25629724359875
2014-01-12,58906098312.38,0.842341366299016,52710946463.4395,0.816237993540339
2014-01-13,48610089910.56,0.697489664186397,42735188785.0185,0.664548525981563
2014-01-14,37459504752.87,0.538117428674157,33253565739.5775,0.517795257087002
2014-01-15,57348748635.54,0.824858000562772,48845695561.2635,0.761705137574385
2014-01-16,53429300372.54,0.77825546685829,46613107490.771,0.737278560564476
2014-01-17,55883809544.74,0.816912041378665,49744590218.353,0.789952580510806
2014-01-18,55821474617.39,0.81500173709878,47777680995.66,0.757728920394918
2014-01-19,77464944869.39,1.13042444513801,69218673302.1235,1.09802082553477
2014-01-20,50081907468.83,0.730582256807897,42621461077.1565,0.676187173132998
2014-01-21,54759366138.22,0.802756795095925,46096329127.0375,0.735779438049813
2014-01-22,47753783729.21,0.70045706620881,40840720683.24,0.652870283767655
2014-01-23,68407654249.84,1.00868614709036,66195307493.476,1.06490458156698
2014-01-24,43071353274.11,0.633796290202011,38447660570.02,0.616729131197283
2014-01-25,74072960638.67,1.09018994813737,65397327878.39,1.04979505739231
2014-01-26,85819615400.35,1.26660321301765,77461965637.402,1.24889459635291
2014-01-27,287983735226.46,4.25845105155617,281611162899.993,4.55116112476447
2014-01-28,324092932315.06,4.59106996207061,315515782103.455,4.86827996364319
2014-01-29,77458819479.29,1.05298146427568,68058931783,1.00437789606957
2014-01-30,142709563624.77,1.92836140123635,138620380396.054,2.03388619094914
2014-01-31,77185635824.97,1.0279111983822,70077851227.36,1.01187428884184
2014-02-01,123092381192.21,1.63652071467907,114273250506.986,1.64748275927584
2014-02-02,86223944331.1,1.13979557407231,80587775926.97,1.15603642833107
2014-02-03,80614304444.78,1.06763443699553,73232274674.1785,1.05269893109672
2014-02-04,69444134551.45,0.918242212622511,63347209303.8335,0.90961748580994
2014-02-05,65562243838.69,0.868438018403268,59640395647.4145,0.857974475590117
2014-02-06,95518673583.57,1.25967940843415,89434639778.903,1.28102356887965
2014-02-07,126563046537.11,1.65619157010703,120415498382.219,1.70997517894093
2014-02-08,91914047264.65,1.18953952342594,85610483929.876,1.20096373610011
2014-02-09,73367560017.78,0.95662388594286,65332861507.298,0.923852690420746
2014-02-10,63920015245.09,0.832278730289546,57719515264.2855,0.815564198144155
2014-02-11,64060331349.72,0.832862893192579,58021987885.2855,0.818871319515912
2014-02-12,56091049554.89,0.729904764694673,52284748853.13,0.7389463532658
2014-02-13,43734047587.43,0.570570808362737,37706351584.3475,0.53429252367059
2014-02-14,56046868391.48,0.732227911790393,51906216264.1055,0.73649225905352
2014-02-15,196669574759.81,2.56902102548616,188636069195.436,2.67644318868661
2014-02-16,151500573803.02,1.93840304472203,144215504626.853,2.00106315583738
2014-02-17,79941768162.9,1.01233317282249,72480547103.097,0.995146304628012
2014-02-18,93234633943.7,1.17731355406702,85399933211.2525,1.1693392870284
2014-02-19,51593236140.99,0.650263677615455,47630307888.076,0.650937323819741
2014-02-20,63036634636.72,0.810472868715369,57246588864.443,0.799265609043528
2014-02-21,56616342388.29,0.727746131788716,50657159449.5765,0.707134361733369
2014-02-22,59363359053,0.763562133233175,55501311600.4705,0.775381878412232
2014-02-23,104041076896.46,1.34267081564654,98078642126.627,1.37442796119103
2014-02-24,82121363053.23,1.06234293077329,76327245284.876,1.07286555197205
2014-02-25,59679125184.04,0.78034830515407,52147081166.0065,0.741470040380001
2014-02-26,46302076226.76,0.604274983526651,42375212716.8275,0.60145894670632
2014-02-27,66187501390.95,0.863978014048769,60571808121.2525,0.859604782068978
2014-02-28,66410859417.56,0.863215340651388,60543115368.6545,0.855558201805957
2014-03-01,82335871802.7,1.06762130894419,74603403463.7885,1.0515094419141
2014-03-02,72262230391.79,0.93745050942321,64823286418.114,0.914285221072214
2014-03-03,77539129565.52,1.00263975324615,75564502417.208,1.06235334797954
2014-03-04,66380989891.51,0.854982045428316,61127920574.4435,0.854969575320357
2014-03-05,68596778801.3,0.884252721458385,61504046345.9765,0.861015837826627
2014-03-06,70427096068.96,0.904295916235543,65166462244.0605,0.908669524516596
2014-03-07,59325248988.68,0.759327782721375,55749287528.691,0.774898392813242
2014-03-08,63843262064.87,0.82181459444951,58410146100.3325,0.816921838713081
2014-03-09,65580104698.09,0.843421972226042,60259029747.895,0.842234760835805
2014-03-10,53772262394.8,0.700838620325903,48583815268.0715,0.688759023213499
2014-03-11,130380836692.49,1.70499774853633,123151521049.251,1.75116592366931
2014-03-12,58140268871.96,0.754135028333418,50884064799.1705,0.71700264866045
2014-03-13,69517825618.39,0.900458610393569,62369389513.06,0.877889563045356
2014-03-14,75809638070.62,0.982102258396673,72262933215.5085,1.01750108735428
2014-03-15,88601134704.24,1.14608763761316,82628330981.267,1.161371723693
2014-03-16,102469945727.78,1.32402571643692,94786962765.8955,1.33055247957069
2014-03-17,71238075374.71,0.912955581156132,67300824477.1945,0.936459404540929
2014-03-18,132329700763.62,1.68908939386107,128407760887.349,1.77901523118781
2014-03-19,40900461490.23,0.515077300208509,35496167902.511,0.484774980077798
2014-03-20,71305467541.53,0.900981397719978,67412518908.5515,0.924067208501307
2014-03-21,164503861765.57,2.07841585375884,158740679865.349,2.1739670147669
2014-03-22,79553892685.96,0.990629427190958,75560337116.0945,1.01850390905793
2014-03-23,67596223055.66,0.838163467450233,61649138229.7445,0.826874706059247
2014-03-24,54810725683.11,0.677848260694755,50834096376.314,0.680045211991366
2014-03-25,44186611891.81,0.545784564527266,36213083194.717,0.483392396400211
2014-03-26,158425397719.04,1.95882499950546,154560598579.641,2.06652230872137
2014-03-27,50670918842.87,0.618623125142664,46667369994.56,0.614938957484968
2014-03-28,58204579054.49,0.71196597790501,50533606862.8715,0.66675423791924
2014-03-29,71769041465.78,0.880803532570502,66015342663.6165,0.874101668187231
2014-03-30,72331551030.8,0.887157079581126,66452179021.717,0.879529344326096
2014-03-31,51045262354.34,0.62670287819386,47115006931.0185,0.624213791077738
2014-04-01,48846263513.71,0.601216381519456,44756971174.327,0.594282868394115
2014-04-02,38692605075.77,0.477967400952487,38692605075.77,0.515790379944485
2014-04-03,68237517752.15,0.850909601419678,62075522418.6975,0.835172293901724
2014-04-04,56387779845.28,0.701265367367459,50277448605.14,0.675152791183526
2014-04-05,71825507020.22,0.894671253854508,65761277294.289,0.884627151220528
2014-04-06,48565465661.78,0.60625491616434,46544610603.0605,0.627611534516633
2014-04-07,47257546524.04,0.590835783616246,43281664938.8265,0.584191956836731
2014-04-08,55014293794.98,0.687952731145495,49136128813.607,0.663154038260365
2014-04-09,64842339623.75,0.808738737132652,58894999400.5615,0.792839101803156
2014-04-10,60269126955.02,0.750864407523714,58284651074.2655,0.783361037882737
2014-04-11,62845803393.32,0.782172516450002,55015646056.741,0.738046461180354
2014-04-12,83398521443.19,1.03689997741885,75317996920.55,1.00955690893543
2014-04-13,84872771660.41,1.05093976014301,79487706262.929,1.06078563377204
2014-04-14,56871842528.6,0.703449212330905,54914674309.9845,0.731657986494668
2014-04-15,70381597276.6,0.869682173939069,62816295548.921,0.835306830979909
2014-04-16,57736751107.26,0.711798212670926,49628429983.662,0.65819753729387
2014-04-17,50883967358.11,0.626397003265477,46759368519.92,0.619287341951419
2014-04-18,100202887144.78,1.23670379911374,93734483971.34,1.24524804151654
2014-04-19,95890650042.73,1.17363042805181,89783465890.887,1.1824205649374
2014-04-20,71755150679.4,0.875446811535473,63315658665.4745,0.830671789416712
2014-04-21,130773911930.01,1.59876956890919,124252422007.777,1.63374324322858
2014-04-22,134659190730.61,1.68481829321468,128169251874.763,1.72780233515326
2014-04-23,58444964374.26,0.752479050874428,52256022891.2675,0.726280536720146
2014-04-24,63876579891.63,0.824814893088225,57995920714.7715,0.808169669255168
2014-04-25,142354718168.1,1.86072326154866,136769510054.528,1.93171147390161
2014-04-26,66597393975.34,0.861757839957387,60605946908.2585,0.846496771068587
2014-04-27,95780803310.48,1.25026651656642,90216802338.9735,1.27142388002031
2014-04-28,58933507557.74,0.768142715729784,55182947289.4645,0.776438016348424
2014-04-29,89118485252.28,1.16549635190753,81117210224.504,1.14480074611675
2014-04-30,47077663688.48,0.613804065779392,41395155973.563,0.582467560051304
2014-05-01,63909272279.87,0.835654112545169,58195557988.9305,0.821374871337606
2014-05-02,54484266498.14,0.715938907057928,46853900631.7265,0.664787602088036
2014-05-03,148931639615.52,1.97932221369646,140918475159.338,2.0245810425783
2014-05-04,108405917597.33,1.42784897201598,102186049032.629,1.45435312129495
2014-05-05,58526198532.08,0.766655204649731,52653486872.7485,0.744735443800884
2014-05-06,54270155257.75,0.711502271640355,47853581929.875,0.677423036474797
2014-05-07,94957986393.08,1.24684031995249,89225007773.005,1.26525180786168
2014-05-08,53733154651.5,0.701279456279432,49934621576.1655,0.703707619761445
2014-05-09,56272652457.11,0.733283615703198,47459431489.663,0.667456505071695
2014-05-10,74922940569.23,0.976279562393325,68635643448.4535,0.965992161955622
2014-05-11,65594395344.5,0.871177373904327,59359236985.868,0.852576071772289
2014-05-12,47950411632,0.645611857308169,41845417980.1965,0.609874189787142
2014-05-13,76345603834.04,1.03322737642383,70282061466.0405,1.02979653038521
2014-05-14,60359776098.88,0.819111154823269,56155821308.1115,0.824989621397735
2014-05-15,150590104353.59,2.0406898951959,142282554652.87,2.08717218902885
2014-05-16,69077415310.89,0.923050287878691,60835197692.7725,0.879345693384081
2014-05-17,91218374719.02,1.21649848093835,85363387366.6695,1.23173247603558
2014-05-18,68508134594,0.909034812621022,60170105505.271,0.863780612792903
2014-05-19,55494150269.71,0.740508612495954,51621089808.9425,0.745886277539101
2014-05-20,56501790967.02,0.757157166629922,52640845363.345,0.76386728977344
2014-05-21,107311921479.83,1.43877203065377,103361626208.011,1.49974474564411
2014-05-22,65477330197.56,0.869413395227441,57657545475.343,0.827871710834471
2014-05-23,74397087005.49,0.987961569466756,68892905460.7705,0.989686825491084
2014-05-24,63724815518.15,0.845171292148271,56245832266.4325,0.806852070414465
2014-05-25,73192773536.41,0.973604144726795,65523152411.198,0.942892132828553
2014-05-26,117612688302.3,1.56424362880408,113874978529.355,1.63848877194031
2014-05-27,69431838783.07,0.917618179899053,65315815826.59,0.933668860198777
2014-05-28,56381812492.86,0.74479021484243,50275236216.6215,0.718156735803119
2014-05-29,66036682657.25,0.874007626601571,61890659660.112,0.885768655534885
2014-05-30,70418731712.02,0.932650021826861,62532326710.7975,0.895451862411192
2014-05-31,80445166090.66,1.06358325149934,74332508988.788,1.06319897486469
2014-06-01,67484204994.03,0.889898169962519,62997413037.711,0.898633491312609
2014-06-02,65521537268.33,0.863758746156601,59331317252.0915,0.84594468274522
2014-06-03,56395065854.75,0.742077774356431,51494369231.0815,0.732868699995573
2014-06-04,79522224902.66,1.05866763273732,72800266716.555,1.0488281743488
2014-06-05,49905968703.86,0.66214693997371,45367050911.9585,0.651152222492458
2014-06-06,63546378007.19,0.845746280322135,59060267637.5915,0.85016050210323
2014-06-07,65008810437.92,0.866894354894064,58334631934.8365,0.841619284616046
2014-06-08,65207073685.87,0.872807116370569,58589413179.339,0.848836956399599
2014-06-09,118320824071.77,1.59320317890602,112211114318.319,1.63591554410369
2014-06-10,54864669096.71,0.733225047811373,46608365445.932,0.674243652849721
2014-06-11,140914460400.87,1.90671520479732,134844451389.194,1.97855240365195
2014-06-12,77001915627.92,1.02539410069324,71024017515.5505,1.02434837623639
2014-06-13,58410071830.93,0.777114496598733,54611608227.7275,0.787151267190774
2014-06-14,164104975798.83,2.22064346393093,155665986122.393,2.28453026894437
2014-06-15,71116730324.33,0.949409186301466,64840106472.427,0.9384494844002
2014-06-16,50312822076.9,0.671301166999951,48212722227.9475,0.697413133778332
2014-06-17,74086176285,0.989204984285161,67825413109.366,0.981560352842248
2014-06-18,57970232040.85,0.770362260998903,53828579385.1905,0.774780349420249
2014-06-19,78081985092.45,1.0543823199251,69861778784.763,1.02321504140174
2014-06-20,62175388628.02,0.835903728469938,60057833714.491,0.876080700577936
2014-06-21,66306149443.72,0.890872681474218,62231006927.8655,0.906282441744728
2014-06-22,64336935613.46,0.865170795953169,57935742481.81,0.844283588222125
2014-06-23,78234788423.2,1.05341034953846,72033168136.301,1.05127520260732
2014-06-24,63902350338.44,0.856694176757072,59669359384.786,0.867079930305082
2014-06-25,79243354669.34,1.05981364446981,72720194056.535,1.05400789610127
2014-06-26,64799886310.6,0.861084870756683,58226192595.74,0.839005433376894
2014-06-27,45851744886.13,0.609626479537508,41529912193.5195,0.59881719172227
2014-06-28,139112651880.86,1.85267585747688,135046456761.996,1.9501546198868
2014-06-29,83149317077.9,1.09567803734992,74767890629.9335,1.06698589686691
2014-06-30,52413855186.9,0.686942828656906,50291808327.229,0.714271657519595
2014-07-01,37559834731.38,0.491868381930053,35508123025.896,0.503708679734501
2014-07-02,55679503053.84,0.73114577554292,55679503053.84,0.791676466893049
2014-07-03,55758722996.91,0.733236314063599,47297402048.996,0.672862171590868
2014-07-04,38269883596.68,0.503610820121136,36133991026.965,0.515007607792684
2014-07-05,58839110908.13,0.777283239557727,52163526619.9835,0.745861622115812
2014-07-06,67870595338.59,0.900068382439952,59111019704.2785,0.848544970514906
2014-07-07,50547613545.89,0.67214321008388,43816172108.1325,0.631183751031496
2014-07-08,72854062810.33,0.969728003315281,66518196198.6105,0.960039757995408
2014-07-09,76711478531.27,1.02067246353997,74707977368.376,1.07755534751901
2014-07-10,63139258852.03,0.837572082690105,57235100358.379,0.821994349463862
2014-07-11,76978951859.72,1.01918962251029,69505859816.809,0.996438844580043
2014-07-12,68920530761.73,0.915849813390358,64873925565.776,0.933896938150745
2014-07-13,101869847403.32,1.35949688557686,92681961141.723,1.33992939004521
2014-07-14,174853625803.01,2.32238543779675,168066334485.7,2.41756367886639
2014-07-15,80555699354.72,1.0625258188431,71426142606.471,1.01978373238559
2014-07-16,72818490877.93,0.968702022719303,68511122469.2125,0.987690546927103
2014-07-17,61825733436.15,0.820597786956663,54887209604.029,0.789080056275246
2014-07-18,54680026734.52,0.725989834143212,46207475652.6765,0.664650422201252
2014-07-19,59163475726.01,0.796555411074955,56901456459.696,0.831365712314542
2014-07-20,49236882085.45,0.663698191483784,43026298697.8705,0.629046339490345
2014-07-21,58075822115.38,0.788735497326371,53899432695.0545,0.794537899349369
2014-07-22,143882369799,1.95435669463486,135431999128.202,1.99686886619743
2014-07-23,66589753752.64,0.896550398632779,57897867018.3455,0.845609682790496
2014-07-24,50447051730.12,0.67709088873819,46184151316.347,0.672598651358673
2014-07-25,37317337200.8,0.501946023384076,32755381147.287,0.47802545984097
2014-07-26,66798651918.82,0.900968375162215,57847939543.4555,0.846294148691047
2014-07-27,71510315186.37,0.977408555040547,64648869260.154,0.959673580206976
2014-07-28,57466273588.46,0.790197432304076,51149463300.897,0.764353382300681
2014-07-29,51355777176.89,0.706296808408476,46889344508.257,0.700879712916656
2014-07-30,75566285266.91,1.03976043829749,69858955419.7935,1.04439777824316
2014-07-31,63279286348.23,0.873471014764039,59300316981.795,0.889611406130342
2014-08-01,67349057533.26,0.928191766336621,61024521103.8105,0.913948855914897
2014-08-02,54235467266.99,0.746106888479844,47844733873.376,0.714829633465379
2014-08-03,70359260235.68,0.971209281619342,63330461394.3985,0.949707874050398
2014-08-04,65276635812.03,0.900345924720219,57473502937.0125,0.861265925451496
2014-08-05,59725503825.02,0.821443438063535,53875617703.92,0.805105369064799
2014-08-06,46749393442.42,0.644729093309434,41213843764.3455,0.617693494697614
2014-08-07,62833842403.3,0.868493254769594,54965349761.9705,0.825996627947894
2014-08-08,63712193515.17,0.893536680554722,57776800372.8865,0.882024078666084
2014-08-09,128608569789.08,1.80529816386005,125000887528.807,1.90933226367832
2014-08-10,62957626082.38,0.878258260684403,55360973270.9435,0.839562637984688
2014-08-11,35896228833.37,0.501214046114402,34052142949.1285,0.516857791789317
2014-08-12,125099656557.02,1.75245799362647,117645285770.671,1.79135667422077
2014-08-13,122475101874.17,1.69628655594477,120564325303.06,1.81442407527781
2014-08-14,92423117661.07,1.27687265901327,88527847576.61,1.32819986985408
2014-08-15,42797387638.94,0.588658998202889,37147625322.425,0.554276647701569
2014-08-16,42068634972.47,0.581644925519963,36378467518.5845,0.545878267793972
2014-08-17,50161415808.7,0.696017452786794,42658826279.2925,0.642398298839249
2014-08-18,57952578300.74,0.807195075862141,54207511481.697,0.819669487316791
2014-08-19,115484285666.47,1.624599547667,109801181181.241,1.67832561500287
2014-08-20,61578945246.74,0.859644765138889,57898966045.3865,0.877887038176507
2014-08-21,50461598082.29,0.703838196384102,45022529837.075,0.681711300229337
2014-08-22,58879197881.27,0.823376269294243,57057159637.9295,0.866569243749067
2014-08-23,126987925009.26,1.77923783322952,119433449313.075,1.81572151078892
2014-08-24,48376853323.05,0.672590409901169,44602562064.3025,0.672593210225572
2014-08-25,55857008823.84,0.779051869697793,48251079626.016,0.73002247193135
2014-08-26,37457719751.38,0.52327200548464,33808633202.8165,0.512536032174245
2014-08-27,43740856080.6,0.612975848204874,38354342893.4955,0.583310439841926
2014-08-28,67083216362.14,0.945736664727441,63194371276.2185,0.967120471674924
2014-08-29,68863994349.96,0.96805120427324,65167537669.2935,0.994088868825456
2014-08-30,70826025597.25,0.994747102473006,64748053455.859,0.986595696290419
2014-08-31,49232751701.25,0.690799016099566,45196248206.7485,0.687875636379046
2014-09-01,56109024677.51,0.789388350759624,51824553042.7445,0.790675496277226
2014-09-02,123073489919.15,1.74973157435627,115925568276.023,1.78826371104599
2014-09-03,41051823230.42,0.576971617221816,37079886812.7495,0.564803311974564
2014-09-04,86881573630.54,1.24184540184071,82662567268.1155,1.28184638396738
2014-09-05,124826164283.02,1.78121353366731,116887684659.829,1.80868836376267
2014-09-06,48363691638.95,0.682428762469534,44317698761.0065,0.677982289969539
2014-09-07,84419847423.05,1.21481255860348,78372137724.933,1.22377168599087
2014-09-08,112576798084.62,1.61631120552869,107103562847.904,1.66821312850699
2014-09-09,44502763064.65,0.632216193358289,40173799110.6515,0.618975988779341
2014-09-10,75092327055.42,1.0721425132415,66291027276.178,1.02658273986193
2014-09-11,39870667882.38,0.567607836282781,35870711809.684,0.554220440146114
2014-09-12,44293661300.37,0.634684795783931,38331213274.1155,0.595962453738123
2014-09-13,134123518278.98,1.92773892646885,127474466156.459,1.98993795838533
2014-09-14,66989354068.28,0.951784360319168,58317839392.233,0.899463822401223
2014-09-15,50953099380.92,0.723616703677247,42762924548.9395,0.659506690057869
2014-09-16,32454076680,0.463036282224356,30408489002.751,0.471505589919515
2014-09-17,43128436950.55,0.618636421977393,36491722196.1405,0.568903344658805
2014-09-18,42726805354.41,0.616678500109087,36496370826.8925,0.572827393930372
2014-09-19,41693237683.71,0.604051910725664,38042085149.8305,0.599522294343735
2014-09-20,60728832127.92,0.880471244871698,53456699985.5575,0.842999753333689
2014-09-21,67931012320.75,0.998398764506126,60142688527.969,0.963189687313317
2014-09-22,45091979585.3,0.664497253316231,37604182825.626,0.60391777141867
2014-09-23,47696036340.84,0.703775901103395,42168920219.3705,0.678873562836729
2014-09-24,35828244775.88,0.527721818108013,30117711246.6675,0.484244089870223
2014-09-25,49025234141.85,0.724625403704772,43344958413.56,0.700343448965475
2014-09-26,46648385477.29,0.690311907334021,40974741135.435,0.662550518719066
2014-09-27,62733720392.56,0.926977582185716,57176898885.9585,0.923674335572531
2014-09-28,45016327820.01,0.664723174139839,37264925107.5555,0.601422962233682
2014-09-29,35458460410.51,0.52570115812348,31581385084.2055,0.511844032550886
2014-09-30,47767154059.61,0.710078861498197,41635395350.7495,0.676387502058204
2014-10-01,40283016615.73,0.601494408758367,33145384594.1375,0.54106687326592
2014-10-02,45823444126.37,0.688682015870528,37897845163.096,0.623683778343976
2014-10-03,47000282678.09,0.708563958412251,45070619197.5645,0.744546623177684
2014-10-04,113809262618.82,1.72503999438461,105937389797.323,1.75848901897579
2014-10-05,118754235512.38,1.78552977140779,110806544893.82,1.82450855763689
2014-10-06,75806807789.19,1.13635924285946,71860011306.1305,1.17903731754868
2014-10-07,71377141951.49,1.08920985881343,64832354638.8895,1.08410369217115
2014-10-08,43407887055.89,0.663507468752018,41288283810.746,0.691315496847009
2014-10-09,54876996376.12,0.843330896739041,47416143730.8735,0.798249618592416
2014-10-10,131971419829.01,2.03067312095483,128100219393.96,2.15979797381874
2014-10-11,171550704268.44,2.60283642047976,166107564549.983,2.75532028974726
2014-10-12,72556656256.8,1.07895621932816,65883516528.508,1.06977742241465
2014-10-13,69090387915.06,1.02318693212854,65820031416.806,1.06404525776921
2014-10-14,40216542600.72,0.594428398674911,34967640626.2195,0.563992270622741
2014-10-15,143036861834.33,2.15346563887458,139719942156.14,2.29786631915028
2014-10-16,56201903372.11,0.8347008559105,50713027555.2685,0.820887650167826
2014-10-17,51209076755.44,0.759775195028617,49447511343.7465,0.799704923078033
2014-10-18,132947827525.91,1.96768285314421,127042185378.016,2.04804640357938
2014-10-19,69270675207.01,1.01342302473209,61565839003.024,0.97949533489945
2014-10-20,66917133310.76,0.979372965051794,61266311427.493,0.975299441649783
2014-10-21,55401093417.2,0.809495752868972,47495475538.43,0.754634439273877
2014-10-22,51260141141.01,0.748463356949133,42728886945.327,0.678822411318842
2014-10-23,83205816094.29,1.2200656915868,75428719339.7555,1.20449624210257
2014-10-24,50906630196.44,0.743867942432862,46964284302.2455,0.74766471896859
2014-10-25,75505959791.07,1.10648800006791,67999426904.339,1.08543357691968
2014-10-26,162491112182.59,2.37239229030193,155139090005.9,2.46694281963711
2014-10-27,66855291655.21,0.960711930404984,61010307648.245,0.953581889746928
2014-10-28,53961736605.76,0.77522191741354,52032494719.565,0.812725182345023
2014-10-29,176829380540,2.54286244563377,173056576530.528,2.7039959972476
2014-10-30,77446461774.24,1.08944386105176,73853648659.345,1.12633523725646
2014-10-31,78422760701.13,1.10048451678179,76689907136.7345,1.16559355084146
2014-11-01,65952576676.12,0.923225118558118,62114424536.173,0.940844236107572
2014-11-02,56888580205.7,0.80474711179461,50806204296.3425,0.778385855828648
2014-11-03,67066666707.93,0.949697193650694,61064798127.0745,0.936332390215614
2014-11-04,57494380095.98,0.809893189490509,51398681761.0755,0.784250667840416
2014-11-05,57910873486.13,0.825114555956128,49972352749.7815,0.771774521845488
2014-11-06,84149569490.67,1.21223932291459,75411815054.939,1.17997710637806
2014-11-07,63603552557.29,0.917560051172179,59338179613.673,0.930745122424292
2014-11-08,78630164547.47,1.13029868451811,71688603964.8975,1.11982669812023
2014-11-09,63466735971.91,0.906653604922831,55033412610.2675,0.854052860840221
2014-11-10,62872028536.37,0.896130175592265,54113386651.1475,0.837859661477585
2014-11-11,71019963320.59,1.01142038137002,64765639589.7885,1.00281024176683
2014-11-12,142418255765.66,2.04363457490476,142418255765.66,2.22361735490949
2014-11-13,54084129240.58,0.765510275154555,48141365934.149,0.740019482820436
2014-11-14,57723799116.88,0.816527990673382,51457304077.426,0.79054023049018
2014-11-15,74180098809.02,1.04951363537735,66765636824.021,1.02677423995494
2014-11-16,89113863887.26,1.27211405114754,80800762563.3415,1.2547159445233
2014-11-17,68021991254.55,0.964348213947856,59964850958.8725,0.924975479778303
2014-11-18,89272146680.07,1.26301866285929,83110565870.223,1.27925320619851
2014-11-19,92483243942.94,1.29712908355705,88456712664.461,1.34935190558997
2014-11-20,69819127903.05,0.971346847826791,61629338059.147,0.931640459910559
2014-11-21,47953954878.84,0.666849144591452,42298040134.026,0.639592581592653
2014-11-22,63969242296.77,0.892648219288622,58406662631.3435,0.886823434950335
2014-11-23,48017371356.97,0.670814577176548,43696890307.8395,0.664237511179816
2014-11-24,58667863421.93,0.819770293208819,51043091755.062,0.776117885804716
2014-11-25,155963673233.14,2.17836444442086,150339698706.48,2.28626112986723
2014-11-26,117867816019.07,1.63732054447208,114680358287.811,1.73318053542986
2014-11-27,58785712473.77,0.806358386891243,55570463542.75,0.828280065957829
2014-11-28,75501969729.38,1.04042723605987,69009468430.204,1.0335575604176
2014-11-29,121619648774.11,1.68960663122406,115009539393.327,1.73733336827474
2014-11-30,148857630105.32,2.04325624534762,141936293118.975,2.1171736516767
2014-12-01,79770981846.97,1.08354666738977,75702271209.2565,1.11659919755244
2014-12-02,60024285187.48,0.819671218482246,54287552649.7855,0.805174358199604
2014-12-03,68275446049.17,0.929999602556016,62897845052.336,0.930560279195734
2014-12-04,47471373061.24,0.64733688054847,42452329172.3085,0.628448791031359
2014-12-05,170298703889.46,2.31939310964646,163099906800.113,2.41167419983652
2014-12-06,56747328303.27,0.757399746590706,51297852053.2035,0.742213656732735
2014-12-07,80212917369.26,1.08391827236206,73306157402.325,1.07474733532737
2014-12-08,63027842023.94,0.849888172567775,57839494603.6395,0.84577681510626
2014-12-09,53900563240.3,0.72540686184831,45273057916.393,0.660287053753293
2014-12-10,206816656109.77,2.77385751339315,196501753307.37,2.85851166741944
2014-12-11,49849430966.01,0.651559343893807,45473144961.051,0.643661918431189
2014-12-12,52598548430.8,0.686730714805376,48109833855.486,0.679955097063731
2014-12-13,91253508451.87,1.18939682549335,84649906653.3725,1.19436704351429
2014-12-14,102863640782.11,1.33440283717716,93261720141.098,1.30901671493458
2014-12-15,128371609990.63,1.65637020257141,121170713416.949,1.69138576194745
2014-12-16,61902322649.95,0.788633068729016,54632004840.1525,0.752147005441523
2014-12-17,73509004156.78,0.934488257547526,68827814655.3485,0.945656365348045
2014-12-18,75784484170.32,0.95795262311337,69619496784.5925,0.950515346861595
2014-12-19,51908480156.94,0.653516785157453,43192047961.0005,0.587193611331823
2014-12-20,98893108662.98,1.24406253206197,90229578176.1545,1.22622630831371
2014-12-21,59088740386.61,0.739325095797764,53119639414.478,0.718059822825844
2014-12-22,86191869245.84,1.07618671568975,78911592110.1255,1.06399515834393
2014-12-23,50951096902.96,0.631410913668871,46411990548.24,0.621072151150147
2014-12-24,49394321816.97,0.611831202391687,44877774767.8165,0.600085079457042
2014-12-25,47386156819.66,0.586169172367903,44959900959.1785,0.600062543979119
2014-12-26,44060414504.75,0.544904172363814,39137038970.995,0.521761582473321
2014-12-27,173553217418.15,2.1472976145487,165542017862.641,2.20902970040781
2014-12-28,70715105308.22,0.867294844319568,63494668895.2605,0.83933953763825
2014-12-29,69993944306.96,0.864513834095782,62724165867.969,0.835373955561233
2014-12-30,73071741960.73,0.903300598365834,66961734584.6405,0.893104461615093
2014-12-31,62452146166.33,0.771830456076133,53487236584.051,0.713146759071383
2015-01-01,133361470928.7,1.64357586105908,124612021291.876,1.65824456574196
2015-01-02,93021507508.6,1.13336663760102,86375218969.378,1.13553069075225
2015-01-03,216202748251.96,2.64916365855636,209261063643.678,2.76913083715388
2015-01-04,177164166469.67,2.15677028052699,171433974001.194,2.25325075001052
2015-01-05,63544466168.64,0.762028227070999,59508464463.4105,0.76944457542545
2015-01-06,89703529468.49,1.0765813272208,83613478350.0705,1.08217382263973
2015-01-07,49433211315.59,0.589109829808943,44397833945.6415,0.570347446417828
2015-01-08,58252566214.09,0.703555690761479,48801474056.8195,0.63619216794578
2015-01-09,56591729034.13,0.683295167111591,47439441220.534,0.618619778337532
2015-01-10,58106139162.52,0.701037939603253,51194927500.8105,0.667800244578409
2015-01-11,72395258296.88,0.882923949490295,65070205981.7035,0.858909504407305
2015-01-12,55080681650.75,0.671452826384895,51580294647.6145,0.680471524805833
2015-01-13,56279190268.54,0.687243575293384,50972513537.6965,0.673477898481309
2015-01-14,56379480376.39,0.688380377759053,49710514100.3365,0.656444625251832
2015-01-15,64139836350.68,0.78255021412938,55548198471.333,0.732729065248368
2015-01-16,61464728142.92,0.751994520708973,57132330121.2445,0.755985266219503
2015-01-17,127247749552.91,1.55443112472774,118622935134.081,1.56712988889848
2015-01-18,86619593905.66,1.05022380241549,79520624259.0855,1.04225035316209
2015-01-19,69918579740.74,0.857118027993476,61275753443.2275,0.812709973118869
2015-01-20,68663587787.07,0.841357200911352,64017844358.143,0.849043171477891
2015-01-21,148116863807.08,1.8110399900364,141709437162.597,1.87588600023892
2015-01-22,62917108925.29,0.772522596028677,56421390657.9995,0.750588979591067
2015-01-23,53839895557.58,0.662475723560716,51899139428.721,0.692339653286867
2015-01-24,60194440873.34,0.743342298497505,54135029680.2875,0.725021086836806
2015-01-25,68384005723.27,0.845190858469985,62439321247.706,0.837304264082548
2015-01-26,62124442178.58,0.766529391300148,56232144147.3235,0.752668915571907
2015-01-27,71150463173.86,0.878535739890896,63505151908.432,0.850673411310439
2015-01-28,70409520393.79,0.867645203211672,66549054906.9455,0.889729829944536
2015-01-29,65488409396.38,0.805526164921906,61619945836.924,0.82166209463293
2015-01-30,53101043985.16,0.654947731623278,47122220656.2395,0.629722998821846
2015-01-31,67129120674.28,0.82924868410147,58946503630.7295,0.789272016105778
2015-02-01,75548181173.08,0.934830791538771,67356997065.8895,0.903720975477414
2015-02-02,49456947179.33,0.610891483681258,43440298733.6195,0.581688437654197
2015-02-03,71093448480.06,0.879880929441589,64310784493.084,0.862622887431449
2015-02-04,60437881896.81,0.747995280459678,55141428986.681,0.739684862677896
2015-02-05,104309177837.79,1.30674183646856,99229154991.4605,1.34990626859476
2015-02-06,56571038126.34,0.703429342574627,49619612367.7265,0.669482500695631
2015-02-07,65936285101.09,0.82002090132454,59203918871.8665,0.799032655907033
2015-02-08,118435142522.18,1.47472631000607,113488550117.937,1.53353638601931
2015-02-09,83380686431.2,1.03374342352284,76646116696.053,1.03027819971618
2015-02-10,49137129374.22,0.607818212984603,44627133715.885,0.598281517151149
2015-02-11,50423081617.08,0.627433539083112,42692009496.32,0.575875759185179
2015-02-12,51112793698.53,0.640003495246667,42927505569.445,0.583339397319339
2015-02-13,54449986661.47,0.683696257174276,48388716347.8735,0.659546904327862
2015-02-14,74150182784.96,0.930156747157734,66550809952.01,0.90620390648562
2015-02-15,58224432810.53,0.729271748412875,52164084139.1665,0.709367349411455
2015-02-16,51214248366.1,0.640493086583628,47092905127.411,0.639528918183012
2015-02-17,66799409773.63,0.836331546660252,60400271645.3555,0.820769169087956
2015-02-18,60031074390.44,0.761714701687457,53023603393.476,0.731167096248499
2015-02-19,71841388100.53,0.919606115435207,64946549187.3215,0.904735496448935
2015-02-20,83216843106,1.06310263629426,73826079887.489,1.02683482458693
2015-02-21,60298599301.08,0.769417249213097,51788202226.251,0.719739580372063
2015-02-22,91921093815.64,1.18395258667634,84735820804.098,1.19008562256363
2015-02-23,62728114879.75,0.815059937890493,58195781715.129,0.825232224887063
2015-02-24,110882078537.1,1.44455838890789,101709885737.817,1.44654922875479
2015-02-25,47235005199.09,0.610556068454961,39891921425.293,0.562836019205184
2015-02-26,122791880233.4,1.59235403354058,120535100095.18,1.70722948761467
2015-02-27,57032657027.03,0.73109322433688,47306426000.461,0.661329500002122
2015-02-28,115591453402.56,1.5078123542345,109701341306.588,1.56372595510749
2015-03-01,63722178606.19,0.823685992309159,56191352571.525,0.793113206197091
2015-03-02,134623100873.17,1.74459307061277,129861946763.145,1.83822363998667
2015-03-03,48628562949.39,0.623297453279705,48628562949.39,0.68009353688901
2015-03-04,50556652457.71,0.648532487323346,40686737269.9045,0.568705615656588
2015-03-05,61088720333.49,0.802793050397775,53787017271.5755,0.77182872636579
2015-03-06,54634775757.28,0.716718766001949,49654574981.7735,0.711518788819672
2015-03-07,73800309896.1,0.967831410687991,63826056599.55,0.914346252765808
2015-03-08,69268040628.71,0.910876333651556,59270004395.383,0.85210421987263
2015-03-09,135081945846.81,1.78572239319748,129009705125.174,1.86558101572802
2015-03-10,54784309906.3,0.723459860879563,45633303155.5755,0.659003850808777
2015-03-11,113264682388.2,1.49740408233594,107915229049.498,1.56085004781955
2015-03-12,47532673797.61,0.624493385245473,39333279027.3425,0.565100181730771
2015-03-13,51558064150.57,0.680386214264943,46834353485.796,0.676371535463227
2015-03-14,76631777713.83,1.01132725699832,69616643339.668,1.00475921778243
2015-03-15,94176874342.05,1.24723612408108,86730896876.8505,1.25621397369904
2015-03-16,109415862146.48,1.441082291359,101989539906.189,1.46870881668428
2015-03-17,110850413632.77,1.4546792816162,107280474199.265,1.53881322471724
2015-03-18,74583994277.32,0.969684472511625,70892595819.519,1.00641103473219
2015-03-19,83270588015.87,1.07841646793769,75878979781.6055,1.07248385733961
2015-03-20,48468861881.61,0.624254365749679,43042125531.5185,0.6052146159798
2015-03-21,61030663330.92,0.785513043164705,56886054864.478,0.799351355353495
2015-03-22,59168790257.9,0.77490957295583,51233063230.6615,0.733244349132907
2015-03-23,66288076826.41,0.869713637238407,58227549931.62,0.83509362198366
2015-03-24,56794226582.31,0.745583873757623,51499249925.984,0.739164509801321
2015-03-25,80663270972.35,1.06163287256718,72896314473.9675,1.04904644994995
2015-03-26,69946335357.02,0.917964871414987,64009014084.5115,0.918097012858555
2015-03-27,146747511633.18,1.94516379642831,143191828256.518,2.07531117992745
2015-03-28,100785330031.02,1.32469637780979,94024523247.97,1.34948933094588
2015-03-29,157707384283.06,2.11098905293254,150971637456.787,2.21034526702029
2015-03-30,63569243222.16,0.853551238450352,54999142317.4585,0.808113466335458
2015-03-31,74372315658.19,0.998601328304074,68307078217.1815,1.00444191669323
2015-04-01,119171766163.91,1.60405706134352,113080461931.852,1.66729306776816
2015-04-02,61441251610.77,0.817862414318144,55446070874.3695,0.807775610895811
2015-04-03,77569730054.99,1.03203180377666,69811040955.816,1.01588342548471
2015-04-04,78483633459.97,1.04073289514482,71902515212.4805,1.04227891104374
2015-04-05,54364283773.98,0.718586462146587,49055173221.485,0.708558169500441
2015-04-06,71515313446.57,0.94797826904523,65930748748.9305,0.954940544342726
2015-04-07,52282318972.21,0.691240712635589,48197606519.3315,0.696370706774056
2015-04-08,60873573131.71,0.805334972745357,53721124652.9325,0.776546475640186
2015-04-09,113178474690.11,1.4962505276026,108305105889.05,1.56448591057244
2015-04-10,60920264415.65,0.799214368531163,56205154587.9485,0.804593535478838
2015-04-11,85588996303.38,1.12293952475993,77363669872.334,1.10765900700972
2015-04-12,87040431437.85,1.14946183855523,79468921170.108,1.14585935279417
2015-04-13,140627426732.49,1.85701246771584,134366848869.793,1.9374476799342
2015-04-14,57960381788.5,0.756963861911769,49697816209.618,0.707717890556753
2015-04-15,69184412787.47,0.90505605441982,62794348530.6605,0.896394179813326
2015-04-16,70160035176.16,0.929241733898379,64309209466.2585,0.930497787117536
2015-04-17,141425628538.56,1.87098943859082,133158979256.186,1.92407927091387
2015-04-18,70232205635.58,0.91649418362966,63768744884.72,0.908723549878066
2015-04-19,162180439725.36,2.11307629373604,153981974270.777,2.19070852646247
2015-04-20,104279276177.97,1.33918883468582,98364301072.899,1.37806707137599
2015-04-21,66279603802.26,0.845733900729782,62089994288.3295,0.863800336616515
2015-04-22,94960811353.58,1.21260599493714,88531196684.3205,1.23194093102006
2015-04-23,59379287491.36,0.755426820032399,51485938145.356,0.713844397826128
2015-04-24,41559926545.86,0.529217508434666,36178306733.1735,0.50244694754622
2015-04-25,62705925246.48,0.799886746861574,54810174283.5565,0.762587503543309
2015-04-26,96908273109.78,1.23700823233782,93365951015.939,1.29991414839612
2015-04-27,89277911512.64,1.13592161218985,80965149547.4645,1.1224217762393
2015-04-28,57403333548.59,0.725988607923711,53371139384.216,0.735331491096958
2015-04-29,149229009991.5,1.89121995845944,141373602441.489,1.95130420415727
2015-04-30,61068153693.25,0.763702718977102,53394115451.9605,0.726673989831105
2015-05-01,82534481591.04,1.03884281721337,76955020192.6075,1.05516494075726
2015-05-02,84433206874.27,1.05862314462649,76960793721.208,1.0505565199161
2015-05-03,101186699522.7,1.26518532461907,94190292031.5985,1.28204901498817
2015-05-04,188101299568.16,2.35797378681209,179927534135.966,2.45672366998384
2015-05-05,73466536820.6,0.906780412869634,66255532104.124,0.889713894346352
2015-05-06,43378644937.47,0.533505314414793,38075916401.147,0.509541509928377
2015-05-07,49153472252.92,0.605152923900772,45731287010.2875,0.612437996665042
2015-05-08,89376482155.46,1.10067454906433,83937488209.221,1.12359703217476
2015-05-09,195144791362.27,2.3909720849049,187848548077.467,2.50039787566372
2015-05-10,47949749596.33,0.577306104208327,43941544418.3465,0.573863042557914
2015-05-11,135373441441.32,1.63227498387984,129559957924.899,1.69417896789309
2015-05-12,122692632995.35,1.46171706606308,115384924071.776,1.48969605210707
2015-05-13,138772468922.51,1.64028359821766,131321788434.706,1.6812432871562
2015-05-14,56539279304.76,0.660967916581525,51149557237.1295,0.647118326724651
2015-05-15,66311932047.14,0.776868766028941,58420660660.674,0.740647720448967
2015-05-16,57099334820.98,0.67052067866086,49331123639.153,0.626869562133131
2015-05-17,68815483678.75,0.808465656848146,60944039402.212,0.774727317749895
2015-05-18,57695273925.21,0.680019512516765,51533331959.254,0.657464586705025
2015-05-19,86720643755.54,1.02284641233317,80356666597.4705,1.02623244495199
2015-05-20,59912871520.71,0.709061583477129,55832470977.6665,0.715357085779794
2015-05-21,60950409159.59,0.720054552592401,54713365445.266,0.699318138644636
2015-05-22,141814248595.37,1.69006106554851,137694328384.079,1.77774312709383
2015-05-23,52043514369.51,0.612853231847317,43011999377.539,0.547709946204395
2015-05-24,146719488481.37,1.74326730406775,136832875474.795,1.76020958046392
2015-05-25,46001732955.88,0.54023353058157,40888789329.4585,0.519574295412288
2015-05-26,84690359247.02,1.00706100474888,77749493620.104,1.00144240385136
2015-05-27,110413840003.38,1.30627289401842,101758643885.232,1.30486253892832
2015-05-28,55305198116.08,0.648829265113118,49036968214.913,0.622998347270942
2015-05-29,48366032543.66,0.567879099852058,40230787001.52,0.511486213274463
2015-05-30,87447684604.84,1.02764814775312,77340563851.3275,0.984697033201627
2015-05-31,146475120585.03,1.71803339300557,139163494476.873,1.7682021697774
2015-06-01,63004368251.08,0.731107891701158,56433066147.8405,0.708473071096559
2015-06-02,41868290887.85,0.490729332654761,34029420914.115,0.431897569833095
2015-06-03,51789843356.16,0.608113689490815,44859382354.487,0.570350199392441
2015-06-04,58268670289.2,0.690118112758665,51078417372.798,0.655677968862824
2015-06-05,62168910163.15,0.735198581870261,54951283423.601,0.704128944810762
2015-06-06,59043987238.86,0.697202289767779,52261323263.0445,0.668832476873738
2015-06-07,69563235706.34,0.823451399867624,66447652735.8655,0.852641500479432
2015-06-08,60155085092.53,0.714561407812383,54939696077.218,0.707165078231446
2015-06-09,85524347640.23,1.02304068050654,78630984475.372,1.0194612293886
2015-06-10,48129027349.33,0.57780241539855,42810505646.0925,0.557509213221325
2015-06-11,61948036693.19,0.746526055063196,57012513804.93,0.745704507871999
2015-06-12,80782330862.56,0.976482218461437,73871969140.169,0.969067345802649
2015-06-13,136830988711.67,1.64633283140046,131039986100.122,1.71077208883283
2015-06-14,64262546710.91,0.764893941913322,56859015634.2045,0.733856267531177
2015-06-15,51670443560.12,0.614571092210464,43721157360.481,0.563803888664484
2015-06-16,64629925044.51,0.770306253842263,57230726892.2405,0.739663048815897
2015-06-17,40944597041.03,0.487465395050649,34677160295.9855,0.447780705203122
2015-06-18,45954829427.29,0.550212022302143,44024135649.023,0.571836385412353
2015-06-19,79608927593.47,0.95641935324693,69966449161.7515,0.911622357226072
2015-06-20,180536632323.75,2.1899910327437,175434748306.086,2.31207415968328
2015-06-21,149788680452.78,1.79631647236137,142414185105.834,1.85322165278481
2015-06-22,76820423205.57,0.922299152776789,67225995873.807,0.875966463393672
2015-06-23,67936147105.21,0.814093466946865,58028782431.331,0.754693781574677
2015-06-24,63060133601.19,0.756357610352008,57203635640.6885,0.745148129408411
2015-06-25,56408828928.19,0.682044953370793,50531796021.7395,0.663992698280881
2015-06-26,78336104891.01,0.947856506717665,70952867622.8865,0.933044826375065
2015-06-27,67854992945.54,0.820945811753498,60079016859.7015,0.789910249833093
2015-06-28,71442483454.92,0.865674393911374,60812522109.895,0.801036700608856
2015-06-29,93252971981.79,1.1271770073498,87923066831.5255,1.15601177272034
2015-06-30,75517044062.19,0.909951155384311,70132155573.7555,0.918933751782949
2015-07-01,81131363721.83,0.974354042116548,71137989724.9115,0.928934734183538
2015-07-02,58742124679.63,0.703431228531232,47956444602.7625,0.624534324710786
2015-07-03,127717472312.36,1.54136585587634,119625277451.705,1.57258724804131
2015-07-04,149629277776.8,1.78864419715235,141909256093.263,1.84719737580628
2015-07-05,73390242034.18,0.869372136554563,63040610687.4635,0.812457641403498
2015-07-06,47825092793,0.567623063471043,43421036242.762,0.561017668673987
2015-07-07,62471937401.55,0.751314059708054,58857519585.4545,0.77125226679818
2015-07-08,136126860071.2,1.63606267384299,131518031126.098,1.72091604343322
2015-07-09,49313015653.5,0.587053604781067,43996204731.382,0.569593503774349
2015-07-10,58897544545.85,0.703231635554748,53056394610.1275,0.689047777940138
2015-07-11,88054856433.5,1.06384710560419,80658653815.3095,1.0606563066554
2015-07-12,67044130622.4,0.807932008077754,59401229506.7525,0.779062602090757
2015-07-13,96711583227.28,1.18157360483667,90944558391.481,1.21063942455535
2015-07-14,39954802161.46,0.488685621180531,34188510724.8115,0.455647758158921
2015-07-15,102764265859.88,1.26174205464677,98878910233.22,1.32366949619759
2015-07-16,64797549773.4,0.79467941144994,58504553306.939,0.781897747294167
2015-07-17,49635761505.37,0.608253540836405,42211097749.481,0.563510793888505
2015-07-18,46137369652,0.564717736169376,38319543002.0145,0.511069218641139
2015-07-19,144972598709.87,1.77874743948472,136080044616.365,1.81966920603072
2015-07-20,69328809127.98,0.844702472891236,62804046665.2275,0.834146922262845
2015-07-21,41654706597.32,0.508993912758231,39783901550.2415,0.529921075480728
2015-07-22,66591503649.51,0.815574070931612,58465066047.903,0.780435438840019
2015-07-23,69370037093.29,0.859965456244501,59292804662.6405,0.802051988340578
2015-07-24,91470074037.97,1.13254727430094,84603262191.6425,1.14333973178347
2015-07-25,60613864106.79,0.749510365190097,53499835583.9995,0.722115349715802
2015-07-26,64113116530.49,0.795569322537052,61823279523.1655,0.837618911815935
2015-07-27,105207652091.15,1.31269397546157,100726896340.607,1.37187041444842
2015-07-28,86565362502.37,1.09355569388965,80199087553.6655,1.10649687642737
2015-07-29,65308553585.33,0.82340240901459,60500403778.2065,0.832809269722486
2015-07-30,43848897117.76,0.551027902296584,37483641334.3895,0.514086314401299
2015-07-31,64973988715.17,0.81714518414709,60104749524.8365,0.825445271854987
2015-08-01,208921704693.71,2.63713813070969,198930032488.762,2.74268150570861
2015-08-02,102758617986.56,1.29440268530026,92744801386.222,1.27636652869064
2015-08-03,52937222658.96,0.661389650954034,43034350801.742,0.587546734154063
2015-08-04,53171423793.03,0.67256218272231,43458338284.4915,0.601798803040468
2015-08-05,63836100622.42,0.816001510585427,53875880733.2285,0.75501042848311
2015-08-06,103878990617.31,1.34317704856926,97856967244.6075,1.38930681689001
2015-08-07,54272286658.82,0.696675294749396,49905989860.491,0.702981838271632
2015-08-08,78038118461.73,1.00359585795364,69634947452.0585,0.982288885430578
2015-08-09,82031084672.3,1.05157566943068,72753609528.6825,1.02279417700884
2015-08-10,68758622112.76,0.879658742332314,61411220590.6905,0.861636150682591
2015-08-11,59369425301.26,0.758261039795048,57402696116.325,0.804067513711912
2015-08-12,52107531245.2,0.66829197059858,44019045731.6915,0.618965424991507
2015-08-13,67624377729.55,0.868334183858333,63068030033.2165,0.888576271660379
2015-08-14,46502940885.27,0.596514755315232,37629868868.027,0.529431764620704
2015-08-15,48800662721.29,0.635234399896961,40135090002.509,0.574304286852746
2015-08-16,46675504462.56,0.607876853687856,38725269027.5715,0.554402462290597
2015-08-17,67609615916.78,0.894384292398625,60369647630.402,0.878966747372614
2015-08-18,79438369731.33,1.0472989482228,69273563262.8165,1.00521127934987
2015-08-19,119131659134.82,1.57190274020816,109038549078.816,1.58455108850418
2015-08-20,73126733869.97,0.963563511881132,68055837739.444,0.987745247915895
2015-08-21,121224959434.75,1.59288275691381,116669505720.749,1.68776553225464
2015-08-22,51521741410.68,0.669361274736619,46862328772.3645,0.669112062447084
2015-08-23,129099621852.53,1.68661086224128,120961625197.466,1.73611459631011
2015-08-24,55586930878.22,0.728178480405036,50443067575.766,0.726248163335325
2015-08-25,37365405508.19,0.49004674092195,32983460220.52,0.475363550928307
2015-08-26,157971176928.99,2.07324722400283,148550676261.366,2.14132329895686
2015-08-27,40971805401.15,0.528947509063651,37000090508.0825,0.524023255908047
2015-08-28,72062481077.86,0.932809023716745,64969518491.7685,0.922336760486173
2015-08-29,53229261828.64,0.687974511168219,44315971114.854,0.628066230188026
2015-08-30,67659841326.9,0.8752691308114,60545798040.604,0.859234603674817
2015-08-31,82487762140.18,1.06740069654521,78103678277.5425,1.10951323641087
2015-09-01,58386348071.43,0.752935410502726,49237891038.1485,0.696726731179011
2015-09-02,57168313109.83,0.740312266535719,48570170785.4535,0.690698277763842
2015-09-03,59774632852.04,0.772986139861091,55079126558.8345,0.782496718749401
2015-09-04,66884160699.05,0.865213738964731,60160361419.031,0.854964240614834
2015-09-05,53755997822.44,0.696879321544404,49495058664.531,0.705030645335285
2015-09-06,179327416154.47,2.3549485866815,172561028625.658,2.4925063132992
2015-09-07,189358935300.8,2.44274207370269,182025351138.044,2.57792181625996
2015-09-08,110478158555.32,1.39566365836235,104304697830.982,1.44354743815107
2015-09-09,82820120856.68,1.03909660811493,76275492249.6535,1.04750688779826
2015-09-10,42840745833.42,0.534157342184456,35580973077.1275,0.485339993509934
2015-09-11,90028081719.26,1.12302899277389,80463632392.1515,1.09906592200023
2015-09-12,163665254637.66,2.03844036636599,153918001977.378,2.09880864130421
2015-09-13,158229726211.57,1.97568351656001,147472463363.415,2.01796646568178
2015-09-14,57138140541.56,0.712542588440359,50112797499.472,0.685163070621286
2015-09-15,101056456229.23,1.26392020627008,93263523399.9085,1.27869956301393
2015-09-16,68761245549.22,0.855781529208381,61883023988.4345,0.843602238803882
2015-09-17,52981689332.12,0.658837460170127,43259208150.4295,0.58927101434546
2015-09-18,121720258503.7,1.51438305828175,115446335141.263,1.57445102473222
2015-09-19,177247058047.96,2.19114019749039,169086814069.766,2.28945844513893
2015-09-20,80936887052.86,0.984694751697673,73249713568.8075,0.974684702873373
2015-09-21,47934621000.83,0.582381570857321,42090796479.681,0.55897267199103
2015-09-22,93514302766.79,1.14364808836335,87241941581.298,1.1670436182748
2015-09-23,186409414740.43,2.27376586676985,182390989763.949,2.43323138837559
2015-09-24,138547777708.81,1.66451772770836,133885228643.493,1.75511727393373
2015-09-25,59738861773.57,0.709605189597229,54705580018.0505,0.707652203935348
2015-09-26,148218282333.55,1.77769243833994,138521823528.285,1.80996461722679
2015-09-27,59521804555.85,0.714033261536126,49146392671.487,0.642498960279734
2015-09-28,45741064965.05,0.549806195659002,36263465672.674,0.475105681800933
2015-09-29,61127269919.08,0.734967083774124,51170150210.689,0.671154818106824
2015-09-30,63110903451.98,0.758963489933376,56196776325.486,0.737970562434528
2015-10-01,46185895321.65,0.561292935206145,39244781471.7755,0.521499351674497
2015-10-02,63259983904.87,0.769140740009097,58538159815.079,0.778462119538042
2015-10-03,51872082889.77,0.630284003256988,42345013615.8305,0.562631392904558
2015-10-04,126717460992.31,1.54781154588925,120181036642.812,1.60656241409273
2015-10-05,73703242466.13,0.892515945505776,64925299908.526,0.85959734411731
2015-10-06,90784900504.66,1.10302645105943,85665454703.423,1.13886319342414
2015-10-07,94438778932.16,1.13904623658297,87297163716.7785,1.15117696742268
2015-10-08,62870076147.98,0.759196946301917,53187167357.572,0.702650182283218
2015-10-09,71472649492.37,0.863317815023214,61765234927.6415,0.816657101414265
2015-10-10,169144429859.96,2.0366993931183,164182076074.408,2.16414683910124
2015-10-11,68238826955.72,0.807438980604749,63069039517.2485,0.81523585192016
2015-10-12,333267592814.84,3.98649374087709,322930608312.353,4.22165960906355
2015-10-13,60399377932.47,0.696316226744226,52748977006.051,0.662754665332162
2015-10-14,93527280166.42,1.07546559875564,85347816996.9375,1.07026119180294
2015-10-15,50787683465.89,0.581859585849057,44973731233.0255,0.561716077269641
2015-10-16,68452255438.57,0.786230052548152,58611066959.012,0.733606546649678
2015-10-17,66331977503.28,0.764282402731921,56256163249.1125,0.706869051330359
2015-10-18,75037499953.94,0.863910535958181,67230495031.958,0.844415393065543
2015-10-19,61102075183.52,0.702419554101582,53802182288.3885,0.675209797610432
2015-10-20,43472611218.31,0.50278896688589,36546811472.052,0.461895537781124
2015-10-21,66260210528.84,0.770916408392306,58822661093.3245,0.748343036669492
2015-10-22,82264809481.01,0.956998666641761,76823188083.893,0.977594495891243
2015-10-23,139112719889.63,1.60975455743384,131367513537.708,1.66178129323051
2015-10-24,83298685648.79,0.954152874876737,78279443539.816,0.979710406026033
2015-10-25,59457036074.45,0.692926557768692,49605498550.979,0.632204871524496
2015-10-26,167104042640.16,1.95924112692193,157657940616.547,2.02253361818826
2015-10-27,44672257372.59,0.515552336581582,38465096954.671,0.48496451696113
2015-10-28,135763420688.25,1.56864639368311,127827686695.619,1.61284885036058
2015-10-29,88052097457,1.00741020136137,81594606566.2115,1.01819889065153
2015-10-30,188614421252.59,2.16261266390274,182697853169.404,2.28536243234678
2015-10-31,128023517141.91,1.44145777058324,120165075035.119,1.47399358280073
2015-11-01,238414720552.05,2.66652192730941,230432245165.677,2.80587135440854
2015-11-02,237221794278.13,2.59906190590139,230357180478.117,2.74227726059648
2015-11-03,53436863292.43,0.572879930180251,47822993869.645,0.555994630980505
2015-11-04,73310475434.78,0.786534251605144,66328942001.3685,0.772170337687702
2015-11-05,591972838347.85,6.3340115453649,582871512853.27,6.76460032911145
2015-11-06,184248930927.81,1.84800317963813,176016535295.295,1.9059083310572
2015-11-07,143728277554.13,1.41825736190304,136157224428.246,1.44847253667059
2015-11-08,86875693617.7,0.847803020168868,78996886062.1845,0.830290445818131
2015-11-09,42073915826.92,0.408682499566546,35983469585.975,0.376305193763089
2015-11-10,102427639246.74,0.997871397855562,96381882318.716,1.01100453340993
2015-11-11,143636292207.13,1.39561360343566,133611061300.677,1.39679423320413
2015-11-12,53979825480.38,0.523001863630148,42441944068.418,0.442343013981885
2015-11-13,121874255817.13,1.18343367552396,110352235012.689,1.15379178754805
2015-11-14,154880108870.85,1.5038170198193,142810234859.457,1.49433259581691
2015-11-15,120815571561.69,1.15921612944111,110302700668.732,1.14054947025008
2015-11-16,55687557175.71,0.53482390982759,47293737570.5955,0.48966811315183
2015-11-17,60651565556.95,0.582491599221548,56205852593.19,0.582168020965025
2015-11-18,54904831823.28,0.525900405917033,48820143870.4195,0.504224614998672
2015-11-19,91370359678.37,0.885589693882156,84833693501.1855,0.887057469569177
2015-11-20,44329075900.29,0.427167000207297,37171814958.552,0.386383754584917
2015-11-21,142920348693.14,1.3816148668099,135663337525.325,1.41502481353688
2015-11-22,51994185794.26,0.497494073963342,45320638161.797,0.467411302780652
2015-11-23,288625908496.48,2.76658557788111,279921480652.958,2.89235781912232
2015-11-24,126123353971.65,1.18115477986082,119943321126.676,1.20932209708286
2015-11-25,63609362077.42,0.591241487480738,56727140230.561,0.567135233752552
2015-11-26,64001269495.86,0.59446053443566,54102991151.0205,0.540375426785663
2015-11-27,179320946430.47,1.66480180342729,171020749063.703,1.70833692984823
2015-11-28,112727571422.09,1.0337083317577,103253095744.615,1.01798133170606
2015-11-29,222399284250.05,2.0263494880543,216081554162.757,2.1170095509309
2015-11-30,47845934906.51,0.433912085832459,41806581276.0485,0.407521834647516
2015-12-01,54965537266.88,0.506213415852988,46250592584.396,0.458298427364787
2015-12-02,65797447258.83,0.609682255139694,57831706972.9405,0.577007555200346
2015-12-03,56714631373.35,0.526509118386956,47954625157.726,0.479510861690166
2015-12-04,83352161061.12,0.77261342459632,74405369699.418,0.7429045292098
2015-12-05,113174066188.2,1.04981399572443,107954982415.464,1.07865924402381
2015-12-06,55678750141.47,0.519377583283015,47846674287.265,0.480700148749607
2015-12-07,159083221630.31,1.50104012305646,149756097067.902,1.52269513203448
2015-12-08,83988585147.08,0.783507595124657,75699669554.785,0.760528641705486
2015-12-09,97706830486.27,0.913212517535038,93726668979.9685,0.943621985981024
2015-12-10,44572025684.61,0.415253038363736,36207325041.5015,0.363142375017392
2015-12-11,99402614206.35,0.926944038347226,90613987560.7665,0.909581369503255
2015-12-12,58778908232.62,0.549483368436029,52589008742.6775,0.529458550091349
2015-12-13,113037753078.78,1.07082987624342,104968920379.367,1.07177704996702
2015-12-14,110695511121.68,1.04485872283416,106549121979.188,1.0837331848102
2015-12-15,114348819304.98,1.07178376855918,106341136366.76,1.07324108646189
2015-12-16,48886812392.83,0.457150026520394,42777122427.489,0.430736934352443
2015-12-17,127755021599.51,1.21323595723215,119785672982.607,1.22669120926316
2015-12-18,117939685117.35,1.1213921048096,111539609129.132,1.14421241425982
2015-12-19,152373873544.74,1.43931658667853,144213045719.039,1.46919068933115
2015-12-20,62644441257.95,0.59146011329035,53476998515.0695,0.544428658619388
2015-12-21,128900283866.44,1.21659042195235,120564736955.897,1.22677911423312
2015-12-22,66306598846.28,0.620023526317288,57936076328.8395,0.583556253284653
2015-12-23,69672550820.08,0.651122649773669,61243712811.6565,0.616372080581493
2015-12-24,143517496016.92,1.34025986465006,137282295388.043,1.38080848407596
2015-12-25,79097020223.55,0.730752186543538,73245360103.4135,0.728166227697269
2015-12-26,76797197544.51,0.708271172300298,69026737925.2495,0.685034563361867
2015-12-27,122252057638.55,1.12440689984245,116498544119.081,1.15252074766276
2015-12-28,128748257287.57,1.18473461104084,119948732906.711,1.18716836121109
2015-12-29,158864243795.89,1.45309811194625,150055602356.978,1.47557864658537
2015-12-30,122802700136.84,1.11498510052567,115067556995.982,1.12305661146157
2015-12-31,53036422644.49,0.480071511144643,48780091286.907,0.474561285454839
