date,total_payout,premium,loss_ratio
2011-03-26,44989413542.4,57867780676.336,0.777451856915565
2011-03-27,218190443363.73,57764368210.716,3.77724971504584
2011-03-28,35556730132.88,59600090752.4867,0.596588523338725
2011-03-29,88635468661.8299,59744128792.496,1.48358458736054
2011-03-30,30737334948.78,60516809401.7823,0.507914003606984
2011-03-31,186953078916.98,60621242272.1601,3.08395327957238
2011-04-01,184263727747.67,62559180720.6449,2.94543064063596
2011-04-02,226298447060.07,63862553447.9661,3.54352331440135
2011-04-03,232340288604.03,65762275821.8126,3.53303296913829
2011-04-04,164591148513.99,68181458832.0281,2.41401623452318
2011-04-05,213243078119.51,69333334408.0148,3.07562127135861
2011-04-06,31565617163.56,71608554722.0552,0.440807907464133
2011-04-07,77512005649.07,71697975281.2466,1.08109057954589
2011-04-08,201967786946.94,72313014614.1475,2.79296594153366
2011-04-09,53660280289.58,74373445076.7942,0.721497844212719
2011-04-10,27555635053.45,74490382958.707,0.369922048443826
2011-04-11,190198700046.15,73312577733.3502,2.59435291905754
2011-04-12,24109659499.23,75204012272.5466,0.320590069208732
2011-04-13,184960797377.17,75289139750.585,2.45667300742047
2011-04-14,181241318868.88,77139666247.8342,2.34952168818813
2011-04-15,147157601405.81,78962401486.3066,1.8636414120628
2011-04-16,301299050864.15,80303112406.4007,3.75202208028159
2011-04-17,160742099641.71,82526783437.5613,1.94775675176199
2011-04-18,151645836357.32,84070691157.7746,1.80378957599775
2011-04-19,51021567456.74,85458931815.9627,0.597030250350142
2011-04-20,24235009478.02,84791821293.4968,0.285817772378463
2011-04-21,96972879731.05,84540654129.1945,1.14705617941939
2011-04-22,44562163631.75,85371786824.687,0.521977637919884
2011-04-23,167171698386.39,85329449432.3242,1.95913250933344
2011-04-24,38709735681.98,86859148319.5788,0.445661009011465
2011-04-25,226228444910.61,86611788464.7706,2.61198214377744
2011-04-26,108655291155.48,88807066328.3233,1.22349826030484
2011-04-27,159038854624.3,89858868634.3817,1.76987377029415
2011-04-28,48343573230.3,90841191754.2106,0.532176783425557
2011-04-29,21582641382.97,90976717066.198,0.237232580807084
2011-04-30,32332662271.51,90800135253.9392,0.356086058474316
2011-05-01,46994591315.1,90529947891.9179,0.519105471829124
2011-05-02,37643459754.78,90613080644.1098,0.415430746722184
2011-05-03,23937043930.7,90763412009.5159,0.263730102259602
2011-05-04,23304986381.51,90208589781.5142,0.258345534920287
2011-05-05,25476615989.66,89756653785.1375,0.283840973513193
2011-05-06,32040899243.93,89327891583.0085,0.358688632140789
2011-05-07,63192616654.37,89312157675.3402,0.707547754966153
2011-05-08,45819386568.02,89061418432.6275,0.514469535455256
2011-05-09,44088647426.06,89103055273.9795,0.494805114038946
2011-05-10,43611934307.54,87659949752.291,0.497512654647629
2011-05-11,44517524255.62,86672954095.7372,0.513626479218037
2011-05-12,34968201906.08,86748744760.8226,0.403097497289348
2011-05-13,35940329379.57,86855294393.9648,0.413795493186047
2011-05-14,41249904312.96,86951377523.6262,0.474401964497362
2011-05-15,37551259403.49,86927083164.6241,0.431985729146976
2011-05-16,32328722232.79,86910161326.835,0.371978624124449
2011-05-17,37979908639.81,86236210900.5907,0.44041717792531
2011-05-18,44450339477.66,86320260056.228,0.514946774357556
2011-05-19,22142419131.12,86213310998.0229,0.256832951603353
2011-05-20,74890761523.56,86112554490.1158,0.869684588582912
2011-05-21,72505472792.47,86470884761.0231,0.838495789569531
2011-05-22,115169302527.96,86519757151.3186,1.33113298418689
2011-05-23,85249566239.04,87167284043.2289,0.977999569159022
2011-05-24,53171404330.02,87823090422.1336,0.605437636895313
2011-05-25,39147826192.67,88040630449.9914,0.444656359144391
2011-05-26,83675131938.86,88057971880.5841,0.950227789169757
2011-05-27,54974308733.6,88619916239.6,0.620338080493858
2011-05-28,65793053045.74,88105190166.6804,0.746755701012284
2011-05-29,40342107185.1,88386451055.9386,0.456428634741404
2011-05-30,72659733506.06,88147019098.7981,0.824301652499678
2011-05-31,35292130477.83,87900476557.3168,0.401501014102207
2011-06-01,139483405208.96,88111261953.0029,1.58303719771212
2011-06-02,99376692470.7201,89218644008.5511,1.1138556696871
2011-06-03,94001054479.56,89867347266.7213,1.04599787729986
2011-06-04,55290651018.37,90670233668.4324,0.609799366135525
2011-06-05,35066234532.11,89817363472.1018,0.390417099506622
2011-06-06,40106556401.24,89158205036.391,0.449835843878531
2011-06-07,40267064246.29,88912047888.2381,0.452886478297131
2011-06-08,32643605478.09,88897165096.3676,0.367206372022136
2011-06-09,50283918169.62,89004679555.5379,0.564958139512692
2011-06-10,54755945076.17,87200020144.2918,0.62793500489523
2011-06-11,80780060148.18,86641624199.9998,0.932347020200254
2011-06-12,75415993886.67,86006942075.6317,0.876859379796943
2011-06-13,94345321353.74,83625327648.3846,1.12819075281151
2011-06-14,37513708130.64,84364942703.8707,0.444659913565245
2011-06-15,34654692398.32,84542425825.1169,0.409908895564532
2011-06-16,31472318175.17,82441559245.6322,0.381753068029672
2011-06-17,42635035763.34,82395927098.5577,0.517441058856492
2011-06-18,33204446706.21,82457999005.4388,0.402683149078355
2011-06-19,59486126889.81,82317701781.1985,0.722640763804666
2011-06-20,50547374087.13,80428364680.3185,0.628476959441392
2011-06-21,15163713635.13,80606824727.3929,0.188119476066856
2011-06-22,45876457192.43,79732160977.075,0.575382087105612
2011-06-23,92469676567.9201,79912388622.8327,1.15713818797677
2011-06-24,47508279154.23,78787586213.9154,0.602991936131166
2011-06-25,49446153461.07,77159545159.2316,0.640830027691709
2011-06-26,42336418645.67,75054160711.6244,0.564078236892641
2011-06-27,57561560314.03,72792209878.7868,0.790765391102718
2011-06-28,49606877604.17,71518048114.5015,0.693627397726915
2011-06-29,81027373462.5501,69569998108.3666,1.1646884528635
2011-06-30,81699765871.2,70158828540.4974,1.16449729236914
2011-07-01,53522185993.69,70208682828.8561,0.762330011576462
2011-07-02,40324895747.01,68441473293.6983,0.589188014319424
2011-07-03,38954094584.54,68282718715.8106,0.570482478102037
2011-07-04,58993545993.17,68418414662.6093,0.862246608374134
2011-07-05,43294934001.14,66856448542.931,0.647580524313055
2011-07-06,44544050362.4,67084844667.9537,0.663995729331674
2011-07-07,41933125947.98,65413216727.3017,0.641049745692727
2011-07-08,59406880424.42,63754785859.1957,0.931802681537066
2011-07-09,25171704137.64,62710134418.9411,0.40139770662072
2011-07-10,27000045331.52,59422904100.7683,0.454371016363216
2011-07-11,32221670980.93,57830736787.5518,0.557172064040965
2011-07-12,35229424979.9,56409020533.071,0.624535307420309
2011-07-13,31888799120.92,56221018836.9181,0.567204219713996
2011-07-14,33183561123.66,56312135380.286,0.589279040824246
2011-07-15,40455039501,55552738730.198,0.728227634239192
2011-07-16,24177735524.93,55503844395.3081,0.435604700689414
2011-07-17,69137775101.3,53801535313.6241,1.28505208444846
2011-07-18,80246381119.4,54163773878.1398,1.48155077413812
2011-07-19,55870624121.07,52425892166.3397,1.06570669210169
2011-07-20,86959446435.23,51797503273.0729,1.67883471094709
2011-07-21,27757594945.31,50939415080.3458,0.544913892346986
2011-07-22,26447647491.85,50694343910.2864,0.521708053637193
2011-07-23,49851672713.93,50752260649.6779,0.982255215349632
2011-07-24,60826831344.75,50960820297.8019,1.19359992616472
2011-07-25,20991414065.29,51125489821.9644,0.410586072395373
2011-07-26,24767411095.08,50927251182.8038,0.486329234738729
2011-07-27,67705009985.25,50937136506.1893,1.329187595322
2011-07-28,73594911547.36,51465708215.7576,1.42997957472636
2011-07-29,40939891970.76,52038545067.635,0.786722455778693
2011-07-30,43044065290.8,52144485457.2401,0.825476844068148
2011-07-31,35436677867.33,51904621750.531,0.682726829946844
2011-08-01,38193672646.02,51781018075.5227,0.737599878594786
2011-08-02,38375674269.84,51710839804.3318,0.742120499590597
2011-08-03,20714461013.14,51648503375.3116,0.401066045662839
2011-08-04,52365056267.33,51365133574.8058,1.01946695400038
2011-08-05,25741393838.3,51572238983.8683,0.499132757186513
2011-08-06,25725342769.1,51450823084.5675,0.499998663321991
2011-08-07,35058745205.82,51266006875.712,0.683859487843778
2011-08-08,75755145548.1901,51236334087.6445,1.47854343791661
2011-08-09,24336238934.79,51753315317.5898,0.47023536145362
2011-08-10,78436718156.89,51590890678.2443,1.52035983728357
2011-08-11,39500977097.24,51995490424.4256,0.759700058116653
2011-08-12,72269264931.22,52202139924.0223,1.38441192327373
2011-08-13,22676090204.73,52170931631.2563,0.434649899775691
2011-08-14,35906988689.73,51577724695.688,0.696172405851239
2011-08-15,77587673532.69,50634125721.4233,1.5323198026477
2011-08-16,29697121292.71,50542912713.0144,0.5875625225901
2011-08-17,20500713510.85,50263456962.5702,0.407865171830825
2011-08-18,71467159340.35,50041467525.8819,1.42815874261454
2011-08-19,27819703481.65,49896134518.7568,0.557552278347176
2011-08-20,38273637638.27,49572865408.6145,0.772068294273322
2011-08-21,36261352443.93,49245253320.4304,0.736342083733099
2011-08-22,64205962488.65,49196672906.845,1.30508749260799
2011-08-23,18414129916.87,49096032775.6854,0.375063500568411
2011-08-24,34865496557.65,48895104197.5787,0.71306723095963
2011-08-25,92435774229.2699,47649652904.1107,1.93990446090522
2011-08-26,40263045605.71,47567022925.0458,0.846448718667024
2011-08-27,66462593142.79,46927284724.1667,1.41628891450783
2011-08-28,24278550032.4,47060284035.1717,0.515903176747825
2011-08-29,20905680375.9,46931859219.6989,0.445447521651244
2011-08-30,87312898527.63,46703277362.2544,1.86952401328041
2011-08-31,42405067889.79,47263346817.9846,0.897208317749814
2011-09-01,26294154018.53,47379554703.8382,0.554968365213443
2011-09-02,53157076152.26,47093962273.4681,1.12874503622321
2011-09-03,35222596731.87,47074928119.612,0.748224121391612
2011-09-04,87251217242.26,46532577364.656,1.87505662019341
2011-09-05,51449331494.59,46673472880.7939,1.10232490361268
2011-09-06,52286379420.36,46162806334.8517,1.1326516642227
2011-09-07,80132366813.06,46338671469.2531,1.72927631009512
2011-09-08,114289128033.56,46880072355.1429,2.43790425850361
2011-09-09,34591277449.91,47865986758.2189,0.722669264599887
2011-09-10,137444401325.55,47770227730.6781,2.87719795058216
2011-09-11,120943284200.46,49011179571.3845,2.46766728036624
2011-09-12,53394858366.17,49742812396.5113,1.07341856629552
2011-09-13,71338034416.99,49776711018.8808,1.43316086894393
2011-09-14,184296391396.36,50445452932.9506,3.65337965428355
2011-09-15,36129719926.13,52093309292.5212,0.693557779622901
2011-09-16,93877285232.89,51422595522.9761,1.82560378911533
2011-09-17,103853529788.78,51974607500.103,1.9981590007885
2011-09-18,142200478688.3,52622314361.1471,2.70228477053247
2011-09-19,75722338387.49,53811172218.7975,1.40718618950729
2011-09-20,78250779511.09,54027371957.7673,1.44835435586721
2011-09-21,115558782180.48,54368370789.9925,2.12547811349445
2011-09-22,36156937497.69,54779458989.0155,0.660045538327428
2011-09-23,37367835442.32,54237282460.7594,0.688969538054485
2011-09-24,173902789393.89,54044968763.7193,3.2177424350855
2011-09-25,107924304055.6,55635181783.325,1.93985712989882
2011-09-26,111654573402.76,56456255705.5995,1.9777183592373
2011-09-27,133503256614.97,57083172698.5708,2.33874976291065
2011-09-28,93854612466.15,58157081301.1164,1.61381228848478
2011-09-29,37759839806.92,58744111802.3516,0.642785100470418
2011-09-30,51691736204.72,58694429824.4818,0.880692364834236
2011-10-01,33638589036.92,58602582869.4854,0.574012055267888
2011-10-02,44963347168.81,58703379118.2863,0.765941379255351
2011-10-03,73495366743.53,58917227949.6826,1.24743422766423
2011-10-04,44481622003.93,59408581470.666,0.748740685314858
2011-10-05,76806131571.3999,59518726673.333,1.29045320463505
2011-10-06,23458104176.02,60053456821.553,0.390620380867084
2011-10-07,81840462604.61,59937677572.1763,1.36542598778637
2011-10-08,37495660510.41,60430361180.5526,0.620477186928955
2011-10-09,62747800473.41,60588907906.5702,1.03563181185191
2011-10-10,29338844604.35,60512836780.0477,0.484836708465527
2011-10-11,48585405876.09,59906794678.6781,0.811016615672519
2011-10-12,63342875177.86,59820065890.0474,1.05889009374025
2011-10-13,66223609216.48,59538916232.2215,1.11227434772554
2011-10-14,29391337512.78,59996844973.545,0.48988138502516
2011-10-15,163576781114.92,60031888902.3656,2.72483148716105
2011-10-16,28894020780.16,61385759240.4726,0.470695828114963
2011-10-17,47670261480.31,61005606733.7513,0.781407874334548
2011-10-18,40064258088,61323212060.1206,0.653329412176281
2011-10-19,39832910198.43,61505317381.4649,0.647633601358083
2011-10-20,36554386963.94,61173506669.717,0.597552583691196
2011-10-21,47865580407.63,60732548043.7239,0.788137200717638
2011-10-22,65252366011.44,60814996715.5914,1.07296505032468
2011-10-23,37396880698.58,61079381247.98,0.612266855598128
2011-10-24,47728940518.78,61102716995.9711,0.781126320813641
2011-10-25,41824595315.05,61216232089.6944,0.683227207675382
2011-10-26,39954484123.82,61257290673.566,0.65224047104423
2011-10-27,57312383387.58,61486338567.7407,0.932115730463245
2011-10-28,31648632694.28,61545235319.1723,0.514233677556855
2011-10-29,27666375026.75,61615559591.2673,0.44901604741201
2011-10-30,41593424837.79,61638667118.144,0.674794358516336
2011-10-31,26061319277.35,61716460923.2866,0.422275012006022
2011-11-01,47538737600.32,61124867753.3956,0.777731541148065
2011-11-02,38425243394.09,61401087975.6043,0.625807207347157
2011-11-03,32858713953.06,60924760895.0948,0.539332669842379
2011-11-04,41829712317.11,60845686333.8545,0.687472109158147
2011-11-05,30789536238.03,60483310707.4961,0.509058381194303
2011-11-06,70145208835.42,60579899350.7496,1.15789576389503
2011-11-07,35561072787.74,60987497209.6269,0.583087918258214
2011-11-08,41757427214.7,60487180534.0918,0.690351688506372
2011-11-09,37152002995.77,60630755604.5917,0.612758370323797
2011-11-10,32285390108.71,60828985241.3169,0.530756677604097
2011-11-11,43192524523.73,60362535607.6069,0.715551858266982
2011-11-12,29324378057.14,60545545381.9174,0.484335847867316
2011-11-13,105238078887.07,60439006577.3801,1.74122780711714
2011-11-14,25813271915.47,61260158082.6556,0.421371291282685
2011-11-15,56507802980.77,60803102242.4987,0.929357235020708
2011-11-16,74199109142.9,61256598350.4023,1.21128353746422
2011-11-17,51553118520.44,61724855643.0838,0.83520840969705
2011-11-18,94082321878.83,61238157360.8358,1.5363349573774
2011-11-19,47303920268.81,61878863030.7539,0.764460074925744
2011-11-20,47107697666.56,61650783591.778,0.764105416380182
2011-11-21,54674998316.7,61922559158.8513,0.882957666146211
2011-11-22,45487782524.34,62324574848.6227,0.729853073764613
2011-11-23,39634750901.77,61826656800.9645,0.641062495573134
2011-11-24,24541207310.97,61793676836.8214,0.397147549186561
2011-11-25,35639250958.12,61772808423.6362,0.576940758686363
2011-11-26,64697939814.98,61564262885.6107,1.05090090878196
2011-11-27,35189491421.97,61915159827.0763,0.568350166909869
2011-11-28,30738562377.35,61295377376.8348,0.501482553706684
2011-11-29,20231746499.91,61048820601.6295,0.33140274129014
2011-11-30,50650007583.97,60667217828.767,0.834882649916953
2011-12-01,32111580092.92,60316237361.7541,0.532386990593045
2011-12-02,39041195092.93,59337933219.6036,0.657946662018756
2011-12-03,42509821065.28,59390908429.6395,0.71576310565516
2011-12-04,61222260855.53,58260734855.1125,1.05083228022754
2011-12-05,34896528933.41,57549770291.4824,0.606371298385092
2011-12-06,25024987805.61,57329552083.9495,0.436511134239547
2011-12-07,44335339956.51,56778206290.9569,0.780851366267471
2011-12-08,46761097554.49,55112003297.6254,0.848473921406244
2011-12-09,48280796726.64,55238567317.0106,0.87404143647607
2011-12-10,34314611934.22,54695751977.6505,0.627372523340413
2011-12-11,53019105550.08,53867907717.4771,0.984242897053866
2011-12-12,25320726037.17,52806224703.9269,0.479502675662535
2011-12-13,90423865419.2,52206205509.2802,1.73205205276078
2011-12-14,43317344895.26,52351123198.6625,0.827438691828616
2011-12-15,26715500235.56,51491106088.1242,0.518837179178826
2011-12-16,29818889332.09,51378708025.4798,0.580374448444718
2011-12-17,48078651765.82,51288839619.4056,0.937409622104787
2011-12-18,34214784100.92,49790933219.0714,0.687168966092298
2011-12-19,84139116148.29,48913438933.8967,1.72016357839813
2011-12-20,91306331263.07,48585873966.5815,1.87927732504869
2011-12-21,37188061317.13,48083529617.1542,0.77340539709179
2011-12-22,63003455489.19,47408927817.7611,1.32893651869483
2011-12-23,26103763744.11,47709447052.0738,0.547140353892979
2011-12-24,30690511325.09,47404828332.3046,0.647413194072798
2011-12-25,40309791681.75,47369732169.0686,0.850960937205202
2011-12-26,79517357444.95,47314332698.9845,1.68061880848753
2011-12-27,46746515138.5,47386023064.4776,0.986504292096691
2011-12-28,46315964964.9,47412986077.9844,0.976862433610908
2011-12-29,32405048141.04,47050007904.0975,0.688736295370907
2011-12-30,41375184036.7,47156519141.7763,0.877401148127692
2011-12-31,48204209812.01,46674789635.0155,1.03276758586282
2012-01-01,58924834788.76,46802272364.7964,1.25901653512623
2012-01-02,61074178580.19,46756760868.5506,1.30621064089299
2012-01-03,52074234734.53,47134562463.5011,1.10479936617326
2012-01-04,42437218178.28,47176096140.3873,0.899549171088569
2012-01-05,44067196066.56,46927219271.3446,0.93905406607949
2012-01-06,31698318784.56,46663452448.1313,0.679296475540343
2012-01-07,81971857569.59,46690916510.8906,1.75562751162681
2012-01-08,78377740472.11,45719429325.8271,1.71432018351625
2012-01-09,80516721060.36,46308521226.9218,1.73870205584434
2012-01-10,99059692437.53,46699550507.6367,2.1212129744446
2012-01-11,86079665061.53,47401877107.0358,1.81595477468451
2012-01-12,49250443014.97,47952433712.5489,1.02706868456775
2012-01-13,29111614952.67,48103577236.966,0.605186071906077
2012-01-14,47020548131.92,47880315743.4545,0.982043401381452
2012-01-15,46201599831.33,47663270292.5079,0.969333399655382
2012-01-16,50556225839.31,47768088377.4216,1.05836820263476
2012-01-17,38567726362.15,47801746535.9993,0.806826719879467
2012-01-18,34379261940.36,47762974286.56,0.719788967372452
2012-01-19,66156674945.44,47696602593.8998,1.38703117932138
2012-01-20,64419034414.26,47801891779.1124,1.34762520931041
2012-01-21,155140724874.01,48192015609.1121,3.21922050599345
2012-01-22,51863844555.62,49709567393.0081,1.04333727440394
2012-01-23,40807708634.58,49831834294.4108,0.818908418933257
2012-01-24,28509362123.85,50007386548.6636,0.570103020602901
2012-01-25,62656834572.32,49780846364.4199,1.25865346108505
2012-01-26,76751737488.21,50069317687.9702,1.53290959478464
2012-01-27,67952615996.51,50591853682.4363,1.34315331521645
2012-01-28,141749404348.6,50902840631.0006,2.78470518720467
2012-01-29,49251851127.24,52223791441.8407,0.943092214629601
2012-01-30,65579827386.39,51975060992.9338,1.26175565999443
2012-01-31,55006210260.69,52332427119.1082,1.05109228233379
2012-02-01,58879754696.74,52490150726.7986,1.12172957938715
2012-02-02,62902813082.24,52748814437.5244,1.19249719169977
2012-02-03,53017917933.48,53113307568.1617,0.998204035126992
2012-02-04,84559235375.96,53230276537.3254,1.58855525232274
2012-02-05,171672056558.58,53887834362.5494,3.18572936896287
2012-02-06,59274440673.3501,54678715049.115,1.08404962735695
2012-02-07,53017839772.74,55077062296.2326,0.962611976063337
2012-02-08,50212928632.48,55035515115.1847,0.912373192608239
2012-02-09,68751383655.35,54749965347.2035,1.25573382958975
2012-02-10,51062865022.51,54954706598.8095,0.929180923397309
2012-02-11,32147048075.92,54442570207.6629,0.590476312071601
2012-02-12,37119486789.3,54262131252.9856,0.684077199552637
2012-02-13,74614995603.21,54143223980.6373,1.37810403809522
2012-02-14,109669738130.88,54380604900.7148,2.01670684485966
2012-02-15,45138517409.11,55144675800.7926,0.818547153530662
2012-02-16,61745035724.43,55210196830.6419,1.11836289795948
2012-02-17,48163502131.29,55653099549.8498,0.865423534733207
2012-02-18,49424243222.34,55802197778.1018,0.885704240877325
2012-02-19,75271331672,55620368056.7608,1.3533051704222
2012-02-20,55599710368.15,56097532821.6421,0.991125769201384
2012-02-21,119414135130.61,56393498869.1517,2.11751598189861
2012-02-22,38125663644.29,57574241590.9457,0.662200014985274
2012-02-23,72352724768.98,57425142258.3305,1.25994855081938
2012-02-24,58475469868.55,57904203504.4741,1.00986571491363
2012-02-25,87925547971.77,58135563918.4695,1.5124227244975
2012-02-26,73090377453.45,58676227334.023,1.24565570716352
2012-02-27,75850699368.7199,58817514436.3792,1.28959375613815
2012-02-28,35646473231.38,59305064084.4186,0.601069635143444
2012-02-29,206776605515.63,59431510339.4873,3.47924197676404
2012-03-01,52752713929.45,61365334929.4768,0.859650061228791
2012-03-02,48944900352.12,61436663695.8454,0.796672498272882
2012-03-03,60825987473.42,61444569691.3868,0.989932678818101
2012-03-04,81684213126.67,61760181304.9487,1.32260319514517
2012-03-05,61144387325.7301,62101432585.6224,0.984588998674502
2012-03-06,38513976736.49,62527904743.8195,0.615948621567986
2012-03-07,36399387408.67,61909929878.5492,0.587941021417339
2012-03-08,47042564007.2,61827573241.8041,0.760867062066617
2012-03-09,54379088655.12,62069562096.2283,0.876099118772813
2012-03-10,71390943897.61,62361945421.5025,1.14478378464752
2012-03-11,119919250642.62,62639472708.7857,1.91443582547591
2012-03-12,116215915485.84,63659763977.1393,1.82557879931151
2012-03-13,79879021173.89,64041630635.9196,1.24729836484031
2012-03-14,126022371223.05,63905591230.0961,1.97200853317042
2012-03-15,85171362208.99,64963142538.4999,1.31107207688597
2012-03-16,200830434859.87,65227046189.9261,3.07894418942563
2012-03-17,158684471617.36,67307125607.9708,2.35761771408298
2012-03-18,72780281253.83,68830863230.4979,1.05737859207296
2012-03-19,89605322927.21,69217416677.7845,1.29454878884506
2012-03-20,130333586948.91,69337511504.9543,1.87969807568876
2012-03-21,44361728345.95,70332595693.1735,0.630742089194012
2012-03-22,140469755702.01,70309330971.5193,1.99788212689595
2012-03-23,81711280660.39,71595815585.3404,1.14128570213705
2012-03-24,61444641243.35,72076007211.8129,0.852497850814349
2012-03-25,215381214634.7,72233631395.5193,2.98173040000395
2012-03-26,77310803942.89,74096207346.0662,1.04338409092668
2012-03-27,88506704151.53,74289500505.146,1.1913756796009
2012-03-28,75068959648.53,74723220379.1579,1.00462693213191
2012-03-29,82308087169.28,75111693491.8989,1.09580923212918
2012-03-30,134864561495.37,75566942195.5027,1.78470317280347
2012-03-31,79433925085.99,76795111751.5838,1.03436173571753
2012-04-01,106230259699.83,76764898269.6362,1.38383899535302
2012-04-02,57195856375.68,77096475879.49,0.741873811003802
2012-04-03,103225394556.61,76818846538.0057,1.34375090500142
2012-04-04,86766179341.16,76868438229.8995,1.12876209454989
2012-04-05,47359250921.06,76876611018.9427,0.616042386537961
2012-04-06,61508164327.21,76854096827.3486,0.800323819631724
2012-04-07,60710113447.18,77239770034.1884,0.785995523035712
2012-04-08,137076357010.57,77402741049.8462,1.7709496479239
2012-04-09,55549799275.06,78484583397.2181,0.707779755852396
2012-04-10,83737367310.4401,78544030700.0247,1.06612006748482
2012-04-11,82788609058.78,79081764520.8376,1.04687356889926
2012-04-12,68295534286.15,79658066272.2474,0.857358676681108
2012-04-13,88570447421.92,79683528883.4463,1.11152767282022
2012-04-14,61226605904.56,79971045704.9661,0.765609669910292
2012-04-15,207456042030.31,78853020479.1393,2.6309206770994
2012-04-16,66691052854.43,80705308544.3142,0.826352740077945
2012-04-17,46343243860.57,81013443594.5505,0.572043870798838
2012-04-18,47719707669.17,81225751710.4638,0.587494811242511
2012-04-19,91917469137.7,81047928771.1406,1.13411250023739
2012-04-20,95511686204.02,81228473195.5393,1.17583997884704
2012-04-21,55417347223.68,81556557364.6763,0.679495910744294
2012-04-22,39239508699.36,80528794779.8558,0.487273015902328
2012-04-23,40718951360.8,80409600227.143,0.506394152511344
2012-04-24,40467513528.63,80113637417.3145,0.505126403359186
2012-04-25,41754959852.49,79940557694.3138,0.522325100759962
2012-04-26,157848844649.06,79736691089.0251,1.9796262234261
2012-04-27,65270800283.18,80867000988.6301,0.807137639398264
2012-04-28,101169721852.48,81012868635.6504,1.24881051067928
2012-04-29,77323009171.08,81210612522.2756,0.952129367942777
2012-04-30,47899090251.15,80087409577.1863,0.598085148514961
2012-05-01,42032892429.12,79951988738.8268,0.525726665366958
2012-05-02,41521621020.97,79821215556.1646,0.520182770102695
2012-05-03,37165451785.96,79717747608.4086,0.466213019069794
2012-05-04,83707363091.45,79341724609.9635,1.05502323654984
2012-05-05,80351625226,79730349586.9747,1.00779221014637
2012-05-06,86651592523.81,80304213600.6661,1.07904166716217
2012-05-07,72710615934.1101,80893881526.0769,0.898839498889308
2012-05-08,53859906696.92,80871210339.54,0.665996050643829
2012-05-09,75494959652.78,80206807584.3738,0.941253765440831
2012-05-10,55385956020.03,80568193801.5604,0.68744194708455
2012-05-11,66907623066.06,80492490471.7461,0.831228139096348
2012-05-12,67894678099.89,80715634768.5886,0.841158943921383
2012-05-13,58745417395.45,80935520898.0832,0.725829854970901
2012-05-14,59443502870.2,80738783823.3624,0.736244714810772
2012-05-15,34285372538.47,80784543257.9106,0.424405104687062
2012-05-16,58528307477.96,79771105608.0042,0.733703100036855
2012-05-17,60433688884.72,80013994225.0717,0.755288990007496
2012-05-18,34138366504.41,79872100940.7353,0.427412902657218
2012-05-19,81646313244.21,79582373519.7336,1.02593463392952
2012-05-20,36752459972.36,79507620725.3579,0.462250783472864
2012-05-21,52090934171.47,79075026469.6306,0.658753294144972
2012-05-22,33429122043.84,78792172122.0443,0.424269583430957
2012-05-23,29093599819.53,78765775084.0974,0.369368546027346
2012-05-24,72474682931.38,76650501206.7629,0.945521318065244
2012-05-25,149723496646.93,76885286552.0239,1.94736214640522
2012-05-26,38812237676.58,78085031746.0098,0.497050930360457
2012-05-27,52432734340.71,77822963296.0474,0.673743739893968
2012-05-28,136098514407.98,77474731405.7384,1.75668262333465
2012-05-29,65879868832.28,78367042442.4318,0.840657842621472
2012-05-30,38948007004.05,78692826872.1436,0.49493719506774
2012-05-31,55334598135.35,78723167581.6124,0.702901062485634
2012-06-01,58442294733.02,78821882273.6142,0.741447591040131
2012-06-02,104906247136.38,78870253774.5416,1.33011169757695
2012-06-03,77134576220.3901,79269245479.765,0.973070649954403
2012-06-04,80647828178,78759904117.5956,1.02397062415903
2012-06-05,45317825684.37,78336474506.788,0.578502236278748
2012-06-06,37540661925.88,77925031703.3413,0.48175356628402
2012-06-07,87026182130,76871678021.2322,1.13209681862237
2012-06-08,65554453149.42,76893759210.768,0.852532816996674
2012-06-09,67843404571.48,75283330857.0722,0.901174321049674
2012-06-10,82361178475.84,74201889582.7164,1.10996066190509
2012-06-11,50815277467.95,74315947882.9785,0.683773522581805
2012-06-12,44391819325.89,73854161627.5111,0.601074040347021
2012-06-13,40095979771.82,72831045346.2847,0.550534179225061
2012-06-14,29464469780.07,72780262625.1641,0.404841487476064
2012-06-15,131574254211.21,71458771126.0933,1.84126108156883
2012-06-16,54967332230.16,72052377954.0793,0.762880196198271
2012-06-17,34561285378.59,71975267132.4937,0.480182801058158
2012-06-18,45803929515.45,69822648927.0638,0.656003892996045
2012-06-19,49885820320.14,69447567088.6419,0.718323512420045
2012-06-20,33370223691.97,68987794662.0778,0.483711993627671
2012-06-21,46255095072.72,68491381138.7854,0.675341835770437
2012-06-22,42929099670.53,68062178851.9216,0.630733549743214
2012-06-23,72370297154.24,66967709068.2925,1.08067452450013
2012-06-24,45905526984.33,66883618259.5812,0.686349336038709
2012-06-25,45523301469.41,66165466679.6348,0.688022071843434
2012-06-26,39346243467.97,66026507692.6554,0.595915865353981
2012-06-27,61357777283.96,65266041608.2668,0.94011795065243
2012-06-28,53443878403.98,64963560631.3954,0.822674710015077
2012-06-29,33432555832.53,65035996672.8587,0.514062327678333
2012-06-30,32856166449.92,64701763238.3982,0.507809444525633
2012-07-01,63983636241.23,64370168631.288,0.993995162692955
2012-07-02,46583528631.83,63500017193.5577,0.733598677459194
2012-07-03,53433579083.63,63393275876.3764,0.842890327798032
2012-07-04,39386868212.5,63032516492.7239,0.624865869301705
2012-07-05,48516141563.15,62515829101.6968,0.77606171525338
2012-07-06,39725443607.76,62280360140.7087,0.637848649526258
2012-07-07,38689488165.71,61698872000.0639,0.627069619128044
2012-07-08,63820144255.48,61430572979.3633,1.03889873006588
2012-07-09,32625722271.92,59720621815.3773,0.546305803258052
2012-07-10,48839937687.17,59315082165.5855,0.823398297768976
2012-07-11,53643411976.32,59344804711.1403,0.903927685623507
2012-07-12,47322801036.48,59415325000.5111,0.796474664340773
2012-07-13,77423230513.55,58884436094.5442,1.31483352221018
2012-07-14,72181489205.0499,58669097336.3243,1.23031531900457
2012-07-15,67157179534.66,58868670455.1501,1.14079660735373
2012-07-16,31967983464.15,59201023679.3799,0.539990383228536
2012-07-17,49668497511.1,59096845490.1341,0.840459369686524
2012-07-18,53852592965.79,59206381013.7349,0.909574137850059
2012-07-19,47612936764.34,59350400455.5599,0.802234465123642
2012-07-20,35919226184.94,58038068218.837,0.618890795081321
2012-07-21,50057393976.41,57688644717.6675,0.867716588271307
2012-07-22,54253880028.04,57080164623.9048,0.950485696485165
2012-07-23,56559956858.16,56805532134.1067,0.995676912675214
2012-07-24,51441354283.88,56908637688.952,0.903928759726164
2012-07-25,62138865483.95,57020643187.223,1.0897608657258
2012-07-26,47982889259.58,57266086573.687,0.837893631824101
2012-07-27,35468513894.41,57394865591.2301,0.617973638043149
2012-07-28,55097784016.55,56820593576.9796,0.969679838734954
2012-07-29,57686392891.79,56519952610.2005,1.02063767267524
2012-07-30,40590867994,56175128805.0574,0.722577212681809
2012-07-31,46360864216.71,55792750853.3894,0.830947811455573
2012-08-01,52062752560.38,55703476538.1488,0.93464099183692
2012-08-02,64003179323.77,55424521691.8107,1.15478090509578
2012-08-03,36154504165.61,55527107683.5219,0.651114485769247
2012-08-04,40701671207.04,55160999125.1832,0.737870449276509
2012-08-05,53024856355.48,54837272852.6493,0.966949186148638
2012-08-06,66810991125.24,54769170935.5068,1.21986493467124
2012-08-07,46228998122.05,54856879129.0192,0.842720163014067
2012-08-08,49258109537.96,54999065147.8713,0.895617214683994
2012-08-09,45027232062.38,54888705648.5856,0.82033692597268
2012-08-10,56169023064.05,54705295448.3196,1.02675659830981
2012-08-11,50294549628.56,54967565169.2677,0.914985946233609
2012-08-12,63138993455.53,54594329888.1291,1.15651192321456
2012-08-13,42423764114.54,54908455286.7382,0.772627164486749
2012-08-14,49787765377.15,54793369928.9176,0.908645798601887
2012-08-15,102890936978.49,54988115682.8856,1.87114862367458
2012-08-16,42733335316.8,55866655410.9685,0.764916657395067
2012-08-17,35706225281.05,55512591748.8901,0.643209480158416
2012-08-18,66846832433.92,54155243280.2487,1.23435568533952
2012-08-19,76504934526.63,54488988455.9313,1.40404394896236
2012-08-20,49585554840.94,54775562267.6685,0.90524958189627
2012-08-21,36364550062.55,53745646082.3466,0.676604575686632
2012-08-22,125310162386.58,53394273239.8498,2.34688394059941
2012-08-23,111278342625.97,54422394137.2608,2.04471604731888
2012-08-24,47155544486.91,55088391095.4825,0.855997852708698
2012-08-25,68457489587.72,54954025021.124,1.24572293951909
2012-08-26,67895509188.04,54520111240.7829,1.24532961585838
2012-08-27,49152211426.37,54410122347.5406,0.903365206797623
2012-08-28,64698252843.89,54035174529.0688,1.19733587256362
2012-08-29,36805574625.79,54265893900.0155,0.678245062978305
2012-08-30,62658175170.31,54257142860.7287,1.15483735166715
2012-08-31,43727513961.5,53967047539.78,0.810263224595856
2012-09-01,48495350430.67,53707203025.6381,0.902958033534531
2012-09-02,43928295055.05,53476869047.7713,0.821444782337734
2012-09-03,57350482396.25,53019334721.3333,1.08168996645622
2012-09-04,38640909763.06,53097134780.0036,0.727740016917301
2012-09-05,64863326820.4,53028671570.9223,1.22317465059727
2012-09-06,43412566220.53,53323520940.5482,0.81413540319162
2012-09-07,44742048072.04,53489569707.6966,0.836463039739168
2012-09-08,60686937485.77,52455852967.9445,1.1569145110052
2012-09-09,80719524443.77,52523943506.7018,1.53681386153861
2012-09-10,31113705436.08,53073446352.7158,0.586238648029456
2012-09-11,41643269569.04,52898562732.7233,0.78722875287648
2012-09-12,42810614153.49,52800437128.5436,0.810800373664839
2012-09-13,33547188831.04,52912822729.276,0.634008678816501
2012-09-14,79305042452,52761538131.1607,1.50308435388776
2012-09-15,82791091238.68,53194585069.0354,1.55638193495136
2012-09-16,63990448537.57,53318642141.4692,1.20015150362955
2012-09-17,52816432544.1,53533938826.6268,0.986597169977525
2012-09-18,48700973411.51,53620761815.6112,0.908248442627146
2012-09-19,39336369994.02,53732127648.2724,0.732082865795186
2012-09-20,574654598037.68,53469968037.6779,10.7472403505599
2012-09-21,791048192988.29,59674857557.1267,13.2559711974347
2012-09-22,34758383433.35,68694091332.7905,0.505987964306305
2012-09-23,44429028993.19,68716736773.0694,0.646553242769846
2012-09-24,46055574416.03,68483943829.6404,0.672501784222549
2012-09-25,34660029720.62,68477658660.4047,0.506150916936376
2012-09-26,711917769628.141,68254164025.1307,10.4303932191744
2012-09-27,746392475551.53,76260484280.0788,9.78740802130609
2012-09-28,37796524182.88,84568535875.1786,0.446933647268848
2012-09-29,42963862245.97,84545572548.6919,0.508174005459908
2012-09-30,61226632551.55,84596457954.4093,0.723749362940778
2012-10-01,704299851711.27,84565582815.0768,8.32844554801205
2012-10-02,42852345074.02,92561703403.6405,0.462959771679554
2012-10-03,712524944997.69,92490422539.1982,7.70377002760168
2012-10-04,91692600886.97,100334250313.262,0.913871390882861
2012-10-05,52777506700.2,100862462216.244,0.523262128848765
2012-10-06,729024575239.52,100569060742.276,7.24899457008714
2012-10-07,46290348365.08,108388621290.305,0.427077564176199
2012-10-08,710457196545.72,108140206633.524,6.56977842619982
2012-10-09,41505749890.63,116217459170.21,0.357138679394475
2012-10-10,852734095791.46,116120283603.299,7.34354127746231
2012-10-11,57063336309.04,125630777684.557,0.454214622887384
2012-10-12,51955657197.62,125743282441.042,0.413188332521706
2012-10-13,719502651244.65,125934192334.05,5.71332247350358
2012-10-14,55297897997.44,133903778730.1,0.4129674197537
2012-10-15,791409601523.41,133916207515.451,5.90973726187774
2012-10-16,129309857294.59,142664417570.989,0.906391793386364
2012-10-17,789481646933.38,143591423559.212,5.49811142869425
2012-10-18,37713778270.37,152250266195.515,0.247709112192548
2012-10-19,38221827195.01,152128014874.215,0.251247787770144
2012-10-20,45520880452.87,152160792413.507,0.299163008622904
2012-10-21,734998377197.23,152046781656.797,4.83402785108786
2012-10-22,164620996685.62,160110019565.195,1.02817423377172
2012-10-23,722891729749.42,161586568716.286,4.47371174159082
2012-10-24,56424652850.59,169640507591.675,0.332613086647938
2012-10-25,814197765697.37,169692434976.082,4.79807933578258
2012-10-26,140015565428.62,178623322909.101,0.78385937036829
2012-10-27,146943765014.35,179859764114.613,0.816990757981379
2012-10-28,69042395502.56,181124550945.653,0.381187393658612
2012-10-29,714973597892.08,181315235935.499,3.9432626508366
2012-10-30,885317857623.58,189031457444.628,4.68344194977659
2012-10-31,39519630721,199020610533.932,0.198570543095898
2012-11-01,58534284364.66,198904676262.302,0.294283098138272
2012-11-02,50837302020.46,199065474503.995,0.255379804796033
2012-11-03,89793565081.92,199002001634.429,0.451219406560909
2012-11-04,762902863777.26,199472228008.874,3.82460692093599
2012-11-05,716897634533.21,207802750274.608,3.44989483337367
2012-11-06,47240305810.42,215832201112.926,0.218875151932048
2012-11-07,141674378581.49,215801874213.322,0.656502076721742
2012-11-08,831469593866,216263581851.453,3.84470462732426
2012-11-09,131570685292.56,225653299215.134,0.583065639856313
2012-11-10,753947828095.67,226794542786.7,3.3243649464915
2012-11-11,803899589766.05,234974316544.577,3.42122322808646
2012-11-12,78121957592.68,243633776725.999,0.320653230609068
2012-11-13,723197574803.57,243973495806.377,2.96424647445113
2012-11-14,38422565368,252150079434.246,0.152379747229148
2012-11-15,46281947864.81,251115703279.263,0.184305271476154
2012-11-16,714140387062.02,250341936674.964,2.85265983217681
2012-11-17,731102633716.87,258282232419.905,2.83063463896452
2012-11-18,740850204150.82,266170865088.11,2.78336325016481
2012-11-19,68717520290.26,274182230504.333,0.250627183839961
2012-11-20,716264894047.61,274415150847.951,2.61015068531869
2012-11-21,724592889349.75,282171896576.567,2.5679130279834
2012-11-22,807331212415.88,290359840799.471,2.7804506649163
2012-11-23,40776146690.17,299224996004.775,0.136272528146409
2012-11-24,716774668761,299189860680.117,2.39571844825099
2012-11-25,724150185079.07,307145566850.716,2.35767747685264
2012-11-26,40186570027.8,315243446493.859,0.12747789200618
2012-11-27,90824547599.29,315039114203.758,0.288296098815677
2012-11-28,36256484262.34,315660347987.523,0.114859165851813
2012-11-29,95634858802.08,315319790338.022,0.30329481920421
2012-11-30,66262088149.85,315941484297.326,0.209728989205773
2012-12-01,108635261136.22,316197675250.634,0.343567551690917
2012-12-02,74135890081.42,316768488627.425,0.234038083783696
2012-12-03,58281556828.43,316690112027.873,0.184033396102056
2012-12-04,50511902277.57,317013538830.163,0.159336735156385
2012-12-05,45624844621.52,317119117790.979,0.14387289211492
2012-12-06,143839455293.44,317152620534.646,0.453533869753181
2012-12-07,236012546380.44,318465623706.817,0.741092691994021
2012-12-08,59122259450.75,320331189229.775,0.184566041142942
2012-12-09,111936508776.89,320049417422.776,0.349747578602917
2012-12-10,135220442303.43,320620203854.196,0.421746479722539
2012-12-11,64394612158.49,321601203970.379,0.200231253376841
2012-12-12,48333723966.74,321788033003.081,0.150203609238251
2012-12-13,61990490869.73,321895144359.899,0.192579763801658
2012-12-14,74957656489.54,315792000226.947,0.237364013134186
2012-12-15,104361567124.02,307267112887.676,0.339644442072687
2012-12-16,240045602947.67,308095722217.327,0.779126698741843
2012-12-17,49282709510.86,310424490954.88,0.158759089398082
2012-12-18,53643712072.61,310462909229.819,0.172786218507347
2012-12-19,49870458478.62,310688905448.295,0.160515736494233
2012-12-20,47657172791.18,302807389839.372,0.157384444337572
2012-12-21,90166091846.4,294489112425.558,0.306178014880575
2012-12-22,78004520060.66,295112559659.648,0.264321247969325
2012-12-23,83486949279.87,295529710347.918,0.28249934391227
2012-12-24,38288435975.1,295794714118.493,0.129442597002467
2012-12-25,45584114019.97,287866006788.301,0.158351847543753
2012-12-26,42381705826.62,287898527847.181,0.147210568055133
2012-12-27,72721813800.21,279920632142.764,0.259794404019211
2012-12-28,76447895074.3701,279694789439.35,0.273326132487525
2012-12-29,76083614880.8,279976579777.137,0.271749926159406
2012-12-30,65502215003.48,272203473106.2,0.240636955348194
2012-12-31,67300884892.42,272432185804.277,0.247037201914061
2013-01-01,45437231671.89,264775563046.499,0.171606590687942
2013-01-02,152104477242.39,264822366401.038,0.574364164588908
2013-01-03,84867179106.39,256481537608.787,0.330890012191983
2013-01-04,84994953677.34,256812535737.327,0.330961078022587
2013-01-05,103563663909.16,257205860695.419,0.402648927318959
2013-01-06,121742295273.94,249873253703.33,0.487216192488063
2013-01-07,82205411637.45,250664258432.812,0.327950271615945
2013-01-08,83566060230.05,242221351410.36,0.344998736665771
2013-01-09,70635330154.64,241676782397.687,0.292271890803343
2013-01-10,116408657909.37,233119088150.321,0.499352750703567
2013-01-11,80039836859.41,234055931955.547,0.341968845611704
2013-01-12,57843334362.52,234553765403.933,0.246610129080239
2013-01-13,110536960509.25,234700461283.81,0.470970359004042
2013-01-14,89995823236.51,227266396799.429,0.395992652252654
2013-01-15,62854756997.35,226378001877.416,0.277653996749145
2013-01-16,53544250209.61,218520418868.463,0.245030878518683
2013-01-17,69478997527.95,218486128360.832,0.318001870641439
2013-01-18,91117973515.9099,209620428739.767,0.434680789767051
2013-01-19,46390850924.01,209038314550.33,0.221925109871858
2013-01-20,67797067209.87,207841256049.255,0.326196389006633
2013-01-21,52893194791.51,207826430712.437,0.254506583258877
2013-01-22,83745691760.57,199944521151.716,0.418844643895116
2013-01-23,56974615995.79,190401995367.633,0.299233292622707
2013-01-24,82661758515.99,190609792811.38,0.433670050718689
2013-01-25,62163871091.38,190897024646.515,0.325640859025903
2013-01-26,84652665797.3901,191031864754.502,0.443133745808211
2013-01-27,361327623847.51,190970663572.543,1.89205827265848
2013-01-28,85857635639.57,186190005954.332,0.461129130962211
2013-01-29,72572336676.79,178677625015.122,0.406163539898451
2013-01-30,78212494090.57,178979196811.15,0.436992094523119
2013-01-31,65751065693.02,178223698186.258,0.368924370676591
2013-02-01,73070327832.27,169108001422.294,0.432092669877871
2013-02-02,71233502208.46,168411568595.386,0.422972737577195
2013-02-03,71837134140.3,160284017096.729,0.448186509431864
2013-02-04,88677282422.07,151568987863.089,0.585062179752572
2013-02-05,59981081194.03,151694646492.01,0.395406710659293
2013-02-06,55389515744.14,143799212044.278,0.38518650385292
2013-02-07,91814012996.3301,144001199548.755,0.637592001205823
2013-02-08,73195498947.08,144543247943.178,0.506391685454958
2013-02-09,78929081198.88,136912951656.096,0.576490976523081
2013-02-10,185874210568.56,129148980792.786,1.43922320894492
2013-02-11,62602579634.71,122542123726.331,0.510865796438441
2013-02-12,51764666485.51,122469326813.765,0.422674540901387
2013-02-13,52369138603.17,114558609818.978,0.457138391308363
2013-02-14,43740587752.7,106555946119.614,0.410494105167995
2013-02-15,56057189883.69,97465581540.2902,0.575148570375247
2013-02-16,89536921879.54,97647498721.1655,0.916940249900457
2013-02-17,58962929947.77,90180382686.8624,0.653833219498632
2013-02-18,52613065656.27,82261486792.4422,0.639583208470576
2013-02-19,50897137601.85,82409421264.2097,0.617613093515979
2013-02-20,66819819012.98,81934094954.7163,0.815531300491087
2013-02-21,58823037113.85,82297944177.9382,0.714757065944046
2013-02-22,48711878669.89,81859708205.4593,0.59506538366382
2013-02-23,103747306114.83,81650777140.2217,1.27062239636325
2013-02-24,73020631496.76,81592587199.4908,0.894941979450011
2013-02-25,86931965186.94,81579310311.5782,1.06561289688425
2013-02-26,41050941820.5,81920386601.5605,0.501107764788284
2013-02-27,54771397870.38,81807756119.9287,0.669513509086915
2013-02-28,45993857369.83,81916643658.6056,0.561471458248622
2013-03-01,49784322405.89,80751815111.896,0.616510258461744
2013-03-02,76683557748.56,78534812445.5323,0.976427591289453
2013-03-03,49445217959.63,78743875520.5062,0.627924618045421
2013-03-04,44727618029.27,77999931582.2055,0.573431503361394
2013-03-05,52256692250.75,76922636055.1321,0.679340892754851
2013-03-06,50124266116.72,76778137008.6114,0.652845563459011
2013-03-07,55653918647.34,76799452986.5874,0.724665560535434
2013-03-08,122141182997.69,76724017602.9875,1.59195499419381
2013-03-09,54308371251.33,77285726251.8941,0.702696007207398
2013-03-10,59003769373.23,76689854872.4573,0.769381679902238
2013-03-11,74586088342.46,74534594948.952,1.00069086567846
2013-03-12,195138617113.04,74835825649.3282,2.607556146002
2013-03-13,74677181652.3,76520288804.5714,0.97591348410905
2013-03-14,112061325471.19,76815606937.5914,1.45883538435404
2013-03-15,51906171793.2,77582323040.9249,0.669046372403922
2013-03-16,47130752615.48,77126847802.1963,0.611081017291852
2013-03-17,111479123242.36,76759302951.6585,1.45232068238774
2013-03-18,65885475803.87,77092543117.8786,0.854628387380186
2013-03-19,58091352678.63,77421079306.3163,0.750329925636811
2013-03-20,85033991218.49,77569975004.6337,1.09622300656163
2013-03-21,45563678450.55,78077740306.9179,0.583568098557189
2013-03-22,76315302646.41,77754429171.8029,0.98149138845566
2013-03-23,74184697911.99,77752850690.5176,0.954109042345855
2013-03-24,65872841909.74,77730244536.127,0.847454453576612
2013-03-25,352601063218.89,77734656761.2016,4.53595703525224
2013-03-26,38825604939.74,81131087455.5643,0.478553981678168
2013-03-27,60413495486.84,81052377613.5149,0.745363643432053
2013-03-28,93180642999.81,79960818306.9012,1.16532878193129
2013-03-29,54431551000.34,80059788115.1562,0.679886273519072
2013-03-30,43402244378.79,79695938083.2871,0.544597948435364
2013-03-31,89585105454.1699,78979730707.9256,1.1342797025412
2013-04-01,99190743443.72,78596907019.595,1.26201840765809
2013-04-02,65102122947.72,78799113350.622,0.826178369013414
2013-04-03,76934753695.8301,78579304573.4514,0.979071450344993
2013-04-04,44956983361.35,78654297710.8466,0.571576947093513
2013-04-05,46942819913.7,77803682537.6558,0.603349589410249
2013-04-06,67011191566.17,77409670431.1593,0.865669511224225
2013-04-07,79276695160.98,77518811588.3456,1.02267686431997
2013-04-08,45816811495.19,77146665572.2948,0.593892310902986
2013-04-09,69112747167.12,76620724956.3267,0.90201113610598
2013-04-10,172999661204.65,76695224839.3001,2.25567708507455
2013-04-11,42741473932.42,78117313065.4316,0.547144701413622
2013-04-12,73141139370.9,77799009213.1038,0.940129445229243
2013-04-13,90786259690.47,77584999282.8061,1.17015222697295
2013-04-14,139762843150.25,78113516053.8354,1.78922739892961
2013-04-15,62501617389.88,78970251481.697,0.791457747913669
2013-04-16,90804922699.3,79084637465.011,1.14819926612769
2013-04-17,73687746172.94,79168675928.5673,0.930768960181011
2013-04-18,53358210896.25,79367641764.0095,0.672291751528973
2013-04-19,55044685283.86,79018790006.6317,0.696602482513848
2013-04-20,92183111362.0401,78934037794.6374,1.16784994075525
2013-04-21,63849394708.1,79023685956.1213,0.807977936432288
2013-04-22,51788233268.17,75482278466.3664,0.68609790695767
2013-04-23,51049664847.49,75076690342.8974,0.679966906030768
2013-04-24,44889700371.15,74820468059.2153,0.599965511250516
2013-04-25,36869906214.85,74423768133.984,0.495404991433297
2013-04-26,62422904081.87,74079944806.863,0.842642421570581
2013-04-27,56975861520.64,73953189762.2154,0.770431427012638
2013-04-28,56712828631.91,73783455944.5032,0.768638821615607
2013-04-29,63669290227.26,73603404688.4509,0.865031862272674
2013-04-30,128689538475.97,73305690495.6556,1.75551908188624
2013-05-01,44828061390.16,74123648320.4406,0.604774082305904
2013-05-02,48286318673.7,73997916720.9885,0.652536190387158
2013-05-03,62079264707.61,73479729883.8143,0.84484884206528
2013-05-04,51173812574.23,73347393761.9158,0.697690946461427
2013-05-05,84222437345.26,73016973897.3367,1.15346381601186
2013-05-06,82655179951.89,71806833739.9164,1.15107679376682
2013-05-07,55704347117.29,72045555172.2638,0.77318228701408
2013-05-08,138362311722.19,72092456132.166,1.91923426035774
2013-05-09,50885156804.95,73116184383.5829,0.695949292676376
2013-05-10,78272293760.28,73201238777.062,1.06927553505839
2013-05-11,56830651712,73465704299.4024,0.773567098470766
2013-05-12,117552179980.09,73076343940.265,1.60862152704548
2013-05-13,54610087418.29,73773835012.0783,0.740236527074255
2013-05-14,54210656300.1,73797609080.6738,0.734585537057687
2013-05-15,63480101740.39,73837055731.8434,0.859732299875727
2013-05-16,62548473829.71,73797297192.8841,0.847571336741873
2013-05-17,52615726429.91,73841647629.9776,0.712548109619232
2013-05-18,73084136988.35,73888122008.0731,0.989118886799758
2013-05-19,71049070435.15,73523084280.3769,0.966350516039392
2013-05-20,61995453055.84,73499613315.3577,0.843479989341468
2013-05-21,48623018354.1,73202750075.7018,0.664223930164059
2013-05-22,73419295025.3,73292893843.9589,1.00172460350126
2013-05-23,221221591159.31,73514892619.6127,3.00920783906976
2013-05-24,68918547523.51,75600937069.4875,0.911609699495716
2013-05-25,68888909523.58,75828725463.7449,0.908480382629101
2013-05-26,73600223069.52,75735932032.4951,0.971800585195694
2013-05-27,138246541064.8,76023491617.1367,1.81847134516034
2013-05-28,77707818555.7,77136812129.4644,1.00740251522551
2013-05-29,96991200711.87,77439801728.3329,1.25247222419455
2013-05-30,150280566396.6,77997741425.8942,1.9267297186981
2013-05-31,56882321460.12,79124249137.1949,0.718898720435132
2013-06-01,179070838943.79,78347357928.4143,2.28560150180695
2013-06-02,56044379603.63,79832625400.9436,0.702023506331631
2013-06-03,46591506110.44,79797394570.3531,0.583872523173207
2013-06-04,56651575897.93,79464125734.2576,0.71292014320252
2013-06-05,97606514823.51,77815470481.6968,1.25433302940022
2013-06-06,55568382610.1,78088438733.735,0.711608318864927
2013-06-07,63367280983.71,77415903699.6744,0.818530533849165
2013-06-08,90908889053.33,77552345475.7519,1.17222617182809
2013-06-09,80981173952.0701,78073513766.6787,1.03724259412841
2013-06-10,51020033324.68,77710442941.7943,0.656540245985914
2013-06-11,65017948458.93,77533473388.4706,0.838579075816283
2013-06-12,162794001574.75,77615932862.0456,2.09743019985471
2013-06-13,89468896271.74,78541647271.0487,1.13912681208456
2013-06-14,146194930512.52,79064328435.5867,1.84906307819492
2013-06-15,66577644182.34,79896228767.3261,0.833301461277072
2013-06-16,82433007464.54,79805668603.8779,1.03292170727499
2013-06-17,66047162511.42,80002813431.9112,0.825560498164623
2013-06-18,87521058074.7601,76591457471.108,1.14269999507158
2013-06-19,43290202360.25,77171165246.5249,0.56096344045031
2013-06-20,42757045419.68,76967316518.8274,0.555522101504227
2013-06-21,53376050329.14,76367035595.2544,0.698940975161499
2013-06-22,48210156708.34,76354470111.0735,0.631399270248465
2013-06-23,64650680619.36,76411707162.6157,0.846083447419563
2013-06-24,62341481457.67,76114868771.7251,0.81904472100763
2013-06-25,47578275746.67,75676187081.415,0.628708680783344
2013-06-26,51551100344.6,75467569852.8311,0.68308944418284
2013-06-27,70293088438.78,75165383503.4117,0.935179003451628
2013-06-28,68396769513.99,75467003801.9525,0.906313568423667
2013-06-29,129479279404.02,75722407963.8607,1.70992025855564
2013-06-30,55125215081.43,76466075676.2161,0.720910738441048
2013-07-01,67359389443.46,76178558056.2214,0.884230302623309
2013-07-02,40013664835.44,76435017317.5104,0.523499126967207
2013-07-03,38550434705.94,76088599670.7047,0.506651914646585
2013-07-04,63847689325.06,74488013640.9581,0.857153872203039
2013-07-05,54932501200.91,74739278109.9181,0.734988383485876
2013-07-06,46167633148.63,74522508607.8944,0.619512601106121
2013-07-07,43688994689.17,73991334482.3963,0.590460964041191
2013-07-08,122229023547.19,72847598191.193,1.67787307450264
2013-07-09,57741763288.3,73558638740.6848,0.784975963079689
2013-07-10,59813927229.87,73165029700.0776,0.817520712764865
2013-07-11,38291756082.14,72999865188.8506,0.524545572557967
2013-07-12,38269287787.1,72820502631.5398,0.525529025537445
2013-07-13,43984652747.82,72620795518.4831,0.605675721861588
2013-07-14,66678306085.64,72047004344.5043,0.925483393685697
2013-07-15,50811197376.66,72080681860.9036,0.704921153142141
2013-07-16,220435339929.01,72069050481.2427,3.05866857488822
2013-07-17,66254100282.44,74085546613.1656,0.894291846537663
2013-07-18,53892728076.99,74339884707.3476,0.724950385505015
2013-07-19,55707072768.53,74542537348.5636,0.747319245493908
2013-07-20,67275756873,74462586975.7857,0.903484012647549
2013-07-21,51356219311.98,74585204777.5995,0.688557730251135
2013-07-22,70937214241.53,74521435619.0289,0.951903484578286
2013-07-23,42853148272.67,74607958523.9607,0.57437770876558
2013-07-24,67938422841.6,73586096735.8262,0.923250802192956
2013-07-25,88396013630.03,73861220086.4386,1.19678518072923
2013-07-26,60559539762.99,74338716454.9663,0.814643333257932
2013-07-27,39693635183.98,74320624491.3399,0.534086405431177
2013-07-28,82558212801.19,74183955712.8845,1.11288501681841
2013-07-29,138216925788.38,74164143515.9313,1.86366240120725
2013-07-30,63042248028.49,74825592871.1276,0.842522532859418
2013-07-31,99928637317.1399,74912948834.3562,1.33393009982957
2013-08-01,74619097238.34,74455405091.4389,1.00219852603985
2013-08-02,79285379721.69,74737952001.3603,1.06084496027195
2013-08-03,51070557154.17,74750012548.5199,0.683218041214647
2013-08-04,70165103101.3699,74681439994.26,0.939525310529133
2013-08-05,48885083674.74,74117308126.6562,0.659563668869384
2013-08-06,65856471631.7,74049153320.1854,0.88936157510052
2013-08-07,75127124910.76,74187793978.8949,1.01266152936334
2013-08-08,68020170579.37,74326449016.6374,0.915154315580773
2013-08-09,62273345101.44,74391588263.6571,0.837101970194965
2013-08-10,73340654345.0499,74506559914.5087,0.984351638690653
2013-08-11,89490482332.21,74509613692.5646,1.20105953979923
2013-08-12,73368955338.0601,74729154310.3868,0.981798282278464
2013-08-13,45209392204.56,74864553147.0799,0.603882482484615
2013-08-14,102864206469.82,74823914740.5377,1.37475039666818
2013-08-15,55947419425.29,75174449400.5916,0.744234508817696
2013-08-16,59745177346.47,73206899737.0913,0.816114021506626
2013-08-17,73550280354.47,73097692949.2694,1.00619154157867
2013-08-18,72946176575.82,73153185459.161,0.997170200011911
2013-08-19,58005480852.76,73145399191.3788,0.793016122599776
2013-08-20,77980944575.41,72190148474.5688,1.08021587741825
2013-08-21,60151470929.44,72193399974.8035,0.833199031357904
2013-08-22,54371113848.88,71754831763.1079,0.757734531778729
2013-08-23,45285249557.53,70613052566.1112,0.641315562942585
2013-08-24,44445022432.78,70474992186.3185,0.630649554600565
2013-08-25,61012663818.35,68872303894.5207,0.885880976361588
2013-08-26,59616841450.83,68931450135.1721,0.864871424203662
2013-08-27,59880198503.34,69086513651.1292,0.866742224187503
2013-08-28,56618973131.63,69124949634.5269,0.819081582424035
2013-08-29,52040859094.02,68637002709.6236,0.758204132458764
2013-08-30,38106667504.69,68595008382.0512,0.555531202685312
2013-08-31,49183614602.15,68294286793.0152,0.720171729023462
2013-09-01,65505169531.75,67797557335.2631,0.966187752278787
2013-09-02,58464391664.07,67613319187.4021,0.864687495995067
2013-09-03,35574831265.03,67701942500.9663,0.525462489713973
2013-09-04,63269856550.77,67351429201.0389,0.939398870986305
2013-09-05,80620878159.2,66166617950.7534,1.21845245617971
2013-09-06,50500168828.15,66061284401.7946,0.764444247268951
2013-09-07,72936324636.0201,64922061048.4093,1.12344438020282
2013-09-08,59525425540.35,64997759625.2388,0.915807342953958
2013-09-09,42461688670.61,64725050316.6175,0.656031759927553
2013-09-10,58237761765.34,64444270866.1317,0.903691840758284
2013-09-11,43622753540.97,64095660195.7814,0.680588255237928
2013-09-12,58193510102.71,64099619138.409,0.907860466020148
2013-09-13,38615070634.24,64283386575.1118,0.600700627200471
2013-09-14,70741472893.99,64107660626.363,1.10347924417786
2013-09-15,48696222430.3,64375890580.954,0.756435708940811
2013-09-16,39931991970.16,64185956554.8938,0.622129732319389
2013-09-17,61233665235.63,63919176918.1377,0.957985821908391
2013-09-18,50833681987.92,64081741078.7206,0.793263121947231
2013-09-19,41633881881.49,64073200383.9982,0.649786207524726
2013-09-20,34773903811.3,63732019353.5543,0.545626894675834
2013-09-21,140237466626.58,63331747142.808,2.21433124701828
2013-09-22,114117850813.71,63459820800.2194,1.79826935176778
2013-09-23,59003264235.36,64162114082.7466,0.919596635473491
2013-09-24,47047330979.45,64062636401.6977,0.734395797956938
2013-09-25,150503002988.85,64146370522.4598,2.34624347041044
2013-09-26,37447420291.13,65479139192.4944,0.571898481759858
2013-09-27,58760373727.74,65164850275.4238,0.901718848111906
2013-09-28,53343849899.34,65210420186.4575,0.818026471027373
2013-09-29,71955264591.33,65295851338.2517,1.10198830578961
2013-09-30,75468539198.3101,65632354551.3726,1.14986792282819
2013-10-01,73898006375.61,65075682118.6479,1.13557021562797
2013-10-02,60218661278.62,65268018345.8777,0.922636580744654
2013-10-03,119598926593.37,65272836608.3629,1.83229246357047
2013-10-04,71499306463.6101,66240779114.4489,1.07938504678629
2013-10-05,72720417646.05,66636374574.8836,1.09130213205596
2013-10-06,123448748519.49,66978467014.1482,1.84311098809433
2013-10-07,47758679304.71,67654305614.5512,0.705922245020249
2013-10-08,57049225660.79,67617966113.6947,0.843699225807323
2013-10-09,106427460982.73,65672893324.7873,1.62056909014789
2013-10-10,47989043740.55,66151147618.8383,0.725445369701853
2013-10-11,49230607636.5801,66080865662.4521,0.745005489002748
2013-10-12,47647181293.39,66003764887.0718,0.721885810224784
2013-10-13,54464815420.8,65770091368.2669,0.828109164632824
2013-10-14,74962465539.0901,65807098464.8005,1.13912430859091
2013-10-15,72859458138.37,65855018123.1048,1.10636152285573
2013-10-16,35853120811.88,66212236097.6964,0.541487841597414
2013-10-17,60738975902.03,65830268216.3902,0.922660313374014
2013-10-18,43537139593.79,65501017767.2474,0.664678826037417
2013-10-19,50262617896.45,65298370146.1855,0.769737709898816
2013-10-20,78937326161.31,65424191368.953,1.20654645490612
2013-10-21,55395595050.94,65381085575.6211,0.847272488109246
2013-10-22,44728578792.17,64395117352.5563,0.694595811469461
2013-10-23,130676652931.72,64177097480.6954,2.03618826748947
2013-10-24,73929473079.36,64543145285.6308,1.14542718288969
2013-10-25,48839541774.4,64534935474.2144,0.756792292663163
2013-10-26,52894263321.7,64172485022.461,0.824251442081237
2013-10-27,75502100882.12,64194195810.1697,1.17615151851718
2013-10-28,78350737748.2,64257731498.0357,1.21932000899526
2013-10-29,58032528130.51,64608513094.1483,0.898217980128165
2013-10-30,77708501773.1501,64515370909.6104,1.20449593139632
2013-10-31,56718911025,64546101586.5436,0.878734882988265
2013-11-01,44139802260.86,64411562782.3249,0.685277617157464
2013-11-02,89972653787.03,64195687272.318,1.40153735570064
2013-11-03,96682262751,64393687265.6749,1.5014245472869
2013-11-04,38871526149.34,64479303699.2319,0.602852759245957
2013-11-05,74663259360.5701,64068620018.4138,1.16536393852578
2013-11-06,40147396873.62,64419261294.0806,0.623220385752996
2013-11-07,51638539518,63672632608.4116,0.811000541403376
2013-11-08,66592237337.63,63621336419.0391,1.04669661289451
2013-11-09,86745364683.31,63702849037.9814,1.36171876130046
2013-11-10,98084791653.0601,63859933375.2295,1.53593632922746
2013-11-11,70547108097.81,64159202602.3395,1.09956335547159
2013-11-12,80600092183.55,64308507688.5901,1.25333482427941
2013-11-13,37563172178.53,64339688017.2585,0.583825836526501
2013-11-14,45928795508.65,64070779698.7953,0.716844647818662
2013-11-15,55123195073.07,63970275909.0306,0.861700130095709
2013-11-16,140158247437.28,64087394308.0251,2.18698620767187
2013-11-17,64383499335.9,65226837462.8406,0.987070688082631
2013-11-18,54293050639.31,65266966457.0972,0.831861101971075
2013-11-19,69834421065.2601,65203587995.0553,1.07102113875322
2013-11-20,72675897873.28,65322090644.6019,1.11257764649157
2013-11-21,52697927046.1,65513244510.5739,0.804385852659068
2013-11-22,55092658238.61,65521066748.0987,0.840838847304156
2013-11-23,62006771118.6,65723280923.5025,0.943452156485792
2013-11-24,83424642529.47,65875937548.6983,1.26639021217419
2013-11-25,61054239489.68,66089264608.195,0.923814780685415
2013-11-26,80691073103.2,66120096129.9285,1.22037138216858
2013-11-27,183004825124.32,66657194247.0495,2.74546246945311
2013-11-28,61421285570.03,68082610539.5918,0.902158202854339
2013-11-29,60945783013.79,67854043961.1493,0.898189399716328
2013-11-30,80963113670.53,67978396510.9783,1.19101240726463
2013-12-01,119667370346.13,68073953523.2939,1.75790245978855
2013-12-02,151385572204.88,68789929056.6961,2.20069382656449
2013-12-03,47361905231.56,70086641955.9136,0.67576222672149
2013-12-04,47673632233.45,69957167473.3686,0.681468875245677
2013-12-05,38766854445.44,70005392219.7076,0.553769548548098
2013-12-06,50739119530.79,69774122509.502,0.727191080387721
2013-12-07,85450318242.36,69918456424.9372,1.2221425158906
2013-12-08,51161210066.45,70093561726.7035,0.729898849568079
2013-12-09,51899743679.71,70122906817.61,0.740125388907529
2013-12-10,71776036328.15,70265380052.2475,1.02149929701909
2013-12-11,43010556459.77,70390884470.0156,0.611024520910676
2013-12-12,49590355790.85,70297752023.2519,0.705433024009748
2013-12-13,96530384596.2501,70392471950.7443,1.37131687410829
2013-12-14,58041114817.06,71127668150.5651,0.816013182017958
2013-12-15,152032848907.31,70149140152.8328,2.1672802913347
2013-12-16,75259319054.5499,70600509177.7566,1.06598833253544
2013-12-17,77838537803.94,70794033639.8898,1.09950703190446
2013-12-18,49119925719.67,71160595625.8956,0.690268614078254
2013-12-19,70484039254.45,69953654229.8339,1.00758194879818
2013-12-20,66041849858.24,70346947312.7306,0.93880192930971
2013-12-21,81440433557.57,70433631552.3794,1.15627196500588
2013-12-22,48924128632.76,70768114691.1679,0.691330111679037
2013-12-23,44891853107.57,70493934501.1849,0.636818662842765
2013-12-24,43067789303.03,70129926333.438,0.614114281230826
2013-12-25,63114731794.59,69762899939.7168,0.904703386027938
2013-12-26,70744524986.5,69797376969.6688,1.01356996577741
2013-12-27,67254177154.62,69215776950.5394,0.971659643475199
2013-12-28,50858734588.44,69165239696.861,0.735322176447951
2013-12-29,49800293039.32,68904981565.2227,0.722738645422624
2013-12-30,46416616164.22,68028214238.0779,0.682314193957467
2013-12-31,51077550772.63,68012237295.9292,0.751005301448703
2014-01-01,71786149425.27,67941145928.213,1.05659315050588
2014-01-02,63882344843.14,67528749362.0527,0.946002190868919
2014-01-03,80933533890.43,67717955327.5598,1.19515619600363
2014-01-04,67525840383.1,68095371116.2961,0.99163627829822
2014-01-05,79164354043.42,68332021819.745,1.15852497753176
2014-01-06,68245925886.16,68626063946.2048,0.994460733456274
2014-01-07,73486497022.9,68546105140.8127,1.07207399854358
2014-01-08,102429914322.76,68553569889.4381,1.49415872124467
2014-01-09,50177246060.85,69346150764.5676,0.723576514451441
2014-01-10,67069848494.56,69220415885.506,0.968931602570792
2014-01-11,86451307063.97,69500567181.9437,1.24389354748216
2014-01-12,58906098312.38,69931384910.1285,0.842341366299017
2014-01-13,48610089910.56,69692917911.9269,0.697489664186397
2014-01-14,37459504752.87,69612138088.8271,0.538117428674157
2014-01-15,57348748635.54,69525601493.1212,0.824858000562772
2014-01-16,53429300372.54,68652650251.5,0.77825546685829
2014-01-17,55883809544.74,68408600576.4188,0.816912041378665
2014-01-18,55821474617.39,68492460907.0181,0.815001737098779
2014-01-19,77464944869.39,68527308660.5382,1.13042444513801
2014-01-20,50081907468.83,68550675850.8629,0.730582256807897
2014-01-21,54759366138.22,68214142157.0608,0.802756795095925
2014-01-22,47753783729.21,68175175942.8669,0.70045706620881
2014-01-23,68407654249.84,67818572156.6295,1.00868614709036
2014-01-24,43071353274.11,67957723861.6871,0.63379629020201
2014-01-25,74072960638.67,67945004230.8925,1.09018994813737
2014-01-26,85819615400.3499,67755722169.6025,1.26660321301765
2014-01-27,287983735226.46,67626404939.2376,4.25845105155617
2014-01-28,324092932315.06,70592026475.87,4.59106996207061
2014-01-29,77458819479.29,73561427344.3758,1.05298146427568
2014-01-30,142709563624.77,74005610946.8243,1.92836140123635
2014-01-31,77185635824.9699,75089789805.2382,1.0279111983822
2014-02-01,123092381192.21,75215901691.9923,1.63652071467907
2014-02-02,86223944331.1001,75648604269.4792,1.13979557407231
2014-02-03,80614304444.78,75507403706.1225,1.06763443699553
2014-02-04,69444134551.45,75627251281.6817,0.91824221262251
2014-02-05,65562243838.69,75494442262.2519,0.868438018403269
2014-02-06,95518673583.57,75827764543.9205,1.25967940843415
2014-02-07,126563046537.11,76418120235.2886,1.65619157010703
2014-02-08,91914047264.6501,77268594657.4795,1.18953952342594
2014-02-09,73367560017.78,76694258941.1387,0.956623885942859
2014-02-10,63920015245.09,76801212044.4944,0.832278730289546
2014-02-11,64060331349.72,76915818765.9918,0.832862893192579
2014-02-12,56091049554.89,76847079602.7116,0.729904764694673
2014-02-13,43734047587.43,76649640932.2545,0.570570808362737
2014-02-14,56046868391.48,76542928081.5561,0.732227911790392
2014-02-15,196669574759.81,76554287726.2331,2.56902102548616
2014-02-16,151500573803.02,78157416341.0094,1.93840304472203
2014-02-17,79941768162.9,78967844094.266,1.01233317282249
2014-02-18,93234633943.7001,79192695626.09,1.17731355406702
2014-02-19,51593236140.99,79342023731.3341,0.650263677615455
2014-02-20,63036634636.72,77777600052.9611,0.810472868715369
2014-02-21,56616342388.29,77796830398.9931,0.727746131788716
2014-02-22,59363359053,77745289439.1657,0.763562133233175
2014-02-23,104041076896.46,77488149503.2427,1.34267081564654
2014-02-24,82121363053.2301,77302122200.2705,1.06234293077329
2014-02-25,59679125184.04,76477548281.7985,0.78034830515407
2014-02-26,46302076226.76,76624181852.6613,0.604274983526651
2014-02-27,66187501390.95,76607853804.9626,0.863978014048768
2014-02-28,66410859417.56,76934290078.1235,0.863215340651388
2014-03-01,82335871802.7,77120858410.1088,1.06762130894419
2014-03-02,72262230391.7899,77083781666.7795,0.93745050942321
2014-03-03,77539129565.52,77334984289.7003,1.00263975324615
2014-03-04,66380989891.5101,77640215074.0551,0.854982045428316
2014-03-05,68596778801.3,77575988330.7618,0.884252721458384
2014-03-06,70427096068.96,77880586215.78,0.904295916235543
2014-03-07,59325248988.68,78128642647.6623,0.759327782721374
2014-03-08,63843262064.87,77685724366.6198,0.82181459444951
2014-03-09,65580104698.09,77754797548.1413,0.843421972226042
2014-03-10,53772262394.8,76725598212.3173,0.700838620325903
2014-03-11,130380836692.49,76469799918.7488,1.70499774853632
2014-03-12,58140268871.96,77095303476.9458,0.754135028333418
2014-03-13,69517825618.39,77202688514.4731,0.900458610393569
2014-03-14,75809638070.6199,77191185971.1867,0.982102258396672
2014-03-15,88601134704.24,77307469164.1912,1.14608763761316
2014-03-16,102469945727.78,77392715606.4135,1.32402571643692
2014-03-17,71238075374.71,78030165809.9256,0.912955581156132
2014-03-18,132329700763.62,78343811313.1058,1.68908939386107
2014-03-19,40900461490.23,79406453116.2081,0.515077300208509
2014-03-20,71305467541.53,79141997517.3467,0.900981397719978
2014-03-21,164503861765.57,79148675404.9065,2.07841585375884
2014-03-22,79553892685.96,80306409745.5131,0.990629427190957
2014-03-23,67596223055.66,80648018770.4836,0.838163467450233
2014-03-24,54810725683.11,80859875080.2019,0.677848260694754
2014-03-25,44186611891.81,80959804955.4268,0.545784564527266
2014-03-26,158425397719.04,80877769968.7504,1.95882499950546
2014-03-27,50670918842.87,81909189591.2952,0.618623125142664
2014-03-28,58204579054.49,81751910710.3396,0.71196597790501
2014-03-29,71769041465.7801,81481327914.6737,0.880803532570502
2014-03-30,72331551030.7999,81531842213.277,0.887157079581125
2014-03-31,51045262354.34,81450499320.2696,0.626702878193859
2014-04-01,48846263513.71,81245729516.3194,0.601216381519456
2014-04-02,38692605075.77,80952393403.1148,0.477967400952486
2014-04-03,68237517752.15,80193615912.0792,0.850909601419678
2014-04-04,56387779845.28,80408619146.4994,0.701265367367459
2014-04-05,71825507020.2199,80281451662.5794,0.894671253854507
2014-04-06,48565465661.78,80107334995.3919,0.60625491616434
2014-04-07,47257546524.04,79984232225.7419,0.590835783616246
2014-04-08,55014293794.98,79968130518.7595,0.687952731145495
2014-04-09,64842339623.75,80177116102.5942,0.808738737132652
2014-04-10,60269126955.0201,80266325519.1205,0.750864407523715
2014-04-11,62845803393.32,80347752026.0548,0.782172516450002
2014-04-12,83398521443.1899,80430632905.2045,1.03689997741884
2014-04-13,84872771660.4099,80758931081.7021,1.05093976014301
2014-04-14,56871842528.6,80847119495.8809,0.703449212330905
2014-04-15,70381597276.6,80927952056.1163,0.869682173939069
2014-04-16,57736751107.26,81113930998.2399,0.711798212670926
2014-04-17,50883967358.11,81232775847.9786,0.626397003265477
2014-04-18,100202887144.78,81024160527.8389,1.23670379911374
2014-04-19,95890650042.73,81704297835.8231,1.17363042805181
2014-04-20,71755150679.4,81964032233.4905,0.875446811535474
2014-04-21,130773911930.01,81796598129.6696,1.59876956890919
2014-04-22,134659190730.61,79925052614.2357,1.68481829321468
2014-04-23,58444964374.26,77669889023.9446,0.752479050874428
2014-04-24,63876579891.63,77443533606.0276,0.824814893088225
2014-04-25,142354718168.1,76505045704.4426,1.86072326154866
2014-04-26,66597393975.34,77280868113.2894,0.861757839957387
2014-04-27,95780803310.48,76608308741.66,1.25026651656642
2014-04-28,58933507557.74,76722080872.3669,0.768142715729784
2014-04-29,89118485252.28,76463976147.5212,1.16549635190753
2014-04-30,47077663688.48,76698194608.2453,0.613804065779391
2014-05-01,63909272279.87,76478140082.6476,0.835654112545169
2014-05-02,54484266498.14,76101837686.175,0.715938907057929
2014-05-03,148931639615.52,75243756971.4253,1.97932221369646
2014-05-04,108405917597.33,75922537832.7452,1.42784897201599
2014-05-05,58526198532.08,76339661137.2637,0.766655204649731
2014-05-06,54270155257.75,76275449033.5374,0.711502271640356
2014-05-07,94957986393.08,76158899318.1568,1.24684031995249
2014-05-08,53733154651.5,76621600947.1829,0.701279456279432
2014-05-09,56272652457.1099,76740637936.0408,0.733283615703197
2014-05-10,74922940569.23,76743325841.584,0.976279562393325
2014-05-11,65594395344.5,75293961148.839,0.871177373904327
2014-05-12,47950411632,74271268548.1424,0.645611857308169
2014-05-13,76345603834.04,73890419065.6317,1.03322737642383
2014-05-14,60359776098.88,73689359183.3738,0.81911115482327
2014-05-15,150590104353.59,73793722754.3011,2.0406898951959
2014-05-16,69077415310.89,74836025965.2162,0.923050287878691
2014-05-17,91218374719.02,74984372071.4376,1.21649848093835
2014-05-18,68508134594,75363598448.414,0.909034812621022
2014-05-19,55494150269.71,74940587230.5276,0.740508612495954
2014-05-20,56501790967.02,74623596602.1524,0.757157166629923
2014-05-21,107311921479.83,74585771194.8069,1.43877203065377
2014-05-22,65477330197.56,75312078876.3911,0.869413395227441
2014-05-23,74397087005.49,75303624457.4221,0.987961569466756
2014-05-24,63724815518.15,75398698595.3737,0.845171292148271
2014-05-25,73192773536.4101,75177138401.51,0.973604144726795
2014-05-26,117612688302.3,75188216296.0888,1.56424362880408
2014-05-27,69431838783.07,75665282471.5267,0.917618179899053
2014-05-28,56381812492.86,75701602101.1881,0.74479021484243
2014-05-29,66036682657.25,75556185835.6114,0.874007626601572
2014-05-30,70418731712.02,75503919009.2816,0.932650021826861
2014-05-31,80445166090.66,75635984279.7975,1.06358325149934
2014-06-01,67484204994.03,75833625994.3902,0.889898169962519
2014-06-02,65521537268.33,75856293855.0562,0.863758746156601
2014-06-03,56395065854.75,75996166174.9792,0.742077774356431
2014-06-04,79522224902.66,75115383188.8156,1.05866763273732
2014-06-05,49905968703.86,75369930284.4192,0.66214693997371
2014-06-06,63546378007.19,75136455797.3414,0.845746280322134
2014-06-07,65008810437.9201,74990464606.1101,0.866894354894065
2014-06-08,65207073685.87,74709603602.9396,0.872807116370568
2014-06-09,118320824071.77,74265997983.3931,1.59320317890602
2014-06-10,54864669096.71,74826506896.4533,0.733225047811372
2014-06-11,140914460400.87,73904304138.5139,1.90671520479732
2014-06-12,77001915627.9201,75094946982.6882,1.02539410069324
2014-06-13,58410071830.93,75162761840.8595,0.777114496598733
2014-06-14,164104975798.83,73899740532.1138,2.22064346393093
2014-06-15,71116730324.33,74906301045.3623,0.949409186301465
2014-06-16,50312822076.9,74948211846.1798,0.671301166999951
2014-06-17,74086176285,74894665374.6773,0.989204984285161
2014-06-18,57970232040.85,75250612569.8343,0.770362260998903
2014-06-19,78081985092.45,74054717740.332,1.0543823199251
2014-06-20,62175388628.02,74381039957.5889,0.835903728469938
2014-06-21,66306149443.72,74428311500.131,0.890872681474217
2014-06-22,64336935613.46,74363277071.2969,0.865170795953169
2014-06-23,78234788423.2001,74268103078.2333,1.05341034953846
2014-06-24,63902350338.44,74591787912.3864,0.856694176757072
2014-06-25,79243354669.34,74771027041.2523,1.05981364446981
2014-06-26,64799886310.6,75253774060.2234,0.861084870756683
2014-06-27,45851744886.13,75212849876.3954,0.609626479537508
2014-06-28,139112651880.86,75087420888.7864,1.85267585747688
2014-06-29,83149317077.9001,75888458327.6036,1.09567803734992
2014-06-30,52413855186.9,76300170844.4622,0.686942828656906
2014-07-01,37559834731.38,76361555471.401,0.491868381930053
2014-07-02,55679503053.84,76153764292.0724,0.73114577554292
2014-07-03,55758722996.9101,76044682904.3354,0.733236314063599
2014-07-04,38269883596.68,75990987619.1198,0.503610820121136
2014-07-05,58839110908.13,75698417145.3503,0.777283239557727
2014-07-06,67870595338.59,75406043210.4091,0.900068382439952
2014-07-07,50547613545.89,75203636349.435,0.67214321008388
2014-07-08,72854062810.33,75128347909.1647,0.969728003315281
2014-07-09,76711478531.27,75157782022.6614,1.02067246353997
2014-07-10,63139258852.03,75383671634.852,0.837572082690105
2014-07-11,76978951859.7199,75529567962.1606,1.01918962251029
2014-07-12,68920530761.73,75253092542.1004,0.915849813390358
2014-07-13,101869847403.32,74932019693.517,1.35949688557686
2014-07-14,174853625803.01,75290527987.8494,2.32238543779675
2014-07-15,80555699354.72,75815286486.3375,1.0625258188431
2014-07-16,72818490877.9299,75171197303.2912,0.968702022719302
2014-07-17,61825733436.15,75342310714.0492,0.820597786956663
2014-07-18,54680026734.52,75317895875.2935,0.725989834143212
2014-07-19,59163475726.01,74274149548.7032,0.796555411074956
2014-07-20,49236882085.45,74185650521.9255,0.663698191483784
2014-07-21,58075822115.38,73631556221.6275,0.788735497326371
2014-07-22,143882369799,73621345680.647,1.95435669463486
2014-07-23,66589753752.64,74273296687.1556,0.896550398632779
2014-07-24,50447051730.12,74505583473.6337,0.67709088873819
2014-07-25,37317337200.8,74345318943.2795,0.501946023384076
2014-07-26,66798651918.82,74140950737.3588,0.900968375162215
2014-07-27,71510315186.37,73163177074.3029,0.977408555040547
2014-07-28,57466273588.46,72723943712.2676,0.790197432304076
2014-07-29,51355777176.8901,72711325558.1769,0.706296808408477
2014-07-30,75566285266.91,72676630581.0238,1.03976043829749
2014-07-31,63279286348.23,72445776996.1885,0.873471014764039
2014-08-01,67349057533.26,72559421421.1495,0.928191766336621
2014-08-02,54235467266.99,72691283386.3418,0.746106888479843
2014-08-03,70359260235.6799,72445003942.2675,0.971209281619341
2014-08-04,65276635812.03,72501728524.3054,0.900345924720219
2014-08-05,59725503825.02,72707993097.8772,0.821443438063535
2014-08-06,46749393442.42,72510134764.4364,0.644729093309435
2014-08-07,62833842403.3,72348106399.4786,0.868493254769593
2014-08-08,63712193515.17,71303388995.3085,0.893536680554722
2014-08-09,128608569789.08,71239517307.2642,1.80529816386005
2014-08-10,62957626082.38,71684638677.1459,0.878258260684403
2014-08-11,35896228833.37,71618561194.8647,0.501214046114402
2014-08-12,125099656557.02,71385252606.3368,1.75245799362647
2014-08-13,122475101874.17,72201893863.3606,1.69628655594477
2014-08-14,92423117661.0699,72382407915.6742,1.27687265901327
2014-08-15,42797387638.94,72703191099.7636,0.588658998202889
2014-08-16,42068634972.47,72327004202.5427,0.581644925519963
2014-08-17,50161415808.7,72069192529.3799,0.696017452786794
2014-08-18,57952578300.74,71795009699.2881,0.807195075862141
2014-08-19,115484285666.47,71084770294.5076,1.624599547667
2014-08-20,61578945246.74,71633013709.7862,0.85964476513889
2014-08-21,50461598082.29,71694884337.8086,0.703838196384102
2014-08-22,58879197881.2701,71509466664.2971,0.823376269294244
2014-08-23,126987925009.26,71372091261.5501,1.77923783322952
2014-08-24,48376853323.05,71926171724.8668,0.672590409901169
2014-08-25,55857008823.8401,71698703252.5932,0.779051869697794
2014-08-26,37457719751.38,71583649342.5398,0.52327200548464
2014-08-27,43740856080.6,71358204746.0711,0.612975848204874
2014-08-28,67083216362.1399,70932236069.618,0.94573666472744
2014-08-29,68863994349.96,71136727113.1689,0.96805120427324
2014-08-30,70826025597.25,71200032069.6305,0.994747102473006
2014-08-31,49232751701.25,71269284631.0511,0.690799016099566
2014-09-01,56109024677.51,71079114131.2342,0.789388350759624
2014-09-02,123073489919.15,70338497471.7787,1.74973157435627
2014-09-03,41051823230.42,71150507243.4744,0.576971617221817
2014-09-04,86881573630.5401,69961666324.7786,1.24184540184071
2014-09-05,124826164283.02,70079281301.0002,1.78121353366731
2014-09-06,48363691638.9501,70869949068.287,0.682428762469534
2014-09-07,84419847423.05,69492076637.8123,1.21481255860348
2014-09-08,112576798084.62,69650447079.4637,1.61631120552869
2014-09-09,44502763064.65,70391684889.0794,0.63221619335829
2014-09-10,75092327055.42,70039501398.361,1.0721425132415
2014-09-11,39870667882.38,70243335862.8201,0.567607836282781
2014-09-12,44293661300.37,69788439229.3669,0.634684795783931
2014-09-13,134123518278.98,69575561523.0854,1.92773892646885
2014-09-14,66989354068.28,70382911152.0765,0.951784360319168
2014-09-15,50953099380.92,70414487562.253,0.723616703677247
2014-09-16,32454076680,70089705549.8449,0.463036282224356
2014-09-17,43128436950.55,69715321339.6254,0.618636421977393
2014-09-18,42726805354.41,69285381842.9731,0.616678500109087
2014-09-19,41693237683.71,69022607069.6851,0.604051910725664
2014-09-20,60728832127.92,68973101031.5611,0.880471244871699
2014-09-21,67931012320.7499,68039960320.2165,0.998398764506124
2014-09-22,45091979585.3,67858790025.4886,0.664497253316231
2014-09-23,47696036340.84,67771624839.7552,0.703775901103396
2014-09-24,35828244775.88,67892293906.5345,0.527721818108014
2014-09-25,49025234141.85,67655969403.2255,0.724625403704772
2014-09-26,46648385477.29,67575808821.6176,0.690311907334021
2014-09-27,62733720392.5599,67675552891.6249,0.926977582185715
2014-09-28,45016327820.01,67721917290.249,0.66472317413984
2014-09-29,35458460410.51,67449842676.9326,0.52570115812348
2014-09-30,47767154059.61,67270209901.5114,0.710078861498198
2014-10-01,40283016615.73,66971556225.9076,0.601494408758367
2014-10-02,45823444126.3701,66537884060.2464,0.688682015870529
2014-10-03,47000282678.09,66331743408.7505,0.708563958412252
2014-10-04,113809262618.82,65974854489.9216,1.72503999438462
2014-10-05,118754235512.38,66509244154.8869,1.78552977140779
2014-10-06,75806807789.19,66710248775.2329,1.13635924285946
2014-10-07,71377141951.49,65531119989.354,1.08920985881343
2014-10-08,43407887055.89,65421851448.8394,0.663507468752018
2014-10-09,54876996376.12,65071725212.8627,0.843330896739042
2014-10-10,131971419829.01,64989002152.6243,2.03067312095483
2014-10-11,171550704268.44,65909137784.7016,2.60283642047976
2014-10-12,72556656256.8,67247080981.6352,1.07895621932816
2014-10-13,69090387915.0599,67524697340.818,1.02318693212854
2014-10-14,40216542600.72,67655823124.1475,0.594428398674912
2014-10-15,143036861834.33,66421706133.6918,2.15346563887458
2014-10-16,56201903372.11,67331790753.7119,0.8347008559105
2014-10-17,51209076755.44,67400300892.307,0.759775195028616
2014-10-18,132947827525.91,67565678744.148,1.96768285314421
2014-10-19,69270675207.01,68353168929.9467,1.01342302473209
2014-10-20,66917133310.76,68326506549.24,0.979372965051794
2014-10-21,55401093417.2,68439016784.0293,0.809495752868972
2014-10-22,51260141141.01,68487175310.6996,0.748463356949132
2014-10-23,83205816094.2899,68197816452.058,1.2200656915868
2014-10-24,50906630196.44,68435037044.273,0.743867942432862
2014-10-25,75505959791.07,68239293861.6918,1.10648800006791
2014-10-26,162491112182.59,68492514010.788,2.37239229030193
2014-10-27,66855291655.2101,69589321772.0607,0.960711930404985
2014-10-28,53961736605.76,69608115294.0033,0.77522191741354
2014-10-29,176829380540,69539499017.5836,2.54286244563377
2014-10-30,77446461774.24,71088070292.5548,1.08944386105176
2014-10-31,78422760701.13,71262030046.9707,1.10048451678179
2014-11-01,65952576676.12,71437155846.8036,0.923225118558119
2014-11-02,56888580205.7,70691251166.8874,0.80474711179461
2014-11-03,67066666707.9299,70619000620.7364,0.949697193650693
2014-11-04,57494380095.9801,70990077262.1002,0.809893189490509
2014-11-05,57910873486.13,70185252542.3259,0.825114555956128
2014-11-06,84149569490.67,69416630775.8017,1.21223932291459
2014-11-07,63603552557.29,69318136154.7255,0.91756005117218
2014-11-08,78630164547.47,69565828594.2296,1.13029868451811
2014-11-09,63466735971.91,70001084898.6939,0.906653604922831
2014-11-10,62872028536.37,70159481567.3036,0.896130175592264
2014-11-11,71019963320.59,70218046451.0611,1.01142038137002
2014-11-12,142418255765.66,69688709280.2768,2.04363457490476
2014-11-13,54084129240.58,70651082024.5496,0.765510275154555
2014-11-14,57723799116.88,70694207395.4817,0.816527990673382
2014-11-15,74180098809.0201,70680452648.2866,1.04951363537735
2014-11-16,89113863887.26,70051788050.6646,1.27211405114754
2014-11-17,68021991254.55,70536752462.1433,0.964348213947857
2014-11-18,89272146680.07,70681573681.5565,1.26301866285929
2014-11-19,92483243942.94,71298412097.3743,1.29712908355705
2014-11-20,69819127903.05,71878678619.545,0.971346847826791
2014-11-21,47953954878.84,71911248995.032,0.666849144591452
2014-11-22,63969242296.77,71662319953.7092,0.892648219288622
2014-11-23,48017371356.9699,71580691581.0844,0.670814577176547
2014-11-24,58667863421.93,71566222767.462,0.819770293208819
2014-11-25,155963673233.14,71596685133.467,2.17836444442086
2014-11-26,117867816019.07,71988234934.8241,1.63732054447208
2014-11-27,58785712473.7701,72902711039.4508,0.806358386891244
2014-11-28,75501969729.3801,72568236501.8702,1.04042723605987
2014-11-29,121619648774.11,71981043709.565,1.68960663122406
2014-11-30,148857630105.32,72853138437.3645,2.04325624534762
2014-12-01,79770981846.97,73620254897.8677,1.08354666738977
2014-12-02,60024285187.48,73229709466.4672,0.819671218482246
2014-12-03,68275446049.17,73414489491.7389,0.929999602556015
2014-12-04,47471373061.24,73333336146.4264,0.647336880548469
2014-12-05,170298703889.46,73423820731.889,2.31939310964646
2014-12-06,56747328303.27,74923880762.7116,0.757399746590706
2014-12-07,80212917369.26,74002735643.9531,1.08391827236206
2014-12-08,63027842023.94,74160159016.5838,0.849888172567775
2014-12-09,53900563240.3001,74303905952.8103,0.72540686184831
2014-12-10,206816656109.77,74559221269.0043,2.77385751339315
2014-12-11,49849430966.01,76507890544.7093,0.651559343893808
2014-12-12,52598548430.8,76592683706.7522,0.686730714805376
2014-12-13,91253508451.87,76722508834.6937,1.18939682549335
2014-12-14,102863640782.11,77085897838.5502,1.33440283717716
2014-12-15,128371609990.63,77501762463.0902,1.65637020257141
2014-12-16,61902322649.9501,78493186634.5823,0.788633068729017
2014-12-17,73509004156.7801,78662309090.6431,0.934488257547527
2014-12-18,75784484170.32,79110889559.4633,0.95795262311337
2014-12-19,51908480156.94,79429452059.8023,0.653516785157453
2014-12-20,98893108662.9799,79492072234.56,1.24406253206197
2014-12-21,59088740386.61,79922541142.5412,0.739325095797764
2014-12-22,86191869245.84,80090069863.5721,1.07618671568975
2014-12-23,50951096902.96,80694039016.3737,0.631410913668871
2014-12-24,49394321816.97,80731943097.8422,0.611831202391687
2014-12-25,47386156819.66,80840411016.9045,0.586169172367903
2014-12-26,44060414504.75,80859014739.4437,0.544904172363814
2014-12-27,173553217418.15,80824016308.8087,2.1472976145487
2014-12-28,70715105308.22,81535253865.9436,0.867294844319568
2014-12-29,69993944306.96,80963359458.7512,0.864513834095783
2014-12-30,73071741960.73,80894158703.0104,0.903300598365834
2014-12-31,62452146166.33,80914332512.6442,0.771830456076133
2015-01-01,133361470928.7,81141049883.0066,1.64357586105908
2015-01-02,93021507508.6,82075388865.7754,1.13336663760102
2015-01-03,216202748251.96,81611699433.3895,2.64916365855636
2015-01-04,177164166469.67,82143271385.5743,2.15677028052699
2015-01-05,63544466168.64,83388598888.1085,0.762028227071
2015-01-06,89703529468.49,83322576010.1749,1.0765813272208
2015-01-07,49433211315.5901,83911706806.2198,0.589109829808943
2015-01-08,58252566214.09,82797377633.3776,0.703555690761478
2015-01-09,56591729034.13,82821790286.2584,0.683295167111591
2015-01-10,58106139162.52,82885869480.0523,0.701037939603253
2015-01-11,72395258296.8799,81994896999.5357,0.882923949490294
2015-01-12,55080681650.75,82032094417.2723,0.671452826384894
2015-01-13,56279190268.54,81891184278.4626,0.687243575293384
2015-01-14,56379480376.39,81901637812.4072,0.688380377759054
2015-01-15,64139836350.68,81962582327.1141,0.782550214129379
2015-01-16,61464728142.92,81735606377.7854,0.751994520708973
2015-01-17,127247749552.91,81861298020.0054,1.55443112472774
2015-01-18,86619593905.6601,82477271707.6463,1.05022380241549
2015-01-19,69918579740.74,81574039347.2067,0.857118027993476
2015-01-20,68663587787.07,81610507062.5106,0.841357200911351
2015-01-21,148116863807.08,81785529100.3833,1.8110399900364
2015-01-22,62917108925.29,81443713424.9915,0.772522596028677
2015-01-23,53839895557.58,81270744938.6944,0.662475723560716
2015-01-24,60194440873.34,80978091782.2236,0.743342298497505
2015-01-25,68384005723.27,80909542546.4762,0.845190858469985
2015-01-26,62124442178.5799,81046392850.2568,0.766529391300147
2015-01-27,71150463173.86,80987556843.955,0.878535739890896
2015-01-28,70409520393.7901,81150129261.5488,0.867645203211673
2015-01-29,65488409396.38,81298922677.1162,0.805526164921906
2015-01-30,53101043985.16,81076766009.327,0.654947731623278
2015-01-31,67129120674.28,80951736145.3731,0.829248684101469
2015-02-01,75548181173.08,80814818956.4066,0.934830791538771
2015-02-02,49456947179.33,80958645684.9919,0.610891483681259
2015-02-03,71093448480.06,80798942335.5033,0.879880929441589
2015-02-04,60437881896.81,80799817158.8304,0.747995280459677
2015-02-05,104309177837.79,79823860327.0584,1.30674183646856
2015-02-06,56571038126.34,80421777572.2632,0.703429342574627
2015-02-07,65936285101.09,80408054227.1378,0.82002090132454
2015-02-08,118435142522.18,80309913587.7576,1.47472631000607
2015-02-09,83380686431.2,80658976428.6495,1.03374342352284
2015-02-10,49137129374.22,80841818037.8954,0.607818212984603
2015-02-11,50423081617.0799,80364020212.8257,0.627433539083111
2015-02-12,51112793698.53,79863303994.6607,0.640003495246667
2015-02-13,54449986661.47,79640609539.845,0.683696257174277
2015-02-14,74150182784.96,79717943251.543,0.930156747157734
2015-02-15,58224432810.53,79839144924.0214,0.729271748412875
2015-02-16,51214248366.1,79960657560.3734,0.640493086583627
2015-02-17,66799409773.63,79871924047.8039,0.836331546660251
2015-02-18,60031074390.44,78810444720.905,0.761714701687457
2015-02-19,71841388100.5299,78121912082.4689,0.919606115435205
2015-02-20,83216843106,78277336792.3113,1.06310263629426
2015-02-21,60298599301.0801,78369180522.9854,0.769417249213098
2015-02-22,91921093815.64,77639168029.2588,1.18395258667634
2015-02-23,62728114879.75,76961352121.0483,0.815059937890493
2015-02-24,110882078537.1,76758460847.6291,1.44455838890788
2015-02-25,47235005199.09,77363910768.4579,0.610556068454961
2015-02-26,122791880233.4,77113429329.7664,1.59235403354058
2015-02-27,57032657027.03,78010102034.1969,0.731093224336879
2015-02-28,115591453402.56,76661696714.4061,1.5078123542345
2015-03-01,63722178606.19,77362222013.2072,0.823685992309159
2015-03-02,134623100873.17,77165903694.5992,1.74459307061277
2015-03-03,48628562949.39,78018228204.7091,0.623297453279705
2015-03-04,50556652457.71,77955466296.4839,0.648532487323346
2015-03-05,61088720333.49,76095228157.7689,0.802793050397775
2015-03-06,54634775757.28,76229029221.6675,0.716718766001949
2015-03-07,73800309896.1,76253270023.1732,0.967831410687991
2015-03-08,69268040628.71,76045493849.8902,0.910876333651557
2015-03-09,135081945846.81,75645546229.0164,1.78572239319748
2015-03-10,54784309906.3001,75725431179.6852,0.723459860879564
2015-03-11,113264682388.2,75640692932.737,1.49740408233594
2015-03-12,47532673797.61,76113974816.4444,0.624493385245473
2015-03-13,51558064150.57,75777643740.5788,0.680386214264943
2015-03-14,76631777713.8301,75773472121.4554,1.01132725699832
2015-03-15,94176874342.0499,75508456276.8226,1.24723612408108
2015-03-16,109415862146.48,75926172157.2445,1.441082291359
2015-03-17,110850413632.77,76202648263.2045,1.45467928161619
2015-03-18,74583994277.3199,76915735367.1308,0.969684472511624
2015-03-19,83270588015.87,77215612420.2302,1.07841646793769
2015-03-20,48468861881.61,77642808029.7089,0.624254365749678
2015-03-21,61030663330.92,77695289546.1001,0.785513043164705
2015-03-22,59168790257.9,76355735330.7759,0.774909572955831
2015-03-23,66288076826.41,76218279199.2245,0.869713637238408
2015-03-24,56794226582.31,76174161729.218,0.745583873757623
2015-03-25,80663270972.35,75980381784.2368,1.06163287256718
2015-03-26,69946335357.0201,76197180889.0704,0.917964871414988
2015-03-27,146747511633.18,75442238798.9313,1.9451637964283
2015-03-28,100785330031.02,76081834086.1287,1.32469637780979
2015-03-29,157707384283.06,74707817202.5461,2.11098905293254
2015-03-30,63569243222.16,74476188843.1817,0.853551238450352
2015-03-31,74372315658.1901,74476483808.1045,0.998601328304076
2015-04-01,119171766163.91,74293969357.9819,1.60405706134352
2015-04-02,61441251610.77,75124190249.0333,0.817862414318145
2015-04-03,77569730054.99,75162150789.47,1.03203180377666
2015-04-04,78483633459.97,75411888896.8612,1.04073289514482
2015-04-05,54364283773.9801,75654478114.688,0.718586462146587
2015-04-06,71515313446.5701,75439823656.082,0.947978269045231
2015-04-07,52282318972.21,75635474034.6037,0.691240712635588
2015-04-08,60873573131.71,75587892233.4569,0.805334972745358
2015-04-09,113178474690.11,75641393337.6869,1.4962505276026
2015-04-10,60920264415.65,76225186651.2515,0.799214368531163
2015-04-11,85588996303.38,76218704940.2126,1.12293952475993
2015-04-12,87040431437.85,75722767401.5277,1.14946183855523
2015-04-13,140627426732.49,75727777372.149,1.85701246771584
2015-04-14,57960381788.5,76569549360.1461,0.756963861911769
2015-04-15,69184412787.47,76442130241.1155,0.905056054419821
2015-04-16,70160035176.16,75502458205.1677,0.929241733898379
2015-04-17,141425628538.56,75588683517.6781,1.87098943859082
2015-04-18,70232205635.58,76631370815.0707,0.91649418362966
2015-04-19,162180439725.36,76750868014.6212,2.11307629373604
2015-04-20,104279276177.97,77867492228.9318,1.33918883468582
2015-04-21,66279603802.26,78369335490.8293,0.845733900729782
2015-04-22,94960811353.58,78311349069.7388,1.21260599493714
2015-04-23,59379287491.3601,78603626343.0697,0.7554268200324
2015-04-24,41559926545.86,78530898701.3432,0.529217508434666
2015-04-25,62705925246.48,78393504446.1135,0.799886746861573
2015-04-26,96908273109.7801,78340847357.6873,1.23700823233782
2015-04-27,89277911512.64,78595134166.4575,1.13592161218985
2015-04-28,57403333548.59,79069193265.6636,0.725988607923712
2015-04-29,149229009991.5,78906215706.9556,1.89121995845944
2015-04-30,61068153693.25,79963252946.1781,0.763702718977102
2015-05-01,82534481591.04,79448478849.2193,1.03884281721337
2015-05-02,84433206874.27,79757567461.8943,1.05862314462649
2015-05-03,101186699522.7,79977768911.575,1.26518532461907
2015-05-04,188101299568.16,79772430304.4384,2.35797378681209
2015-05-05,73466536820.6,81019104270.3545,0.906780412869634
2015-05-06,43378644937.47,81308740073.2876,0.533505314414793
2015-05-07,49153472252.92,81224877731.8637,0.605152923900771
2015-05-08,89376482155.4601,81201552476.5588,1.10067454906433
2015-05-09,195144791362.27,81617344089.5825,2.3909720849049
2015-05-10,47949749596.33,83057756096.4552,0.577306104208327
2015-05-11,135373441441.32,82935438439.1433,1.63227498387984
2015-05-12,122692632995.35,83937333594.8007,1.46171706606308
2015-05-13,138772468922.51,84602729109.345,1.64028359821766
2015-05-14,56539279304.76,85540126663.2982,0.660967916581526
2015-05-15,66311932047.14,85357958701.4438,0.776868766028941
2015-05-16,57099334820.9801,85156709760.2669,0.67052067866086
2015-05-17,68815483678.75,85118623278.361,0.808465656848146
2015-05-18,57695273925.21,84843556491.017,0.680019512516765
2015-05-19,86720643755.54,84783641717.7487,1.02284641233317
2015-05-20,59912871520.71,84496005589.3968,0.709061583477128
2015-05-21,60950409159.59,84646932569.4161,0.720054552592401
2015-05-22,141814248595.37,83910724580.4421,1.69006106554852
2015-05-23,52043514369.51,84920029241.97,0.612853231847317
2015-05-24,146719488481.37,84163506158.2432,1.74326730406775
2015-05-25,46001732955.88,85151569371.043,0.54023353058157
2015-05-26,84690359247.02,84096553086.3134,1.00706100474888
2015-05-27,110413840003.38,84525860185.0947,1.30627289401842
2015-05-28,55305198116.08,85238445751.1145,0.648829265113118
2015-05-29,48366032543.66,85169594296.1454,0.567879099852058
2015-05-30,87447684604.8401,85094966400.7451,1.02764814775312
2015-05-31,146475120585.03,85257435147.2777,1.71803339300557
2015-06-01,63004368251.08,86176567051.5197,0.731107891701158
2015-06-02,41868290887.85,85318500651.5705,0.490729332654762
2015-06-03,51789843356.16,85164738520.3985,0.608113689490815
2015-06-04,58268670289.2,84432895198.5885,0.690118112758665
2015-06-05,62168910163.15,84560704680.6312,0.735198581870261
2015-06-06,59043987238.86,84687024276.0191,0.697202289767779
2015-06-07,69563235706.34,84477645817.9837,0.823451399867624
2015-06-08,60155085092.53,84184626310.4157,0.714561407812383
2015-06-09,85524347640.23,83598188488.3449,1.02304068050654
2015-06-10,48129027349.33,83296687702.7194,0.57780241539855
2015-06-11,61948036693.19,82981747620.2434,0.746526055063196
2015-06-12,80782330862.56,82727907723.5448,0.976482218461436
2015-06-13,136830988711.67,83112591878.0799,1.64633283140046
2015-06-14,64262546710.91,84014976704.0412,0.764893941913323
2015-06-15,51670443560.1201,84075616661.8151,0.614571092210464
2015-06-16,64629925044.51,83901597218.1688,0.770306253842262
2015-06-17,40944597041.03,83994879342.7188,0.487465395050649
2015-06-18,45954829427.29,83522037986.3936,0.550212022302143
2015-06-19,79608927593.47,83236424820.5635,0.95641935324693
2015-06-20,180536632323.75,82437155962.9479,2.1899910327437
2015-06-21,149788680452.78,83386576228.3375,1.79631647236137
2015-06-22,76820423205.57,83292305944.6437,0.922299152776789
2015-06-23,67936147105.21,83450058087.3034,0.814093466946865
2015-06-24,63060133601.19,83373437033.1012,0.756357610352008
2015-06-25,56408828928.19,82705441407.3546,0.682044953370793
2015-06-26,78336104891.01,82645531613.5143,0.947856506717665
2015-06-27,67854992945.54,82654655123.4669,0.820945811753498
2015-06-28,71442483454.92,82528123688.7713,0.865674393911373
2015-06-29,93252971981.7901,82731435589.7349,1.1271770073498
2015-06-30,75517044062.1899,82990217238.9637,0.90995115538431
2015-07-01,81131363721.8299,83266821109.0825,0.974354042116547
2015-07-02,58742124679.63,83507985282.7744,0.703431228531232
2015-07-03,127717472312.36,82859933496.9354,1.54136585587634
2015-07-04,149629277776.8,83655138352.8486,1.78864419715236
2015-07-05,73390242034.18,84417522656.1036,0.869372136554563
2015-07-06,47825092793,84255020401.298,0.567623063471043
2015-07-07,62471937401.55,83150230711.5422,0.751314059708054
2015-07-08,136126860071.2,83203939706.9356,1.63606267384299
2015-07-09,49313015653.5,84000873603.1705,0.587053604781067
2015-07-10,58897544545.85,83752694799.3293,0.703231635554748
2015-07-11,88054856433.5,82770217608.9399,1.06384710560419
2015-07-12,67044130622.4,82982392023.2008,0.807932008077753
2015-07-13,96711583227.2798,81849816914.8323,1.18157360483667
2015-07-14,39954802161.46,81759725332.086,0.48868562118053
2015-07-15,102764265859.88,81446334836.3622,1.26174205464676
2015-07-16,64797549773.4,81539233104.2943,0.79467941144994
2015-07-17,49635761505.37,81603736226.6995,0.608253540836405
2015-07-18,46137369652,81699877119.0747,0.564717736169375
2015-07-19,144972598709.87,81502632409.6166,1.77874743948472
2015-07-20,69328809127.98,82074826761.9986,0.844702472891236
2015-07-21,41654706597.32,81837337447.8955,0.50899391275823
2015-07-22,66591503649.51,81649853793.7137,0.815574070931612
2015-07-23,69370037093.29,80666073956.3091,0.859965456244501
2015-07-24,91470074037.97,80764905901.5476,1.13254727430094
2015-07-25,60613864106.79,80871282002.1063,0.749510365190097
2015-07-26,64113116530.49,80587718397.7316,0.795569322537052
2015-07-27,105207652091.15,80146366219.2529,1.31269397546157
2015-07-28,86565362502.37,79159537082.6218,1.09355569388965
2015-07-29,65308553585.33,79315475483.5952,0.823402409014591
2015-07-30,43848897117.76,79576545824.6412,0.551027902296584
2015-07-31,64973988715.17,79513396120.6512,0.81714518414709
2015-08-01,208921704693.71,79222890246.362,2.63713813070969
2015-08-02,102758617986.56,79386901119.3554,1.29440268530026
2015-08-03,52937222658.96,80039387647.8105,0.661389650954034
2015-08-04,53171423793.03,79058004090.8776,0.67256218272231
2015-08-05,63836100622.42,78230370647.9929,0.816001510585427
2015-08-06,103878990617.31,77338271025.3727,1.34317704856926
2015-08-07,54272286658.82,77901839017.1888,0.696675294749396
2015-08-08,78038118461.73,77758509905.4231,1.00359585795364
2015-08-09,82031084672.3,78007781139.2416,1.05157566943068
2015-08-10,68758622112.76,78165109722.4981,0.879658742332314
2015-08-11,59369425301.26,78296816248.5404,0.758261039795048
2015-08-12,52107531245.2,77971206505.037,0.668291970598579
2015-08-13,67624377729.55,77878285787.4714,0.868334183858333
2015-08-14,46502940885.27,77957737794.2567,0.596514755315232
2015-08-15,48800662721.29,76823079369.1364,0.635234399896961
2015-08-16,46675504462.56,76784473992.3719,0.607876853687855
2015-08-17,67609615916.78,75593474182.6242,0.894384292398624
2015-08-18,79438369731.3299,75850710884.5396,1.0472989482228
2015-08-19,119131659134.82,75788187199.829,1.57190274020816
2015-08-20,73126733869.9701,75891970760.9176,0.963563511881133
2015-08-21,121224959434.75,76104131900.8449,1.59288275691381
2015-08-22,51521741410.68,76971500078.1198,0.669361274736619
2015-08-23,129099621852.53,76543810278.1893,1.68661086224128
2015-08-24,55586930878.22,76336959102.8024,0.728178480405036
2015-08-25,37365405508.19,76248656276.935,0.490046740921951
2015-08-26,157971176928.99,76195050498.6057,2.07324722400283
2015-08-27,40971805401.15,77459113993.5204,0.528947509063651
2015-08-28,72062481077.86,77253198935.3293,0.932809023716746
2015-08-29,53229261828.64,77370979541.4568,0.68797451116822
2015-08-30,67659841326.9,77301756619.9065,0.8752691308114
2015-08-31,82487762140.1801,77279097163.0085,1.06740069654521
2015-09-01,58386348071.43,77544962365.9567,0.752935410502726
2015-09-02,57168313109.83,77221890942.5186,0.740312266535718
2015-09-03,59774632852.04,77329501487.2864,0.772986139861091
2015-09-04,66884160699.05,77303627632.0346,0.865213738964732
2015-09-05,53755997822.44,77138173225.3262,0.696879321544404
2015-09-06,179327416154.47,76149185238.5496,2.3549485866815
2015-09-07,189358935300.8,77519005112.8777,2.44274207370268
2015-09-08,110478158555.32,79158153824.0763,1.39566365836235
2015-09-09,82820120856.6799,79703966127.7764,1.03909660811493
2015-09-10,42840745833.42,80202484268.4389,0.534157342184457
2015-09-11,90028081719.26,80165411844.7024,1.12302899277389
2015-09-12,163665254637.66,80289449393.8189,2.03844036636599
2015-09-13,158229726211.57,80088599659.4607,1.97568351656001
2015-09-14,57138140541.56,80189088299.4463,0.712542588440359
2015-09-15,101056456229.23,79954775410.589,1.26392020627009
2015-09-16,68761245549.22,80349064804.9226,0.855781529208381
2015-09-17,52981689332.1201,80416935185.2563,0.658837460170128
2015-09-18,121720258503.7,80376135904.3507,1.51438305828175
2015-09-19,177247058047.96,80892613923.5494,2.19114019749039
2015-09-20,80936887052.8601,82194900412.8639,0.984694751697674
2015-09-21,47934621000.83,82307929027.1251,0.582381570857321
2015-09-22,93514302766.79,81768424848.7804,1.14364808836335
2015-09-23,186409414740.43,81982677928.597,2.27376586676985
2015-09-24,138547777708.81,83235988059.7708,1.66451772770836
2015-09-25,59738861773.57,84186055357.7373,0.709605189597229
2015-09-26,148218282333.55,83376786184.6564,1.77769243833995
2015-09-27,59521804555.85,83359988619.8558,0.714033261536126
2015-09-28,45741064965.05,83194888173.6852,0.549806195659002
2015-09-29,61127269919.08,83170078318.5906,0.734967083774124
2015-09-30,63110903451.98,83154070372.3707,0.758963489933376
2015-10-01,46185895321.65,82284832793.5705,0.561292935206145
2015-10-02,63259983904.87,82247605170.5723,0.769140740009098
2015-10-03,51872082889.77,82299538972.4654,0.630284003256989
2015-10-04,126717460992.31,81868791668.3733,1.54781154588925
2015-10-05,73703242466.13,82579188458.4913,0.892515945505775
2015-10-06,90784900504.66,82305279639.9062,1.10302645105943
2015-10-07,94438778932.16,82910399858.2776,1.13904623658297
2015-10-08,62870076147.98,82811286918.6619,0.759196946301917
2015-10-09,71472649492.3701,82788340804.0736,0.863317815023215
2015-10-10,169144429859.96,83048303756.2998,2.0366993931183
2015-10-11,68238826955.72,84512673520.6802,0.807438980604749
2015-10-12,333267592814.84,83599176237.8927,3.98649374087708
2015-10-13,60399377932.47,86741304615.1173,0.696316226744227
2015-10-14,93527280166.42,86964455464.3452,1.07546559875564
2015-10-15,50787683465.89,87285119470.4989,0.581859585849057
2015-10-16,68452255438.57,87063900974.9346,0.786230052548152
2015-10-17,66331977503.2799,86789879324.9418,0.764282402731921
2015-10-18,75037499953.94,86857952103.4714,0.863910535958181
2015-10-19,61102075183.52,86988004287.0839,0.702419554101582
2015-10-20,43472611218.31,86462937895.3264,0.50278896688589
2015-10-21,66260210528.84,85949928951.4686,0.770916408392306
2015-10-22,82264809481.01,85961258200.7961,0.956998666641761
2015-10-23,139112719889.63,86418590490.8348,1.60975455743384
2015-10-24,83298685648.7901,87301194433.3879,0.954152874876738
2015-10-25,59457036074.45,85805682301.9007,0.692926557768691
2015-10-26,167104042640.16,85290187279.1375,1.95924112692193
2015-10-27,44672257372.59,86649316088.4375,0.515552336581582
2015-10-28,135763420688.25,86548135535.8132,1.56864639368311
2015-10-29,88052097457,87404413155.6445,1.00741020136137
2015-10-30,188614421252.59,87215997760.8789,2.16261266390274
2015-10-31,128023517141.91,88815308886.9952,1.44145777058324
2015-11-01,238414720552.05,89410373156.9974,2.66652192730941
2015-11-02,237221794278.13,91272083107.9468,2.59906190590139
2015-11-03,53436863292.43,93277597062.2964,0.572879930180251
2015-11-04,73310475434.7799,93206971324.0961,0.786534251605143
2015-11-05,591972838347.849,93459387326.353,6.3340115453649
2015-11-06,184248930927.81,99701630905.1423,1.84800317963813
2015-11-07,143728277554.13,101341464119.934,1.41825736190304
2015-11-08,86875693617.7,102471554772.706,0.847803020168868
2015-11-09,42073915826.92,102950128453.125,0.408682499566546
2015-11-10,102427639246.74,102646132023.483,0.997871397855562
2015-11-11,143636292207.13,102919813803.429,1.39561360343566
2015-11-12,53979825480.38,103211535625.718,0.523001863630148
2015-11-13,121874255817.13,102983596240.128,1.18343367552396
2015-11-14,154880108870.85,102991325958.966,1.5038170198193
2015-11-15,120815571561.69,104221782714.444,1.15921612944111
2015-11-16,55687557175.71,104123163068.124,0.53482390982759
2015-11-17,60651565556.95,104124361000.237,0.582491599221548
2015-11-18,54904831823.28,104401577191.294,0.525900405917033
2015-11-19,91370359678.37,103174596892.417,0.885589693882156
2015-11-20,44329075900.29,103774579681.431,0.427167000207297
2015-11-21,142920348693.14,103444420095.984,1.3816148668099
2015-11-22,51994185794.26,104512171130.085,0.497494073963342
2015-11-23,288625908496.48,104325675230.887,2.76658557788111
2015-11-24,126123353971.65,106779700782.748,1.18115477986081
2015-11-25,63609362077.42,107586093710.131,0.591241487480738
2015-11-26,64001269495.86,107662772864.507,0.59446053443566
2015-11-27,179320946430.47,107713089967.41,1.66480180342729
2015-11-28,112727571422.09,109051623130.879,1.0337083317577
2015-11-29,222399284250.05,109753665673.732,2.0263494880543
2015-11-30,47845934906.51,110266426008.203,0.433912085832459
2015-12-01,54965537266.88,108581747432.081,0.506213415852987
2015-12-02,65797447258.83,107920882892.933,0.609682255139694
2015-12-03,56714631373.35,107718232016.768,0.526509118386955
2015-12-04,83352161061.12,107883397320.815,0.772613424596319
2015-12-05,113174066188.2,107803922074.884,1.04981399572443
2015-12-06,55678750141.47,107202836498.105,0.519377583283015
2015-12-07,159083221630.31,105981991544.89,1.50104012305646
2015-12-08,83988585147.0801,107195623462.613,0.783507595124657
2015-12-09,97706830486.2699,106992434521.159,0.913212517535037
2015-12-10,44572025684.61,107337024818.028,0.415253038363736
2015-12-11,99402614206.3501,107236909774.606,0.926944038347226
2015-12-12,58778908232.62,106971223532.97,0.549483368436029
2015-12-13,113037753078.78,105560888416.121,1.07082987624342
2015-12-14,110695511121.68,105943041583.096,1.04485872283416
2015-12-15,114348819304.98,106690195036.916,1.07178376855918
2015-12-16,48886812392.83,106938224995.704,0.457150026520394
2015-12-17,127755021599.51,105301051158.233,1.21323595723215
2015-12-18,117939685117.35,105172565966.455,1.1213921048096
2015-12-19,152373873544.74,105865432911.024,1.43931658667853
2015-12-20,62644441257.95,105914904234.967,0.59146011329035
2015-12-21,128900283866.44,105952078481.42,1.21659042195235
2015-12-22,66306598846.28,106942069182.627,0.620023526317288
2015-12-23,69672550820.08,107003727860.332,0.651122649773669
2015-12-24,143517496016.92,107081842709.952,1.34025986465006
2015-12-25,79097020223.5499,108240552242.039,0.730752186543537
2015-12-26,76797197544.51,108429088388.69,0.708271172300298
2015-12-27,122252057638.55,108725815944.103,1.12440689984245
2015-12-28,128748257287.57,108672656380.368,1.18473461104084
2015-12-29,158864243795.89,109327954175.862,1.45309811194625
2015-12-30,122802700136.84,110138422548.376,1.11498510052567
2015-12-31,53036422644.49,110476088277.003,0.480071511144644
