date,modeled_baseline_payout,modeled_adjusted_payout,insurance_net_isk
2018-01-01,208126649262.45,202939987544.495,134201653181
2018-01-02,89513195858.63,84134019122.616,91456895703
2018-01-03,122536530727.26,117442672583.259,135366795567
2018-01-04,123233836444.18,117728378713.073,105210320860
2018-01-05,106067343509.84,101323825013.92,313958111614
2018-01-06,119530245250.17,113783149731.835,93650795041
2018-01-07,128782860021.73,123022039721.831,115660344689
2018-01-08,88130740008.07,82306259875.576,116012573270
2018-01-09,88939198082.08,83118498493.141,178105485691
2018-01-10,109029141645.98,104382556135.296,98300975198
2018-01-11,134149879806.99,129025827715.58,118784617685
2018-01-12,103979308479.26,98384179020.993,94255371257
2018-01-13,123362726741.32,117966186050.768,133687581389
2018-01-14,160049352724.5,154070852804.472,140599966887
2018-01-15,127144005921.65,121709657977.661,63950223940
2018-01-16,173133457390.09,167241223902.079,-287821638779
2018-01-17,208635799777.15,203314188231.67,141360767529
2018-01-18,103280147592.49,101083745358.376,87490788886
2018-01-19,144306586847.99,137493876497.03,100983119228
2018-01-20,162793171530.1,157025247135.077,170425200627
2018-01-21,132817238670.85,127617273720.697,162709404456
2018-01-22,145369286720.22,139965506960.374,70714679765
2018-01-23,107911182646.11,101590430195.295,-208465182421
2018-01-24,151122966650.29,144637213302.239,111583287541
2018-01-25,133773311889.86,129009040517.919,87297607628
2018-01-26,106561755863.36,101490889035.649,140143840032
2018-01-27,106240812178.8,101116052027.665,150739770085
2018-01-28,132788141120.34,128124984701.14,112394119239
2018-01-29,104286985735.15,98954336077.15,83534367325
2018-01-30,112177329949.35,106705423580.177,109728673599
2018-01-31,129628505366.62,124000010234.02,111708581400
2018-02-01,124040870558.43,118963124954.241,106928505176
2018-02-02,132444907529.07,127230902152.292,101842810661
2018-02-03,177676919199.22,172592373986.966,149547094565
2018-02-04,161838608047.5,156608366718.186,139688138455
2018-02-05,112172227705.29,106793274689.633,54643954423
2018-02-06,367721161039.1,362415678424.211,171788598010
2018-02-07,121397223560.23,116746091205.738,127453351107
2018-02-08,101366845632.14,96506812566.276,95742867266
2018-02-09,103782482782.21,98915046383.1755,80831421381
2018-02-10,236168912542.82,230886133637.372,217434056165
2018-02-11,167163380319.94,162343975445.098,158795005514
2018-02-12,115764124593.92,111599500088.594,111347816602
2018-02-13,110388369139.28,107634405059.371,111072131216
2018-02-14,121215522060.73,117851773333.679,98064005534
2018-02-15,97833169845.4,94007402583.7285,108259566965
2018-02-16,161724970376.25,157167933071.151,109026628388
2018-02-17,179909875398.8,175119051494.886,233991694556
2018-02-18,146150560265.13,141951052320.685,158136352581
2018-02-19,126781428799.95,122028985038.125,113234398227
2018-02-20,169837290883.46,165290036028.73,245161848803
2018-02-21,164152076029.08,160916706396.203,90234622345
2018-02-22,120892950530.78,116356655559.195,115890488623
2018-02-23,180917920414.18,176390661344.364,115803551786
2018-02-24,274265169030.54,245756353585.983,156643183790
2018-02-25,149616345019.76,144231918819.712,179399128372
2018-02-26,156116574457.67,152306264978.116,71125911560
2018-02-27,206304697935.64,200425077353.934,81389929362
2018-02-28,128728507116.33,123850265727.943,93603218828
2018-03-01,149468912930.44,143697702441.834,80696402458
2018-03-02,150549103916.57,120791634786.319,177021801816
2018-03-03,244624220568.59,239333801296.515,241091450088
2018-03-04,212251190005.88,207134962905.602,172877482139
2018-03-05,182363361252.76,176286242209.16,175127442588
2018-03-06,146959975357,141816183013.532,96857720318
2018-03-07,135460950042.5,130877845466.934,66742574896
2018-03-08,107213400433.89,101298076744.873,115156032917
2018-03-09,136240787946.87,130270447283.789,102280578795
2018-03-10,262106031399.7,235358196632.328,169039022964
2018-03-11,155534403265.97,149181695811.251,120005936443
2018-03-12,127136379711.8,120494900209.248,93679950382
2018-03-13,118453414117.41,113741034826.257,71902687869
2018-03-14,107666021376.38,104101279421.963,116824360655
2018-03-15,124462160057.13,117749210472.512,73918966590
2018-03-16,123217796320.45,117686174667.501,77334375674
2018-03-17,242893358869.75,236853261693.535,242248025179
2018-03-18,174302697422.4,168828429058.173,287654369235
2018-03-19,108396861723.9,102786030977.335,86584190022
2018-03-20,128583894246.02,122937538225.999,71416798217
2018-03-21,141211303880.46,135096066966.011,115683913241
2018-03-22,109836525144.87,103409057500.802,74163915544
2018-03-23,135814437289.87,129596064442.485,70508780199
2018-03-24,250892744433.62,245500419081.088,308680513549
2018-03-25,201933490201.87,196328814343.207,480499602933
2018-03-26,127399982524.66,121588352293.227,102779456950
2018-03-27,85512198826.36,81147561695.514,84037061921
2018-03-28,155027385871.61,148394151937.997,105328041508
2018-03-29,162403205383.67,156842564468.267,112372482333
2018-03-30,126379581233.4,119804788044.628,400809472876
2018-03-31,218895652396.28,212106687999.634,167947863373
2018-04-01,247062907957.68,241144389727.051,139707550821
2018-04-02,140339298019.91,135063131840.218,81082536597
2018-04-03,108904159231.17,104050773775.164,70472922761
2018-04-04,142653638847.11,137597143678.673,91926614067
2018-04-05,108906783983.45,104526327324.657,120256410958
2018-04-06,132238751814.19,126410688732.388,83193304778
2018-04-07,190883687695.29,186627547177.353,133936667694
2018-04-08,135685954852.17,131070803558.457,158058752195
2018-04-09,179679318815.41,175180343233.072,79329037785
2018-04-10,76789065768.63,71231789468.5425,81588289878
2018-04-11,95740992725.12,91254164227.8365,91772639337
2018-04-12,161879331277.38,156084760101.78,100929119165
2018-04-13,101664464398.08,96977056722.711,51743921477
2018-04-14,143294158566.15,137942221034.253,147786028933
2018-04-15,229713390328.59,225378736678.966,227187572411
2018-04-16,175318008812.67,170804222996.319,121640805337
2018-04-17,132711444566.62,129243833952.827,87554422371
2018-04-18,214429685697.78,209712450100.616,97266774954
2018-04-19,147040755443.72,142116737601.762,95989121468
2018-04-20,362646583100.56,357153173528.788,122091853429
2018-04-21,152067257071.94,145954013565.327,217732329282
2018-04-22,183868710923.78,178389818112.521,262419470002
2018-04-23,381295306791.08,375909757963.341,92219686962
2018-04-24,405845457522.55,375018846335.177,98541094357
2018-04-25,223497943713.04,193706301741.443,110770702175
2018-04-26,91887719191.59,87728799361.746,45509030209
2018-04-27,137393748993.96,131466391539.738,116711735019
2018-04-28,135587110251.49,130570520300.302,64677058852
2018-04-29,126255188436.24,120756434010.026,158611900092
2018-04-30,135852361226.34,131561781971.519,91879215359
2018-05-01,160751731136.76,155694935625.26,115894847835
2018-05-02,218851561059.77,213511540084.045,105565256423
2018-05-03,432504420578.28,426483155065.246,76215216071
2018-05-04,154695775295.39,149106104249.993,89951462496
2018-05-05,135273636092.59,129580798673.785,143047078971
2018-05-06,189947726113.04,184208986590.077,307811607957
2018-05-07,152343081054.77,147812510960.234,68606680625
2018-05-08,140227147393.99,133890481050.88,67053611691
2018-05-09,132321557497.97,125988281806.942,85880923730
2018-05-10,105403115842.91,102297488210.96,48383961543
2018-05-11,116853597723.13,110121561365.774,80358353912
2018-05-12,212259234109.47,206241551941.75,162682398123
2018-05-13,150969837122.63,144664275079.479,96333188055
2018-05-14,248500002467.37,241937258436.385,47472806796
2018-05-15,270883222883.65,266367992596.153,69472017016
2018-05-16,196758567084.05,190601055980.728,86301186889
2018-05-17,263738392744.47,256689803974.258,118000186329
2018-05-18,148857209859.95,142754289844.865,121563394483
2018-05-19,173770746355.27,167967997645.232,130140776222
2018-05-20,381371769065.23,374960436350.084,654956661266
2018-05-21,223624193802.11,218210215688,172562522550
2018-05-22,199598109024.63,192600368629.616,114796310557
2018-05-23,307140416612.04,301175107474.387,108473704936
2018-05-24,384217181429.8,351792513791.411,94641568813
2018-05-25,130579804321.25,123396224700.61,92215327716
2018-05-26,228911532102.14,222744962659.514,119313220305
2018-05-27,243718351309.96,238125190112.297,107031525085
2018-05-28,159221697174.5,152877324266.797,82428220777
2018-05-29,250616787393.26,244292131242.968,137005113396
2018-05-30,134567050521,129858917167.689,94054715583
2018-05-31,130877466101.57,124933072632.593,85550147513
2018-06-01,407913226200.04,402240211304.843,84362291402
2018-06-02,149458318293.35,145040964980.986,200146760744
2018-06-03,130082855608.52,124989390046.327,152702697478
2018-06-04,184233794348.42,179176439650.659,101791587808
2018-06-05,108331525772.09,104610428111.241,71952306737
2018-06-06,182205437340.7,176480704096.801,75877419297
2018-06-07,249211067656.64,243442535922.422,96966972939
2018-06-09,200887093127.77,195672514256.477,164157173882
2018-06-10,154914138200.67,148794921330.685,157431098575
2018-06-11,180997550322.82,171500321966.079,83962486171
2018-06-12,132134076874.54,123392974463.441,102607550006
2018-06-13,141132482419.14,132383232322.213,128057535469
2018-06-14,121482040000.68,112139923552.383,61942010105
2018-06-15,96326738071.85,87204116403.5355,109388669387
2018-06-16,174393923632.59,169470220669.587,147494284719
2018-06-17,212923324309.1,206950860356.253,101248161325
2018-06-18,118934695264.2,113200879069.646,42023864733
2018-06-19,129009355905.6,123370690710.569,52925507367
2018-06-20,180885608672.27,175060469837.342,131227905550
2018-06-21,89500461307.3,84774348347.06,70472204956
2018-06-22,110823082067.82,105998318700.999,95211154409
2018-06-23,273291546508.36,267743476574.329,125254725665
2018-06-24,128363031583.43,123570517833.998,112202679946
2018-06-25,119142448878.86,115512806275.329,75177560164
2018-06-26,192482817107.54,186539495350.709,80368790346
2018-06-27,115681750295.03,110054323453.293,39342274452
2018-06-28,106458018937.58,102061710336.072,5456695778
2018-06-29,152077377409.84,146322239577.983,75970147011
2018-06-30,216561179424.34,211138216457.522,101259050948
2018-07-01,101065158023.57,96684368882.406,78547049208
2018-07-02,128960304611.11,123213104100.988,89942069214
2018-07-03,157136337385.52,151297994224.487,70205612207
2018-07-04,155430720405.65,149609458504.37,66511887124
2018-07-05,100207446952.56,95417983779.9005,31947512812
2018-07-06,146353094192.98,141590259901.113,88648247007
2018-07-07,120079408111.64,115053993550.118,124990844410
2018-07-08,125231445017.78,119923959136.305,130041249280
2018-07-09,87518817448.34,82620577690.01,75161849822
2018-07-10,117705296641.95,112449413793.688,35347601921
2018-07-11,205003780027.41,201063293035.87,17629363805
2018-07-12,122738841018.1,118034067032.273,-36491459577
2018-07-13,167730469696.07,143032088166.256,87680253458
2018-07-14,315521009199.03,311220662114.817,-89422920740
2018-07-15,312597887978.97,308257640394.014,127247947211
2018-07-16,97540861421.72,91243619832.9245,37763661549
2018-07-17,79016449432.82,72933030320.5875,70630184737
2018-07-18,79608058036.28,73562746514.1975,18334134478
2018-07-19,426799586114.16,421889727807.022,130571954797
2018-07-20,147975813344.08,142664342716.911,18969273894
2018-07-21,138869439356.86,133123312382.611,136986503964
2018-07-22,154979862640.6,150574993711.566,195987828290
2018-07-23,212757696845.59,207569786183.169,105966228355
2018-07-24,178175442696.2,172959830888.298,120926592362
2018-07-25,197625339123.32,194546795395.098,85674904908
2018-07-26,118830322579.02,113725771852.216,69159735195
2018-07-27,331582601200.37,327296414984.781,134702114884
2018-07-28,442198484218.29,437531513677.356,133335879995
2018-07-29,107285889690.33,102781309766.425,115068127012
2018-07-30,80195696375.99,74917255315.3555,49471702634
2018-07-31,128651314187.68,123598742287.242,86072652007
2018-08-01,626806939367.23,621732578145.157,161024084957
2018-08-02,309472307334.19,305026136815.447,508554924578
2018-08-03,118982460045.66,114489017121.66,92545175079
2018-08-04,156722641589.54,152152492711.679,124009284601
2018-08-05,153310444945.83,148468080472.932,168247217501
2018-08-06,105860292429.47,101583109289.713,50149200783
2018-08-07,240486300108.88,235776200584.92,99486427003
2018-08-08,503571413437.96,497990923684.317,-222595784135
2018-08-09,159621412187.62,154579765943.521,122181831878
2018-08-10,190446163358.96,184829150758.507,107737258349
2018-08-11,163078424051.22,157401230854.263,71776004374
2018-08-12,186883020135.33,181217384003.458,116126778203
2018-08-13,141948846976.38,136661133377.028,87408938798
2018-08-14,110677900258.02,105429368998.814,70362711485
2018-08-15,155959189975.43,150670789494.35,68914713859
2018-08-16,102283804456.1,96170936680.9205,92189449768
2018-08-17,153067900948.7,147399092799.732,74527711160
2018-08-18,140482149851.02,135555293696.831,109253232592
2018-08-19,141949917652.37,112147660842.914,140461748436
2018-08-20,188999959513.39,184042179857.378,118971671584
2018-08-21,86383861480.44,80949263163.035,114840789364
2018-08-22,143032768320.07,137871203595.517,118206496068
2018-08-23,193591735629.52,188225783592.955,114469471410
2018-08-24,122944592557.88,117352052270.078,126441527965
2018-08-25,169513382613.72,163868675564.595,138878202393
2018-08-26,180059215909.28,175432221378.839,198316877175
2018-08-27,133441166805.56,127958428074.815,71255865250
2018-08-28,121112443999.85,116562600054.105,48916210153
2018-08-30,185358115773.93,180926107317.832,89674428477
2018-08-31,105227411602.02,100840035721.887,103352764815
2018-09-01,118629548206.11,113892267112.904,136590937788
2018-09-03,339380596376.04,334951323195.249,87398673386
2018-09-04,156149042148.78,150635075127.972,60637674963
2018-09-06,86080540116.29,81902354700.7215,76851957056
2018-09-07,106497896976.16,102691128587.103,74164919635
2018-09-08,168402058749.33,142912489548.717,153090089253
2018-09-09,115634911833.63,109748270097.275,100538274732
2018-09-10,119246775441.81,114041175808.804,144670375172
2018-09-11,130050308054.85,124497536211.74,73840906549
2018-09-12,510620379213.62,478779594926.85,114857463236
2018-09-13,103868072125.45,99089525658.0345,92457875072
2018-09-14,57458086575.68,52356417056.578,61628902635
2018-09-15,132652714816.03,127527246855.216,131584067622
2018-09-16,202677437638.81,198645691864.6,164311448061
2018-09-17,120145338913.72,116697589727.653,104795780923
2018-09-18,298107085921.25,294333559643.097,51640331091
2018-09-19,369308349774.62,364952152660.855,78466301535
2018-09-20,221967804503.34,217432047119.346,185776610914
2018-09-21,121380067807.14,115703270519.434,128828308090
2018-09-22,171012873494.32,166892308444.443,203820842198
2018-09-23,147175628029.39,141526208760.542,210030351357
2018-09-24,141125980145.76,135312949261.148,67048919032
2018-09-25,98688782003.96,94534245684.33,89239091502
2018-09-26,117153834969.11,110930777444.993,87340584255
2018-09-27,141779428300.17,138086920978.805,89148483232
2018-09-28,97046715454.7,91762045998.7335,86582559545
2018-09-29,139695988321.5,135649474651.141,127967734956
2018-09-30,334495004519.21,330598979738.773,146580144617
2018-10-01,224854793046.94,220472952210.9,94471071410
2018-10-02,183604668316.17,177906727690.595,122170343497
2018-10-03,85755325637.83,81642969553.827,122085642350
2018-10-04,73716291578.35,69063900359.807,149862349017
2018-10-05,125991850409.39,120607103539.354,92915123140
2018-10-06,252916759932.33,248628919774.586,157073298800
2018-10-07,197551889669.28,192670621787.927,172046909535
2018-10-08,99790614618.79,93386447824.989,107567927880
2018-10-09,89346256282.89,85758433643.1575,83257913109
2018-10-10,279321503436.56,275413857929.31,178051877726
2018-10-11,105468519858.33,101090953720.357,51441173980
2018-10-12,90725472554.89,85948176825.406,100316459386
2018-10-13,180926433532.07,176247825650.885,86002743311
2018-10-14,96878944392.03,92068359491.927,110516230259
2018-10-15,76357650314.93,71707715234.661,76466807797
2018-10-16,110154025458.18,105681000953.051,74597211998
2018-10-17,153917573507.05,148692695020.346,67816733342
2018-10-18,118136776900.22,113246312344.247,99683828546
2018-10-19,130263934817.32,125991498119.689,93236707700
2018-10-20,204566676593.4,198902164344.635,112824343047
2018-10-21,119926689974.83,115375277035.105,91282215731
2018-10-22,165891719130.78,159971875910.835,93544396582
2018-10-23,180883149869.95,176884247269.319,100596219460
2018-10-24,137065998864.58,134168828737.792,78712120583
2018-10-25,156228069572.65,152043541332.735,96412927653
2018-10-26,129538149309.08,123974056771.349,103972390388
2018-10-27,396352897008.01,391322353110.141,118900141909
2018-10-28,182596842910.28,178818479125.897,197786109400
2018-10-29,119566703117.67,115529269746.51,146631979927
2018-10-31,181723580130.49,176946932984.054,138343928742
2018-11-01,171166453937.39,149494588787.455,158914303442
2018-11-02,132163978331.27,127690622407.588,128128382015
2018-11-03,216401766669.84,211793081175.982,215218723998
2018-11-04,148503325203.8,144618910825.728,257375158044
2018-11-05,175361662783.01,171020456533.17,116205734258
2018-11-06,93708584835.99,89140378567.2455,95906473202
2018-11-07,123640202290.34,118599176869.759,97499979435
2018-11-08,335924766740.93,330663857940.333,189519363065
2018-11-09,152597619746.57,124384720555.28,125757845765
2018-11-10,115883107039.76,111455572172.855,167137093688
2018-11-11,175899797264.61,171616018554.171,186615444091
2018-11-12,219220927977.22,214729722205.467,111240915465
2018-11-13,97832215486.54,92946287036.3165,106279944737
2018-11-14,159186522137.44,154482304291.398,68754667365
2018-11-15,176374168273.83,171476312497.586,96797610111
2018-11-16,86914270783.76,82376042362.4795,120986107442
2018-11-17,180365596657.11,175329648178.494,147591189566
2018-11-18,85571478455.66,81313530905.2295,158955623911
2018-11-19,476710271504.24,472037643587.986,85776456314
2018-11-20,156044145839.99,153197638291.583,78462107744
2018-11-21,114476930150.83,109052926961.271,130643902466
2018-11-22,124341597903.74,118938859565.008,95119776703
2018-11-23,117292736086.25,113292231698.266,80321400429
2018-11-24,140679911699.74,134701488467.146,205548032458
2018-11-25,195905832054.8,190211651642.378,150453454204
2018-11-26,99720123883.97,93708725275.4775,60908503084
2018-11-27,91955600584.93,87987219387.7145,92113032728
2018-11-28,235414817526.76,207741127248.794,127599268378
2018-11-29,115036611033.73,109678475743.102,73272996819
2018-11-30,117681493860.27,112143203366.154,156927777114
2018-12-02,150155144316.29,146222113057.302,170260152377
2018-12-03,154548660371.24,150671342337.992,50196166354
2018-12-04,120746306418.92,117420768790.386,61074874818
2018-12-05,95465232174.11,91065336553.868,100403495331
2018-12-06,92138332840.94,87833461880.556,83709748822
2018-12-07,98065296642.89,94416190902.933,116765479583
2018-12-08,228371810063.52,224429820043.849,162891106522
2018-12-09,136783206278.45,131135531094.121,107389763739
2018-12-10,120648386017.44,115404366321.152,111732565884
2018-12-11,221336866932.22,217037406276.856,205714085719
2018-12-12,306003768187.98,302299326699.989,142910956987
2018-12-13,141589123786.48,137685904288.917,170552261032
2018-12-14,74676627972.86,70850025488.107,109242222128
2018-12-15,422015126915.44,418372153068.436,179269436508
2018-12-16,212974240728.33,208423896825.717,167179680035
2018-12-17,156384429166.84,152202635456.791,153787606073
2018-12-18,88456378858.53,84500855461.621,199724054550
2018-12-19,84569934140.54,80455126395.009,51568013167
2018-12-20,222276389526.85,217910733469.426,102995110891
2018-12-21,102861252081.56,98203114016.9015,136145019902
2018-12-22,316380102153.93,311790284616.911,162856234454
2018-12-23,130603873694.78,126136586512.375,132686468256
2018-12-24,109032307851.81,104650207461.495,77572193756
2018-12-25,138846007842.7,134379769896.045,84318149183
2018-12-26,112926105567.91,107773695679.166,69953287205
2018-12-27,292169011139.25,287647957147.328,75393413339
2018-12-28,90093131799.8,85973524929.568,77755208488
2018-12-29,152077676560.36,146747992787.708,76420109847
2018-12-30,170665693929.72,165574150176.174,106504983755
2018-12-31,118798979063.18,113476385353.36,112289865367
2019-01-01,109730289727.45,104509974372.264,100896796443
2019-01-02,125036251590.71,120023593959.774,115027935741
2019-01-03,159182676446.78,154321611455.034,57358306773
2019-01-04,173736818582.34,168964224415.959,71066550828
2019-01-05,132296995355.78,127499143739.96,123026790274
2019-01-06,117791603492.42,113883915287.791,124773380270
2019-01-07,104846325882.41,100728709301.373,118304897937
2019-01-08,109197496558.33,105287493010.498,62607280522
2019-01-09,114345649790.36,111510531839.249,72367659233
2019-01-10,142757710504.11,112136859052.714,116649851235
2019-01-11,78699563532.94,75307990966.111,79786780404
2019-01-12,175009776804.3,170427530948.136,166935651787
2019-01-13,185325250694.07,181534913965.194,155132722318
2019-01-14,192860757163.93,189157360018.987,53708020328
2019-01-15,110636609440.97,106650022384.744,49924435344
2019-01-16,147019884730.25,118493686655.422,342238570367
2019-01-17,106742439815.15,102765922848.018,79583104884
2019-01-18,99049358881.89,95287243602.29,97982960638
2019-01-19,104890785912.07,100622910920.965,112404806843
2019-01-20,178810705134.38,173924713432.953,152997717849
2019-01-21,117468271483.02,112343114174.035,104174171152
2019-01-22,100986115852.33,96460552619.0185,68490081147
2019-01-23,354086310826.35,349710245071.827,75269137479
2019-01-24,253073975672.51,248384907878.614,69433299558
2019-01-25,92610248573.36,87504026290.4885,54336859963
2019-01-26,177778075626.58,172712930534.574,105226299117
2019-01-27,197421281078.7,193250145898.448,119535551647
2019-01-28,102385057187.51,78892705379.415,97696742133
2019-01-29,227442079677.29,223460336249.971,118577047464
2019-01-30,132236115784.83,130389048736.321,53507356084
2019-01-31,122515812068.1,118302237229.475,81742128995
2019-02-01,74559156347.55,70657051625.1905,55631027995
2019-02-02,111281412272.29,107363317217.96,144242455801
2019-02-03,149495636142.3,144958276856.763,145678357875
2019-02-04,103914805009.51,99383740968.9325,49338359538
2019-02-05,95654761876.88,91339088027.986,71420598700
2019-02-06,140205463938.92,135853047127.778,114989565302
2019-02-07,88057893651.2,84101556772.127,67403664949
2019-02-08,98709484555.45,94457448244.195,67393495548
2019-02-09,116538872343.01,112623362471.234,114969184532
2019-02-10,111433101972.15,86071697331.72,91367944340
2019-02-11,102141475214.13,98168073099.274,78050434955
2019-02-12,145236086965.58,141119370985.995,100908192330
2019-02-14,148538747244.03,116479789518.385,83536785705
2019-02-15,160021908430.03,155453357122.129,83626585736
2019-02-16,146969102148.13,142442127113.625,143283623352
2019-02-17,146311662558.99,142008392352.198,161126510824
2019-02-18,145180425382.47,140881879004.659,61229204147
2019-02-19,94433391988.75,90215961737.9415,63309066991
2019-02-20,147212528338.5,143070637065.69,89169459864
2019-02-21,106945863839.67,102990181903.524,45719130639
2019-02-22,102152237848.51,98527021642.2575,79644639516
2019-02-23,109852026112.73,106216574217.341,119001275415
2019-02-24,218657726210.36,214895014029.531,172242908152
2019-02-25,157658655975.29,153610520268.35,55228853048
2019-02-26,140778105728.1,136964917055.913,87448107274
2019-02-27,148399961883.56,144063583730.042,87673423330
2019-02-28,169565371934.23,164733309515.154,70270212777
2019-03-01,159830821644.66,155390346898.542,73262284454
2019-03-02,127630785985.24,123001848296.548,146426747092
2019-03-03,254568998545.84,249946697544.549,145761179770
2019-03-04,97349919468.34,94396539797.853,68177934550
2019-03-05,117068927637.02,112802734427.831,99257900514
2019-03-06,125578118418.93,121577795330.216,68697465647
2019-03-07,194698775409.24,190411614491.97,69955754662
2019-03-08,95723765881.92,91295487701.898,82446010794
2019-03-09,124931581223.1,120788912821.334,130997528432
2019-03-10,132782508382.57,127949560257.637,91036556322
2019-03-11,89353580956.32,85655295754.336,40573081091
2019-03-12,103086260478.44,98538511725.838,74663354711
2019-03-13,99955418089.33,95180309325.8235,24515122175
2019-03-14,105992377176.79,101200641338.731,158017487410
2019-03-15,101129705961.34,96876056183.8845,76200184756
2019-03-16,243086237347.29,238645289493.824,128307940276
2019-03-17,95895541249.9,91556845488.643,73286136367
2019-03-18,216495081503.44,211787177568.044,115268103479
2019-03-19,95267313276.82,90456894017.2285,64746679375
2019-03-20,66415017304.03,61639466813.2715,46487522926
2019-03-21,92096322856.81,87471465749.4075,51357079762
2019-03-22,76029951089.28,71847525741.783,87831922120
2019-03-23,119779825562.11,115021170955.217,163231971254
2019-03-24,199789428535.5,195045451851.78,161656058067
2019-03-25,117788229635.34,113098960830.631,80695179614
2019-03-26,171460609989.83,165132853401.077,46562151546
2019-03-27,95950381944.54,91417783045.8385,38020068329
2019-03-28,145535644920.65,138028887182.935,78030702486
2019-03-29,124990347362.95,117726237781.835,50819930326
2019-03-30,197329107620.38,193580970990.824,143606874082
2019-03-31,95092811338.98,91220020929.613,93486448768
2019-04-01,85586148778.18,81688977380.638,56281870570
2019-04-02,116083006335.21,111550617039.76,76961306142
2019-04-03,198588500874.65,195431523163.544,34833966977
2019-04-04,130679554887.22,126500303718.736,44472990384
2019-04-05,217968477747.79,214272612211.464,132766209872
2019-04-06,150088906805.52,145243901135.552,125126683882
2019-04-07,122369509997.04,117925409181.615,33753557656
2019-04-08,140607881349.43,136077665629.414,41107771458
2019-04-09,94658047396.95,89984095554.4495,62805389487
2019-04-10,104929069658.52,101465745186.455,61469663572
2019-04-11,102688012942.93,99487269875.5845,55837166430
2019-04-12,73346087774.2,69330688147.078,128509255600
2019-04-13,139030398769.2,134072238070.887,131545376973
2019-04-14,200025853687.95,194945803556.841,39525467386
2019-04-15,70591974415.65,66203628070.5925,35215806654
2019-04-16,79448447530.54,74690777589.0195,32724731623
2019-04-17,128265356815.12,123275984263.593,57767734842
2019-04-18,103967391368.29,99184666802.808,66480998369
2019-04-19,114623294166.34,110422708355.756,73805208046
2019-04-20,195347928023.06,190693937063.862,79788557924
2019-04-21,93247011893.35,89032064039.3215,64713402434
2019-04-22,115254490326.63,111125963687.264,50803925081
2019-04-23,79141677079.32,76121733112.655,37247185000
2019-04-24,351386272365.89,346875954823.129,78201156176
2019-04-25,95228479308.39,91150523506.047,41175919639
2019-04-26,55288525926.29,51416740587.0725,73292765972
2019-04-27,118812027953.25,114119031418.384,84329707807
2019-04-28,118133537375.66,113042874106.463,88574545009
2019-04-29,205918278121.14,200777266315.59,48954050268
2019-04-30,117186718956.61,111927456471.314,65269787305
2019-05-01,57827790010.98,53616912377.9395,39412834562
2019-05-02,83858392449.86,80172274996.414,60381686242
2019-05-03,137970348997.28,132811585879.977,57029237055
2019-05-04,162100951239.25,157451109220.254,110491187152
2019-05-05,116802188489.76,113131204521.11,91699772408
2019-05-06,88825058031.86,83962156682.3655,72602467686
2019-05-07,107907124367.29,103850224432.793,78493364509
2019-05-08,72233466828.38,68445961266.083,61521648921
2019-05-09,109358535854.61,106329140694.842,41101731938
2019-05-10,172191072191.5,167749378598.124,90773344056
2019-05-11,255222703502.86,249140484514.085,116935076802
2019-05-12,83117939953.85,79565881297.808,70381744943
2019-05-13,90606249369.26,86688019340.412,50409109066
2019-05-14,83221032954.72,79672216411.637,51250105614
2019-05-15,115927181126.51,111421025115.341,41427209018
2019-05-16,134713901415.93,130416295451.361,51080322908
2019-05-17,101559082645.73,97276537159.0235,77589269732
2019-05-18,108308696140.93,103753955388.586,60515691065
2019-05-19,255908922108.63,250937617640.566,86038226997
2019-05-20,91724898713.58,88461109958.1555,26599375965
2019-05-21,127960376105.57,122653496476.259,14020702790
2019-05-22,89954360340.04,84966788203.6625,44143128242
2019-05-23,95334001857.67,91401910099.219,58307735513
2019-05-24,106639296534.69,102132816375.375,29014281242
2019-05-25,161233306432.23,154934202226.016,101573073774
2019-05-26,181868276647.35,177216918508.624,119191179741
2019-05-27,114592588285.1,110617555154.434,48638972640
2019-05-28,130367755814.63,124870861295.261,54494476563
2019-05-29,109047728548.7,103736754181.086,72652139829
2019-05-30,131742847554.69,125886146759.743,40272826852
2019-05-31,235738728006.96,229864789768.609,99931017822
2019-06-01,120829169617.37,116954008975.081,144768141366
2019-06-02,177904274250.74,173829925497.151,100546531436
2019-06-03,120347224740.84,116163637440.751,85216052115
2019-06-04,116559805573.43,112402108869.956,63528801476
2019-06-05,185716586840.13,181668297081.196,50639435997
2019-06-06,107472993962.56,103290163117.336,39407704893
2019-06-07,128314888330.58,124022476372.866,56762446998
2019-06-08,123015462107.36,118741598353.433,72709396072
2019-06-09,200519295967.66,196495315850.077,88941657948
2019-06-10,104999388831.66,100622926099.801,47971194610
2019-06-11,322338261824.71,317987314610.774,125563377142
2019-06-12,216565560112.39,212050270790.242,96757875000
2019-06-13,100188338485.39,96882244619.4275,1292590686
2019-06-14,191304494735.41,186448586240.324,66538270230
2019-06-15,130329925517.91,125411754708.099,70100192811
2019-06-16,183420295729.44,178061472290.983,74419267981
2019-06-17,120103119413.69,114610349909.454,64854737219
2019-06-18,368463183921.87,364331400775.263,53747282744
2019-06-19,94961682861.34,91921097142.9195,45453448038
2019-06-20,137364848748.16,133791541768.998,37897799146
2019-06-21,117689225129.07,112389226755.083,60464766676
2019-06-22,167889966884.58,162804520270.836,79604517940
2019-06-23,174327872432.42,168874196496.072,89009060432
2019-06-24,110055912340.17,104703847936.414,71903589412
2019-06-25,363742919058.77,359064086531.825,57551373353
2019-06-26,161287591024.39,156715423671.411,52126415436
2019-06-27,128965512957.82,124452802047.483,49364868441
2019-06-28,166707888429.71,162207097599.433,59077174427
2019-06-29,178421983766.88,173750387538.627,88460231645
2019-06-30,114865505504.17,109437961378.848,87548945360
2019-07-01,116731086811.48,111780457424.182,51287649429
2019-07-02,104869099498.77,100179257065.186,50875876194
2019-07-03,145206703098.38,140996204367.247,50157794841
2019-07-04,141732847733.41,138023201034.935,54295352771
2019-07-05,194557879588.2,190970900846.921,71561021831
2019-07-06,167598035588.24,163167351587.98,119087933421
2019-07-07,164523957917.03,160232179167.556,84150058781
2019-07-08,133358345761.59,129720441277.136,73952170981
2019-07-09,112326499128.48,108431481927.826,50214978901
2019-07-10,86375072875.03,82222157011.227,33770518211
2019-07-11,70815178220.02,66292672587.286,43152397403
2019-07-12,75404139293.11,70440962246.161,65804435487
2019-07-13,212979409382.72,208319211813.265,110710744627
2019-07-14,168542229635.48,164099116253.988,99296697074
2019-07-15,210627427919.06,205619254468.912,57628613506
2019-07-16,155620620106.52,123650365242.556,36339637197
2019-07-17,128231925948.37,124015518602.029,71313638169
2019-07-18,109821818544.04,99996642516.887,38963902847
2019-07-19,80044216421.51,69951569619.68,63165608411
2019-07-20,153620938421.19,144325811083.801,95059949282
2019-07-21,135542167637.21,124431277737.024,84879500277
2019-07-22,197426173617.43,186653374280.78,67575384598
2019-07-23,408837778035.9,396929407107.584,124607301021
2019-07-24,120209175773.47,113728651336.301,81804886726
2019-07-25,86718403243.72,83275953877.9565,49636367623
2019-07-26,184156246997.17,179517927433.461,104176520545
2019-07-27,124944451137.1,119578771903.301,99881664689
2019-07-28,258044995480.38,251412078454.265,105212000873
2019-07-29,142153743625.66,137739278117.967,80588284696
2019-07-30,177234326902.99,175116928997.678,69643632406
2019-07-31,258598560751.91,254385926524.263,100482247002
2019-08-01,81981980266.2,77804214734.881,54646794913
2019-08-02,112463004492.99,107309766033.707,47840169377
2019-08-03,132591057751.08,126969335386.639,95160508631
2019-08-04,335157110388.08,331789080418.012,135870482219
2019-08-05,117335184419.28,113527020454.722,52544883899
2019-08-06,151605280894.26,148949159675.992,38335637334
2019-08-07,160724874829.52,156447770279.318,76407820221
2019-08-08,157311502648.72,155185612551.271,60128394199
2019-08-09,222231111452.66,217965859222.728,60447037205
2019-08-10,154338105884.76,147868480719.513,161410268770
2019-08-11,114329372138.65,107829160191.328,98543008887
2019-08-12,64159786486.59,59885485590.974,55895370753
2019-08-13,108398323810.15,103872148664.21,66776524696
2019-08-14,107632622213.27,102858038823.909,80490999335
2019-08-15,131231621257.53,126350644738.981,82176480847
2019-08-16,70418418367.54,65310395517.573,58290823776
2019-08-17,128931644305.51,122276527893.655,58648837511
2019-08-18,203622319968.04,197398043931.778,112817554204
2019-08-19,158758279164.75,153499934183.454,54424335710
2019-08-20,237761837174.26,232345804750.723,186612515623
2019-08-21,153322970354.96,147415697816.107,62361093630
2019-08-22,185534577102.5,179055183245.409,46485534548
2019-08-23,114445804328.02,108093443585.19,96615596951
2019-08-24,204635788424.9,200059792179.269,60831268029
2019-08-25,129175382084.58,122800142086.868,121125033164
2019-08-26,106091045813.33,99766536057.9855,42484143678
2019-08-27,121104517484.9,115036005684.262,23140790333
2019-08-28,211335054261.98,205458916250.209,56665021994
2019-08-29,365883718621.19,359467692496.583,35206787015
2019-08-30,109465683786.99,104182439679.848,42715351609
2019-08-31,112483391394.46,106885807201.992,75447523120
2019-09-01,109938034981.74,104616851686.168,82735554158
2019-09-02,321934513804.91,316172830563.846,102750952276
2019-09-03,121209189007.03,115405419914.909,61559353773
2019-09-04,87764603698.26,81694635061.8985,39733534669
2019-09-05,94774795209.81,89957728606.283,65505742652
2019-09-06,178917629242.01,174543341552.558,61726181768
2019-09-07,182816562221.27,176634865411.221,88077472159
2019-09-08,250186237563.02,244151032611.76,114141187430
2019-09-09,151296372484.39,145409907118.581,50351033053
2019-09-10,151962121092.73,145898399988.006,62110884513
2019-09-11,183144021847.8,171001312035.778,53397829516
2019-09-12,276889274527.96,264938169144.654,49359801059
2019-09-13,179125453929.28,167837197186.78,72551663410
2019-09-14,550926519381.2,539510523203.492,135266896956
2019-09-15,168141717473.72,157551653148.127,126324055999
2019-09-16,203826715444.92,194650887251.975,66697318911
2019-09-17,335510525773.22,328595886802.005,44282086742
2019-09-18,139724781484.1,128978642745.057,25024892789
2019-09-19,190815402899.4,181062507941.413,43384334496
2019-09-20,175620736388.94,164458939848.631,5183780348
2019-09-21,510900896104,502584173660.393,115070069310
2019-09-22,201540234788.22,192653919295.215,105302251026
2019-09-23,319070565725.64,309159873563.663,38067105979
2019-09-24,160113146527.96,153280416328.85,44710677353
2019-09-25,161826273822.98,156605230131.056,42864788813
2019-09-26,177973700512.86,169328294153.542,41975787122
2019-09-27,306185045574.24,298099178533.629,93830921232
2019-09-28,262638131759.62,253103690042.088,113911169124
2019-09-29,198653474570.7,188884781488.845,125546604144
2019-09-30,134267660143.4,125969068993.965,50437702945
2019-10-01,259415380155.2,251669195842.28,77662550075
2019-10-02,238668142082.6,227742834762.882,148379660198
2019-10-03,146060420664.2,136268142009.567,55783171646
2019-10-04,236375310760,227000435643.773,72645729042
2019-10-05,209144116726.02,200916190132.122,95717059470
2019-10-06,161395066049.94,152703310861.263,93810273629
2019-10-07,367266962702.1,357558434724.947,55671570323
2019-10-08,195300381328.3,184578753500.289,50564405368
2019-10-09,244869905768.72,235521500679.14,44753709327
2019-10-10,119084250161.8,111971918000.202,44177956348
2019-10-11,203483233627.4,195828866306.354,69560454279
2019-10-12,341659113361.56,333312952081.176,80509914739
2019-10-13,186324467572.46,177745393699.292,69450372404
2019-10-14,316527130812.16,310407241689.322,64654293262
2019-10-15,183156050170.08,177169722881.895,61048876132
2019-10-16,152765423118.22,146539395747.908,56845444981
2019-10-17,171467554284.96,163118853310.962,65237759262
2019-10-18,175610714095.04,168905711745.944,55792944904
2019-10-19,222523802875.4,214810878980.03,84557020897
2019-10-20,295768315909.02,288894485160.807,85332629668
2019-10-21,185618141760.5,177485195133.528,67596746585
2019-10-22,168452514823.42,158919251326.996,61460992370
2019-10-23,182987495191.98,176487647186.302,93155818496
2019-10-24,199461832395.86,191359575644.624,59077306640
2019-10-25,187000399953.62,177506239843.392,95521982819
2019-10-26,286488317505.48,278553803556.447,93730732449
2019-10-27,267978742315.24,258287991352.276,98541137414
2019-10-28,62633357189.42,59193223433.36,54406371171
2019-10-29,85038371694.59,81375502132.909,73101634603
2019-10-30,146286204234.36,141718715076.369,84143116476
2019-10-31,159318830773.85,129801509809.805,83375105039
2019-11-01,85374770630.97,81261633466.4715,83023647483
2019-11-02,141459196097.9,138092940077.764,126798573226
2019-11-03,115951554047.46,112430295061.858,109126315437
2019-11-04,84748556790.33,80505603488.346,120087104835
2019-11-05,121428987418.84,117323573840.737,91790328161
2019-11-06,75376896521.23,72443224822.1465,66628553042
2019-11-07,68543006277.91,65597200262.2165,68473036186
2019-11-08,86928091388.22,83317776722.138,63170783278
2019-11-09,127537784964.28,124182079066.174,135252913583
2019-11-10,88256957373.98,84843697921.7115,164133706683
2019-11-11,83527033948.92,80045292611.7445,67383241515
2019-11-12,81502645642.09,79092366426.752,56668249087
2019-11-13,199272430439.08,194886828662.533,35183231645
2019-11-14,294848384849.27,290462934247.382,52173257682
2019-11-15,130233784472.97,126488508684.513,46970096356
2019-11-16,159840610187.72,155181627263.326,84123722137
2019-11-17,102059004749.83,98497862423.71,103817290009
2019-11-18,142786555297.23,138395025452.451,55248177036
2019-11-19,72291642947.31,69287836128.934,57090938057
2019-11-20,77974890257.58,74960653653.961,57079291359
2019-11-21,72742835801.14,69570884312.9285,84486705274
2019-11-22,103532908654.67,100266522006.795,56696855828
2019-11-23,93512129456.49,90135730839.608,115193066892
2019-11-24,118694798531.15,114615286951.588,113116824667
2019-11-25,238514155902.15,234098504840.688,60118303390
2019-11-26,97332715907.67,93800411270.0985,75407427487
2019-11-27,57194668495.53,53348627054.794,47280579954
2019-11-28,90164918369.98,86418515638.6025,70882704444
2019-11-29,65925171475.56,61967360224.3035,40910712257
2019-11-30,75904079673.6,71949776051.1115,78844662974
2019-12-01,182583926152.81,179471256991.448,191476843866
2019-12-02,101729686092.11,98309658426.467,54644507136
2019-12-03,89251106226,85923247035.9945,74617535904
2019-12-04,76413754141.96,72953395512.7175,59641915258
2019-12-05,175503625892.3,170985334818.74,64866024351
2019-12-06,220979646438.31,217479997832.963,74572317109
2019-12-07,256167152558.9,251702607833.282,96524970449
2019-12-08,120461706766.62,115730519015.604,100561930596
2019-12-09,93471379128.49,88892696429.3585,54074760030
2019-12-10,83324457916.5,79077242549.2335,78443967662
2019-12-11,79053880092.07,75705040097.192,70435032448
2019-12-12,95232227427.73,90543996592.182,82215818000
2019-12-13,73360260177.5,70230188038.1755,62550961721
2019-12-14,134162815264.71,129589413309.239,93533710361
2019-12-15,142720191115.39,138059351815.748,112202867159
2019-12-16,92716639385.91,89367809782.0695,71795017461
2019-12-17,151386217059.14,147468330781.708,92793261535
2019-12-18,92078905748.61,88389487049.3285,100346951919
2019-12-19,95080363782.89,91033919410.3445,53918870519
2019-12-20,142418356271.86,138308709541.071,72890061552
2019-12-21,93629960026.53,89487451519.7935,98130406009
2019-12-22,111343158947.75,107224874037.315,87629952851
2019-12-23,64358057501.06,60082169285.711,63273866520
2019-12-24,79841257276.47,76022358453.7895,56384009787
2019-12-25,88843634006.96,85013797266.9965,40512570096
2019-12-26,208435935563.04,203980286720.273,65575110633
2019-12-27,81653515525.93,78951830712.06,68436445872
2019-12-28,168005445543.56,164687546228.435,92452501753
2019-12-29,108147307254.42,103922775837.247,109080783266
2019-12-30,106658341974.91,102668391985.05,87329938723
2019-12-31,144716445163.31,140859843189.192,82712195514
2020-01-01,99199030690.56,96317039064.228,59584898614
2020-01-02,108349249652.38,104077569419.194,77468878245
2020-01-03,165872628796.22,161977081492.531,100952338207
2020-01-04,152516996388,148141701120.236,99508305506
2020-01-05,103186062967.25,98814901041.5585,101140110754
2020-01-06,92837961883.99,88266118118.7685,43258115669
2020-01-07,51494579633.24,46808586702.8265,43603034528
2020-01-08,63897286590.29,60610694616.4865,50631377149
2020-01-09,86509778552.62,81521156846.4255,58911373989
2020-01-10,126308950531.78,121410796602.489,69424531021
2020-01-11,165025206581.9,160094319035.012,93812184853
2020-01-12,140683189294.84,136476462535.089,105569611937
2020-01-13,110808414599.38,106442749025.663,80453616895
2020-01-14,74552857916.79,70371043579.9695,49285915956
2020-01-15,74083661539.16,71575784510.287,48881954967
2020-01-16,132038524131.64,127933073642.466,64486322254
2020-01-17,122535601327.72,118720565201.239,83393250153
2020-01-18,157293061092.04,143290720606.478,103556333757
2020-01-19,148341923096.41,143502880045.279,84423077126
2020-01-20,361860622615.87,357974024684.571,61977436892
2020-01-21,79129460035.39,74330234199.554,53029173523
2020-01-22,96263876068.15,91314234853.3835,64482342039
2020-01-23,115743054263.7,110497872900.181,66911500953
2020-01-24,201197070957.8,195790245480.079,51008690815
2020-01-25,134001113608.9,128775318642.966,108755689354
2020-01-26,193735080805.03,178877173965.268,131984168553
2020-01-27,109896855782.57,107964307608.238,59426731849
2020-01-28,68084010126.97,64677125695.2035,50217534804
2020-01-29,75594393932.87,72346629340.5045,72218958907
2020-01-30,107390530813.87,104225323660.561,59429884193
2020-01-31,128019482367.59,123574671389.558,70117382339
2020-02-01,114624055179.82,110077070604.843,55538420250
2020-02-02,109620182175.04,105215180987.613,102777317344
2020-02-03,112208824941.54,107970777724.67,61787640762
2020-02-04,122101299298.23,118056288301.909,48402407184
2020-02-05,224788979371.1,220192098488.644,41808539916
2020-02-06,95562006657.87,91791125098.5065,66188048479
2020-02-07,139409534665.73,135629101340.821,64530435669
2020-02-08,129810351380.54,125360117582.462,91718831781
2020-02-09,116460651445.15,112246241963.697,127717901673
2020-02-10,123648531261.86,120212516019.776,67403857725
2020-02-11,103149374641.85,99227659307.903,53724656469
2020-02-12,120569727604.08,116382845883.188,43621595768
2020-02-13,128606870394.62,124088099807.5,101448125093
2020-02-14,123440672794.09,117814089875.074,89223500720
2020-02-15,196221712104.79,190611606849.154,117592118437
2020-02-16,357378679814.94,352047305037.549,116631126748
2020-02-17,233788708008.88,228854288990.902,71879880060
2020-02-18,107035280233.31,102394960749.005,73466260098
2020-02-19,82124703950.54,78102246010.2285,61626116643
2020-02-20,117001590781.62,111967768182.363,61097778383
2020-02-21,104931715316.71,101524627417.222,68600042895
2020-02-22,164844771096.81,161012017426.237,100683561030
2020-02-23,351142147929.52,346837241453.008,99385663457
2020-02-24,68535959724.22,63554770586.181,51611291374
2020-02-25,134240544544.45,128774135721.977,69273267865
2020-02-26,93019105641.54,88191135660.361,65831998298
2020-02-27,126221069341.37,120960340266.533,58695697632
2020-02-28,166708210977.97,162783873814.986,82116534527
2020-02-29,474333944526.17,469771048450.525,153656977787
2020-03-01,429107323412.77,424509129714.758,104923390559
2020-03-02,109469143266.46,104053451873.905,51303161351
2020-03-03,95628527926.54,91007405947.337,47780042261
2020-03-04,69942699852.9,64251495837.4785,47648928002
2020-03-05,106668094242.22,102459113747.351,48830573264
2020-03-06,107809341422.56,95108831228.325,56616314464
2020-03-07,366622926733.02,360659336378.914,126604799234
2020-03-08,299845578466.64,295652906196.771,128085706696
2020-03-09,98075271731.18,92738097160.2215,140124906737
2020-03-10,68443866261.07,65055910837.927,78664141189
2020-03-11,97984804298.14,94068157436.4095,74296030583
2020-03-12,128247926500.45,124010639456.422,79988951294
2020-03-13,144727888391.5,140320300493.116,70452883804
2020-03-15,125458088568.52,121787939610.681,106081623995
2020-03-16,109472987626.39,105552041849.463,87370556203
2020-03-18,112062356303.97,106918190426.285,83012436990
2020-03-19,116603755787.47,112980726281.893,74395277967
2020-03-20,108642872633.64,103649699938.298,87628580694
2020-03-21,122732232076.4,118338995295.29,132267265314
2020-03-22,291917267212.16,286856323868.747,174745676878
2020-03-24,101215206211.06,97125402456.971,209724408342
2020-03-25,105059704254.99,99451061015.623,75060848003
2020-03-26,160289869312.2,156149905456.312,101919236064
2020-03-27,101857821852.32,98215751588.4495,76401499901
2020-03-28,158559485438.12,154048186188.131,111480000653
2020-03-29,164625873755.95,159325118138.265,115666350698
2020-03-30,194063264071.33,187783219331.238,113697299634
2020-03-31,125221468768.81,118681267762.059,108297245269
2020-04-01,143278047380.52,136778876952.64,103487716957
2020-04-02,103522394976.71,97054613690.9375,85344633781
2020-04-03,94080066769.92,87172740398.09,83373766043
2020-04-04,127859266905.97,120555299843.879,147410051579
2020-04-05,149672691354.05,142290805638.78,133381956159
2020-04-06,116062546856.98,113215632342.488,81510551204
2020-04-07,124511572894.84,120278594923.653,78537606657
2020-04-08,128595032974.34,124225435122.786,77013430861
2020-04-09,115764711763.14,110580825762.983,93139462826
2020-04-10,107186968788.27,102076404676.218,137684807145
2020-04-11,164051317866,157760645092.989,116536342074
2020-04-12,141322413914.52,134865213022.057,97660990203
2020-04-13,136601952504.64,130698558422.67,93375646640
2020-04-14,177744122786.63,172415048188.859,91170796599
2020-04-15,128876827197.36,123166477028.159,88918288848
2020-04-16,118983430118.17,112888420655.744,91840832230
2020-04-17,157391458863.67,151523980401.387,102546259423
2020-04-18,183717140461.94,178145111953.371,109012261704
2020-04-19,185359027856.42,179731481888.067,105683722252
2020-04-20,101821824889.58,95972260526.358,74324838119
2020-04-21,175030106988.31,169667631246.479,83077292468
2020-04-22,99350740170.83,94235948362.8545,87588145660
2020-04-23,184424090362.38,178305798073.478,82122884856
2020-04-24,132337743789.28,128717126942.76,106847921728
2020-04-25,216950820576.03,212216743360.837,105098491396
2020-04-26,281908679328.64,277317880550.023,126870722092
2020-04-27,131815666280.13,127480981263.389,79809840361
2020-04-28,120257611406.92,114243655549.679,68868025349
2020-04-29,89701982498.94,84900783404.3985,75562208754
2020-04-30,100915248682.86,97470432727.2575,79513876388
2020-05-01,125990685178.95,120405201569.269,292934894395
2020-05-02,160080775182.64,154172381463.587,90317716792
2020-05-03,119924624828.92,113262299975.167,107094971500
2020-05-04,175532356008.27,162103360471.638,93071917238
2020-05-05,135030827936.94,128517364424.364,89138805250
2020-05-06,116829130508.27,112472383997.719,71690746486
2020-05-07,79750176276.3,73929893326.4295,86800772211
2020-05-08,174859025062.11,169125591999.505,90950865157
2020-05-09,150119815675.1,144156224935.272,102741582589
2020-05-10,109473359392.75,104715513002.823,100251414030
2020-05-11,121539834749.57,116194806635.971,66429121447
2020-05-12,178198669311.46,173394642708.672,82842332855
2020-05-13,89598077795.66,85022098376.884,92565231414
2020-05-14,85315962824.69,81274333000.869,65011167974
2020-05-15,136045945318.84,105074565907.617,90596359268
2020-05-16,177750800475.36,173156434817.186,164527122741
2020-05-17,119011582191.32,113793301108.766,106420189893
2020-05-18,87377381034.25,81873752211.508,66456386439
2020-05-19,97035830308.39,91528490336.892,49619960915
2020-05-20,150468063655.62,144950910183.95,81872319107
2020-05-21,119309289551.81,112968745306.264,85125230640
2020-05-22,110266372549.49,103923556522.748,87787448146
2020-05-23,128361363345.57,122229561239.016,114506745855
2020-05-24,465330254090.59,458763319684.02,128475953949
2020-05-25,79044654978.58,73296314800.026,115245641649
2020-05-26,106971575200.37,102489359581.389,43152016413
2020-05-27,100138752066.74,93854302601.6495,54889356519
2020-05-28,151154616879.92,144615401033.385,103427803872
2020-05-29,187033005613.31,180667623065.326,75742735585
2020-05-30,182531837997.45,168335516667.512,108770503364
2020-05-31,127683780149.67,121463836598.598,89941058654
2020-06-01,83682626934.82,76968164858.476,39087765857
2020-06-02,245568282628.94,233216147746.412,72455329061
2020-06-03,124347090628.49,119238837420.737,105345976685
2020-06-04,108758683936.04,103553781314.577,61231537974
2020-06-05,89025597768.94,83801803825.006,107662781763
2020-06-06,101203408385.48,94604890090.0805,80095939541
2020-06-07,194141469724.4,187871643000.126,74909591188
2020-06-08,90332928563.78,85754536930.6075,52364831938
2020-06-09,123928583777.39,117785463162.143,56088633509
2020-06-10,133155395940.5,127037477388.039,145077418867
2020-06-11,77072315714.01,72051985500.1375,45245831268
2020-06-12,89961492206.91,84978737476.9485,73564731550
2020-06-13,100996773119.48,95822880206.2535,105558409046
2020-06-14,97489250537.61,91456466701.096,128461652137
2020-06-15,91559730855.68,85178104641.546,78896092016
2020-06-16,141090906417.5,136109179278.277,85826100784
2020-06-17,80691252099.54,73931308533.8795,57432792883
2020-06-18,77742427776.13,71812912366.0815,82779548766
2020-06-19,126710138232.36,120834638914.372,96961086267
2020-06-20,108018941608.91,103631140274.069,119736790497
2020-06-21,114357152994.43,110542846204.576,118192381684
2020-06-22,254483012792.47,249174521664.58,148760219036
2020-06-23,105787072574.57,100041809538.289,38100695492
2020-06-24,244515344293.42,232090121494.594,90161093658
2020-06-25,70795529110.76,65813920941.166,76771527544
2020-06-26,86965652992.99,82867320810.413,56114523020
2020-06-27,81577568577.72,77188091841.726,63997909773
2020-06-28,199211294802.72,193299313691.851,118271003071
2020-06-29,107166875114.73,104357394907.3,59660090759
2020-06-30,195225823165.58,189565016650.145,77831935884
2020-07-01,104454758402.99,100134666304.042,76524582719
2020-07-02,86574420097.47,80962680655.9655,76430158772
2020-07-03,74859999136.23,68848164870.446,55439164194
2020-07-04,160971698876.17,155179056422.828,67557255099
2020-07-05,113543455036.38,107815924521.497,36763165993
2020-07-06,118684782445.88,112501715251.883,55973252867
2020-07-07,108334244143.37,102669733286.574,57911188115
2020-07-08,157282304045.77,151202844577.056,-27903098004
2020-07-09,79100989322.08,72955078782.909,45488149831
2020-07-11,228818720078.47,223779595243.397,79785089766
2020-07-12,302477701512.15,297164939861.826,111266481444
2020-07-13,181281792716.37,175874291703.554,68666759933
2020-07-14,119624468238.21,114366651176.546,26385670654
2020-07-15,127992815220.29,122545714436.715,102696590953
2020-07-16,193863227545.89,186547066870.942,126323159905
2020-07-17,61221737628.07,56199342555.9815,59348182446
2020-07-18,212867870522.53,162855574102.722,156404228596
2020-07-19,119047849909.94,114675318708.292,141901590420
2020-07-20,165887634372.3,160093386842.504,98127697965
2020-07-21,98015327068.67,94237830360.7445,71402658319
2020-07-22,84549877829.4,78475285269.241,61237979065
2020-07-23,67072485801.55,61258883458.0955,49863911227
2020-07-24,87448445673.65,81460871514.362,72005973351
2020-07-25,84200071822.51,77717152978.5035,119389220364
2020-07-26,186618791176.88,179454878201.757,116118192466
2020-07-27,70058458820.98,66659730596.454,61146990182
2020-07-28,118367864185.21,110992800531.247,67040402336
2020-07-29,74399021732.47,71015556320.512,65843534654
2020-07-30,141463901537.03,135357325326.573,89785176258
2020-07-31,131409940892.22,125105356774.222,67742128742
2020-08-01,263943573011.22,256530549749.065,109223462482
2020-08-02,189718422021.14,183576182148.268,110137655663
2020-08-03,92149744239.38,87181403798.683,74900539043
2020-08-04,169446143586.92,162154426502.732,112381593030
2020-08-05,126607240988.56,121033687104.238,132972062488
2020-08-06,136894427322.26,129887627646.201,242969601346
2020-08-07,98695838949.18,92763462283.0715,67928877874
2020-08-08,255135082591.73,251020134560.474,73892925159
2020-08-09,243643061431.34,238103967518.091,48282502090
2020-08-10,305160804618.34,299827513263.831,83444650811
2020-08-11,114703385557.68,107183706369.083,99767388606
2020-08-12,106969719978.18,103632301944.968,60134768634
2020-08-13,76137718299.54,68615150388.4755,66820855441
2020-08-14,127660393433.51,123355864492.913,92018613460
2020-08-15,126712290884.52,120841851538.893,124112445026
2020-08-16,114701955141.09,110737736837.345,94105086373
2020-08-17,114402239867.66,106167973587.93,49362287294
2020-08-18,120763473369.41,112716434468.879,69836617012
2020-08-19,89997080066.7,85408506414.8525,77258790190
2020-08-20,267483951513.39,260509541808.199,94220102291
2020-08-21,125668543092.35,118697249098.675,105343357331
2020-08-22,120392677018.52,114619968681.3,108614550303
2020-08-23,197024654937.6,191612204348.154,121007264816
2020-08-24,99566102437.57,93739593903.8105,92047526369
2020-08-25,123714215297.66,116102960140.35,95363476888
2020-08-26,88740015778.49,80917706666.5945,105111394591
2020-08-27,83328701811.83,75275820876.225,93044076756
2020-08-28,70437128009.68,61296923129.1485,52316123751
2020-08-29,104201502604.79,96427280355.104,90003720188
2020-08-30,165763791774.48,159778852138.308,92415238711
2020-08-31,336850652244.14,331335620414.562,80612809554
2020-09-01,139800090742.47,132781472655.123,67548300114
2020-09-02,170438535064.08,163739657773.827,63060511477
2020-09-03,85849626288.44,82567156395.323,66135056587
2020-09-04,337072625303.68,290205688390.19,163170089795
2020-09-05,130159972637.56,122430843692.187,93742771102
2020-09-06,125307204624.11,118068724115.691,148195734795
2020-09-07,94666543166.49,87303721020.7165,85453578857
2020-09-08,83668347383.83,78527915089.716,39123049070
2020-09-09,64545780870.4,57703024514.8455,69100432026
2020-09-10,93156572648.47,85734532283.3575,82870080599
2020-09-11,146348668137.73,139965478283.358,77747560551
2020-09-12,110448246726.79,105476931302.898,90508802394
2020-09-13,119827539581.06,116057188672.897,90315208624
2020-09-14,172398291835.28,166777707040.756,100000098768
2020-09-15,167832121067.5,162043011374.553,19967204907
2020-09-16,101153240034.14,95464394831.219,100127695839
2020-09-17,110705027928.04,105837369714.604,73889431420
2020-09-18,110776304398.56,105804707557.875,96695186305
2020-09-19,84859414056.93,80146190388.0005,43969219489
2020-09-20,247278378979.94,241156948720.785,155824272036
2020-09-21,225496437313.28,219579649753.829,90880871141
2020-09-22,96562602238.9,90527340579.6515,93130370577
2020-09-23,199066389000.51,192992599229.09,66437150850
2020-09-24,291216965963.79,284925676756.686,74495562420
2020-09-25,102482601528.6,96085466014.274,82262902697
2020-09-26,100100757789.46,95884834279.651,79440175461
2020-09-27,177040497873.51,171963495594.439,128620866051
2020-09-28,305233886716,300268823920.013,125990701924
2020-09-29,113726807725.48,108271129747.029,66664437588
2020-09-30,99445084430.04,94968162811.2085,70454108391
2020-10-01,120631902590.95,114047943512.586,34267492580
2020-10-02,114492925190.76,107802673328.08,83597912948
2020-10-03,150933733254.04,143183624695.46,179069120003
2020-10-04,119533787151.93,110569271171.654,66073315203
2020-10-05,106318987737.33,97643067082.832,287242793358
2020-10-06,154965446194.05,147629727913.608,119161365392
2020-10-07,418667038985.91,410959010416.031,318913891234
2020-10-08,245049555735.98,237448576150.189,103817644452
2020-10-09,120774540068.43,115452330643.907,84582199273
2020-10-10,200075884892.4,192451942049.074,105642301532
2020-10-11,136511549235.2,128206128513.534,320384969124
2020-10-12,165062522387.44,156009199108.618,67716284865
2020-10-13,198170055290.37,191228685081.516,93706752333
2020-10-14,147998177152.3,138140799442.879,60792974451
2020-10-15,441541682397.28,432745730752.197,476563680519
2020-10-16,139781857653.65,131547765314.087,247215471989
2020-10-17,276627629761.68,268655227416.953,295389909146
2020-10-18,106755454040.63,100090486532.142,93970996010
2020-10-19,106505905914.77,98384420954.4345,108963955464
2020-10-20,68791305785.31,61279052916.5435,57075871025
2020-10-21,126925638262.19,119008692423.178,60543920146
2020-10-22,285363125626.46,235116096577.837,80601550080
2020-10-23,101390298167.64,95516066576.8305,64471147062
2020-10-24,160318812436.38,151424354337.741,110324348498
2020-10-25,145007989179.9,138923847826.391,124924841741
2020-10-26,103622623001.86,94517446597.1715,65088733460
2020-10-27,190236716909.57,182896042762.574,87189998106
2020-10-28,121341518582.4,114505598109.757,83576229092
2020-10-29,155048060840.64,151497119999.487,69299460556
2020-10-30,133863323287.7,130333328170.169,91232199335
2020-10-31,89203971770.84,83062503060.468,114774567530
2020-11-01,240306132020.9,230895402364.524,123000724944
2020-11-02,196514137824.45,144203478703.126,113487287814
2020-11-03,103329713236.8,92805734902.1765,51457257298
2020-11-04,188059652910.25,176960687202.577,103876918248
2020-11-05,415415655699.72,410135135185.536,79990229240
2020-11-06,191160199828.75,179835321699.119,86564909411
2020-11-07,160683581674.35,142552985379.737,131921587247
2020-11-08,205406874417.54,197847559112.744,112087508904
2020-11-09,172009933790.83,161579079069.075,84475377083
2020-11-10,131997744790.58,121068241644.065,100340656977
2020-11-11,257695212386.28,246355382606.964,79323034195
2020-11-12,283257071018.09,272782761410.993,72627875443
2020-11-13,152345600512.58,141763851059.801,124238485567
2020-11-14,312160988510.14,301673748943.516,96203785188
2020-11-15,169656987125.31,159835779509.894,105643270089
2020-11-16,138159364927.78,128878230665.148,111113483328
2020-11-17,292272483785.37,284734684335.779,99771219003
2020-11-18,266817901429.61,258969143539.606,99096821218
2020-11-19,224840048089.36,218319593289.689,90271318692
2020-11-20,154623658988.79,146381494588.79,105320652319
2020-11-21,119820681910.82,108789802567.643,156101954688
2020-11-22,390919089569.47,380310483656.473,242115658342
2020-11-23,132199332968.38,121813465411.837,91963328272
2020-11-24,208347418850.93,198700578529.062,106951576789
2020-11-25,110822491629,101267329628.51,66357437552
2020-11-26,165280287401.93,157970621157.745,79259222409
2020-11-27,307736003986.74,297412871482.937,132923561707
2020-11-28,147520528858.94,137184613809.351,106035705135
2020-11-29,144622519049.99,135882893595.092,104152542103
2020-11-30,91420843380.27,86385386436.6535,77769969828
2020-12-01,96952757245.87,87215651771.246,59643673723
2020-12-02,152267965785.64,144554515755.052,111043206494
2020-12-03,114297668322.04,107116351889.487,94697019321
2020-12-04,143899546884.4,133148322474.989,108169555457
2020-12-05,206042830862.93,195200908860.16,152345223722
2020-12-06,163429746084.97,151878246444.648,108152360883
2020-12-07,140680025845.34,130406898751.692,65761694912
2020-12-08,103965305903.05,93512787162.309,69158565542
2020-12-09,131177216476.41,120737881947.561,85933583946
2020-12-10,103044826355.88,98096559796.057,113319694057
2020-12-11,374511330795.65,365570513311.706,98290763109
2020-12-12,106375862595.24,100267314693.716,122457006205
2020-12-13,113307780242.58,106643970963.115,103041731880
2020-12-14,104577632853.99,95732464777.014,103996624662
2020-12-15,117044411604.33,108930389170.035,121467125374
2020-12-16,217064931893.69,207885146141.443,130579846283
2020-12-17,208010738485.37,199738070141.354,103187524857
2020-12-18,103305561296.55,93989753679.923,80473638479
2020-12-19,102550704066.76,93601582522.266,140896076310
2020-12-20,259587697935.16,249860179177.971,171147921008
2020-12-21,134525722818.61,124288975368.591,136623017547
2020-12-22,96327728198.54,85930966965.0635,84869371765
2020-12-23,392566918911.33,384686679535.702,97194502647
2020-12-24,353062709026.62,342811598017.657,172628263931
2020-12-25,95272990497.48,85744982057.41,113604116374
2020-12-26,92665658641.59,84500785423.154,121073849639
2020-12-27,87511765819.22,81377267069.6375,110324662537
2020-12-28,116328017633.87,107997568550.939,149789385079
2020-12-29,92019691975.27,83557299603.002,86445094594
2020-12-30,211574911134.97,204467842544.329,-16386239926
2020-12-31,877855667981.19,870505958113.007,869817936805
2021-01-01,172596861579.73,166169650281.841,135260093146
2021-01-02,436509541487.73,429957751121.29,-921470807054
2021-01-03,507540401236.27,500511638539.317,473788638370
2021-01-04,204075509629.3,195431095006.326,96683344161
2021-01-05,104959490014.92,96855303980.638,78067580966
2021-01-06,127129416760.41,119402297929.946,93494300005
2021-01-07,114713572907.83,106625551503.017,101577535624
2021-01-08,197105174739.61,189358243593.978,183997198011
2021-01-09,149638149683.52,94716434182.548,168964480967
2021-01-10,262813284490.32,253257755323.414,170578584564
2021-01-11,110510135519.97,105180927116.227,99083508222
2021-01-12,100769968248.24,92096782099.247,115297859475
2021-01-13,115291901325.21,105096775156.343,92914408178
2021-01-14,181388624284.81,172889416275.769,137782000137
2021-01-15,188319059453.07,178043379331.875,93532065481
2021-01-16,151837539123.54,140188210097.859,134457290215
2021-01-17,95633518248.71,87627451783.072,121030009855
2021-01-18,82565693095.55,73463785117.194,106210343180
2021-01-19,86011695885.92,73800995513.437,81238472077
2021-01-20,109349378187.65,98258858933.7675,190548050125
2021-01-21,82624886396.15,71035382482.4805,70536278685
2021-01-22,140887867977.71,132578966513.099,89800636983
2021-01-23,151970411913.12,143072621843.687,93937177988
2021-01-24,233242530023.44,225086246481.415,128328337145
2021-01-25,113397001158.37,103790410732.295,135113738980
2021-01-26,374952224263.55,365651188134.807,129191177769
2021-01-27,346256041230.68,338679454911.11,579321010534
2021-01-28,463868632292.75,457276108920.752,77883969273
2021-01-29,90710432049.1,84513158413.6185,121057391486
2021-01-30,181746961788.74,172384640904.967,150670393581
2021-01-31,210176215841.05,201448930335.442,179087237241
2021-02-01,209519596774.42,202818231982.738,132524170967
2021-02-02,140684395341.9,131039397698.499,121922054853
2021-02-03,102651526718.12,97835028973.302,69827234823
2021-02-04,173471348673.77,163314410248.438,90009601755
2021-02-05,137419835066.7,128804508659.337,123358148980
2021-02-06,156188376507.69,147612048148.998,148642704001
2021-02-07,151122009143.76,142542780823.458,155457793731
2021-02-08,198252943106.74,192157275934.221,110268949031
2021-02-09,119607218552.19,109962787461.363,124000666747
2021-02-10,217396196170.85,208895831484.759,149094894947
2021-02-11,140720320952.29,134988446084.398,137315445202
2021-02-12,226790751079.81,215025306577.808,152378138223
2021-02-13,154287333626.09,146496495180.942,173832141025
2021-02-14,155868377898.77,150598814931.642,116432864127
2021-02-15,103850638998.64,96725987653.388,102426901430
2021-02-16,117765936825.05,107871494293.341,124429922353
2021-02-17,201906342102.24,194420597365.332,138515544356
2021-02-18,123570200996.25,114128566768.631,112154538337
2021-02-19,181681631936.95,173059525578.009,125951611614
2021-02-20,99394087267.03,88883028769.0535,110340522020
2021-02-21,427575667808.35,417017926756.896,200746549755
2021-02-22,205647494364.85,195333905754.742,170596570116
2021-02-23,182783511700.85,175039914508.918,87991055259
2021-02-24,236421276413.83,226471147977.267,155567821903
2021-02-25,154547769202.65,140966197496.937,76108573365
2021-02-26,177174395053.55,167072175671.638,126381489471
2021-02-27,149223422749.5,141799572629.056,125441344443
2021-02-28,261659237138.29,254138902512.1,143391986168
2021-03-01,101748885505.76,89053520825.0385,98877300952
2021-03-02,155541511240.5,146338246901.354,98044043596
2021-03-03,290084872430.06,279728112736.844,157779079740
2021-03-04,226342277242.57,218246978950.068,88209277218
2021-03-05,150822974373.25,142146180327.568,100896580755
2021-03-06,236374711452.07,225062885114.233,225356338468
2021-03-07,208800543219.05,197601666648.066,214646620838
2021-03-08,395242736956.17,384404340829.432,89034987525
2021-03-09,181022191041.4,171763517549.546,106378728195
2021-03-10,355461644769.26,348344957194.615,120171548654
2021-03-11,127393293366.31,119949474569.05,102906790348
2021-03-12,323737561638.31,315136639673.14,157409947322
2021-03-13,329421635333.1,321754255593.637,177856710407
2021-03-14,195967620835.53,188303370274.166,165338847302
2021-03-15,225908139102.58,217108926959.395,141123985371
2021-03-16,263216009663.33,254248966520.956,128291313121
2021-03-17,162065081766.15,157495594623.217,106340141036
2021-03-18,389584285878.87,380489937303.893,105760353047
2021-03-19,294709510283.63,287034783612.942,128447754492
2021-03-20,152100205452.25,143830460336.043,108796958299
2021-03-21,153219888296.82,142288849685.57,158382636284
2021-03-22,347084270308.82,334344855424.635,85846620638
2021-03-23,242833164036.63,234512776975.052,179478674711
2021-03-24,148402269458.8,138728375945.022,105016853974
2021-03-25,117142093577.67,108406004177.869,82654173109
2021-03-26,326435815705.72,319985791053.482,108319616591
2021-03-27,424144352781.25,416914441059.769,102498298026
2021-03-28,423426531657.83,413044268622.388,188765774157
2021-03-29,187691252074.76,175531580543.568,201704593296
2021-03-30,415103917668.53,402856110355.673,105508735352
2021-03-31,159400019574.65,146003276279.706,88641475742
2021-04-01,168311531070.34,159431394593.642,106956539935
2021-04-02,363318465231.91,349788590892.522,134888147253
2021-04-03,390587689461.53,376805523218.121,159902938320
2021-04-04,386126518123.43,379008709253.171,109244711636
2021-04-05,118870340172.47,109045684542.9,92179863636
2021-04-06,525195386611.33,514211338150.464,136365050199
2021-04-07,155981680926.87,150113061436.836,90577425795
2021-04-08,300415932389.15,294159120862.683,75204943061
2021-04-09,375355047222.17,361355025672.166,101219620327
2021-04-10,419099321464.46,409649356480.4,126675715643
2021-04-11,422329663176.4,412359656120.683,124932514002
2021-04-12,140137404161.64,128276546547.188,77060701232
2021-04-13,172498232362.69,154197701552.596,126778234188
2021-04-14,102279250504.65,96086238094.6085,60727092736
2021-04-15,114108549754.98,102862103797.554,92245822825
2021-04-16,400685561803.02,385288009051.971,97183946854
2021-04-17,389719631999.08,375540057084.851,124621896301
2021-04-18,149204167184.24,136585792701.409,119410661106
2021-04-19,107590287049.01,97482085610.011,72949059939
2021-04-20,197870538099.25,191680209924.804,66169796465
2021-04-21,145122003865.13,131608373585.203,90890686236
2021-04-22,141890100056.3,134563080210.449,77808215588
2021-04-23,315833375988.42,301883493377.825,132119930168
2021-04-24,264386646885.71,253227422847.086,106097514232
2021-04-25,116417843961.62,110684823288.824,94745637218
2021-04-26,177648540937.07,170380058596.6,84274105706
2021-04-27,440537721642.35,409953768070.224,78207197523
2021-04-28,330404270284.51,290329717599.024,88276962497
2021-04-29,309858001369.28,276585512937.558,84045595635
2021-04-30,290351595366.75,269287690356.909,49080739099
2021-05-01,323226664150.61,290285933553.8,107595495945
2021-05-02,286312652970.8,243185026302.982,113976630949
2021-05-03,255719383706.17,226491507661.382,81109261744
2021-05-04,283096825552.07,266514219369.519,64104666913
2021-05-05,392680031313.78,359814259436.407,76491726114
2021-05-06,235540284283.59,214006749935.987,88040369245
2021-05-07,188632122038.62,168671567000.347,103894081869
2021-05-08,176541487412.64,170550224587.189,89363981850
2021-05-09,176199551772.44,165883858553.841,77877107041
2021-05-10,222317808589.91,190201621875.013,106772683027
2021-05-11,158911496300.57,154490116394.071,40643372526
2021-05-12,135792051419.4,125331759778.298,67162594443
2021-05-13,165833220678.51,144668574389.231,70047405830
2021-05-14,127259119532.22,116703909034.993,67068168027
2021-05-15,173225732679.52,158065974723.758,132510675500
2021-05-16,494475404837.85,473780210301.792,104385802007
2021-05-17,240960067529.16,221802559156.216,66972759475
2021-05-18,199792034856.54,171125412982.042,104742302243
2021-05-19,167342729274.46,142244096521.752,71723807122
2021-05-20,231860716871.27,211930259769.549,69821849469
2021-05-21,140672178180.31,118335543646.371,65571303940
2021-05-22,583809093254.25,560226257529.545,132782248077
2021-05-23,249598418750.44,230628084994.39,113391499732
2021-05-24,265854248139.94,253102953970.213,99330949370
2021-05-25,222575996947.12,195603860812.278,57677788295
2021-05-26,188234110871.43,165129323870.53,104250074936
2021-05-27,140491117941.34,130249443537.5,59340575654
2021-05-28,162607794326.16,145529690461.815,111777613645
2021-05-29,136907606563.3,126545540816.866,85020042898
2021-05-30,211452493251.05,194558862871.907,79456191227
2021-05-31,425804864826.39,414218866980.829,69020117455
2021-06-01,230356561896.86,196132644156.209,54074809528
2021-06-02,177132200775.61,147960629199.979,62569027476
2021-06-03,366350643663.55,332721433301.398,71449998752
2021-06-04,392061297241.69,381251379569.667,67041024323
2021-06-05,1024372144625.17,1002428827688.85,188014382126
2021-06-06,572782878597.33,550771645776.267,112213356004
2021-06-07,228195108587.2,183695355087.328,61350054555
2021-06-08,662684391986.4,629939718704.848,74515553864
2021-06-09,432075050256.8,410400478591.911,77512525003
2021-06-10,886459318786.34,843089107482.09,51588865408
2021-06-11,843550433298.45,803983686565.73,76413549913
2021-06-12,567796206631.93,546861560195.521,87817947448
2021-06-13,428180545519.6,397746971756.08,80453563486
2021-06-14,331604228420.29,311655185620.296,52284042332
2021-06-15,316437514648.47,305848963618.32,41964201815
2021-06-16,480580592361.37,471221552693.752,42638132886
2021-06-17,204056003648.48,163179711628.367,66824622926
2021-06-18,542613515721.96,501757375399.813,67637226055
2021-06-19,387137353955.14,356702165878.956,72619574517
2021-06-20,197987760775.63,187718916528.481,81856770565
2021-06-21,176246201354.03,156839983011.295,55730523160
2021-06-22,354388466493.42,331101540869.351,51701991903
2021-06-23,373685601658.28,339236105499.355,56877150608
2021-06-24,350910433351.07,316792653495.334,44495746156
2021-06-25,192506586610.38,170191700119.321,50872406664
2021-06-26,168692888428.52,157193225294.448,53078452127
2021-06-27,562748290202.85,528863912437.184,79285560683
2021-06-28,341022284270.46,319250423385.097,49952625730
2021-06-29,770004191679.38,748530501701.601,55362965063
2021-06-30,409824312083.87,391572669411.418,47564883814
2021-07-01,292720766584.99,265083842332.595,57064277677
2021-07-02,278596527202.03,269652519790.792,58399980046
2021-07-03,311096927224.73,277906814512.248,66257912822
2021-07-04,302261582331.77,275172620373.491,57699733648
2021-07-05,163044053102.29,145455364511.308,52433495874
2021-07-06,317160597145.84,278791738364.424,49573399399
2021-07-07,95655462267.54,77321439855.119,41877040210
2021-07-08,282072724891.56,255787338952.49,59868908744
2021-07-09,467764210807.93,450345208003.619,56026411103
2021-07-10,150658037598.76,141711289035.884,60452580755
2021-07-11,350449431092.89,329938936377.238,68259103475
2021-07-12,162715940656.01,131259973858.242,51736410922
2021-07-13,166604106155.37,145968621231.692,50412349263
2021-07-14,210068323265.47,168103384437.389,80204004818
2021-07-15,373960400636.71,335786943078.544,59335566822
2021-07-16,281464122837.18,249703974428.126,56367487177
2021-07-17,209530332149.52,188721300550.293,70152920519
2021-07-18,358504055901.62,324487399307.766,72534345125
2021-07-19,332684460920.77,299012481321.492,75710324428
2021-07-20,156787047174.23,122939590655.856,51053065354
2021-07-21,211315983797.41,188624367685.048,65342679121
2021-07-22,298225404391.15,275491082105.933,46698685250
2021-07-23,180580342958.52,135556233424.678,80000810525
2021-07-24,490357120747.58,450463144652.129,50184928360
2021-07-25,199661914197.11,166403642113.665,73807253290
2021-07-26,326561751131.12,304414132272.331,42374695591
2021-07-27,148283025201.85,118876391975.75,51830537234
2021-07-28,154423274557.54,114775830591.112,45769743392
2021-07-29,705504498853.45,664685055302.988,166092318661
2021-07-30,313338588754.62,282708508875.493,59177834861
2021-07-31,189806764272.31,159776095317.887,71097175405
2021-08-01,373795891634.03,343806638002.962,72291584992
2021-08-02,232236354530.37,191189989233.423,52917020916
2021-08-03,214180798834.66,173684516300.063,102281648125
2021-08-04,262676748402.89,233136235385.476,97657228879
2021-08-05,700422582223.44,660266553123.313,92806845853
2021-08-06,357728519094.93,316518413888.506,68344115932
2021-08-07,508043813644.41,472912780806.602,76593003843
2021-08-08,533676147678.02,506761203449.532,72491658770
2021-08-09,336651842329.34,328040593183.778,50474721917
2021-08-10,392541237852.23,365658148479.532,54453655475
2021-08-11,1615601129637.75,1580533237149.15,115357764975
2021-08-12,602542853762.78,567438396270.639,82926713825
2021-08-13,745040298001.56,736728458433.639,61717073486
2021-08-14,439348628829.47,421859535229.261,68444053935
2021-08-15,506460163782.51,469992673052.066,78507459530
2021-08-16,461182329497.65,443075270182.828,55153956808
2021-08-17,203763944874.78,185459440170.177,59978703459
2021-08-18,552216739448.15,533728151138.138,67085010690
2021-08-19,334404679261.27,307634365460.853,62230789571
2021-08-20,336841722998.21,309986047479.63,79243118187
2021-08-21,772331683330.41,739512300607.986,75948330408
2021-08-22,331632469320.44,313879837771.505,73908579513
2021-08-23,174171035421.46,156436596581.73,57112126821
2021-08-24,625550381615.56,587863307314.054,129426832549
2021-08-25,214276605970.19,195142914785.971,62239979862
2021-08-26,414557043739.27,394679248390.728,67840035648
2021-08-27,160683265979.62,131946655203.926,57949519656
2021-08-28,477078591483.4,439316651653.864,93201695163
2021-08-29,239174552648.46,211976243909.627,92854275870
2021-08-30,338506856503.42,321315885189.86,64744641988
2021-08-31,176509519583.59,149164921646.573,49252761133
2021-09-01,827238083321.17,798174430253.762,60172539131
2021-09-02,284715530681.47,275421656746.822,41609421673
2021-09-03,162473998766.48,142819200838.208,57576110749
2021-09-04,275256929937.24,248690443969.485,66101101869
2021-09-05,175198113923.71,138465878576.355,52646574878
2021-09-06,172209577353.29,145256263265.086,53986405166
2021-09-07,196804955660.42,143874187760.632,48896819534
2021-09-08,213897263593.31,186458319492.564,52358413807
2021-09-09,638002846964.63,628852787193.525,52658866957
2021-09-10,474533034791.67,437042251085.092,73780933493
2021-09-11,1696703780936.98,1659158488723.28,87230653450
2021-09-12,622326239559.91,604270551227.146,61111645247
2021-09-13,136863794741.94,127453254890.233,54700028036
2021-09-14,139482753044.87,110978657186.467,48243138823
2021-09-15,158939656751.24,131282693406.966,46621279751
2021-09-16,289045353566.81,270726987304.466,35365182560
2021-09-17,767991214286.82,729796739272.147,103858384082
2021-09-18,225403574376.13,187306191617.679,56719495681
2021-09-19,197019509449.37,178643236059.163,61562332750
2021-09-20,943964961178.81,890725026424.476,58376310362
2021-09-21,485055063011.43,456233298227.721,64881244945
2021-09-22,243070607460.17,203826495629.177,45608409381
2021-09-23,149215026863.63,140073866935.746,46365690354
2021-09-24,145598284926.67,136441827069.455,40524141408
2021-09-25,225040342201.3,196636970045.237,77593887856
2021-09-26,464139995716.58,426665872546.139,74467699022
2021-09-27,172737798386.62,154779178361.285,52173223386
2021-09-28,255211178748.36,227990073151.8,45774368705
2021-09-29,457848151396.79,440271833262.329,48840314020
2021-09-30,314582708896.37,296931071867.407,43722191128
2021-10-01,145664029074.22,128698719679.033,51404407762
2021-10-02,163797218871.61,146639351113.217,49517308975
2021-10-03,179426432747.03,148395886808.878,69783110851
2021-10-04,280812056276.62,257353163785.421,46504150225
2021-10-05,282663872046.76,265156649214.318,48312498772
2021-10-06,150393697546.43,141812972459.131,53678689599
2021-10-07,335660535237.75,298609587545.029,51567390986
2021-10-08,208407203364.73,171902444646.061,49172363015
2021-10-09,323176943676.92,305532362158.85,67506426363
2021-10-10,312303549199.49,285157700044.26,72159104585
2021-10-11,309432518254.25,273199752721.216,44029386420
2021-10-12,334438586895.9,316699341821.78,55258379806
2021-10-13,147577341263.16,137794450579.515,52138907208
2021-10-14,273516439610.69,255167621846.737,50714985094
2021-10-15,466164572019.28,428570321767.922,54922719433
2021-10-16,187679463287.5,159491093088.06,142101470805
2021-10-17,363403477959.62,325945970030.67,103109301977
2021-10-18,155269083479.11,136934529982.66,43658692097
2021-10-19,182778882797.7,163768857002.03,51858445579
2021-10-20,137810883624.79,128284867376.81,46287814379
2021-10-21,309779102416.65,272364854188.877,45232675771
2021-10-22,677930766258.1,640554589784.06,61948405824
2021-10-23,184237470894.87,158325894370.551,67469131000
2021-10-24,192651822522.79,155834073842.976,70571599193
2021-10-25,308808399201.21,282329672226.108,58158268751
2021-10-26,312853101400.47,286320244551.441,55455207598
2021-10-27,270760054372.42,261454640731.021,55619472062
2021-10-28,684717539564.04,675015094158.922,66966150612
2021-10-29,160128224591.39,152230156625.035,56898226910
2021-10-30,180155653695.35,154987033935.39,69922957287
2021-10-31,215020427512.81,178847815095.466,70471482892
2021-11-01,446267532273.72,428390849286.772,60853363021
2021-11-02,480941282048.5,453503118654.615,54469210373
2021-11-03,193771086462.37,159040207586.12,73353516997
2021-11-04,335723307061.55,309475994207.041,52401962830
2021-11-05,316372339212.46,289502175762.528,58065852262
2021-11-06,514720965330.69,465331232351.008,105675680944
2021-11-07,186430244757.72,159896615715.677,78396708604
2021-11-08,524622791122.84,475209953112.526,53996481732
2021-11-09,156903451214.11,131398708610.865,55710964252
2021-11-10,304497732749.18,287572506641.226,50468510061
2021-11-11,168046995069.55,141755210734.782,53815535078
2021-11-12,464954463093.95,428992964318.786,66364325805
2021-11-13,450033587923.84,423876188713.537,72144267486
2021-11-14,330457269194.92,280540141304.813,97326666056
2021-11-15,143453791636.83,125700771352.737,50280833431
2021-11-16,670968544542.98,635298173374.494,45828115695
2021-11-17,142445746288.48,124602970812.548,61220441969
2021-11-18,143282410482.47,117812482489.033,45380149578
2021-11-19,155204271493.74,129732117680.893,57020217228
2021-11-20,436545169306.12,412052533708.156,84092104873
2021-11-21,180301431624.7,147710535126.834,67336147576
2021-11-22,161595899037.31,137483895063.185,53313909078
2021-11-23,308334322628.88,275000088660.741,41837917249
2021-11-24,136488893028.65,112237932865.544,55980974760
2021-11-25,265691781740.15,257678541112.944,57856506170
2021-11-26,129459231448.96,113671132281.38,63728974680
2021-11-27,178525156194.73,145892078930.276,98257900884
2021-11-28,667687683247.86,634807675422.23,94295594461
2021-11-29,283536553068.64,267528846661.335,41232536376
2021-11-30,127731915988.24,102939141234.77,45559327627
2021-12-01,125603726253.05,117240648825.039,48332331612
2021-12-02,148523993708.63,123624448058.747,46336596984
2021-12-03,479421870667.49,462719456808.403,51586698504
2021-12-04,286677739717.46,262315789695.41,65193487983
2021-12-05,190901322406.5,155599962034.503,86848773152
2021-12-06,139209555767.08,121956924567.761,48371956511
2021-12-07,179719071089.24,145059651760.965,51602236664
2021-12-08,296339388134.77,278747719413.656,45177412442
2021-12-09,155209510648.48,128982153539.27,67053239199
2021-12-10,172879767018.94,147029257057.728,49516267942
2021-12-11,304143760225.42,286905808512.254,95111847536
2021-12-12,149908973095.66,132662758106.933,61924315495
2021-12-13,126171373162.41,108787700653.88,53760745526
2021-12-14,130103090409.66,104568961063.97,50341791224
2021-12-15,293313631960.64,258890879771.768,53574888042
2021-12-16,314500384457.39,279809075197.352,54082717796
2021-12-17,728699765308.77,702666062418.941,68597416726
2021-12-18,783495637008.86,757351938417.563,76276201197
2021-12-19,361581222385.99,335224809962.776,71900163373
2021-12-20,300538266872.76,273228583358.348,57441846748
2021-12-21,198373563462.06,179950633332.246,53634690314
2021-12-22,145686918149.62,108002749055.6,49518190193
2021-12-23,165493871682.41,137170638024.438,47978358199
2021-12-24,278842904812.5,250417960244.05,50295897650
2021-12-25,147182096018.4,119349531032.389,48203884934
2021-12-26,187990430299.87,162699065306.044,48868443527
2021-12-27,181118741570.07,155723567096.253,55836949616
2021-12-28,350694092274.75,316032977396.352,60056993505
2021-12-29,232431980692.93,224314050469.637,57604899538
2021-12-30,557273030832.25,531657638859.873,63129047435
2021-12-31,304843463073.62,280201057667.381,59806106455
2022-01-01,333083504574.73,300324974413.114,68231860145
2022-01-02,225199504375.9,198934678611.34,84645203551
2022-01-03,186570659905.94,160402435199.363,73599375640
2022-01-04,429120859316.21,403449180805.383,52227202758
2022-01-05,616113509460.5,598369436766.245,55795224182
2022-01-06,165706398856.93,147834860114.905,73754588024
2022-01-07,277473401776.11,258271774928.298,56151966271
2022-01-08,354583311876.11,317826196860.396,129248283905
2022-01-09,240235911718.36,190835755397.957,89345699495
2022-01-10,503472193915.09,477191334655.584,49714298371
2022-01-11,264431547705.19,240124446551.684,47886092771
2022-01-12,183796794797.37,167249101040.893,51852028039
2022-01-13,194597848695.51,161661084750.222,47585190412
2022-01-14,301182631267,268106169821.168,51908337770
2022-01-15,516448749597.39,481590235485.962,68589761417
2022-01-16,657874584247.62,622443006694.86,80252734438
2022-01-17,203861500246.99,178377278740.873,64208817540
2022-01-18,143009263908.2,118870675791.843,52353722552
2022-01-19,157342824988.16,124407302603.728,54745098796
2022-01-20,256934999954.64,231604050053.426,51475154911
2022-01-21,457083979286.71,429425230237.761,53030087954
2022-01-22,661777731194.14,621371121525.899,57906912913
2022-01-23,338604714592.67,304253292147.694,94061098176
2022-01-24,155676325249.38,147377385715.043,51383262407
2022-01-25,180067188474.9,145380691282.572,37194628444
2022-01-26,236323327712.09,227961483505.21,44321824268
2022-01-27,164349388352.87,139517306030.641,52852036715
2022-01-28,822889218705.9,788873545046.376,61034965011
2022-01-29,138559527674.18,130591038131.121,67353590708
2022-01-30,275400769656.49,250818732541.92,66615460617
2022-01-31,150458523368.84,124358330012.949,48697243937
2022-02-01,212721079380.97,177708865119.255,59742311199
2022-02-02,315391040351.75,288435940572.419,38927257850
2022-02-03,269445414063.36,251358161199.794,44785436760
2022-02-04,398408311910.71,363942629603.648,81659348118
2022-02-05,165646186428.57,141799019684.79,95181431755
2022-02-06,313519118823.74,288234781076.649,69569465234
2022-02-07,283549541738.7,249941266065.214,50829933391
2022-02-08,297991171132.5,271940514830.644,54423806102
2022-02-09,415110099920.52,379916982465.688,54138722058
2022-02-10,166060966832.03,129811390971.634,72532626796
2022-02-11,342980863274.23,307160374945.752,80120826852
2022-02-12,167372118360.94,140235438171.724,75581007224
2022-02-13,213126085791.18,177491935272.37,84008621869
2022-02-14,374677642907.12,339005596150.864,50364723205
2022-02-15,272603601364.14,237427087705.192,50721791167
2022-02-16,432441688829.92,397380175080.398,71031246371
2022-02-17,251599039262.82,241421707570.67,58849913839
2022-02-18,386880215271.96,368930106485.92,57020530860
2022-02-19,354487368593.2,313026357719.808,71270684248
2022-02-20,424765656551.78,399399735820.788,95324992368
2022-02-21,191993457689.92,165235389689.64,66446621071
2022-02-22,175747235124.62,149926379824.543,59656037261
2022-02-23,150000813660.22,133665597156.791,52057585580
2022-02-24,245083719928.07,227785125713.703,39568918766
2022-02-25,257759740751.84,222820485746.836,48356195613
2022-02-26,147952586872.68,122372414263.12,100759862606
2022-02-27,185818632311.99,150652894008.428,111579280854
2022-02-28,124552174248.8,107323587020.892,51458200634
2022-03-01,138975384533.53,115118812573.971,33615016138
2022-03-02,176147135899.31,150671230985.089,42245942571
2022-03-03,347704179802.71,321209056923.254,42135133876
2022-03-04,160270880835.35,143477641898.119,50077827242
2022-03-05,607822639032.66,592286650069.76,68197947753
2022-03-06,454631738707.6,438077764211.363,65819924559
2022-03-07,212489104333.25,166479883546.386,45792775095
2022-03-08,272582824828.61,248356814655.503,38388704841
2022-03-09,169095628932.74,144685428787.527,41251311232
2022-03-10,139237045002.6,116258615347.397,39639821378
2022-03-11,213052043443.45,182770047876.422,44864188210
2022-03-12,347830176395.11,325768426885.807,56908812668
2022-03-13,271841811124.17,264396890416.694,75521157485
2022-03-14,180020995870.48,136551120304.784,39932902115
2022-03-15,267367865023.7,235821613207.928,50926165019
2022-03-16,119853828093.49,103994401327.159,49917415067
2022-03-17,264963273461.76,229695714671.679,49542288740
2022-03-18,180422453442.57,157047456878.627,48772687626
2022-03-19,287905579303.51,245519885202.242,107885746544
2022-03-20,300076871719.59,276317400473.285,62442233087
2022-03-21,138635576551.85,123665739834.761,45036311518
2022-03-22,160986163368.03,136569149638.041,53978745265
2022-03-23,648739054740.57,624732847349.866,41315002460
2022-03-24,83241528858.02,75162788857.9095,37227745627
2022-03-25,334140355039.22,309975073605.05,55954169150
2022-03-26,489897211504.12,445450328543.794,81897100487
2022-03-27,187092965642.09,162772104816.773,64944483149
2022-03-28,159574671061.08,127155957835.296,47285669108
2022-03-29,272246736881.55,248850550989.561,53491265829
2022-03-30,199842907192.51,129662150784.092,139032719280
2022-03-31,155975209714.93,131598237200.583,42363974047
2022-04-01,256939430793.8,211780627324.312,32859974169
2022-04-02,171120111586.85,138095648826.095,82941981083
2022-04-03,184658881089.75,160093259777.575,74188774038
2022-04-04,255026866435.2,230638467003.44,56612710293
2022-04-05,140462308908.14,116644175244.61,49156059398
2022-04-06,237470549825.86,205419799885.107,48467995009
2022-04-07,266906392460.46,234951332132.695,42254307648
2022-04-08,165060723551.52,143314770333.45,48902439584
2022-04-09,242304814085.41,234786851770.29,64817466829
2022-04-10,367194879345.96,342883151662.735,67206905010
2022-04-11,155966839228.41,126701126197.951,51149248737
2022-04-12,130011320857.43,105308777233.74,44601058314
2022-04-13,219162006096.31,202850739512.107,39927775519
2022-04-14,127468826365.75,110556192380.258,51943278672
2022-04-15,231623336545.32,216506072508.573,79512270854
2022-04-16,122731462231.65,92689675083.078,75292511814
2022-04-17,176583910426.05,143550637752.082,69769472845
2022-04-18,235726813531.96,228372838656.874,60823106270
2022-04-19,306218876825.55,282997523391.684,51036927010
2022-04-20,145321434260.96,123597345313.453,53950778646
2022-04-21,436346794762.94,405536626136.693,60629391992
2022-04-22,268975492566,245436487245.085,54256387827
2022-04-23,146551316536.69,123700663263.492,68946775224
2022-04-24,269648436585.51,245060944874.502,68771752829
2022-04-25,257020350167.92,223387150948.539,53904999250
2022-04-26,229380069335.97,220566318592.551,52827426670
2022-04-27,332222890709.32,315981769727.842,52575633778
2022-04-28,408107081823.1,392368011274.66,63197196283
2022-04-29,121263637469.39,105327340207.745,50769081722
2022-04-30,224032973952.15,208609386136.072,54504607631
2022-05-01,188610685704.75,165108660985.488,57789820748
2022-05-02,153183236971.99,131372315755.592,63132946885
2022-05-03,118188160479.37,103141474768.193,54923859224
2022-05-04,120698910379.48,112700212087.145,41293840775
2022-05-05,1213933016671.58,1192012553005.32,71559678086
2022-05-06,131174974348.78,117173462510.589,50703786695
2022-05-07,232279746568.82,218434869117.653,64376787735
2022-05-08,279106915594.93,247285431506.717,100979983101
2022-05-09,127500098904.95,119889162935.254,54899442417
2022-05-10,115577408872.91,99020049583.7,81698700841
2022-05-11,103578322435.43,87108467606.977,45759329957
2022-05-12,174692308352.78,170462676892.257,43111419225
2022-05-13,100885984903.89,89004564796.799,44803685124
2022-05-14,175479126919.48,163174427935.943,74086134197
2022-05-15,185472512288.32,168989837020.537,59482821462
2022-05-16,104973313476.39,96835330269.618,46654146586
2022-05-17,168036447396.42,152754143063.161,46352094045
2022-05-18,110453888666.62,92986674691.399,41350504999
2022-05-19,153324402881.24,145026498456.24,50771605853
2022-05-20,194491074756.72,182175357605.19,61694882025
2022-05-21,296643998184.08,281443434506.713,86162147393
2022-05-22,217315540602.37,198915241283.344,81717061807
2022-05-23,234758059092.13,230918018339.801,43565348217
2022-05-24,487515445276.62,476358948199.479,50694179616
2022-05-25,123786503518,112911502386.581,44235223318
2022-05-26,106540840167.97,99215448422.421,41541005940
2022-05-27,361395275097.22,354677455442.812,54695483042
2022-05-28,244253982055.79,237611212330.248,58068183073
2022-05-29,193012121880.11,182551491100.704,56037185219
2022-05-30,343104866870.55,328468542578.611,55922634463
2022-05-31,86637097584.59,76037708062.184,42984371662
2022-06-01,286185979398.08,278916515856.09,42256796040
2022-06-02,135241256972,125088552164.746,56392226417
2022-06-03,114887602323.29,108004571008.333,48697960887
2022-06-04,157657594414.87,147182649670.526,70497994193
2022-06-05,138964185663.56,124067334688.876,73066472967
2022-06-06,99391123679.68,92109923965.568,48052750474
2022-06-07,132271416096.51,125306322735.765,56241545132
2022-06-08,173392862039.55,163064258556.188,57316785797
2022-06-09,163429482305.26,152456746732.096,41824824055
2022-06-10,180333189445.57,169419084346.955,47969420183
2022-06-11,101001908134.95,89987377676.7025,52105062300
2022-06-12,218814040579.55,215430065943.404,119690703422
2022-06-13,159368503930.15,149080103934.043,74101929569
2022-06-14,93821208812.89,83984496821.221,46659148449
2022-06-15,89272454587.68,79070586391.295,53772085843
2022-06-16,166927004564.1,156544040606.121,42202738980
2022-06-17,90172927218.3,76673587295.249,39373434176
2022-06-18,106337714509.9,94040172022.8655,67349792241
2022-06-19,400632015483.66,386917044513.665,66428896868
2022-06-20,89658685193.89,78524485193.422,55075353849
2022-06-21,82879248272.67,79165871365.6,38956211002
2022-06-22,329664154695.99,315045294058.94,42326642216
2022-06-23,163829896248.47,160317909238.665,46836471113
2022-06-24,189069200173.86,178228065718.845,72731834091
2022-06-25,133057450917.02,116598782425.261,57379761701
2022-06-26,176311503586.31,166394338868.448,64672605156
2022-06-27,110518774151.05,93548040368.9175,47540432266
2022-06-28,254927296914.42,240590391504.468,50575786870
2022-06-29,78314435153.19,74429310187.4005,41860992023
2022-06-30,132567979653.39,122496432672.319,37007551657
2022-07-01,90707059237.02,87400582752.0575,39082343829
2022-07-02,92765545802.96,81351688468.165,55912065423
2022-07-03,103019244003.15,91175704807.818,46609736737
2022-07-04,108358909237.87,104602668248.515,41322373599
2022-07-05,162815096073.89,155160435625.236,41670239063
2022-07-06,100302411842.87,83120689740.543,51894371244
2022-07-07,114320952156.77,99566610896.325,40612364008
2022-07-08,100000888040.39,85507919848.184,44382728743
2022-07-09,119823556774.88,106040078525.82,77929459246
2022-07-10,179519501527.66,159568267797.526,62392320526
2022-07-11,140374129693.62,129644067379.844,49016616083
2022-07-12,74343291393.71,70818865082.297,38003743322
2022-07-13,59549214247.04,52910627654.99,35822062568
2022-07-14,210558454003.62,200089208755.879,52062926387
2022-07-15,287221097034.38,277073467837.982,58189993531
2022-07-16,126091699096.02,114373643706.97,74514397850
2022-07-17,337153924343.15,327163348326.328,64978330017
2022-07-18,82379562826.49,68941530938.779,48429917778
2022-07-19,65445545447.35,62183895846.0915,43269191858
2022-07-20,171063954336.83,156275800284.55,47564797926
2022-07-21,86517153683.34,79862501913.623,46978460722
2022-07-22,178320428371.62,178320428371.62,51554209594
2022-07-23,121489985787.02,111503271978.039,72261961085
2022-07-24,82088077446.53,75722237562.3865,68540254102
2022-07-25,111811019829.04,101765108681.777,52034679845
2022-07-26,108467519122.17,94293118940.816,52093201999
2022-07-27,157669333811.16,143727168640.687,48212128837
2022-07-28,91898885468.05,85086937776.692,50182957150
2022-07-29,145621107592.88,132082320767.693,53571081715
2022-07-30,188705916180.71,179206887085.429,59955571190
2022-07-31,288017231773.27,274447788411.574,66287103004
2022-08-01,293707981853.39,286829928713.177,48980195951
2022-08-02,147712751423.92,140833657168.636,43376998932
2022-08-03,111379515325.43,101181123935.521,42561997347
2022-08-04,110133681162.99,103181983928.81,35653849554
2022-08-05,103281537815.04,89540373937.387,52195506957
2022-08-06,123256400518.04,116354973594.925,56833382155
2022-08-07,88673219905.91,78452119490.9075,49771430683
2022-08-08,91541967530.28,81714754933.7355,37342385370
2022-08-09,158606765342.72,155362172855.503,50453867184
2022-08-10,98816958988.41,88953923992.571,38942620228
2022-08-11,86360446353.7,76516648311.8965,36031682356
2022-08-12,169601638347.52,156540577654.716,50200850652
2022-08-13,149335871470.88,139582258919.943,43398792221
2022-08-14,233171356055.78,219800606989.154,56223195473
2022-08-15,136935306436.73,126665276972.344,40069325728
2022-08-16,111410056051.85,97042379925.433,40206658183
2022-08-17,129731688850.81,123044898481.822,42627809718
2022-08-18,337849306714.62,327595994933.614,42674247453
2022-08-19,150323740024.81,143957337474.403,38872978308
2022-08-20,71061545956.98,61175744811.6615,41103428856
2022-08-21,117690665624.61,98863026779.4475,75904054408
2022-08-22,70060584967.06,63579638201.007,44205457258
2022-08-23,83112391293.38,76785208626.514,36738814905
2022-08-24,188600641088.65,182211276412.517,33095275323
2022-08-25,84170291798.96,69190830819.5705,28449164999
2022-08-26,71703023949.4,62419737872.234,37927493514
2022-08-27,138221611184.17,131839550754.659,47379288530
2022-08-28,148015978810.3,136029869648.003,56391318706
2022-08-29,69940385270.04,63645263451.0245,33070857212
2022-08-30,165612958506.59,158954172292.112,33221591272
2022-08-31,78817483181.62,68633819527.2985,27808937892
2022-09-01,89856947951.05,80022688700.5535,40322504161
2022-09-02,162803332080.95,149652102163.007,46956204190
2022-09-03,142033997833.12,132408674423.917,48630833177
2022-09-04,267104997719.55,260798825339.568,39216660236
2022-09-05,946156767726.89,932897869311.964,60037015996
2022-09-06,118585383952.88,102450032528.478,57675147153
2022-09-07,95297980197.36,80901772475.784,39446875539
2022-09-08,124612658703.92,118949257117.431,32194187300
2022-09-09,145287775275.02,136280227826.77,39536897443
2022-09-10,141885737224.56,132572683230.618,66282501248
2022-09-11,250507133317.28,244031558238.801,71309578577
2022-09-12,97327256995.05,90981904107.463,47611213273
2022-09-13,145328126063.58,135541745121.044,39117231534
2022-09-14,315604956135.34,305746607898.427,42154268850
2022-09-15,97549380730.53,91010775447.742,42814645791
2022-09-16,200910022505.19,193741844648.564,43922568047
2022-09-17,121712937356.44,109798182971.168,57052637471
2022-09-18,109291349850.62,99459956359.169,51248457417
2022-09-19,78048074078.6,64523683718.118,45959707024
2022-09-20,99709140471.74,81198033927.218,60312748035
2022-09-21,117569376431.31,111096727476.726,34494252040
2022-09-22,162800414874.38,149006224586.595,46926203541
2022-09-23,372139393233.61,362297543614.099,34187981483
2022-09-24,168130076365.45,155158913405.405,74705726533
2022-09-25,162096474332.12,151960163034.021,65879414525
2022-09-26,221765119688.88,208768362184.882,66981672530
2022-09-27,154659108468.87,141866850379.261,41197675940
2022-09-28,90968755610.93,79285343349.262,31286866060
2022-09-29,125481228184.08,122249385885.546,35639971412
2022-09-30,74055223251.41,64237370862.49,37384527427
2022-10-01,107503462311.16,100665336347.376,60289582541
2022-10-02,119536049816.62,100816212552.592,60646619358
2022-10-03,86788798753.03,72906944855.146,46416488496
2022-10-04,161828492472.6,148342048892.128,41122130090
2022-10-05,154981479091.47,144767751267.569,40555718279
2022-10-06,154575270856.06,144672323627.319,42701773529
2022-10-07,83831233728.06,73750204087.132,41161838087
2022-10-08,347718705257.2,335717048561.456,84284265917
2022-10-09,337562629285.97,327629204521.115,53494849881
2022-10-10,181463230410.24,167669832125.408,48979551014
2022-10-11,124185101108.95,111007028629.131,42171715081
2022-10-12,75422229005.09,65271460776.7715,34336305556
2022-10-13,136688309346.82,123289613696.226,33968904895
2022-10-14,178848867664.99,169048109194.296,43004650040
2022-10-15,121862004212.82,108767744139.368,61688113647
2022-10-16,177506286711.74,171083643447.845,51708238358
2022-10-17,119759758782.2,109985067676.527,44241963149
2022-10-18,168100391900.54,153568886561.555,50025301330
2022-10-19,79125152557.6,75589939456.235,36277585315
2022-10-20,172776063067.46,162468138257.967,42513897075
2022-10-21,93507489709.1,79462730350.496,51648718091
2022-10-22,126837509319.34,113189115101.406,60553964191
2022-10-23,199677802945.89,193152203270.622,55416435949
2022-10-24,297601111651.58,287630357453.36,51064502253
2022-10-25,248407140280.92,241679829697.464,49877578972
2022-10-26,243658126193.06,230177810814.816,52404123649
2022-10-27,239829820763.62,224806962449.983,48151683733
2022-10-28,217608727922.27,207250796227.166,53180333386
2022-10-29,132251081564.8,114843620288.238,59504698704
2022-10-30,255778539364,243618538645.921,69285067102
2022-10-31,117503368154.99,100884958158.131,56322260097
2022-11-01,179360155081.94,173068709587.92,46157202768
2022-11-02,261560841450.87,251562701972.072,46038185696
2022-11-03,88097349025.72,74376691385.436,39706170154
2022-11-04,249716599469.09,239369421002.768,60361416977
2022-11-05,263986404631.67,253275467404.279,74705844678
2022-11-06,177372843437.06,167253544453.549,57361596033
2022-11-07,93741221358.65,86741634649.175,42023252540
2022-11-08,123474891842.79,110694147529.271,68559579088
2022-11-09,110869107017.22,96333274465.527,41928190398
2022-11-10,168781420378.08,154428160950.491,45159779232
2022-11-11,111558154480.03,95957677628.985,54034131577
2022-11-12,223446867193.85,200627635523.104,57959513084
2022-11-13,325958410660.85,310914293250.972,65613624289
2022-11-14,415899322983.35,401559646188.994,53191850876
2022-11-15,173204800301.56,163357668662.479,38630170717
2022-11-16,181580890920.3,158661113955.891,44553950113
2022-11-17,152289060498.36,120704881032.602,44758455502
2022-11-18,132991845946.2,104247829767.347,53308141835
2022-11-19,287172525529.03,272163526935.477,124213814655
2022-11-20,101340686725.39,87360562036.6965,59388764197
2022-11-21,118108693016.75,93798939801.5935,51064918595
2022-11-22,195025199739.44,180814307260.132,49213365871
2022-11-23,188439702406.08,169719543620.168,44555963552
2022-11-24,135333159303.43,114457228544.184,43520146665
2022-11-25,246076720847.88,223412121835.935,56676581237
2022-11-26,179983188059.23,171236009130.434,64466258392
2022-11-27,180801838038.61,163714866167.606,65989190922
2022-11-28,154383264559.04,146307349105.368,40408585991
2022-11-29,154883757040.66,146681102412.842,36298398553
2022-11-30,118178660464.88,101342972680.479,44169015762
2022-12-01,573449849621.93,546296891923.109,52689011998
2022-12-02,120184114151.79,106522100357.736,50245807117
2022-12-03,283987545457.31,274969144336.263,63833025930
2022-12-04,217119579020.01,192525138616.267,65553509219
2022-12-05,377156693749.69,342110241823.81,57967442795
2022-12-06,185651716085.94,168106237877.137,41487560044
2022-12-07,145016696367.56,122652444471.126,43882529031
2022-12-08,107100211720.81,100053452690.263,46302022596
2022-12-09,127183028699.64,105235261275.602,47719615407
2022-12-10,218128539225.19,193792796692.199,67831963819
2022-12-11,372845484515.3,341162284419.417,67272939758
2022-12-12,117209584449.08,97087318661.314,45984376117
2022-12-13,166747530013.71,154687566503.868,47585014483
2022-12-14,181764635732.71,173561324820.147,39779738497
2022-12-15,169993999947.81,157812386260.572,52087953739
2022-12-16,151408165549.31,147149181437.114,59351286277
2022-12-17,428403993010.95,411579969146.631,90153135085
2022-12-18,227829037785.59,198512930327.601,100261825110
2022-12-19,92425453607.78,76243697282.417,57147942578
2022-12-20,178516106641.62,166561093852.795,51953250454
2022-12-21,129183836394.87,117609331720.193,54686666388
2022-12-22,112800805255.25,100164083743.47,44656951950
2022-12-23,118356423475.83,102280141618.27,50773911447
2022-12-24,120027215721.16,103392380966.255,54312288658
2022-12-25,95347068326.56,82824940139.9745,52735586370
2022-12-26,108873377275.55,104740131542.927,48865604658
2022-12-27,204879829283.65,188834529988.242,59137123968
2022-12-28,245873166950.32,233502091107.361,52896987109
2022-12-29,104265319732.36,96230444487.8975,48965329830
2022-12-30,123745060563.8,103408628951.398,57505882322
2022-12-31,208799992983.92,188097496075.804,53005212962
